platform,platform_label,kind,campaign_id,session_id,session_number,problem_size,threads,n_repetitions,n_in_range,n_above,n_below,throttle_nonzero_rows,throttle_masks,median_batches,median_time_e2e_op_s,mad_time_e2e_op_s,cv_time_e2e_op_s,median_time_kernel_op_s,mad_time_kernel_op_s,cv_time_kernel_op_s,median_device_energy_op_j,mad_device_energy_op_j,cv_device_energy_op_j,median_total_energy_op_j,mad_total_energy_op_j,cv_total_energy_op_j,median_dram_energy_op_j,mad_dram_energy_op_j,cv_dram_energy_op_j,median_avg_power_w,mad_avg_power_w,cv_avg_power_w,median_gflops_per_s,mad_gflops_per_s,cv_gflops_per_s,median_logical_bandwidth_gb_s,mad_logical_bandwidth_gb_s,cv_logical_bandwidth_gb_s,median_edp_device_j_s,mad_edp_device_j_s,cv_edp_device_j_s,median_ed2p_device_j_s2,mad_ed2p_device_j_s2,cv_ed2p_device_j_s2,median_temp_c,mad_temp_c,cv_temp_c,median_temp_before_c,mad_temp_before_c,cv_temp_before_c,median_temp_after_c,mad_temp_after_c,cv_temp_after_c,median_clock_before_mhz,mad_clock_before_mhz,cv_clock_before_mhz,median_clock_after_mhz,mad_clock_after_mhz,cv_clock_after_mhz,median_clock_after_before_ratio,mad_clock_after_before_ratio,cv_clock_after_before_ratio,median_sm_clock_mhz,mad_sm_clock_mhz,cv_sm_clock_mhz,median_mem_clock_mhz,mad_mem_clock_mhz,cv_mem_clock_mhz
3090,RTX 3090,gpu,axpy_3090_20260727_133600,axpy_3090_20260727_133600_session1,1,1000000,-1,10,10,0,0,10,0x4,75121.0,1.361253730647888e-05,1.5054112698174166e-09,0.0005106011680562895,1.361203258092569e-05,1.5063588036295914e-09,0.0005108832188905437,0.004612604997271069,3.144926185753632e-05,0.041828957466801896,0.004612604997271069,3.144926185753632e-05,0.041828957466801896,nan,nan,nan,338.9351179151312,2.2065714674396872,0.041959993870067554,146.92882860999373,0.016260121013701223,0.0005111309622118163,881.5402847236078,0.09749201847614586,0.0005108486435384232,6.275663618975812e-08,4.473150863940934e-10,0.04170400643574561,8.543224141902593e-13,6.35042283531207e-15,0.041585186471135516,62.0,0.0,0.007828944757530761,61.5,0.5,0.008569858157637885,62.0,0.0,0.00838308083594679,1950.0,0.0,0.002430651545094834,1950.0,0.0,0.0,1.0,0.0,0.0024157965318322267,1950.0,0.0,0.0011347692428963273,9501.0,0.0,0.0
3090,RTX 3090,gpu,axpy_3090_20260727_133600,axpy_3090_20260727_133600_session1,1,2000000,-1,10,10,0,0,10,0x4,32022.0,3.123123084129661e-05,1.0809911935513185e-09,4.2524142869143024e-05,3.122984078664424e-05,9.425359054944114e-10,4.1250342962935395e-05,0.0108703079133096,2.976078945724804e-05,0.003577648712975994,0.0108703079133096,2.976078945724804e-05,0.003577648712975994,nan,nan,nan,348.04636943418427,0.9604496361375539,0.003591782052395841,128.08262544186823,0.003865726922285262,4.1249467467623256e-05,768.4615481293124,0.02659843820754304,4.252349380843616e-05,3.3951114117720137e-07,9.318612049751408e-10,0.0035639668050347307,1.0603914439590595e-11,2.9220171495175413e-14,0.0035507415703561907,61.0,0.0,0.007957922430636704,60.5,0.5,0.008711508705698015,61.0,0.0,0.008521415503206639,1950.0,0.0,0.002430651545094834,1950.0,0.0,0.002430651545094834,1.0,0.0,0.0036123482065100543,1950.0,0.0,0.0015124829094447512,9501.0,0.0,0.0
3090,RTX 3090,gpu,axpy_3090_20260727_133600,axpy_3090_20260727_133600_session1,1,4000000,-1,10,10,0,0,10,0x4,16791.0,5.956369406229528e-05,2.133107021618267e-09,5.37129640706428e-05,5.956184296786597e-05,2.1664554299968353e-09,5.37334533853919e-05,0.021108093621582995,5.5505925793576313e-05,0.0062527585092078805,0.021108093621582995,5.5505925793576313e-05,0.0062527585092078805,nan,nan,nan,354.3684745942372,0.9407364844931578,0.006276114516171473,134.31417841365564,0.004885310164667089,5.373426941867444e-05,805.8600255383603,0.02885888862090269,5.371382873760411e-05,1.257311666523025e-06,3.2746966721787087e-09,0.006229781318553776,7.489225027738468e-11,1.9318010707632198e-13,0.006207187128675724,64.0,0.0,0.0,64.0,0.0,0.0,64.0,0.0,0.0,1935.0,0.0,0.0,1935.0,0.0,0.0,1.0,0.0,0.0,1935.0,0.0,0.0,9501.0,0.0,0.0
3090,RTX 3090,gpu,axpy_3090_20260727_133600,axpy_3090_20260727_133600_session1,1,8000000,-1,10,10,0,0,10,0x4,8601.0,0.00011628784455295896,7.529589582597738e-09,7.532455506382392e-05,0.00011628358927650128,7.61786306641653e-09,7.532482487003098e-05,0.04114905243576328,8.237414254157194e-05,0.004796267276780044,0.04114905243576328,8.237414254157194e-05,0.004796267276780044,nan,nan,nan,353.8470836033578,0.7250013703197453,0.004801551185751722,137.59465202597656,0.009014029315821404,7.532633856433796e-05,825.5377025052719,0.05345367660578404,7.532610677780946e-05,4.7852436751218115e-06,9.354138868630319e-09,0.004792164257453486,5.564783563038112e-10,1.0879480071415907e-12,0.00478924508855339,63.0,0.0,0.0,63.0,0.0,0.0,63.0,0.0,0.0,1935.0,0.0,0.0,1935.0,0.0,0.0,1.0,0.0,0.0,1935.0,0.0,0.0,9501.0,0.0,0.0
3090,RTX 3090,gpu,axpy_3090_20260727_133600,axpy_3090_20260727_133600_session1,1,16000000,-1,10,10,0,0,10,0x4,4339.0,0.00023049975190135975,1.0166513021424317e-08,5.64296321053384e-05,0.00023049228349075968,1.0022481868670013e-08,5.651264537974291e-05,0.08147280479373127,0.00023530767457940333,0.005161273302391271,0.08147280479373127,0.00023530767457940333,0.005161273302391271,nan,nan,nan,353.43526202280725,1.0445478660808192,0.005183380360698304,138.83328117857235,0.006036629410345995,5.65120947952483e-05,832.9726970850077,0.036737864248095775,5.642909917821516e-05,1.878085929317396e-05,5.29796553305264e-08,0.005139694352901411,4.329305673390814e-09,1.1921644001699173e-11,0.005118650208842417,64.0,0.0,0.0,64.0,0.0,0.0,64.0,0.0,0.0,1935.0,0.0,0.003753270330533395,1935.0,0.0,0.00401553483277078,1.0,0.0,0.004416817517842619,1931.0,4.0,0.003233653664123159,9501.0,0.0,0.0
3090,RTX 3090,gpu,axpy_3090_20260727_133600,axpy_3090_20260727_133600_session1,1,32000000,-1,10,10,0,0,10,0x4,2188.0,0.0004571638276965265,9.759597806210376e-09,4.950238748445839e-05,0.00045715071209170046,9.596020909499346e-09,4.924947324381556e-05,0.1609741773308958,0.0005799817184643369,0.005472176538375703,0.1609741773308958,0.0005799817184643369,0.005472176538375703,nan,nan,nan,352.1123385659202,1.2829591928907575,0.005474975842223348,139.99759447146056,0.0029386863325555623,4.924649402094953e-05,839.9614684223939,0.01793166357492737,4.949943505392204e-05,7.359209818081781e-05,2.621564658743876e-07,0.005469827423659993,3.3643886300735544e-08,1.1848145667098027e-10,0.005467929159159258,65.0,0.0,0.0,65.0,0.0,0.0048725387675938045,65.0,0.0,0.0048725387675938045,1935.0,0.0,0.00327357935835236,1935.0,0.0,0.0024532797984238783,1.0,0.0,0.0024686008276099763,1935.0,0.0,0.002650100183474726,9501.0,0.0,0.0
3090,RTX 3090,gpu,axpy_3090_20260727_133600,axpy_3090_20260727_133600_session1,1,64000000,-1,10,10,0,0,10,0x4,1100.0,0.0009120088422727272,3.740181818190401e-08,6.549013742250412e-05,0.0009119752918590199,3.775856711649671e-08,6.551453973802584e-05,0.3225813636363637,0.0016599999999999948,0.033382518631606885,0.3225813636363637,0.0016599999999999948,0.033382518631606885,nan,nan,nan,353.70408958061944,1.8237848185648602,0.033384346051964865,140.35467971898487,0.005810811617564582,6.551423400907934e-05,842.0970986304819,0.03453294976856114,6.548987053794515e-05,0.00029419141419006285,1.5109183610532778e-06,0.03338081657682635,2.6829133139087086e-07,1.3752204528774163e-09,0.033379239908482086,62.0,0.0,0.00775354561058825,62.0,0.0,0.006778730246877554,62.0,0.0,0.00775354561058825,1950.0,0.0,0.0,1950.0,0.0,0.0,1.0,0.0,0.0,1950.0,0.0,0.0,9501.0,0.0,0.0
3090,RTX 3090,gpu,axpy_3090_20260727_133600,axpy_3090_20260727_133600_session1,1,128000000,-1,10,10,0,0,10,0x4,553.0,0.0018179540099457505,1.0423056057877814e-07,0.00011382438485853222,0.0018178990176099118,1.0556984982490643e-07,0.00011333610394166821,0.6371283905967451,0.002383363471971045,0.032398767496656086,0.6371283905967451,0.002383363471971045,0.032398767496656086,nan,nan,nan,350.4493885357488,1.281658961870761,0.03243999405022459,140.82190357084787,0.008177864537415758,0.00011333798629606034,844.9058625838226,0.04844174308311722,0.00011382614729146629,0.0011583201437466622,4.429857925671065e-06,0.0323578910323081,2.1058637084959963e-06,8.229633676169256e-09,0.03231736596989629,65.0,0.0,0.007993773676382699,64.5,0.5,0.008171260103794263,65.0,0.0,0.007993773676382699,1935.0,0.0,0.003753270330533395,1935.0,0.0,0.003753270330533395,1.0,0.0,0.003668573214327913,1935.0,0.0,0.0033052869495801625,9501.0,0.0,0.0
3090,RTX 3090,gpu,axpy_3090_20260727_133600,axpy_3090_20260727_133600_session1,1,256000000,-1,10,10,0,0,10,0x4,276.0,0.003625491485507246,5.470960144924111e-07,0.0002985577992293218,0.003625369528065557,3.1158889549358533e-07,0.0002019965352405742,1.2787228260869565,0.004913043478260937,0.0069525773073645485,1.2787228260869565,0.004913043478260937,0.0069525773073645485,nan,nan,nan,352.64546144613604,1.397183479471522,0.0069635070761876324,141.22698280912306,0.012137593647480571,0.00020198844163896702,847.3333925511711,0.1278896311100084,0.0002985160430760927,0.004636759392610849,1.7259293181790415e-05,0.006954458864887486,1.6813290890983816e-05,6.51748813240592e-08,0.0069691467403979615,63.5,0.5,0.008299941365271337,63.0,0.0,0.008145075386345778,63.5,0.5,0.008299941365271337,1935.0,0.0,0.0,1935.0,0.0,0.0,1.0,0.0,0.0,1935.0,0.0,0.0,9501.0,0.0,0.0
3090,RTX 3090,gpu,axpy_3090_20260727_133600,axpy_3090_20260727_133600_session2,2,1000000,-1,10,10,0,0,10,0x4,75121.0,1.3588478707684935e-05,7.93446572862996e-10,0.00014989803400591533,1.3588163618814772e-05,7.503356823892251e-10,0.00014928496267651561,0.004623607246974881,3.158903635468082e-05,0.04977510708659619,0.004623607246974881,3.158903635468082e-05,0.04977510708659619,nan,nan,nan,340.2395059430982,2.3441637661435664,0.0497254382476043,147.1869235792771,0.00812718818943381,0.00014931258018412085,883.1010637011764,0.051562310645579146,0.00014992567378848656,6.283145725585451e-08,4.256526542846592e-10,0.049825145677952445,8.538337730789614e-13,5.73514446683506e-15,0.04987555266585034,64.0,0.0,0.0,64.0,0.0,0.0,64.0,0.0,0.0,1935.0,0.0,0.003990709269662459,1935.0,0.0,0.003990709269662459,1.0,0.0,0.003640243615738023,1938.5,3.5,0.003540127883825912,9501.0,0.0,0.0
3090,RTX 3090,gpu,axpy_3090_20260727_133600,axpy_3090_20260727_133600_session2,2,2000000,-1,10,10,0,0,10,0x4,32004.0,3.124808022434696e-05,9.161667291579891e-10,3.717112082374287e-05,3.124734148831982e-05,8.648744956698314e-10,3.596610556822106e-05,0.011022715910511186,4.3400824896888505e-05,0.005201842079121033,0.011022715910511186,4.3400824896888505e-05,0.005201842079121033,nan,nan,nan,352.755498159198,1.4090888655507285,0.005186925604409791,128.01089019059438,0.0035431181600102946,3.596568441932474e-05,768.0471833134995,0.022518425613895943,3.717081593724162e-05,3.4443195552341773e-07,1.3364902878383757e-09,0.0052169809902343715,1.0762626285335368e-11,4.114708982851829e-14,0.005232340413696565,65.0,0.0,0.0,65.0,0.0,0.0,65.0,0.0,0.0,1935.0,0.0,0.0024494792100452204,1935.0,0.0,0.0,1.0,0.0,0.002434393887735464,1935.0,0.0,0.001143562722590208,9501.0,0.0,0.0
3090,RTX 3090,gpu,axpy_3090_20260727_133600,axpy_3090_20260727_133600_session2,2,4000000,-1,10,10,0,0,10,0x4,16808.0,5.950264510947168e-05,2.7819193241302353e-09,6.240557301496622e-05,5.950087084763394e-05,2.9250248904947793e-09,6.28725967710352e-05,0.02096590909090909,7.356615897191783e-05,0.0057736822290620216,0.02096590909090909,7.356615897191783e-05,0.0057736822290620216,nan,nan,nan,352.3728043919835,1.2214034654028012,0.005750869982037033,134.45181367212132,0.006609248996525707,6.287255973898382e-05,806.6868273470911,0.03771319349453961,6.240564618184424e-05,1.2474553645075542e-06,4.430300849515942e-09,0.005797081132830368,7.422262892186681e-11,2.667632990396678e-13,0.005821059616421818,60.0,0.0,0.010505905847735478,60.0,0.0,0.01111111111111111,60.0,0.0,0.010505905847735478,1950.0,0.0,0.0,1950.0,0.0,0.0,1.0,0.0,0.0,1950.0,0.0,0.0,9501.0,0.0,0.0
3090,RTX 3090,gpu,axpy_3090_20260727_133600,axpy_3090_20260727_133600_session2,2,8000000,-1,10,10,0,0,10,0x4,8591.0,0.00011640951658712607,4.111919450583651e-09,4.1205256635037416e-05,0.00011640666419504241,4.109979966332011e-09,4.1103643177678423e-05,0.04128890699569317,0.00012047491560935805,0.005513555733628505,0.04128890699569317,0.00012047491560935805,0.005513555733628505,nan,nan,nan,354.6797912438219,1.047570854321009,0.0055237818029010965,137.44917539223815,0.004853069560596168,4.1103341199622805e-05,824.6748447927923,0.029130719188799503,4.120497545949787e-05,4.806515299449358e-06,1.3853030788217164e-08,0.005503620911230332,5.595350188121786e-10,1.5926718009610956e-12,0.005493978922187031,63.0,0.0,0.008145075386345778,63.0,0.0,0.006671471856895314,63.0,0.0,0.0076310567383830645,1935.0,0.0,0.00934597189490917,1927.5,7.5,0.009021097956087904,1.0,0.0,0.004465222724871485,1931.0,4.0,0.008982134188419378,9501.0,0.0,0.0
3090,RTX 3090,gpu,axpy_3090_20260727_133600,axpy_3090_20260727_133600_session2,2,16000000,-1,10,10,0,0,10,0x4,4344.0,0.00023024423964088396,1.1257941988959252e-08,6.413354059261553e-05,0.00023023794325236678,1.1198208916060473e-08,6.416323095341671e-05,0.08136774861878454,0.00045453499079190635,0.00547759844489138,0.08136774861878454,0.00045453499079190635,0.00547759844489138,nan,nan,nan,353.37541172914825,1.9423647192897704,0.005443688717673593,138.98664812453586,0.006760284620312973,6.416201224438452e-05,833.8970839041191,0.04077585156517216,6.413234292644808e-05,1.8735628754381957e-05,1.0633877401197322e-07,0.0055120458569691035,4.314040775367858e-09,2.4762530440826598e-11,0.005547020977672527,62.0,0.0,0.007828944757530761,62.0,0.0,0.00838308083594679,62.0,0.0,0.007828944757530761,1942.5,7.5,0.005395107243673619,1935.0,0.0,0.003990709269662459,1.0,0.00766294773928361,0.0060906301202113345,1942.0,3.5,0.0035820259769181514,9501.0,0.0,0.0
3090,RTX 3090,gpu,axpy_3090_20260727_133600,axpy_3090_20260727_133600_session2,2,32000000,-1,10,10,0,0,10,0x4,2188.0,0.00045713873606032906,1.8578839122479398e-08,6.642994503827806e-05,0.00045712567596156587,2.0600760004802323e-08,6.68756268708481e-05,0.16213642595978062,0.00048171846435100807,0.005069982194631006,0.16213642595978062,0.00048171846435100807,0.005069982194631006,nan,nan,nan,354.6835196638798,1.0418558537335514,0.005047923085611931,140.00526194389568,0.00630974975175036,6.687504148713618e-05,840.0075726148293,0.034139837489760794,6.642952328213205e-05,7.411740105387278e-05,2.220125174297186e-07,0.005092818070469678,3.3881276937884384e-08,1.0217028123529816e-10,0.005116420327902956,54.5,0.5,0.019818778894213643,54.0,1.0,0.022129741215117647,54.5,0.5,0.019818778894213643,1980.0,0.0,0.0,1980.0,0.0,0.0,1.0,0.0,0.0,1980.0,0.0,0.0,9501.0,0.0,0.0
3090,RTX 3090,gpu,axpy_3090_20260727_133600,axpy_3090_20260727_133600_session2,2,64000000,-1,10,10,0,0,10,0x4,1097.0,0.0009121405378304467,2.7252506836774552e-08,6.958518672693354e-05,0.0009121128245712739,2.659508175695876e-08,7.000146061828057e-05,0.32299817684594345,0.0015957155879672003,0.03385108864775541,0.32299817684594345,0.0015957155879672003,0.03385108864775541,nan,nan,nan,354.11494724794716,1.7535738171167168,0.03381022873632435,140.33351637223424,0.004091950048234594,6.999616473296639e-05,841.9755159952806,0.0251554468076165,6.957994484628969e-05,0.00029461569769115737,1.4520600222758177e-06,0.03389204898016084,2.687272422837158e-07,1.3213299677122373e-09,0.03393310940156823,58.0,0.5,0.012743778711098823,58.0,0.5,0.01169754866049485,58.0,0.5,0.012743778711098823,1965.0,0.0,0.0,1965.0,0.0,0.0,1.0,0.0,0.0,1965.0,0.0,0.0,9501.0,0.0,0.0
3090,RTX 3090,gpu,axpy_3090_20260727_133600,axpy_3090_20260727_133600_session2,2,128000000,-1,10,10,0,0,10,0x4,551.0,0.001817880112522686,1.182622504537897e-07,0.000213573158499847,0.0018173110324977313,1.6078498964948017e-07,9.426774804703362e-05,0.6375480943738657,0.0022459165154264382,0.004299712363352355,0.6375480943738657,0.0022459165154264382,0.004299712363352355,nan,nan,nan,350.6975294826999,1.201972844277151,0.004331305912794458,140.867465974484,0.012462997954642674,9.426868299167976e-05,844.940207808703,0.05496405263994575,0.00021360842272976906,0.0011590260517010354,4.091517979621013e-06,0.0042785550561565515,2.106702858039768e-06,7.453711563170229e-09,0.004267983906827637,64.0,0.0,0.008018599060470843,64.0,0.0,0.007512377784442426,64.0,0.0,0.006567554849778565,1935.0,7.5,0.005724319529655716,1935.0,15.0,0.006124306193684903,1.0,0.0,0.00439326076233551,1935.0,7.5,0.005466257951461971,9501.0,0.0,0.0
3090,RTX 3090,gpu,axpy_3090_20260727_133600,axpy_3090_20260727_133600_session2,2,256000000,-1,10,10,0,0,10,0x4,276.0,0.0036274377717391308,1.5128442028972122e-07,7.702342243711086e-05,0.003626792686572973,2.1318076313362085e-07,0.00012756813372523314,1.2767771739130436,0.004856884057971023,0.005874818352930695,1.2767771739130436,0.004856884057971023,0.005874818352930695,nan,nan,nan,351.9893685903122,1.3219694251790202,0.0059105517314313166,141.1715651408389,0.008298514090995468,0.00012755483303015345,846.8787596738744,0.03531834176851589,7.701484872506724e-05,0.004631336092562954,1.7841213323625035e-05,0.005839860428009458,1.6799543758066466e-05,6.552742352545234e-08,0.005805692299347735,63.0,0.0,0.005027468458137329,63.0,0.0,0.005027468458137329,63.0,0.0,0.005027468458137329,1935.0,15.0,0.006792824172000878,1935.0,15.0,0.006124306193684903,1.0,0.0038461538461538325,0.0057181507488694525,1931.0,11.0,0.005753197095354176,9501.0,0.0,0.0
3090,RTX 3090,gpu,axpy_3090_20260727_133600,axpy_3090_20260727_133600_session3,3,1000000,-1,10,10,0,0,10,0x4,81381.0,1.2708235546380604e-05,1.385575257124028e-09,0.0001545042943696969,1.2707957376990638e-05,1.3784865900827402e-09,0.00015440829412014963,0.004292107494378295,2.2093609073371538e-05,0.04844872968842269,0.004292107494378295,2.2093609073371538e-05,0.04844872968842269,nan,nan,nan,337.7121935838338,1.6929281231521713,0.048427612869640445,157.38170507508477,0.017073720391010738,0.0001543924759203121,944.2695609704981,0.10296466326042264,0.00015448846142952302,5.4549960729856013e-08,2.881353584192014e-10,0.04847035671591141,6.932953670227591e-13,3.764566428438536e-15,0.04849249344246053,60.5,0.5,0.008711508705698015,60.0,0.5,0.011193176744785288,60.5,0.5,0.008711508705698015,1935.0,0.0,0.0037358537628743075,1935.0,0.0,0.003990709269662459,1.0,0.0,0.0024494792100452243,1935.0,0.0,0.0036590535716521694,9501.0,0.0,0.0
3090,RTX 3090,gpu,axpy_3090_20260727_133600,axpy_3090_20260727_133600_session3,3,2000000,-1,10,10,0,0,10,0x4,32003.0,3.1247946161297376e-05,6.517357747706505e-10,5.5902098781479484e-05,3.1247390038079926e-05,7.523785001626855e-10,5.652837948058864e-05,0.010995016092241353,4.9714089304126775e-05,0.007245277835773851,0.010995016092241353,4.9714089304126775e-05,0.007245277835773851,nan,nan,nan,351.8541852541657,1.5836251030442838,0.007212609115547437,128.01069129723498,0.0030823075875616723,5.652633160584729e-05,768.0504784589427,0.016019293596627904,5.59000672086032e-05,3.435809047862567e-07,1.560620700339779e-09,0.00727823309863746,1.0736486203070127e-11,4.8989847454880053e-14,0.007311471076578223,64.0,0.0,0.0,64.0,0.0,0.006608730742253667,64.0,0.0,0.004948791330466947,1935.0,0.0,0.0024494792100452204,1935.0,0.0,0.0,1.0,0.0,0.002434393887735464,1935.0,0.0,0.001143562722590208,9501.0,0.0,0.0
3090,RTX 3090,gpu,axpy_3090_20260727_133600,axpy_3090_20260727_133600_session3,3,4000000,-1,10,10,0,0,10,0x4,16770.0,5.964291639833036e-05,2.918008348253893e-09,7.419465917787566e-05,5.9641678502464405e-05,2.9589494353697142e-09,7.45013388190021e-05,0.02103825283243888,7.614788312462588e-05,0.006513476496543559,0.02103825283243888,7.614788312462588e-05,0.006513476496543559,nan,nan,nan,352.72678383859466,1.2695521276492343,0.006562648195227732,134.1343872508277,0.0066550109663836565,7.450670470499058e-05,804.7896196581449,0.0393759120383379,7.419999351409697e-05,1.254818468937018e-06,4.567213862337981e-09,0.006464793550251478,7.484316329347726e-11,2.7392472364622766e-13,0.006416610293219896,62.0,0.0,0.00917037499511384,62.0,0.0,0.007828944757530761,62.0,0.0,0.00917037499511384,1935.0,0.0,0.003990709269662459,1935.0,0.0,0.003990709269662459,1.0,0.0,0.0051480435196274345,1942.0,7.0,0.00302202767902209,9501.0,0.0,0.0
3090,RTX 3090,gpu,axpy_3090_20260727_133600,axpy_3090_20260727_133600_session3,3,8000000,-1,10,10,0,0,10,0x4,8595.0,0.00011637617742873765,3.5579406631799514e-09,4.378357838533354e-05,0.00011637351328443136,3.575474249192887e-09,4.668550049119816e-05,0.0410434554973822,0.00016317626527050794,0.004646833159371582,0.0410434554973822,0.00016317626527050794,0.004646833159371582,nan,nan,nan,352.6838264790429,1.4065150025624007,0.00465653496141838,137.4883300226412,0.004224134522360146,4.668619105634744e-05,824.9110954083998,0.025219350755435244,4.37839203814009e-05,4.776417609226518e-06,1.893063784423605e-08,0.004637522544174807,5.558539090546697e-10,2.1961859866723737e-12,0.0046286054669018376,55.0,1.0,0.01715521334630224,55.0,1.0,0.01811345949019587,55.0,1.0,0.01715521334630224,1980.0,0.0,0.003923995284911263,1980.0,0.0,0.003923995284911263,1.0,0.0,0.0035848770806038033,1976.0,4.0,0.0035054344085409476,9501.0,0.0,0.0
3090,RTX 3090,gpu,axpy_3090_20260727_133600,axpy_3090_20260727_133600_session3,3,16000000,-1,10,10,0,0,10,0x4,4348.0,0.0002299871108555658,9.175482980678285e-09,5.59585255398671e-05,0.0002299831499171674,9.173522219236836e-09,5.586382710627072e-05,0.08082647194112236,0.00028783348666053254,0.0061665654484787304,0.08082647194112236,0.00028783348666053254,0.0061665654484787304,nan,nan,nan,351.4251235483241,1.266882203107258,0.006173135789665294,139.14062839980485,0.005549786809339707,5.586501821535696e-05,834.829392352693,0.033304687257839305,5.595973606108433e-05,1.8589788063325413e-05,6.53854895451246e-08,0.006160491503214337,4.275582144850845e-09,1.485096921292295e-11,0.00615491539116399,65.0,0.0,0.007465933408649891,65.0,0.0,0.007993773676382699,65.0,0.0,0.007993773676382699,1920.0,0.0,0.004021789559924628,1920.0,0.0,0.0037649718748218857,1.0,0.0,0.004416817517842619,1923.5,3.5,0.0031781614591535313,9501.0,0.0,0.0
3090,RTX 3090,gpu,axpy_3090_20260727_133600,axpy_3090_20260727_133600_session3,3,32000000,-1,10,10,0,0,10,0x4,2188.0,0.0004572038971663619,1.903382084095847e-08,6.109877191132992e-05,0.000457194940263654,1.895493083724372e-08,6.000843268909073e-05,0.16101371115173674,0.0007036106032906747,0.004994568819769298,0.16101371115173674,0.0007036106032906747,0.004994568819769298,nan,nan,nan,352.1918393532045,1.5237998568559021,0.004947130744137642,139.98405136844718,0.005803607009070788,6.0007817203146824e-05,839.8878539777893,0.03496518156470074,6.109801879493759e-05,7.36116294964542e-05,3.248590291448676e-07,0.005042306676447105,3.365348181047797e-08,1.4986564843607183e-10,0.005090335906685393,63.0,0.0,0.0,63.0,0.0,0.00671396530821312,63.0,0.0,0.005027468458137329,1935.0,15.0,0.006124306193684903,1935.0,15.0,0.006124306193684903,1.0,0.0,0.00516811394550956,1931.0,11.0,0.005520542048785105,9501.0,0.0,0.0
3090,RTX 3090,gpu,axpy_3090_20260727_133600,axpy_3090_20260727_133600_session3,3,64000000,-1,10,10,0,0,10,0x4,1097.0,0.0009122411909753875,5.6321786690949165e-08,8.376161481450188e-05,0.0009122206514927073,5.647282004896982e-08,8.395282557033505e-05,0.3237019143117593,0.0013254329990884106,0.03268953641503054,0.3237019143117593,0.0013254329990884106,0.03268953641503054,nan,nan,nan,354.85473223763483,1.4662728774903258,0.032640179562473594,140.3169285771873,0.008686427987839807,8.395304414279422e-05,841.8826157035865,0.05197681807499066,8.376183213217362e-05,0.00029528401332745393,1.198019588280892e-06,0.0327390477683455,2.6936092991765427e-07,1.082760823071722e-09,0.03278871292271402,58.0,0.5,0.011577162224880838,58.0,0.5,0.01269991028180072,58.0,0.5,0.011577162224880838,1965.0,0.0,0.003954041190615025,1965.0,0.0,0.003954041190615025,1.0,0.0,0.0036123482065100543,1961.0,4.0,0.0035322767772826467,9501.0,0.0,0.0
3090,RTX 3090,gpu,axpy_3090_20260727_133600,axpy_3090_20260727_133600_session3,3,128000000,-1,10,10,0,0,10,0x4,551.0,0.0018176927259528131,1.6032486388375781e-07,0.00018729673612455968,0.001817220919794266,1.0772538920741839e-07,9.918912240033179e-05,0.6394210526315789,0.0033384754990925525,0.03195213792650428,0.6394210526315789,0.0033384754990925525,0.03195213792650428,nan,nan,nan,351.7795653931447,1.8417681250253395,0.03190940176867758,140.8744513771349,0.008350630761071898,9.917994160971996e-05,845.0273130347083,0.07452693867048765,0.00018731920060264558,0.0011621475679723058,6.051441592443683e-06,0.03199590837342098,2.112202918427371e-06,1.0968996491278854e-08,0.032040708469934315,65.0,0.0,0.0,65.0,0.0,0.0,65.0,0.0,0.0,1935.0,0.0,0.0024532797984238783,1935.0,0.0,0.00327357935835236,1.0,0.0,0.002453279798423883,1935.0,0.0,0.002650100183474726,9501.0,0.0,0.0
3090,RTX 3090,gpu,axpy_3090_20260727_133600,axpy_3090_20260727_133600_session3,3,256000000,-1,10,10,0,0,10,0x4,277.0,0.0036263515072202162,1.9572563176879082e-07,8.613751345829653e-05,0.0036262870265258347,1.9588539316365942e-07,8.611354309801978e-05,1.2690595667870035,0.008543321299639084,0.029428110042789314,1.2690595667870035,0.008543321299639084,0.029428110042789314,nan,nan,nan,349.98701421702754,2.3217230858107314,0.029398958022931132,141.19125053935943,0.0076267995421801515,8.611725232471492e-05,847.1324399744014,0.04572186085232488,8.614124983137975e-05,0.00460163411403253,3.143050110688238e-05,0.029457497215076928,1.668561277506465e-05,1.1560769081369368e-07,0.029487118804246818,64.0,0.0,0.008018599060470843,64.0,0.0,0.006567554849778565,64.0,0.0,0.007512377784442426,1927.5,7.5,0.005437059866097209,1927.5,7.5,0.005437059866097209,1.0,0.0,0.00516811394550956,1927.0,7.0,0.004706265333019584,9501.0,0.0,0.0
3090,RTX 3090,gpu,axpy_3090_20260727_133600,axpy_3090_20260727_133600_session4,4,1000000,-1,10,10,0,0,10,0x4,78699.0,1.2696793542484658e-05,7.734786973162639e-10,0.00044258044894577523,1.2696564240710651e-05,7.805929524597115e-10,0.00044259808575232684,0.004402489231121107,1.1550337361338012e-05,0.003804284302422557,0.004402489231121107,1.1550337361338012e-05,0.003804284302422557,nan,nan,nan,346.5638896820225,0.9801240953247543,0.0036556131795068736,157.52292999780934,0.009685199326099792,0.00044235019032497967,945.1205109710929,0.057579467815287444,0.0004423325818052326,5.592595787171945e-08,1.4269621816785e-10,0.003996912407252163,7.100561804514254e-13,1.7646101489848513e-15,0.0042275709777168866,55.5,0.5,0.019156417820458956,55.0,1.0,0.017141982574219335,55.5,0.5,0.019156417820458956,1965.0,0.0,0.005353797081011493,1965.0,0.0,0.005164105261748683,1.0,0.0,0.005705570373235087,1965.0,0.0,0.004494154222138929,9501.0,0.0,0.0
3090,RTX 3090,gpu,axpy_3090_20260727_133600,axpy_3090_20260727_133600_session4,4,2000000,-1,10,10,0,0,10,0x4,32086.0,3.116942993829085e-05,1.2512933989877956e-09,9.215984226803017e-05,3.116898565512899e-05,1.2592804786337362e-09,9.082748662029911e-05,0.010995574393816617,4.16225144923019e-05,0.005301713711920727,0.010995574393816617,4.16225144923019e-05,0.005301713711920727,nan,nan,nan,352.76415894679917,1.3278158961237523,0.005301195850554385,128.33269726064174,0.005184977530731771,9.081683005890703e-05,769.9852081837689,0.030911686386957626,9.214859622492447e-05,3.4272205915976475e-07,1.312048577781814e-09,0.005303844488856716,1.0682335059798892e-11,4.1354049865951843e-14,0.005307586826546305,64.0,0.0,0.0,64.0,0.0,0.0,64.0,0.0,0.0,1935.0,0.0,0.0024532797984238783,1935.0,0.0,0.00327357935835236,1.0,0.0,0.002453279798423883,1935.0,0.0,0.002650100183474726,9501.0,0.0,0.0
3090,RTX 3090,gpu,axpy_3090_20260727_133600,axpy_3090_20260727_133600_session4,4,4000000,-1,10,10,0,0,10,0x4,16775.0,5.962062718330849e-05,2.7076900149007263e-09,6.334456300981991e-05,5.9619568143978206e-05,2.6851830290592943e-09,6.303352533039899e-05,0.021128643815201194,9.740685543964227e-05,0.005770706887425531,0.021128643815201194,9.740685543964227e-05,0.005770706887425531,nan,nan,nan,354.3714798851611,1.6604556311252736,0.005796128925995701,134.1841320045296,0.00604346767180175,6.303216881526223e-05,805.0904909771122,0.036563462283538684,6.334314461661714e-05,1.259750339628039e-06,5.712624838150171e-09,0.00574587017363943,7.510992856736956e-11,3.349360747953123e-13,0.005721626455081779,60.5,0.5,0.008711508705698015,60.0,0.0,0.008549632110833151,60.5,0.5,0.008711508705698015,1950.0,0.0,0.0,1950.0,0.0,0.0,1.0,0.0,0.0,1950.0,0.0,0.0,9501.0,0.0,0.0
3090,RTX 3090,gpu,axpy_3090_20260727_133600,axpy_3090_20260727_133600_session4,4,8000000,-1,10,10,0,0,10,0x4,8588.0,0.00011645760945505358,3.9764205868675156e-09,5.829136932624203e-05,0.00011645589898673112,3.994149721996631e-09,5.8225474105888404e-05,0.04128289473684211,0.00017250815090823907,0.00461574398467463,0.04128289473684211,0.00017250815090823907,0.00461574398467463,nan,nan,nan,354.4944692894537,1.4827850808969458,0.004644780130309727,137.39106511405572,0.004712119870774245,5.822606675224674e-05,824.33428312066,0.0281463537294826,5.82919073379009e-05,4.807627615676501e-06,2.0069699117104754e-08,0.004587268017199508,5.598755482057025e-10,2.334919608569116e-12,0.00455936270309036,63.0,0.0,0.0,63.0,0.0,0.0,63.0,0.0,0.0,1920.0,0.0,0.00655734092310706,1920.0,0.0,0.00655734092310706,1.0,0.0,0.003640243615738023,1920.0,0.0,0.006232911910012927,9501.0,0.0,0.0
3090,RTX 3090,gpu,axpy_3090_20260727_133600,axpy_3090_20260727_133600_session4,4,16000000,-1,10,10,0,0,10,0x4,4340.0,0.00023047115195852535,7.2233870967726e-09,5.048181789430466e-05,0.00023046770930839572,7.3129680299523e-09,4.971675536954717e-05,0.08154746543778801,0.0003665898617511501,0.007443095270526174,0.08154746543778801,0.0003665898617511501,0.007443095270526174,nan,nan,nan,353.8163449975533,1.5745005776336143,0.0074622219574368145,138.84808462995687,0.004405849768090775,4.971635320696149e-05,833.0760635697573,0.02611051407842524,5.048121548867402e-05,1.87950308552499e-05,8.534405065726726e-08,0.007424260457615951,4.3318720337812084e-09,1.986653498449308e-11,0.007405719758213109,64.0,0.0,0.0,64.0,0.0,0.0,64.0,0.0,0.0,1905.0,0.0,0.00554593553871802,1905.0,0.0,0.004053357766831415,1.0,0.0,0.0044408013231180266,1908.5,3.5,0.0042584400810112754,9501.0,0.0,0.0
3090,RTX 3090,gpu,axpy_3090_20260727_133600,axpy_3090_20260727_133600_session4,4,32000000,-1,10,10,0,0,10,0x4,2190.0,0.00045673164589041097,1.2633561643821036e-08,4.3904411602488094e-05,0.00045672667342233874,1.3084934182342172e-08,4.428012121140937e-05,0.15983515981735158,0.000792009132420099,0.006235653377399551,0.15983515981735158,0.000792009132420099,0.006235653377399551,nan,nan,nan,349.9545368868273,1.7572803675711555,0.006240890174319469,140.12757240660636,0.004014682812183423,4.427955297807283e-05,840.7562809699507,0.023256633865969434,4.390385487935532e-05,7.30017063290901e-05,3.5689587089584023e-07,0.006230719485441757,3.334215786121108e-08,1.6079514591030387e-10,0.006226089230097873,65.0,0.0,0.0,65.0,0.0,0.0,65.0,0.0,0.0,1905.0,0.0,0.004972134685799339,1905.0,7.5,0.005302031089635137,1.0,0.00390625,0.0058036554314341866,1908.5,3.5,0.004287114735353621,9501.0,0.0,0.0
3090,RTX 3090,gpu,axpy_3090_20260727_133600,axpy_3090_20260727_133600_session4,4,64000000,-1,10,10,0,0,10,0x4,1096.0,0.0009130319256386861,1.6383667883089134e-08,6.762235980954344e-05,0.0009130202523113167,1.681808137540949e-08,6.75126186735863e-05,0.31974589416058397,0.001244069343065729,0.0061251044974077575,0.31974589416058397,0.001244069343065729,0.0061251044974077575,nan,nan,nan,350.18218792051925,1.3492711320730564,0.006138470360515593,140.19404244011193,0.002582458773886742,6.750978472390107e-05,841.1535001572097,0.015094127951613245,6.761951441305549e-05,0.0002919569519194425,1.1469595552803045e-06,0.006112448984693448,2.665831323790549e-07,1.0573300743613799e-09,0.006100508337297144,65.0,0.0,0.007465933408649891,65.0,0.0,0.007993773676382699,65.0,0.0,0.007993773676382699,1905.0,7.5,0.007224344209690892,1905.0,15.0,0.00745234326826798,1.0,0.0078125,0.006863540581917012,1908.5,7.5,0.006423354905047571,9501.0,0.0,0.0
3090,RTX 3090,gpu,axpy_3090_20260727_133600,axpy_3090_20260727_133600_session4,4,128000000,-1,10,10,0,0,10,0x4,552.0,0.0018174522708333334,1.0311775362314545e-07,9.744402552133666e-05,0.0018174190797667572,1.0382610818619395e-07,9.752694490909383e-05,0.6417862318840579,0.0031938405797101166,0.034572007610970276,0.6417862318840579,0.0031938405797101166,0.034572007610970276,nan,nan,nan,353.07777409294476,1.7063595169088046,0.034635896931932635,140.8590913199518,0.008047003851274326,9.752813553838206e-05,845.1391133672794,0.04795092810729784,9.74451764601769e-05,0.0011665689479760585,5.972992174871046e-06,0.034508298755613905,2.120461678530672e-06,1.1161610684575276e-08,0.034444771353190934,58.0,1.0,0.013553447383962464,58.0,1.0,0.014077527257374586,58.0,1.0,0.013553447383962464,1965.0,0.0,0.0,1965.0,0.0,0.002415796531832223,1.0,0.0,0.0024157965318322267,1965.0,0.0,0.0012879656491878136,9501.0,0.0,0.0
3090,RTX 3090,gpu,axpy_3090_20260727_133600,axpy_3090_20260727_133600_session4,4,256000000,-1,10,10,0,0,10,0x4,276.0,0.0036274231938405797,2.743043478259984e-07,0.0002440178087011022,0.0036266444109488228,4.2304439821063203e-07,0.00024259053200549702,1.2789148550724638,0.007735507246376838,0.03277461493686335,1.2789148550724638,0.007735507246376838,0.03277461493686335,nan,nan,nan,352.55306162693887,2.034767469609193,0.032753257766288055,141.17733713022307,0.016467283873353722,0.00024260658691838282,846.8821628630963,0.06403600783448837,0.00024411354115483572,0.004639367573607212,2.8048289905436164e-05,0.03279769626833916,1.682968327848813e-05,1.0170069077745849e-07,0.032822496066784286,62.0,0.0,0.00917037499511384,62.0,0.0,0.007828944757530761,62.0,0.0,0.00917037499511384,1942.5,7.5,0.005403445894745757,1942.5,7.5,0.005403445894745757,1.0,0.0,0.00516811394550956,1942.0,8.0,0.0048261579526472885,9501.0,0.0,0.0
3090,RTX 3090,gpu,axpy_3090_20260727_133600,axpy_3090_20260727_133600_session5,5,1000000,-1,10,10,0,0,10,0x4,78682.0,1.2711648954017437e-05,2.971073434841523e-10,8.009522705670478e-05,1.2711443585562373e-05,2.9942770026708066e-10,8.052217608434762e-05,0.004409560001016751,1.3732492819196283e-05,0.004658435705332259,0.004409560001016751,1.3732492819196283e-05,0.004658435705332259,nan,nan,nan,346.86702098444295,1.0819898030146362,0.0046810599402971245,157.33854197017297,0.003706225142138919,8.051421050927898e-05,944.0160001000713,0.022064401283159896,8.008733834552265e-05,5.605669743953358e-08,1.7429084399816244e-10,0.0046370791564322505,7.126228845095305e-13,2.2120693680298126e-15,0.004617008295181576,60.5,0.5,0.008711508705698015,60.0,0.0,0.008549632110833151,60.5,0.5,0.008711508705698015,1950.0,0.0,0.0032483591783958703,1950.0,0.0,0.003724332240089807,1.0,0.0,0.004382715527639933,1950.0,0.0,0.0027877547968927605,9501.0,0.0,0.0
3090,RTX 3090,gpu,axpy_3090_20260727_133600,axpy_3090_20260727_133600_session5,5,2000000,-1,10,10,0,0,10,0x4,32061.0,3.119256242787187e-05,1.0558622625616405e-09,5.83369120624425e-05,3.119212406653772e-05,1.0537088357954441e-09,5.843897412482534e-05,0.01098880259505318,3.735067527525695e-05,0.031374378358343044,0.01098880259505318,3.735067527525695e-05,0.031374378358343044,nan,nan,nan,352.29136038167525,1.2005029782190775,0.03140460347240837,128.23749968049918,0.004331898346279672,5.843806383471223e-05,769.414185051805,0.02604378288214093,5.833605957725181e-05,3.4276680061274827e-07,1.1532156047221224e-09,0.0313442360773874,1.0691709000528586e-11,3.548083899166821e-14,0.03131417687367663,62.0,0.0,0.005108687657784135,62.0,0.0,0.006822605523556374,62.0,0.0,0.005108687657784135,1950.0,0.0,0.0,1950.0,0.0,0.0,1.0,0.0,0.0,1950.0,0.0,0.0,9501.0,0.0,0.0
3090,RTX 3090,gpu,axpy_3090_20260727_133600,axpy_3090_20260727_133600_session5,5,4000000,-1,10,10,0,0,10,0x4,16752.0,5.970121484001911e-05,1.3525847659952392e-09,3.259311940093986e-05,5.970053868626228e-05,1.3754042194618233e-09,3.197474254810536e-05,0.02116744269340974,6.184336198662883e-05,0.004501795563153131,0.02116744269340974,6.184336198662883e-05,0.004501795563153131,nan,nan,nan,354.5617471743338,1.0351107084524642,0.004495633817323572,134.00214095292637,0.0030871934196312623,3.197445634794685e-05,804.0037397671322,0.018215387947122963,3.259278446268758e-05,1.2637026808908055e-06,3.6960907754089705e-09,0.004508183856940639,7.544342931602806e-11,2.208979315274252e-13,0.004514797744250257,63.0,0.0,0.006671471856895314,63.0,0.0,0.0050115335343397455,63.0,0.0,0.006671471856895314,1935.0,0.0,0.0024494792100452204,1935.0,0.0,0.0024494792100452204,1.0,0.0,0.003640243615738023,1935.0,0.0,0.001524199106326424,9501.0,0.0,0.0
3090,RTX 3090,gpu,axpy_3090_20260727_133600,axpy_3090_20260727_133600_session5,5,8000000,-1,10,10,0,0,10,0x4,8592.0,0.00011639139530959032,3.774790502798862e-09,5.7533440750453664e-05,0.00011638954986629095,3.807593546324164e-09,5.7435552979232684e-05,0.04110591247672253,0.00014600791433892063,0.005843680802650904,0.04110591247672253,0.00014600791433892063,0.005843680802650904,nan,nan,nan,353.19371174098814,1.2441543732722664,0.00583489005261051,137.46938637527973,0.004497168040487054,5.743811641205029e-05,824.8032403827119,0.026749749524185518,5.7536055213422944e-05,4.784049066522381e-06,1.713361772111778e-08,0.005853024482476668,5.567842721094313e-10,2.0104476837595216e-12,0.005862918371427431,55.0,1.0,0.019165319152535634,55.0,1.0,0.021197473651341968,55.0,1.0,0.019165319152535634,1957.5,7.5,0.005362008426227769,1965.0,0.0,0.003954041190615025,1.0,0.0,0.00325094237255112,1961.0,4.0,0.004474551929407034,9501.0,0.0,0.0
3090,RTX 3090,gpu,axpy_3090_20260727_133600,axpy_3090_20260727_133600_session5,5,16000000,-1,10,10,0,0,10,0x4,4340.0,0.00023046005668202763,9.184562211968683e-09,4.9494391610007176e-05,0.00023045768913585468,9.331065938179188e-09,4.7333051823891155e-05,0.0806471198156682,0.00038145161290321916,0.006581707116713619,0.0806471198156682,0.00038145161290321916,0.006581707116713619,nan,nan,nan,349.9345606653311,1.6750907420289423,0.0065648638336380195,138.85412163971455,0.005622337939655608,4.7332676869732566e-05,833.1161710390186,0.0332036991983955,4.9493856270193004e-05,1.8586212014446128e-05,8.685156164334769e-08,0.006598879460645632,4.2834422096702225e-09,1.977203285668021e-11,0.0066163783152804875,65.0,0.0,0.0048725387675938045,65.0,0.0,0.006506744156725061,65.0,0.0,0.006506744156725061,1920.0,15.0,0.00637887953849786,1920.0,7.5,0.005769075741771867,1.0,0.003875968992248069,0.005762811510695923,1920.0,7.5,0.005325589618466525,9501.0,0.0,0.0
3090,RTX 3090,gpu,axpy_3090_20260727_133600,axpy_3090_20260727_133600_session5,5,32000000,-1,10,10,0,0,10,0x4,2188.0,0.0004571128379798903,1.8172531992719735e-08,5.9358272374035486e-05,0.00045710859002317335,1.8480708873733773e-08,5.9733196981959876e-05,0.16030027422303475,0.000861288848263253,0.006557350178877478,0.16030027422303475,0.000861288848263253,0.006557350178877478,nan,nan,nan,350.66217074117975,1.8782740243835576,0.006538632951694488,140.01049509214585,0.005660799830678798,5.973229349421299e-05,840.0551638344223,0.033397773651358875,5.935744234750047e-05,7.327901361336788e-05,3.949429491450799e-07,0.006576546491287343,3.3498469520852544e-08,1.8109881219326277e-10,0.00659621772870903,65.0,0.0,0.0,65.0,0.0,0.0,65.0,0.0,0.0,1920.0,0.0,0.0,1920.0,0.0,0.0,1.0,0.0,0.0,1920.0,0.0,0.0,9501.0,0.0,0.0
3090,RTX 3090,gpu,axpy_3090_20260727_133600,axpy_3090_20260727_133600_session5,5,64000000,-1,10,10,0,0,10,0x4,1097.0,0.0009122768090246126,3.8159525979992916e-08,8.723069739455911e-05,0.0009122621576244873,3.8752038585378786e-08,8.739614529486154e-05,0.3224038286235187,0.0012073837739288995,0.007012717469275168,0.3224038286235187,0.0012073837739288995,0.007012717469275168,nan,nan,nan,353.36526274049425,1.3142247231846511,0.006957707638369046,140.3105444327175,0.005960149850650964,8.739941943065704e-05,841.8497460487309,0.03521306212144282,8.723410347921905e-05,0.00029415519804592205,1.1091746218330853e-06,0.007068354607166428,2.683816783983905e-07,1.0189049963225967e-09,0.007124604234542121,58.5,0.5,0.011972703746234607,58.0,1.0,0.013553447383962464,58.5,0.5,0.011972703746234607,1965.0,0.0,0.003223524628102324,1965.0,0.0,0.0036958369666384694,1.0,0.0,0.0024157965318322267,1965.0,0.0,0.003267554515112629,9501.0,0.0,0.0
3090,RTX 3090,gpu,axpy_3090_20260727_133600,axpy_3090_20260727_133600_session5,5,128000000,-1,10,10,0,0,10,0x4,551.0,0.0018180892105263157,3.757259528145134e-08,4.844060492356539e-05,0.0018177988706612976,6.131208527113043e-08,7.897587835763948e-05,0.6397141560798547,0.004009981851179789,0.0066486749037448865,0.6397141560798547,0.004009981851179789,0.0066486749037448865,nan,nan,nan,351.8697856882012,2.19199230065729,0.006642929621034169,140.8296617181305,0.00474998918926417,7.898154516990264e-05,844.8430314178811,0.017459422394267676,4.844300571109597e-05,0.0011630273986505478,7.303619503509751e-06,0.006654763176560684,2.1144330123615284e-06,1.3299475820927651e-08,0.006661193446994277,65.0,0.0,0.007465933408649891,65.0,0.0,0.007993773676382699,65.0,0.0,0.007465933408649891,1935.0,0.0,0.00327357935835236,1935.0,0.0,0.00327357935835236,1.0,0.0,0.003668573214327913,1935.0,0.0,0.002765515869371821,9501.0,0.0,0.0
3090,RTX 3090,gpu,axpy_3090_20260727_133600,axpy_3090_20260727_133600_session5,5,256000000,-1,10,10,0,0,10,0x4,276.0,0.0036270642989130433,1.850489130435229e-07,0.0002218719608958824,0.003626212189162987,4.230443982110657e-07,0.00015661788126657372,1.2721684782608695,0.007032608695652143,0.006305688207758935,1.2721684782608695,0.007032608695652143,0.006305688207758935,nan,nan,nan,350.74218162825986,2.005677502453125,0.006366681881429519,141.19416440566815,0.016472440121688692,0.00015662887822384737,846.965961134703,0.04321198778063717,0.00022193333623919722,0.004614251498622256,2.4630000830170012e-05,0.006252027132008256,1.6733921004524982e-05,8.615261476803904e-08,0.006205882270617727,64.0,0.0,0.0,64.0,0.0,0.0,64.0,0.0,0.0,1942.5,7.5,0.004069855418492123,1935.0,0.0,0.003990709269662459,1.0,0.0,0.004382715527639933,1942.0,7.0,0.003374718411016513,9501.0,0.0,0.0
5060ti,RTX 5060 Ti,gpu,axpy_5060ti_20260727_141707,axpy_5060ti_20260727_141707_session1,1,1000000,-1,10,10,0,0,0,0x0,122130.0,8.188087509211496e-06,1.5188733314152637e-12,5.342069854463008e-06,8.188040375777859e-06,1.9990225583389103e-12,2.7287698881634613e-06,0.001106140997297961,1.789077212805898e-06,0.005402061121569924,0.001106140997297961,1.789077212805898e-06,0.005402061121569924,nan,nan,nan,135.0915116386887,0.21850321546094165,0.005402940276026253,244.25868806368806,5.963314846724188e-05,2.7287516391850276e-06,1465.5436921625803,0.0002718552938176799,5.3419978773792765e-06,9.057178286493006e-09,1.4648742191374652e-11,0.005401187072654989,7.416096023356358e-14,1.1994208305382074e-16,0.0054003181319731445,66.5,0.5,0.007925507920221503,66.0,0.0,0.007777074992384371,66.5,0.5,0.007925507920221503,2752.0,0.0,0.0,2752.0,0.0,0.0,1.0,0.0,0.0,2752.0,0.0,0.0,13801.0,0.0,0.0
5060ti,RTX 5060 Ti,gpu,axpy_5060ti_20260727_141707,axpy_5060ti_20260727_141707_session1,1,2000000,-1,10,10,0,0,0,0x0,69789.0,1.4329162604421902e-05,3.9547779740828565e-12,8.354465765891162e-07,1.4329077116603262e-05,4.372834993410235e-12,6.639081909660853e-07,0.001970797690180401,6.6987634154379305e-06,0.004573088004480657,0.001970797690180401,6.6987634154379305e-06,0.004573088004480657,nan,nan,nan,137.5375851484676,0.4674861511105348,0.004573613709608563,279.1526605272555,8.518963818460179e-05,6.639078420533297e-07,1674.9059706108546,0.0004622657064601299,8.354453662532248e-07,2.8239870079355584e-08,9.598879278712178e-11,0.004572562388906795,4.0465354007290917e-13,1.3754551053735223e-15,0.004572036862918542,64.5,1.0,0.02298644197422498,64.0,1.0,0.025689037590023184,64.5,1.0,0.02298644197422498,2760.0,0.0,0.0,2760.0,0.0,0.0,1.0,0.0,0.0,2760.0,0.0,0.0,13801.0,0.0,0.0
5060ti,RTX 5060 Ti,gpu,axpy_5060ti_20260727_141707,axpy_5060ti_20260727_141707_session1,1,4000000,-1,10,10,0,0,0,0x0,37589.0,2.6612768974966082e-05,4.5445476070376395e-10,4.358241661878468e-05,2.6612627937247683e-05,4.538382551236568e-10,4.330194326933391e-05,0.004770677591848679,1.5549761898427713e-05,0.029084362163154277,0.004770677591848679,1.5549761898427713e-05,0.029084362163154277,nan,nan,nan,179.25711842075572,0.5909823937666516,0.029070682296436445,300.6091701605037,0.0051265249979621785,4.330046751351697e-05,1803.6454622665851,0.030800608758454473,4.358093086929375e-05,1.2696491461067847e-07,4.0908673294618035e-10,0.02909810048694216,3.3789937102092946e-12,1.0760888957280349e-14,0.029111897191338,70.0,1.0,0.016635607011885302,69.5,1.0,0.01930005064717545,70.0,1.0,0.016635607011885302,2715.0,8.0,0.0032615210875465823,2711.0,4.0,0.0026993404161583774,1.0,0.0,0.0018797295920445606,2713.0,6.0,0.0028183235848466956,13801.0,0.0,0.0
5060ti,RTX 5060 Ti,gpu,axpy_5060ti_20260727_141707,axpy_5060ti_20260727_141707_session1,1,8000000,-1,10,10,0,0,0,0x0,4125.0,0.00024262058424242427,8.67424242423896e-08,0.0004264579310954026,0.0002426190666429924,8.675870028411546e-08,0.00042616446222618596,0.023259030303030302,7.127272727272711e-05,0.004194537145511212,0.023259030303030302,7.127272727272711e-05,0.004194537145511212,nan,nan,nan,95.90209602880955,0.26204958363741326,0.004266073042430167,65.94700438093922,0.023576357084834854,0.000426196761785871,395.67955121695735,0.14142977772226573,0.0004264903564854215,5.640987318477576e-06,1.5782882388628747e-08,0.0041655651359847334,1.3681025608263777e-09,3.6613017188175854e-12,0.004180032350114295,54.0,0.0,0.0,54.0,0.0,0.0,54.0,0.0,0.0,2790.0,0.0,0.0,2790.0,0.0,0.0,1.0,0.0,0.0,2790.0,0.0,0.0,13801.0,0.0,0.0
5060ti,RTX 5060 Ti,gpu,axpy_5060ti_20260727_141707,axpy_5060ti_20260727_141707_session1,1,16000000,-1,10,10,0,0,0,0x0,2063.0,0.0004852444304411052,3.738293746972476e-08,0.00043564379595609524,0.00048524151874640236,3.755895824499142e-08,0.00043570738100463547,0.046175230247212797,9.258361609307264e-05,0.0037908755009000952,0.046175230247212797,9.258361609307264e-05,0.0037908755009000952,nan,nan,nan,95.15870213960564,0.2454044260211461,0.00398424387783366,65.94654159980931,0.005104038712431702,0.0004359620766711295,395.6768753380233,0.030480356332560632,0.0004358984434967196,2.2406273315808925e-05,4.391851441857292e-08,0.0036400018786231845,1.0871885052484245e-08,2.018808179121354e-11,0.0035369706966635974,54.0,0.0,0.0,54.0,0.0,0.0,54.0,0.0,0.0,2790.0,0.0,0.0,2790.0,0.0,0.0,1.0,0.0,0.0,2790.0,0.0,0.0,13801.0,0.0,0.0
5060ti,RTX 5060 Ti,gpu,axpy_5060ti_20260727_141707,axpy_5060ti_20260727_141707_session1,1,32000000,-1,10,10,0,0,0,0x0,1031.0,0.0009699435426770125,4.340979631431343e-08,0.00016177201005312692,0.0009699384983480844,4.4015168449925996e-08,0.00016185500808074406,0.09286372453928224,0.0003380213385063141,0.005121072647460749,0.09286372453928224,0.0003380213385063141,0.005121072647460749,nan,nan,nan,95.74009117472112,0.3505312513808221,0.005141646727238849,65.98356505340067,0.0029943485430763417,0.00016188246250030302,395.89933137854814,0.01771878676504457,0.0001617994968289599,9.007377403962186e-05,3.2594673812821586e-07,0.005105580323772257,8.736764343096093e-08,3.1429258452644447e-10,0.005095213470643907,55.0,0.0,0.008830820686282412,55.0,0.0,0.008830820686282412,55.0,0.0,0.009457834789273301,2790.0,0.0,0.0,2790.0,0.0,0.0,1.0,0.0,0.0,2790.0,0.0,0.0,13801.0,0.0,0.0
5060ti,RTX 5060 Ti,gpu,axpy_5060ti_20260727_141707,axpy_5060ti_20260727_141707_session1,1,64000000,-1,10,10,0,0,0,0x0,516.0,0.0019394871414728683,5.068585271316003e-07,0.0003574981325459761,0.0019394713409187259,5.06556311319112e-07,0.00035795160840541043,0.1854641472868217,0.0006521317829457501,0.031203351679704706,0.1854641472868217,0.0006521317829457501,0.031203351679704706,nan,nan,nan,95.60549672897065,0.3364639633470219,0.031131402761018338,65.99736707823503,0.017237154215493433,0.0003580234740669023,395.9809762622792,0.10348336036744854,0.0003575716477293368,0.0003596749984381911,1.2639562730079547e-06,0.031279214711607724,6.974862595341561e-07,2.449788571828446e-09,0.03135896087647113,55.0,0.0,0.011541159343680217,55.0,0.0,0.011541159343680217,55.0,0.0,0.009457834789273301,2790.0,0.0,0.0,2790.0,0.0,0.0,1.0,0.0,0.0,2790.0,0.0,0.0,13801.0,0.0,0.0
5060ti,RTX 5060 Ti,gpu,axpy_5060ti_20260727_141707,axpy_5060ti_20260727_141707_session1,1,128000000,-1,10,10,0,0,0,0x0,259.0,0.003881080293436294,6.607895752890319e-07,0.0003411859475575955,0.003881057798172056,6.618426113052731e-07,0.0003411820224577222,0.3707046332046332,0.0008725868725868724,0.029999870870676397,0.3707046332046332,0.0008725868725868724,0.029999870870676397,nan,nan,nan,95.53373445020017,0.25993144338175256,0.029916203274004082,65.96139867760091,0.011246706765149384,0.0003412236838251992,395.766098116481,0.06737209621493889,0.000341227681564165,0.0014384698284953638,3.3604034159747742e-06,0.030087170784709703,5.583767420305172e-06,1.2940522187232977e-08,0.030178070030746042,56.5,0.5,0.02546814893882151,56.5,0.5,0.02546814893882151,56.0,1.0,0.01905971098888546,2790.0,0.0,0.001701063830106713,2790.0,0.0,0.0,1.0,0.0,0.0017084158077624782,2790.0,0.0,0.0009070063559926515,13801.0,0.0,0.0
5060ti,RTX 5060 Ti,gpu,axpy_5060ti_20260727_141707,axpy_5060ti_20260727_141707_session1,1,256000000,-1,10,10,0,0,0,0x0,130.0,0.0077675147423076915,5.271423076918386e-07,0.00018476203848665453,0.007767469435471755,5.303016075725725e-07,0.00018475535979480752,0.7298769230769231,0.0039961538461538715,0.043170118302470736,0.7298769230769231,0.0039961538461538715,0.043170118302470736,nan,nan,nan,93.96982136736997,0.49193584185067607,0.04311562101912145,65.91593367383723,0.004500270623033487,0.0001848032594742296,395.4932951701037,0.02684042233784112,0.00018481005624869883,0.005669057591985799,3.239911555979287e-05,0.04322530036737642,4.403237498162041e-05,2.622110455734887e-07,0.04328116399432572,54.0,0.0,0.0,54.0,0.0,0.0,54.0,0.0,0.0,2790.0,0.0,0.0,2790.0,0.0,0.0,1.0,0.0,0.0,2790.0,0.0,0.0,13801.0,0.0,0.0
5060ti,RTX 5060 Ti,gpu,axpy_5060ti_20260727_141707,axpy_5060ti_20260727_141707_session2,2,1000000,-1,10,10,0,0,0,0x0,122130.0,8.188074392041267e-06,2.3622369607411786e-12,7.322135939890665e-07,8.188042374800419e-06,2.4987781991941873e-12,6.530693197832387e-07,0.0011128838123311226,9.661835748791788e-07,0.00659413681287902,0.0011128838123311226,9.661835748791788e-07,0.00659413681287902,nan,nan,nan,135.915189160164,0.11807340765864183,0.006594513163307153,244.25862843055415,7.454142104279526e-05,6.530688143413197e-07,1465.5460399412136,0.00042280589843812777,7.322129896848347e-07,9.112376529817007e-09,7.906186048878345e-12,0.006593760521143303,7.461282579646165e-14,6.46955242509084e-17,0.0065933842881101485,67.0,1.0,0.012186516133249642,67.0,1.0,0.014223137901806803,67.0,1.0,0.012186516133249642,2752.0,0.0,0.0,2752.0,0.0,0.0,1.0,0.0,0.0,2752.0,0.0,0.0,13801.0,0.0,0.0
5060ti,RTX 5060 Ti,gpu,axpy_5060ti_20260727_141707,axpy_5060ti_20260727_141707_session2,2,2000000,-1,10,10,0,0,0,0x0,69789.0,1.4329123006490994e-05,3.904626803296111e-12,3.1236969662994597e-06,1.4329069682783775e-05,2.6237009941826686e-12,2.123124892675734e-06,0.002028944389516973,9.170499648942197e-07,0.004144989771247885,0.002028944389516973,9.170499648942197e-07,0.004144989771247885,nan,nan,nan,141.59515983147844,0.06401814785866122,0.004144683874045457,279.1528053496705,5.111381719302699e-05,2.1231141004617706e-06,1674.9105991433094,0.0004564062076042319,3.123672584189427e-06,2.9073135979716402e-08,1.3136596281993928e-11,0.004145298008121629,4.165945799610595e-13,1.8817965551360278e-16,0.0041456085842000705,69.0,0.0,0.01032272673265033,68.5,0.5,0.012053771630286451,69.0,0.0,0.01032272673265033,2752.0,0.0,0.0014994128324457676,2752.0,0.0,0.0014029796443207898,1.0,0.0,0.0009168679791731866,2752.0,0.0,0.0013774986177588408,13801.0,0.0,0.0
5060ti,RTX 5060 Ti,gpu,axpy_5060ti_20260727_141707,axpy_5060ti_20260727_141707_session2,2,4000000,-1,10,10,0,0,0,0x0,37579.0,2.6613832286649458e-05,1.3165464754251726e-09,5.965695203732259e-05,2.661370917662624e-05,1.3115274135006103e-09,5.9567614791149956e-05,0.004747318981345965,1.7616221826019605e-05,0.004544733429665196,0.004747318981345965,1.7616221826019605e-05,0.004544733429665196,nan,nan,nan,178.38285286641508,0.6593181603010407,0.004573197883101129,300.59695749771004,0.014813239809257084,5.956670931930399e-05,1803.5734019928589,0.08921878172998277,5.965606651188079e-05,1.2634082900067145e-07,4.706780404329073e-10,0.004516876015259952,3.36231989788294e-12,1.2575596318659763e-14,0.0044896369747490315,70.5,0.5,0.019548078736181137,70.0,1.0,0.021631398066352905,70.5,0.5,0.019548078736181137,2711.0,4.0,0.003233842670830296,2707.0,7.0,0.0026169708293267697,1.0,0.0,0.0014311769156562556,2709.0,6.0,0.0028544296211745353,13801.0,0.0,0.0
5060ti,RTX 5060 Ti,gpu,axpy_5060ti_20260727_141707,axpy_5060ti_20260727_141707_session2,2,8000000,-1,10,10,0,0,0,0x0,4161.0,0.00024185449519346312,1.2902427301125221e-08,0.0001380061333324802,0.00024185190931933057,1.2893511738460458e-08,0.00013915349689442238,0.023067051189617882,8.231194424417401e-05,0.030824856317497203,0.023067051189617882,8.231194424417401e-05,0.030824856317497203,nan,nan,nan,95.36831324599747,0.3452379903591307,0.030826663183814787,66.15618643213043,0.003526799826474303,0.00013916721172093936,396.932874558097,0.021175250316957772,0.0001380197425419883,5.579304492533408e-06,1.962075134217186e-08,0.030823647886864567,1.3494849788065041e-09,4.67599659068804e-12,0.030823037784602696,54.0,0.0,0.0,54.0,0.0,0.0,54.0,0.0,0.0,2790.0,0.0,0.0,2790.0,0.0,0.0,1.0,0.0,0.0,2790.0,0.0,0.0,13801.0,0.0,0.0
5060ti,RTX 5060 Ti,gpu,axpy_5060ti_20260727_141707,axpy_5060ti_20260727_141707_session2,2,16000000,-1,10,10,0,0,0,0x0,2063.0,0.0004852657011633544,4.176199709155946e-08,0.0005162419069797865,0.00048526341211316195,4.131633335100176e-08,0.0005160847375197808,0.04677653902084343,0.00017595734367426008,0.005338395357951532,0.04677653902084343,0.00017595734367426008,0.005338395357951532,nan,nan,nan,96.38942039833341,0.41822483679187883,0.005318511443852542,65.94356632400846,0.0056140924803003145,0.000516439934970332,395.65953156665194,0.034047539086685674,0.0005165972937362975,2.270004943908003e-05,7.961991340750138e-08,0.005407554991648063,1.1010958405228495e-08,3.817865470893238e-11,0.005524040346178125,57.0,1.0,0.018492851813850172,57.0,1.0,0.018492851813850172,56.5,0.5,0.014519798983219834,2790.0,0.0,0.001701063830106713,2790.0,0.0,0.0,1.0,0.0,0.0017084158077624782,2790.0,0.0,0.0009070063559926515,13801.0,0.0,0.0
5060ti,RTX 5060 Ti,gpu,axpy_5060ti_20260727_141707,axpy_5060ti_20260727_141707_session2,2,32000000,-1,10,10,0,0,0,0x0,1032.0,0.0009697467596899226,2.2600048449605012e-07,0.00038491355322850713,0.0009697414664335028,2.2613170535076181e-07,0.0003868526688855382,0.09031443798449612,9.932170542635566e-05,0.003716336719566692,0.09031443798449612,9.932170542635566e-05,0.003716336719566692,nan,nan,nan,93.16409582313395,0.12152368904691713,0.003667993016828458,65.99697158249072,0.01538608041084899,0.00038694058246185723,395.97966807663636,0.09226191661727512,0.00038499932676775133,8.757992467493646e-05,1.328344270331235e-07,0.0038030860971695764,8.494051052436847e-08,2.0109092506900595e-10,0.003925670816042639,47.5,0.5,0.022739441047045127,47.0,1.0,0.021881261842979758,47.5,0.5,0.022739441047045127,2797.0,0.0,0.0,2797.0,0.0,0.0,1.0,0.0,0.0,2797.0,0.0,0.0,13801.0,0.0,0.0
5060ti,RTX 5060 Ti,gpu,axpy_5060ti_20260727_141707,axpy_5060ti_20260727_141707_session2,2,64000000,-1,10,10,0,0,0,0x0,517.0,0.001939163088974855,3.821982591877644e-07,0.00024767908110027764,0.001939154147179491,3.8557218629106833e-07,0.0003230047576967533,0.18249806576402322,0.0006286266924564882,0.03094848838599454,0.18249806576402322,0.0006286266924564882,0.03094848838599454,nan,nan,nan,94.14242471680308,0.3113530537375837,0.03085323361583221,66.00816156490623,0.013122246195706566,0.00032306801799695004,396.0471431435383,0.07806115826190307,0.00024770468753197906,0.00035377827065632706,1.3152581844745018e-06,0.031045437040317946,6.858103675322438e-07,2.79162709039881e-09,0.031144063135077435,51.0,1.0,0.020171788261496962,51.0,1.0,0.02033062123993395,51.0,1.0,0.020171788261496962,2797.0,0.0,0.0010557515916048389,2797.0,0.0,0.0012098183265152726,1.0,0.0,0.0007916154783527649,2797.0,0.0,0.0010772361944892401,13801.0,0.0,0.0
5060ti,RTX 5060 Ti,gpu,axpy_5060ti_20260727_141707,axpy_5060ti_20260727_141707_session2,2,128000000,-1,10,10,0,0,0,0x0,259.0,0.0038795916216216217,7.329169884170896e-07,0.0004957697556880267,0.0038795761049484193,7.394915842182451e-07,0.0004957840699882544,0.36802702702702705,0.0009613899613899746,0.0036714884757597798,0.36802702702702705,0.0009613899613899746,0.0036714884757597798,nan,nan,nan,94.93031368138338,0.22242108804906735,0.0037108849172040365,65.98659060851757,0.01258023275013187,0.0004960736136029335,395.91796014945,0.0748095550895016,0.0004960598138535266,0.0014276702824456255,3.95884717012266e-06,0.0036985598261914387,5.53841186496148e-06,1.8622479144699522e-08,0.0037905617542397553,55.0,0.0,0.01737575149423194,55.0,0.0,0.01737575149423194,55.0,0.0,0.008735007080282966,2790.0,0.0,0.0,2790.0,0.0,0.0,1.0,0.0,0.0,2790.0,0.0,0.0,13801.0,0.0,0.0
5060ti,RTX 5060 Ti,gpu,axpy_5060ti_20260727_141707,axpy_5060ti_20260727_141707_session2,2,256000000,-1,10,10,0,0,0,0x0,129.0,0.0077639238798449615,2.3007015503870125e-06,0.0003172009573874512,0.007763499651768411,2.688858860222347e-06,0.00039228081944539165,0.7360658914728682,0.0021589147286822374,0.0038831295983036886,0.7360658914728682,0.0021589147286822374,0.0038831295983036886,nan,nan,nan,94.80999019727807,0.26906966799964493,0.0038145789790121894,65.9496430442486,0.02284129766162124,0.00039229594947615094,395.67622822160956,0.11723197015595588,0.00031720508800767085,0.005714514430501923,1.6743097735441755e-05,0.003975839339629026,4.4366736755316655e-05,1.1629609880404866e-07,0.004091065070739791,55.0,0.0,0.009457834789273301,55.0,0.0,0.009457834789273301,54.5,0.5,0.009670573884306971,2790.0,0.0,0.0,2790.0,0.0,0.0,1.0,0.0,0.0,2790.0,0.0,0.0,13801.0,0.0,0.0
5060ti,RTX 5060 Ti,gpu,axpy_5060ti_20260727_141707,axpy_5060ti_20260727_141707_session3,3,1000000,-1,10,10,0,0,0,0x0,122130.0,8.188072942765906e-06,1.895521165600118e-12,5.97383782984912e-06,8.188043874067336e-06,2.9985338366613325e-12,4.5145583182202304e-07,0.0011103864734299516,1.084909522639974e-06,0.0015045524308519584,0.0011103864734299516,1.084909522639974e-06,0.0015045524308519584,nan,nan,nan,135.61022073174252,0.13251142841018293,0.0015020946688049507,244.2585837057228,8.944963533963346e-05,4.5145587949869433e-07,1465.5462993404522,0.00033927084359675064,5.973747985291332e-06,9.091926211190982e-09,8.882469049014971e-12,0.0015070299743307081,7.444536132938078e-14,7.272335068944896e-17,0.001509527202911023,68.0,1.0,0.017632091306890498,68.0,1.0,0.02124030930133982,68.0,1.0,0.017632091306890498,2752.0,3.5,0.001797866299901979,2748.5,3.5,0.0013423045067720973,1.0,0.0,0.001150979728278163,2750.0,3.5,0.0014829899463039582,13801.0,0.0,0.0
5060ti,RTX 5060 Ti,gpu,axpy_5060ti_20260727_141707,axpy_5060ti_20260727_141707_session3,3,2000000,-1,10,10,0,0,0,0x0,69789.0,1.432911731791543e-05,3.976271331781415e-12,7.905803909748707e-07,1.432907186920127e-05,5.24740198921237e-12,6.849891767615272e-07,0.002034683116250412,3.682528765278385e-06,0.006591716308820121,0.002034683116250412,3.682528765278385e-06,0.006591716308820121,nan,nan,nan,141.99656833395224,0.25674558901044975,0.006591960317117285,279.1527627548265,0.00010222763441447569,6.849893044779124e-07,1674.9112640729982,0.0004647809140578829,7.90580545867139e-07,2.915517911544527e-08,5.281884395925371e-11,0.00659147238630249,4.177674953239135e-13,7.575847482891649e-16,0.006591228549573838,69.5,0.5,0.010075012950721916,69.0,1.0,0.01139899765529791,69.5,0.5,0.010075012950721916,2752.0,0.0,0.001224976819743707,2752.0,0.0,0.0009189996106272535,1.0,0.0,0.0009168679791731866,2752.0,0.0,0.000980602292184444,13801.0,0.0,0.0
5060ti,RTX 5060 Ti,gpu,axpy_5060ti_20260727_141707,axpy_5060ti_20260727_141707_session3,3,4000000,-1,10,10,0,0,0,0x0,37578.0,2.6613515447868433e-05,4.679732822398576e-10,5.006656185224544e-05,2.6613381958495076e-05,4.336682824657704e-10,5.030212805576005e-05,0.004748283570174037,1.6978019053701717e-05,0.0043336955131284246,0.004748283570174037,1.6978019053701717e-05,0.0043336955131284246,nan,nan,nan,178.41827965623884,0.6373608939247077,0.00430390061633535,300.6006531787573,0.004898403487715086,5.029899552840993e-05,1803.5948724802092,0.03171503893383942,5.0063474963399555e-05,1.2636707913444555e-07,4.522600648387176e-10,0.00436386787727613,3.3630339161685063e-12,1.2047282270028987e-14,0.004394410039695992,71.5,0.5,0.00737127659712909,71.0,0.0,0.007232461897679583,71.5,0.5,0.00737127659712909,2707.0,0.0,0.001090870472165319,2707.0,0.0,0.0012500725501044532,1.0,0.0,0.0008179412342009047,2707.0,0.0,0.0011130750446681666,13801.0,0.0,0.0
5060ti,RTX 5060 Ti,gpu,axpy_5060ti_20260727_141707,axpy_5060ti_20260727_141707_session3,3,8000000,-1,10,10,0,0,0,0x0,4112.0,0.00024306429559824903,5.7284533073944256e-08,0.0005101478351259775,0.0002430634183178616,5.7398577144640085e-08,0.0005101897365995588,0.023050826848249027,2.2251945525292652e-05,0.006755188668712624,0.023050826848249027,2.2251945525292652e-05,0.006755188668712624,nan,nan,nan,94.84306792160046,0.08225687264261694,0.00679610882501838,65.82644196722474,0.015548386352257637,0.0005104711742851583,394.9572262977706,0.09310423984402405,0.0005104294855479336,5.602463981214763e-06,6.719645950325948e-09,0.006752986187893466,1.3613820225361953e-09,2.665571905057817e-12,0.0067894753299933925,48.0,1.0,0.024890207894758105,48.0,1.0,0.02430821401946343,48.0,1.0,0.024890207894758105,2797.0,0.0,0.0,2797.0,0.0,0.0,1.0,0.0,0.0,2797.0,0.0,0.0,13801.0,0.0,0.0
5060ti,RTX 5060 Ti,gpu,axpy_5060ti_20260727_141707,axpy_5060ti_20260727_141707_session3,3,16000000,-1,10,10,0,0,0,0x0,2061.0,0.0004853435885492479,9.40902474525938e-09,0.00020022577942726806,0.000485341538045662,9.417360352962593e-09,0.00020026960864085195,0.04649369238233868,0.00011305191654537375,0.003180608550267784,0.04649369238233868,0.00011305191654537375,0.003180608550267784,nan,nan,nan,95.77349742132976,0.20989204936888228,0.003208264635791743,65.93295131686241,0.0012793190409752242,0.00020018269977369434,395.5960365602307,0.007669065214599868,0.00020013894155902306,2.25658484539672e-05,5.511139103227623e-08,0.0031654254304775264,1.0952400006640055e-08,2.6522725884764447e-11,0.003162911448596231,54.0,0.0,0.009492606240704454,54.0,0.0,0.009492606240704454,54.0,0.0,0.008895872772369208,2790.0,0.0,0.0,2790.0,0.0,0.0,1.0,0.0,0.0,2790.0,0.0,0.0,13801.0,0.0,0.0
5060ti,RTX 5060 Ti,gpu,axpy_5060ti_20260727_141707,axpy_5060ti_20260727_141707_session3,3,32000000,-1,10,10,0,0,0,0x0,1031.0,0.0009699357885548012,5.559117361786988e-08,0.00021593212255777958,0.0009699313055532402,5.443436098146468e-08,0.00021594081963614446,0.09347478176527643,0.0005130940834141562,0.0069689240883847,0.09347478176527643,0.0005130940834141562,0.0069689240883847,nan,nan,nan,96.36429809323495,0.5404761095124471,0.00707920699147676,65.98405437641526,0.0037033494563871727,0.00021600677389461336,395.9024964011836,0.02269213035276607,0.00021599754827047435,9.067190865853544e-05,4.807320411110943e-07,0.006863777401095883,8.795308074114363e-08,4.4985789174291116e-10,0.00676400014143262,57.0,1.0,0.018055866415885396,57.0,1.0,0.018055866415885396,57.0,1.0,0.01538831345818828,2790.0,0.0,0.0,2790.0,0.0,0.0,1.0,0.0,0.0,2790.0,0.0,0.0,13801.0,0.0,0.0
5060ti,RTX 5060 Ti,gpu,axpy_5060ti_20260727_141707,axpy_5060ti_20260727_141707_session3,3,64000000,-1,10,10,0,0,0,0x0,516.0,0.0019398794244186047,2.0162790697675955e-07,0.000301530053402149,0.0019398713814195738,1.9534798555587846e-07,0.0003009543005124929,0.18314341085271318,0.0003817829457364308,0.003525999368602394,0.18314341085271318,0.0003817829457364308,0.003525999368602394,nan,nan,nan,94.40744171344323,0.23309295539624486,0.0036621199519087737,65.98375605183216,0.006643966945965474,0.00030102672959444885,395.9008948438302,0.04114477870416522,0.00030160262531840853,0.0003552845871292797,7.1263712470891e-07,0.003411200741667115,6.892250847408115e-07,1.3463908154424593e-09,0.0033199168224763735,52.0,1.0,0.016870809937782526,51.5,0.5,0.018722708974404957,52.0,1.0,0.016870809937782526,2790.0,0.0,0.001294322707125557,2790.0,0.0,0.0012110315679157392,1.0,0.0,0.0007916154783527649,2790.0,0.0,0.0011841280396922356,13801.0,0.0,0.0
5060ti,RTX 5060 Ti,gpu,axpy_5060ti_20260727_141707,axpy_5060ti_20260727_141707_session3,3,128000000,-1,10,10,0,0,0,0x0,259.0,0.0038805342702702703,5.100463320460626e-07,0.00024845052336140943,0.0038805197933005553,5.120826043678289e-07,0.0002483988937332701,0.3667567567567568,0.0009575289575289858,0.0032736882242119917,0.3667567567567568,0.0009575289575289858,0.0032736882242119917,nan,nan,nan,94.52309539265039,0.26302006449157744,0.0032069699614021103,65.97054354572674,0.008704704581973033,0.000248453563105651,395.82178459052795,0.05202008938775293,0.0002485053679847246,0.0014230439748257181,3.6137347427586805e-06,0.003357426720306986,5.521518440864192e-06,1.4412348361860656e-08,0.003456937068773727,54.0,0.0,0.0,54.0,0.0,0.0,54.0,0.0,0.0,2790.0,0.0,0.0,2790.0,0.0,0.0,1.0,0.0,0.0,2790.0,0.0,0.0,13801.0,0.0,0.0
5060ti,RTX 5060 Ti,gpu,axpy_5060ti_20260727_141707,axpy_5060ti_20260727_141707_session3,3,256000000,-1,10,10,0,0,0,0x0,129.0,0.007765143895348837,1.4610387596893787e-06,0.00029661785117282433,0.007765105491460755,1.4714677204464253e-06,0.00036136930610340787,0.7419147286821706,0.0029186046511627817,0.005022073639140301,0.7419147286821706,0.0029186046511627817,0.005022073639140301,nan,nan,nan,95.553305128023,0.37959352436129024,0.005145098237137373,65.93600066297815,0.012492430619154504,0.000361430181128577,395.6140473493803,0.07442267450059603,0.00029665264356354415,0.00576052815331831,2.1996234654167446e-05,0.004913945428727216,4.472709021061383e-05,1.565166621008077e-07,0.004821709485033471,56.0,1.0,0.01882308131052607,56.0,1.0,0.01882308131052607,55.5,0.5,0.014780477600512829,2790.0,0.0,0.0,2790.0,0.0,0.0,1.0,0.0,0.0,2790.0,0.0,0.0,13801.0,0.0,0.0
5060ti,RTX 5060 Ti,gpu,axpy_5060ti_20260727_141707,axpy_5060ti_20260727_141707_session4,4,1000000,-1,10,10,0,0,0,0x0,122130.0,8.18806852534185e-06,6.15737329101373e-12,2.9724927787302557e-06,8.188041625166959e-06,3.4982894775166095e-12,1.7860014711217198e-06,0.0010727175960042576,6.35388520429036e-06,0.00874255495899534,0.0010727175960042576,6.35388520429036e-06,0.00874255495899534,nan,nan,nan,131.00983275281382,0.7765162187617705,0.008743763018965187,244.2586507929753,0.00010435802255415183,1.7859963101899055e-06,1465.5470899957677,0.0011020824496199566,2.9724757794277184e-06,8.783486068172133e-09,5.199097919841832e-11,0.008741347722224103,7.191979305382613e-14,4.254185562422287e-16,0.00874014130900969,58.5,1.5,0.035355195572623524,58.0,2.0,0.03681813921777659,58.5,1.5,0.035355195572623524,2767.0,0.0,0.002288189334419956,2767.0,0.0,0.0026228736192198078,1.0,0.0,0.001715211169861704,2767.0,0.0,0.002319169048580953,13801.0,0.0,0.0
5060ti,RTX 5060 Ti,gpu,axpy_5060ti_20260727_141707,axpy_5060ti_20260727_141707_session4,4,2000000,-1,10,10,0,0,0,0x0,69789.0,1.4329127369642781e-05,7.0068348875568145e-12,1.0659706395229392e-06,1.4329082801288752e-05,2.6237009941826686e-12,9.500175820060607e-07,0.0020030592213672645,3.395950651249131e-06,0.006314041905274038,0.0020030592213672645,3.395950651249131e-06,0.006314041905274038,nan,nan,nan,139.78934388992676,0.23685001312165355,0.006313845433721765,279.1525497808028,5.111371734756176e-05,9.500195521101332e-07,1674.9100891409405,0.0008190184387331101,1.0659725865672951e-06,2.8702089391482673e-08,4.869105240155108e-11,0.006314238548022039,4.1127587574497e-13,6.981307795038617e-16,0.00631443536194881,68.0,0.5,0.013553636924375834,68.0,0.5,0.014397412086037778,68.0,0.5,0.013553636924375834,2760.0,0.0,0.0014013515855516331,2760.0,0.0,0.0014985425986486427,1.0,0.0,0.0009168679791731866,2760.0,0.0,0.0013762995764551194,13801.0,0.0,0.0
5060ti,RTX 5060 Ti,gpu,axpy_5060ti_20260727_141707,axpy_5060ti_20260727_141707_session4,4,4000000,-1,10,10,0,0,0,0x0,37575.0,2.6621059441117764e-05,5.403592814391992e-10,7.187469405031135e-05,2.6620978420762642e-05,5.433468999519044e-10,7.149091183771544e-05,0.004748077178975383,1.383898868928795e-05,0.003880151324676985,0.004748077178975383,1.383898868928795e-05,0.003880151324676985,nan,nan,nan,178.34904015394585,0.5208024043230495,0.0038516314779706504,300.51487490914235,0.0061335658545260685,7.149416719796588e-05,1803.0837618115465,0.0365988050548367,7.187805955498329e-05,1.2640514851843727e-07,3.7577465909488193e-10,0.003909777980463342,3.3652067937544117e-12,1.0222044407375639e-14,0.003940486295810125,68.5,0.5,0.01849285181385017,68.0,1.0,0.0196078431372549,68.5,0.5,0.01849285181385017,2729.5,7.5,0.005388184703603809,2722.0,3.5,0.0036264505906070913,1.0,0.0,0.002845018587988985,2725.5,5.5,0.004388530631786492,13801.0,0.0,0.0
5060ti,RTX 5060 Ti,gpu,axpy_5060ti_20260727_141707,axpy_5060ti_20260727_141707_session4,4,8000000,-1,10,10,0,0,0,0x0,4105.0,0.00024363278623629718,2.1935444579821144e-08,0.00018736514573204223,0.00024363181036369521,2.203510391286681e-08,0.00018724575842070102,0.023366747868453108,7.06455542021922e-05,0.004004883782470419,0.023366747868453108,7.06455542021922e-05,0.004004883782470419,nan,nan,nan,95.93940253294048,0.29388403825690546,0.004087976727511413,65.67286917574101,0.005939231766546982,0.00018726157655855937,394.0356367477471,0.035473965636157345,0.00018738101772386543,5.691143489520994e-06,1.6979083155416192e-08,0.003928993207750679,1.386119900403142e-09,4.080017277322747e-12,0.0038607274572001545,54.0,0.0,0.0,54.0,0.0,0.0,54.0,0.0,0.0,2790.0,0.0,0.0,2790.0,0.0,0.0,1.0,0.0,0.0,2790.0,0.0,0.0,13801.0,0.0,0.0
5060ti,RTX 5060 Ti,gpu,axpy_5060ti_20260727_141707,axpy_5060ti_20260727_141707_session4,4,16000000,-1,10,10,0,0,0,0x0,2061.0,0.0004852975749636099,4.998277535180691e-08,0.0006376464984642666,0.0004852952212167562,5.029995773435207e-08,0.0006395578449079679,0.046286754002911205,0.00014944201843765034,0.003317634431090023,0.046286754002911205,0.00014944201843765034,0.003317634431090023,nan,nan,nan,95.36828536171922,0.2354138283426721,0.00333116432521671,65.93924399333093,0.0068348543902061465,0.0006401151167346029,395.6335450805447,0.040743421073329955,0.0006382002406709426,2.2465157988712535e-05,6.0298726214954e-08,0.0034249893764488368,1.090340713483247e-08,2.94492272011304e-11,0.003642265704261611,54.0,0.0,0.0,54.0,0.0,0.0,54.0,0.0,0.0,2790.0,0.0,0.0,2790.0,0.0,0.0,1.0,0.0,0.0,2790.0,0.0,0.0,13801.0,0.0,0.0
5060ti,RTX 5060 Ti,gpu,axpy_5060ti_20260727_141707,axpy_5060ti_20260727_141707_session4,4,32000000,-1,10,10,0,0,0,0x0,1031.0,0.0009708095193986421,6.060911736177014e-08,0.0002410727392167926,0.0009708061625261427,6.070955648341658e-08,0.00024094053349231817,0.09262997090203685,0.00022356935014548884,0.0028733590700579063,0.09262997090203685,0.00022356935014548884,0.0028733590700579063,nan,nan,nan,95.42034334771611,0.2650660039828736,0.0029489568392376043,65.92459182038566,0.0041225446304054,0.00024106848859997427,395.54618319511064,0.02469416001562763,0.00024120082278447514,8.992119720596287e-05,1.8429298330371863e-07,0.002816553878409433,8.729163606981896e-08,1.718181158808087e-10,0.002779660173593165,54.0,0.0,0.0,54.0,0.0,0.0,54.0,0.0,0.0,2790.0,0.0,0.0,2790.0,0.0,0.0,1.0,0.0,0.0,2790.0,0.0,0.0,13801.0,0.0,0.0
5060ti,RTX 5060 Ti,gpu,axpy_5060ti_20260727_141707,axpy_5060ti_20260727_141707_session4,4,64000000,-1,10,10,0,0,0,0x0,516.0,0.00193949921996124,6.62100775193652e-07,0.0006047573666325627,0.0019394857717114826,6.586710611979898e-07,0.0006045046200637914,0.18527325581395349,0.0004777131782945643,0.003656776691724398,0.18527325581395349,0.0004777131782945643,0.003656776691724398,nan,nan,nan,95.5639148968558,0.23628067129862274,0.003550750810349849,65.99687649895489,0.022412504467844485,0.0006048258496178453,395.9785129333301,0.1351737567703708,0.0006050790246488144,0.00035919616467489936,9.668034162253433e-07,0.0038553831596562275,6.963989730898964e-07,1.9827160642011012e-09,0.004133105665220572,55.0,0.0,0.012740662724081938,55.0,0.0,0.012740662724081938,55.0,0.0,0.011457527754233258,2790.0,0.0,0.0,2790.0,0.0,0.0,1.0,0.0,0.0,2790.0,0.0,0.0,13801.0,0.0,0.0
5060ti,RTX 5060 Ti,gpu,axpy_5060ti_20260727_141707,axpy_5060ti_20260727_141707_session4,4,128000000,-1,10,10,0,0,0,0x0,258.0,0.00388178571124031,2.4753294573624796e-07,0.000131097219254353,0.003881204412889111,2.625931140986387e-07,0.0001791149513229938,0.36461434108527135,0.0013003875968992107,0.00398250307463208,0.36461434108527135,0.0013003875968992107,0.00398250307463208,nan,nan,nan,93.92480951217125,0.3278301523248288,0.0039689481421731725,65.95890676887328,0.0044626713049780165,0.00017915213164613575,395.6941764218885,0.025232466681131882,0.00013111459455703757,0.0014154260059345892,5.138046004927533e-06,0.004000338278793792,5.494512572438177e-06,2.0295009532510175e-08,0.004022395105625564,51.5,0.5,0.010233908285334561,51.0,0.0,0.010046649406504325,51.0,0.0,0.010046649406504325,2790.0,0.0,0.0,2790.0,0.0,0.0,1.0,0.0,0.0,2790.0,0.0,0.0,13801.0,0.0,0.0
5060ti,RTX 5060 Ti,gpu,axpy_5060ti_20260727_141707,axpy_5060ti_20260727_141707_session4,4,256000000,-1,10,10,0,0,0,0x0,129.0,0.007766113372093023,2.951279069770933e-07,8.525785399118129e-05,0.007766087495079336,2.9926152192352035e-07,8.546969038123596e-05,0.7406666666666666,0.0024457364341085586,0.00479767192001595,0.7406666666666666,0.0024457364341085586,0.00479767192001595,nan,nan,nan,95.37406922398324,0.30788397379984644,0.004801764542337689,65.92766310536419,0.0025405231867381417,8.54716959583477e-05,395.56466059143906,0.015032461700172917,8.525986217555891e-05,0.005752184693121536,1.9418421366234652e-05,0.00479509863088525,4.467276608328182e-05,1.541023834786776e-07,0.00479404701372518,55.5,0.5,0.023809523809523808,55.5,0.5,0.023809523809523808,55.0,0.0,0.015166799329344744,2790.0,0.0,0.001701063830106713,2790.0,0.0,0.0,1.0,0.0,0.0017084158077624782,2790.0,0.0,0.0009070063559926515,13801.0,0.0,0.0
5060ti,RTX 5060 Ti,gpu,axpy_5060ti_20260727_141707,axpy_5060ti_20260727_141707_session5,5,1000000,-1,10,10,0,0,0,0x0,122130.0,8.188062994350283e-06,1.5229673296405458e-12,3.214767677419922e-07,8.188041375289139e-06,1.9990225583389103e-12,3.034057644665652e-07,0.001116310488823385,1.1667894866127307e-06,0.007807346151414302,0.001116310488823385,1.1667894866127307e-06,0.007807346151414302,nan,nan,nan,136.33388015391589,0.1425310434765663,0.0078073037678406225,244.25865824711656,5.963312665357989e-05,3.0340578194615103e-07,1465.548079964696,0.0002725896780475523,3.214767430925352e-07,9.140421339510555e-09,9.551586822035866e-12,0.007807388548051443,7.484235174735487e-14,7.819131660700389e-17,0.007807430957751885,68.0,1.0,0.019968892239957188,67.5,1.0,0.02196026152894708,68.0,1.0,0.019968892239957188,2752.0,7.0,0.0022269248448193845,2752.0,7.0,0.002381288438301229,1.0,0.0012718023255813837,0.0020964436525360047,2754.0,4.0,0.002065941204921608,13801.0,0.0,0.0
5060ti,RTX 5060 Ti,gpu,axpy_5060ti_20260727_141707,axpy_5060ti_20260727_141707_session5,5,2000000,-1,10,10,0,0,0,0x0,69789.0,1.4329117998538452e-05,6.806230209492029e-12,2.384802215456175e-06,1.4329078428453759e-05,6.121968988402637e-12,1.389059903841119e-06,0.002037355457163737,4.714209975784436e-06,0.0038018067048287006,0.002037355457163737,4.714209975784436e-06,0.0038018067048287006,nan,nan,nan,142.18296175966333,0.329015016318678,0.0038034521268048133,279.1526349703755,0.00011926550479302023,1.3890563157072139e-06,1674.911184515891,0.0007955706452094091,2.3847894824119496e-06,2.9193492718573128e-08,6.754638696925706e-11,0.0038001620358331387,4.183168008866021e-13,9.678216283579045e-16,0.0037985181208198093,70.0,0.0,0.0,70.0,0.0,0.0,70.0,0.0,0.0,2752.0,0.0,0.0,2752.0,0.0,0.0,1.0,0.0,0.0,2752.0,0.0,0.0,13801.0,0.0,0.0
5060ti,RTX 5060 Ti,gpu,axpy_5060ti_20260727_141707,axpy_5060ti_20260727_141707_session5,5,4000000,-1,10,10,0,0,0,0x0,37577.0,2.6615661455145433e-05,1.261689331241272e-09,6.088388588785744e-05,2.6615595891800085e-05,1.266117686271289e-09,6.10610683300765e-05,0.0047548633472602915,1.6140192138808327e-05,0.004058996477119749,0.0047548633472602915,1.6140192138808327e-05,0.004058996477119749,nan,nan,nan,178.64907630691584,0.6058769579619536,0.0041017999946957,300.57564867765495,0.014297852945219347,6.106180052093477e-05,1803.4494495535382,0.08548666210776901,6.0884602527695714e-05,1.2655383346425975e-07,4.299644524340987e-10,0.004016659623615802,3.3683139966556204e-12,1.1453968654974987e-14,0.003974804313551125,71.0,0.0,0.0059218682774688745,71.0,0.0,0.006639500292831432,71.0,0.0,0.0059218682774688745,2707.0,0.0,0.0008179412342008888,2707.0,0.0,0.001090870472165319,1.0,0.0,0.0008179412342009047,2707.0,0.0,0.0008959728270799946,13801.0,0.0,0.0
5060ti,RTX 5060 Ti,gpu,axpy_5060ti_20260727_141707,axpy_5060ti_20260727_141707_session5,5,8000000,-1,10,10,0,0,0,0x0,4114.0,0.00024310726288283906,6.554982984928676e-08,0.0003576063177428112,0.00024310572748921367,6.555270731420891e-08,0.00035763184569068016,0.02297909577053962,8.070004861448869e-05,0.004905861032019398,0.02297909577053962,8.070004861448869e-05,0.004905861032019398,nan,nan,nan,94.52705864874454,0.30155809284962487,0.0049894407275049,65.81498581599263,0.017749745056057975,0.00035757308661746903,394.88742084694627,0.10649311460107924,0.0003575481539959683,5.586947307988314e-06,2.0581791178089923e-08,0.0048471957623036094,1.3582977264181427e-09,5.1331712599871715e-12,0.00481436870086435,48.5,0.5,0.022270586592466876,48.0,1.0,0.021427293754951133,48.5,0.5,0.022270586592466876,2797.0,0.0,0.0,2797.0,0.0,0.0,1.0,0.0,0.0,2797.0,0.0,0.0,13801.0,0.0,0.0
5060ti,RTX 5060 Ti,gpu,axpy_5060ti_20260727_141707,axpy_5060ti_20260727_141707_session5,5,16000000,-1,10,10,0,0,0,0x0,2064.0,0.00048525326719961237,1.229699612398231e-08,6.680056053520737e-05,0.00048525171501691955,1.3440154319636693e-08,6.71126962032497e-05,0.04634980620155039,0.00011119186046511936,0.003161773648858222,0.04634980620155039,0.00011119186046511936,0.003161773648858222,nan,nan,nan,95.50853360123187,0.23543368830567601,0.0031832416572738645,65.94515591378556,0.0018265438025864,6.710985219538271e-05,395.669669849786,0.010027029543948629,6.679774583634797e-05,2.2493325606295022e-05,5.3111184321900774e-08,0.0031415815557429,1.0915896754348251e-08,2.5818658778832896e-11,0.003122690309298687,54.0,0.0,0.005845245212880553,54.0,0.0,0.005845245212880553,54.0,0.0,0.0,2790.0,0.0,0.0,2790.0,0.0,0.0,1.0,0.0,0.0,2790.0,0.0,0.0,13801.0,0.0,0.0
5060ti,RTX 5060 Ti,gpu,axpy_5060ti_20260727_141707,axpy_5060ti_20260727_141707_session5,5,32000000,-1,10,10,0,0,0,0x0,1031.0,0.0009701755989330747,1.296731328806239e-07,0.00026538651125118553,0.0009701715093810622,1.2908550747167983e-07,0.000265384955164895,0.09256062075654704,0.0002516973811833162,0.03046563200665859,0.09256062075654704,0.0002516973811833162,0.03046563200665859,nan,nan,nan,95.42232787373902,0.2802493341063865,0.03028504688710397,65.96771752092141,0.008778379942320669,0.00026539343371996,395.80463666751905,0.052909660093234834,0.00026539525368658983,8.978222038944704e-05,2.4658932990532156e-07,0.030647646028015837,8.70762733283695e-08,2.4475704572030253e-10,0.03083106354911183,54.0,0.0,0.0,54.0,0.0,0.0,54.0,0.0,0.0,2790.0,0.0,0.0,2790.0,0.0,0.0,1.0,0.0,0.0,2790.0,0.0,0.0,13801.0,0.0,0.0
5060ti,RTX 5060 Ti,gpu,axpy_5060ti_20260727_141707,axpy_5060ti_20260727_141707_session5,5,64000000,-1,10,10,0,0,0,0x0,517.0,0.0019400951856866537,2.433752417803879e-08,0.00013175587083349277,0.0019400883274336618,2.420156098887228e-08,0.0001316885263338944,0.18240715667311413,0.0004439071566731262,0.00454756624226214,0.18240715667311413,0.0004439071566731262,0.00454756624226214,nan,nan,nan,94.01709335853457,0.2318091943706051,0.004606706792603228,65.97637756553834,0.0008230193617180248,0.0001317256136321865,395.85686603224747,0.004965829159772284,0.00013179299403435823,0.0003538970379908489,8.499220929537551e-07,0.004491580906439489,6.866129377170231e-07,1.6270075991889802e-09,0.004438866828161824,52.0,1.0,0.01993813820441399,51.5,0.5,0.020973270868633855,52.0,1.0,0.01993813820441399,2793.5,3.5,0.001320681559643139,2790.0,0.0,0.001294322707125557,1.0,0.0,0.0007916154783527649,2791.5,1.5,0.00124539236911862,13801.0,0.0,0.0
5060ti,RTX 5060 Ti,gpu,axpy_5060ti_20260727_141707,axpy_5060ti_20260727_141707_session5,5,128000000,-1,10,10,0,0,0,0x0,259.0,0.003881316648648649,1.0427046332045758e-06,0.00026668152376974443,0.0038813042953667956,1.0430177666508316e-06,0.0002668582400694551,0.36834749034749037,0.0013108108108107475,0.005265570653687929,0.36834749034749037,0.0013108108108107475,0.005265570653687929,nan,nan,nan,94.91868359010752,0.3066114618361553,0.005322205445009857,65.95720957729665,0.017720044527735013,0.0002668676983929423,395.7419979157533,0.10628768734287064,0.00026669084502645244,0.0014295318092656193,5.457296836212672e-06,0.005221924400173598,5.548033705655231e-06,2.2499268772465343e-08,0.005191592843541725,55.0,0.0,0.0057391609077466045,55.0,0.0,0.0057391609077466045,55.0,0.0,0.0,2790.0,0.0,0.0,2790.0,0.0,0.0,1.0,0.0,0.0,2790.0,0.0,0.0,13801.0,0.0,0.0
5060ti,RTX 5060 Ti,gpu,axpy_5060ti_20260727_141707,axpy_5060ti_20260727_141707_session5,5,256000000,-1,10,10,0,0,0,0x0,129.0,0.007765560527131782,5.067519379849117e-07,0.0001689255979109348,0.007765537468961968,5.076800205913376e-07,0.00020162255006715907,0.7448449612403101,0.0024961240310077404,0.005459492872000368,0.7448449612403101,0.0024961240310077404,0.005459492872000368,nan,nan,nan,95.91507841512514,0.32670310182738405,0.005417173509230854,65.93233270030969,0.004310318104167266,0.00020168780995354231,395.59282157028434,0.025814487335054537,0.00016896128254023185,0.00578422120869509,1.9066087775614776e-05,0.005506585063113255,4.491836235407034e-05,1.455913509314924e-07,0.005558325577075448,57.0,1.0,0.02351737134879975,57.0,1.0,0.02351737134879975,57.0,1.0,0.018492851813850172,2790.0,0.0,0.002269305819998837,2790.0,0.0,0.001701063830106713,1.0,0.0,0.0017084158077624782,2790.0,0.0,0.0018373026597559292,13801.0,0.0,0.0
amd,AMD Threadripper 3970X,cpu,axpy_amd_20260725_215406,axpy_amd_20260725_215406_session1,1,1000000,1,10,10,0,0,0,-1,11981.0,8.381634120691094e-05,1.340281278691227e-07,0.002668790370758585,8.381634120691094e-05,1.340281278691227e-07,0.002668790370758585,0.006484651907186378,1.210153576496108e-05,0.003066097343302472,0.006484651907186378,1.210153576496108e-05,0.003066097343302472,nan,nan,nan,77.43731390484476,0.043973907092230036,0.0008429556084999081,23.8617043024668,0.038170421501691365,0.0026657470066712248,143.1702258148008,0.22902252901013753,0.0026657470066712603,5.435199037373393e-07,2.2501465575377957e-09,0.005691135406452278,4.555587573658385e-11,2.6731751896140816e-13,0.008350052118382877,72.0,1.0,0.021194491331780176,72.0,1.0,0.021194491331780176,70.0,0.0,0.0,1861.5,6.5,0.008945348281835878,1793.0,0.0,0.008582788578853001,0.9764372619003561,0.008060182697474438,0.011784050135433257,-1.0,0.0,-0.0,-1.0,0.0,-0.0
amd,AMD Threadripper 3970X,cpu,axpy_amd_20260725_215406,axpy_amd_20260725_215406_session1,1,1000000,2,10,10,0,0,0,-1,21057.0,4.796767006221209e-05,7.774350572256131e-08,0.008981035202519428,4.796767006221209e-05,7.774350572256131e-08,0.008981035202519428,0.00454345771002517,5.08638457520031e-06,0.00743764133873397,0.00454345771002517,5.08638457520031e-06,0.00743764133873397,nan,nan,nan,94.67911285596095,0.14449515940139435,0.0036525528527817214,41.694755119905366,0.06765190820878786,0.00897591192257148,250.16853071943217,0.40591144925269873,0.008975911922571451,2.1805270357338493e-07,6.368163286832888e-10,0.01609219348757051,1.0459479864494951e-11,4.6668783070270054e-14,0.024993239987656336,72.5,1.0,0.018675950355484965,72.5,1.0,0.018675950355484965,70.5,0.5,0.01164459126377036,1909.5,1.0,0.00986085912430333,1851.0,19.0,0.013555337021434332,0.9788503980303629,0.018934167617873476,0.017322825917637667,-1.0,0.0,-0.0,-1.0,0.0,-0.0
amd,AMD Threadripper 3970X,cpu,axpy_amd_20260725_215406,axpy_amd_20260725_215406_session1,1,1000000,4,10,10,0,0,0,-1,35830.0,2.7426258624058053e-05,1.78605791236394e-07,0.009876568063800061,2.7426258624058053e-05,1.78605791236394e-07,0.009876568063800061,0.0033801835612615127,1.5329332961205823e-05,0.005724843807123729,0.0033801835612615127,1.5329332961205823e-05,0.005724843807123729,nan,nan,nan,123.22948649403631,0.24617224708190832,0.004317097451529741,72.92319477657324,0.47412112720283517,0.009835322623028343,437.5391686594394,2.844726763217011,0.00983532262302824,9.270599106100271e-08,1.024613371715244e-09,0.015564800601751716,2.5425972618603944e-12,4.4699924182086555e-14,0.02548610882485436,66.5,0.5,0.03269711022330673,66.5,1.0,0.03430478724048538,66.0,0.0,0.013246520964764193,1988.5,29.0,0.02031609912500554,1950.5,0.5,0.016338291566750984,0.9808902434213121,0.023227100891605956,0.026224924476100087,-1.0,0.0,-0.0,-1.0,0.0,-0.0
amd,AMD Threadripper 3970X,cpu,axpy_amd_20260725_215406,axpy_amd_20260725_215406_session1,1,1000000,8,10,10,0,0,0,-1,52349.0,1.9354914907639115e-05,7.809315364190294e-08,0.006631257906966106,1.9354914907639115e-05,7.809315364190294e-08,0.006631257906966106,0.002893248218686126,1.282863091940623e-05,0.004768141471483069,0.002893248218686126,1.282863091940623e-05,0.004768141471483069,nan,nan,nan,149.64754570097708,0.14233151086843066,0.002530008951575088,103.33319718551405,0.41682822693702093,0.0066438888554728745,619.9991831130842,2.5009693616221966,0.006643888855472934,5.599352311413096e-08,4.758023441944787e-10,0.01126848792276566,1.0837544916575268e-12,1.3814920988279582e-14,0.017849851775717802,65.5,0.5,0.01764842935659674,65.5,1.0,0.02067185344691084,65.0,0.0,0.007993773676382699,2154.5,44.0,0.025293156013211002,2130.5,33.0,0.019942658426439056,0.9966667437163816,0.016711799339490296,0.034522837293488595,-1.0,0.0,-0.0,-1.0,0.0,-0.0
amd,AMD Threadripper 3970X,cpu,axpy_amd_20260725_215406,axpy_amd_20260725_215406_session1,1,1000000,10,10,10,0,0,0,-1,55437.0,1.8440784845861065e-05,6.13469343579205e-08,0.0052500681712206,1.8440784845861065e-05,6.13469343579205e-08,0.0052500681712206,0.002879555369157783,5.133620145390165e-06,0.004148816230843886,0.002879555369157783,5.133620145390165e-06,0.004148816230843886,nan,nan,nan,156.16959230749976,0.23743200050881796,0.0018966647099936038,108.45526068547197,0.3615906651323897,0.0052285821959124614,650.7315641128318,2.1695439907943523,0.005228582195912453,5.313265485922217e-08,2.78766965494651e-10,0.00929612519445074,9.803878243068125e-13,8.386780667944535e-15,0.014556879767823957,63.5,0.5,0.03072086424907318,63.5,1.5,0.03336103694380695,62.5,0.5,0.008432740427115679,2275.0,35.0,0.02739333143488784,2230.5,31.5,0.031571288470701654,0.9745491787662777,0.015241512380779088,0.041510549597505705,-1.0,0.0,-0.0,-1.0,0.0,-0.0
amd,AMD Threadripper 3970X,cpu,axpy_amd_20260725_215406,axpy_amd_20260725_215406_session1,1,1000000,16,10,0,10,0,0,-1,124556.0,1.2871858376954943e-05,1.766711720029557e-07,0.03197920036299069,1.2871858376954943e-05,1.766711720029557e-07,0.03197920036299069,0.002265987443398953,1.2618874241305048e-05,0.017949696841838628,0.002265987443398953,1.2618874241305048e-05,0.017949696841838628,nan,nan,nan,176.0420912465282,1.4278067342608693,0.014311375853139633,155.37778230086576,2.1029278788145973,0.032492392840945676,932.2666938051946,12.61756727288764,0.032492392840945704,2.9167462926078195e-08,5.631413645896472e-10,0.04958752938689998,3.754395197644971e-13,1.2504851906950039e-14,0.08067784340515685,66.5,1.0,0.02142747821777417,64.5,0.5,0.023997262426836467,64.5,0.5,0.019187986598840724,2356.0,3.0,0.015441780342593827,2355.5,3.5,0.001983957421371483,0.9983022954112322,0.001695633743111491,0.014402638361956049,-1.0,0.0,-0.0,-1.0,0.0,-0.0
amd,AMD Threadripper 3970X,cpu,axpy_amd_20260725_215406,axpy_amd_20260725_215406_session1,1,1000000,20,10,10,0,0,0,-1,48585.0,2.0672941617783265e-05,5.557656684161687e-08,0.004560204543748334,2.0672941617783265e-05,5.557656684161687e-08,0.004560204543748334,0.003292747833693527,8.693629721107446e-06,0.0035326482275930275,0.003292747833693527,8.693629721107446e-06,0.0035326482275930275,nan,nan,nan,159.40686863012783,0.24914749231629685,0.0018118503264668536,96.7450501332869,0.260557419275834,0.004553000494294535,580.4703007997214,1.5633445156550465,0.004553000494294584,6.810463370827019e-08,4.0011196605667623e-10,0.007958417576038221,1.4083719351945934e-12,1.1395037772868522e-14,0.012491985756151965,63.0,1.0,0.021129439334111513,62.5,0.5,0.022965731768921457,62.0,0.5,0.010833845228098762,2571.5,35.0,0.014689904855289138,2542.5,5.0,0.01517795151263529,0.9959064327485381,0.0076085868710318305,0.021609746764323482,-1.0,0.0,-0.0,-1.0,0.0,-0.0
amd,AMD Threadripper 3970X,cpu,axpy_amd_20260725_215406,axpy_amd_20260725_215406_session1,1,1000000,32,10,10,0,0,0,-1,36699.0,2.748736366113518e-05,9.991558353088719e-08,0.0034991870104271526,2.748736366113518e-05,9.991558353088719e-08,0.0034991870104271526,0.004705726818169433,7.620480122073892e-06,0.0037655743772182764,0.004705726818169433,7.620480122073892e-06,0.0037655743772182764,nan,nan,nan,171.29403881103423,0.6082948452209536,0.0034932092640321995,72.76070985434802,0.26448049608994495,0.003498003125808022,436.56425912608813,1.5868829765396697,0.003498003125808018,1.293607811351304e-07,5.979050173457815e-10,0.006371921725142608,3.5601283796283146e-12,2.9342369763610995e-14,0.009565117187880905,61.0,1.0,0.04324237050160565,61.0,2.0,0.046604623636874114,60.0,1.0,0.03980973518548042,2994.0,19.0,0.009620195424702075,2987.0,31.5,0.009682826018646352,0.9908488463399351,0.0083361120373458,0.012217601502299535,-1.0,0.0,-0.0,-1.0,0.0,-0.0
amd,AMD Threadripper 3970X,cpu,axpy_amd_20260725_215406,axpy_amd_20260725_215406_session1,1,1000000,64,10,10,0,0,0,-1,18324.0,5.5589572063959835e-05,1.7784310194280843e-07,0.004836346578180913,5.5589572063959835e-05,1.7784310194280843e-07,0.004836346578180913,0.008969837535472605,2.5304655097140027e-05,0.0048706485399069195,0.008969837535472605,2.5304655097140027e-05,0.0048706485399069195,nan,nan,nan,161.26560685701696,0.08937153075879678,0.0008606975345912633,35.97800012716422,0.11508287069737477,0.004839138061092906,215.86800076298533,0.69049722418427,0.0048391380610928935,4.984717501681996e-07,3.123744233665599e-09,0.009665157828132346,2.770110990209197e-11,2.641587755327593e-13,0.0144825073085364,59.5,1.5,0.05241404294887176,59.5,2.5,0.05585657525293147,58.0,1.0,0.04708457230842431,4163.0,9.0,0.006811771161774937,4145.0,11.5,0.004108405676088955,0.9995185333457841,0.003002902155313125,0.007074078343644625,-1.0,0.0,-0.0,-1.0,0.0,-0.0
amd,AMD Threadripper 3970X,cpu,axpy_amd_20260725_215406,axpy_amd_20260725_215406_session1,1,2000000,1,10,10,0,0,0,-1,2625.0,0.0004312969287619048,3.6005419047619553e-06,0.015980499118024977,0.0004312969287619048,3.6005419047619553e-06,0.015980499118024977,0.031274064000000004,0.00024136400000000606,0.014462078970733523,0.031274064000000004,0.00024136400000000606,0.014462078970733523,nan,nan,nan,72.49480554137034,0.09163428184267985,0.0016002070316190518,9.27451894268193,0.0779099700380037,0.015878457167685107,55.64711365609157,0.4674598202280329,0.01587845716768515,1.3488614760557663e-05,2.1322403414212924e-07,0.03052850342603675,5.817791439224662e-09,1.3995504140535032e-10,0.04669099997899549,66.0,0.0,0.010180219573311507,66.0,0.0,0.010180219573311507,60.5,3.0,0.05070059195521347,1872.0,19.5,0.016673497351159455,1813.5,19.5,0.01429518234362734,0.9588455371459113,0.0005122038125778827,0.015758231616978213,-1.0,0.0,-0.0,-1.0,0.0,-0.0
amd,AMD Threadripper 3970X,cpu,axpy_amd_20260725_215406,axpy_amd_20260725_215406_session1,1,2000000,2,10,10,0,0,0,-1,11080.0,9.134937964801442e-05,2.911189079422366e-07,0.013880760657347406,9.134937964801442e-05,2.911189079422366e-07,0.013880760657347406,0.008931891380866426,4.1578745487364996e-05,0.011503112854474778,0.008931891380866426,4.1578745487364996e-05,0.011503112854474778,nan,nan,nan,97.44993259510066,0.3735049876946164,0.005761558093143843,43.78795911004285,0.13965001384303122,0.013704416103739424,262.7277546602571,0.8379000830581731,0.013704416103739415,8.161723479148838e-07,8.221702492789882e-09,0.02498634640550073,7.463014497240001e-11,1.1333806697044165e-12,0.03903764466495259,73.0,0.0,0.018421855792825306,73.0,0.0,0.018421855792825306,71.0,0.0,0.006832332270716378,1924.0,39.0,0.026218115309491072,1851.5,19.5,0.019732721713536943,0.9720560670378742,0.032382567679941576,0.039698655075576385,-1.0,0.0,-0.0,-1.0,0.0,-0.0
amd,AMD Threadripper 3970X,cpu,axpy_amd_20260725_215406,axpy_amd_20260725_215406_session1,1,2000000,4,10,10,0,0,0,-1,20315.0,4.992379800639921e-05,4.1799872015751814e-07,0.01101641726596837,4.992379800639921e-05,4.1799872015751814e-07,0.01101641726596837,0.006323890844203791,3.421801624415525e-05,0.009083909533869998,0.006323890844203791,3.421801624415525e-05,0.009083909533869998,nan,nan,nan,126.74400434444507,0.2944151633024532,0.0036420456816071618,80.12211934325481,0.6766597029350621,0.010955832217418046,480.7327160595289,4.05995821761033,0.010955832217418094,3.160816724686455e-07,4.305697247801234e-09,0.01991843229949327,1.5779995015579326e-11,3.441605774860598e-13,0.030983018283801556,70.5,0.5,0.02113768200986317,70.5,0.5,0.023322170038202965,69.0,0.0,0.00966183574879227,1986.0,34.5,0.017021036223998677,1949.0,33.5,0.018732520829585386,0.9876595146314424,0.016381417371180262,0.026835390901407342,-1.0,0.0,-0.0,-1.0,0.0,-0.0
amd,AMD Threadripper 3970X,cpu,axpy_amd_20260725_215406,axpy_amd_20260725_215406_session1,1,2000000,8,10,10,0,0,0,-1,32581.0,3.059613701236917e-05,1.614569074000178e-07,0.006539693195849581,3.059613701236917e-05,1.614569074000178e-07,0.006539693195849581,0.005199113286884995,1.351494736195934e-05,0.0038343253796867325,0.005199113286884995,1.351494736195934e-05,0.0038343253796867325,nan,nan,nan,169.92724839308633,0.33036575053986894,0.002801182818534707,130.73571719327393,0.6864095668670416,0.006535661943881321,784.4143031596435,4.118457401202193,0.006535661943881378,1.59072972210328e-07,1.2548786874855842e-09,0.01034974408683454,4.86703388946328e-12,6.426813256604801e-14,0.01688920396892965,71.0,1.0,0.02348952765213281,71.0,1.0,0.024644087923195855,70.0,0.0,0.0045110950929648785,2171.5,27.5,0.02032858629295834,2136.5,32.5,0.02005283113410442,0.9836289222373806,0.022316469309768272,0.02333960312317378,-1.0,0.0,-0.0,-1.0,0.0,-0.0
amd,AMD Threadripper 3970X,cpu,axpy_amd_20260725_215406,axpy_amd_20260725_215406_session1,1,2000000,10,10,10,0,0,0,-1,36968.0,2.765897684483878e-05,6.31301125297533e-08,0.005339488321757187,2.765897684483878e-05,6.31301125297533e-08,0.005339488321757187,0.005091328973706989,1.1569573685350429e-05,0.004552822547962502,0.005091328973706989,1.1569573685350429e-05,0.004552822547962502,nan,nan,nan,183.9288920413863,0.3422519823109127,0.0018650907034362114,144.61859359329995,0.32925835403922576,0.00534331101461058,867.7115615597997,1.9755501242353262,0.005343311014610598,1.4073148366302007e-07,7.326003066272394e-10,0.009739976714286787,3.892745815374545e-12,2.8025050160358537e-14,0.015026039184843938,69.0,1.0,0.023536739925370385,69.0,1.5,0.024788044200766232,67.5,0.5,0.007808092988070073,2289.5,16.5,0.013280431611889186,2245.0,32.5,0.017363762018405945,0.9823499277721153,0.015144958892254423,0.02350428397370267,-1.0,0.0,-0.0,-1.0,0.0,-0.0
amd,AMD Threadripper 3970X,cpu,axpy_amd_20260725_215406,axpy_amd_20260725_215406_session1,1,2000000,16,10,10,0,0,0,-1,40505.0,2.514885991852858e-05,4.876736205406552e-08,0.00462189192236322,2.514885991852858e-05,4.876736205406552e-08,0.00462189192236322,0.00510322014566103,7.522589803727817e-06,0.002189506736906015,0.00510322014566103,7.522589803727817e-06,0.002189506736906015,nan,nan,nan,203.0025711820189,0.4580566166340674,0.0036211356369849792,159.05293571805538,0.30781023318522216,0.004636359337713422,954.3176143083324,1.8468613991113898,0.004636359337713457,1.2825581245360093e-07,4.4969860731335585e-10,0.006260156489733675,3.225718627116299e-12,2.0303229822774848e-14,0.010765646095245152,70.0,1.0,0.023277264501912903,70.0,1.0,0.024024901501754067,69.5,0.5,0.015926265334509578,2419.5,20.0,0.01660396260740026,2388.0,7.5,0.01917416732303859,0.9845067336866211,0.01267591685284536,0.025273291830037983,-1.0,0.0,-0.0,-1.0,0.0,-0.0
amd,AMD Threadripper 3970X,cpu,axpy_amd_20260725_215406,axpy_amd_20260725_215406_session1,1,2000000,20,10,10,0,0,0,-1,37911.0,2.6160399224499488e-05,1.1083434886972193e-07,0.005398128248159743,2.6160399224499488e-05,1.1083434886972193e-07,0.005398128248159743,0.005397869760755453,1.841073830814331e-05,0.003875137469782134,0.005397869760755453,1.841073830814331e-05,0.003875137469782134,nan,nan,nan,206.110371173063,0.3879792487756646,0.002100409296794138,152.90286550204127,0.6506352446755557,0.0053956036295482795,917.4171930122475,3.9038114680534477,0.005395603629548263,1.4121042506026707e-07,1.0471565301488222e-09,0.009159217736268339,3.694121023654736e-12,4.2805835741369505e-14,0.014529712266659023,72.0,0.0,0.02055617769047216,72.0,0.0,0.02055617769047216,72.0,0.0,0.0,2629.0,39.0,0.027342602049744074,2574.5,21.5,0.018678280924987026,0.986749706543478,0.012306872386565249,0.022616976634530703,-1.0,0.0,-0.0,-1.0,0.0,-0.0
amd,AMD Threadripper 3970X,cpu,axpy_amd_20260725_215406,axpy_amd_20260725_215406_session1,1,2000000,32,10,10,0,0,0,-1,31078.0,3.2311441807709635e-05,3.228541090160379e-08,0.003034164896692711,3.2311441807709635e-05,3.228541090160379e-08,0.003034164896692711,0.006526149462642384,9.282788467726653e-06,0.0022717811133454056,0.006526149462642384,9.282788467726653e-06,0.0022717811133454056,nan,nan,nan,201.95877391856544,0.1947071627727439,0.0011027099778612441,123.79515731372683,0.12382362643419498,0.0030251860220371508,742.7709438823609,0.7429417586052978,0.003025186022037109,2.10850874912687e-07,4.886542823004385e-10,0.0052521578861755664,6.812895882850544e-12,2.0413118970368805e-14,0.008285708127569272,65.5,2.0,0.03148766948136112,65.5,2.0,0.03148766948136112,63.0,0.0,0.0050115335343397455,3051.0,30.5,0.02195185376998635,3026.5,21.5,0.012693701167128403,0.9914837618185907,0.009414028670218622,0.026408227713631133,-1.0,0.0,-0.0,-1.0,0.0,-0.0
amd,AMD Threadripper 3970X,cpu,axpy_amd_20260725_215406,axpy_amd_20260725_215406_session1,1,2000000,64,10,10,0,0,0,-1,17951.0,5.831780457913208e-05,3.879789983844909e-07,0.011890519338700212,5.831780457913208e-05,3.879789983844909e-07,0.011890519338700212,0.010619570163222104,6.046462592613176e-05,0.008713658671734086,0.010619570163222104,6.046462592613176e-05,0.008713658671734086,nan,nan,nan,182.0192122607639,0.3757608306372475,0.003476876013027651,68.58990180911564,0.45663762088847193,0.012028250991059778,411.53941085469387,2.739825725330803,0.012028250991059792,6.193099921367981e-07,7.641863892007554e-09,0.020470333651427586,3.6116910389214535e-11,6.855260177976006e-13,0.03212282712006432,61.0,2.5,0.05964131856270947,61.0,2.5,0.06237961294675027,57.0,1.0,0.025981154484951474,4172.5,12.0,0.004510480071091516,4152.5,11.5,0.004526007165937141,0.996996297740179,0.0024060966884010826,0.004884607002889489,-1.0,0.0,-0.0,-1.0,0.0,-0.0
amd,AMD Threadripper 3970X,cpu,axpy_amd_20260725_215406,axpy_amd_20260725_215406_session1,1,4000000,1,10,10,0,0,0,-1,630.0,0.0016170068206349207,1.556326984126946e-06,0.003521639957082359,0.0016170068206349207,1.556326984126946e-06,0.003521639957082359,0.11978818492063491,0.00037692142857143757,0.004926467786861733,0.11978818492063491,0.00037692142857143757,0.004926467786861733,nan,nan,nan,74.08369992444219,0.2751784441935996,0.004985322200427029,4.947412654958434,0.0047666973845434946,0.003494959124840891,29.684475929750604,0.02860018430726008,0.003494959124840849,0.00019356095892548406,4.2916629631880264e-07,0.006969422791362059,3.1326963720261796e-07,1.0604304750321e-09,0.009916275925814249,67.5,0.5,0.016207730995796935,67.5,0.5,0.016207730995796935,62.0,2.0,0.04587342996294712,1886.5,15.5,0.015245908892756413,1794.0,0.0,0.009128367844488167,0.9604655448149013,0.014814117514822811,0.014635702277435126,-1.0,0.0,-0.0,-1.0,0.0,-0.0
amd,AMD Threadripper 3970X,cpu,axpy_amd_20260725_215406,axpy_amd_20260725_215406_session1,1,4000000,2,10,10,0,0,0,-1,2080.0,0.0004838091074519231,8.693858173077298e-07,0.0058075153197213085,0.0004838091074519231,8.693858173077298e-07,0.0058075153197213085,0.04050661177884615,0.00025039206730768926,0.008362029945606827,0.04050661177884615,0.00025039206730768926,0.008362029945606827,nan,nan,nan,83.66843356659716,0.40182975291269685,0.004659972130900207,16.535450825994786,0.02976352141484817,0.005755194393741027,99.21270495596872,0.17858112848909258,0.005755194393741051,1.9571031188806298e-05,1.1541503310930832e-07,0.013677728229995354,9.453949209433163e-09,5.18997856019484e-11,0.019366372537478863,67.0,1.0,0.024171221484261107,67.0,1.0,0.024171221484261107,62.0,2.0,0.04205489010330184,1924.0,15.5,0.014375675144969948,1834.0,0.5,0.014589429626193919,0.9592050209205021,0.009474235090638938,0.021743738934261066,-1.0,0.0,-0.0,-1.0,0.0,-0.0
amd,AMD Threadripper 3970X,cpu,axpy_amd_20260725_215406,axpy_amd_20260725_215406_session1,1,4000000,4,10,10,0,0,0,-1,10865.0,9.316992549470777e-05,3.4149723884032145e-07,0.00978161939963992,9.316992549470777e-05,3.4149723884032145e-07,0.00978161939963992,0.012128084261389784,5.054376438104035e-05,0.007075055368682819,0.012128084261389784,5.054376438104035e-05,0.007075055368682819,nan,nan,nan,130.0088554218633,0.22852207886575115,0.004537553123421201,85.86504394733738,0.31517581223484825,0.009714525725494961,515.1902636840243,1.8910548734090753,0.009714525725494947,1.129871482391506e-06,9.383967355858803e-09,0.016489138552208422,1.0525272189619122e-10,1.2017883387161834e-12,0.026268493713134305,73.0,0.0,0.009525965923434618,73.0,0.0,0.009525965923434618,70.0,0.0,0.006006225375438517,2014.5,32.5,0.017023413455372317,1947.0,7.0,0.017207907860920583,0.9750033414305034,0.01071392765704654,0.023659629578470724,-1.0,0.0,-0.0,-1.0,0.0,-0.0
amd,AMD Threadripper 3970X,cpu,axpy_amd_20260725_215406,axpy_amd_20260725_215406_session1,1,4000000,8,10,10,0,0,0,-1,19149.0,5.196500446498512e-05,2.9120220377043185e-07,0.010520122253082392,5.196500446498512e-05,2.9120220377043185e-07,0.010520122253082392,0.009628299571779205,2.7423181367173394e-05,0.005124487757452251,0.009628299571779205,2.7423181367173394e-05,0.005124487757452251,nan,nan,nan,185.23174750427154,0.45500686262229806,0.005582882676537272,153.94976193501458,0.8691264131422543,0.010460775133056852,923.6985716100874,5.214758478853753,0.010460775133056897,5.002662465203739e-07,4.077784857224477e-09,0.01558538388041799,2.5996335726831696e-11,3.5599433089643386e-13,0.026169151337829242,76.5,0.5,0.016006153571689042,76.5,0.5,0.016006153571689042,74.0,0.0,0.004279130798604032,2131.0,33.5,0.020410421275232092,2096.5,34.5,0.01879918611436015,0.9969125087072543,0.01089572954664697,0.025730431655446005,-1.0,0.0,-0.0,-1.0,0.0,-0.0
amd,AMD Threadripper 3970X,cpu,axpy_amd_20260725_215406,axpy_amd_20260725_215406_session1,1,4000000,10,10,10,0,0,0,-1,22318.0,4.5547090868357384e-05,1.5812073214446025e-07,0.004574998858007667,4.5547090868357384e-05,1.5812073214446025e-07,0.004574998858007667,0.009290733466260418,7.093332735909688e-06,0.0029085475284740094,0.009290733466260418,7.093332735909688e-06,0.0029085475284740094,nan,nan,nan,204.1297256743369,0.37809363075693625,0.002482445728837663,175.64239534044773,0.6120513740036557,0.004559630929805932,1053.8543720426865,3.6723082440217922,0.004559630929805945,4.23311080593813e-07,1.936272155387538e-09,0.007266546695110431,1.9287204775824003e-11,1.6142004520788418e-13,0.01181602920639679,74.5,0.5,0.0215336131232112,74.5,0.5,0.023020510394833448,74.0,0.0,0.006370331362040968,2230.0,35.0,0.016858897142394292,2161.5,20.0,0.014495800253715056,0.9779853646669905,0.014550769409362008,0.024259616068163913,-1.0,0.0,-0.0,-1.0,0.0,-0.0
amd,AMD Threadripper 3970X,cpu,axpy_amd_20260725_215406,axpy_amd_20260725_215406_session1,1,4000000,16,10,10,0,0,0,-1,28448.0,3.635762724971879e-05,3.142608619235174e-07,0.011941171908573394,3.635762724971879e-05,3.142608619235174e-07,0.011941171908573394,0.008846980262232846,3.006654246344269e-05,0.004954567615560087,0.008846980262232846,3.006654246344269e-05,0.004954567615560087,nan,nan,nan,243.4692879654678,1.4026795034820623,0.007226442066661886,220.041202366951,1.9137232411207634,0.01189594316584054,1320.2472142017061,11.482339446724495,0.01189594316584054,3.214840730224463e-07,3.3784389171782002e-09,0.016813383258949453,1.168874449070805e-11,2.2263500097959863e-13,0.028805954433445094,75.5,1.5,0.021779698474829752,75.5,1.5,0.024382695402179383,74.5,1.0,0.022447098425325506,2460.5,21.0,0.016880589363196512,2448.5,34.0,0.015058207023639691,0.995480690221857,0.016544411587076646,0.022155392174691018,-1.0,0.0,-0.0,-1.0,0.0,-0.0
amd,AMD Threadripper 3970X,cpu,axpy_amd_20260725_215406,axpy_amd_20260725_215406_session1,1,4000000,20,10,10,0,0,0,-1,28820.0,3.562253098542679e-05,1.832246009715473e-07,0.005968670049949846,3.562253098542679e-05,1.832246009715473e-07,0.005968670049949846,0.009008692210270647,2.801896252602274e-05,0.004175528034156518,0.009008692210270647,2.801896252602274e-05,0.004175528034156518,nan,nan,nan,252.75746888740235,0.744224090762998,0.0032304653889739104,224.57727821241528,1.1567347878990404,0.0059641687088784565,1347.4636692744916,6.94040872739447,0.0059641687088784765,3.21390919063607e-07,2.28709999735619e-09,0.009777865255796188,1.1456627822666471e-11,1.3687352192051282e-13,0.015655886248813436,78.0,1.0,0.025181201070558747,77.5,1.0,0.025028284535733053,76.5,1.5,0.023968312318646053,2708.0,57.0,0.03273727769530726,2640.5,69.0,0.03282268282058133,0.979880349614747,0.032324790277225846,0.05083814303001343,-1.0,0.0,-0.0,-1.0,0.0,-0.0
amd,AMD Threadripper 3970X,cpu,axpy_amd_20260725_215406,axpy_amd_20260725_215406_session1,1,4000000,32,10,10,0,0,0,-1,65476.0,1.540754674995418e-05,1.7836634797485515e-08,0.0019067558436014064,1.540754674995418e-05,1.7836634797485515e-08,0.0019067558436014064,0.00441471806463437,6.418634308755049e-06,0.002338851331336558,0.00441471806463437,6.418634308755049e-06,0.002338851331336558,nan,nan,nan,286.6710414285988,0.25117840533999924,0.0010022376070283792,519.2261207012646,0.6004372523456709,0.001909331631410137,3115.356724207588,3.6026235140743665,0.0019093316314101399,6.801818820238573e-08,1.6382440384422358e-10,0.004145673796190938,1.0480704546199595e-12,4.203999836315284e-15,0.006010343519322762,69.0,1.0,0.02597829258401779,68.5,1.5,0.029970106973129795,67.5,1.5,0.021151489733261555,2863.5,51.0,0.0201903381084209,2787.0,29.5,0.016857972948186348,0.9769399488863243,0.006475415704325471,0.022895896651879976,-1.0,0.0,-0.0,-1.0,0.0,-0.0
amd,AMD Threadripper 3970X,cpu,axpy_amd_20260725_215406,axpy_amd_20260725_215406_session1,1,4000000,64,10,10,0,0,0,-1,15912.0,6.442736635872297e-05,1.239725050276443e-07,0.0032818040348698663,6.442736635872297e-05,1.239725050276443e-07,0.0032818040348698663,0.014210136312217195,2.438527526395142e-05,0.0024471169483802494,0.014210136312217195,2.438527526395142e-05,0.0024471169483802494,nan,nan,nan,220.7440958840776,0.29118893590882067,0.0025802018703683866,124.17091740038336,0.23892718755126907,0.0032898585194831385,745.0255044023002,1.4335631253075576,0.0032898585194832282,9.153394848870094e-07,2.885356974190364e-09,0.005176584499680884,5.900633783741391e-11,2.7260699085893234e-13,0.008302164661724322,68.0,0.5,0.02134223379409343,68.0,0.5,0.02134223379409343,64.0,0.5,0.010595738739569118,4123.5,4.5,0.01289320461818478,4115.5,5.0,0.00355584317898099,0.9987872318241291,0.0021809377063614632,0.01231924207946307,-1.0,0.0,-0.0,-1.0,0.0,-0.0
amd,AMD Threadripper 3970X,cpu,axpy_amd_20260725_215406,axpy_amd_20260725_215406_session1,1,8000000,1,10,10,0,0,0,-1,303.0,0.0033050855396039606,2.812696369636908e-06,0.0011701537319780725,0.0033050855396039606,2.812696369636908e-06,0.0011701537319780725,0.23867170297029705,0.00036513366336635156,0.004638969832834594,0.23867170297029705,0.00036513366336635156,0.004638969832834594,nan,nan,nan,72.23060379771042,0.048118894199674855,0.005358200646433221,4.841024478275645,0.0041187977404848475,0.0011702455778355395,29.046146869653867,0.024712786442908197,0.0011702455778355248,0.0007883944211242916,1.7429199172568424e-06,0.004128544917316222,2.6042054658746752e-06,7.744058315207527e-09,0.003909499984720781,67.0,0.0,0.010373974759348679,67.0,0.0,0.010373974759348679,61.5,2.0,0.05015802339463061,1793.5,0.5,0.01070592267032299,1795.0,1.0,0.006700810267412388,1.0005577244841048,0.0027399394322772386,0.011719456791785498,-1.0,0.0,-0.0,-1.0,0.0,-0.0
amd,AMD Threadripper 3970X,cpu,axpy_amd_20260725_215406,axpy_amd_20260725_215406_session1,1,8000000,2,10,10,0,0,0,-1,488.0,0.0021212921905737706,1.0005778688525115e-06,0.0012155945213250144,0.0021212921905737706,1.0005778688525115e-06,0.0012155945213250144,0.16868233401639343,8.823463114751573e-05,0.004236006395973291,0.16868233401639343,8.823463114751573e-05,0.004236006395973291,nan,nan,nan,79.49471534649624,0.02962493172777414,0.005251511232633456,7.542572478212834,0.003557531034271477,0.0012175922834793294,45.255434869276996,0.02134518620562531,0.001217592283479341,0.00035803202834436406,2.5183333490701545e-07,0.0033630960733179753,7.597648077611455e-07,8.690856072947737e-10,0.0027683342049953847,67.5,1.0,0.0251541896099356,67.5,1.0,0.0251541896099356,65.0,2.5,0.053390463595145446,1927.5,17.5,0.018601668693497327,1835.0,1.0,0.006991506222816653,0.9585398815590198,0.014123779623464838,0.019829640105365077,-1.0,0.0,-0.0,-1.0,0.0,-0.0
amd,AMD Threadripper 3970X,cpu,axpy_amd_20260725_215406,axpy_amd_20260725_215406_session1,1,8000000,4,10,10,0,0,0,-1,1779.0,0.0006476997945474986,1.5913827993249046e-07,0.0009419867093751896,0.0006476997945474986,1.5913827993249046e-07,0.0009419867093751896,0.06707722119168072,0.00011253091624507938,0.0038841343062803106,0.06707722119168072,0.00011253091624507938,0.0038841343062803106,nan,nan,nan,103.55615938561988,0.19004638629083814,0.003894324945512307,24.70280235459336,0.006067775862012681,0.0009416520838840007,148.21681412756016,0.036406655172100955,0.0009416520838840286,4.34647196100113e-05,1.2265586537732776e-07,0.004095935704777516,2.8153087067770506e-08,1.0952030331499407e-10,0.004498692675462891,70.5,1.5,0.021493426329407542,70.5,1.5,0.021493426329407542,64.5,2.5,0.045101699449767094,1980.5,6.5,0.014708087572608178,1908.0,0.5,0.0129535803246123,0.9641235407666146,0.00865615379877771,0.020328081435594177,-1.0,0.0,-0.0,-1.0,0.0,-0.0
amd,AMD Threadripper 3970X,cpu,axpy_amd_20260725_215406,axpy_amd_20260725_215406_session1,1,8000000,8,10,10,0,0,0,-1,9450.0,0.00010581649068783069,2.0081275132275008e-07,0.010931740475091194,0.00010581649068783069,2.0081275132275008e-07,0.010931740475091194,0.019626455873015872,1.3385132275131259e-05,0.005423551860036973,0.019626455873015872,1.3385132275131259e-05,0.005423551860036973,nan,nan,nan,185.41250428164432,0.22193425917085108,0.005566439405576223,151.20517260446923,0.28682568124987995,0.010819916204169267,907.2310356268154,1.7209540874993081,0.01081991620416929,2.0761599714851892e-06,5.393933933594312e-09,0.01637486210661407,2.1968430145248179e-10,9.879000794412796e-13,0.027467832023233503,78.0,0.5,0.008686596624331439,78.0,0.5,0.008686596624331439,74.0,0.0,0.0,2135.0,38.0,0.02725834177905107,2078.0,29.5,0.023250100849552844,0.9735292330892626,0.034828766804609945,0.03892029136393311,-1.0,0.0,-0.0,-1.0,0.0,-0.0
amd,AMD Threadripper 3970X,cpu,axpy_amd_20260725_215406,axpy_amd_20260725_215406_session1,1,8000000,10,10,10,0,0,0,-1,6994.0,0.00014415988954818415,9.305687732342056e-07,0.007227339405477895,0.00014415988954818415,9.305687732342056e-07,0.007227339405477895,0.02346466599942808,0.00011076451243923445,0.004937704122924258,0.02346466599942808,0.00011076451243923445,0.004937704122924258,nan,nan,nan,162.75708960786244,0.4340624267323818,0.0036367733652799376,110.98825917710434,0.7175115605314843,0.007229002086138667,665.9295550626262,4.30506936318892,0.007229002086138652,3.3892413686690766e-06,3.6784656352349445e-08,0.011828128870094006,4.887284265199919e-10,8.264371229435916e-12,0.018965739380026676,71.0,1.0,0.020052040249516612,71.0,1.0,0.020052040249516612,65.0,0.5,0.043197604409923894,2205.5,34.5,0.018830044968165673,2169.0,32.0,0.02029212846076076,0.9860045229397277,0.011618187115477518,0.018063361357818625,-1.0,0.0,-0.0,-1.0,0.0,-0.0
amd,AMD Threadripper 3970X,cpu,axpy_amd_20260725_215406,axpy_amd_20260725_215406_session1,1,8000000,16,10,10,0,0,0,-1,16967.0,6.059993829197855e-05,3.86900512760056e-07,0.007474617667627877,6.059993829197855e-05,3.86900512760056e-07,0.007474617667627877,0.01644495137620086,2.766437791005931e-05,0.003070834778617585,0.01644495137620086,2.766437791005931e-05,0.003070834778617585,nan,nan,nan,271.4269762033487,0.8990678357184265,0.004737386473422614,264.02698137368077,1.6747771683421604,0.0074986457618160165,1584.1618882420844,10.048663010052792,0.007498645761816014,9.96832232793113e-07,7.757879638362933e-09,0.010393159176265035,6.040810946650444e-11,8.706552244457166e-13,0.017807906808759065,84.0,1.0,0.021299620454794926,84.0,1.0,0.021299620454794926,81.5,1.0,0.024341253379055506,2407.0,7.0,0.01641882049612352,2371.0,38.5,0.020519385266488704,0.9840013261431508,0.01725589021762064,0.02563113107917828,-1.0,0.0,-0.0,-1.0,0.0,-0.0
amd,AMD Threadripper 3970X,cpu,axpy_amd_20260725_215406,axpy_amd_20260725_215406_session1,1,8000000,20,10,10,0,0,0,-1,11997.0,8.271637530215887e-05,1.2823239143118823e-07,0.0028221236532087086,8.271637530215887e-05,1.2823239143118823e-07,0.0028221236532087086,0.019457496457447696,3.82442277235967e-05,0.0024696993609036946,0.019457496457447696,3.82442277235967e-05,0.0024696993609036946,nan,nan,nan,234.72581880317185,0.12777560440825653,0.0017128955650325157,193.43207689885944,0.299677237299278,0.0028170218033274712,1160.5924613931566,1.798063423795611,0.002817021803327508,1.6103907195567372e-06,7.896979629509815e-09,0.005018845130951945,1.3320569548793497e-10,7.759474338899413e-13,0.007764555448409767,79.5,1.0,0.014334500308018857,79.5,1.0,0.014334500308018857,74.0,0.0,0.009009009009009009,2557.5,35.0,0.02393259688805833,2522.0,29.0,0.011242910671797607,0.9862197803969324,0.01221061615347424,0.02457084819242997,-1.0,0.0,-0.0,-1.0,0.0,-0.0
amd,AMD Threadripper 3970X,cpu,axpy_amd_20260725_215406,axpy_amd_20260725_215406_session1,1,8000000,32,10,10,0,0,0,-1,19383.0,5.242648547696435e-05,1.9521142238044102e-07,0.005517941003875378,5.242648547696435e-05,1.9521142238044102e-07,0.005517941003875378,0.014081578522416552,5.11170097508111e-05,0.0059450641144226275,0.014081578522416552,5.11170097508111e-05,0.0059450641144226275,nan,nan,nan,268.64116103723387,0.4144960230531183,0.0019425887505217922,305.1892546790797,1.1353663844537039,0.005533954170131779,1831.1355280744783,6.812198306722166,0.005533954170131834,7.388896996247487e-07,4.902459935778836e-09,0.011281420027610444,3.8771105157525436e-11,4.074071676757666e-13,0.01670402794281403,71.0,1.0,0.02132500432603629,71.0,1.0,0.02132500432603629,68.0,1.0,0.01590188904989852,2996.0,51.5,0.026751386426852757,2918.5,20.5,0.014604073817201583,0.9672633020021372,0.012094447907764039,0.0316047780220032,-1.0,0.0,-0.0,-1.0,0.0,-0.0
amd,AMD Threadripper 3970X,cpu,axpy_amd_20260725_215406,axpy_amd_20260725_215406_session1,1,8000000,64,10,10,0,0,0,-1,13530.0,7.50268056910569e-05,2.9770487804879316e-07,0.0067049388707948795,7.50268056910569e-05,2.9770487804879316e-07,0.0067049388707948795,0.020161234441980782,9.336419068736203e-05,0.010060702898451743,0.020161234441980782,9.336419068736203e-05,0.010060702898451743,nan,nan,nan,269.0708815865969,1.4597513038352758,0.005977658498217774,213.2575212400584,0.8432575152370987,0.006744540181057284,1279.5451274403504,5.059545091422478,0.006744540181057274,1.5126857833783122e-06,1.2037060283311792e-08,0.01597689681274559,1.1351676481118985e-10,1.4887367281311239e-12,0.0222782548415805,73.5,1.5,0.027699667211103406,73.5,1.5,0.027699667211103406,68.0,0.0,0.01541994039987453,4081.0,34.5,0.028843329529689522,3991.5,7.0,0.003861085327535093,0.9791731326379896,0.007844990202400537,0.030464249872234762,-1.0,0.0,-0.0,-1.0,0.0,-0.0
amd,AMD Threadripper 3970X,cpu,axpy_amd_20260725_215406,axpy_amd_20260725_215406_session1,1,16000000,1,10,10,0,0,0,-1,152.0,0.006587744588815789,1.4757684210526135e-05,0.005769567786335054,0.006587744588815789,1.4757684210526135e-05,0.005769567786335054,0.4890754177631579,0.0023547993421052515,0.006710484372290802,0.4890754177631579,0.0023547993421052515,0.006710484372290802,nan,nan,nan,74.17418351915154,0.16984941030970901,0.003242642215621304,4.857504966594952,0.010893790777019685,0.005727471899657348,29.145029799569716,0.06536274466211722,0.005727471899657343,0.00322102479870239,2.2723119263027723e-05,0.012123477389678585,2.121349873839501e-05,1.8422145408861486e-07,0.017827990690028325,70.0,0.0,0.01002988342108578,70.0,0.0,0.01002988342108578,64.5,2.5,0.03672524652080593,1793.0,0.0,0.005282200991372572,1809.5,15.5,0.013729180902074896,1.0032958671789696,0.0027381426948647203,0.013358929241198518,-1.0,0.0,-0.0,-1.0,0.0,-0.0
amd,AMD Threadripper 3970X,cpu,axpy_amd_20260725_215406,axpy_amd_20260725_215406_session1,1,16000000,2,10,10,0,0,0,-1,229.0,0.004376773373362446,1.612286026200782e-06,0.0008537373948497272,0.004376773373362446,1.612286026200782e-06,0.0008537373948497272,0.35249188209606985,0.0009426659388646619,0.009084764934656516,0.35249188209606985,0.0009426659388646619,0.009084764934656516,nan,nan,nan,80.51681690712476,0.34841289187972535,0.008941142400208697,7.311322242039983,0.0026932702499538053,0.0008542892573251015,43.867933452239896,0.016159621499721055,0.000854289257325108,0.0015425836392334827,3.0051486269329613e-06,0.009305768594507909,6.75475847457364e-06,1.4671360716093004e-08,0.009598663078175713,71.0,1.0,0.0167164723684763,71.0,1.0,0.0167164723684763,65.0,3.0,0.054036119391227606,1832.0,0.5,0.010173925389456447,1834.0,0.0,0.007048339604406944,1.0010917030567685,0.0021561228632259732,0.011477304370090455,-1.0,0.0,-0.0,-1.0,0.0,-0.0
amd,AMD Threadripper 3970X,cpu,axpy_amd_20260725_215406,axpy_amd_20260725_215406_session1,1,16000000,4,10,10,0,0,0,-1,292.0,0.0035480392260273975,1.143893835616307e-06,0.0009533350098455943,0.0035480392260273975,1.143893835616307e-06,0.0009533350098455943,0.35516007534246574,0.0006026678082191872,0.0022533633394628914,0.35516007534246574,0.0006026678082191872,0.0022533633394628914,nan,nan,nan,100.08897954535664,0.18586266751381686,0.0026452453753626095,9.019066144123961,0.0029079649645211703,0.0009544826126795759,54.11439686474377,0.01744778978712347,0.0009544826126795347,0.0012598192973423822,1.5177575195353052e-06,0.0022339131974147505,4.466531356436685e-06,3.57249114013748e-09,0.0025940118683180926,69.0,1.0,0.022387186972297208,69.0,1.0,0.022387186972297208,62.5,2.5,0.051622226153354274,1981.0,34.5,0.021621966047997758,1909.5,1.0,0.004712616567373612,0.9634023220595659,0.016987021029678806,0.022115342684011066,-1.0,0.0,-0.0,-1.0,0.0,-0.0
amd,AMD Threadripper 3970X,cpu,axpy_amd_20260725_215406,axpy_amd_20260725_215406_session1,1,16000000,8,10,0,10,0,0,-1,1258.0,0.0010246587730524644,5.871343402225667e-07,0.001326730704103244,0.0010246587730524644,5.871343402225667e-07,0.001326730704103244,0.12076224880763117,0.0001534169316375067,0.002130184383834694,0.12076224880763117,0.0001534169316375067,0.002130184383834694,nan,nan,nan,117.82100428788904,0.10176348228167598,0.0010581591517898462,31.229914133368524,0.017895731067078202,0.001325096718763303,187.37948480021112,0.10737438640248342,0.001325096718763318,0.00012373430237438233,2.4969690145842016e-07,0.0033902299116020888,1.2677952747440196e-07,3.0993594668410695e-10,0.00469049171407885,67.5,0.5,0.019418306448506884,67.5,0.5,0.019418306448506884,62.5,2.5,0.05118472775590166,2151.5,52.0,0.024294806992456168,2100.0,17.0,0.011707888018279709,0.9828258661730958,0.02147486741700322,0.02900304127671036,-1.0,0.0,-0.0,-1.0,0.0,-0.0
amd,AMD Threadripper 3970X,cpu,axpy_amd_20260725_215406,axpy_amd_20260725_215406_session1,1,16000000,10,10,0,10,0,0,-1,849.0,0.0014949723080094229,6.282137809186621e-07,0.00046972233062215146,0.0014949723080094229,6.282137809186621e-07,0.00046972233062215146,0.17155414016489987,0.0007924363957597103,0.007120847195563998,0.17155414016489987,0.0007924363957597103,0.007120847195563998,nan,nan,nan,114.73902908243275,0.4988005618302722,0.0069755988467797405,21.405078781562153,0.008995686177774687,0.000469710199320105,128.43047268937292,0.05397411706665878,0.0004697101993200845,0.0002565023760945618,1.3082580923722302e-06,0.00729327980956318,3.8340687004341705e-07,2.0330421943120804e-09,0.007491021930533308,72.0,3.5,0.06617067007392438,72.0,3.5,0.06617067007392438,70.0,5.0,0.08650429583135691,2203.0,15.0,0.01099299105832069,2136.5,3.0,0.008720218700097855,0.969359963685883,0.010857017990888729,0.013700004217370016,-1.0,0.0,-0.0,-1.0,0.0,-0.0
amd,AMD Threadripper 3970X,cpu,axpy_amd_20260725_215406,axpy_amd_20260725_215406_session1,1,16000000,16,10,0,10,0,0,-1,1479.0,0.000977084542596349,6.042187288708136e-07,0.000821322579312049,0.000977084542596349,6.042187288708136e-07,0.000821322579312049,0.12962144523326571,0.00012141920216361679,0.0014730719481634022,0.12962144523326571,0.00012141920216361679,0.0014730719481634022,nan,nan,nan,132.6115427531684,0.12663684325329427,0.0012205831451686643,32.750492535025444,0.02025200915231906,0.0008211430052089472,196.50295521015266,0.12151205491389305,0.0008211430052090106,0.0001266230317593165,1.661254646050255e-07,0.002049023346338435,1.2372308366865423e-07,1.9152869786561559e-10,0.002752521972278531,68.0,1.0,0.028582336069271852,68.0,1.0,0.028582336069271852,63.5,2.5,0.05303610331519294,2396.0,6.5,0.0074636317875660056,2365.0,0.0,0.00029569732672760763,0.9866417062536378,0.003105146038335005,0.007410350729180468,-1.0,0.0,-0.0,-1.0,0.0,-0.0
amd,AMD Threadripper 3970X,cpu,axpy_amd_20260725_215406,axpy_amd_20260725_215406_session1,1,16000000,20,10,0,10,0,0,-1,669.0,0.0019460646943198804,4.6058893871439837e-07,0.00043026510806531845,0.0019460646943198804,4.6058893871439837e-07,0.00043026510806531845,0.21626990284005979,0.0004536457399103022,0.0031573436572748955,0.21626990284005979,0.0004536457399103022,0.0031573436572748955,nan,nan,nan,111.12747897024313,0.21548349999858374,0.003071829681780997,16.443441069301954,0.003891520046554575,0.0004302379711103724,98.66064641581173,0.02334912027932745,0.00043023797111034826,0.00042090144809698107,9.575869518231887e-07,0.003297356707326606,8.191525237302787e-07,1.9922425216576416e-09,0.0034853170160980213,65.0,1.0,0.024609843569384234,65.0,1.0,0.024609843569384234,62.0,3.0,0.05100447838981257,2551.5,10.5,0.009692436943121082,2514.0,10.0,0.05321636206044426,0.9852443344201586,0.0074779315121781265,0.05924068676735532,-1.0,0.0,-0.0,-1.0,0.0,-0.0
amd,AMD Threadripper 3970X,cpu,axpy_amd_20260725_215406,axpy_amd_20260725_215406_session1,1,16000000,32,10,10,0,0,0,-1,1556.0,0.0007737832708868894,7.109505141388722e-07,0.0016194922851839502,0.0007737832708868894,7.109505141388722e-07,0.0016194922851839502,0.13003785925449873,0.000107948264781485,0.0018022552997500536,0.13003785925449873,0.000107948264781485,0.0018022552997500536,nan,nan,nan,168.0123873154502,0.10799809933102722,0.0015684641945728865,41.35525072552758,0.038030566087780215,0.0016168092370671874,248.1315043531655,0.22818339652665998,0.0016168092370671457,0.0001006211180806519,2.602194812878543e-07,0.0030461307419721415,7.785893918530429e-08,2.798627927018607e-10,0.004536354598312315,64.0,1.0,0.028265567695713967,64.0,1.0,0.028265567695713967,59.5,2.5,0.04824129452538663,3012.0,29.5,0.02770164169948026,2963.5,1.5,0.008889443733283067,0.9886248208309416,0.013507872526383025,0.027362409969236702,-1.0,0.0,-0.0,-1.0,0.0,-0.0
amd,AMD Threadripper 3970X,cpu,axpy_amd_20260725_215406,axpy_amd_20260725_215406_session1,1,16000000,64,10,10,0,0,0,-1,1213.0,0.0008874818590272052,4.88971558120345e-07,0.001441044537097755,0.0008874818590272052,4.88971558120345e-07,0.001441044537097755,0.1512695915086562,0.00017668095630667124,0.0021942874014568643,0.1512695915086562,0.00017668095630667124,0.0021942874014568643,nan,nan,nan,170.596986647876,0.27742844252821897,0.0021709515420625406,36.05707514624066,0.01985532871240281,0.0014426526250193243,216.34245087744404,0.1191319722744737,0.0014426526250193145,0.00013428513279577768,8.57697084579508e-08,0.003009550687778985,1.1916031191766632e-07,1.48707490278174e-10,0.0041745214421146865,67.0,1.5,0.051070234658003456,67.0,1.5,0.051070234658003456,61.0,3.0,0.06359228687189056,4145.5,19.5,0.030925888227602068,4165.0,4.0,0.0017065888614947611,1.0036169066723377,0.004096753121474006,0.032550579238847424,-1.0,0.0,-0.0,-1.0,0.0,-0.0
amd,AMD Threadripper 3970X,cpu,axpy_amd_20260725_215406,axpy_amd_20260725_215406_session1,1,32000000,1,10,10,0,0,0,-1,77.0,0.013126946987012987,1.583709740259672e-05,0.0060335747167262295,0.013126946987012987,1.583709740259672e-05,0.0060335747167262295,0.9679881298701298,0.00199364285714293,0.005863746580789877,0.9679881298701298,0.00199364285714293,0.005863746580789877,nan,nan,nan,73.67350034109579,0.09634502042252535,0.005560336529263882,4.875467240965321,0.005873484757130676,0.006013406999228702,29.252803445791926,0.035240908542784055,0.006013406999228744,0.012713091277234644,5.185973170300246e-05,0.010491706446305621,0.0001668840744024502,1.0552709965350225e-06,0.01608540977889606,69.0,0.0,0.00966183574879227,69.0,0.0,0.00966183574879227,64.5,1.5,0.03448929865208629,1793.0,0.0,0.00826515318682274,1794.0,0.0,0.008365940163193137,1.0005577244841048,0.0,0.012989500892224535,-1.0,0.0,-0.0,-1.0,0.0,-0.0
amd,AMD Threadripper 3970X,cpu,axpy_amd_20260725_215406,axpy_amd_20260725_215406_session1,1,32000000,2,10,10,0,0,0,-1,116.0,0.008663132012931035,3.2480603448263243e-06,0.00041847287842425486,0.008663132012931035,3.2480603448263243e-06,0.00041847287842425486,0.694864051724138,0.0017006077586206314,0.0031530189544251557,0.694864051724138,0.0017006077586206314,0.0031530189544251557,nan,nan,nan,80.21518227717502,0.185199394961586,0.0030197378180571743,7.387628439295517,0.002768842830872309,0.00041846456713308806,44.325770635773104,0.01661305698523563,0.00041846456713302827,0.00601926121438189,1.4491787650254204e-05,0.0033336397940918064,5.2134985525360185e-05,1.0331177600998639e-07,0.0035543934355445907,72.5,1.0,0.016167875906022967,72.5,1.0,0.016167875906022967,67.0,2.0,0.0391645047312347,1832.0,0.0,0.005041818947230241,1834.0,0.0,0.008271787463830506,1.0010917030567685,0.00027322388081063576,0.010257405973984363,-1.0,0.0,-0.0,-1.0,0.0,-0.0
amd,AMD Threadripper 3970X,cpu,axpy_amd_20260725_215406,axpy_amd_20260725_215406_session1,1,32000000,4,10,10,0,0,0,-1,139.0,0.0072089635,1.6748705035977106e-06,0.0004383103782761685,0.0072089635,1.6748705035977106e-06,0.0004383103782761685,0.715210571942446,0.0007655935251798529,0.0015171227751467938,0.715210571942446,0.0007655935251798529,0.0015171227751467938,nan,nan,nan,99.25490565956599,0.10630936112787026,0.001490454932938238,8.877836604206248,0.0020627182152166412,0.00043832185594771216,53.267019625237495,0.012376309291298071,0.0004383218559476992,0.005156451052361425,5.713596579304259e-06,0.001663264593894057,3.718409120261715e-05,5.103070179466969e-08,0.0019015229400251655,68.0,0.0,0.020930231793291062,68.0,0.0,0.020930231793291062,62.5,2.5,0.03790045440947172,1905.0,0.0,0.015754811482833343,1910.0,0.0,0.008132360984417952,1.0026246719160106,0.0,0.01296153028991939,-1.0,0.0,-0.0,-1.0,0.0,-0.0
amd,AMD Threadripper 3970X,cpu,axpy_amd_20260725_215406,axpy_amd_20260725_215406_session1,1,32000000,8,10,10,0,0,0,-1,148.0,0.007141973864864866,1.7478310810801166e-06,0.0003326045270819322,0.007141973864864866,1.7478310810801166e-06,0.0003326045270819322,0.7116810608108108,0.0005380979729728841,0.004286411939136069,0.7116810608108108,0.0005380979729728841,0.004286411939136069,nan,nan,nan,99.66698551924381,0.05528108251183994,0.004170066956841195,8.961108123372515,0.002192484964533392,0.00033265484477133415,53.766648740235084,0.013154909787193247,0.0003326548447713317,0.005081237761773686,6.293620078065814e-06,0.004424781505029608,3.6285802965564254e-05,5.550478991702841e-08,0.004583170245580568,67.0,1.0,0.013049106345319124,67.0,1.0,0.013049106345319124,60.5,2.5,0.0492306662764507,2129.5,6.5,0.009572171228006037,2066.0,1.0,0.0007306854787490854,0.9699459950559786,0.003672964820564506,0.009780281346754476,-1.0,0.0,-0.0,-1.0,0.0,-0.0
amd,AMD Threadripper 3970X,cpu,axpy_amd_20260725_215406,axpy_amd_20260725_215406_session1,1,32000000,10,10,10,0,0,0,-1,159.0,0.00672747234591195,2.8550660377364354e-06,0.0004196388971922165,0.00672747234591195,2.8550660377364354e-06,0.0004196388971922165,0.8313584716981132,0.002771676100628895,0.00763846798708843,0.8313584716981132,0.002771676100628895,0.00763846798708843,nan,nan,nan,123.54615772274998,0.4472292854160216,0.007876607997309201,9.513231234783596,0.004037033725878381,0.00041962956311276695,57.07938740870158,0.024222202355268507,0.0004196295631128037,0.005594322338071846,1.705138395953487e-05,0.007416407852383041,3.76526068585865e-05,1.1163774019275677e-07,0.007211914914654327,69.5,1.5,0.04298032468905385,69.5,1.5,0.04298032468905385,66.5,4.0,0.07580733349419795,2203.0,1.0,0.017835803331805154,2138.0,4.5,0.011672067150574447,0.970494779845665,0.006123651132406593,0.023204719761886844,-1.0,0.0,-0.0,-1.0,0.0,-0.0
amd,AMD Threadripper 3970X,cpu,axpy_amd_20260725_215406,axpy_amd_20260725_215406_session1,1,32000000,16,10,10,0,0,0,-1,150.0,0.007155169863333333,1.5192099999997676e-06,0.0002207101208566344,0.007155169863333333,1.5192099999997676e-06,0.0002207101208566344,0.8644980366666666,0.0007130033333332397,0.001533502458876372,0.8644980366666666,0.0007130033333332397,0.001533502458876372,nan,nan,nan,120.79820047919407,0.06079847951068018,0.0014681358125350566,8.944581527297395,0.001899168002366558,0.00022071775168943237,53.667489163784374,0.01139500801420823,0.00022071775168949168,0.006186821099752431,7.077742830908628e-06,0.001626426542883474,4.4276277913723495e-05,4.739077939828958e-08,0.001742501983802602,68.5,0.5,0.013809072751826983,68.5,0.5,0.013809072751826983,64.0,2.5,0.05605761826885089,2424.5,31.5,0.012011974728811691,2365.0,0.0,0.0011457589100284866,0.9754608903287885,0.012910926250326193,0.012048009053888994,-1.0,0.0,-0.0,-1.0,0.0,-0.0
amd,AMD Threadripper 3970X,cpu,axpy_amd_20260725_215406,axpy_amd_20260725_215406_session1,1,32000000,20,10,10,0,0,0,-1,141.0,0.007469657989361701,8.5497872340419e-07,0.00020971305818288322,0.007469657989361701,8.5497872340419e-07,0.00020971305818288322,0.9589967375886523,0.000745372340425543,0.001024338235490311,0.9589967375886523,0.000745372340425543,0.001024338235490311,nan,nan,nan,128.37534824904233,0.07298149112459384,0.0009526579782920614,8.567996052281012,0.0009807046380609918,0.00020968763859674944,51.40797631368608,0.005884227828374833,0.00020968763859675432,0.0071639513040561795,7.407454322083933e-06,0.0011308964459184677,5.351201211202671e-05,6.599672172237273e-08,0.0012635517776913587,68.5,1.5,0.022032567246076436,68.5,1.5,0.022032567246076436,62.0,2.5,0.051348781370503915,2567.0,6.0,0.009851967683596528,2518.0,8.0,0.00787883038306801,0.9870862319041416,0.009287216423373101,0.013974873609355025,-1.0,0.0,-0.0,-1.0,0.0,-0.0
amd,AMD Threadripper 3970X,cpu,axpy_amd_20260725_215406,axpy_amd_20260725_215406_session1,1,32000000,32,10,10,0,0,0,-1,155.0,0.00719732119032258,2.1770258064519356e-06,0.00040296503973310545,0.00719732119032258,2.1770258064519356e-06,0.00040296503973310545,1.0782712935483871,0.0008566096774195175,0.0015685041150986562,1.0782712935483871,0.0008566096774195175,0.0015685041150986562,nan,nan,nan,149.78210777009917,0.10070571925666627,0.0015330895046835832,8.892197313671108,0.002689901451473631,0.00040290003169587887,53.35318388202665,0.016139408708838232,0.00040290003169585485,0.007760292104766934,7.5998593904911226e-06,0.0017016061574221001,5.5850637150210795e-05,6.674398348123893e-08,0.0019121442677160678,68.5,1.0,0.021946724568777873,68.5,1.0,0.021946724568777873,64.0,2.0,0.042143427468475686,2974.5,7.0,0.011107758689032058,2946.0,3.0,0.007826484283918658,0.9902505750114436,0.0020048497282990074,0.014526662635315669,-1.0,0.0,-0.0,-1.0,0.0,-0.0
amd,AMD Threadripper 3970X,cpu,axpy_amd_20260725_215406,axpy_amd_20260725_215406_session1,1,32000000,64,10,10,0,0,0,-1,154.0,0.007220185931818182,9.496724025974054e-06,0.0014510159989393687,0.007220185931818182,9.496724025974054e-06,0.0014510159989393687,1.111422042207792,0.0022548636363636243,0.0033900589830094864,1.111422042207792,0.0022548636363636243,0.0033900589830094864,nan,nan,nan,153.902232199874,0.2680190112274232,0.0029737535423769537,8.86403774750309,0.011643585273594326,0.0014510813137682695,53.18422648501855,0.06986151164157661,0.0014510813137682183,0.00802158412494287,2.1599522668418712e-05,0.004285859517207537,5.7909876558466387e-05,2.0683543370454715e-07,0.005428713314707463,65.0,1.0,0.02748026600455899,65.0,1.0,0.02748026600455899,58.0,3.5,0.06953170014995919,4151.0,9.5,0.0032096952524542314,4197.0,2.0,0.002908879279508587,1.0118158894799594,0.0012568193395493532,0.0030862038227435907,-1.0,0.0,-0.0,-1.0,0.0,-0.0
amd,AMD Threadripper 3970X,cpu,axpy_amd_20260725_215406,axpy_amd_20260725_215406_session1,1,64000000,1,10,10,0,0,0,-1,39.0,0.025902595974358976,6.686679487180602e-06,0.0008262249905150819,0.025902595974358976,6.686679487180602e-06,0.0008262249905150819,1.9105850384615384,0.0023417179487180695,0.008119232866466463,1.9105850384615384,0.0023417179487180695,0.008119232866466463,nan,nan,nan,73.7953289825243,0.07660307289292234,0.008410475964521807,4.941589665074227,0.0012752907808262215,0.0008257037970582013,29.64953799044536,0.0076517446849599935,0.0008257037970581958,0.049460195968350176,0.00010581474339702718,0.00790366044959843,0.0012800747205084441,4.37135124900837e-06,0.007770223686148149,69.0,0.5,0.009824578714855208,69.0,0.5,0.009824578714855208,63.5,2.5,0.04602448389873614,1793.0,0.0,0.010863791990628823,1795.0,1.0,0.009026308459425123,1.0011154489682097,0.000557724484104849,0.013860661743392712,-1.0,0.0,-0.0,-1.0,0.0,-0.0
amd,AMD Threadripper 3970X,cpu,axpy_amd_20260725_215406,axpy_amd_20260725_215406_session1,1,64000000,2,10,10,0,0,0,-1,59.0,0.017174412237288137,1.0403813559324918e-05,0.001388188926499796,0.017174412237288137,1.0403813559324918e-05,0.001388188926499796,1.3726079915254237,0.0011398135593219116,0.004427966557772217,1.3726079915254237,0.0011398135593219116,0.004427966557772217,nan,nan,nan,79.95373850571505,0.10735907847148951,0.0042813678017804375,7.452947963680989,0.004517529558274447,0.0013909249562534302,44.71768778208593,0.027105177349650234,0.0013909249562534128,0.02356834747287289,1.9120738922826647e-05,0.004975827823606608,0.00040467446829767673,3.6870370357454493e-07,0.0058106168638374705,71.0,0.0,0.011546600313444105,71.0,0.0,0.011546600313444105,66.5,2.5,0.046465555218515156,1832.0,0.5,0.01504195626578833,1834.0,0.0,0.005325681053474804,1.0016375545851528,0.0008201193063418488,0.016073421527598053,-1.0,0.0,-0.0,-1.0,0.0,-0.0
amd,AMD Threadripper 3970X,cpu,axpy_amd_20260725_215406,axpy_amd_20260725_215406_session1,1,64000000,4,10,10,0,0,0,-1,70.0,0.014330980364285713,7.5824000000017724e-06,0.0006873912332022921,0.014330980364285713,7.5824000000017724e-06,0.0006873912332022921,1.3108857214285714,0.0011537285714287027,0.0018739012862726617,1.3108857214285714,0.0011537285714287027,0.0018739012862726617,nan,nan,nan,91.40816375239453,0.05477058374681576,0.0019012164890084514,8.931699005547902,0.004723246022400929,0.0006875920127661883,53.59019403328742,0.02833947613441623,0.0006875920127661656,0.018791899213689962,1.0995800959836405e-05,0.002085962680867171,0.00026933515185903787,2.6773087772927174e-07,0.0024764899752838542,71.0,0.5,0.016838523203064205,71.0,0.5,0.016838523203064205,66.0,2.5,0.04955081172078453,1909.0,1.0,0.006660349857386416,1913.5,1.5,0.007084767331174924,1.0020964360587001,0.0007857517024620897,0.008789580558700804,-1.0,0.0,-0.0,-1.0,0.0,-0.0
amd,AMD Threadripper 3970X,cpu,axpy_amd_20260725_215406,axpy_amd_20260725_215406_session1,1,64000000,8,10,10,0,0,0,-1,70.0,0.01447945035,5.666428571429738e-07,0.0003173640174218005,0.01447945035,5.666428571429738e-07,0.0003173640174218005,1.7755076357142858,0.0003301214285713616,0.0007505643197179253,1.7755076357142858,0.0003301214285713616,0.0007505643197179253,nan,nan,nan,122.61071297282726,0.052109558293750524,0.0009520702055022446,8.840114569697086,0.0003459372095830915,0.00031738317066514024,53.0406874181825,0.0020756232575074307,0.00031738317066521386,0.02571108008383377,1.169844704744169e-05,0.0006496250830149987,0.0003722936960640395,2.3990312890452906e-07,0.000694549381413189,72.0,1.0,0.022633356770186405,72.0,1.0,0.022633356770186405,68.5,3.0,0.0574395058548012,2050.0,0.0,0.007329240567492795,2060.0,1.0,0.011634048628886102,1.004390243902439,0.006779971360830084,0.01534495058952257,-1.0,0.0,-0.0,-1.0,0.0,-0.0
amd,AMD Threadripper 3970X,cpu,axpy_amd_20260725_215406,axpy_amd_20260725_215406_session1,1,64000000,10,10,10,0,0,0,-1,69.0,0.01460452343478261,1.1719637681177272e-06,0.0002019238810824603,0.01460452343478261,1.1719637681177272e-06,0.0002019238810824603,1.5063335579710144,0.0003169855072463479,0.0003922752550909161,1.5063335579710144,0.0003169855072463479,0.0003922752550909161,nan,nan,nan,103.13986314758485,0.008669684705964187,0.00038438284874843645,8.764407862453858,0.0007033698027063551,0.00020194068021850352,52.58644717472314,0.004220218816250565,0.00020194068021844362,0.021999581486819186,7.093251267088416e-06,0.000491428623762716,0.00032133096547863583,1.3411365959561982e-07,0.0006407780575234682,70.0,0.0,0.01667312202808618,70.0,0.0,0.01667312202808618,65.0,2.5,0.05030272085160068,2191.5,12.0,0.01126780166510763,2144.0,0.0,0.003762797488531554,0.983741768944066,0.007712521915172854,0.011584035921862704,-1.0,0.0,-0.0,-1.0,0.0,-0.0
amd,AMD Threadripper 3970X,cpu,axpy_amd_20260725_215406,axpy_amd_20260725_215406_session1,1,64000000,16,10,10,0,0,0,-1,69.0,0.014654557492753625,2.6400072463787783e-06,0.0002662190911108533,0.014654557492753625,2.6400072463787783e-06,0.0002662190911108533,1.7304247101449275,0.001825202898550815,0.0035495376243610418,1.7304247101449275,0.001825202898550815,0.0035495376243610418,nan,nan,nan,118.08921030951385,0.11107573857361785,0.003747192639733495,8.734484180855393,0.0015735966549810243,0.0002661781417422532,52.40690508513235,0.009441579929887922,0.0002661781417422867,0.025356844427971814,3.029143485088273e-05,0.0033611392293116955,0.00037156749311639646,5.110248718340259e-07,0.003183651430303553,70.0,0.5,0.021021788814034808,70.0,0.5,0.021021788814034808,65.0,2.0,0.058670119502581344,2439.5,13.0,0.011515415754544407,2370.5,2.0,0.006398596823789462,0.9754706751188802,0.009116534440603952,0.012486635858830763,-1.0,0.0,-0.0,-1.0,0.0,-0.0
amd,AMD Threadripper 3970X,cpu,axpy_amd_20260725_215406,axpy_amd_20260725_215406_session1,1,64000000,20,10,10,0,0,0,-1,63.0,0.015979125793650795,4.072500000000534e-06,0.00032460875385437985,0.015979125793650795,4.072500000000534e-06,0.00032460875385437985,1.932288253968254,0.0013758888888888432,0.0008183439022809299,1.932288253968254,0.0013758888888888432,0.0008183439022809299,nan,nan,nan,120.94136849474253,0.09190556455310883,0.0007552759056498938,8.010450737606435,0.0020420941057182063,0.00032465897076508493,48.062704425638614,0.012252564634305685,0.00032465897076513047,0.030874189793122314,1.605105380058508e-05,0.0009897024574161565,0.0004933989647824044,3.454595678895598e-07,0.001224670048520499,70.0,0.5,0.01197832447033477,70.0,0.5,0.01197832447033477,65.0,2.0,0.040373285741457994,2584.0,20.0,0.014015015835113265,2517.5,1.5,0.0016551521428162187,0.9754281371878148,0.008262238570303337,0.014397606306966,-1.0,0.0,-0.0,-1.0,0.0,-0.0
amd,AMD Threadripper 3970X,cpu,axpy_amd_20260725_215406,axpy_amd_20260725_215406_session1,1,64000000,32,10,10,0,0,0,-1,68.0,0.014855862419117648,5.836470588242368e-07,8.145866819080181e-05,0.014855862419117648,5.836470588242368e-07,8.145866819080181e-05,2.220277970588235,0.0004883676470588405,0.00033602101031344426,2.220277970588235,0.0004883676470588405,0.00033602101031344426,nan,nan,nan,149.45087405952927,0.02766505573090683,0.0003087876928370125,8.616127181905158,0.00033849753868686605,8.145731471050285e-05,51.69676309143094,0.002030985232114091,8.145731471053277e-05,0.032984981189369655,8.218212465112285e-06,0.0003791448235476879,0.0004900143184649037,1.416522505331497e-07,0.00043344265423102355,67.0,0.0,0.009411540655263034,67.0,0.0,0.009411540655263034,61.0,2.5,0.0491203710732044,2963.0,7.0,0.013305235835991046,2964.0,0.5,0.004100340897383311,1.0001687478906514,0.0006756185892653477,0.013042220822786658,-1.0,0.0,-0.0,-1.0,0.0,-0.0
amd,AMD Threadripper 3970X,cpu,axpy_amd_20260725_215406,axpy_amd_20260725_215406_session1,1,64000000,64,10,10,0,0,0,-1,67.0,0.015114573820895524,1.249466417910499e-05,0.0016528608112014265,0.015114573820895524,1.249466417910499e-05,0.0016528608112014265,2.33988102238806,0.0006959552238805511,0.001140098279939003,2.33988102238806,0.0006959552238805511,0.001140098279939003,nan,nan,nan,154.8411971177872,0.06460963041870116,0.0008894168772504187,8.46864769909632,0.0070085565302742125,0.0016538864279266212,50.81188619457791,0.042051339181650604,0.001653886427926639,0.035365793002271106,3.069222732872412e-05,0.0026956363462310646,0.0005345466109729081,8.841719863453452e-07,0.004322130003916029,69.0,1.0,0.014924791314864806,69.0,1.0,0.014924791314864806,65.5,2.5,0.04386014435486138,4096.0,2.5,0.002802424348644225,4142.0,2.0,0.001252772040491708,1.0113538804945055,0.001594152646017588,0.0028654498362948397,-1.0,0.0,-0.0,-1.0,0.0,-0.0
amd,AMD Threadripper 3970X,cpu,axpy_amd_20260725_215406,axpy_amd_20260725_215406_session1,1,128000000,1,10,10,0,0,0,-1,20.0,0.0523753587,1.4980600000002314e-05,0.00133444287507618,0.0523753587,1.4980600000002314e-05,0.00133444287507618,3.685419225,0.005264750000000262,0.004367734136040756,3.685419225,0.005264750000000262,0.004367734136040756,nan,nan,nan,70.3398135939625,0.07847649348985186,0.0055936883307973655,4.887794709287995,0.0013984037169545438,0.001338609751249878,29.32676825572797,0.008390422301728151,0.0013386097512498698,0.19309569043801322,0.0003119161242667312,0.0032474617446480495,0.010117151783599215,1.7310530989841054e-05,0.0023795089019808292,68.0,0.0,0.011566138383381457,68.0,0.0,0.011566138383381457,64.0,1.5,0.03934902903629861,1793.0,0.0,0.007039015381565675,1795.0,0.0,0.018801957261909214,1.0011154489682097,0.0002788622420524245,0.020741886363817807,-1.0,0.0,-0.0,-1.0,0.0,-0.0
amd,AMD Threadripper 3970X,cpu,axpy_amd_20260725_215406,axpy_amd_20260725_215406_session1,1,128000000,2,10,10,0,0,0,-1,30.0,0.034148361550000006,1.53618499999994e-05,0.0006444459785223719,0.034148361550000006,1.53618499999994e-05,0.0006444459785223719,2.7566366666666666,0.003472216666666972,0.005219973386547482,2.7566366666666666,0.003472216666666972,0.005219973386547482,nan,nan,nan,80.70488754997912,0.07658856167291361,0.00481653861949652,7.496699364138237,0.003372297350618947,0.0006447697512535854,44.980196184829424,0.020233784103712793,0.0006447697512535608,0.09415840725972002,0.00015057806279343555,0.0056677296148374785,0.003215742323096727,4.250409027026789e-06,0.006150033904679704,70.0,1.0,0.013494783756052828,70.0,1.0,0.013494783756052828,64.5,2.5,0.051433175643001275,1832.0,0.0,0.005482771039257854,1834.0,0.0,0.00653860872164536,1.0010917030567685,0.0,0.008770618790523776,-1.0,0.0,-0.0,-1.0,0.0,-0.0
amd,AMD Threadripper 3970X,cpu,axpy_amd_20260725_215406,axpy_amd_20260725_215406_session1,1,128000000,4,10,10,0,0,0,-1,36.0,0.02846175101388889,1.0595388888888502e-05,0.0005806246362518538,0.02846175101388889,1.0595388888888502e-05,0.0005806246362518538,2.5796056527777775,0.008345291666666643,0.006788787710407575,2.5796056527777775,0.008345291666666643,0.006788787710407575,nan,nan,nan,90.60737263987187,0.24416941634187594,0.0067151287760343365,8.994527457395392,0.003348308040827419,0.0005803636037841236,53.967164744372354,0.02008984824496096,0.0005803636037841325,0.07344178110354116,0.0003030062676272413,0.006910826426263337,0.00209121037766395,1.0489461996041278e-05,0.007078807431100372,70.0,0.0,0.007335195731453441,70.0,0.0,0.007335195731453441,64.5,1.5,0.04267507353588304,1910.0,0.0,0.0003311632275807288,1915.0,1.0,0.006676744206018902,1.0026178010471205,0.0005235602094242342,0.006623377932002681,-1.0,0.0,-0.0,-1.0,0.0,-0.0
amd,AMD Threadripper 3970X,cpu,axpy_amd_20260725_215406,axpy_amd_20260725_215406_session1,1,128000000,8,10,10,0,0,0,-1,35.0,0.028789294414285713,4.621600000000864e-06,0.0002433519222655012,0.028789294414285713,4.621600000000864e-06,0.0002433519222655012,2.8226517571428573,0.014722228571428575,0.007145791958050899,2.8226517571428573,0.014722228571428575,0.007145791958050899,nan,nan,nan,98.03691591796544,0.4945092874468955,0.007126954548735594,8.892194311698724,0.0014272526298606536,0.00024340008461912272,53.35316587019234,0.008563515779158593,0.00024340008461908773,0.0812690088310486,0.0004387846239651688,0.0071728050718028345,0.0023398748413254265,1.3062107166795286e-05,0.007207897142650213,69.0,0.5,0.01528643442238644,69.0,0.5,0.01528643442238644,65.0,2.0,0.0453142295175828,2056.5,0.5,0.0012084371763456012,2069.0,1.5,0.005817222028800356,1.0063229571984436,0.0012184360511416914,0.005943623180052432,-1.0,0.0,-0.0,-1.0,0.0,-0.0
amd,AMD Threadripper 3970X,cpu,axpy_amd_20260725_215406,axpy_amd_20260725_215406_session1,1,128000000,10,10,10,0,0,0,-1,35.0,0.029013764085714287,2.96072857142865e-06,0.00015414350412107182,0.029013764085714287,2.96072857142865e-06,0.00015414350412107182,2.978351585714286,0.001601685714286205,0.00397543077164431,2.978351585714286,0.001601685714286205,0.00397543077164431,nan,nan,nan,102.6263520057763,0.04079285656956699,0.004002430121478347,8.823398418525635,0.000900476324595445,0.0001541232947126778,52.9403905111538,0.005402857947586881,0.00015412329471272993,0.08641862915212317,5.140763504655338e-05,0.003954237226993172,0.002507399131148576,1.9718218312707054e-06,0.0039389455740644844,69.0,0.0,0.006831949576681619,69.0,0.0,0.006831949576681619,64.0,2.0,0.048301510316954156,2131.0,4.0,0.00655973574713022,2144.0,2.0,0.0009275523981081553,1.0068011257035647,0.0009618093858050347,0.006183762650199542,-1.0,0.0,-0.0,-1.0,0.0,-0.0
amd,AMD Threadripper 3970X,cpu,axpy_amd_20260725_215406,axpy_amd_20260725_215406_session1,1,128000000,16,10,10,0,0,0,-1,35.0,0.029145708842857145,5.094371428570818e-06,0.000291362148383815,0.029145708842857145,5.094371428570818e-06,0.000291362148383815,3.452766814285714,0.0007716142857141506,0.0003775906350682113,3.452766814285714,0.0007716142857141506,0.0003775906350682113,nan,nan,nan,118.48158348888626,0.03680647452968344,0.0004210204876415291,8.783454275686992,0.001535327117582419,0.00029129760494299895,52.70072565412195,0.009211962705492738,0.0002912976049429665,0.10064348401613553,4.334967121499139e-05,0.0005268938907116241,0.0029334086775289316,1.360874238886308e-06,0.0007632158743336148,74.0,0.0,0.006940830369547343,74.0,0.0,0.006940830369547343,67.5,2.5,0.04684450230291584,2341.5,6.5,0.008605772629056952,2369.0,3.0,0.001763302647366498,1.0117619348601004,0.0034433900212670343,0.009259012713503162,-1.0,0.0,-0.0,-1.0,0.0,-0.0
amd,AMD Threadripper 3970X,cpu,axpy_amd_20260725_215406,axpy_amd_20260725_215406_session1,1,128000000,20,10,10,0,0,0,-1,32.0,0.031917636484375,7.699062500001602e-06,0.00026473502945142436,0.031917636484375,7.699062500001602e-06,0.00026473502945142436,3.850057328125,0.0025462031249998685,0.0017068288093820669,3.850057328125,0.0025462031249998685,0.0017068288093820669,nan,nan,nan,120.63381058329173,0.08350871902319312,0.0017851009350279472,8.020644019512924,0.0019346811753484516,0.0002647211518391978,48.12386411707754,0.011608087052092486,0.0002647211518391701,0.1228637189445227,0.0001015561505456411,0.0016673917995908756,0.003920891950832801,3.489173297321988e-06,0.0016695508665243617,72.5,0.5,0.016885612559144482,72.5,0.5,0.016885612559144482,66.5,2.5,0.048990808328445656,2546.5,19.5,0.023657488706508766,2515.5,3.0,0.0059568727932525056,0.9868752035478536,0.009323532169964066,0.025333023995481384,-1.0,0.0,-0.0,-1.0,0.0,-0.0
amd,AMD Threadripper 3970X,cpu,axpy_amd_20260725_215406,axpy_amd_20260725_215406_session1,1,128000000,32,10,10,0,0,0,-1,34.0,0.029581378397058825,5.099294117646633e-06,0.0001867933543348768,0.029581378397058825,5.099294117646633e-06,0.0001867933543348768,4.434989470588235,0.001096779411764448,0.0017868206075823765,4.434989470588235,0.001096779411764448,0.0017868206075823765,nan,nan,nan,149.93291373226555,0.043521705505568775,0.0018988179194427278,8.65409301846861,0.0014915589391071293,0.00018679766704653134,51.924558110811645,0.008949353634633894,0.00018679766704656435,0.13118117057350764,4.0094183879541e-05,0.0016880910766293475,0.0038800773685581623,1.3057201929610966e-06,0.0016050780321789809,69.0,1.0,0.011833283781561246,69.0,1.0,0.011833283781561246,63.5,2.5,0.04757570531618539,2924.5,5.0,0.008958874770190278,2962.0,13.5,0.007284111026342911,1.012842303384867,0.0025748212668023074,0.007405472011008138,-1.0,0.0,-0.0,-1.0,0.0,-0.0
amd,AMD Threadripper 3970X,cpu,axpy_amd_20260725_215406,axpy_amd_20260725_215406_session1,1,128000000,64,10,10,0,0,0,-1,34.0,0.03001381951470588,2.0263088235297072e-05,0.0011417982614770636,0.03001381951470588,2.0263088235297072e-05,0.0011417982614770636,4.640966397058824,0.008703808823529613,0.002724337370984797,4.640966397058824,0.008703808823529613,0.002724337370984797,nan,nan,nan,154.62418796224273,0.17102987990561758,0.0020598409336889754,8.529404614451561,0.005754885513811203,0.0011403263035741525,51.176427686709374,0.034529313082874324,0.001140326303574161,0.13928244533279666,0.00027771937183992956,0.0036354571973186032,0.0041794444906720135,9.881663573105964e-06,0.004651524101746446,68.5,1.0,0.025677273776273112,68.5,1.0,0.025677273776273112,65.5,2.5,0.053359269464567656,4060.5,15.0,0.004854181343289503,4172.5,1.5,0.0008150550604762518,1.027822253826284,0.003792814852270232,0.005364263060278966,-1.0,0.0,-0.0,-1.0,0.0,-0.0
amd,AMD Threadripper 3970X,cpu,axpy_amd_20260725_215406,axpy_amd_20260725_215406_session1,1,256000000,1,10,10,0,0,0,-1,10.0,0.10333324990000001,0.00010942990000000624,0.002729369721154466,0.10333324990000001,0.00010942990000000624,0.002729369721154466,7.4786278500000005,0.0739402999999994,0.013094605618160744,7.4786278500000005,0.0739402999999994,0.013094605618160744,nan,nan,nan,72.3662222750898,0.604626926050301,0.014629723709439386,4.954842711478346,0.005255908888087468,0.0027240084273570395,29.729056268870075,0.03153545332852836,0.002724008427357117,0.7728726689386836,0.007256146721559165,0.011966360197810723,0.07987189405043074,0.0006613438085446913,0.011370588519360968,69.0,0.0,0.015926265334509578,69.0,0.0,0.015926265334509578,66.0,0.0,0.008613751323179767,1793.0,0.0,0.01769429768668448,1794.0,0.0,0.0054017482243984795,1.0005577244841048,0.000557724484104849,0.013063214839698896,-1.0,0.0,-0.0,-1.0,0.0,-0.0
amd,AMD Threadripper 3970X,cpu,axpy_amd_20260725_215406,axpy_amd_20260725_215406_session1,1,256000000,2,10,10,0,0,0,-1,15.0,0.0675840301,2.476426666667142e-05,0.0006429186503722794,0.0675840301,2.476426666667142e-05,0.0006429186503722794,5.4507481,0.009770699999999799,0.006256552977547883,5.4507481,0.009770699999999799,0.006256552977547883,nan,nan,nan,80.68107072716361,0.05574821090780091,0.005934903534013294,7.5757543456051195,0.002775418198696755,0.0006430094699150001,45.45452607363072,0.01665250919218053,0.0006430094699150477,0.36816150931386804,0.0011826818260602112,0.006625237379610976,0.02486684561058001,0.00010452318818169465,0.007033539211139434,69.0,0.0,0.0091395308097352,69.0,0.0,0.0091395308097352,64.0,2.0,0.03782235370976221,1832.0,0.0,0.0,1835.0,0.0,0.0055691598742001296,1.0016375545851528,0.0,0.005569159874200142,-1.0,0.0,-0.0,-1.0,0.0,-0.0
amd,AMD Threadripper 3970X,cpu,axpy_amd_20260725_215406,axpy_amd_20260725_215406_session1,1,256000000,4,10,10,0,0,0,-1,18.0,0.05659134497222222,1.4207694444441643e-05,0.00036389701909996436,0.05659134497222222,1.4207694444441643e-05,0.00036389701909996436,4.972352916666667,0.004722749999999554,0.005516163901434843,4.972352916666667,0.004722749999999554,0.005516163901434843,nan,nan,nan,87.88318555820325,0.04454009583552221,0.005480797631700457,9.047319873861536,0.0022707110321418256,0.0003639469612261342,54.28391924316922,0.013624266192856282,0.0003639469612260917,0.28132551830786445,0.00044732856525497855,0.00557510099448081,0.015916822396213906,3.5788318224242235e-05,0.00565686247224291,69.0,0.0,0.012708200809447213,69.0,0.0,0.012708200809447213,63.0,1.5,0.034969895136143216,1910.0,0.0,0.010434177601042986,1915.0,1.0,0.012322247351226223,1.0026178010471205,0.008116006022724997,0.01805874650597292,-1.0,0.0,-0.0,-1.0,0.0,-0.0
amd,AMD Threadripper 3970X,cpu,axpy_amd_20260725_215406,axpy_amd_20260725_215406_session1,1,256000000,8,10,10,0,0,0,-1,18.0,0.057103939972222226,2.29816666666785e-06,0.00016217233936588414,0.057103939972222226,2.29816666666785e-06,0.00016217233936588414,5.721970416666666,0.02426191666666666,0.014334397918011048,5.721970416666666,0.02426191666666666,0.014334397918011048,nan,nan,nan,100.20270211936015,0.4262632621471738,0.014228963162909712,8.966106371553384,0.00036084374279443665,0.0001621345015703683,53.796638229320294,0.002165062456771949,0.0001621345015703934,0.326747131661558,0.0013809172001223724,0.014440952574467442,0.01865855298919458,7.908526393756755e-05,0.014548603838910414,72.0,1.0,0.02531505739594164,72.0,1.0,0.02531505739594164,67.5,3.5,0.06716813088246168,2052.5,1.5,0.004188084355911698,2089.0,18.5,0.010058739475042393,1.0131571881719792,0.00633053516510329,0.010670606329023872,-1.0,0.0,-0.0,-1.0,0.0,-0.0
amd,AMD Threadripper 3970X,cpu,axpy_amd_20260725_215406,axpy_amd_20260725_215406_session1,1,256000000,10,10,10,0,0,0,-1,18.0,0.057680872638888894,6.601916666661156e-06,0.0003965520906600756,0.057680872638888894,6.601916666661156e-06,0.0003965520906600756,6.1895106944444445,0.008377499999999927,0.008789751715766654,6.1895106944444445,0.008377499999999927,0.008789751715766654,nan,nan,nan,107.31445835661339,0.1382392113457982,0.008943224275398228,8.876426062504992,0.0010158595868476894,0.00039628107293779655,53.258556375029954,0.006095157521095018,0.0003962810729378488,0.3570321070693807,0.0004630427266222037,0.008651504466858887,0.020594830974844297,2.558569926063535e-05,0.008529260344383878,72.0,1.0,0.016037507477489603,72.0,1.0,0.016037507477489603,66.0,2.0,0.039519470030913564,2124.0,1.0,0.0007428994516355392,2135.5,3.5,0.005818997146972114,1.00494339308969,0.0016470588235294459,0.006271889388876713,-1.0,0.0,-0.0,-1.0,0.0,-0.0
amd,AMD Threadripper 3970X,cpu,axpy_amd_20260725_215406,axpy_amd_20260725_215406_session1,1,256000000,16,10,10,0,0,0,-1,18.0,0.057981305749999996,1.1125944444443508e-05,0.00028729452155386954,0.057981305749999996,1.1125944444443508e-05,0.00028729452155386954,6.836452,0.005932833333333498,0.0010794196226645817,6.836452,0.005932833333333498,0.0010794196226645817,nan,nan,nan,117.93978625903738,0.07628874150762499,0.001026678467102445,8.830432385128677,0.0016945254529687759,0.0002873550202500483,52.98259431077207,0.01016715271781976,0.000287355020250011,0.39642284344879386,0.00043399734955282265,0.0012005263600087847,0.02298700732028397,2.8368916289002108e-05,0.001371974840866626,74.5,0.5,0.01695591238696182,74.5,0.5,0.01695591238696182,69.0,2.0,0.03911152621175082,2341.5,3.5,0.006174933710127944,2371.5,1.5,0.006127026233160174,1.0128231620642907,0.003019947388693822,0.009045269570219769,-1.0,0.0,-0.0,-1.0,0.0,-0.0
amd,AMD Threadripper 3970X,cpu,axpy_amd_20260725_215406,axpy_amd_20260725_215406_session1,1,256000000,20,10,10,0,0,0,-1,16.0,0.0636634123125,4.341812500002762e-06,0.00019539994416758292,0.0636634123125,4.341812500002762e-06,0.00019539994416758292,7.7105454375,0.018268562499999863,0.0027906226795718983,7.7105454375,0.018268562499999863,0.0027906226795718983,nan,nan,nan,121.0982415635275,0.2736109998400522,0.002701698808259809,8.042295905915708,0.0005484609168684429,0.0001953953954081391,48.25377543549425,0.003290765501208881,0.00019539539540815108,0.4909444774584826,0.0011365462842029828,0.0028900442491433167,0.03125933047604611,7.422414793995316e-05,0.0029989205266929843,77.0,1.0,0.02491859784121923,77.0,1.0,0.02491859784121923,73.0,4.0,0.06529489373018187,2486.5,1.0,0.005040703296436166,2519.5,10.5,0.008980633803099327,1.0132975803743278,0.012870081216260654,0.01173823443446495,-1.0,0.0,-0.0,-1.0,0.0,-0.0
amd,AMD Threadripper 3970X,cpu,axpy_amd_20260725_215406,axpy_amd_20260725_215406_session1,1,256000000,32,10,10,0,0,0,-1,17.0,0.05891295120588235,2.8411470588199372e-06,9.574594111127414e-05,0.05891295120588235,2.8411470588199372e-06,9.574594111127414e-05,8.823132823529413,0.00863826470588247,0.0031330920499749496,8.823132823529413,0.00863826470588247,0.0031330920499749496,nan,nan,nan,149.76764904926813,0.14456732153435325,0.003134297651534892,8.690788519670676,0.0004191293476383251,9.575337936626609e-05,52.144731118024055,0.002514776085831727,9.575337936625388e-05,0.5197880845401719,0.0005176146435314499,0.0031348074948397424,0.030621737421990293,3.100684621921805e-05,0.0031394385189167286,70.0,0.5,0.015743990480895732,70.0,0.5,0.015743990480895732,63.5,2.5,0.03730359685971626,2915.5,6.5,0.002474556197691877,2964.0,2.0,0.005930848040942817,1.0178632793323514,0.003138882974098034,0.0055271171859095514,-1.0,0.0,-0.0,-1.0,0.0,-0.0
amd,AMD Threadripper 3970X,cpu,axpy_amd_20260725_215406,axpy_amd_20260725_215406_session1,1,256000000,64,10,10,0,0,0,-1,17.0,0.05970163702941176,1.0926411764707045e-05,0.00019833429614143756,0.05970163702941176,1.0926411764707045e-05,0.00019833429614143756,9.333480588235293,0.007359705882352685,0.0011099830834708216,9.333480588235293,0.007359705882352685,0.0011099830834708216,nan,nan,nan,156.33483628617324,0.12495241258430667,0.001057786760260735,8.57597929904685,0.0015695648959681563,0.0001983399544953854,51.4558757942811,0.00941738937581249,0.0001983399544954005,0.5571637357169769,0.000354563792584639,0.0011932708418876225,0.03326062246968713,2.546317177630833e-05,0.001301692997838699,72.0,0.5,0.021881090286246727,72.0,0.5,0.021881090286246727,69.0,2.5,0.04419927524229915,4016.5,3.5,0.0017541683852145263,4147.0,1.5,0.0009007796891796489,1.0324950199203187,0.001652279810753221,0.0017992379591255316,-1.0,0.0,-0.0,-1.0,0.0,-0.0
amd,AMD Threadripper 3970X,cpu,axpy_amd_20260725_215406,axpy_amd_20260725_215406_session2,2,1000000,1,10,10,0,0,0,-1,11492.0,8.756877553950574e-05,3.761035502958585e-07,0.005974183448613065,8.756877553950574e-05,3.761035502958585e-07,0.005974183448613065,0.006774321615036547,2.1840758788721926e-05,0.007246253720419884,0.006774321615036547,2.1840758788721926e-05,0.007246253720419884,nan,nan,nan,77.17758510427987,0.22874664890737506,0.004560455071682059,22.83919275291438,0.0983229820572955,0.005959478065273482,137.03515651748626,0.589937892343741,0.005959478065273451,5.934995467954996e-07,3.927263323682928e-09,0.012498376552739443,5.1977287883355936e-11,5.438866775102517e-13,0.01823276319021393,72.0,0.0,0.007873040391089414,72.0,0.0,0.007873040391089414,70.0,0.0,0.00741950832606785,1832.0,0.5,0.012611453761154873,1793.0,0.0,0.00826515318682274,0.9787117903930131,0.0025882508829778716,0.01491659897063143,-1.0,0.0,-0.0,-1.0,0.0,-0.0
amd,AMD Threadripper 3970X,cpu,axpy_amd_20260725_215406,axpy_amd_20260725_215406_session2,2,1000000,2,10,10,0,0,0,-1,20908.0,4.848948871245457e-05,1.0324088865506077e-07,0.009825631996708243,4.848948871245457e-05,1.0324088865506077e-07,0.009825631996708243,0.0045730334082647785,2.6696718959249438e-05,0.00742249835611805,0.0045730334082647785,2.6696718959249438e-05,0.00742249835611805,nan,nan,nan,93.847176392552,0.41309726569637206,0.005257838577182032,41.246054313395106,0.08800425933641876,0.009709395094620354,247.4763258803706,0.5280255560185196,0.009709395094620342,2.2148847853965064e-07,1.6632221769470928e-09,0.01665187578579896,1.072749438908212e-11,9.751335041218552e-14,0.026478597401557988,71.0,1.0,0.020726538971141063,71.0,1.0,0.020726538971141063,69.0,0.0,0.01519870739557217,1899.5,20.0,0.013956780987468692,1832.0,0.5,0.014011671203419824,0.9791555318011759,0.01087683246139931,0.014207445292659415,-1.0,0.0,-0.0,-1.0,0.0,-0.0
amd,AMD Threadripper 3970X,cpu,axpy_amd_20260725_215406,axpy_amd_20260725_215406_session2,2,1000000,4,10,10,0,0,0,-1,35893.0,2.7927261778062577e-05,7.463417658038992e-08,0.005371417517665098,2.7927261778062577e-05,7.463417658038992e-08,0.005371417517665098,0.003350778898392444,1.3400760593987532e-05,0.004986078191944983,0.003350778898392444,1.3400760593987532e-05,0.004986078191944983,nan,nan,nan,120.04201316166602,0.08040025425719222,0.00200799682073102,71.61461340486059,0.190873196759604,0.005407422822747367,429.6876804291636,1.145239180557752,0.005407422822747459,9.357808564855747e-08,6.253158146413537e-10,0.010152466811957106,2.613379940316139e-12,2.4493888330222816e-14,0.015411854318455187,67.0,0.0,0.02659134019303117,67.0,0.0,0.02659134019303117,67.0,0.0,0.0,1995.5,13.5,0.011520344304078917,1958.0,13.0,0.01834212141118681,0.983414473516415,0.008404616746427562,0.011603152249542401,-1.0,0.0,-0.0,-1.0,0.0,-0.0
amd,AMD Threadripper 3970X,cpu,axpy_amd_20260725_215406,axpy_amd_20260725_215406_session2,2,1000000,8,10,10,0,0,0,-1,51730.0,1.9423953489271215e-05,8.611489464527133e-08,0.005566401265720436,1.9423953489271215e-05,8.611489464527133e-08,0.005566401265720436,0.002901579325343128,9.117050067659112e-06,0.005016281839090948,0.002901579325343128,9.117050067659112e-06,0.005016281839090948,nan,nan,nan,149.4750441253638,0.23319712069526588,0.0017507400342785435,102.96570582706659,0.4584839676843302,0.005556284679839991,617.7942349623995,2.7509038061060096,0.005556284679839957,5.634073009898942e-08,4.3264507311358177e-10,0.010462756408998863,1.0943603997747862e-12,1.3094478712897979e-14,0.01600985227589765,67.0,1.0,0.031947076706072546,66.0,0.0,0.033674522708607046,66.0,0.0,0.007285760053388355,2162.5,8.5,0.013836319321771266,2156.0,23.0,0.01679607456217381,0.9969784461623528,0.01019175069831224,0.020411209510339534,-1.0,0.0,-0.0,-1.0,0.0,-0.0
amd,AMD Threadripper 3970X,cpu,axpy_amd_20260725_215406,axpy_amd_20260725_215406_session2,2,1000000,10,10,10,0,0,0,-1,54589.0,1.8097494018941545e-05,7.553545586107075e-08,0.009220340093413165,1.8097494018941545e-05,7.553545586107075e-08,0.009220340093413165,0.0028481754749125282,8.445877374562696e-06,0.006806113698695065,0.0028481754749125282,8.445877374562696e-06,0.006806113698695065,nan,nan,nan,157.37331047462322,0.27109484264710204,0.0025475810383652725,110.5129031613075,0.46282695681350816,0.009164594336085526,663.0774189678451,2.7769617408809495,0.009164594336085534,5.1544966267989285e-08,3.6747987008009807e-10,0.01604673574777819,9.328401090037452e-13,1.0521614673504565e-14,0.02535918065709486,67.0,2.0,0.027148643730010868,67.0,2.0,0.027148643730010868,65.0,0.0,0.020577699930199783,2270.5,6.0,0.028565494079693016,2242.5,7.0,0.02273878054718693,0.9892058709779631,0.02730898212785804,0.038219090560131695,-1.0,0.0,-0.0,-1.0,0.0,-0.0
amd,AMD Threadripper 3970X,cpu,axpy_amd_20260725_215406,axpy_amd_20260725_215406_session2,2,1000000,16,10,10,0,0,0,-1,52735.0,1.9591769801839385e-05,8.554067507348236e-08,0.007907596070440734,1.9591769801839385e-05,8.554067507348236e-08,0.007907596070440734,0.0031676595998862238,9.76413198065817e-06,0.006923772598829943,0.0031676595998862238,9.76413198065817e-06,0.006923772598829943,nan,nan,nan,161.70499351088807,0.34790230602594363,0.0033432127498483092,102.0836951579123,0.4477685608216575,0.007967571975091212,612.5021709474737,2.686611364930002,0.007967571975091164,6.207972831300774e-08,4.731659910185195e-10,0.014408210809056087,1.2158544896308064e-12,1.4141428725630257e-14,0.022077542067157632,63.5,0.5,0.02267821087040601,63.5,0.5,0.02191868021254235,63.0,1.0,0.014987097915489949,2500.5,46.0,0.023020240825342285,2472.0,35.0,0.023581868993102044,0.9825232211623551,0.021176603561247453,0.037485123445383926,-1.0,0.0,-0.0,-1.0,0.0,-0.0
amd,AMD Threadripper 3970X,cpu,axpy_amd_20260725_215406,axpy_amd_20260725_215406_session2,2,1000000,20,10,10,0,0,0,-1,48894.0,2.0750459156542726e-05,6.366218758948164e-08,0.005328162930771782,2.0750459156542726e-05,6.366218758948164e-08,0.005328162930771782,0.003354142737350186,1.1737922853519893e-05,0.00441059276459396,0.003354142737350186,1.1737922853519893e-05,0.00441059276459396,nan,nan,nan,161.69160539842568,0.1473809403953794,0.0015891844284476354,96.38347322623298,0.2958468247552304,0.005333512303100748,578.3008393573978,1.775080948531354,0.005333512303100772,6.9598740691612e-08,4.410706080950242e-10,0.00964098003558821,1.4441806569625268e-12,1.3924673386056098e-14,0.014928039977190865,63.5,0.5,0.02853840321343731,63.5,0.5,0.02853840321343731,63.0,0.0,0.020996758396377685,2575.0,30.0,0.01962603065369303,2542.0,37.0,0.017741379353264218,0.9837777341365157,0.014579317009708825,0.030902660205721726,-1.0,0.0,-0.0,-1.0,0.0,-0.0
amd,AMD Threadripper 3970X,cpu,axpy_amd_20260725_215406,axpy_amd_20260725_215406_session2,2,1000000,32,10,10,0,0,0,-1,39907.0,2.533455179542436e-05,5.527805898714485e-08,0.00501291734056132,2.533455179542436e-05,5.527805898714485e-08,0.00501291734056132,0.004432060152354223,1.0583531711228639e-05,0.004719736190983923,0.004432060152354223,1.0583531711228639e-05,0.004719736190983923,nan,nan,nan,174.9082704840173,0.14772460183867508,0.0012163565826279193,78.94361418306445,0.1724895012154377,0.005047406695108076,473.6616850983867,1.0349370072926831,0.005047406695108171,1.1230880336828686e-07,5.697535148071322e-10,0.009630567940123241,2.8453681972196046e-12,2.0324919276432272e-14,0.014556186898208456,62.0,1.5,0.038643671323171834,62.0,1.5,0.038643671323171834,60.0,0.0,0.03443423643064179,3001.5,21.0,0.018608393459183702,2982.0,31.0,0.015521054184166997,0.9880198062207806,0.016478751371984734,0.02234333985774851,-1.0,0.0,-0.0,-1.0,0.0,-0.0
amd,AMD Threadripper 3970X,cpu,axpy_amd_20260725_215406,axpy_amd_20260725_215406_session2,2,1000000,64,10,10,0,0,0,-1,17501.0,5.802379624021484e-05,1.1304605451116745e-07,0.0038574950632319937,5.802379624021484e-05,1.1304605451116745e-07,0.0038574950632319937,0.009226775298554368,1.7712216444774886e-05,0.0033404368929313344,0.009226775298554368,1.7712216444774886e-05,0.0033404368929313344,nan,nan,nan,159.1099811852422,0.16562146933732436,0.0015049559440165493,34.468616970127286,0.06715352345129233,0.0038653675061555916,206.81170182076374,0.40292114070773266,0.0038653675061555764,5.354073761280997e-07,2.6431597918061876e-09,0.007047565858315983,3.106636972336959e-11,2.139147191196592e-13,0.010845043368059254,59.0,1.0,0.03194219858755939,59.0,1.0,0.033773623127149634,57.0,0.0,0.02975628796302912,4148.5,2.5,0.03938671843014994,4158.0,15.5,0.0051116991638949115,1.0028922922347379,0.005544696730960141,0.044982937580616056,-1.0,0.0,-0.0,-1.0,0.0,-0.0
amd,AMD Threadripper 3970X,cpu,axpy_amd_20260725_215406,axpy_amd_20260725_215406_session2,2,2000000,1,10,10,0,0,0,-1,2404.0,0.0004563431763727122,2.2490201747088663e-06,0.01773952181917046,0.0004563431763727122,2.2490201747088663e-06,0.01773952181917046,0.03327314725457571,0.0002980896422629005,0.022623623540029822,0.03327314725457571,0.0002980896422629005,0.022623623540029822,nan,nan,nan,72.86989635292241,0.262077331877677,0.005128804476539622,8.765375768165608,0.043238255110191304,0.01750021700731422,52.59225460899365,0.2594295306611514,0.017500217007314176,1.5184319741680919e-05,2.0859264288733837e-07,0.04062040761255347,6.929361686723218e-09,1.28084815162478e-10,0.05886778242738981,69.0,1.5,0.036493740093865704,69.0,1.5,0.036493740093865704,67.0,3.5,0.06259258538884277,1887.0,15.5,0.017601158086268994,1834.0,1.5,0.007899375095060028,0.9791610992339213,0.0011176958658961622,0.016875622196389297,-1.0,0.0,-0.0,-1.0,0.0,-0.0
amd,AMD Threadripper 3970X,cpu,axpy_amd_20260725_215406,axpy_amd_20260725_215406_session2,2,2000000,2,10,10,0,0,0,-1,10322.0,9.409124646386359e-05,7.434155686882355e-07,0.010982261552283247,9.409124646386359e-05,7.434155686882355e-07,0.010982261552283247,0.00911721153846154,5.5491716721565304e-05,0.009068984791348364,0.00911721153846154,5.5491716721565304e-05,0.009068984791348364,nan,nan,nan,96.86151377356136,0.05184325647723398,0.00249007019339683,42.512105622708084,0.33555455547333324,0.010989531169049192,255.0726337362485,2.013327332839978,0.010989531169049162,8.574620882871552e-07,1.1475160370714517e-08,0.019990052669565397,8.068029373414335e-11,1.7200306109899473e-12,0.030946973275589724,74.0,0.5,0.01700149279660419,74.0,0.5,0.01700149279660419,72.0,0.5,0.010262375345933543,1934.0,25.5,0.017868450219441157,1870.5,2.0,0.012187229497580204,0.9634108850922971,0.01736938611547212,0.023740593236856882,-1.0,0.0,-0.0,-1.0,0.0,-0.0
amd,AMD Threadripper 3970X,cpu,axpy_amd_20260725_215406,axpy_amd_20260725_215406_session2,2,2000000,4,10,10,0,0,0,-1,20389.0,4.939615054686351e-05,3.313745892392969e-07,0.010083241927013438,4.939615054686351e-05,3.313745892392969e-07,0.010083241927013438,0.00628724339104419,4.895409289322776e-05,0.008538130333684613,0.00628724339104419,4.895409289322776e-05,0.008538130333684613,nan,nan,nan,127.24265696578736,0.17193871619047485,0.004020630718363263,80.97797351377966,0.5407706795323222,0.010082904787318733,485.86784108267784,3.244624077193947,0.010082904787318726,3.1056569423258625e-07,4.501445649388974e-09,0.01822687380743471,1.5346819351640462e-11,3.2618687847680375e-13,0.028181149341947907,71.0,0.5,0.013279000585662865,71.0,0.5,0.016886022563298516,69.0,0.5,0.010678216893959796,2005.5,21.5,0.02042260029644382,1961.5,21.0,0.02304394354742074,0.9721581891343076,0.022314226340234444,0.02819453570485022,-1.0,0.0,-0.0,-1.0,0.0,-0.0
amd,AMD Threadripper 3970X,cpu,axpy_amd_20260725_215406,axpy_amd_20260725_215406_session2,2,2000000,8,10,10,0,0,0,-1,32500.0,3.0996676015384614e-05,1.3694987692307913e-07,0.00519660685835962,3.0996676015384614e-05,1.3694987692307913e-07,0.00519660685835962,0.0052405378,1.8007261538461466e-05,0.004653992029049034,0.0052405378,1.8007261538461466e-05,0.004653992029049034,nan,nan,nan,169.20511761749722,0.22738998661721155,0.0017931295753722035,129.046098504623,0.5706479477412643,0.005200731478783406,774.2765910277378,3.4238876864476993,0.0052007314787834115,1.6239304391130397e-07,1.105197572039276e-09,0.00969851119262562,5.033645663717947e-12,5.6107249412892685e-14,0.014842152055423807,72.0,0.5,0.012727653510701958,72.0,0.5,0.015263591326138862,71.0,0.0,0.006639500292831432,2169.0,27.5,0.022654012215107964,2139.5,34.0,0.018158067542667806,0.988088088088088,0.01950819923724456,0.03214868101616284,-1.0,0.0,-0.0,-1.0,0.0,-0.0
amd,AMD Threadripper 3970X,cpu,axpy_amd_20260725_215406,axpy_amd_20260725_215406_session2,2,2000000,10,10,10,0,0,0,-1,36543.0,2.7605220206332265e-05,4.946075855841014e-08,0.004619062016611984,2.7605220206332265e-05,4.946075855841014e-08,0.004619062016611984,0.005065431368524752,7.297047314122965e-06,0.002193881552197607,0.005065431368524752,7.297047314122965e-06,0.002193881552197607,nan,nan,nan,182.91564309626852,0.47164215068923454,0.0033479520683622212,144.90018873547828,0.26003739319772023,0.004609139223314543,869.4011324128696,1.560224359186293,0.004609139223314501,1.396648629136991e-07,5.402250677708405e-10,0.006411404369229659,3.853421735863493e-12,1.93248823066729e-14,0.010970839830978666,69.0,1.0,0.027352656937911276,69.0,1.0,0.027352656937911276,68.5,0.5,0.007694106229120145,2222.0,28.5,0.02338922407966125,2201.0,36.5,0.02267452221287362,0.9976959401049199,0.011227290217740493,0.03160656445649588,-1.0,0.0,-0.0,-1.0,0.0,-0.0
amd,AMD Threadripper 3970X,cpu,axpy_amd_20260725_215406,axpy_amd_20260725_215406_session2,2,2000000,16,10,10,0,0,0,-1,40522.0,2.481448302156853e-05,1.4076836039682307e-07,0.005916391678090411,2.481448302156853e-05,1.4076836039682307e-07,0.005916391678090411,0.005042737179803563,1.4740067124031225e-05,0.004321733400610129,0.005042737179803563,1.4740067124031225e-05,0.004321733400610129,nan,nan,nan,202.92885322197864,0.49170175864519194,0.0030182512583326183,161.1965227625838,0.9096027105947542,0.005916083834481607,967.179136575503,5.457616263568696,0.005916083834481614,1.2514132701007172e-07,1.0171548343306604e-09,0.009911196096537126,3.105320053378393e-12,4.220659719767277e-14,0.01574087671774001,70.0,1.0,0.024223878187662026,69.5,1.0,0.028967749257963644,69.0,1.0,0.014391156671660684,2474.0,43.0,0.024663733262163725,2455.5,40.5,0.022512881606824766,0.9898337152028044,0.029206166036161996,0.0380710374703162,-1.0,0.0,-0.0,-1.0,0.0,-0.0
amd,AMD Threadripper 3970X,cpu,axpy_amd_20260725_215406,axpy_amd_20260725_215406_session2,2,2000000,20,10,10,0,0,0,-1,38808.0,2.6020415803442592e-05,4.842471913007612e-08,0.0059198401759404115,2.6020415803442592e-05,4.842471913007612e-08,0.0059198401759404115,0.0053720525149453715,1.544495980210182e-05,0.005061706709567507,0.0053720525149453715,1.544495980210182e-05,0.005061706709567507,nan,nan,nan,206.04276451383123,0.35687654983979655,0.002277830102839548,153.7254894833323,0.28616603902329985,0.0058937337884653225,922.3529368999939,1.7169962341396285,0.005893733788465298,1.3978427057855773e-07,6.167466808807146e-10,0.010785910330475055,3.6356001443862803e-12,2.1079219064652457e-14,0.01668143119224738,72.0,1.0,0.023750887539646305,71.5,0.5,0.02816639239775603,71.0,1.0,0.019751579061584774,2659.0,44.0,0.022394274219508684,2627.5,37.5,0.019349916127741583,0.9842187721481901,0.02321961319581478,0.02383758405589333,-1.0,0.0,-0.0,-1.0,0.0,-0.0
amd,AMD Threadripper 3970X,cpu,axpy_amd_20260725_215406,axpy_amd_20260725_215406_session2,2,2000000,32,10,10,0,0,0,-1,31219.0,3.212239157243986e-05,1.3264758640571845e-07,0.004955104840079874,3.212239157243986e-05,1.3264758640571845e-07,0.004955104840079874,0.006485499919920561,1.5655834587911203e-05,0.0037770480202668683,0.006485499919920561,1.5655834587911203e-05,0.0037770480202668683,nan,nan,nan,202.08792006822762,0.2616027925025435,0.002532879363886442,124.52376876696937,0.5120396466057642,0.004960506285167504,747.1426126018162,3.072237879634656,0.004960506285167527,2.0844482431532e-07,1.1766464675608874e-09,0.008429176917232039,6.6960935703085705e-12,6.525221019169355e-14,0.01328930965592616,63.0,1.0,0.03753037616733119,63.0,1.5,0.03919410426179802,62.0,1.0,0.013169299692382678,3061.5,7.5,0.011638430537029247,3050.0,18.5,0.013055080526831091,0.9952604761110897,0.012225700331043365,0.016701476235412023,-1.0,0.0,-0.0,-1.0,0.0,-0.0
amd,AMD Threadripper 3970X,cpu,axpy_amd_20260725_215406,axpy_amd_20260725_215406_session2,2,2000000,64,10,10,0,0,0,-1,17083.0,5.9648579874729264e-05,2.3911824620968754e-07,0.0067436437328193925,5.9648579874729264e-05,2.3911824620968754e-07,0.0067436437328193925,0.010834219223789732,2.663829538137371e-05,0.004114598847825279,0.010834219223789732,2.663829538137371e-05,0.004114598847825279,nan,nan,nan,181.63814935254692,0.3750404739057842,0.002757271084299798,67.0594981495004,0.2688372736691136,0.0067799206512567985,402.35698889700245,1.6130236420146957,0.006779920651256787,6.462458972009514e-07,4.100383848344687e-09,0.010802322569475158,3.8547693293525084e-11,3.992462851654635e-13,0.017476896157466792,65.0,1.0,0.032797210695708366,65.0,1.0,0.032797210695708366,61.0,0.0,0.0301253361683927,4124.0,24.0,0.03162022922748012,4145.5,2.5,0.004171106968675234,0.9998794890335021,0.0013338668153410893,0.035146311660071185,-1.0,0.0,-0.0,-1.0,0.0,-0.0
amd,AMD Threadripper 3970X,cpu,axpy_amd_20260725_215406,axpy_amd_20260725_215406_session2,2,4000000,1,10,10,0,0,0,-1,626.0,0.001636545981629393,9.38575079872093e-07,0.0007375575522617151,0.001636545981629393,9.38575079872093e-07,0.0007375575522617151,0.11735612699680512,7.753274760383816e-05,0.0015258056326579322,0.11735612699680512,7.753274760383816e-05,0.0015258056326579322,nan,nan,nan,71.68941883812263,0.02335676769406092,0.0013641173979693556,4.888344572799242,0.0028033052212328435,0.0007374561821117452,29.33006743679545,0.01681983132739795,0.0007374561821117462,0.00019213306762100535,2.96610608591208e-07,0.001970291919237499,3.145260144658025e-07,7.254229232831414e-10,0.002554049147700288,67.0,0.5,0.010028953309220696,67.0,0.5,0.010028953309220696,63.0,2.0,0.04165905917271462,1873.0,1.0,0.010869946005786585,1794.0,0.0,0.0071176467342092395,0.9580775048941093,0.0006104574703237331,0.011113077866799638,-1.0,0.0,-0.0,-1.0,0.0,-0.0
amd,AMD Threadripper 3970X,cpu,axpy_amd_20260725_215406,axpy_amd_20260725_215406_session2,2,4000000,2,10,10,0,0,0,-1,2199.0,0.000502542826512051,1.908216234652101e-06,0.0069149791569782315,0.000502542826512051,1.908216234652101e-06,0.0069149791569782315,0.041604624829467945,0.0001314206457480628,0.007722393555210498,0.041604624829467945,0.0001314206457480628,0.007722393555210498,nan,nan,nan,82.76049598910514,0.048426299220103886,0.0013817111017959938,15.919077677318096,0.0603838576138882,0.006878616033631209,95.51446606390857,0.36230314568334165,0.006878616033631277,2.0908161847688674e-05,1.5470982553663173e-07,0.01463790216490441,1.0507298963637245e-08,1.1802852592114936e-10,0.02161762337940705,68.0,1.0,0.022032567246076436,68.0,1.0,0.022032567246076436,65.5,2.5,0.05210048136791272,1912.0,26.0,0.025843383164241247,1847.5,13.5,0.01881629559805522,0.9619754424675285,0.013127856329443743,0.02835445264725774,-1.0,0.0,-0.0,-1.0,0.0,-0.0
amd,AMD Threadripper 3970X,cpu,axpy_amd_20260725_215406,axpy_amd_20260725_215406_session2,2,4000000,4,10,10,0,0,0,-1,10562.0,9.525193149971596e-05,2.676802215489512e-07,0.00564775406430529,9.525193149971596e-05,2.676802215489512e-07,0.00564775406430529,0.012533186565044499,2.1477040333268624e-05,0.00455913700112625,0.012533186565044499,2.1477040333268624e-05,0.00455913700112625,nan,nan,nan,131.53002009530263,0.20639797286969497,0.002286939797825627,83.98793258258155,0.23565902869717803,0.005635360201677122,503.9275954954893,1.4139541721830824,0.005635360201677087,1.193470512417806e-06,5.552820781719142e-09,0.010001910037060918,1.1366693411762633e-10,8.805493593693746e-13,0.015601602954841889,73.5,0.5,0.028953374738970698,73.5,0.5,0.028953374738970698,71.0,1.0,0.028849037960576668,1981.0,34.0,0.02002858587192309,1937.0,19.0,0.013110591732418995,0.9735911490565561,0.014248078998479574,0.02113612699040597,-1.0,0.0,-0.0,-1.0,0.0,-0.0
amd,AMD Threadripper 3970X,cpu,axpy_amd_20260725_215406,axpy_amd_20260725_215406_session2,2,4000000,8,10,10,0,0,0,-1,19084.0,5.312920352127437e-05,3.991545797526752e-07,0.009738395983229167,5.312920352127437e-05,3.991545797526752e-07,0.009738395983229167,0.009719733782225948,4.5070792286732234e-05,0.005524782420267663,0.009719733782225948,4.5070792286732234e-05,0.005524782420267663,nan,nan,nan,182.88471235131004,0.5239827750270649,0.004637491479206531,150.5767048751318,1.1286740098349526,0.009711504859959605,903.4602292507908,6.772044059009772,0.009711504859959634,5.16403117342095e-07,6.277228641494239e-09,0.015148303185507294,2.7436230821198474e-11,5.402784116181682e-13,0.02489697960421269,75.5,1.0,0.025490548366208336,75.5,1.0,0.025490548366208336,73.5,0.5,0.011231549827401974,2119.0,21.5,0.018328194032725283,2088.5,32.5,0.017786640413272135,0.9837663344270196,0.020955084490443143,0.031611116943959724,-1.0,0.0,-0.0,-1.0,0.0,-0.0
amd,AMD Threadripper 3970X,cpu,axpy_amd_20260725_215406,axpy_amd_20260725_215406_session2,2,4000000,10,10,10,0,0,0,-1,22082.0,4.546357630649398e-05,1.0433654107417414e-07,0.004076607122867099,4.546357630649398e-05,1.0433654107417414e-07,0.004076607122867099,0.009261448487455845,8.703491531563377e-06,0.0019486113618459033,0.009261448487455845,8.703491531563377e-06,0.0019486113618459033,nan,nan,nan,203.706505109913,0.27664280015670784,0.002217345742896714,175.96512122091607,0.4035982923996926,0.004065189741970894,1055.7907273254964,2.421589754398042,0.004065189741970844,4.21015361599593e-07,1.4503648972585335e-09,0.0059965052051681724,1.9140873035085458e-11,1.1281921472950567e-13,0.010083601043030011,75.0,1.0,0.03304077470984864,75.0,1.0,0.03304077470984864,74.0,0.0,0.006554218338394137,2244.5,29.0,0.018169543434915517,2210.5,39.5,0.022720400839984282,0.9865586799453232,0.01706446099811687,0.025306875479304543,-1.0,0.0,-0.0,-1.0,0.0,-0.0
amd,AMD Threadripper 3970X,cpu,axpy_amd_20260725_215406,axpy_amd_20260725_215406_session2,2,4000000,16,10,10,0,0,0,-1,28264.0,3.597213412821964e-05,9.661383739031803e-08,0.021552514786729836,3.597213412821964e-05,9.661383739031803e-08,0.021552514786729836,0.008810877423577695,1.654173153127752e-05,0.010076819587690323,0.008810877423577695,1.654173153127752e-05,0.010076819587690323,nan,nan,nan,244.77480265339236,0.6373470995929864,0.011021804581568045,222.39450790500035,0.5987738318638662,0.020522696245210057,1334.3670474300022,3.5926429911831974,0.020522696245210092,3.1678917800576237e-07,1.2833820967862544e-09,0.032089059223532106,1.1395517461935537e-11,7.631137140245226e-14,0.05521752505197612,78.5,1.5,0.027954797940781588,78.5,1.5,0.0296077061122885,76.0,1.0,0.018733639265682646,2470.5,24.0,0.018077451482720566,2427.5,22.5,0.015477839358918744,0.9898971901381446,0.012811143195188723,0.02400395000762991,-1.0,0.0,-0.0,-1.0,0.0,-0.0
amd,AMD Threadripper 3970X,cpu,axpy_amd_20260725_215406,axpy_amd_20260725_215406_session2,2,4000000,20,10,10,0,0,0,-1,28723.0,3.5411303763534444e-05,1.8099110468961565e-07,0.0069222600086868945,3.5411303763534444e-05,1.8099110468961565e-07,0.0069222600086868945,0.008949658984089406,2.8808951014864907e-05,0.004130605692298375,0.008949658984089406,2.8808951014864907e-05,0.004130605692298375,nan,nan,nan,252.74802075299087,0.7918821614186982,0.003590671958311042,225.9171082534577,1.1600711160764519,0.006899604338928425,1355.5026495207464,6.960426696458512,0.00689960433892841,3.1637824564363844e-07,2.234914619618126e-09,0.010829314693565038,1.1202932251318189e-11,1.2204332707563815e-13,0.0177329251999271,79.0,1.0,0.02919997542386608,78.5,1.5,0.03288598906890294,78.0,1.0,0.020401791355925028,2665.0,23.5,0.01464895199417361,2639.5,24.0,0.01698262886894849,0.9923280496431188,0.008999310569258734,0.01935151480892969,-1.0,0.0,-0.0,-1.0,0.0,-0.0
amd,AMD Threadripper 3970X,cpu,axpy_amd_20260725_215406,axpy_amd_20260725_215406_session2,2,4000000,32,10,10,0,0,0,-1,25612.0,3.939969545525535e-05,1.8513421443073653e-07,0.0060682098664509455,3.939969545525535e-05,1.8513421443073653e-07,0.0060682098664509455,0.009892699340153053,2.9847571450881787e-05,0.003966579620711096,0.009892699340153053,2.9847571450881787e-05,0.003966579620711096,nan,nan,nan,251.12910584103506,0.2062845453053086,0.002298379637936993,203.0474106988916,0.9530993170220228,0.006052923287437679,1218.2844641933495,5.718595902132165,0.006052923287437681,3.897693864470348e-07,3.090544614913254e-09,0.009994690827554087,1.5356808700232165e-11,1.9399401774631504e-13,0.016072298520812697,70.5,1.5,0.019920395976641053,70.5,1.5,0.019920395976641053,68.0,0.0,0.007135094409743692,3034.0,58.0,0.02283702829955802,2979.5,35.0,0.013130317519427332,0.9845633517646534,0.014424755554396818,0.0187603351602432,-1.0,0.0,-0.0,-1.0,0.0,-0.0
amd,AMD Threadripper 3970X,cpu,axpy_amd_20260725_215406,axpy_amd_20260725_215406_session2,2,4000000,64,10,10,0,0,0,-1,15885.0,6.468065539817438e-05,4.175051935787898e-08,0.0007660945087888917,6.468065539817438e-05,4.175051935787898e-08,0.0007660945087888917,0.014213667453572554,2.135064526282652e-05,0.0024531770404836646,0.014213667453572554,2.135064526282652e-05,0.0024531770404836646,nan,nan,nan,219.85644490214293,0.3007961099478109,0.0020392578518164256,123.68458468557279,0.07978528038258759,0.000766198639992888,742.1075081134368,0.478711682295625,0.0007661986399928827,9.194814796489167e-07,2.192136141923614e-09,0.003007822702132774,5.949587444719388e-11,1.6637846827433204e-13,0.003639346895912935,66.0,1.0,0.02571618133866893,66.0,1.0,0.02571618133866893,63.5,0.5,0.014540135814441161,4125.0,9.0,0.004071580558921375,4111.5,9.0,0.004677691689841068,0.9952978242853567,0.0031503374772745563,0.00382427820693085,-1.0,0.0,-0.0,-1.0,0.0,-0.0
amd,AMD Threadripper 3970X,cpu,axpy_amd_20260725_215406,axpy_amd_20260725_215406_session2,2,8000000,1,10,10,0,0,0,-1,309.0,0.0032504328802588998,2.1883786407764748e-06,0.0007551774956455202,0.0032504328802588998,2.1883786407764748e-06,0.0007551774956455202,0.24166452265372168,0.0004160906148867466,0.002010033066879121,0.24166452265372168,0.0004160906148867466,0.002010033066879121,nan,nan,nan,74.34239910468389,0.08231465183392572,0.001409972711260994,4.9224213973119735,0.00331192856992768,0.0007552570603249244,29.534528383871844,0.019871571419569634,0.0007552570603249404,0.0007855142301596261,1.988894090141464e-06,0.002689239772126855,2.5532610782208264e-06,8.532653163127931e-09,0.0034004389144753158,72.0,1.0,0.01745698126965931,72.0,1.0,0.01745698126965931,65.5,2.0,0.04225555689566038,1793.0,0.5,0.008780477937502218,1794.0,0.5,0.016788748748118552,1.0005577244841048,0.0002834513080214318,0.013869030321527571,-1.0,0.0,-0.0,-1.0,0.0,-0.0
amd,AMD Threadripper 3970X,cpu,axpy_amd_20260725_215406,axpy_amd_20260725_215406_session2,2,8000000,2,10,10,0,0,0,-1,486.0,0.0021320627777777776,1.0618137860080989e-06,0.0011972690701936284,0.0021320627777777776,1.0618137860080989e-06,0.0011972690701936284,0.17427977983539095,0.00031440534979423895,0.002150759197756315,0.17427977983539095,0.00031440534979423895,0.002150759197756315,nan,nan,nan,81.72256272909036,0.0645193047748549,0.0011525780740233047,7.504469546152315,0.0037369191474918573,0.0011955046651194146,45.02681727691389,0.022421514884953808,0.0011955046651194563,0.0003715809659625616,9.143000457843592e-07,0.0032866862145349215,7.922457583910107e-07,2.243263514487842e-09,0.004457671643959543,68.5,0.5,0.024788044200766232,68.5,0.5,0.024788044200766232,61.5,2.0,0.06092618484691127,1912.0,10.0,0.014698969306884939,1834.0,0.0,0.007769184586498086,0.9617265903761291,0.014451081771922336,0.017254938852610466,-1.0,0.0,-0.0,-1.0,0.0,-0.0
amd,AMD Threadripper 3970X,cpu,axpy_amd_20260725_215406,axpy_amd_20260725_215406_session2,2,8000000,4,10,10,0,0,0,-1,1678.0,0.00064442234386174,1.8488566746125822e-06,0.003760171553434485,0.00064442234386174,1.8488566746125822e-06,0.003760171553434485,0.06928880601907032,0.00028880631704410187,0.013794355361202246,0.06928880601907032,0.00028880631704410187,0.013794355361202246,nan,nan,nan,107.68130769507431,0.3599882248002828,0.011086373670339267,24.8284449893086,0.07127572335208043,0.0037616635315317775,148.97066993585162,0.4276543401124826,0.003761663531531793,4.4734271924497556e-05,4.998311373077945e-07,0.01691844380280156,2.8870036896688862e-08,3.627626128713341e-10,0.020266252119938957,70.5,1.5,0.04160790485404825,70.5,1.5,0.04160790485404825,68.0,4.0,0.07438128007721134,2010.5,20.5,0.01628768423632335,1945.0,2.5,0.01258998190730058,0.9639832714312887,0.00349192442883578,0.019811013054617545,-1.0,0.0,-0.0,-1.0,0.0,-0.0
amd,AMD Threadripper 3970X,cpu,axpy_amd_20260725_215406,axpy_amd_20260725_215406_session2,2,8000000,8,10,10,0,0,0,-1,9684.0,0.00010396417090045436,8.062776745146533e-07,0.015325205072940653,0.00010396417090045436,8.062776745146533e-07,0.015325205072940653,0.019328348771168936,9.264622057001022e-05,0.007423684238621808,0.019328348771168936,9.264622057001022e-05,0.007423684238621808,nan,nan,nan,185.88708166472492,0.44859286700555856,0.00804142569988869,153.8991739865855,1.1837525356119585,0.01499448357854435,923.395043919513,7.102515213671666,0.014994483578544313,2.0090536061040356e-06,2.6589767444774596e-08,0.022773430359726392,2.0886960881499837e-10,4.466998221513628e-12,0.03856147807618756,77.0,0.5,0.017316017316017316,77.0,0.5,0.017316017316017316,74.0,0.5,0.00915805370027887,2124.5,38.0,0.019669480708111496,2090.0,30.5,0.014430999170084493,0.9762614594652085,0.012805032947593664,0.01988726940698334,-1.0,0.0,-0.0,-1.0,0.0,-0.0
amd,AMD Threadripper 3970X,cpu,axpy_amd_20260725_215406,axpy_amd_20260725_215406_session2,2,8000000,10,10,10,0,0,0,-1,7472.0,0.00013462945610278373,5.72328158458246e-07,0.005165660063282766,0.00013462945610278373,5.72328158458246e-07,0.005165660063282766,0.02299436456102784,8.930674518201412e-05,0.0052777523494222205,0.02299436456102784,8.930674518201412e-05,0.0052777523494222205,nan,nan,nan,170.87082818501847,0.36569990154225707,0.0030114143446760707,118.84478907047836,0.5073136767529576,0.005149958264926793,713.0687344228702,3.043882060517774,0.005149958264926833,3.0958156039820094e-06,1.9935742673668032e-08,0.010007185453489819,4.169105244613512e-10,4.279262844613842e-12,0.01504725671676667,71.5,0.5,0.013530697242006944,71.5,0.5,0.013530697242006944,65.5,0.5,0.008046508041140914,2200.5,36.0,0.017518001105974523,2132.0,2.5,0.015914517101027377,0.9684164092422491,0.017484466385840725,0.0226782181126158,-1.0,0.0,-0.0,-1.0,0.0,-0.0
amd,AMD Threadripper 3970X,cpu,axpy_amd_20260725_215406,axpy_amd_20260725_215406_session2,2,8000000,16,10,10,0,0,0,-1,16654.0,6.082393809295064e-05,2.9383268283895926e-07,0.005638938413492717,6.082393809295064e-05,2.9383268283895926e-07,0.005638938413492717,0.016527601357031345,3.730944517833443e-05,0.00239914054082942,0.016527601357031345,3.730944517833443e-05,0.00239914054082942,nan,nan,nan,271.8353430037873,0.6477734046427486,0.0033485685262626573,263.0543350375714,1.2704026048000117,0.005633923183583366,1578.326010225428,7.622415628800127,0.005633923183583339,1.0056689386741437e-06,7.146909847394966e-09,0.007992938987796632,6.116875176896707e-11,7.311258112972684e-13,0.01362976297110365,85.5,0.5,0.012587443791254564,85.5,0.5,0.012587443791254564,83.0,0.0,0.005679572539650984,2393.0,30.5,0.014686449922799367,2361.5,28.5,0.01746582759180491,0.996420243484357,0.022803241711401023,0.027000655057465368,-1.0,0.0,-0.0,-1.0,0.0,-0.0
amd,AMD Threadripper 3970X,cpu,axpy_amd_20260725_215406,axpy_amd_20260725_215406_session2,2,8000000,20,10,10,0,0,0,-1,13359.0,7.572597473613294e-05,4.1179695336476487e-07,0.011639641028705044,7.572597473613294e-05,4.1179695336476487e-07,0.011639641028705044,0.018389863537689947,6.095037053671648e-05,0.0055963168813445915,0.018389863537689947,6.095037053671648e-05,0.0055963168813445915,nan,nan,nan,242.87834003287708,0.3480920890827406,0.006293505730408786,211.28839202798986,1.1550252008524922,0.011515228053629789,1267.7303521679391,6.930151205114839,0.011515228053629761,1.393513548711858e-06,1.1795691409935544e-08,0.017172926965870146,1.05525388900531e-10,1.4530397537371478e-12,0.028967725095276488,78.5,2.0,0.03014120655975829,78.5,2.0,0.03014120655975829,75.0,1.5,0.027688888980928812,2559.5,16.0,0.010719102126504922,2505.5,21.0,0.010072196576405689,0.9791742361862921,0.008425477424609806,0.017454926761482543,-1.0,0.0,-0.0,-1.0,0.0,-0.0
amd,AMD Threadripper 3970X,cpu,axpy_amd_20260725_215406,axpy_amd_20260725_215406_session2,2,8000000,32,10,10,0,0,0,-1,19246.0,5.2456508391354053e-05,1.3856762444143896e-07,0.004458030177567937,5.2456508391354053e-05,1.3856762444143896e-07,0.004458030177567937,0.014188494362464926,3.935082614569315e-05,0.004928582682902518,0.014188494362464926,3.935082614569315e-05,0.004928582682902518,nan,nan,nan,270.41035008303413,0.3652244842130301,0.0023615121560277784,305.0146594807742,0.8051656312548516,0.004454285456180479,1830.0879568846449,4.830993787528996,0.004454285456180455,7.446210555492207e-07,2.5461065224706634e-09,0.009103493829041307,3.9042289453593005e-11,2.0347952616350828e-13,0.01346947889977064,73.0,1.0,0.02051151642259076,73.0,1.0,0.02051151642259076,71.0,0.0,0.01197832447033477,2929.5,62.5,0.029061300732083253,2866.0,24.5,0.007850244265087588,0.9814331527957679,0.0218964376293182,0.02845660148247536,-1.0,0.0,-0.0,-1.0,0.0,-0.0
amd,AMD Threadripper 3970X,cpu,axpy_amd_20260725_215406,axpy_amd_20260725_215406_session2,2,8000000,64,10,10,0,0,0,-1,13258.0,7.627604076783828e-05,2.4013090209685156e-07,0.009953001182860594,7.627604076783828e-05,2.4013090209685156e-07,0.009953001182860594,0.02016631724241967,0.00011787147382712367,0.025718300286433533,0.02016631724241967,0.00011787147382712367,0.025718300286433533,nan,nan,nan,264.709229733005,1.071189033290068,0.01623538535272409,209.76442852259925,0.6583012703848539,0.010076547074159278,1258.5865711355955,3.9498076223090948,0.010076547074159234,1.5382685536726353e-06,1.1479185742634868e-08,0.03521794205283365,1.1747943455713004e-10,1.0660332310748624e-12,0.04464523339438521,72.5,2.5,0.0451652475962954,72.5,2.5,0.0451652475962954,68.5,2.0,0.03847053114560072,4113.5,10.5,0.007017497483761569,4028.0,25.5,0.008234814852238244,0.98372269017852,0.00926988256114758,0.01149172358798557,-1.0,0.0,-0.0,-1.0,0.0,-0.0
amd,AMD Threadripper 3970X,cpu,axpy_amd_20260725_215406,axpy_amd_20260725_215406_session2,2,16000000,1,10,10,0,0,0,-1,153.0,0.006558197421568627,1.1962218954247872e-05,0.00693151458751303,0.006558197421568627,1.1962218954247872e-05,0.00693151458751303,0.4748239705882353,0.00180976797385618,0.004904414938989023,0.4748239705882353,0.00180976797385618,0.004904414938989023,nan,nan,nan,72.04928370420022,0.16053733286991445,0.0037864543884003608,4.879390018429466,0.00891588341941807,0.006890787389040658,29.27634011057679,0.053495300516512856,0.00689078738904069,0.003116185274575095,1.9204597866477125e-05,0.011423017008247355,2.0423999111944813e-05,1.6020736878810594e-07,0.01831208665706163,70.0,1.0,0.011236618771319307,70.0,1.0,0.011236618771319307,65.5,1.5,0.04153220955650023,1793.0,0.0,0.0,1794.0,0.0,0.013289661242180176,1.0005577244841048,0.0,0.013289661242180189,-1.0,0.0,-0.0,-1.0,0.0,-0.0
amd,AMD Threadripper 3970X,cpu,axpy_amd_20260725_215406,axpy_amd_20260725_215406_session2,2,16000000,2,10,10,0,0,0,-1,229.0,0.00437094955021834,2.5931419213968965e-06,0.0014314443123896962,0.00437094955021834,2.5931419213968965e-06,0.0014314443123896962,0.35237394759825325,0.0007143275109170455,0.00447763627562473,0.35237394759825325,0.0007143275109170455,0.00447763627562473,nan,nan,nan,80.63667622579982,0.16126377140867731,0.004697393107837306,7.321063694794245,0.004345945126361439,0.0014337523716743403,43.92638216876547,0.026075670758167746,0.0014337523716742948,0.0015402040324112585,2.3452958679864204e-06,0.004702975681708302,6.733551394527391e-06,1.17348060017509e-08,0.0053152602542731785,71.0,1.0,0.01912035574250858,71.0,1.0,0.01912035574250858,64.0,2.0,0.04401851677626497,1832.0,0.0,0.009529694559806899,1834.0,0.0,0.009498762900305734,1.0010917030567685,0.00025973386366728857,0.013950698680417647,-1.0,0.0,-0.0,-1.0,0.0,-0.0
amd,AMD Threadripper 3970X,cpu,axpy_amd_20260725_215406,axpy_amd_20260725_215406_session2,2,16000000,4,10,10,0,0,0,-1,290.0,0.0035656308068965515,1.591450000000159e-06,0.0005059342897031199,0.0035656308068965515,1.591450000000159e-06,0.0005059342897031199,0.31346156206896547,0.0004668413793103843,0.0032478321441858776,0.31346156206896547,0.0004668413793103843,0.0032478321441858776,nan,nan,nan,87.95358985834582,0.08537663480881719,0.003090577869816833,8.974569183415575,0.004005765904901537,0.000505959612404322,53.84741510049346,0.024034595429409222,0.0005059596124043169,0.0011173474460406485,2.238250425595084e-06,0.0034725255233193034,3.982834506790978e-06,1.0025390651095483e-08,0.003752552839897519,68.0,1.0,0.013889945798689806,68.0,1.0,0.013889945798689806,62.0,2.0,0.041515724845567196,1989.5,7.5,0.011006238466467649,1915.0,1.0,0.007644058052329432,0.9625441088743516,0.014067520507444753,0.016462401946953052,-1.0,0.0,-0.0,-1.0,0.0,-0.0
amd,AMD Threadripper 3970X,cpu,axpy_amd_20260725_215406,axpy_amd_20260725_215406_session2,2,16000000,8,10,0,10,0,0,-1,1297.0,0.0010378772536622975,1.0975547417116935e-06,0.002113140935816395,0.0010378772536622975,1.0975547417116935e-06,0.002113140935816395,0.1160856935235158,0.00012574016962220436,0.001684841750234865,0.1160856935235158,0.00012574016962220436,0.001684841750234865,nan,nan,nan,111.86057056502543,0.052062584546447965,0.0017515515751569525,30.83216736914345,0.03259749302936221,0.0021159813097402103,184.9930042148607,0.1955849581761555,0.002115981309740213,0.00012047768486806184,3.26318775700989e-07,0.003398218045098721,1.2505330591670109e-07,4.682135876181417e-10,0.005399940894666045,68.5,0.5,0.025932812456759505,68.5,0.5,0.025932812456759505,63.0,2.0,0.057115849638776583,2132.0,13.0,0.016235331680679466,2063.0,1.0,0.012346578218523488,0.9764083164026556,0.009947864432727216,0.021513078051813465,-1.0,0.0,-0.0,-1.0,0.0,-0.0
amd,AMD Threadripper 3970X,cpu,axpy_amd_20260725_215406,axpy_amd_20260725_215406_session2,2,16000000,10,10,0,10,0,0,-1,864.0,0.0014739793663194444,6.798622685185883e-07,0.0007126576207439554,0.0014739793663194444,6.798622685185883e-07,0.0007126576207439554,0.15979295428240742,0.00040252719907406254,0.0036256316640779908,0.15979295428240742,0.00040252719907406254,0.0036256316640779908,nan,nan,nan,108.34762984160415,0.36500415120297447,0.0038346835084102668,21.709937926668204,0.010015077442517395,0.00071242882409536,130.25962756000922,0.06009046465510437,0.0007124288240953814,0.0002356022241945726,5.25028441531776e-07,0.0035495587626797696,3.472059103935807e-07,1.0353862251172761e-09,0.003615005195051181,63.0,1.0,0.01744064872606358,63.0,1.0,0.01744064872606358,56.0,2.5,0.054748185382243346,2214.0,16.5,0.018834743363467354,2144.0,2.0,0.007437063940649525,0.9692724807953005,0.010905531716506489,0.018960287539029796,-1.0,0.0,-0.0,-1.0,0.0,-0.0
amd,AMD Threadripper 3970X,cpu,axpy_amd_20260725_215406,axpy_amd_20260725_215406_session2,2,16000000,16,10,0,10,0,0,-1,1437.0,0.0010178213054975644,9.125170494084364e-07,0.0015632062209332404,0.0010178213054975644,9.125170494084364e-07,0.0015632062209332404,0.13228907933194156,0.00015102435629783806,0.004773855271794081,0.13228907933194156,0.00015102435629783806,0.004773855271794081,nan,nan,nan,129.92200289265298,0.037505014825143235,0.005422758172662827,31.439704753968698,0.028182739519570177,0.0015627813356757746,188.6382285238122,0.1690964371174175,0.0015627813356757557,0.00013472582150642138,2.9068017516606696e-07,0.004595670551155159,1.3719421046538436e-07,4.354136059542741e-10,0.00493980767030378,67.0,1.0,0.02698704466018937,67.0,1.0,0.02698704466018937,61.0,2.0,0.06289266901016738,2432.0,18.5,0.01580669548612954,2365.5,4.0,0.01305752349223996,0.97327285272451,0.008527535443623446,0.023769403417999924,-1.0,0.0,-0.0,-1.0,0.0,-0.0
amd,AMD Threadripper 3970X,cpu,axpy_amd_20260725_215406,axpy_amd_20260725_215406_session2,2,16000000,20,10,0,10,0,0,-1,672.0,0.0019578667604166666,8.39610119047823e-07,0.0006081913226231626,0.0019578667604166666,8.39610119047823e-07,0.0006081913226231626,0.22513563913690476,0.00014044270833332706,0.0017432484137447088,0.22513563913690476,0.00014044270833332706,0.0017432484137447088,nan,nan,nan,114.90823188387279,0.13185362723475436,0.0015959465564948552,16.34431956690418,0.0070059953237482375,0.0006083061180600155,98.06591740142508,0.04203597194249653,0.000608306118060072,0.00044080523201156453,4.063874256528342e-07,0.0020661135231890095,8.627998261303895e-07,1.5335146739318942e-09,0.002497270724766199,67.0,1.0,0.040906724472818,67.0,1.0,0.040906724472818,61.0,2.0,0.04887580278688065,2541.5,3.5,0.011722119439170717,2431.0,52.5,0.07668746091905657,0.9513753180470033,0.02517630049275621,0.0734624135563268,-1.0,0.0,-0.0,-1.0,0.0,-0.0
amd,AMD Threadripper 3970X,cpu,axpy_amd_20260725_215406,axpy_amd_20260725_215406_session2,2,16000000,32,10,0,10,0,0,-1,1651.0,0.0008151803885523925,1.196483040581404e-06,0.0016407529471286007,0.0008151803885523925,1.196483040581404e-06,0.0016407529471286007,0.1360974415505754,0.0001045136281041803,0.0016556952558134186,0.1360974415505754,0.0001045136281041803,0.0016556952558134186,nan,nan,nan,166.75691088498797,0.25912275385695693,0.001999362173327796,39.255120666710795,0.057624067406322865,0.0016403756860571858,235.53072400026474,0.345744404437923,0.0016403756860571877,0.0001109317485397889,1.6375852075675566e-07,0.0026212502329987053,9.038725272978227e-08,2.2924589826475266e-10,0.004048456865608268,65.5,1.0,0.022427501135945955,65.5,1.0,0.022427501135945955,60.5,2.5,0.05036027026078144,2987.5,14.0,0.01438363042354509,2954.0,3.0,0.00178463846662629,0.9911190223897499,0.0033152891696358044,0.014337745762959552,-1.0,0.0,-0.0,-1.0,0.0,-0.0
amd,AMD Threadripper 3970X,cpu,axpy_amd_20260725_215406,axpy_amd_20260725_215406_session2,2,16000000,64,10,10,0,0,0,-1,1276.0,0.000904041598354232,5.071202978056393e-07,0.0013355189104799282,0.000904041598354232,5.071202978056393e-07,0.0013355189104799282,0.15420559247648902,0.00017268691222570298,0.0012083523076232214,0.15420559247648902,0.00017268691222570298,0.0012083523076232214,nan,nan,nan,170.6132296081744,0.11669086752581848,0.001035659136253073,35.39660237135767,0.019844987039011386,0.0013352136395806756,212.37961422814607,0.11906992223408963,0.0013352136395806643,0.0001394201966327555,3.250530634058501e-07,0.002326658812092392,1.2604165378913687e-07,3.606946649384403e-10,0.0035964886838102134,69.0,1.0,0.022517345036089636,69.0,1.0,0.022517345036089636,64.5,2.0,0.04632338114890023,4130.0,12.0,0.02864498441985254,4146.5,6.5,0.003100909261053927,1.003149939517074,0.0021836673465882583,0.030973755986452307,-1.0,0.0,-0.0,-1.0,0.0,-0.0
amd,AMD Threadripper 3970X,cpu,axpy_amd_20260725_215406,axpy_amd_20260725_215406_session2,2,32000000,1,10,10,0,0,0,-1,76.0,0.013162670585526315,2.403808552631486e-05,0.0034486574361632443,0.013162670585526315,2.403808552631486e-05,0.0034486574361632443,0.9592299078947368,0.0017556842105262982,0.005386885181960407,0.9592299078947368,0.0017556842105262982,0.005386885181960407,nan,nan,nan,72.91123113292534,0.19397115236064622,0.005012122894069753,4.862235369515974,0.008881271044460348,0.003428545810943544,29.173412217095844,0.05328762626676209,0.003428545810943491,0.01261265927629147,1.7935347146125387e-05,0.007550032029824717,0.00016593794973661423,4.0067416545881956e-07,0.010464201403075076,71.0,1.0,0.023060857208643263,71.0,1.0,0.023060857208643263,67.0,2.0,0.04877081674319869,1793.0,0.0,0.009065827329066701,1794.0,0.0,0.013042451323718562,1.0005577244841048,0.008511646590522837,0.017920902911053978,-1.0,0.0,-0.0,-1.0,0.0,-0.0
amd,AMD Threadripper 3970X,cpu,axpy_amd_20260725_215406,axpy_amd_20260725_215406_session2,2,32000000,2,10,10,0,0,0,-1,116.0,0.008673707943965516,4.451103448275921e-06,0.0007533697008593618,0.008673707943965516,4.451103448275921e-06,0.0007533697008593618,0.6926991250000001,0.0007094956896550597,0.001898683743895577,0.6926991250000001,0.0007094956896550597,0.001898683743895577,nan,nan,nan,79.82668259530479,0.0792470197718913,0.0020384729088633977,7.378620684992783,0.003786760887532381,0.0007529177385875345,44.27172410995671,0.022720565325190734,0.000752917738587553,0.00600914612615613,7.265517818366533e-06,0.002047215097349617,5.211265071778279e-05,9.073620999509451e-08,0.002432218618589525,71.0,1.0,0.01932750803111844,71.0,1.0,0.01932750803111844,66.0,2.5,0.04796039225991035,1832.0,0.0,0.005192192585210961,1834.0,0.0,0.006639056472042373,1.0010917030567685,0.00027292576419213344,0.009022324244485857,-1.0,0.0,-0.0,-1.0,0.0,-0.0
amd,AMD Threadripper 3970X,cpu,axpy_amd_20260725_215406,axpy_amd_20260725_215406_session2,2,32000000,4,10,10,0,0,0,-1,139.0,0.007208322197841727,1.981802158273257e-06,0.0010345469619389219,0.007208322197841727,1.981802158273257e-06,0.0010345469619389219,0.723970143884892,0.0023274424460431042,0.004868273173980785,0.723970143884892,0.0023274424460431042,0.004868273173980785,nan,nan,nan,100.46161760806478,0.2117685395114961,0.004439057874938536,8.878626436625975,0.0024409353080008245,0.0010363987718767839,53.27175861975586,0.014645611848006723,0.0010363987718767602,0.0052193192310038975,1.8098639488271177e-05,0.005461023177247094,3.762607608279894e-05,1.3928298108200092e-07,0.006169432916154362,71.0,1.0,0.015478269122568382,71.0,1.0,0.015478269122568382,65.5,2.5,0.044530532899569965,1904.0,1.0,0.007540205262138231,1908.0,0.0,0.005026335209581201,1.0023641353546147,0.0007889186537610726,0.009608458871118454,-1.0,0.0,-0.0,-1.0,0.0,-0.0
amd,AMD Threadripper 3970X,cpu,axpy_amd_20260725_215406,axpy_amd_20260725_215406_session2,2,32000000,8,10,10,0,0,0,-1,148.0,0.007125342537162162,5.451013513515894e-07,0.00022158574597009673,0.007125342537162162,5.451013513515894e-07,0.00022158574597009673,0.8005616452702703,0.0020304459459459245,0.004700533472330207,0.8005616452702703,0.0020304459459459245,0.004700533472330207,nan,nan,nan,112.36974920778917,0.2841257353929336,0.004638206568892891,8.982024326816548,0.0006871576342399877,0.0002216185019534229,53.8921459608993,0.004122945805441702,0.0002216185019534648,0.005703963886484608,1.5311734640800073e-05,0.004772280535235411,4.0640476589369556e-05,1.0841933583855418e-07,0.004853025497878013,72.0,1.0,0.020669904814624152,72.0,1.0,0.020669904814624152,65.5,2.5,0.03933241490271803,2124.0,8.5,0.012161440502647678,2058.5,1.0,0.0009664971581414647,0.9691548483672451,0.004383119962067361,0.011587901743189997,-1.0,0.0,-0.0,-1.0,0.0,-0.0
amd,AMD Threadripper 3970X,cpu,axpy_amd_20260725_215406,axpy_amd_20260725_215406_session2,2,32000000,10,10,10,0,0,0,-1,157.0,0.006776052703821656,8.397866242044506e-07,0.00018900119152793094,0.006776052703821656,8.397866242044506e-07,0.00018900119152793094,0.714827729299363,0.0010307420382165144,0.0048054672897076415,0.714827729299363,0.0010307420382165144,0.0048054672897076415,nan,nan,nan,105.4926840187261,0.14618825307260863,0.004874912435973873,9.44502689080046,0.0011704180170930556,0.00018903715002661946,56.670161344802764,0.007022508102561886,0.00018903715002658916,0.0048441153618183595,7.636002462040655e-06,0.004742600455941377,3.2826725692322166e-05,5.6156997257785326e-08,0.004686572286406696,69.0,1.0,0.014432930711346199,69.0,1.0,0.014432930711346199,64.5,2.5,0.04280760482015596,2217.5,19.0,0.014206429768198463,2139.5,2.0,0.006338423405897213,0.9676268488251667,0.010578144624987962,0.016417433790464512,-1.0,0.0,-0.0,-1.0,0.0,-0.0
amd,AMD Threadripper 3970X,cpu,axpy_amd_20260725_215406,axpy_amd_20260725_215406_session2,2,32000000,16,10,10,0,0,0,-1,150.0,0.00716346495,1.6410799999998227e-06,0.0004946031460528775,0.00716346495,1.6410799999998227e-06,0.0004946031460528775,0.8775108766666667,0.001135293333333287,0.014897516206754665,0.8775108766666667,0.001135293333333287,0.014897516206754665,nan,nan,nan,122.52506574834257,0.14350922280771528,0.014949313793655264,8.9342240813405,0.002046846843962946,0.0004942211938112461,53.605344488043,0.012281081063779453,0.0004942211938112979,0.006284635187647989,8.901380219400196e-06,0.014862488467861994,4.5009184430903406e-05,6.994695078911306e-08,0.01484438867305584,68.5,0.5,0.007694106229120145,68.5,0.5,0.007694106229120145,62.0,2.0,0.04206091504897874,2419.0,19.5,0.009534051450065282,2364.0,1.0,0.0011632585408030763,0.9775031175231652,0.008148828520813667,0.009702204418273503,-1.0,0.0,-0.0,-1.0,0.0,-0.0
amd,AMD Threadripper 3970X,cpu,axpy_amd_20260725_215406,axpy_amd_20260725_215406_session2,2,32000000,20,10,10,0,0,0,-1,142.0,0.007466871838028169,8.123239436616005e-07,0.00026506450635693676,0.007466871838028169,8.123239436616005e-07,0.00026506450635693676,0.913719102112676,0.0020554190140844586,0.0030934070076562323,0.913719102112676,0.0020554190140844586,0.0030934070076562323,nan,nan,nan,122.37100047140393,0.2867583358383854,0.0030896019842952902,8.571193050199621,0.000932442225077601,0.0002651542664598034,51.42715830119772,0.005594653350467382,0.0002651542664597595,0.006822552868445531,1.5418099331887015e-05,0.003119944484030285,5.093734143454077e-05,1.170745122287802e-07,0.0031686207396419367,68.0,0.0,0.01032272673265033,68.0,0.0,0.01032272673265033,61.5,2.5,0.05072737220235469,2571.0,31.5,0.011696567930667201,2517.0,2.5,0.005818784318477447,0.9788078072558191,0.01120444006158855,0.01534714491792571,-1.0,0.0,-0.0,-1.0,0.0,-0.0
amd,AMD Threadripper 3970X,cpu,axpy_amd_20260725_215406,axpy_amd_20260725_215406_session2,2,32000000,32,10,10,0,0,0,-1,155.0,0.007168510338709678,1.1836225806455443e-06,0.0004622423604121142,0.007168510338709678,1.1836225806455443e-06,0.0004622423604121142,1.0727891419354838,0.00041797096774187636,0.0008192684220943177,1.0727891419354838,0.00041797096774187636,0.0008192684220943177,nan,nan,nan,149.6320266313685,0.043236350574005655,0.0007388163403080004,8.927935790820989,0.001474151900596965,0.0004618634180109265,53.56761474492592,0.00884491140358179,0.0004618634180108777,0.007690489116263679,3.2459169144656054e-06,0.001106585029927003,5.513231726101946e-05,3.1139932188951045e-08,0.0014855613145448412,67.5,1.0,0.027637107812301272,67.5,1.0,0.027637107812301272,62.5,2.5,0.05117632393581547,2990.0,18.0,0.007606721436745749,2953.0,4.5,0.005471264543260624,0.9876376748564637,0.006936364010087959,0.010061463264060799,-1.0,0.0,-0.0,-1.0,0.0,-0.0
amd,AMD Threadripper 3970X,cpu,axpy_amd_20260725_215406,axpy_amd_20260725_215406_session2,2,32000000,64,10,10,0,0,0,-1,149.0,0.007359550959731544,4.535510067114369e-06,0.0014409909512736606,0.007359550959731544,4.535510067114369e-06,0.0014409909512736606,1.1390622852348993,0.0012506409395973694,0.0027350644409215056,1.1390622852348993,0.0012506409395973694,0.0027350644409215056,nan,nan,nan,154.59858651064593,0.31168021439528104,0.0028275272485397142,8.696182735988334,0.005359507130516583,0.001438931750685524,52.177096415929995,0.032157042783101275,0.001438931750685484,0.00837960831177717,1.3626409087173948e-05,0.003333154413579089,6.169942422933373e-05,6.43510211971671e-08,0.004347507078894248,69.0,1.0,0.020930231793291062,69.0,1.0,0.020930231793291062,64.5,2.0,0.04440015435493825,4140.0,6.0,0.0032664801950144373,4172.5,1.0,0.0008695063533416724,1.0074835521523515,0.0015664068853328272,0.003605768791318659,-1.0,0.0,-0.0,-1.0,0.0,-0.0
amd,AMD Threadripper 3970X,cpu,axpy_amd_20260725_215406,axpy_amd_20260725_215406_session2,2,64000000,1,10,10,0,0,0,-1,39.0,0.02614499433333333,2.644703846154013e-05,0.001778032228080235,0.02614499433333333,2.644703846154013e-05,0.001778032228080235,1.8796934615384617,0.0015909358974361965,0.00696557719669979,1.8796934615384617,0.0015909358974361965,0.00696557719669979,nan,nan,nan,71.86958867597602,0.04365757412098503,0.008433110039179684,4.895774631633069,0.004947023999975375,0.0017743380236816,29.374647789798416,0.029682143999854915,0.0017743380236816418,0.04916320435181731,9.831196734230024e-05,0.0056672153088817585,0.0012858591385295787,3.753175762998234e-06,0.0046851065643849455,69.0,0.0,0.01211600636079839,69.0,0.0,0.01211600636079839,64.5,1.5,0.03858832212483051,1793.0,0.0,0.0,1794.0,0.0,0.0054549333629302635,1.0005577244841048,0.0,0.005454933362930231,-1.0,0.0,-0.0,-1.0,0.0,-0.0
amd,AMD Threadripper 3970X,cpu,axpy_amd_20260725_215406,axpy_amd_20260725_215406_session2,2,64000000,2,10,10,0,0,0,-1,59.0,0.017222193177966104,5.855406779662828e-06,0.0009009533939964963,0.017222193177966104,5.855406779662828e-06,0.0009009533939964963,1.3751449661016948,0.0015290338983050544,0.0023109288375935174,1.3751449661016948,0.0015290338983050544,0.0023109288375935174,nan,nan,nan,79.82613454569739,0.08157205311675142,0.002738244104449347,7.43227080298903,0.0025275677430625088,0.0009002741328883161,44.59362481793418,0.015165406458372388,0.0009002741328882847,0.02368517170510448,4.1376519886796026e-05,0.0021895310095973457,0.0004078731522571264,7.192056744569216e-07,0.0024212793771511603,71.0,1.0,0.014846373991400843,71.0,1.0,0.014846373991400843,66.5,2.5,0.047913297881339086,1832.0,0.0,0.016427733075812065,1834.0,0.0,0.008533018734115874,1.0013650759958883,0.001095286327195577,0.014677699689754,-1.0,0.0,-0.0,-1.0,0.0,-0.0
amd,AMD Threadripper 3970X,cpu,axpy_amd_20260725_215406,axpy_amd_20260725_215406_session2,2,64000000,4,10,10,0,0,0,-1,70.0,0.014319037921428572,2.79720714285725e-06,0.0003981437213153851,0.014319037921428572,2.79720714285725e-06,0.0003981437213153851,1.4327027714285716,0.0026832214285713585,0.0021794283547546065,1.4327027714285716,0.0026832214285713585,0.0021794283547546065,nan,nan,nan,100.00548245642369,0.13224437288822344,0.002156279937962268,8.939148057566058,0.0017465204179281102,0.00039792873096437494,53.634888345396355,0.010479122507561556,0.0003979287309643479,0.020519180324125932,4.045192854437718e-05,0.002273107272991593,0.0002938589038601714,5.657551224207884e-07,0.0024292763000026596,71.0,1.0,0.02132500432603629,71.0,1.0,0.02132500432603629,64.5,3.0,0.05128205128205129,1904.0,0.0,0.005698380991829336,1910.0,1.5,0.006703830492429856,1.0028893454386485,0.0002619150655533975,0.005373841752725612,-1.0,0.0,-0.0,-1.0,0.0,-0.0
amd,AMD Threadripper 3970X,cpu,axpy_amd_20260725_215406,axpy_amd_20260725_215406_session2,2,64000000,8,10,10,0,0,0,-1,70.0,0.014486224142857142,1.267871428571772e-06,0.0001330695077394915,0.014486224142857142,1.267871428571772e-06,0.0001330695077394915,1.5669384,0.001491142857142802,0.0010959927728150767,1.5669384,0.001491142857142802,0.0010959927728150767,nan,nan,nan,108.1600447659517,0.10071494980214624,0.0011744344898844048,8.835980915902134,0.0007732785285048394,0.00013306418742220323,53.01588549541281,0.00463967117102726,0.00013306418742219017,0.022700581899466138,2.1189312095343943e-05,0.0010288287022463805,0.0003288683330738326,2.4547773736063915e-07,0.0009752772090353415,72.0,1.0,0.02055617769047216,72.0,1.0,0.02055617769047216,69.0,2.5,0.04854438986232222,2066.0,13.0,0.008202461930081143,2062.5,0.5,0.0079724397780998,1.0043827613993535,0.007446170109148498,0.011394120213522181,-1.0,0.0,-0.0,-1.0,0.0,-0.0
amd,AMD Threadripper 3970X,cpu,axpy_amd_20260725_215406,axpy_amd_20260725_215406_session2,2,64000000,10,10,10,0,0,0,-1,69.0,0.014619477355072463,1.8914420289858555e-06,0.00023657515836072383,0.014619477355072463,1.8914420289858555e-06,0.00023657515836072383,1.5056294782608695,0.0022387246376809333,0.005289934282552909,1.5056294782608695,0.0022387246376809333,0.005289934282552909,nan,nan,nan,102.94731259194788,0.1071703826014101,0.00531998114348606,8.755442960808367,0.0011327742736559898,0.0002365461593090633,52.5326577648502,0.0067966456419341625,0.00023654615930910892,0.022021134207090468,4.373015892289271e-05,0.00527033890362653,0.000322078147285138,8.091821270336948e-07,0.00526131568158055,69.0,0.0,0.009739517427280705,69.0,0.0,0.009739517427280705,63.0,3.0,0.05074953992923513,2204.0,17.0,0.011095344884864605,2156.5,15.5,0.009075987757985456,0.9877717391304348,0.0013722761913272374,0.0096755050455064,-1.0,0.0,-0.0,-1.0,0.0,-0.0
amd,AMD Threadripper 3970X,cpu,axpy_amd_20260725_215406,axpy_amd_20260725_215406_session2,2,64000000,16,10,10,0,0,0,-1,69.0,0.014648000065217392,2.4295144927530612e-06,0.00021969016672210677,0.014648000065217392,2.4295144927530612e-06,0.00021969016672210677,1.8909484855072463,0.0016444347826087835,0.001297199373132735,1.8909484855072463,0.0016444347826087835,0.001297199373132735,nan,nan,nan,129.06766991711524,0.092510771766797,0.001151344049653934,8.738394296689478,0.0014494249954202232,0.0002196945774957109,52.43036578013687,0.008696549972526668,0.0002196945774957064,0.027699757842747145,2.5522371967935664e-05,0.0014616625032319267,0.0004056984877898462,3.493268788006584e-07,0.0016391401549774671,73.0,0.0,0.00868757598947357,73.0,0.0,0.00868757598947357,66.5,2.0,0.03720828719023403,2417.5,18.5,0.013300012192688905,2364.5,2.5,0.007666700349597897,0.9834532866290844,0.006951374854807901,0.016279416134002935,-1.0,0.0,-0.0,-1.0,0.0,-0.0
amd,AMD Threadripper 3970X,cpu,axpy_amd_20260725_215406,axpy_amd_20260725_215406_session2,2,64000000,20,10,10,0,0,0,-1,63.0,0.01597018342063492,3.964031746031549e-06,0.00046332402873026744,0.01597018342063492,3.964031746031549e-06,0.00046332402873026744,2.032706238095238,0.001175595238095184,0.001140423268017102,2.032706238095238,0.001175595238095184,0.001140423268017102,nan,nan,nan,127.31006314715043,0.06635769791721913,0.0009881372760590713,8.01493614972366,0.001989362594567723,0.0004632563885609152,48.08961689834196,0.01193617556740989,0.00046325638856086523,0.03245971717670655,1.497907757002509e-05,0.0014335789982407327,0.0005184560460876172,2.770725637290844e-07,0.0018000988909742974,72.0,0.0,0.006547285010986551,72.0,0.0,0.006547285010986551,66.5,2.0,0.037545522421565454,2568.5,5.5,0.009531973322489637,2506.0,2.0,0.0014133898888372234,0.9758660957571039,0.003845024772026362,0.00952453452330593,-1.0,0.0,-0.0,-1.0,0.0,-0.0
amd,AMD Threadripper 3970X,cpu,axpy_amd_20260725_215406,axpy_amd_20260725_215406_session2,2,64000000,32,10,10,0,0,0,-1,68.0,0.014859148999999999,2.064772058823529e-06,0.00017262051982304657,0.014859148999999999,2.064772058823529e-06,0.00017262051982304657,2.2421587279411765,0.001853963235294076,0.003040522563595147,2.2421587279411765,0.001853963235294076,0.003040522563595147,nan,nan,nan,150.88644398899893,0.11133115560144802,0.003058321108858335,8.614221451134608,0.0011968342625978678,0.00017262344540132252,51.68532870680765,0.0071810055755889834,0.0001726234454012809,0.03331920719934946,3.491796802355604e-05,0.003032445945483244,0.0004951580603683469,5.980316733519126e-07,0.0030341683992247052,73.5,2.5,0.05117155091111304,73.5,2.5,0.05117155091111304,72.0,4.0,0.066568053217957,2950.0,13.0,0.01202158108483911,2952.0,1.0,0.005085234450594002,0.9977957480559339,0.0052075262285946056,0.013162319783942176,-1.0,0.0,-0.0,-1.0,0.0,-0.0
amd,AMD Threadripper 3970X,cpu,axpy_amd_20260725_215406,axpy_amd_20260725_215406_session2,2,64000000,64,10,10,0,0,0,-1,67.0,0.015098770917910448,1.1880634328356905e-05,0.0012615831438106363,0.015098770917910448,1.1880634328356905e-05,0.0012615831438106363,2.3385814776119402,0.0025881716417912592,0.0025726827914464676,2.3385814776119402,0.0025881716417912592,0.0025726827914464676,nan,nan,nan,154.95279108185264,0.06086535806232973,0.001901032195632129,8.477511934169355,0.006666080739647917,0.001262723926349734,50.865071605016134,0.039996484437896385,0.0012627239263497542,0.03530706139059733,7.91664696296289e-05,0.003577739490235526,0.0005332211973383817,1.4560333010928345e-06,0.00470636079995461,68.0,1.0,0.020797258270192576,68.0,1.0,0.020797258270192576,63.0,2.5,0.04767953313539357,4098.0,6.0,0.004712084610080536,4168.5,3.5,0.002980121825358543,1.0170893164756207,0.002103405217115495,0.004722807015563567,-1.0,0.0,-0.0,-1.0,0.0,-0.0
amd,AMD Threadripper 3970X,cpu,axpy_amd_20260725_215406,axpy_amd_20260725_215406_session2,2,128000000,1,10,10,0,0,0,-1,20.0,0.0520653388,3.688300000000144e-05,0.001573022654938854,0.0520653388,3.688300000000144e-05,0.001573022654938854,3.752380875,0.00602730000000018,0.003273111177857498,3.752380875,0.00602730000000018,0.003273111177857498,nan,nan,nan,72.09639770780953,0.08015343083528848,0.004484387247239664,4.916899093478028,0.003480801897910446,0.0015730292306013625,29.50139456086817,0.020884811387471558,0.0015730292306013608,0.19529553516026943,0.00015672143320903664,0.002496824107862224,0.010164277037245264,1.8785566780530824e-05,0.0025830451441254815,70.0,0.0,0.01770389755353002,70.0,0.0,0.01770389755353002,65.5,2.0,0.03708815646955041,1793.0,0.0,0.015399360709432078,1794.0,0.0,0.0,1.0005577244841048,0.0,0.014919299883454668,-1.0,0.0,-0.0,-1.0,0.0,-0.0
amd,AMD Threadripper 3970X,cpu,axpy_amd_20260725_215406,axpy_amd_20260725_215406_session2,2,128000000,2,10,10,0,0,0,-1,30.0,0.0341851083,9.123883333336802e-06,0.00046626401534457433,0.0341851083,9.123883333336802e-06,0.00046626401534457433,2.7282957,0.0032392666666667402,0.003474863525315344,2.7282957,0.0032392666666667402,0.003474863525315344,nan,nan,nan,79.81623557666009,0.0974430286125596,0.003433476760177774,7.4886408981478105,0.001998362398240694,0.0004664440404416111,44.931845388886856,0.011990174389442387,0.0004664440404416499,0.09324618068172083,0.00010109899064814076,0.0035772747728439478,0.0031877620324669708,5.289348731415174e-06,0.0037356273360659746,70.0,1.0,0.013494783756052828,70.0,1.0,0.013494783756052828,66.0,1.0,0.035586401949092794,1832.0,0.0,0.0051699362291581135,1834.0,0.0,0.006886774590514155,1.0010917030567685,0.0,0.001709425394603903,-1.0,0.0,-0.0,-1.0,0.0,-0.0
amd,AMD Threadripper 3970X,cpu,axpy_amd_20260725_215406,axpy_amd_20260725_215406_session2,2,128000000,4,10,10,0,0,0,-1,36.0,0.028491369000000002,7.407138888890913e-06,0.0005230537336265871,0.028491369000000002,7.407138888890913e-06,0.0005230537336265871,2.4961765833333334,0.0005162499999999959,0.0006125520859997516,2.4961765833333334,0.0005162499999999959,0.0006125520859997516,nan,nan,nan,87.60306465234493,0.013651220226265082,0.0003452494628391745,8.985177260390092,0.0023361301442923477,0.0005228038375610819,53.911063562340544,0.014016780865755862,0.0005228038375611007,0.07111832959261967,4.1335585040394585e-05,0.0010856472852070025,0.0020262777051735527,1.6759393413319588e-06,0.0015906644063278374,67.5,0.5,0.015232972846440186,67.5,0.5,0.015232972846440186,62.0,2.0,0.03801649361217998,1910.0,0.5,0.004998733795490222,1916.0,0.0,0.004943633653207472,1.0031413612565445,0.0005249300686847036,0.007349172201241646,-1.0,0.0,-0.0,-1.0,0.0,-0.0
amd,AMD Threadripper 3970X,cpu,axpy_amd_20260725_215406,axpy_amd_20260725_215406_session2,2,128000000,8,10,10,0,0,0,-1,35.0,0.028782862514285718,5.429814285713014e-06,0.00022375448397720442,0.028782862514285718,5.429814285713014e-06,0.00022375448397720442,3.1066545857142858,0.006514300000000084,0.004252131363161749,3.1066545857142858,0.006514300000000084,0.004252131363161749,nan,nan,nan,107.93417924022285,0.21954941377252624,0.00409914349645146,8.89418144658547,0.0016779622079754475,0.00022375401130145825,53.36508867951284,0.010067773247850909,0.0002237540113014487,0.08941841082232685,0.00020689212148897879,0.004411202106239078,0.0025737178138651668,6.687819656895754e-06,0.004575721439021809,75.0,1.5,0.03463757304061548,75.0,1.5,0.03463757304061548,70.5,4.0,0.06735670499006839,2050.0,0.5,0.0065893801810857295,2060.0,1.5,0.006078236665762672,1.0051232606030305,0.0010186513629841798,0.0017779446492707915,-1.0,0.0,-0.0,-1.0,0.0,-0.0
amd,AMD Threadripper 3970X,cpu,axpy_amd_20260725_215406,axpy_amd_20260725_215406_session2,2,128000000,10,10,10,0,0,0,-1,35.0,0.029029674242857142,2.8782285714287065e-06,0.00011216476281758737,0.029029674242857142,2.8782285714287065e-06,0.00011216476281758737,3.0220313,0.0005052571428572072,0.0002629886760047473,3.0220313,0.0005052571428572072,0.0002629886760047473,nan,nan,nan,104.10102910579161,0.027427047747039524,0.0002731287242080825,8.818562620170349,0.0008744279017847134,0.00011216269069204027,52.9113757210221,0.005246567410701175,0.00011216269069204447,0.08773490811144619,1.4887114419465108e-05,0.0002981497279740852,0.002546719535041223,5.960020198144973e-07,0.000365774990681871,70.0,0.0,0.019920395976641053,70.0,0.0,0.019920395976641053,63.5,2.0,0.059037000820650457,2128.0,0.0,0.003548868410299227,2143.0,3.5,0.008098535832366489,1.0070488721804511,0.0023496240601503793,0.009482829544360076,-1.0,0.0,-0.0,-1.0,0.0,-0.0
amd,AMD Threadripper 3970X,cpu,axpy_amd_20260725_215406,axpy_amd_20260725_215406_session2,2,128000000,16,10,10,0,0,0,-1,35.0,0.029153352014285712,4.374771428570026e-06,0.0003392362833548709,0.029153352014285712,4.374771428570026e-06,0.0003392362833548709,3.4496202,0.0014408000000001309,0.002851017976323383,3.4496202,0.0014408000000001309,0.002851017976323383,nan,nan,nan,118.31022806629015,0.05182252447217195,0.0029619369155087895,8.781151473795932,0.001317555671783488,0.0003391158979216402,52.686908842775594,0.007905334030702704,0.00033911589792162987,0.1005530232066297,7.119266170741573e-05,0.0027773571675949894,0.0029313146690255146,1.978679444490823e-06,0.0027440015249596853,75.0,1.0,0.0188331539496969,75.0,1.0,0.0188331539496969,69.5,2.0,0.03851008927609061,2340.5,4.5,0.004061118853239267,2368.0,3.5,0.007201470493919943,1.0128348939419396,0.002587348876094575,0.008643747030262664,-1.0,0.0,-0.0,-1.0,0.0,-0.0
amd,AMD Threadripper 3970X,cpu,axpy_amd_20260725_215406,axpy_amd_20260725_215406_session2,2,128000000,20,10,10,0,0,0,-1,32.0,0.031912051390625,8.03315625000009e-06,0.0003642324865514944,0.031912051390625,8.03315625000009e-06,0.0003642324865514944,4.173284000000001,0.003504546874999903,0.0021676471999802055,4.173284000000001,0.003504546874999903,0.0021676471999802055,nan,nan,nan,130.74853754173938,0.12552867629565867,0.0021659211699335966,8.022047797565904,0.0020198340441499596,0.0003641846936952152,48.13228678539543,0.012119004264896205,0.0003641846936951834,0.13314317918387028,0.00010915901507027592,0.0022296194997055365,0.004248858106349869,3.121145193500912e-06,0.0023470928716770494,76.0,1.0,0.018054286158185738,76.0,1.0,0.018054286158185738,72.0,3.0,0.054922282613829095,2524.0,18.5,0.012792178201416263,2511.0,2.5,0.0036040906697314486,0.9948494453248812,0.0034771071012625887,0.012354630110204446,-1.0,0.0,-0.0,-1.0,0.0,-0.0
amd,AMD Threadripper 3970X,cpu,axpy_amd_20260725_215406,axpy_amd_20260725_215406_session2,2,128000000,32,10,10,0,0,0,-1,34.0,0.02958552536764706,4.144367647057959e-06,0.00018311252312917884,0.02958552536764706,4.144367647057959e-06,0.00018311252312917884,4.43430688235294,0.0013202647058823125,0.0004047583707055432,4.43430688235294,0.0013202647058823125,0.0004047583707055432,nan,nan,nan,149.85996542480842,0.029900858166172384,0.0003334555562338109,8.652879991596244,0.0012119480371870495,0.000183114965670394,51.91727994957746,0.007271688223131179,0.0001831149656703928,0.1312083599099187,2.3111153396176976e-05,0.0005324445742518324,0.003881720962915034,7.30021714482644e-07,0.0006857066430620725,70.0,0.0,0.00741950832606785,70.0,0.0,0.00741950832606785,65.5,1.5,0.039573348531524874,2932.5,20.0,0.01585365478280018,2951.5,4.5,0.0037166639954962773,1.0073461987619534,0.007724991108913115,0.01552644675545334,-1.0,0.0,-0.0,-1.0,0.0,-0.0
amd,AMD Threadripper 3970X,cpu,axpy_amd_20260725_215406,axpy_amd_20260725_215406_session2,2,128000000,64,10,10,0,0,0,-1,34.0,0.030029646426470588,2.038577941176206e-05,0.0008088463897593459,0.030029646426470588,2.038577941176206e-05,0.0008088463897593459,4.6598192205882345,0.0035212352941180747,0.0010402163406289136,4.6598192205882345,0.0035212352941180747,0.0010402163406289136,nan,nan,nan,155.1571850627947,0.13431356693703833,0.001478398065677166,8.524908959880912,0.005787454448716645,0.0008089696904616662,51.149453759285464,0.03472472669230342,0.0008089696904616721,0.13994154871277192,9.361788085562872e-05,0.0011347108062258282,0.004203196446137977,4.568424652905221e-06,0.0016738032538266149,71.0,1.0,0.027137409637058872,71.0,1.0,0.027137409637058872,66.5,3.5,0.05715356325773853,4076.5,14.0,0.005886444313221971,4135.5,5.5,0.001572104735907517,1.0131261881078193,0.0037260566857784116,0.006517104269956054,-1.0,0.0,-0.0,-1.0,0.0,-0.0
amd,AMD Threadripper 3970X,cpu,axpy_amd_20260725_215406,axpy_amd_20260725_215406_session2,2,256000000,1,10,10,0,0,0,-1,10.0,0.10416656434999999,0.0004633203999999877,0.006074133389364488,0.10416656434999999,0.0004633203999999877,0.006074133389364488,7.42849615,0.05255925000000028,0.009819962231207523,7.42849615,0.05255925000000028,0.009819962231207523,nan,nan,nan,71.13612987618828,0.6693449353616927,0.009876761040760379,4.915204984771685,0.021959770668363188,0.006039897719333584,29.49122990863011,0.13175862401017646,0.006039897719333579,0.7714769924342026,0.006382406470296864,0.013070467214300467,0.07996887969778171,0.00024483460520214467,0.01794554086610028,69.0,1.0,0.013809072751826983,69.0,1.0,0.013809072751826983,65.5,0.5,0.008046508041140914,1793.0,0.0,0.008221011745156489,1795.0,0.5,0.010525575332763642,1.0011154489682097,0.0002788622420524245,0.0064366856285753915,-1.0,0.0,-0.0,-1.0,0.0,-0.0
amd,AMD Threadripper 3970X,cpu,axpy_amd_20260725_215406,axpy_amd_20260725_215406_session2,2,256000000,2,10,10,0,0,0,-1,15.0,0.06781403983333334,3.530330000000442e-05,0.0006311324888240505,0.06781403983333334,3.530330000000442e-05,0.0006311324888240505,5.422547766666666,0.005897233333334473,0.0050477772625195285,5.422547766666666,0.005897233333334473,0.0050477772625195285,nan,nan,nan,79.9711633297794,0.0604630478994963,0.005363138496119714,7.550058991087843,0.003932550074539964,0.0006309494989557187,45.30035394652706,0.023595300447230017,0.0006309494989556865,0.3676506306042464,0.000566984357451561,0.004794604684785058,0.02492684258880317,5.135663782668276e-05,0.004613943843217934,70.0,0.0,0.013722894646012725,70.0,0.0,0.013722894646012725,65.5,2.0,0.039473167455997306,1832.0,1.0,0.005551631628083517,1834.0,0.0,0.011466910235742348,1.0019116734674398,0.0008287650110211375,0.010507348578869617,-1.0,0.0,-0.0,-1.0,0.0,-0.0
amd,AMD Threadripper 3970X,cpu,axpy_amd_20260725_215406,axpy_amd_20260725_215406_session2,2,256000000,4,10,10,0,0,0,-1,18.0,0.0566309795,1.3491333333334049e-05,0.0004160070030452387,0.0566309795,1.3491333333334049e-05,0.0004160070030452387,5.138603638888889,0.002067472222222033,0.0007618270833198317,5.138603638888889,0.002067472222222033,0.0007618270833198317,nan,nan,nan,90.74648832030412,0.010947239852953317,0.00044488319660673456,9.040987892524042,0.002154373195023318,0.0004158019289690492,54.245927355144254,0.012926239170145237,0.0004158019289690629,0.2910109658947036,0.00020119752451883133,0.001144279702400262,0.016480621638703338,1.571135728875052e-05,0.001544480682675926,71.0,0.0,0.008882802416203312,71.0,0.0,0.008882802416203312,66.5,3.0,0.04499678398243227,1908.0,1.0,0.0012650352012060996,1913.0,0.5,0.004902439025938305,1.0026205450733752,0.0005252072001431518,0.00487985228412843,-1.0,0.0,-0.0,-1.0,0.0,-0.0
amd,AMD Threadripper 3970X,cpu,axpy_amd_20260725_215406,axpy_amd_20260725_215406_session2,2,256000000,8,10,10,0,0,0,-1,18.0,0.05711132627777778,3.879277777778245e-06,0.00016926851351571252,0.05711132627777778,3.879277777778245e-06,0.00016926851351571252,5.716458861111111,0.006121388888889356,0.006467761853320077,5.716458861111111,0.006121388888889356,0.006467761853320077,nan,nan,nan,100.06886013990194,0.13495131772013735,0.006498951468564079,8.96494676922709,0.0006089425745878785,0.00016923073408589188,53.78968061536254,0.003653655447518389,0.00016923073408592543,0.32656925587998376,0.0003120769483115071,0.006440874119622638,0.018656214369352782,1.7196478089844328e-05,0.006418345343611184,73.0,1.0,0.019103986305467238,73.0,1.0,0.019103986305467238,67.5,1.5,0.03839732034336663,2056.0,7.0,0.03500242439930719,2064.0,1.0,0.003862645604779744,1.0058394506275161,0.005827101020183911,0.03346250692747873,-1.0,0.0,-0.0,-1.0,0.0,-0.0
amd,AMD Threadripper 3970X,cpu,axpy_amd_20260725_215406,axpy_amd_20260725_215406_session2,2,256000000,10,10,10,0,0,0,-1,18.0,0.05769360327777778,4.058166666660867e-06,0.0001456674247275512,0.05769360327777778,4.058166666660867e-06,0.0001456674247275512,5.973833777777778,0.001251583333333084,0.00032488880857648545,5.973833777777778,0.001251583333333084,0.00032488880857648545,nan,nan,nan,103.54216454082231,0.018119418419843214,0.00032735813966815327,8.87446739203343,0.000624203438067461,0.0001456885928892411,53.24680435220058,0.003745220628399437,0.00014568859288921482,0.344598225921269,0.00010874379484426822,0.000382591491103219,0.019879812782203063,7.729508190385329e-06,0.0004791820012137522,72.0,1.0,0.013830722197659987,72.0,1.0,0.013830722197659987,66.5,2.0,0.037545522421565454,2128.0,2.0,0.004716758079954603,2141.0,3.0,0.005895053391231286,1.0065822629244794,0.0023552631578946936,0.007529375620488539,-1.0,0.0,-0.0,-1.0,0.0,-0.0
amd,AMD Threadripper 3970X,cpu,axpy_amd_20260725_215406,axpy_amd_20260725_215406_session2,2,256000000,16,10,10,0,0,0,-1,18.0,0.05795044569444445,1.2366694444449627e-05,0.00030862360099323955,0.05795044569444445,1.2366694444449627e-05,0.00030862360099323955,7.625914944444444,0.014777361111110832,0.0039476496637612934,7.625914944444444,0.014777361111110832,0.0039476496637612934,nan,nan,nan,131.60883426700855,0.22945442183872444,0.0040013247785908364,8.835134814407791,0.0018858265891701365,0.0003086288139444651,53.010808886446746,0.011314959535017266,0.0003086288139444652,0.44191002196913487,0.0009421802089157882,0.003917714449010307,0.02561125550417914,5.957554541287553e-05,0.003912062792550563,76.0,2.5,0.04044891223193125,76.0,2.5,0.04044891223193125,72.5,2.5,0.05066431397179741,2337.5,3.5,0.005732309809457522,2364.0,2.5,0.007349473872508319,1.0113613388043428,0.0011049285479325377,0.0068007356039590985,-1.0,0.0,-0.0,-1.0,0.0,-0.0
amd,AMD Threadripper 3970X,cpu,axpy_amd_20260725_215406,axpy_amd_20260725_215406_session2,2,256000000,20,10,10,0,0,0,-1,16.0,0.06366836325,6.3587500000045205e-06,0.00021467039350648166,0.06366836325,6.3587500000045205e-06,0.00021467039350648166,7.60890425,0.003267593749999964,0.0011728830250602644,7.60890425,0.003267593749999964,0.0011728830250602644,nan,nan,nan,119.48977848683919,0.056015367567660235,0.0011842921659552259,8.04167052395297,0.0008031324750294999,0.00021469559469246586,48.25002314371782,0.004818794850180552,0.0002146955946924793,0.48439810355792745,0.0002962881624641589,0.0012004385630211977,0.030835534159320964,2.5859514350967672e-05,0.0012644010014665604,74.0,1.0,0.010630871128660584,74.0,1.0,0.010630871128660584,69.0,2.0,0.03718739704358147,2494.0,4.0,0.0041983485172609565,2519.0,3.0,0.01099322586034083,1.01102646351243,0.002426082563196319,0.011468770247715225,-1.0,0.0,-0.0,-1.0,0.0,-0.0
amd,AMD Threadripper 3970X,cpu,axpy_amd_20260725_215406,axpy_amd_20260725_215406_session2,2,256000000,32,10,10,0,0,0,-1,17.0,0.05892566964705882,6.257441176472922e-06,0.00031799915997631303,0.05892566964705882,6.257441176472922e-06,0.00031799915997631303,8.826455911764707,0.0178231764705874,0.003028596140503551,8.826455911764707,0.0178231764705874,0.003028596140503551,nan,nan,nan,149.79256749284804,0.22287644326968348,0.0029516724229135156,8.68891271159582,0.0009226678210616512,0.00031781673660594796,52.13347626957493,0.00553600692637346,0.0003178167366059245,0.5200563549187378,0.0012687611503509055,0.0031363152739696957,0.030641813886177375,7.793610378794419e-05,0.003271843156466588,71.0,1.0,0.0189178714264393,71.0,1.0,0.0189178714264393,66.5,2.0,0.047413815427751124,2913.5,8.0,0.010409659904594259,2963.0,1.0,0.0006375323442017033,1.0169993660174006,0.0026131215976155087,0.01010069734763307,-1.0,0.0,-0.0,-1.0,0.0,-0.0
amd,AMD Threadripper 3970X,cpu,axpy_amd_20260725_215406,axpy_amd_20260725_215406_session2,2,256000000,64,10,10,0,0,0,-1,17.0,0.05974074038235294,8.232235294114432e-06,0.00022892224252646218,0.05974074038235294,8.232235294114432e-06,0.00022892224252646218,9.286195147058823,0.003970676470587797,0.0005390563635877358,9.286195147058823,0.003970676470587797,0.0005390563635877358,nan,nan,nan,155.44416407722315,0.04494810432090901,0.0005898326860892401,8.570365869796694,0.0011810166596317728,0.00022891637100241042,51.42219521878017,0.007086099957792413,0.00022891637100243552,0.5548229118483523,0.00024863422486609554,0.0005814434791182737,0.03314544701210673,1.3472476164327202e-05,0.000700282060295414,71.5,1.5,0.02360657182218882,71.5,1.5,0.02360657182218882,68.0,2.0,0.0418078379425973,4023.5,4.0,0.1882151490272626,4139.5,2.5,0.0012328781439503078,1.0289583977981933,0.002746870011958169,0.257426557296073,-1.0,0.0,-0.0,-1.0,0.0,-0.0
amd,AMD Threadripper 3970X,cpu,axpy_amd_20260725_215406,axpy_amd_20260725_215406_session3,3,1000000,1,10,10,0,0,0,-1,11204.0,8.925244028918244e-05,1.288849964298412e-07,0.0022560416467069413,8.925244028918244e-05,1.288849964298412e-07,0.0022560416467069413,0.006929746072831132,2.312330417707925e-05,0.004810347696393321,0.006929746072831132,2.312330417707925e-05,0.004810347696393321,nan,nan,nan,77.6455525002834,0.0637143947427603,0.004036289637618967,22.40835139741101,0.03233686176228723,0.002256747290356223,134.45010838446606,0.1940211705737056,0.002256747290356252,6.183515668234102e-07,3.760361868384809e-09,0.006339500897845821,5.517647327956001e-11,4.684943055205705e-13,0.008211665779160991,72.0,0.5,0.023359391764863374,72.0,0.5,0.023359391764863374,69.0,0.0,0.0060930205398234665,1882.5,14.5,0.014131529736140947,1823.0,3.5,0.009782572736075692,0.9732763228220203,0.007661327396890072,0.013956787370898989,-1.0,0.0,-0.0,-1.0,0.0,-0.0
amd,AMD Threadripper 3970X,cpu,axpy_amd_20260725_215406,axpy_amd_20260725_215406_session3,3,1000000,2,10,10,0,0,0,-1,20087.0,4.968583213023348e-05,8.469731667247408e-08,0.0031710834778307744,4.968583213023348e-05,8.469731667247408e-08,0.0031710834778307744,0.004684630606860158,6.842435405983796e-06,0.0036226219907727945,0.004684630606860158,6.842435405983796e-06,0.0036226219907727945,nan,nan,nan,94.17913372825709,0.2472377320260577,0.0032610180975284294,40.25292971170997,0.06862100091395007,0.003166247496635743,241.51757827025978,0.41172600548371463,0.0031662474966357426,2.32690053842388e-07,4.272186617350183e-10,0.005980307435100631,1.1560997828033003e-11,2.263206881940043e-14,0.008868478889098665,73.5,0.5,0.02657499862841553,73.5,0.5,0.02657499862841553,72.0,1.0,0.015724271806026226,1871.0,2.0,0.015377990035961873,1832.0,0.5,0.008942318618406438,0.979673708094065,0.015516030013898674,0.01767463247052892,-1.0,0.0,-0.0,-1.0,0.0,-0.0
amd,AMD Threadripper 3970X,cpu,axpy_amd_20260725_215406,axpy_amd_20260725_215406_session3,3,1000000,4,10,10,0,0,0,-1,36165.0,2.797330181114337e-05,1.80498327111853e-07,0.00906244718345322,2.797330181114337e-05,1.80498327111853e-07,0.00906244718345322,0.003361047767178211,2.4748430803262856e-05,0.0073159368402327,0.003361047767178211,2.4748430803262856e-05,0.0073159368402327,nan,nan,nan,120.48067587657766,0.21363899726965485,0.002386671663884684,71.4968149639723,0.4578512083855628,0.009077615549178212,428.98088978383373,2.7471072503133485,0.009077615549178226,9.40197378500672e-08,1.3143276921150311e-09,0.016283413765507005,2.6300488670676415e-12,5.398892304708498e-14,0.02529203913636717,68.0,0.5,0.024002116686547073,68.0,1.0,0.02597058985277627,68.0,0.0,0.007135094409743692,1984.0,27.5,0.015439006139789442,1948.5,38.0,0.017000520140957143,0.9830349127182045,0.020784911735961198,0.027178391850451063,-1.0,0.0,-0.0,-1.0,0.0,-0.0
amd,AMD Threadripper 3970X,cpu,axpy_amd_20260725_215406,axpy_amd_20260725_215406_session3,3,1000000,8,10,10,0,0,0,-1,52750.0,1.9338647402843605e-05,1.020942464454986e-07,0.010080465717888978,1.9338647402843605e-05,1.020942464454986e-07,0.010080465717888978,0.0028922030710900474,9.951545023696544e-06,0.007039213713219611,0.0028922030710900474,9.951545023696544e-06,0.007039213713219611,nan,nan,nan,149.76969667428173,0.49100209930161043,0.0038467013420056934,103.41986414885638,0.545319903170828,0.009951581275312293,620.5191848931382,3.2719194190249823,0.009951581275312305,5.5923378717509856e-08,4.909461149828732e-10,0.017052567171725527,1.0814819216512456e-12,1.5212138097878427e-14,0.02732426930075541,65.5,0.5,0.021923414139469653,65.0,0.0,0.022586545227270605,65.0,0.0,0.007397333714236569,2183.0,48.5,0.036551204194472824,2135.0,40.0,0.035576440776217924,0.9830731982995857,0.0324571992492797,0.041565151579143506,-1.0,0.0,-0.0,-1.0,0.0,-0.0
amd,AMD Threadripper 3970X,cpu,axpy_amd_20260725_215406,axpy_amd_20260725_215406_session3,3,1000000,10,10,0,10,0,0,-1,92879.0,2.365649541338731e-05,6.317110272505114e-07,0.030316375693066982,2.365649541338731e-05,6.317110272505114e-07,0.030316375693066982,0.0033009508984808192,5.176071555464622e-05,0.019438897413265085,0.0033009508984808192,5.176071555464622e-05,0.019438897413265085,nan,nan,nan,139.4036873641783,1.2562661405056588,0.012957121871825074,84.54995398273275,2.266413709530646,0.030452814537791306,507.2997238963965,13.598482257183889,0.030452814537791244,7.808986928499904e-08,3.274776908618942e-09,0.049239733539741926,1.8474985680095265e-12,1.263927425080809e-13,0.07923787161832907,62.0,0.0,0.022447834323382463,62.0,0.0,0.020456024446866755,62.0,0.0,0.015227661284919964,2182.0,21.0,0.012713361049147151,2136.0,0.0,0.009188883979775977,0.9843320062715297,0.008788576461664865,0.015218853947639015,-1.0,0.0,-0.0,-1.0,0.0,-0.0
amd,AMD Threadripper 3970X,cpu,axpy_amd_20260725_215406,axpy_amd_20260725_215406_session3,3,1000000,16,10,10,0,0,0,-1,49028.0,2.0409625285551114e-05,6.392301338011099e-08,0.005141430378463524,2.0409625285551114e-05,6.392301338011099e-08,0.005141430378463524,0.003245023343803541,9.396987435751061e-06,0.004402422590277494,0.003245023343803541,9.396987435751061e-06,0.004402422590277494,nan,nan,nan,159.12746685979334,0.2787393959275164,0.0026240562249381003,97.99322334806376,0.30763897909933746,0.005161084357266967,587.9593400883825,1.84583387459611,0.0051610843572669155,6.635353524896954e-08,3.3314570434817964e-10,0.00918820647015384,1.3542514097092903e-12,1.0845534947271807e-14,0.014191860178477782,65.0,0.0,0.025752623806024166,65.0,0.0,0.025752623806024166,65.0,0.0,0.01477204561283327,2492.5,28.0,0.020188527862916406,2465.0,19.0,0.019656594688409128,0.9797571256201424,0.01413973519806444,0.025277289955159946,-1.0,0.0,-0.0,-1.0,0.0,-0.0
amd,AMD Threadripper 3970X,cpu,axpy_amd_20260725_215406,axpy_amd_20260725_215406_session3,3,1000000,20,10,10,0,0,0,-1,48853.0,2.0618231183345957e-05,5.541161238818643e-08,0.005360962534276377,2.0618231183345957e-05,5.541161238818643e-08,0.005360962534276377,0.0033261368697930526,1.0319519783841356e-05,0.00474723442428813,0.0033261368697930526,1.0319519783841356e-05,0.00474723442428813,nan,nan,nan,161.79381807597304,0.3027908426148258,0.0024534683574234904,97.00154248511865,0.2614981798007534,0.005377611648098057,582.009254910712,1.5689890788045204,0.005377611648098049,6.861618393230281e-08,4.587991426476571e-10,0.009811963942651806,1.4155102682014361e-12,1.3249534852074604e-14,0.015056549369116,63.5,0.5,0.015238040742575645,63.0,1.0,0.018973359742279948,62.0,1.0,0.015227661284919964,2619.5,33.0,0.015370878318734182,2593.5,25.5,0.015505212193226656,0.9860663488717873,0.013638136079032026,0.018313221852543696,-1.0,0.0,-0.0,-1.0,0.0,-0.0
amd,AMD Threadripper 3970X,cpu,axpy_amd_20260725_215406,axpy_amd_20260725_215406_session3,3,1000000,32,10,10,0,0,0,-1,36623.0,2.740721751358436e-05,7.642183873521998e-08,0.0032567307654462804,2.740721751358436e-05,7.642183873521998e-08,0.0032567307654462804,0.004699128839800126,1.0062296917237677e-05,0.0024385727815957408,0.004699128839800126,1.0062296917237677e-05,0.0024385727815957408,nan,nan,nan,171.53656502877826,0.09964078610039451,0.0009451392932723558,72.97348400125455,0.20363423329712305,0.003254499353599524,437.84090400752734,1.2218053997827099,0.0032544993535995642,1.2879005908976623e-07,6.591484528037631e-10,0.005677514584688621,3.5297777778466297e-12,2.7900549109352487e-14,0.008933027054316551,62.0,1.0,0.02198529503943169,62.0,1.0,0.02198529503943169,60.0,0.0,0.011193176744785288,3025.0,2.0,0.0076461762371771835,2989.0,19.5,0.009196932430341065,0.9993392252280696,0.0006607747719303836,0.011636945663121796,-1.0,0.0,-0.0,-1.0,0.0,-0.0
amd,AMD Threadripper 3970X,cpu,axpy_amd_20260725_215406,axpy_amd_20260725_215406_session3,3,1000000,64,10,10,0,0,0,-1,17717.0,5.737699102556867e-05,1.3529412428739962e-07,0.00453314974684461,5.737699102556867e-05,1.3529412428739962e-07,0.00453314974684461,0.009166136930631598,3.036527064401596e-05,0.005407956038606802,0.009166136930631598,3.036527064401596e-05,0.005407956038606802,nan,nan,nan,160.06021786641963,0.28856027295512376,0.0029784836871330775,34.85720262998568,0.0820238093960235,0.004515868047884088,209.14321577991404,0.49214285637609123,0.004515868047884055,5.258883711963772e-07,3.964938953511033e-09,0.009541764410859516,3.0173856861983436e-11,3.0240524822603585e-13,0.013955256923935684,61.5,1.5,0.04607662105309364,61.5,1.5,0.04607662105309364,59.5,1.0,0.0437223728889844,4156.0,13.5,0.023886944165014377,4146.5,3.0,0.0024019092464186106,0.9980774417202618,0.005267204424548144,0.02465833749266264,-1.0,0.0,-0.0,-1.0,0.0,-0.0
amd,AMD Threadripper 3970X,cpu,axpy_amd_20260725_215406,axpy_amd_20260725_215406_session3,3,2000000,1,10,10,0,0,0,-1,2616.0,0.0004390345777905199,3.464940558103982e-06,0.01616851202977456,0.0004390345777905199,3.464940558103982e-06,0.01616851202977456,0.03187320967125382,0.0002548367737003031,0.015833163875089856,0.03187320967125382,0.0002548367737003031,0.015833163875089856,nan,nan,nan,72.56099435320729,0.01799549469032513,0.0005551205554937025,9.110909908420787,0.07247424764934252,0.01601612645117573,54.66545945052472,0.4348454858960551,0.016016126451175727,1.3993466476022096e-05,2.214553372549387e-07,0.032145594270183285,6.1436336531562815e-09,1.449553481690821e-10,0.04861138654037759,68.0,0.0,0.009328252684862476,68.0,0.0,0.009328252684862476,61.0,2.0,0.04353587580478107,1867.5,20.0,0.022179931664867467,1794.0,0.5,0.00876878494335943,0.9629632404124966,0.014640642111598712,0.025217309175102707,-1.0,0.0,-0.0,-1.0,0.0,-0.0
amd,AMD Threadripper 3970X,cpu,axpy_amd_20260725_215406,axpy_amd_20260725_215406_session3,3,2000000,2,10,10,0,0,0,-1,11257.0,8.877203175801723e-05,3.513549347072936e-07,0.00841160086834033,8.877203175801723e-05,3.513549347072936e-07,0.00841160086834033,0.00860578440081727,2.3998445411743848e-05,0.006892203247511647,0.00860578440081727,2.3998445411743848e-05,0.006892203247511647,nan,nan,nan,96.6244795883201,0.27229078887474856,0.0036739669291514093,45.059239329276735,0.17835403576968645,0.008346015011614983,270.35543597566044,1.0701242146181187,0.00834601501161497,7.634557918750349e-07,5.959681834537401e-09,0.014985710511256498,6.773129252508561e-11,8.502105607087345e-13,0.02341060161613052,74.5,0.5,0.022662308949301265,74.5,0.5,0.022662308949301265,72.0,1.0,0.012177955991250529,1945.5,28.0,0.019144410693563322,1899.0,19.5,0.013754897207715918,0.9617070738775071,0.018690139159332153,0.027491061583637944,-1.0,0.0,-0.0,-1.0,0.0,-0.0
amd,AMD Threadripper 3970X,cpu,axpy_amd_20260725_215406,axpy_amd_20260725_215406_session3,3,2000000,4,10,10,0,0,0,-1,20264.0,4.963336327970785e-05,1.765865080931803e-07,0.005341338545362905,4.963336327970785e-05,1.765865080931803e-07,0.005341338545362905,0.006292498494867746,1.8112835570469835e-05,0.0040348959278511815,0.006292498494867746,1.8112835570469835e-05,0.0040348959278511815,nan,nan,nan,126.87308443109774,0.3796170369689307,0.003386590054682139,80.59095392257161,0.28571315984685697,0.0053216432591289935,483.54572353542966,1.7142789590811276,0.005321643259128926,3.121274136151193e-07,1.996870760204281e-09,0.008857320932834067,1.5496131184693896e-11,1.5093961857002414e-13,0.014093453453706781,71.5,1.0,0.026206720940621927,71.5,1.0,0.026206720940621927,70.0,0.0,0.004524002375062059,1986.5,36.0,0.016575728437076102,1947.0,5.0,0.016536408701164133,0.9823551831983302,0.0212950453541364,0.027289077368492624,-1.0,0.0,-0.0,-1.0,0.0,-0.0
amd,AMD Threadripper 3970X,cpu,axpy_amd_20260725_215406,axpy_amd_20260725_215406_session3,3,2000000,8,10,10,0,0,0,-1,32902.0,3.06275141480761e-05,1.1303101635159012e-07,0.0076293508487246245,3.06275141480761e-05,1.1303101635159012e-07,0.0076293508487246245,0.005214428910096651,1.4706127287095541e-05,0.005527786383820268,0.005214428910096651,1.4706127287095541e-05,0.005527786383820268,nan,nan,nan,170.16387880559097,0.28862597562482506,0.0025074579736625263,130.60165059091372,0.4820749467857155,0.007564333537104538,783.6099035454823,2.8924496807143214,0.00756433353710458,1.5960978917370392e-07,8.83008158163972e-10,0.013126938626869375,4.887835188034635e-12,4.508950201043933e-14,0.020847083963930632,72.5,1.5,0.02531505739594164,72.5,1.5,0.02531505739594164,70.5,0.5,0.009931901971308253,2186.0,35.0,0.024514029031571592,2149.5,23.5,0.019157617453466943,0.9814589037211521,0.016335849071660413,0.02317518446641469,-1.0,0.0,-0.0,-1.0,0.0,-0.0
amd,AMD Threadripper 3970X,cpu,axpy_amd_20260725_215406,axpy_amd_20260725_215406_session3,3,2000000,10,10,10,0,0,0,-1,36918.0,2.751012977409394e-05,1.4840354298715725e-07,0.00761271351581152,2.751012977409394e-05,1.4840354298715725e-07,0.00761271351581152,0.005077393764559294,8.877349802264862e-06,0.004278186502189982,0.005077393764559294,8.877349802264862e-06,0.004278186502189982,nan,nan,nan,184.43741276445664,0.33652987281914193,0.0038096502471867107,145.40100119664004,0.7801574279691152,0.007672072180798686,872.4060071798403,4.68094456781472,0.007672072180798683,1.3960601512663898e-07,9.658077237119231e-10,0.011724087851742237,3.839965024280642e-12,4.864446298562594e-14,0.019217393976369818,71.5,0.5,0.020154905071195325,71.5,0.5,0.020154905071195325,70.0,0.0,0.006006225375438517,2220.5,43.0,0.024219647728321397,2221.5,48.5,0.02435601364329137,0.9852046539208962,0.024461906502863895,0.03151582805515347,-1.0,0.0,-0.0,-1.0,0.0,-0.0
amd,AMD Threadripper 3970X,cpu,axpy_amd_20260725_215406,axpy_amd_20260725_215406_session3,3,2000000,16,10,10,0,0,0,-1,40341.0,2.5097321509134627e-05,6.235670905530279e-08,0.005273011130034912,2.5097321509134627e-05,6.235670905530279e-08,0.005273011130034912,0.0051208432735926224,1.1074638705039185e-05,0.003589530650159414,0.0051208432735926224,1.1074638705039185e-05,0.003589530650159414,nan,nan,nan,203.90267869445285,0.3623598672232049,0.002386524004787203,159.37973815062142,0.39685285906762147,0.005288516918436115,956.2784289037286,2.381117154405729,0.005288516918436076,1.2854868187636348e-07,6.172709602275963e-10,0.00868521449254576,3.22622957815961e-12,2.3496404823581556e-14,0.013887423080605265,71.0,1.0,0.022164373924645278,70.5,1.0,0.025232789004686035,70.0,1.0,0.015743990480895732,2520.0,14.5,0.015117801740878126,2493.0,1.0,0.01412015671870898,0.9894820790563148,0.005547652428895988,0.021576729343064618,-1.0,0.0,-0.0,-1.0,0.0,-0.0
amd,AMD Threadripper 3970X,cpu,axpy_amd_20260725_215406,axpy_amd_20260725_215406_session3,3,2000000,20,10,10,0,0,0,-1,39009.0,2.588427873054936e-05,1.484005870440176e-07,0.006995622731572241,2.588427873054936e-05,1.484005870440176e-07,0.006995622731572241,0.005324588287318311,1.5329193263093153e-05,0.004773228554435788,0.005324588287318311,1.5329193263093153e-05,0.004773228554435788,nan,nan,nan,205.59745416359192,0.6728403279622768,0.003623635118819594,154.53399520074345,0.8910497295302235,0.006984843316749436,927.2039712044608,5.346298377181142,0.006984843316749406,1.3804336839086984e-07,1.207565034444744e-09,0.011425479587081155,3.573149604051387e-12,5.1559958718651885e-14,0.01835334749270391,69.0,1.5,0.02748998636431886,67.5,2.5,0.03703097136111165,69.0,1.0,0.030124547314809104,2635.5,26.5,0.02340795175364378,2604.5,30.0,0.010582856371211334,0.985369614193185,0.01150124477388792,0.021762752150237322,-1.0,0.0,-0.0,-1.0,0.0,-0.0
amd,AMD Threadripper 3970X,cpu,axpy_amd_20260725_215406,axpy_amd_20260725_215406_session3,3,2000000,32,10,10,0,0,0,-1,31703.0,3.226453245749613e-05,9.858513389899711e-08,0.004868918347642578,3.226453245749613e-05,9.858513389899711e-08,0.004868918347642578,0.006484586474466139,2.625428192915523e-05,0.004634356845626875,0.006484586474466139,2.625428192915523e-05,0.004634356845626875,nan,nan,nan,200.54542188310091,0.19911445287338836,0.001629341230728825,123.97529518011098,0.3798248453536317,0.004853039283896754,743.8517710806659,2.2789490721217476,0.004853039283896773,2.0923133886513675e-07,1.6516738488498715e-09,0.009372938248572564,6.75076024996712e-12,7.573611150516871e-14,0.014221240420201202,63.0,1.0,0.02415029994857361,63.0,1.0,0.02415029994857361,61.5,0.5,0.02151243753609096,3056.5,27.0,0.012979929823151479,3010.5,45.5,0.01881941890306135,0.9965394813789283,0.0047499090478133055,0.024515146784771843,-1.0,0.0,-0.0,-1.0,0.0,-0.0
amd,AMD Threadripper 3970X,cpu,axpy_amd_20260725_215406,axpy_amd_20260725_215406_session3,3,2000000,64,10,10,0,0,0,-1,17075.0,5.9749169194729136e-05,1.0948155197657654e-07,0.004012066796105209,5.9749169194729136e-05,1.0948155197657654e-07,0.004012066796105209,0.010792431537335286,2.8534904831625622e-05,0.0035116954507043788,0.010792431537335286,2.8534904831625622e-05,0.0035116954507043788,nan,nan,nan,180.62169077988904,0.24024589258694107,0.0022441047778600292,66.94659867667693,0.12271231466706922,0.004025771749900942,401.6795920600616,0.7362738880023869,0.004025771749900904,6.45722745657354e-07,2.3790678266731364e-09,0.007189088218268792,3.8597340057044996e-11,1.8039762636097278e-13,0.011079709538609915,60.5,1.5,0.032229253655737984,60.5,2.5,0.037824974365483204,59.0,0.0,0.009637456913370913,4144.5,5.0,0.0025391624447792735,4145.5,9.5,0.003911184205701333,0.9995179851727953,0.0021681144040232025,0.003386016241045535,-1.0,0.0,-0.0,-1.0,0.0,-0.0
amd,AMD Threadripper 3970X,cpu,axpy_amd_20260725_215406,axpy_amd_20260725_215406_session3,3,4000000,1,10,10,0,0,0,-1,638.0,0.0016302029310344827,1.56379780564262e-06,0.0009395171235396218,0.0016302029310344827,1.56379780564262e-06,0.0009395171235396218,0.11803672570532917,0.0003773605015673989,0.0047254441633079805,0.11803672570532917,0.0003773605015673989,0.0047254441633079805,nan,nan,nan,72.41405574850688,0.20703745664106776,0.004177085500094053,4.907364522489314,0.004708058926656822,0.000939632484656508,29.44418713493588,0.028248353559940043,0.000939632484656495,0.00019240313014498757,6.805674607835766e-07,0.005383308706039685,3.136544537567763e-07,1.3026662099796806e-09,0.006115384675981929,69.0,0.0,0.019482106485937553,69.0,0.0,0.019482106485937553,64.5,1.5,0.040197284718615105,1872.0,13.0,0.012304504661629414,1794.0,0.0,0.004752128726250695,0.9583333333333334,0.0032198397026627634,0.01093354817464611,-1.0,0.0,-0.0,-1.0,0.0,-0.0
amd,AMD Threadripper 3970X,cpu,axpy_amd_20260725_215406,axpy_amd_20260725_215406_session3,3,4000000,2,10,10,0,0,0,-1,2145.0,0.000501312513986014,1.6490790209789936e-06,0.006065688143964586,0.000501312513986014,1.6490790209789936e-06,0.006065688143964586,0.04218791118881119,0.00013888671328671567,0.006429635845133386,0.04218791118881119,0.00013888671328671567,0.006429635845133386,nan,nan,nan,84.1193930117613,0.06842351900677812,0.0011543763214611588,15.958111513948941,0.05267314425512204,0.006050238654419957,95.74866908369364,0.3160388655307287,0.006050238654419918,2.113564118449397e-05,1.2466512219601545e-07,0.012465610374389516,1.0590184331149662e-08,9.715004515818083e-11,0.018548925059239968,69.0,0.5,0.02064245258241887,69.0,0.5,0.02064245258241887,65.0,2.5,0.0577235393964166,1910.5,39.5,0.028661899481452934,1853.5,19.5,0.013802003406773183,0.9603611222982951,0.01985054161524752,0.02824800642329382,-1.0,0.0,-0.0,-1.0,0.0,-0.0
amd,AMD Threadripper 3970X,cpu,axpy_amd_20260725_215406,axpy_amd_20260725_215406_session3,3,4000000,4,10,10,0,0,0,-1,10344.0,9.690732690448569e-05,2.1668716163959404e-07,0.012117350592792306,9.690732690448569e-05,2.1668716163959404e-07,0.012117350592792306,0.012706291279969063,6.802450696055846e-05,0.009210181064689994,0.012706291279969063,6.802450696055846e-05,0.009210181064689994,nan,nan,nan,130.83324966747847,0.36033073974847696,0.0070675658165200396,82.55310319714715,0.18500630667708862,0.011790643741462362,495.3186191828829,1.1100378400625743,0.011790643741462296,1.23151844860585e-06,1.0073744795095388e-08,0.02047214738926544,1.193611959091433e-10,1.2380508199777168e-12,0.03282780590347788,74.0,0.0,0.011816397243871972,74.0,0.0,0.011816397243871972,71.5,0.5,0.00737127659712909,1994.5,26.5,0.022172414704036594,1947.0,8.0,0.01630780529348947,0.9764227642276422,0.017395193081361282,0.025670942931009293,-1.0,0.0,-0.0,-1.0,0.0,-0.0
amd,AMD Threadripper 3970X,cpu,axpy_amd_20260725_215406,axpy_amd_20260725_215406_session3,3,4000000,8,10,10,0,0,0,-1,19133.0,5.3305422228610255e-05,3.391922333141647e-07,0.007638078172899568,5.3305422228610255e-05,3.391922333141647e-07,0.007638078172899568,0.009760276537918779,2.6511158730989186e-05,0.0045375954715555665,0.009760276537918779,2.6511158730989186e-05,0.0045375954715555665,nan,nan,nan,183.02054557878245,0.5546764214029309,0.004173440148768605,150.07924894368279,0.9496255926980552,0.007634302701621203,900.4754936620966,5.697753556188104,0.00763430270162115,5.208170736032259e-07,4.3922811362859245e-09,0.01185952710156345,2.7762590386994212e-11,3.852902292334078e-13,0.0194361302610814,76.0,0.0,0.010789942363677125,76.0,0.0,0.010789942363677125,74.0,0.0,0.00568243964091353,2162.0,39.0,0.019065118418470042,2122.0,30.5,0.021721533037251203,0.9789393898378496,0.0105253501011624,0.02415528975881486,-1.0,0.0,-0.0,-1.0,0.0,-0.0
amd,AMD Threadripper 3970X,cpu,axpy_amd_20260725_215406,axpy_amd_20260725_215406_session3,3,4000000,10,10,10,0,0,0,-1,22170.0,4.60051696211096e-05,1.8021127649977593e-07,0.0067724936027012805,4.60051696211096e-05,1.8021127649977593e-07,0.0067724936027012805,0.009306915764546685,1.6525687866486734e-05,0.002360415723612939,0.009306915764546685,1.6525687866486734e-05,0.002360415723612939,nan,nan,nan,202.41358937632515,0.43171686935897924,0.004696884880722002,173.89353824885364,0.680985503754215,0.006799215291720737,1043.3612294931218,4.08591302252546,0.00679921529172079,4.2799610253183115e-07,2.412342202240424e-09,0.008994793693010586,1.9690049862203354e-11,1.9260347594561546e-13,0.015715693410624648,73.0,1.0,0.01679334145226391,72.5,0.5,0.019878431750602797,72.5,0.5,0.01138689629804377,2232.0,22.5,0.015204917045805207,2197.5,16.5,0.018913168231097413,0.9851684644285541,0.018016231263318916,0.02865521972122121,-1.0,0.0,-0.0,-1.0,0.0,-0.0
amd,AMD Threadripper 3970X,cpu,axpy_amd_20260725_215406,axpy_amd_20260725_215406_session3,3,4000000,16,10,10,0,0,0,-1,27722.0,3.7115026224659115e-05,7.791290310944305e-08,0.0043813191280619185,3.7115026224659115e-05,7.791290310944305e-08,0.0043813191280619185,0.008933689704927493,1.2637598297383229e-05,0.0021841334602597283,0.008933689704927493,1.2637598297383229e-05,0.0021841334602597283,nan,nan,nan,240.80346035553714,0.3311477920437653,0.002654277791389857,215.54615144652496,0.45276257894596483,0.004355638700765174,1293.2769086791498,2.716575473675789,0.004355638700765234,3.315141902413503e-07,6.017639500651961e-10,0.006401420131861389,1.2302660241107025e-11,4.074240776251597e-14,0.010786677681851002,80.0,1.0,0.026015001485860063,80.0,1.0,0.026015001485860063,77.5,1.5,0.019765031475421465,2473.0,32.0,0.019518425880541142,2446.0,33.0,0.01722647414863288,0.9935033785842401,0.013558939180935481,0.026460591656607392,-1.0,0.0,-0.0,-1.0,0.0,-0.0
amd,AMD Threadripper 3970X,cpu,axpy_amd_20260725_215406,axpy_amd_20260725_215406_session3,3,4000000,20,10,10,0,0,0,-1,28448.0,3.576132443405512e-05,2.1900906917885155e-07,0.006314496906625553,3.576132443405512e-05,2.1900906917885155e-07,0.006314496906625553,0.009033026170556804,3.4192140044995295e-05,0.00410852788135226,0.009033026170556804,3.4192140044995295e-05,0.00410852788135226,nan,nan,nan,252.56578176937708,0.3363919559645723,0.002400941370856955,223.7055621286786,1.3705804741462657,0.006327087163340469,1342.2333727720716,8.223482844877594,0.006327087163340509,3.23032758228819e-07,3.2746830495610056e-09,0.010376310969897409,1.1552081763501702e-11,1.8782408218481066e-13,0.016662545688652587,81.0,1.0,0.028911029329489343,81.0,1.0,0.028911029329489343,79.5,1.0,0.01956052195054251,2634.0,47.5,0.034689139253218905,2585.5,38.5,0.026793291508735207,0.9948226717824717,0.024225178414745363,0.05797733746113211,-1.0,0.0,-0.0,-1.0,0.0,-0.0
amd,AMD Threadripper 3970X,cpu,axpy_amd_20260725_215406,axpy_amd_20260725_215406_session3,3,4000000,32,10,10,0,0,0,-1,26020.0,3.8763367736356646e-05,7.301008839354436e-08,0.0024968312174035267,3.8763367736356646e-05,7.301008839354436e-08,0.0024968312174035267,0.009785984800153729,1.4294561875480803e-05,0.0030257097744063968,0.009785984800153729,1.4294561875480803e-05,0.0030257097744063968,nan,nan,nan,252.19984257739225,0.3203133784921448,0.0017911863297665252,206.3804666845868,0.3885413612423605,0.0025004070676872916,1238.2828001075209,2.3312481674541914,0.0025004070676872985,3.7935226857759387e-07,1.0351414704668392e-09,0.0052456598014354126,1.4704804537695757e-11,6.468283376579501e-14,0.007631580711748224,69.5,1.5,0.029283113117012212,69.5,1.5,0.029283113117012212,66.0,1.0,0.026197532165361324,3048.5,40.5,0.015652293925473033,2983.5,30.0,0.01644859693753993,0.9901669498308036,0.005714367063926196,0.02001773155372923,-1.0,0.0,-0.0,-1.0,0.0,-0.0
amd,AMD Threadripper 3970X,cpu,axpy_amd_20260725_215406,axpy_amd_20260725_215406_session3,3,4000000,64,10,10,0,0,0,-1,15635.0,6.470285570834666e-05,1.497181004157344e-07,0.0037339605056363593,6.470285570834666e-05,1.497181004157344e-07,0.0037339605056363593,0.014315335689158937,1.1163671250401415e-05,0.0030843595717056247,0.014315335689158937,1.1163671250401415e-05,0.0030843595717056247,nan,nan,nan,221.05041377365004,0.2417605602970383,0.0019547196387702855,123.64216158084105,0.28594262313590946,0.0037289291940311984,741.8529694850463,1.7156557388154283,0.003728929194031229,9.260441955369689e-07,2.528881818864735e-09,0.006559439190349781,5.991771481373385e-11,2.8791673127362047e-13,0.010221280554965868,69.5,1.5,0.039594847011590606,69.5,1.5,0.039594847011590606,65.0,0.5,0.014181120115319159,4115.5,10.0,0.020670597490742248,4102.0,14.5,0.005411825226472518,0.9969525293525447,0.005087241090909134,0.022575544949431234,-1.0,0.0,-0.0,-1.0,0.0,-0.0
amd,AMD Threadripper 3970X,cpu,axpy_amd_20260725_215406,axpy_amd_20260725_215406_session3,3,8000000,1,10,10,0,0,0,-1,312.0,0.003212616625,1.8290416666667114e-06,0.0010744906402537712,0.003212616625,1.8290416666667114e-06,0.0010744906402537712,0.23949930128205127,0.0009315448717948649,0.0067972824412187586,0.23949930128205127,0.0009315448717948649,0.0067972824412187586,nan,nan,nan,74.50146601447724,0.2799832740157697,0.0067067622816528154,4.980364146538759,0.002835822279143585,0.0010738935325883927,29.882184879232554,0.017014933674865063,0.0010738935325884194,0.0007700414853265979,3.481475066329377e-06,0.007050701554431979,2.4780326166829233e-06,1.3877021419381003e-08,0.007450670574547568,72.0,1.5,0.026995147661320835,72.0,1.5,0.026995147661320835,67.5,3.5,0.06671237573385826,1793.0,1.0,0.015024130548471338,1794.0,0.0,0.015445596595044533,1.0005577244841048,0.0005583469444665479,0.009367309683250063,-1.0,0.0,-0.0,-1.0,0.0,-0.0
amd,AMD Threadripper 3970X,cpu,axpy_amd_20260725_215406,axpy_amd_20260725_215406_session3,3,8000000,2,10,10,0,0,0,-1,484.0,0.0021232570454545454,1.6910247933885417e-06,0.0016378961658843787,0.0021232570454545454,1.6910247933885417e-06,0.0016378961658843787,0.17014842148760329,0.00016260537190081192,0.0014844459536178438,0.17014842148760329,0.00016260537190081192,0.0014844459536178438,nan,nan,nan,80.1338628440212,0.048334043817099825,0.0009181443373380962,7.535593371312257,0.005997421124491975,0.0016347754876404113,45.21356022787354,0.03598452674696162,0.0016347754876403825,0.0003612984281531801,5.751693568444125e-07,0.002989712093169473,7.67123715234475e-07,1.6921656738139444e-09,0.004591100591050777,69.0,0.5,0.013279430397004067,69.0,0.5,0.013279430397004067,65.5,2.0,0.042905642386362845,1911.5,13.0,0.011645576285944032,1834.0,0.5,0.006891548784911135,0.9597174965898816,0.004137127651658523,0.011788481726948198,-1.0,0.0,-0.0,-1.0,0.0,-0.0
amd,AMD Threadripper 3970X,cpu,axpy_amd_20260725_215406,axpy_amd_20260725_215406_session3,3,8000000,4,10,10,0,0,0,-1,1741.0,0.0006456383655944859,6.336117174038283e-07,0.002691203961615239,0.0006456383655944859,6.336117174038283e-07,0.002691203961615239,0.0642960376220563,0.00014408788052842902,0.0030124770676339414,0.0642960376220563,0.00014408788052842902,0.0030124770676339414,nan,nan,nan,99.56159174367374,0.06088734880793112,0.001405865525586783,24.7816748000425,0.024295718346255768,0.0026919571494215637,148.690048800255,0.1457743100775417,0.002691957149421577,4.150925429916209e-05,1.6572953364037918e-07,0.005533145228555315,2.6798202068401703e-08,1.3516818446805105e-10,0.00816007296558214,68.0,1.0,0.02244306224970537,68.0,1.0,0.02244306224970537,63.5,3.0,0.059578148719168514,2025.5,37.0,0.026640991016385576,1933.0,20.0,0.026161299609953524,0.9645586590898219,0.035082637521844706,0.04187822925368619,-1.0,0.0,-0.0,-1.0,0.0,-0.0
amd,AMD Threadripper 3970X,cpu,axpy_amd_20260725_215406,axpy_amd_20260725_215406_session3,3,8000000,8,10,10,0,0,0,-1,9667.0,0.0001047839904830868,6.76979207613545e-07,0.00673926020693493,0.0001047839904830868,6.76979207613545e-07,0.00673926020693493,0.019429957380779975,6.379259335885165e-05,0.00470069764430754,0.019429957380779975,6.379259335885165e-05,0.00470069764430754,nan,nan,nan,185.43883642932536,0.29387199887921156,0.002800656615779234,152.6951171511334,0.9853084048960739,0.006736112013315798,916.1707029068004,5.9118504293765,0.00673611201331578,2.036030275119113e-06,2.0197486247857744e-08,0.011291495593279549,2.1334349802707223e-10,3.493871659317178e-12,0.018004585818503355,76.0,1.0,0.015193428136569098,76.0,1.0,0.015193428136569098,73.5,0.5,0.01255377846274155,2123.0,21.5,0.01924840187120196,2053.0,3.5,0.011643385322411588,0.9679571662479205,0.015848667400841177,0.02436455867737828,-1.0,0.0,-0.0,-1.0,0.0,-0.0
amd,AMD Threadripper 3970X,cpu,axpy_amd_20260725_215406,axpy_amd_20260725_215406_session3,3,8000000,10,10,10,0,0,0,-1,7220.0,0.00014029657229916898,4.720376731302047e-07,0.004585237891201294,0.00014029657229916898,4.720376731302047e-07,0.004585237891201294,0.02317833698060942,3.506066481994384e-05,0.0032714215071556908,0.02317833698060942,3.506066481994384e-05,0.0032714215071556908,nan,nan,nan,165.23649481155678,0.4136739503499456,0.002821686073618995,114.04415143552924,0.38363378434878115,0.004592744103621795,684.2649086131755,2.301802706092701,0.004592744103621797,3.250634445568111e-06,1.4573241408852489e-08,0.007446437441156033,4.5596040645563355e-10,3.515590366147755e-12,0.011916229410428712,73.0,1.5,0.023424190324520498,73.0,1.5,0.023424190324520498,67.5,2.5,0.0530027046401797,2204.5,6.0,0.006113302513058635,2169.0,3.0,0.009845375235940054,0.9848006686408866,0.006425737351855032,0.012018406990081927,-1.0,0.0,-0.0,-1.0,0.0,-0.0
amd,AMD Threadripper 3970X,cpu,axpy_amd_20260725_215406,axpy_amd_20260725_215406_session3,3,8000000,16,10,10,0,0,0,-1,16815.0,6.043274335414808e-05,3.6225688373476073e-07,0.006648605581848495,6.043274335414808e-05,3.6225688373476073e-07,0.006648605581848495,0.016354502586975912,2.473767469521153e-05,0.001899515308237303,0.016354502586975912,2.473767469521153e-05,0.001899515308237303,nan,nan,nan,270.3723874194884,1.2453946567599985,0.0050624081584794535,264.7592785044063,1.5911893569276003,0.006644704541145313,1588.5556710264377,9.547136141565488,0.006644704541145311,9.880199403615973e-07,7.776074084396967e-09,0.008363068469436625,5.968957193951217e-11,8.269932336951971e-13,0.014992290089057102,84.0,0.5,0.010965830351702644,84.0,0.5,0.010965830351702644,82.0,1.0,0.012141989328592834,2416.5,25.0,0.016811063658863378,2401.0,31.5,0.017696439984066135,0.9831719932069858,0.012301975478961558,0.02491861382947418,-1.0,0.0,-0.0,-1.0,0.0,-0.0
amd,AMD Threadripper 3970X,cpu,axpy_amd_20260725_215406,axpy_amd_20260725_215406_session3,3,8000000,20,10,10,0,0,0,-1,11108.0,9.035469283399351e-05,4.4814683111270466e-07,0.008206044275495155,9.035469283399351e-05,4.4814683111270466e-07,0.008206044275495155,0.020282677259632696,7.159646200936322e-05,0.004084216487579218,0.020282677259632696,7.159646200936322e-05,0.004084216487579218,nan,nan,nan,224.20723079417365,0.5995158936873253,0.00443780396421792,177.0799366704322,0.8826373688512206,0.008177217463258401,1062.4796200225933,5.295824213107153,0.008177217463258354,1.8326362260345176e-06,1.6346892736330624e-08,0.012181035532674718,1.655874213998684e-10,2.291127305410266e-12,0.0204002619461825,81.5,1.0,0.026344474383771792,81.5,1.0,0.026344474383771792,77.0,0.0,0.039833881086009854,2545.0,11.5,0.02099490265196769,2514.5,6.0,0.009686181260493008,0.9905925662321519,0.01098649996885781,0.022696071105431953,-1.0,0.0,-0.0,-1.0,0.0,-0.0
amd,AMD Threadripper 3970X,cpu,axpy_amd_20260725_215406,axpy_amd_20260725_215406_session3,3,8000000,32,10,10,0,0,0,-1,19602.0,5.195570005611673e-05,1.6312325272931002e-07,0.003433866589342292,5.195570005611673e-05,1.6312325272931002e-07,0.003433866589342292,0.013987632537496172,4.058136924803713e-05,0.0063863172597798164,0.013987632537496172,4.058136924803713e-05,0.0063863172597798164,nan,nan,nan,269.0385025768005,0.4517374546503561,0.004198599052653362,307.95483348261257,0.9640180774167959,0.003434684301652243,1847.7290008956752,5.784108464500605,0.0034346843016522443,7.267372843729148e-07,4.5578524927494785e-09,0.009352829028475923,3.7758167782823055e-11,3.814838721592525e-13,0.012557079280923575,72.0,1.0,0.024389833865485048,72.0,1.0,0.024389833865485048,68.5,1.5,0.02499519369408228,2923.0,35.0,0.029526639727612068,2836.5,31.5,0.024700173514572946,0.9870654928398958,0.02378287055546241,0.03436251617831479,-1.0,0.0,-0.0,-1.0,0.0,-0.0
amd,AMD Threadripper 3970X,cpu,axpy_amd_20260725_215406,axpy_amd_20260725_215406_session3,3,8000000,64,10,10,0,0,0,-1,13112.0,7.693338026235508e-05,4.7371911226358574e-08,0.0027098957908050884,7.693338026235508e-05,4.7371911226358574e-08,0.0027098957908050884,0.02058939562995729,1.0130300488103705e-05,0.0016707418316649696,0.02058939562995729,1.0130300488103705e-05,0.0016707418316649696,nan,nan,nan,267.63585454642714,0.13750094900572662,0.00121645611264882,207.9721435103576,0.1280116089581469,0.002724752079508605,1247.8328610621456,0.7680696537488529,0.002724752079508601,1.5844411434213162e-06,1.5085515094481808e-09,0.0043267587544640424,1.218979246986013e-10,1.9486838977977705e-13,0.007002086989830913,78.0,1.5,0.03454274925636346,78.0,1.5,0.03454274925636346,74.5,3.0,0.04440589092008771,4092.0,5.0,0.0030704480418413753,4003.5,26.0,0.006893583155964654,0.9817630847392638,0.006306646140671057,0.00725527881602619,-1.0,0.0,-0.0,-1.0,0.0,-0.0
amd,AMD Threadripper 3970X,cpu,axpy_amd_20260725_215406,axpy_amd_20260725_215406_session3,3,16000000,1,10,10,0,0,0,-1,152.0,0.006599194657894737,1.82062171052641e-06,0.0010187248133027673,0.006599194657894737,1.82062171052641e-06,0.0010187248133027673,0.4787331513157894,0.00032458552631572934,0.0013832817500043586,0.4787331513157894,0.00032458552631572934,0.0013832817500043586,nan,nan,nan,72.59176979692208,0.041139083022066814,0.0006892667870871347,4.849076540229858,0.001338011379771853,0.0010169961098081058,29.09445924137915,0.008028068278632006,0.0010169961098080813,0.003158625940404282,4.075126621476627e-06,0.002331371492198358,2.084438743166946e-05,3.767662602387129e-08,0.0033243336070523646,69.0,0.0,0.008214851117185916,69.0,0.0,0.008214851117185916,64.0,2.5,0.04862815309930691,1793.0,0.0,0.0,1794.0,0.0,0.008242213439882583,1.0005577244841048,0.0,0.008242213439882589,-1.0,0.0,-0.0,-1.0,0.0,-0.0
amd,AMD Threadripper 3970X,cpu,axpy_amd_20260725_215406,axpy_amd_20260725_215406_session3,3,16000000,2,10,10,0,0,0,-1,229.0,0.004376754982532751,1.9166222707429903e-06,0.0005906256922965965,0.004376754982532751,1.9166222707429903e-06,0.0005906256922965965,0.3491204628820961,0.00020521615720522912,0.0018700994592739753,0.3491204628820961,0.00020521615720522912,0.0018700994592739753,nan,nan,nan,79.74997931748544,0.028042781042742604,0.002104076049133408,7.311352930556454,0.0032032425140489096,0.0005905073247169357,43.86811758333872,0.019219455084300563,0.000590507324716962,0.0015289315638074505,1.5043210810243351e-06,0.001806889573828562,6.696037420499528e-06,8.142944289068103e-09,0.0019313957779695885,69.0,0.0,0.013983098069173382,69.0,0.0,0.013983098069173382,64.0,2.5,0.051702683384418364,1832.0,0.0,0.01674347932304908,1834.0,0.0,0.008063151666259238,1.0010917030567685,0.0005287845511472433,0.01780121800541285,-1.0,0.0,-0.0,-1.0,0.0,-0.0
amd,AMD Threadripper 3970X,cpu,axpy_amd_20260725_215406,axpy_amd_20260725_215406_session3,3,16000000,4,10,10,0,0,0,-1,294.0,0.0035435297414965986,9.503809523807479e-07,0.0003893022509859708,0.0035435297414965986,9.503809523807479e-07,0.0003893022509859708,0.3280951105442177,0.00014118877551019815,0.0031546974887373337,0.3280951105442177,0.00014118877551019815,0.0031546974887373337,nan,nan,nan,92.59283861386517,0.030751555271052666,0.0031740315502603446,9.030543984287052,0.0024219690568472174,0.00038937003105475425,54.183263905722306,0.014531814341083304,0.00038937003105471267,0.001162663262786849,7.710175985310274e-07,0.0031830770306212866,4.120727041104464e-06,4.7362194870167574e-09,0.003257899446818899,68.0,0.0,0.009273541525420467,68.0,0.0,0.009273541525420467,62.5,1.5,0.043528950400562746,1981.5,0.5,0.00993208630247922,1910.5,1.0,0.005244300046734591,0.9646733524486659,0.0024582948665650695,0.010805087412573494,-1.0,0.0,-0.0,-1.0,0.0,-0.0
amd,AMD Threadripper 3970X,cpu,axpy_amd_20260725_215406,axpy_amd_20260725_215406_session3,3,16000000,8,10,10,0,0,0,-1,1164.0,0.0010007831060996563,2.9475085910652017e-07,0.0005245150958971691,0.0010007831060996563,2.9475085910652017e-07,0.0005245150958971691,0.11275450945017182,8.739304123710906e-05,0.0013934420941067137,0.11275450945017182,8.739304123710906e-05,0.0013934420941067137,nan,nan,nan,112.69231935630489,0.04943907823433591,0.000984900356862012,31.9749603422749,0.009420162470652471,0.0005244997998367676,191.8497620536494,0.056520974823925485,0.0005244997998367603,0.00011285260197951011,1.2724372953925076e-07,0.001860916294419416,1.1295077990754901e-07,1.7001821597724173e-10,0.0023524587574854337,67.0,0.0,0.012232876706516562,67.0,0.0,0.012232876706516562,62.5,2.5,0.049330189089471746,2136.0,10.5,0.010298813994060326,2066.0,0.0,0.008029223162569094,0.9672286764149879,0.00881013435525968,0.016304087214341362,-1.0,0.0,-0.0,-1.0,0.0,-0.0
amd,AMD Threadripper 3970X,cpu,axpy_amd_20260725_215406,axpy_amd_20260725_215406_session3,3,16000000,10,10,0,10,0,0,-1,845.0,0.0014946413248520711,8.081177514791772e-07,0.0008483308121727207,0.0014946413248520711,8.081177514791772e-07,0.0008483308121727207,0.1715605100591716,0.00012159408284022344,0.0018548640860057274,0.1715605100591716,0.00012159408284022344,0.0018548640860057274,nan,nan,nan,114.77307394913578,0.0836062361098513,0.0016303423557784014,21.40981978157057,0.011579991866756956,0.0008479957589349284,128.4589186894234,0.06947995120054884,0.0008479957589349607,0.0002564165285897957,4.2661043370029075e-07,0.002379860292619169,3.8315663378078503e-07,8.123202871180339e-10,0.003054400599669079,66.5,0.5,0.025765131604351597,66.5,0.5,0.025765131604351597,62.5,1.5,0.051845925587262885,2208.0,20.0,0.012677564477788053,2137.0,2.5,0.006455624800490269,0.9700698228882834,0.015201703110341358,0.014672755317808211,-1.0,0.0,-0.0,-1.0,0.0,-0.0
amd,AMD Threadripper 3970X,cpu,axpy_amd_20260725_215406,axpy_amd_20260725_215406_session3,3,16000000,16,10,0,10,0,0,-1,1397.0,0.0010074912627057982,6.099667143880582e-07,0.0012478695046556699,0.0010074912627057982,6.099667143880582e-07,0.0012478695046556699,0.13628792913385826,0.00010282462419468341,0.0012916849781417071,0.13628792913385826,0.00010282462419468341,0.0012916849781417071,nan,nan,nan,135.22743781964743,0.05280287418661089,0.0006650539065163501,31.762066491305692,0.019224719724086015,0.0012492655937952392,190.5723989478342,0.11534831834451609,0.0012492655937952283,0.00013740309992801608,6.1443433180215e-08,0.0024496242833543687,1.3844991246854458e-07,1.409501258586586e-10,0.0036644899558197167,69.0,1.0,0.019482106485937553,69.0,1.0,0.019482106485937553,62.0,3.0,0.04840981689447466,2402.5,14.0,0.008004694305966271,2360.5,3.0,0.005945680521431908,0.9874398152335557,0.007609004284175325,0.010479737767199855,-1.0,0.0,-0.0,-1.0,0.0,-0.0
amd,AMD Threadripper 3970X,cpu,axpy_amd_20260725_215406,axpy_amd_20260725_215406_session3,3,16000000,20,10,0,10,0,0,-1,655.0,0.0019445800343511452,6.020137404579278e-07,0.0006450565178206219,0.0019445800343511452,6.020137404579278e-07,0.0006450565178206219,0.21679726488549617,0.0004282015267175754,0.0022425316152056745,0.21679726488549617,0.0004282015267175754,0.0022425316152056745,nan,nan,nan,111.49676836458465,0.24094437020670512,0.002708099654557552,16.455995534360824,0.0050941375948863055,0.0006446990975958666,98.73597320616494,0.030564825569292964,0.0006446990975958322,0.0004215463783772441,5.789462443531027e-07,0.0018844160366696813,8.198503516805952e-07,1.1189808389962509e-09,0.0017033525100342906,65.5,0.5,0.020577699930199783,65.5,0.5,0.020577699930199783,60.5,2.5,0.05247143032458509,2568.5,16.0,0.009468265343273524,2499.0,54.0,0.054891470422050746,0.9777459334225758,0.014277302466996489,0.05800123183460739,-1.0,0.0,-0.0,-1.0,0.0,-0.0
amd,AMD Threadripper 3970X,cpu,axpy_amd_20260725_215406,axpy_amd_20260725_215406_session3,3,16000000,32,10,0,10,0,0,-1,1919.0,0.0007027492272016675,4.439273058885252e-07,0.001433443616609256,0.0007027492272016675,4.439273058885252e-07,0.001433443616609256,0.12070666206357478,0.00022742287649817755,0.002411718088983547,0.12070666206357478,0.00022742287649817755,0.002411718088983547,nan,nan,nan,171.98964801270034,0.09347137060068178,0.0018011577445375656,45.53544684412099,0.02876692973536521,0.001431782315616578,273.2126810647259,0.17260157841221258,0.0014317823156166417,8.48105767534164e-05,1.7703511645864554e-07,0.0035375609817422738,5.9589548707113396e-08,1.729217764675975e-10,0.004832435576389119,64.0,1.0,0.0233780326928286,64.0,1.0,0.0233780326928286,59.5,2.5,0.04824129452538663,2989.0,14.0,0.005951153449495283,2961.5,5.5,0.004089360195517316,0.9910779773885292,0.0009726385061376019,0.005401040617675033,-1.0,0.0,-0.0,-1.0,0.0,-0.0
amd,AMD Threadripper 3970X,cpu,axpy_amd_20260725_215406,axpy_amd_20260725_215406_session3,3,16000000,64,10,0,10,0,0,-1,1485.0,0.0008625158222222222,8.624898989899386e-07,0.001435193038545863,0.0008625158222222222,8.624898989899386e-07,0.001435193038545863,0.14820333804713803,8.315858585858371e-05,0.0007469934242814421,0.14820333804713803,8.315858585858371e-05,0.0007469934242814421,nan,nan,nan,171.7519228310179,0.21811092321320302,0.0013985903182833152,37.10077746818671,0.037071122928246325,0.0014352066195107644,222.60466480912032,0.222426737569549,0.0014352066195107926,0.00012785149142286394,1.863713938004126e-07,0.0018107469079966239,1.1029260324497488e-07,2.632606569070491e-10,0.0031809348567215004,68.0,1.0,0.025050194990236013,68.0,1.0,0.025050194990236013,64.0,3.5,0.0627931225281342,4109.5,23.5,0.01708311253144155,4144.0,3.0,0.0017664273446466663,1.0049887529526904,0.002812442495470191,0.017992559112797266,-1.0,0.0,-0.0,-1.0,0.0,-0.0
amd,AMD Threadripper 3970X,cpu,axpy_amd_20260725_215406,axpy_amd_20260725_215406_session3,3,32000000,1,10,10,0,0,0,-1,77.0,0.01300566862987013,6.573487012987399e-06,0.0008416729224990922,0.01300566862987013,6.573487012987399e-06,0.0008416729224990922,0.9609959025974026,0.0007977727272727164,0.002631007816503012,0.9609959025974026,0.0007977727272727164,0.002631007816503012,nan,nan,nan,73.93501133762818,0.1182186279556845,0.0030108192181134263,4.92093115959291,0.002485815040409012,0.0008419521514073559,29.525586957557458,0.014914890242451406,0.0008419521514073587,0.012503409540496935,1.3291550730854494e-05,0.002489003153989787,0.0001626037095399775,1.34066163703811e-07,0.002623439467812013,69.0,0.5,0.012150922805642186,69.0,0.5,0.012150922805642186,64.5,2.0,0.042312700024145625,1823.0,2.5,0.008904205571300419,1794.0,0.0,0.009775424020584338,1.00055298504907,0.008774339680197751,0.012751385336281531,-1.0,0.0,-0.0,-1.0,0.0,-0.0
amd,AMD Threadripper 3970X,cpu,axpy_amd_20260725_215406,axpy_amd_20260725_215406_session3,3,32000000,2,10,10,0,0,0,-1,116.0,0.008671122797413795,4.0738749999980756e-06,0.0006926819896492847,0.008671122797413795,4.0738749999980756e-06,0.0006926819896492847,0.6988778275862069,0.0017777543103448812,0.004752389168808473,0.6988778275862069,0.0017777543103448812,0.004752389168808473,nan,nan,nan,80.60660426407225,0.16745470529053108,0.005017780070598671,7.38082043367206,0.003466070874995175,0.0006924087577065833,44.28492260203236,0.020796425249969275,0.0006924087577065736,0.006059433869003317,1.949204497190063e-05,0.004576704319496386,5.2536724083659134e-05,2.0438062667690884e-07,0.004501366135960036,70.0,1.0,0.015269427553595736,70.0,1.0,0.015269427553595736,66.5,2.5,0.043858880819636785,1832.0,0.0,0.0045042446647553525,1834.0,0.0,0.02106572972121651,1.0010917030567685,7.638395983833313e-06,0.021227237974262132,-1.0,0.0,-0.0,-1.0,0.0,-0.0
amd,AMD Threadripper 3970X,cpu,axpy_amd_20260725_215406,axpy_amd_20260725_215406_session3,3,32000000,4,10,10,0,0,0,-1,140.0,0.007199881460714286,1.3678964285719457e-06,0.0004692444547747511,0.007199881460714286,1.3678964285719457e-06,0.0004692444547747511,0.7190430607142857,0.0004910892857142857,0.0008139183746340238,0.7190430607142857,0.0004910892857142857,0.0008139183746340238,nan,nan,nan,99.89423269262099,0.03165870636320278,0.000766620447061812,8.889035334561086,0.001689045533822764,0.0004694973274287584,53.33421200736651,0.010134273202943689,0.0004694973274287477,0.005176155339547401,3.855933492262747e-06,0.0010850711553942525,3.726956184934653e-05,3.418542492314742e-08,0.001460049917591139,69.0,0.0,0.006970359185276305,69.0,0.0,0.006970359185276305,64.5,2.0,0.04658474953124562,1904.0,1.5,0.01804375674733405,1910.0,1.0,0.008523442427443805,1.002626050420168,0.01628151260504196,0.021759079901566836,-1.0,0.0,-0.0,-1.0,0.0,-0.0
amd,AMD Threadripper 3970X,cpu,axpy_amd_20260725_215406,axpy_amd_20260725_215406_session3,3,32000000,8,10,10,0,0,0,-1,148.0,0.0071179240810810805,3.0321013513513913e-06,0.00483020436399712,0.0071179240810810805,3.0321013513513913e-06,0.00483020436399712,0.7166648614864866,0.0013877567567567306,0.05772274408418052,0.7166648614864866,0.0013877567567567306,0.05772274408418052,nan,nan,nan,100.70502708728418,0.17004068375701564,0.05390609604166215,8.99138568006046,0.0038304105893569584,0.004773290050503028,53.94831408036277,0.022982463536148856,0.004773290050503042,0.005100970725235897,1.1141179395722338e-05,0.06181629898037405,3.6304047659982416e-05,7.476481510878662e-08,0.06615083039222894,70.0,1.0,0.016172256757764864,70.0,1.0,0.016172256757764864,66.5,2.5,0.046465555218515156,2128.5,20.0,0.05059973579837642,2062.5,1.5,0.05516813148944787,0.9694548872180451,0.008773866019203158,0.06868022953122009,-1.0,0.0,-0.0,-1.0,0.0,-0.0
amd,AMD Threadripper 3970X,cpu,axpy_amd_20260725_215406,axpy_amd_20260725_215406_session3,3,32000000,10,10,10,0,0,0,-1,158.0,0.006782842594936708,7.720063291134609e-07,0.00023079304093807785,0.006782842594936708,7.720063291134609e-07,0.00023079304093807785,0.6965059683544303,0.00045324999999996063,0.0017219766000317058,0.6965059683544303,0.00045324999999996063,0.0017219766000317058,nan,nan,nan,102.71042090557373,0.06219450734290177,0.0016224260030448902,9.435572049922566,0.0010739280559803888,0.0002308520115407073,56.613432299535404,0.006443568335885885,0.0002308520115407546,0.004723204953316493,2.8780287846998792e-06,0.0018451798448663192,3.203479633742371e-05,2.764084705214335e-08,0.0019876217492434825,69.5,1.5,0.02776643759450143,69.5,1.5,0.02776643759450143,65.5,3.5,0.06619632898002228,2203.5,4.0,0.007160083680992392,2149.5,10.5,0.011677205499366575,0.9800362976406534,0.00849986061685204,0.012684719216907621,-1.0,0.0,-0.0,-1.0,0.0,-0.0
amd,AMD Threadripper 3970X,cpu,axpy_amd_20260725_215406,axpy_amd_20260725_215406_session3,3,32000000,16,10,10,0,0,0,-1,150.0,0.00715191958,1.1360399999999458e-06,0.00020704003652544992,0.00715191958,1.1360399999999458e-06,0.00020704003652544992,0.8675226833333334,0.00029829333333331043,0.0005329634433801996,0.8675226833333334,0.00029829333333331043,0.0005329634433801996,nan,nan,nan,121.29947183118293,0.059376674911881366,0.0005483233951772077,8.948646533954529,0.001421422600434319,0.0002070611561406995,53.69187920372717,0.00852853560260769,0.00020706115614068355,0.006204747769392166,2.4061362712815212e-06,0.0005942745230093348,4.438195157499769e-05,1.1153315240565985e-08,0.0007127193124291532,68.0,1.0,0.025894873847374593,68.0,1.0,0.025894873847374593,64.0,2.5,0.05638394033302345,2427.5,37.5,0.02004068994320547,2366.0,2.5,0.006793680770731463,0.9822851141299589,0.006721188304871173,0.01920269376672639,-1.0,0.0,-0.0,-1.0,0.0,-0.0
amd,AMD Threadripper 3970X,cpu,axpy_amd_20260725_215406,axpy_amd_20260725_215406_session3,3,32000000,20,10,10,0,0,0,-1,141.0,0.00750206414893617,1.2160709219866637e-06,0.0002545702945572133,0.00750206414893617,1.2160709219866637e-06,0.0002545702945572133,0.8844554007092198,0.0008831808510637584,0.0015572948606433655,0.8844554007092198,0.0008831808510637584,0.0015572948606433655,nan,nan,nan,117.88530105977125,0.11399660596390504,0.0015214547133832559,8.530985436765224,0.0013828586587338876,0.0002545549180888837,51.18591262059135,0.008297151952401549,0.0002545549180889496,0.006635783713417984,6.405248792502784e-06,0.0016326731565211576,4.978614606941705e-05,5.5518248207110416e-08,0.0017424726920251639,67.5,1.5,0.02388388948179178,67.5,1.5,0.02388388948179178,60.5,2.5,0.04744523355962117,2576.5,14.5,0.013617726837829167,2521.5,4.5,0.009849274199040367,0.9784633294528522,0.011974609936950598,0.019890591882140044,-1.0,0.0,-0.0,-1.0,0.0,-0.0
amd,AMD Threadripper 3970X,cpu,axpy_amd_20260725_215406,axpy_amd_20260725_215406_session3,3,32000000,32,10,10,0,0,0,-1,156.0,0.007187033506410256,1.5398621794871468e-06,0.00024104759553702566,0.007187033506410256,1.5398621794871468e-06,0.00024104759553702566,1.0739424006410256,0.00035748397435897417,0.002424732882882313,1.0739424006410256,0.00035748397435897417,0.002424732882882313,nan,nan,nan,149.42383273512462,0.06899526762981623,0.002356415475513607,8.904925787451774,0.0019075122208764839,0.00024105465335207962,53.42955472471064,0.011445073325258903,0.0002410546533520787,0.007716602111046563,6.274657680003029e-06,0.0025144357855011747,5.544637893661877e-05,6.900766526038625e-08,0.002623329343795174,66.0,1.0,0.021989949538982454,66.0,1.0,0.021989949538982454,62.0,2.5,0.05587599619888431,2975.5,8.5,0.007897571042098022,2963.5,0.5,0.005523076789462925,0.9952947953374898,0.007612336910957085,0.01188301951099284,-1.0,0.0,-0.0,-1.0,0.0,-0.0
amd,AMD Threadripper 3970X,cpu,axpy_amd_20260725_215406,axpy_amd_20260725_215406_session3,3,32000000,64,10,10,0,0,0,-1,148.0,0.007377953013513513,3.704249999999642e-06,0.0032123458958685804,0.007377953013513513,3.704249999999642e-06,0.0032123458958685804,1.1556932905405406,0.002123543918919002,0.0037988008228031418,1.1556932905405406,0.002123543918919002,0.0037988008228031418,nan,nan,nan,156.56478584548245,0.27727440100613876,0.002803001399326028,8.674492863691475,0.004353160648468801,0.0031939662891561586,52.046957182148844,0.026118963890805702,0.003193966289156115,0.008528261077616835,1.623378088226428e-05,0.006478865462775294,6.289399737805784e-05,1.164159687991567e-07,0.009531683947722308,74.0,2.5,0.042523484514642336,74.0,2.5,0.042523484514642336,72.0,3.5,0.060156120748549834,4088.0,8.0,0.004534620409608446,4120.0,4.5,0.003188709037008352,1.0077389786546171,0.001963880093612369,0.004217462600494657,-1.0,0.0,-0.0,-1.0,0.0,-0.0
amd,AMD Threadripper 3970X,cpu,axpy_amd_20260725_215406,axpy_amd_20260725_215406_session3,3,64000000,1,10,10,0,0,0,-1,39.0,0.026127551961538462,1.8041487179487614e-05,0.0014140432523910753,0.026127551961538462,1.8041487179487614e-05,0.0014140432523910753,1.9038977307692306,0.005254217948717832,0.004169149615304832,1.9038977307692306,0.005254217948717832,0.004169149615304832,nan,nan,nan,72.88541594209522,0.15326620084537979,0.003147142309540913,4.899042987013132,0.0033853849596763297,0.0014124839160353044,29.39425792207879,0.020312309758063307,0.001412483916035326,0.049733225699747696,0.00018407585354748499,0.005373714649725876,0.001299121210217849,6.030419923335113e-06,0.006663541173553525,69.5,0.5,0.016635607011885302,69.5,0.5,0.016635607011885302,65.0,1.5,0.04202453887832385,1793.0,0.0,0.007149179587405382,1794.5,0.5,0.010227032249353604,1.0008365867261573,0.01687751385209557,0.014604596375536719,-1.0,0.0,-0.0,-1.0,0.0,-0.0
amd,AMD Threadripper 3970X,cpu,axpy_amd_20260725_215406,axpy_amd_20260725_215406_session3,3,64000000,2,10,10,0,0,0,-1,59.0,0.017167358330508475,6.241957627117073e-06,0.0008465245709203548,0.017167358330508475,6.241957627117073e-06,0.0008465245709203548,1.391317279661017,0.0038293644067796118,0.006526734737761503,1.391317279661017,0.0038293644067796118,0.006526734737761503,nan,nan,nan,81.00715252492789,0.21707869034714378,0.006225436182687899,7.456010414368761,0.0027101244981952988,0.0008465090536493615,44.73606248621256,0.01626074698916824,0.0008465090536494048,0.023886535983784714,8.695456653879004e-05,0.006919374921691846,0.00041009097064756937,1.7090215815431865e-06,0.007388814364633689,71.0,0.0,0.011546600313444105,71.0,0.0,0.011546600313444105,67.5,2.0,0.03703152535605245,1832.0,0.0,0.010278303315199197,1834.0,0.0,0.004632414500475315,1.0010917030567685,0.0,0.0066158571469455306,-1.0,0.0,-0.0,-1.0,0.0,-0.0
amd,AMD Threadripper 3970X,cpu,axpy_amd_20260725_215406,axpy_amd_20260725_215406_session3,3,64000000,4,10,10,0,0,0,-1,70.0,0.014325685035714287,6.83275714285711e-06,0.0007308099645567911,0.014325685035714287,6.83275714285711e-06,0.0007308099645567911,1.3367994785714286,0.0022172000000000303,0.0023631790907647,1.3367994785714286,0.0022172000000000303,0.0023631790907647,nan,nan,nan,93.31865801709878,0.10073793224643879,0.001982682107576829,8.935000330260046,0.004262536383269122,0.0007310226323414942,53.61000198156026,0.025575218299604074,0.0007310226323414691,0.019156423267070746,5.1332075406487765e-05,0.002881634674034842,0.000274408801231903,8.240923004939802e-07,0.003476737409170188,72.5,0.5,0.014898254479098531,72.5,0.5,0.014898254479098531,68.5,2.5,0.04731695929316245,1903.5,0.5,0.006854406643789623,1910.0,0.0,0.007469512959055944,1.003678402522333,0.0007890570836847077,0.00888426066701683,-1.0,0.0,-0.0,-1.0,0.0,-0.0
amd,AMD Threadripper 3970X,cpu,axpy_amd_20260725_215406,axpy_amd_20260725_215406_session3,3,64000000,8,10,10,0,0,0,-1,70.0,0.014462095728571428,2.2615714285710575e-06,0.00016488725778925333,0.014462095728571428,2.2615714285710575e-06,0.00016488725778925333,1.77202325,0.003685892857142825,0.003397527906418862,1.77202325,0.003685892857142825,0.003397527906418862,nan,nan,nan,122.52958051649918,0.23993213938931035,0.0033860374839892187,8.850722774330373,0.0013841139723735907,0.00016488507967232782,53.104336645982244,0.008304683834246873,0.00016488507967236493,0.025630148839390236,5.642979886608286e-05,0.0034169738466336666,0.00037064808143866154,8.612832937607414e-07,0.0034442408659851836,71.0,0.5,0.013591962458846854,71.0,0.5,0.013591962458846854,65.5,2.0,0.03812137399244836,2050.0,0.0,0.0007072069077248275,2059.0,0.5,0.007935014144447416,1.0046341463414634,0.0002450927876774811,0.008616884919155438,-1.0,0.0,-0.0,-1.0,0.0,-0.0
amd,AMD Threadripper 3970X,cpu,axpy_amd_20260725_215406,axpy_amd_20260725_215406_session3,3,64000000,10,10,10,0,0,0,-1,69.0,0.014591311942028985,1.1699637681153105e-06,0.0001595854061584492,0.014591311942028985,1.1699637681153105e-06,0.0001595854061584492,1.594997797101449,0.0007817028985508401,0.0007329404624129977,1.594997797101449,0.0007817028985508401,0.0007329404624129977,nan,nan,nan,109.30705608358727,0.06509507713870732,0.000729485924796128,8.7723434713255,0.0007033841655079698,0.00015960499903656117,52.63406082795301,0.004220304993047819,0.0001596049990364465,0.02327440476087056,1.3606815594738655e-05,0.0007701848306344545,0.00033963545681461947,2.8961447433753875e-07,0.0008367077183398246,69.0,0.0,0.012671418752111623,69.0,0.0,0.012671418752111623,63.5,2.0,0.03895789317096603,2178.0,13.0,0.013090013409121812,2140.0,1.5,0.007962626056670712,0.9882244812225045,0.0014765816537714582,0.011707316757251689,-1.0,0.0,-0.0,-1.0,0.0,-0.0
amd,AMD Threadripper 3970X,cpu,axpy_amd_20260725_215406,axpy_amd_20260725_215406_session3,3,64000000,16,10,10,0,0,0,-1,69.0,0.014641746869565219,2.051297101450522e-06,0.00018874451452045767,0.014641746869565219,2.051297101450522e-06,0.00018874451452045767,1.793972724637681,0.001293289855072599,0.0014112839737035223,1.793972724637681,0.001293289855072599,0.0014112839737035223,nan,nan,nan,122.5239083737743,0.1031253840549411,0.0013451917716564151,8.742126340124114,0.0012248702091426367,0.0001887322270774887,52.45275804074468,0.00734922125485582,0.00018873222707747983,0.02627073053341833,1.4724082098875255e-05,0.0014984140782677464,0.00038472654774163975,3.240538097873066e-07,0.0016031599151390733,73.0,0.0,0.016656810220944694,73.0,0.0,0.016656810220944694,67.5,1.5,0.039040464940350364,2397.5,20.5,0.015751067833699058,2365.0,0.0,0.0034901950739149707,0.9864754905508589,0.008476129137824251,0.013033666767147453,-1.0,0.0,-0.0,-1.0,0.0,-0.0
amd,AMD Threadripper 3970X,cpu,axpy_amd_20260725_215406,axpy_amd_20260725_215406_session3,3,64000000,20,10,10,0,0,0,-1,63.0,0.01599009965079365,2.7625555555580578e-06,0.00020065287211696548,0.01599009965079365,2.7625555555580578e-06,0.00020065287211696548,1.923818738095238,0.0023114682539682185,0.0016465919129637656,1.923818738095238,0.0023114682539682185,0.0016465919129637656,nan,nan,nan,120.324374597695,0.1329416182349874,0.0015672156659550555,8.004953241104724,0.0013829899050241679,0.00020066240984938717,48.02971944662835,0.008297939430153889,0.000200662409849411,0.03076118418691285,4.380061872884082e-05,0.0017455620422548938,0.0004918265666737169,7.75780715377226e-07,0.0018609994982691225,72.0,1.0,0.027005379596484438,72.0,1.0,0.027005379596484438,66.5,1.5,0.048990808328445656,2569.0,2.0,0.011868923286691337,2517.0,5.0,0.012251642621756889,0.9787855196574542,0.007223812302785182,0.01985376720725502,-1.0,0.0,-0.0,-1.0,0.0,-0.0
amd,AMD Threadripper 3970X,cpu,axpy_amd_20260725_215406,axpy_amd_20260725_215406_session3,3,64000000,32,10,10,0,0,0,-1,68.0,0.014860605014705883,2.299242647057706e-06,0.00020333813279248855,0.014860605014705883,2.299242647057706e-06,0.00020333813279248855,2.2254558088235292,0.0018463308823530866,0.0017803697612038113,2.2254558088235292,0.0018463308823530866,0.0017803697612038113,nan,nan,nan,149.7495236682928,0.11827908741101112,0.001664388750432309,8.613377497118314,0.0013325167665820814,0.00020336513717056354,51.680264982709886,0.00799510059948716,0.00020336513717050602,0.033074783274829156,2.4283646607517473e-05,0.001910892017834493,0.0004915875707102864,3.347579313097283e-07,0.0020531762466988006,68.5,0.5,0.012406373512391204,68.5,0.5,0.012406373512391204,63.5,2.5,0.045248123606597496,2965.5,6.5,0.012144610218233206,2963.5,15.0,0.013171697253217124,0.9993261455525606,0.0021895601304983137,0.007393868029894356,-1.0,0.0,-0.0,-1.0,0.0,-0.0
amd,AMD Threadripper 3970X,cpu,axpy_amd_20260725_215406,axpy_amd_20260725_215406_session3,3,64000000,64,10,10,0,0,0,-1,67.0,0.015115890925373134,5.280708955224256e-06,0.0021712461622491602,0.015115890925373134,5.280708955224256e-06,0.0021712461622491602,2.3410227611940297,0.0025893059701491694,0.0035190479055440633,2.3410227611940297,0.0025893059701491694,0.0035190479055440633,nan,nan,nan,154.81083323125557,0.24503776940470345,0.0032285116183172766,8.467909855465276,0.0029580877222645796,0.002166835943623237,50.807459132791664,0.01774852633359103,0.0021668359436232535,0.035392114653398594,4.481748345934802e-05,0.004868281314322767,0.0005349972050480799,8.011215399674702e-07,0.006665621406053998,66.0,1.0,0.01811223902780431,66.0,1.0,0.01811223902780431,59.5,2.0,0.05530679243020791,4096.0,4.5,0.0012934008797860818,4170.5,4.5,0.0027159878709977128,1.0184392789752983,0.0022237505596532925,0.0034046681987380404,-1.0,0.0,-0.0,-1.0,0.0,-0.0
amd,AMD Threadripper 3970X,cpu,axpy_amd_20260725_215406,axpy_amd_20260725_215406_session3,3,128000000,1,10,10,0,0,0,-1,20.0,0.052084440975,9.035652500000158e-05,0.003434982684634676,0.052084440975,9.035652500000158e-05,0.003434982684634676,3.75872895,0.011897449999999532,0.004759958250262564,3.75872895,0.011897449999999532,0.004759958250262564,nan,nan,nan,72.20402378225046,0.3162844025807061,0.008023745382422863,4.915095472933888,0.00854175003404789,0.0034256602262981023,29.490572837603324,0.051250500204290006,0.0034256602262981327,0.19569975650043292,0.0002385639744464929,0.00207105936936084,0.010197839645158815,1.194032763450481e-05,0.0030771874655729807,71.0,1.0,0.011141393188511518,71.0,1.0,0.011141393188511518,66.5,2.0,0.03765708056525693,1793.0,0.0,0.010622832285563471,1794.0,0.0,0.007260719732268248,1.0005577244841048,0.0,0.014042618816602775,-1.0,0.0,-0.0,-1.0,0.0,-0.0
amd,AMD Threadripper 3970X,cpu,axpy_amd_20260725_215406,axpy_amd_20260725_215406_session3,3,128000000,2,10,10,0,0,0,-1,30.0,0.034099941849999996,9.67835000000375e-06,0.0005151621899107823,0.034099941849999996,9.67835000000375e-06,0.0005151621899107823,2.7181788833333336,0.002401866666666752,0.0028692557781591337,2.7181788833333336,0.002401866666666752,0.0028692557781591337,nan,nan,nan,79.72454017593105,0.03942504891653442,0.002995275926900615,7.50734421046262,0.0021301826601329843,0.0005152940963097477,45.04406526277572,0.01278109596080057,0.0005152940963097606,0.09267531037051242,0.00013154974006521214,0.0028323833629691378,0.0031597306852551624,6.101400007702202e-06,0.0028880043061895633,69.0,0.0,0.013920630880105127,69.0,0.0,0.013920630880105127,63.5,2.0,0.04453912197420253,1832.0,0.0,0.0051699362291581135,1835.0,1.0,0.008174805311280044,1.0016375545851528,0.0005458515283842669,0.010582383156200439,-1.0,0.0,-0.0,-1.0,0.0,-0.0
amd,AMD Threadripper 3970X,cpu,axpy_amd_20260725_215406,axpy_amd_20260725_215406_session3,3,128000000,4,10,10,0,0,0,-1,36.0,0.028506852138888886,9.872736111110614e-06,0.0004189529578078042,0.028506852138888886,9.872736111110614e-06,0.0004189529578078042,2.503936125,0.0010269444444443998,0.0005440452541051803,2.503936125,0.0010269444444443998,0.0005440452541051803,nan,nan,nan,87.83713603783714,0.03728029983468417,0.0005341687810295938,8.980297048224578,0.0031100670182793166,0.00041900091512874627,53.881782289347484,0.01866040210967057,0.0004190009151287018,0.07140582193368249,2.514387169424287e-05,0.0008109456500686596,0.0020354888816079123,1.612711347423251e-06,0.0011705376381673537,68.0,0.0,0.01988853874319735,68.0,0.0,0.01988853874319735,64.5,2.5,0.05359792644353185,1910.0,0.0,0.00498047685430686,1915.0,1.0,0.00045720590871020476,1.0026178010471205,0.0005235602094241232,0.004781187387367731,-1.0,0.0,-0.0,-1.0,0.0,-0.0
amd,AMD Threadripper 3970X,cpu,axpy_amd_20260725_215406,axpy_amd_20260725_215406_session3,3,128000000,8,10,10,0,0,0,-1,35.0,0.028794756300000002,3.571685714284789e-06,0.00021242089521847192,0.028794756300000002,3.571685714284789e-06,0.00021242089521847192,2.8699724714285715,0.0010996571428572022,0.000495036899035591,2.8699724714285715,0.0010996571428572022,0.000495036899035591,nan,nan,nan,99.6777076744292,0.03898968064655861,0.0005287658004366372,8.89050762144706,0.0011026471745587685,0.0002124557876896686,53.343045728682355,0.0066158830473455055,0.00021245578768967297,0.0826276173463871,3.156337074695925e-05,0.0005484540004559333,0.002379357258832801,1.3718441379496557e-06,0.0006684082520669457,70.5,0.5,0.013418434201563136,70.5,0.5,0.013418434201563136,64.0,2.0,0.04075060616894825,2053.0,0.0,0.00022961739931370273,2078.5,13.0,0.006703275286752928,1.0124181220117263,0.006332196785192479,0.006609483776642546,-1.0,0.0,-0.0,-1.0,0.0,-0.0
amd,AMD Threadripper 3970X,cpu,axpy_amd_20260725_215406,axpy_amd_20260725_215406_session3,3,128000000,10,10,10,0,0,0,-1,35.0,0.029019177728571426,5.034157142855267e-06,0.0005990417286845797,0.029019177728571426,5.034157142855267e-06,0.0005990417286845797,3.1401654857142858,0.0012511714285714515,0.003633560082173281,3.1401654857142858,0.0012511714285714515,0.003633560082173281,nan,nan,nan,108.20808087857755,0.041573728356986805,0.003059039254234069,8.821752384858373,0.0015303340759134088,0.0005982628882828188,52.93051430915024,0.009182004455482229,0.0005982628882828024,0.09111799026053694,3.178690668263762e-05,0.004216926747787855,0.002644089002488521,9.460034590951395e-07,0.00480621573185768,70.0,0.0,0.009060967507645786,70.0,0.0,0.009060967507645786,64.5,2.0,0.03871516486460488,2128.0,0.0,0.005157992633484033,2143.5,3.0,0.024274831530683372,1.0072838345864663,0.0013599868630684853,0.024521110767954813,-1.0,0.0,-0.0,-1.0,0.0,-0.0
amd,AMD Threadripper 3970X,cpu,axpy_amd_20260725_215406,axpy_amd_20260725_215406_session3,3,128000000,16,10,10,0,0,0,-1,35.0,0.029140366914285714,5.107385714284152e-06,0.0003046188085302322,0.029140366914285714,5.107385714284152e-06,0.0003046188085302322,3.4104045000000003,0.0013337714285714952,0.0005303655947333904,3.4104045000000003,0.0013337714285714952,0.0005303655947333904,nan,nan,nan,117.01949416711767,0.028179780423755574,0.0004935337644598408,8.785064509247611,0.0015395830174771419,0.0003046604801013986,52.71038705548567,0.009237498104866404,0.0003046604801013995,0.09937956494649172,3.746760112707109e-05,0.0007103732203409125,0.0028959128954390437,1.6282552994842901e-06,0.0009557858525121424,74.0,0.5,0.00915805370027887,74.0,0.5,0.00915805370027887,69.0,2.5,0.045165986544692914,2346.0,0.5,0.006140658470169244,2367.5,2.0,0.007361837238579015,1.0087382779198637,0.0040849451073812215,0.010509502526627018,-1.0,0.0,-0.0,-1.0,0.0,-0.0
amd,AMD Threadripper 3970X,cpu,axpy_amd_20260725_215406,axpy_amd_20260725_215406_session3,3,128000000,20,10,10,0,0,0,-1,32.0,0.031924009203125006,6.48345312499396e-06,0.0003296200632973174,0.031924009203125006,6.48345312499396e-06,0.0003296200632973174,3.95870240625,0.04058245312499986,0.01439297833591954,3.95870240625,0.04058245312499986,0.01439297833591954,nan,nan,nan,123.9935398158957,1.3274373972025586,0.014360985202484132,8.019042920970282,0.001628244724265926,0.0003296392847264958,48.1142575258217,0.009769468345606214,0.0003296392847264377,0.12638823651003567,0.0012461327678358475,0.01443243071404721,0.004035157176615422,3.967000032446778e-05,0.014479279954662336,76.0,0.5,0.02242750113594595,76.0,0.5,0.02242750113594595,68.5,1.5,0.037614842199542566,2560.0,36.0,0.021383993651525542,2508.5,3.5,0.0021926405230804245,0.9769541895987228,0.016313762164077317,0.021819746504990672,-1.0,0.0,-0.0,-1.0,0.0,-0.0
amd,AMD Threadripper 3970X,cpu,axpy_amd_20260725_215406,axpy_amd_20260725_215406_session3,3,128000000,32,10,10,0,0,0,-1,34.0,0.029584242338235298,1.5458088235293516e-06,0.0001042481989459434,0.029584242338235298,1.5458088235293516e-06,0.0001042481989459434,4.467920029411765,0.002508147058823962,0.0012247121653159645,4.467920029411765,0.002508147058823962,0.0012247121653159645,nan,nan,nan,151.02188328869548,0.08568305178165758,0.0011626143361835402,8.65325524931178,0.00045213670836830033,0.00010424104957314441,51.91953149587068,0.002712820250209802,0.00010424104957312987,0.13218156864152475,7.801505275481513e-05,0.0012922581402720528,0.003910537120454805,2.315380747507003e-06,0.0013644450195149586,72.0,1.0,0.019058697071019436,72.0,1.0,0.019058697071019436,68.0,3.0,0.05818176526153409,2938.0,9.5,0.00630646925310769,2950.0,2.0,0.0028042051284194666,1.003939983938443,0.0032465557731370387,0.004458631768455985,-1.0,0.0,-0.0,-1.0,0.0,-0.0
amd,AMD Threadripper 3970X,cpu,axpy_amd_20260725_215406,axpy_amd_20260725_215406_session3,3,128000000,64,10,10,0,0,0,-1,34.0,0.030016325426470588,1.1637397058823426e-05,0.0012884481297476473,0.030016325426470588,1.1637397058823426e-05,0.0012884481297476473,4.654786558823529,0.0050667647058824095,0.002714443975017634,4.654786558823529,0.0050667647058824095,0.002714443975017634,nan,nan,nan,154.96442739682277,0.1961771502059122,0.002385727826165149,8.528692184233325,0.0033079554206967288,0.0012855949147311991,51.17215310539995,0.01984773252417682,0.0012855949147312208,0.13970021728162452,0.0001819342053036438,0.0035170302738364925,0.004192215205587611,5.539519107884e-06,0.004551679656179936,67.5,0.5,0.017459426695964137,67.5,0.5,0.017459426695964137,64.0,2.0,0.04602448389873614,4043.5,4.5,0.004777159783354318,4171.5,3.5,0.0018758716405835431,1.031779384230795,0.0009182356803892899,0.005531685570066361,-1.0,0.0,-0.0,-1.0,0.0,-0.0
amd,AMD Threadripper 3970X,cpu,axpy_amd_20260725_215406,axpy_amd_20260725_215406_session3,3,256000000,1,10,10,0,0,0,-1,10.0,0.10356465949999999,1.381449999998674e-05,0.0020963403213260946,0.10356465949999999,1.381449999998674e-05,0.0020963403213260946,7.30282665,0.0018858499999998557,0.003977182274522672,7.30282665,0.0018858499999998557,0.003977182274522672,nan,nan,nan,70.51992384071289,0.02662945591107757,0.005972454732726958,4.943771386718124,0.0006595406917559998,0.0021069049583995795,29.662628320308745,0.003957244150537775,0.002106904958399537,0.7563369070807948,0.000173901374731944,0.0022476914938363,0.07833206844979812,1.2225544511454411e-05,0.0017993182751643113,69.0,0.0,0.007031235684711032,69.0,0.0,0.007031235684711032,65.0,0.0,0.010795523376893856,1793.0,0.0,0.008365520662068913,1795.0,1.0,0.007976470058974248,1.0008365867261573,0.008365867261572735,0.013136035633506068,-1.0,0.0,-0.0,-1.0,0.0,-0.0
amd,AMD Threadripper 3970X,cpu,axpy_amd_20260725_215406,axpy_amd_20260725_215406_session3,3,256000000,2,10,10,0,0,0,-1,15.0,0.06777815576666667,5.1388033333335525e-05,0.0012894449858593755,0.06777815576666667,5.1388033333335525e-05,0.0012894449858593755,5.470289,0.014487966666666185,0.005831731812694468,5.470289,0.014487966666666185,0.005831731812694468,nan,nan,nan,80.8334415058702,0.043230707011929326,0.006385379988327214,7.554056247107665,0.005723006687958332,0.001289379709797045,45.32433748264599,0.03433804012774644,0.0012893797097970018,0.37007053435257986,0.0015221601930537065,0.00552668133139985,0.025035642706334328,0.00013943825230884783,0.005511698538036797,70.0,0.0,0.011944391539823908,70.0,0.0,0.011944391539823908,64.5,2.0,0.038356691115858536,1832.0,0.0,0.0017292638101086568,1834.5,0.5,0.0079653487438332,1.003284530717234,0.0021928276604654684,0.00841753979962564,-1.0,0.0,-0.0,-1.0,0.0,-0.0
amd,AMD Threadripper 3970X,cpu,axpy_amd_20260725_215406,axpy_amd_20260725_215406_session3,3,256000000,4,10,10,0,0,0,-1,18.0,0.056706045777777776,1.2662222222226821e-05,0.0003169018541804141,0.056706045777777776,1.2662222222226821e-05,0.0003169018541804141,4.985505305555556,0.0012604722222224751,0.0008942850438961803,4.985505305555556,0.0012604722222224751,0.0008942850438961803,nan,nan,nan,87.91695525601435,0.01595625590370986,0.0006982239470737461,9.02901964787997,0.002016148070275392,0.0003168154254342984,54.17411788727982,0.012096888421655905,0.0003168154254343224,0.28265559824119985,0.0001606350486247632,0.0011460466153366431,0.016024829298237668,1.015575996770289e-05,0.0014243289423203258,69.0,0.0,0.006128445077845697,69.0,0.0,0.006128445077845697,62.5,2.0,0.03888078956798695,1910.0,0.0,0.006535867992622973,1915.0,1.0,0.0006419848518412985,1.0026178010471205,0.0005235602094241232,0.006643173020755767,-1.0,0.0,-0.0,-1.0,0.0,-0.0
amd,AMD Threadripper 3970X,cpu,axpy_amd_20260725_215406,axpy_amd_20260725_215406_session3,3,256000000,8,10,10,0,0,0,-1,18.0,0.05708555933333334,7.052499999996714e-06,0.0002844986004133742,0.05708555933333334,7.052499999996714e-06,0.0002844986004133742,5.824811416666666,0.008135888888888498,0.0045343737061187515,5.824811416666666,0.008135888888888498,0.0045343737061187515,nan,nan,nan,102.03651294493108,0.160808419232211,0.0047326066503664485,8.968993316301965,0.0011080080952785565,0.00028451040302940783,53.813959897811785,0.0066480485716695625,0.0002845104030293918,0.33251395144398477,0.0004632262694468925,0.004345839234818682,0.018985006962090215,3.0222918661835727e-05,0.004168316971793549,73.0,1.0,0.03694733452622261,73.0,1.0,0.03694733452622261,69.5,2.0,0.04683748654508531,2050.0,0.0,0.005638334689417203,2064.0,2.0,0.005173056456135532,1.0063430108678832,0.0009756097560975618,0.004110864543410658,-1.0,0.0,-0.0,-1.0,0.0,-0.0
amd,AMD Threadripper 3970X,cpu,axpy_amd_20260725_215406,axpy_amd_20260725_215406_session3,3,256000000,10,10,10,0,0,0,-1,18.0,0.05769460563888889,4.350777777779868e-06,0.00011592824815241431,0.05769460563888889,4.350777777779868e-06,0.00011592824815241431,6.097157833333334,0.002860888888889246,0.0008107599680500139,6.097157833333334,0.002860888888889246,0.0008107599680500139,nan,nan,nan,105.67625620236069,0.0537426181078402,0.0007654282505638703,8.87431319327467,0.0006691655259851714,0.00011593962484664302,53.24587915964802,0.004014993155909252,0.00011593962484662327,0.35178511265327633,0.000176217464319256,0.0008692703449206875,0.020296795495248123,1.1668209034259788e-05,0.0009384935411265675,71.0,0.0,0.0059218682774688745,71.0,0.0,0.0059218682774688745,67.0,2.0,0.03889761607152242,2124.0,1.5,0.0032923497362104073,2143.5,6.5,0.009622922580637237,1.0087098722673242,0.0032992119117665197,0.010393190375862586,-1.0,0.0,-0.0,-1.0,0.0,-0.0
amd,AMD Threadripper 3970X,cpu,axpy_amd_20260725_215406,axpy_amd_20260725_215406_session3,3,256000000,16,10,10,0,0,0,-1,18.0,0.057930258250000005,1.1381583333334305e-05,0.00028067020847261163,0.057930258250000005,1.1381583333334305e-05,0.00028067020847261163,6.762008638888888,0.0015372500000001565,0.0005533893405463381,6.762008638888888,0.0015372500000001565,0.0005533893405463381,nan,nan,nan,116.71393923351921,0.02676008736752067,0.0005280924275850935,8.83821366359048,0.001736474756167894,0.00028067983285490786,53.02928198154288,0.010418848537007364,0.00028067983285496174,0.39169920641165845,0.00014217685442130534,0.0007007121398183593,0.022692448637846165,9.944450942661262e-06,0.0009127643357406766,73.0,0.5,0.009284024177586695,73.0,0.5,0.009284024177586695,67.5,2.5,0.04395751605897254,2346.0,0.5,0.005849699743129156,2372.5,5.5,0.010297726157863103,1.010445307259828,0.0014938989837818273,0.010314542329434424,-1.0,0.0,-0.0,-1.0,0.0,-0.0
amd,AMD Threadripper 3970X,cpu,axpy_amd_20260725_215406,axpy_amd_20260725_215406_session3,3,256000000,20,10,10,0,0,0,-1,16.0,0.06367187946875,8.339250000002907e-06,0.00018559790209463293,0.06367187946875,8.339250000002907e-06,0.00018559790209463293,8.402831875,0.0019105624999999904,0.0008873433293235406,8.402831875,0.0019105624999999904,0.0008873433293235406,nan,nan,nan,131.95921340150315,0.03187504053937573,0.0008606694475276254,8.041226496293095,0.001053167118410414,0.00018560405480002101,48.24735897775858,0.006319002710462485,0.00018560405479999033,0.5350995086801847,0.00011131555969617901,0.0009501704281815788,0.03407231372738642,1.002279176416307e-05,0.0010426322598161449,77.0,2.0,0.03754600237699683,77.0,2.0,0.03754600237699683,74.0,4.0,0.057793962353394616,2479.0,1.0,0.004853534284403485,2501.5,2.0,0.011181956647819506,1.0094776770029539,0.0014324094275373067,0.015680666740733908,-1.0,0.0,-0.0,-1.0,0.0,-0.0
amd,AMD Threadripper 3970X,cpu,axpy_amd_20260725_215406,axpy_amd_20260725_215406_session3,3,256000000,32,10,10,0,0,0,-1,17.0,0.05894046597058823,1.8762058823611205e-06,9.582702756704334e-05,0.05894046597058823,1.8762058823611205e-06,9.582702756704334e-05,8.86822961764706,0.015311382352941827,0.0024682499851658908,8.86822961764706,0.015311382352941827,0.0024682499851658908,nan,nan,nan,150.47306006482,0.2734671279526424,0.0024649715115508293,8.686731459860656,0.00027650921692146113,9.582878718578833e-05,52.12038875916394,0.0016590553015340959,9.582878718579812e-05,0.5226549993887013,0.0008548955800990465,0.002475224072101103,0.030803019556968722,4.75841492921375e-05,0.0024858624633520687,73.0,0.0,0.007765338060157959,73.0,0.0,0.007765338060157959,66.5,1.5,0.041630047134958506,2909.0,18.5,0.00950880901629125,2950.0,1.5,0.0011074894281827413,1.0140952689774094,0.005568181014921958,0.009758764397982475,-1.0,0.0,-0.0,-1.0,0.0,-0.0
amd,AMD Threadripper 3970X,cpu,axpy_amd_20260725_215406,axpy_amd_20260725_215406_session3,3,256000000,64,10,10,0,0,0,-1,17.0,0.05971226202941177,3.5965294117590307e-06,0.00013888801240622328,0.05971226202941177,3.5965294117590307e-06,0.00013888801240622328,9.36696161764706,0.005208382352942742,0.0032451025532609507,9.36696161764706,0.005208382352942742,0.0032451025532609507,nan,nan,nan,156.87169965127893,0.09230626747387305,0.0032520467723490777,8.574453263424097,0.000516417223504817,0.0001388950305002896,51.44671958054458,0.003098503341028902,0.00013889503050032025,0.5593430466774977,0.00036310429744979,0.003244086553353741,0.033402861737867495,2.68105983816172e-05,0.0032490034285710036,73.0,1.0,0.038541302328593076,73.0,1.0,0.038541302328593076,70.0,2.0,0.03958322550204508,4007.5,12.0,0.00443669356039002,4125.0,8.0,0.0033920940636486406,1.0307940945768967,0.003427729247420852,0.004468853540118676,-1.0,0.0,-0.0,-1.0,0.0,-0.0
amd,AMD Threadripper 3970X,cpu,axpy_amd_20260725_215406,axpy_amd_20260725_215406_session4,4,1000000,1,10,10,0,0,0,-1,11882.0,8.393725143073557e-05,1.2431703416933076e-07,0.002661196804392181,8.393725143073557e-05,1.2431703416933076e-07,0.002661196804392181,0.006484264728160242,1.348522975929984e-05,0.003655717620043668,0.006484264728160242,1.348522975929984e-05,0.003655717620043668,nan,nan,nan,77.24172305699037,0.07436820700125679,0.0013814125124819935,23.827323095425605,0.03529402096022771,0.0026631005446570563,142.96393857255362,0.21176412576137693,0.0026631005446570532,5.444784405253882e-07,1.967869410059194e-09,0.006243976171782007,4.5702025816060365e-11,2.1789792730074565e-13,0.008873950300467687,71.0,0.0,0.01002988342108578,71.0,0.0,0.01002988342108578,69.0,0.0,0.006128445077845697,1867.0,7.0,0.016555602992513564,1793.0,0.0,0.0,0.960368628956302,0.0036085005474133514,0.01628071372338351,-1.0,0.0,-0.0,-1.0,0.0,-0.0
amd,AMD Threadripper 3970X,cpu,axpy_amd_20260725_215406,axpy_amd_20260725_215406_session4,4,1000000,2,10,10,0,0,0,-1,20732.0,4.898771300405171e-05,4.9663452633611e-07,0.014801467369128357,4.898771300405171e-05,4.9663452633611e-07,0.014801467369128357,0.004649538057109782,4.651328863592482e-05,0.014130136150761242,0.004649538057109782,4.651328863592482e-05,0.014130136150761242,nan,nan,nan,94.81134685046203,0.1948123605111931,0.004667647509626688,40.82656399958053,0.41867769320837667,0.014708135383493255,244.95938399748317,2.5120661592502813,0.01470813538349327,2.278295561961207e-07,4.521678952073413e-09,0.0285588286565207,1.116375634189283e-11,3.388377757243567e-13,0.04333668656371659,72.5,0.5,0.0228165979878823,72.5,0.5,0.02405480867502509,72.0,0.0,0.007212259490144167,1886.0,24.0,0.01826878306214953,1832.0,1.0,0.01742761246259868,0.9810813704319988,0.01964856157691841,0.026540380014299536,-1.0,0.0,-0.0,-1.0,0.0,-0.0
amd,AMD Threadripper 3970X,cpu,axpy_amd_20260725_215406,axpy_amd_20260725_215406_session4,4,1000000,4,10,10,0,0,0,-1,34584.0,2.8308810548230396e-05,1.2670362017117773e-07,0.01016384402220303,2.8308810548230396e-05,1.2670362017117773e-07,0.01016384402220303,0.0034091001763821424,2.080965186213317e-05,0.010658731713744415,0.0034091001763821424,2.080965186213317e-05,0.010658731713744415,nan,nan,nan,120.21845005011366,0.45116056793866477,0.005610844305359533,70.64938313780873,0.3145784750090357,0.010097127298604755,423.8962988268524,1.8874708500542852,0.010097127298604739,9.620046600647218e-08,7.508947892272935e-10,0.020153632274015,2.7207533791645054e-12,3.068371551569993e-14,0.030222643880066867,73.0,2.0,0.030593813129398864,73.0,2.0,0.030593813129398864,70.5,0.5,0.015521931376792832,2013.5,30.0,0.019609821996223787,2001.5,38.5,0.02188252161428857,0.9904352139406487,0.01677710833657775,0.025271154366994297,-1.0,0.0,-0.0,-1.0,0.0,-0.0
amd,AMD Threadripper 3970X,cpu,axpy_amd_20260725_215406,axpy_amd_20260725_215406_session4,4,1000000,8,10,10,0,0,0,-1,53037.0,1.91598410920678e-05,9.483388012142514e-08,0.009219335169795225,1.91598410920678e-05,9.483388012142514e-08,0.009219335169795225,0.002876033457774761,1.3436506589739041e-05,0.005711441420816081,0.002876033457774761,1.3436506589739041e-05,0.005711441420816081,nan,nan,nan,150.06100472844105,0.2566497259995515,0.00398403930074392,104.38534660566003,0.5144364266848953,0.009177218802285272,626.3120796339601,3.0866185601092866,0.009177218802285246,5.510442127227183e-08,5.007768806268666e-10,0.014819960651634295,1.0557969473013213e-12,1.486297896674604e-14,0.024068391930548886,66.0,0.0,0.019708999658813873,66.0,0.5,0.02260578536663907,66.0,0.0,0.013286722849331002,2203.0,9.0,0.015508503564001451,2170.0,5.5,0.010950102522906914,0.9872585526953385,0.002822528276009151,0.0226455525668402,-1.0,0.0,-0.0,-1.0,0.0,-0.0
amd,AMD Threadripper 3970X,cpu,axpy_amd_20260725_215406,axpy_amd_20260725_215406_session4,4,1000000,10,10,10,0,0,0,-1,55754.0,1.8497303852638376e-05,5.0320228145064844e-08,0.005200789568741358,1.8497303852638376e-05,5.0320228145064844e-08,0.005200789568741358,0.0028965167790651796,3.8124529181766606e-06,0.0031219866461016685,0.0028965167790651796,3.8124529181766606e-06,0.0031219866461016685,nan,nan,nan,156.39063954716775,0.32036896835036544,0.0028338876865322323,108.12399332971957,0.29378280477602914,0.005198023124715901,648.7439599783174,1.7626968286561464,0.005198023124715936,5.357774930553711e-08,1.7120628392713947e-10,0.008097663043921033,9.910450463621738e-13,6.144122843593831e-15,0.013251503107868537,65.0,0.0,0.024205333563996758,65.0,0.0,0.025919918365184782,65.0,0.0,0.008746474764214895,2291.5,31.5,0.020883498833333916,2261.0,53.5,0.02543582196608591,0.9944933920704846,0.024841640329767045,0.03060670030019518,-1.0,0.0,-0.0,-1.0,0.0,-0.0
amd,AMD Threadripper 3970X,cpu,axpy_amd_20260725_215406,axpy_amd_20260725_215406_session4,4,1000000,16,10,10,0,0,0,-1,49464.0,1.9863214620734273e-05,5.864801673944734e-08,0.007686078840832938,1.9863214620734273e-05,5.864801673944734e-08,0.007686078840832938,0.003195893053533883,7.027504852013221e-06,0.005174470164387187,0.003195893053533883,7.027504852013221e-06,0.005174470164387187,nan,nan,nan,160.78620897334898,0.3602542688425956,0.0031207758865380054,100.68864840286733,0.2981650710580581,0.007620597322498053,604.131890417204,1.7889904263482777,0.00762059732249799,6.339608264572018e-08,1.3430383433072906e-10,0.01277104195511954,1.2590040551283022e-12,5.770903871941267e-15,0.020536784823519744,67.0,0.5,0.027637107812301272,67.0,0.5,0.027637107812301272,66.0,0.0,0.007777074992384371,2453.5,21.0,0.034344729012244786,2420.0,7.0,0.010084876644541657,0.9851153468722452,0.01834059254480913,0.03459345211897002,-1.0,0.0,-0.0,-1.0,0.0,-0.0
amd,AMD Threadripper 3970X,cpu,axpy_amd_20260725_215406,axpy_amd_20260725_215406_session4,4,1000000,20,10,10,0,0,0,-1,48363.0,2.0874447552881335e-05,8.121400657527296e-08,0.007073534126796016,2.0874447552881335e-05,8.121400657527296e-08,0.007073534126796016,0.003397630823149929,9.938382647892456e-06,0.005316757263965657,0.003397630823149929,9.938382647892456e-06,0.005316757263965657,nan,nan,nan,162.82844506927268,0.43779929155047625,0.0035025322003172134,95.81092061667003,0.37182966136126083,0.0070151923907342505,574.8655237000203,2.230977968167565,0.007015192390734328,7.08417662391211e-08,3.5050880090640786e-10,0.012036416276909177,1.4784455665826871e-12,1.2983363989538555e-14,0.01909490626503419,65.0,0.0,0.028117232391881224,65.0,0.5,0.03131669073974828,65.0,0.0,0.007465933408649891,2607.5,22.5,0.015247398458629997,2584.5,25.0,0.011340167454931604,1.0005753739930956,0.013812882723433617,0.01913168365306997,-1.0,0.0,-0.0,-1.0,0.0,-0.0
amd,AMD Threadripper 3970X,cpu,axpy_amd_20260725_215406,axpy_amd_20260725_215406_session4,4,1000000,32,10,10,0,0,0,-1,41615.0,2.5432778553406223e-05,4.884174336176855e-07,0.024685607420725016,2.5432778553406223e-05,4.884174336176855e-07,0.024685607420725016,0.004375331503063799,7.314948936681508e-05,0.021473847482881357,0.004375331503063799,7.314948936681508e-05,0.021473847482881357,nan,nan,nan,172.03544255440335,0.43370385465324546,0.0034452413581655037,78.63942181570897,1.5365049907398216,0.024635538498913274,471.8365308942538,9.219029944439,0.024635538498913347,1.1127769572140534e-07,4.057665443813102e-09,0.046177790753030426,2.8301497137702225e-12,1.55784445649e-13,0.07092851853130731,59.0,0.5,0.01562817318831091,59.0,1.0,0.016161555333058155,58.0,0.5,0.01269991028180072,3029.5,45.0,0.01898810476100399,3014.5,23.5,0.013440183518364686,0.9897438931882689,0.02380891762670867,0.02686409112095078,-1.0,0.0,-0.0,-1.0,0.0,-0.0
amd,AMD Threadripper 3970X,cpu,axpy_amd_20260725_215406,axpy_amd_20260725_215406_session4,4,1000000,64,10,10,0,0,0,-1,18021.0,5.625677892458798e-05,1.286492425503525e-07,0.0031300018059092294,5.625677892458798e-05,1.286492425503525e-07,0.0031300018059092294,0.009037178930137063,1.6845957494034287e-05,0.004197432626404017,0.009037178930137063,1.6845957494034287e-05,0.004197432626404017,nan,nan,nan,160.57762886260116,0.2793761287406795,0.0022687282956278696,35.551271215526036,0.08111383824492435,0.0031316871990734597,213.3076272931562,0.4866830294695603,0.003131687199073445,5.089514723034401e-07,2.359031057589725e-09,0.007040586274670511,2.8632497724785462e-11,2.223205996318438e-13,0.01004836101969833,58.0,1.0,0.030101892744346555,58.0,1.0,0.033468205482822595,57.5,0.5,0.02009535197102956,4169.5,4.0,0.004516791794054779,4149.0,6.5,0.003093414704991612,0.999519226074173,0.001200284751650682,0.003960565225677868,-1.0,0.0,-0.0,-1.0,0.0,-0.0
amd,AMD Threadripper 3970X,cpu,axpy_amd_20260725_215406,axpy_amd_20260725_215406_session4,4,2000000,1,10,10,0,0,0,-1,2289.0,0.00041946163652249887,2.981603538663156e-06,0.013665393348018135,0.00041946163652249887,2.981603538663156e-06,0.013665393348018135,0.030968520532983834,0.0003066061598951484,0.013705661411000013,0.030968520532983834,0.0003066061598951484,0.013705661411000013,nan,nan,nan,73.6615337514414,0.023983100732358764,0.0011485534182617304,9.536038658604628,0.0682658428418419,0.013570901618955418,57.21623195162777,0.40959505705105315,0.013570901618955479,1.2990114924987527e-05,2.1958978344301293e-07,0.02743367000881468,5.448861725809753e-09,1.301879979200673e-10,0.04126800031137812,66.0,0.0,0.012417384650807913,66.0,0.0,0.012417384650807913,62.0,2.0,0.04608757255186532,1888.0,17.0,0.013989272230320659,1829.0,5.0,0.012610676817062934,0.9614732408858948,0.010465724751439032,0.016252269133063213,-1.0,0.0,-0.0,-1.0,0.0,-0.0
amd,AMD Threadripper 3970X,cpu,axpy_amd_20260725_215406,axpy_amd_20260725_215406_session4,4,2000000,2,10,10,0,0,0,-1,11094.0,9.021895686857761e-05,2.016605822967424e-07,0.00550883717540225,9.021895686857761e-05,2.016605822967424e-07,0.00550883717540225,0.008903890210924824,4.1766946096990186e-05,0.006661231951854772,0.008903890210924824,4.1766946096990186e-05,0.006661231951854772,nan,nan,nan,98.40929321169838,0.36978268615241205,0.004080360659267811,44.33659671033803,0.09930904986232747,0.005483536171636075,266.01958026202817,0.5958542991739648,0.005483536171636134,8.037196676078468e-07,6.1166329201154955e-09,0.011544988415393066,7.251078575446276e-11,8.554330372641871e-13,0.016859163481144118,74.0,0.0,0.008523659461370294,74.0,0.0,0.008523659461370294,72.0,0.0,0.0,1909.0,16.0,0.02063572067347842,1846.5,15.0,0.02150889714992901,0.9801488037431322,0.021216532721515136,0.03407108312029527,-1.0,0.0,-0.0,-1.0,0.0,-0.0
amd,AMD Threadripper 3970X,cpu,axpy_amd_20260725_215406,axpy_amd_20260725_215406_session4,4,2000000,4,10,10,0,0,0,-1,20186.0,4.9476417021698205e-05,3.70620652927769e-07,0.009300963995850219,4.9476417021698205e-05,3.70620652927769e-07,0.009300963995850219,0.00629921571881502,2.3973199247002627e-05,0.006783552737666568,0.00629921571881502,2.3973199247002627e-05,0.006783552737666568,nan,nan,nan,127.13002902935123,0.2835453165396089,0.004535573969643263,80.8467066550609,0.6100772021216159,0.009280325128893088,485.08023993036534,3.6604632127297236,0.009280325128893088,3.111561714450684e-07,3.250322351664081e-09,0.01566763640351404,1.5377031317099786e-11,2.798873324158277e-13,0.024900544499425893,73.0,1.0,0.018246841880617443,73.0,1.0,0.018246841880617443,71.5,0.5,0.00737127659712909,1985.5,38.5,0.019891616199662586,1927.5,19.5,0.01825976606829033,0.9804727646454265,0.024768430006076092,0.028383992372171686,-1.0,0.0,-0.0,-1.0,0.0,-0.0
amd,AMD Threadripper 3970X,cpu,axpy_amd_20260725_215406,axpy_amd_20260725_215406_session4,4,2000000,8,10,10,0,0,0,-1,33044.0,3.096849440140419e-05,1.2043641810918627e-07,0.008481891528233478,3.096849440140419e-05,1.2043641810918627e-07,0.008481891528233478,0.005235496368478393,1.5362138360972954e-05,0.005147265822760372,0.005235496368478393,1.5362138360972954e-05,0.005147265822760372,nan,nan,nan,169.18217403928008,0.3305238758079838,0.0036034453831801845,129.1636496295439,0.5041808322890802,0.008460286604104625,774.9818977772635,3.0250849937343673,0.008460286604104646,1.6211888490464678e-07,9.712789522089143e-10,0.013563321347647098,5.02059147948742e-12,4.8258566767201846e-14,0.022057665600380246,71.0,1.0,0.0209598053029078,71.0,1.0,0.0209598053029078,70.0,0.5,0.013468700594029477,2187.0,14.5,0.013594614534386465,2165.5,9.0,0.013856065156579587,0.9906263224006516,0.015754309562652613,0.019384543225799394,-1.0,0.0,-0.0,-1.0,0.0,-0.0
amd,AMD Threadripper 3970X,cpu,axpy_amd_20260725_215406,axpy_amd_20260725_215406_session4,4,2000000,10,10,10,0,0,0,-1,36587.0,2.7785595826386424e-05,9.33815016262618e-08,0.004035525126916104,2.7785595826386424e-05,9.33815016262618e-08,0.004035525126916104,0.005106798630661164,1.1927159920190056e-05,0.00296178509049094,0.005106798630661164,1.1927159920190056e-05,0.00296178509049094,nan,nan,nan,183.84791484810503,0.400904368263582,0.0029773978985799666,143.95952575356262,0.48547395542551897,0.004032144242339721,863.7571545213757,2.9128437325529717,0.004032144242339665,1.4181122258819562e-07,8.364870939783466e-10,0.006423713356531248,3.9420566986637895e-12,3.6669787120736844e-14,0.01031605735964161,72.0,0.5,0.023424190324520498,72.0,1.0,0.025391634522269564,71.0,0.0,0.0059218682774688745,2247.0,52.5,0.02910074340023409,2218.5,21.0,0.022645205060459205,0.9990859232175503,0.02322179418627257,0.028607038917852563,-1.0,0.0,-0.0,-1.0,0.0,-0.0
amd,AMD Threadripper 3970X,cpu,axpy_amd_20260725_215406,axpy_amd_20260725_215406_session4,4,2000000,16,10,10,0,0,0,-1,41273.0,2.4688626596079762e-05,7.462916434472929e-08,0.004394827983392161,2.4688626596079762e-05,7.462916434472929e-08,0.004394827983392161,0.0050802378431420055,1.7506251060014823e-05,0.00403287640807391,0.0050802378431420055,1.7506251060014823e-05,0.00403287640807391,nan,nan,nan,205.61918750367954,0.3088563753179585,0.001972853019444899,162.01796686581207,0.4899751201551936,0.004387019459138633,972.1078011948723,2.9398507209310765,0.004387019459138587,1.2525308271102777e-07,7.139935413922289e-10,0.008206673567087966,3.0922877080413013e-12,2.6022711397205145e-14,0.012544109728661408,72.0,0.5,0.027700832192834448,72.0,1.0,0.029979411779189145,72.0,0.0,0.009765445513688562,2489.0,43.0,0.021794711464814022,2473.0,52.0,0.023343741665064376,0.9876760563380282,0.030347351886429008,0.03565999109757922,-1.0,0.0,-0.0,-1.0,0.0,-0.0
amd,AMD Threadripper 3970X,cpu,axpy_amd_20260725_215406,axpy_amd_20260725_215406_session4,4,2000000,20,10,2,8,0,0,-1,81403.0,2.3593979828753238e-05,6.119128901883223e-06,0.26979598474742983,2.3593979828753238e-05,6.119128901883223e-06,0.26979598474742983,0.00504157642838716,0.0006409881945382847,0.1483714424251702,0.00504157642838716,0.0006409881945382847,0.1483714424251702,nan,nan,nan,213.49723077670507,22.236026754739953,0.14273654609111436,169.72832739420176,35.08439734933043,0.30981880671796375,1018.3699643652106,210.5063840959827,0.3098188067179638,1.1900191440256763e-07,4.7887872893613774e-08,0.39155281528115277,2.8121340275922778e-12,1.784868111434921e-12,0.5853444338374649,73.5,1.5,0.05218517004702925,73.0,1.5,0.04679501850151231,72.0,3.0,0.061494688239646406,2546.5,36.0,0.01721785937634675,2505.0,22.5,0.016935351380874878,0.996702401805367,0.022918513758632186,0.029018967183712777,-1.0,0.0,-0.0,-1.0,0.0,-0.0
amd,AMD Threadripper 3970X,cpu,axpy_amd_20260725_215406,axpy_amd_20260725_215406_session4,4,2000000,32,10,10,0,0,0,-1,31964.0,3.192732128331873e-05,1.660051307721175e-07,0.006621118322369393,3.192732128331873e-05,1.660051307721175e-07,0.006621118322369393,0.006468685302214992,3.014483481416589e-05,0.006240541684623666,0.006468685302214992,3.014483481416589e-05,0.006240541684623666,nan,nan,nan,202.85351131319396,0.07905083109149302,0.0015678527076463309,125.28462677779706,0.6517179257773833,0.006600837713463852,751.7077606667824,3.9103075546642003,0.006600837713463832,2.064934308687975e-07,1.9923139753053597e-09,0.012785182689016527,6.593571974387005e-12,9.789480134482891e-14,0.01941177131996742,64.0,1.0,0.02731037255167145,64.0,1.0,0.02845004902392203,63.0,1.0,0.01673162783157873,3040.0,41.0,0.017238854204455478,3027.0,21.5,0.015174777022005969,0.987304241740845,0.01567096487072528,0.024403502387059718,-1.0,0.0,-0.0,-1.0,0.0,-0.0
amd,AMD Threadripper 3970X,cpu,axpy_amd_20260725_215406,axpy_amd_20260725_215406_session4,4,2000000,64,10,0,10,0,0,-1,119200.0,1.6182943062080537e-05,2.9156033557047044e-07,0.039956105516967544,1.6182943062080537e-05,2.9156033557047044e-07,0.039956105516967544,0.003412433779362416,3.784495805369149e-05,0.031878067440469365,0.003412433779362416,3.784495805369149e-05,0.031878067440469365,nan,nan,nan,209.38827168418868,1.082855408729941,0.01203150057069215,247.17491124806207,4.464979432963091,0.04246097610447737,1483.0494674883726,26.78987659777863,0.04246097610447738,5.5065859746554573e-08,1.850656098102632e-09,0.06950460091218923,8.899427278536661e-13,4.859351694745673e-14,0.10529392697245804,65.0,1.0,0.015322479599564762,64.5,0.5,0.014954981162218203,65.0,0.5,0.015067059159806977,3918.5,26.0,0.010439885488098686,3869.5,18.0,0.005502921242004164,0.981664873706868,0.0074693567983808995,0.013944224585388285,-1.0,0.0,-0.0,-1.0,0.0,-0.0
amd,AMD Threadripper 3970X,cpu,axpy_amd_20260725_215406,axpy_amd_20260725_215406_session4,4,4000000,1,10,10,0,0,0,-1,630.0,0.0016352818325396825,1.981003174603233e-06,0.003791541095546522,0.0016352818325396825,1.981003174603233e-06,0.003791541095546522,0.1189205492063492,0.00012408571428570991,0.004417159661371856,0.1189205492063492,0.00012408571428570991,0.004417159661371856,nan,nan,nan,72.81793609963542,0.3098802559619074,0.005387460761822442,4.892123200473378,0.005919219003983844,0.003802241293538837,29.35273920284027,0.035515314023898625,0.0038022412935388604,0.00019410477846601144,9.174334968318603e-07,0.006230179834384139,3.1731951453149514e-07,2.3074469061163527e-09,0.009310836285653426,70.0,0.0,0.02099594345070225,70.0,0.0,0.02099594345070225,65.5,2.0,0.045868061076918765,1902.0,9.0,0.014818671275120765,1794.0,0.0,0.006508373100217047,0.9488577867824664,0.008535876681052434,0.014707414337971066,-1.0,0.0,-0.0,-1.0,0.0,-0.0
amd,AMD Threadripper 3970X,cpu,axpy_amd_20260725_215406,axpy_amd_20260725_215406_session4,4,4000000,2,10,10,0,0,0,-1,2011.0,0.0004997208105420189,2.1288518150173975e-06,0.008354552127470745,0.0004997208105420189,2.1288518150173975e-06,0.008354552127470745,0.04334786051715564,0.0006185139234211809,0.015491386471891976,0.04334786051715564,0.0006185139234211809,0.015491386471891976,nan,nan,nan,86.28583229598746,0.272013967106318,0.009700931290997063,16.009023996634312,0.06806366619695581,0.008305315315955252,96.05414397980587,0.40838199718174195,0.008305315315955306,2.165205595242816e-05,4.359653977536885e-07,0.022924826911515095,1.0815185449799149e-08,2.6620629200387675e-10,0.030874824993067835,71.0,1.0,0.023687473109875498,71.0,1.0,0.023687473109875498,65.0,2.5,0.05831291938384416,1940.0,9.0,0.013211657089015756,1849.0,16.5,0.01056545886376091,0.9526469803334346,0.009807329604707926,0.017329399903649217,-1.0,0.0,-0.0,-1.0,0.0,-0.0
amd,AMD Threadripper 3970X,cpu,axpy_amd_20260725_215406,axpy_amd_20260725_215406_session4,4,4000000,4,10,10,0,0,0,-1,10601.0,9.37457575228752e-05,6.16873361003684e-07,0.00902987237739355,9.37457575228752e-05,6.16873361003684e-07,0.00902987237739355,0.012371949533062919,3.993906235260757e-05,0.00820166508040879,0.012371949533062919,3.993906235260757e-05,0.00820166508040879,nan,nan,nan,132.43993185613192,0.5559415313593519,0.005730632854592089,85.33725645264383,0.5615230513600906,0.008986257667005226,512.0235387158629,3.3691383081606148,0.008986257667005218,1.1601696159850266e-06,1.1172414968767763e-08,0.016301229552936718,1.0876836665815107e-10,1.795957695475864e-12,0.025111561620004268,74.0,0.0,0.011816397243871972,74.0,0.0,0.011816397243871972,71.0,0.0,0.004447647904596877,1982.0,35.5,0.02300800120891877,1926.5,19.5,0.018738418968972114,0.9801608155720836,0.010245310245310224,0.027949104420122387,-1.0,0.0,-0.0,-1.0,0.0,-0.0
amd,AMD Threadripper 3970X,cpu,axpy_amd_20260725_215406,axpy_amd_20260725_215406_session4,4,4000000,8,10,10,0,0,0,-1,18715.0,5.306210029388191e-05,3.303473684210507e-07,0.012389681855202105,5.306210029388191e-05,3.303473684210507e-07,0.012389681855202105,0.009721480016029922,2.9850734704781057e-05,0.007064082293647455,0.009721480016029922,2.9850734704781057e-05,0.007064082293647455,nan,nan,nan,183.1565532949366,0.6219469701710949,0.005357754241183807,150.7680127793344,0.9432775424185706,0.012312284215583148,904.6080766760064,5.659665254511424,0.012312284215583134,5.158115754429535e-07,4.754959792256467e-09,0.019481788759479285,2.7368664277602214e-11,4.197446310607465e-13,0.03198723985314252,78.5,1.5,0.023450872647955968,78.5,1.5,0.023450872647955968,76.0,0.5,0.012123173924441708,2109.0,24.5,0.028975519164862903,2072.5,17.5,0.028206310932432522,0.98167432457436,0.017840503615492997,0.036729906106938395,-1.0,0.0,-0.0,-1.0,0.0,-0.0
amd,AMD Threadripper 3970X,cpu,axpy_amd_20260725_215406,axpy_amd_20260725_215406_session4,4,4000000,10,10,10,0,0,0,-1,22012.0,4.571113281391968e-05,1.211987097946593e-07,0.00873499700982694,4.571113281391968e-05,1.211987097946593e-07,0.00873499700982694,0.009340698119207704,1.2703343630746447e-05,0.004238201605380106,0.009340698119207704,1.2703343630746447e-05,0.004238201605380106,nan,nan,nan,203.93675549941935,0.5333677506396697,0.004890034712441265,175.01207755984214,0.4633645673194735,0.00860072773448299,1050.0724653590528,2.780187403916784,0.008600727734482951,4.272371837586566e-07,1.4742472467995397e-09,0.012864985708171852,1.9529389342712972e-11,1.0135960684804054e-13,0.0217662881256737,77.5,1.5,0.024519901615035224,77.5,1.5,0.024519901615035224,74.5,0.5,0.0070744466670433544,2268.0,46.5,0.025402118213779055,2247.0,54.5,0.026565754846018683,1.0030697524911605,0.025503339050613805,0.044197891011754364,-1.0,0.0,-0.0,-1.0,0.0,-0.0
amd,AMD Threadripper 3970X,cpu,axpy_amd_20260725_215406,axpy_amd_20260725_215406_session4,4,4000000,16,10,10,0,0,0,-1,28298.0,3.638155938582232e-05,2.555874090041692e-07,0.00920739120776502,3.638155938582232e-05,2.555874090041692e-07,0.00920739120776502,0.008839849388649373,3.211847127005275e-05,0.0051731388492396385,0.008839849388649373,3.211847127005275e-05,0.0051731388492396385,nan,nan,nan,242.97633988791026,0.5061240559506643,0.0042706571092775494,219.89226426763162,1.53897195638325,0.009182100264384246,1319.3535856057897,9.2338317382995,0.00918210026438425,3.2160813069593924e-07,3.4082447858142612e-09,0.014316101956938753,1.1700662379519373e-11,2.048997948075138e-13,0.02354121650907216,79.0,1.0,0.020635456424772724,79.0,1.5,0.022110985751790734,78.0,1.0,0.015368664951705581,2506.0,35.5,0.019483703913570228,2464.0,24.0,0.016686147504379516,0.9843180499943496,0.01790861180589265,0.029520070170233375,-1.0,0.0,-0.0,-1.0,0.0,-0.0
amd,AMD Threadripper 3970X,cpu,axpy_amd_20260725_215406,axpy_amd_20260725_215406_session4,4,4000000,20,10,10,0,0,0,-1,28223.0,3.5507264819473476e-05,5.948279771817317e-08,0.003132015092202877,3.5507264819473476e-05,5.948279771817317e-08,0.003132015092202877,0.009018108369060696,1.1298745703859636e-05,0.0018479292657049365,0.009018108369060696,1.1298745703859636e-05,0.0018479292657049365,nan,nan,nan,253.8539883736949,0.30385798482581095,0.0015402527469863905,225.30627770532647,0.37727650791333645,0.003124744195765608,1351.8376662319588,2.2636590474801324,0.003124744195765515,3.201509051797223e-07,8.225623070471466e-10,0.004911213324770879,1.1365661796514878e-11,4.727016901781866e-14,0.008038947345828152,83.5,1.0,0.017038717618952953,83.5,1.0,0.01924163428066811,81.0,0.0,0.005941523881176481,2654.5,25.5,0.026238408316842342,2607.5,54.5,0.030803361392801966,0.9890808946976398,0.016916746169795105,0.03841006218406519,-1.0,0.0,-0.0,-1.0,0.0,-0.0
amd,AMD Threadripper 3970X,cpu,axpy_amd_20260725_215406,axpy_amd_20260725_215406_session4,4,4000000,32,10,10,0,0,0,-1,25861.0,3.959608530219249e-05,6.61508255674546e-08,0.006604806588352783,3.959608530219249e-05,6.61508255674546e-08,0.006604806588352783,0.009946890568810178,1.1241270639186784e-05,0.004566030636011608,0.009946890568810178,1.1241270639186784e-05,0.004566030636011608,nan,nan,nan,251.3636727256675,0.36441291310120505,0.0026336621655305066,202.04043379057515,0.3372311503671028,0.00668637057818407,1212.2426027434508,2.02338690220256,0.006686370578184092,3.94132881595396e-07,1.1383756557837906e-09,0.010999552719454181,1.560915260723571e-11,7.521128721214435e-14,0.01744153027567522,71.0,1.0,0.028869509824399044,71.0,1.0,0.028869509824399044,69.0,1.0,0.01567008308707201,3095.5,45.5,0.020600175260645805,3027.5,47.0,0.019244428811312244,0.97621514850666,0.02035841569007457,0.030581630425174745,-1.0,0.0,-0.0,-1.0,0.0,-0.0
amd,AMD Threadripper 3970X,cpu,axpy_amd_20260725_215406,axpy_amd_20260725_215406_session4,4,4000000,64,10,10,0,0,0,-1,15838.0,6.43606538704382e-05,1.6493468240940588e-07,0.003919285776277886,6.43606538704382e-05,1.6493468240940588e-07,0.003919285776277886,0.014249774529612326,1.6633223891905288e-05,0.002442163157527019,0.014249774529612326,1.6633223891905288e-05,0.002442163157527019,nan,nan,nan,221.47333625890562,0.3032876722375022,0.0017914170554713643,124.29955509327996,0.3193464391362184,0.003918760340644836,745.7973305596798,1.916078634817211,0.003918760340644815,9.171336508933275e-07,2.883064498507987e-09,0.006277908037070265,5.90436634062513e-11,3.5097759135377147e-13,0.01017682931309384,70.0,1.5,0.03363288798788732,70.0,1.5,0.03363288798788732,66.0,0.0,0.027883867703482532,4109.5,14.5,0.012751418379039247,4112.0,8.5,0.0034231995696095033,0.9996372492109425,0.0029145184764038934,0.014378456737372442,-1.0,0.0,-0.0,-1.0,0.0,-0.0
amd,AMD Threadripper 3970X,cpu,axpy_amd_20260725_215406,axpy_amd_20260725_215406_session4,4,8000000,1,10,10,0,0,0,-1,312.0,0.003211547956730769,1.1790721153844344e-06,0.0005273333364110518,0.003211547956730769,1.1790721153844344e-06,0.0005273333364110518,0.23092978205128206,0.0002994134615384447,0.0019719392473737897,0.23092978205128206,0.0002994134615384447,0.0019719392473737897,nan,nan,nan,71.88546769635639,0.07150254754114371,0.0018165976365403205,4.982021215288219,0.0018297682244048374,0.0005273017128041686,29.892127291729317,0.010978609346425472,0.0005273017128041447,0.0007419018940044517,1.3055534129310974e-06,0.002243269767430129,2.3837245980921697e-06,5.258230417438662e-09,0.0025944694978090113,69.0,0.0,0.006831949576681619,69.0,0.0,0.006831949576681619,64.0,2.0,0.04073240928244329,1825.5,7.0,0.010484834068342037,1794.0,0.0,0.005420165304827265,0.9830187897905683,0.003761147869170922,0.013611065742803989,-1.0,0.0,-0.0,-1.0,0.0,-0.0
amd,AMD Threadripper 3970X,cpu,axpy_amd_20260725_215406,axpy_amd_20260725_215406_session4,4,8000000,2,10,10,0,0,0,-1,493.0,0.0021105197789046655,1.4326774847867995e-06,0.0009518620351590167,0.0021105197789046655,1.4326774847867995e-06,0.0009518620351590167,0.1762851298174442,0.000519761663286003,0.013872279907683718,0.1762851298174442,0.000519761663286003,0.013872279907683718,nan,nan,nan,83.59527313912774,0.16991591792896799,0.01432577850109743,7.581071419657144,0.005144910860606977,0.0009518009886997242,45.48642851794286,0.030869465163636534,0.0009518009886996678,0.00037184321001459595,1.4774274820166357e-06,0.013470791046816585,7.845095056674338e-07,3.751714575234885e-09,0.013126100175579494,71.5,0.5,0.019476487431200586,71.5,0.5,0.019476487431200586,67.5,3.0,0.06011465658504762,1910.0,1.0,0.010990689947330877,1834.0,1.0,0.008155206890216442,0.9602096872919292,0.0038029972136456314,0.014397232705806177,-1.0,0.0,-0.0,-1.0,0.0,-0.0
amd,AMD Threadripper 3970X,cpu,axpy_amd_20260725_215406,axpy_amd_20260725_215406_session4,4,8000000,4,10,10,0,0,0,-1,1843.0,0.0006142290746066197,2.1786814975580712e-07,0.0008654605306448868,0.0006142290746066197,2.1786814975580712e-07,0.0008654605306448868,0.06085080005425936,4.558355941400305e-05,0.0010289485897029898,0.06085080005425936,4.558355941400305e-05,0.0010289485897029898,nan,nan,nan,99.09308170002518,0.07778672751127402,0.0008027058219171723,26.048913473008852,0.00923633243851718,0.0008661826088308251,156.29348083805309,0.05541799463107111,0.0008661826088307873,3.738781534164534e-05,2.1545220742802846e-08,0.0017227907179245018,2.2966255700796303e-08,1.8399000668688206e-11,0.0025235709098123315,68.0,0.0,0.012857489512054525,68.0,0.0,0.012857489512054525,64.5,2.0,0.04440015435493825,1988.0,7.0,0.01441204037869489,1914.0,2.0,0.008401451213005196,0.9625156576094717,0.006743899744310111,0.015901369205529186,-1.0,0.0,-0.0,-1.0,0.0,-0.0
amd,AMD Threadripper 3970X,cpu,axpy_amd_20260725_215406,axpy_amd_20260725_215406_session4,4,8000000,8,10,10,0,0,0,-1,9792.0,0.00010195508506944444,3.472250816993473e-07,0.01015372262755581,0.00010195508506944444,3.472250816993473e-07,0.01015372262755581,0.019199877450980393,5.283026960784323e-05,0.006529025288420208,0.019199877450980393,5.283026960784323e-05,0.006529025288420208,nan,nan,nan,188.09626251836684,0.509352553493116,0.004085032278753333,156.93192312629972,0.5362333936699457,0.010021153678900023,941.5915387577984,3.217400362019589,0.010021153678900014,1.9586826980786395e-06,1.1900127273922387e-08,0.016655266070636176,1.9969762254370884e-10,1.8260048486730933e-12,0.027005281215302254,79.0,0.5,0.0155999060191081,79.0,0.5,0.0155999060191081,75.0,0.0,0.004221999546286221,2142.0,21.0,0.015098680318796832,2068.0,18.5,0.009485278284146303,0.96634866638701,0.01675298179535467,0.018700985564268188,-1.0,0.0,-0.0,-1.0,0.0,-0.0
amd,AMD Threadripper 3970X,cpu,axpy_amd_20260725_215406,axpy_amd_20260725_215406_session4,4,8000000,10,10,10,0,0,0,-1,7065.0,0.00014309871500353856,3.11980820948322e-07,0.005321567120934391,0.00014309871500353856,3.11980820948322e-07,0.005321567120934391,0.023694801486199575,1.8678910120310116e-05,0.0027573494155512207,0.023694801486199575,1.8678910120310116e-05,0.0027573494155512207,nan,nan,nan,165.65159076941694,0.2008190210743095,0.002732343063996506,111.81094650738652,0.24417465313474906,0.005276190258219176,670.8656790443192,1.465047918808466,0.005276190258219174,3.39053584955513e-06,9.962194117193344e-09,0.008043454801693167,4.85230965217808e-10,2.4821398174816626e-12,0.013424786473301524,72.0,0.5,0.013094570021973102,72.0,0.5,0.013094570021973102,65.0,0.0,0.010336118801080442,2233.5,37.0,0.018158447118900932,2189.0,19.0,0.01777276509319404,0.9775360374264942,0.010619883974400557,0.017255747878498418,-1.0,0.0,-0.0,-1.0,0.0,-0.0
amd,AMD Threadripper 3970X,cpu,axpy_amd_20260725_215406,axpy_amd_20260725_215406_session4,4,8000000,16,10,10,0,0,0,-1,16886.0,6.106238659244343e-05,1.7124040625368677e-07,0.0038115412998334427,6.106238659244343e-05,1.7124040625368677e-07,0.0038115412998334427,0.01648347329148407,1.6624215326306938e-05,0.0015443718262542515,0.01648347329148407,1.6624215326306938e-05,0.0015443718262542515,nan,nan,nan,269.86081964713077,0.612073402711502,0.003507077081214308,262.027167742232,0.7368145018462826,0.003805096246836243,1572.163006453392,4.420887011077639,0.003805096246836224,1.005868905806176e-06,3.2617840676532663e-09,0.004640957138121431,6.140520424025913e-11,3.7642558625898e-13,0.008361056309351009,83.0,3.0,0.03767909486891333,83.0,3.0,0.03767909486891333,81.0,1.5,0.023402256049922004,2420.0,20.5,0.01870189378361977,2383.0,18.5,0.01916172791222701,0.9835616503961309,0.009273318533854269,0.017956793766957312,-1.0,0.0,-0.0,-1.0,0.0,-0.0
amd,AMD Threadripper 3970X,cpu,axpy_amd_20260725_215406,axpy_amd_20260725_215406_session4,4,8000000,20,10,10,0,0,0,-1,12771.0,7.928620977214e-05,4.101701902748414e-07,0.006191981292649998,7.928620977214e-05,4.101701902748414e-07,0.006191981292649998,0.018945326716780203,2.7543496985357047e-05,0.0023155046276297233,0.018945326716780203,2.7543496985357047e-05,0.0023155046276297233,nan,nan,nan,238.68937553185822,0.8036930715039148,0.004394377217857515,201.80056752414993,1.0441187211780516,0.006172079530755493,1210.8034051448997,6.264712327068423,0.006172079530755519,1.500142628230349e-06,8.35637011546776e-09,0.008262571450974499,1.189406602903368e-10,1.2767121239428524e-12,0.014449212721781164,79.0,1.0,0.023450872647955968,79.0,1.0,0.023450872647955968,76.0,1.0,0.024672777824566883,2600.5,43.5,0.017668568608832848,2557.5,32.5,0.012615653241246317,0.9875647860378243,0.007798993974613533,0.019650236495753617,-1.0,0.0,-0.0,-1.0,0.0,-0.0
amd,AMD Threadripper 3970X,cpu,axpy_amd_20260725_215406,axpy_amd_20260725_215406_session4,4,8000000,32,10,10,0,0,0,-1,32541.0,3.133171641928643e-05,8.928036938016319e-08,0.005447789486633924,3.133171641928643e-05,8.928036938016319e-08,0.005447789486633924,0.008873580805752741,2.883997111336606e-05,0.005532346416333033,0.008873580805752741,2.883997111336606e-05,0.005532346416333033,nan,nan,nan,283.62162795542116,0.21712307449246282,0.0018306031808707672,510.665088022722,1.4552457212915897,0.0054664917838977796,3063.990528136332,8.731474327749538,0.0054664917838977535,2.7818323120437284e-07,1.2813769371390523e-09,0.0108056973994437,8.72095327159193e-12,6.212297670091057e-14,0.016161779559100753,74.0,1.0,0.036904979687433635,74.0,1.0,0.036904979687433635,68.5,1.5,0.02891640819920104,3071.5,84.0,0.04085172274713599,2811.0,67.0,0.0345708123675356,0.9047598929073053,0.016026284171280603,0.03530642078260755,-1.0,0.0,-0.0,-1.0,0.0,-0.0
amd,AMD Threadripper 3970X,cpu,axpy_amd_20260725_215406,axpy_amd_20260725_215406_session4,4,8000000,64,10,10,0,0,0,-1,13053.0,7.745128644755995e-05,1.2355853060599373e-07,0.004917180497156368,7.745128644755995e-05,1.2355853060599373e-07,0.004917180497156368,0.02070014739906535,1.768060982149794e-05,0.0029808031184249636,0.02070014739906535,1.768060982149794e-05,0.0029808031184249636,nan,nan,nan,267.20958484196296,0.46802787411871805,0.0021902535850662494,206.5815567486565,0.3291301705082361,0.0049055625107383045,1239.489340491939,1.9747810230494451,0.004905562510738311,1.6024272707647193e-06,4.485156195787497e-09,0.007833886595250741,1.241060413815754e-10,5.499441395647247e-13,0.012751740473142238,77.5,1.0,0.023710933225331868,77.5,1.0,0.023710933225331868,71.0,0.5,0.0331639612115752,4062.5,30.5,0.03901266522003874,4008.0,11.0,0.005994508002548285,0.9870765394846066,0.009529403791632696,0.046390909324991084,-1.0,0.0,-0.0,-1.0,0.0,-0.0
amd,AMD Threadripper 3970X,cpu,axpy_amd_20260725_215406,axpy_amd_20260725_215406_session4,4,16000000,1,10,10,0,0,0,-1,152.0,0.006604536565789474,1.775749342105247e-05,0.005687306070692127,0.006604536565789474,1.775749342105247e-05,0.005687306070692127,0.48134297039473684,0.0016951414473684034,0.005762742093535904,0.48134297039473684,0.0016951414473684034,0.005762742093535904,nan,nan,nan,72.87216776553257,0.112037649707176,0.002429907242378264,4.845155325827431,0.013062547448611461,0.0056597470412729535,29.070931954964585,0.07837528469167054,0.005659747041272958,0.0031791303771754767,2.3921806651033394e-05,0.011211959035689696,2.0997235950856857e-05,2.3155321669732765e-07,0.016862571162402796,70.0,1.0,0.01780463096777486,70.0,1.0,0.01780463096777486,66.5,2.5,0.05297014384697735,1793.0,0.0,0.01072196861043139,1809.0,15.0,0.013428442733263178,1.0005577244841048,0.005672605499873362,0.014563530392851286,-1.0,0.0,-0.0,-1.0,0.0,-0.0
amd,AMD Threadripper 3970X,cpu,axpy_amd_20260725_215406,axpy_amd_20260725_215406_session4,4,16000000,2,10,10,0,0,0,-1,229.0,0.00437064357860262,1.296565502183298e-06,0.0006987356912471688,0.00437064357860262,1.296565502183298e-06,0.0006987356912471688,0.35871471397379917,0.002618113537117911,0.008304565028690047,0.35871471397379917,0.002618113537117911,0.008304565028690047,nan,nan,nan,82.01466704029374,0.607136608700408,0.00819031634473709,7.32157621918985,0.0021711774379595816,0.0006989224969351809,43.9294573151391,0.013027064627756602,0.0006989224969351551,0.0015683680403944526,1.1498935024541602e-05,0.008474624005930733,6.856016276313628e-06,5.0059305456959697e-08,0.008697176277564885,72.5,1.0,0.016167875906022967,72.5,1.0,0.016167875906022967,68.5,2.0,0.043049899397925875,1831.0,0.0,0.01233661558699509,1833.0,0.0,0.0002816612738596718,1.0010922992900055,0.0002733729391197759,0.01207518825642581,-1.0,0.0,-0.0,-1.0,0.0,-0.0
amd,AMD Threadripper 3970X,cpu,axpy_amd_20260725_215406,axpy_amd_20260725_215406_session4,4,16000000,4,10,10,0,0,0,-1,295.0,0.003545385798305085,1.0284779661017332e-06,0.0006528520962712975,0.003545385798305085,1.0284779661017332e-06,0.0006528520962712975,0.3373424593220339,0.0002851949152542499,0.0015485558130781335,0.3373424593220339,0.0002851949152542499,0.0015485558130781335,nan,nan,nan,95.19557515129185,0.10276669654705728,0.001280590620244846,9.02581628389636,0.002618548894447237,0.0006532915928606809,54.15489770337816,0.015711293366681645,0.0006532915928606938,0.0011959464886722557,1.9064269412431877e-06,0.0020021326118218148,4.239869847407934e-06,8.921329815049625e-09,0.002543564083562888,70.0,1.0,0.019548078736181137,70.0,1.0,0.019548078736181137,64.5,2.5,0.04740426863923984,2011.5,31.0,0.02152855403269789,1910.0,0.0,0.02083009138670034,0.9562090321414041,0.008856635546251546,0.027718473005089093,-1.0,0.0,-0.0,-1.0,0.0,-0.0
amd,AMD Threadripper 3970X,cpu,axpy_amd_20260725_215406,axpy_amd_20260725_215406_session4,4,16000000,8,10,0,10,0,0,-1,1268.0,0.0009908116167192428,7.438249211357299e-07,0.00197572870137351,0.0009908116167192428,7.438249211357299e-07,0.00197572870137351,0.12069794006309148,0.0001683860410094662,0.0032604937778546125,0.12069794006309148,0.0001683860410094662,0.0032604937778546125,nan,nan,nan,121.75274032069754,0.18834744485474886,0.0034402160502834352,32.29675541001038,0.024246331930630305,0.0019734863858298533,193.78053246006232,0.14547799158378893,0.0019734863858297856,0.00011963129511609657,2.8607170603710784e-07,0.004154231757778329,1.1866346457443119e-07,3.6267808676170847e-10,0.00563403000498544,72.0,1.0,0.027777117180677175,72.0,1.0,0.027777117180677175,68.0,3.0,0.0639137490706142,2125.5,3.0,0.013925126604332441,2059.5,3.0,0.009554076164654255,0.9687132975485584,0.0032100251790647127,0.01975066364365982,-1.0,0.0,-0.0,-1.0,0.0,-0.0
amd,AMD Threadripper 3970X,cpu,axpy_amd_20260725_215406,axpy_amd_20260725_215406_session4,4,16000000,10,10,0,10,0,0,-1,841.0,0.0015076006349583827,4.940844233055578e-07,0.0006854221586261348,0.0015076006349583827,4.940844233055578e-07,0.0006854221586261348,0.16217012485136742,5.812960760996633e-05,0.0007322041425406299,0.16217012485136742,5.812960760996633e-05,0.0007322041425406299,nan,nan,nan,107.58219596266234,0.050480924970720764,0.0006944453697348018,21.225780465009912,0.006956386506697498,0.0006849519372929433,127.35468279005948,0.041738319040177885,0.0006849519372928976,0.00024439962156416517,1.8398534914852846e-07,0.0012370941652608495,3.683849369704175e-07,4.042229140001855e-10,0.001861996233110279,67.0,0.0,0.015949075664289908,67.0,0.0,0.015949075664289908,62.0,2.0,0.05889489865646948,2205.5,26.0,0.011526882059306678,2142.0,2.5,0.00464314476528305,0.9775568630158604,0.007001938139150621,0.01200572171528949,-1.0,0.0,-0.0,-1.0,0.0,-0.0
amd,AMD Threadripper 3970X,cpu,axpy_amd_20260725_215406,axpy_amd_20260725_215406_session4,4,16000000,16,10,0,10,0,0,-1,1592.0,0.0009506906824748743,1.33032412060304e-06,0.0018378467431804273,0.0009506906824748743,1.33032412060304e-06,0.0018378467431804273,0.12581482726130655,0.0002759327889447494,0.003350175559814645,0.12581482726130655,0.0002759327889447494,0.003350175559814645,nan,nan,nan,132.65355706798954,0.13875058572483567,0.00352982202898265,33.65973928735578,0.04714513338522863,0.001837809746184022,201.9584357241347,0.2828708003113576,0.0018378097461840559,0.00011935968659485502,9.19738165918211e-08,0.004096324737916276,1.1335938739161698e-07,1.462067890302085e-10,0.00539710658116381,66.0,1.0,0.021469079669196412,66.0,1.0,0.021469079669196412,59.5,2.5,0.05088487990079818,2433.0,36.5,0.016821988071848464,2364.5,2.5,0.0048493685189486815,0.9735251294219154,0.01320280825184833,0.015754335382610028,-1.0,0.0,-0.0,-1.0,0.0,-0.0
amd,AMD Threadripper 3970X,cpu,axpy_amd_20260725_215406,axpy_amd_20260725_215406_session4,4,16000000,20,10,0,10,0,0,-1,679.0,0.0019498486237113403,4.1882695139892727e-07,0.0003494411491880234,0.0019498486237113403,4.1882695139892727e-07,0.0003494411491880234,0.21686738144329898,8.4885861561107e-05,0.0009143903060928904,0.21686738144329898,8.4885861561107e-05,0.0009143903060928904,nan,nan,nan,111.23206999675388,0.04845816621057253,0.0007434267634538021,16.411530420471987,0.0035244368253675162,0.00034955455780787153,98.46918252283193,0.021146620952215756,0.0003495545578078877,0.00042292889712021946,1.9246936893999663e-07,0.001167485367870965,8.247923190470641e-07,3.2601503499289037e-10,0.0014605422413869707,67.0,1.0,0.023053472298853673,67.0,1.0,0.023053472298853673,61.0,3.0,0.049069518432665264,2556.5,15.5,0.009587244291939084,2506.5,13.5,0.08376350729321236,0.9751609963319199,0.012854941160170663,0.0839861565096823,-1.0,0.0,-0.0,-1.0,0.0,-0.0
amd,AMD Threadripper 3970X,cpu,axpy_amd_20260725_215406,axpy_amd_20260725_215406_session4,4,16000000,32,10,10,0,0,0,-1,1512.0,0.0007951313779761904,6.024120370371313e-07,0.0010774469539237242,0.0007951313779761904,6.024120370371313e-07,0.0010774469539237242,0.13386007407407408,0.00013748280423279968,0.0024782061204563152,0.13386007407407408,0.00013748280423279968,0.0024782061204563152,nan,nan,nan,168.35648852326284,0.36039862413554147,0.002568935442935788,40.24492255431055,0.030490033476844758,0.0010773164132155094,241.4695353258633,0.18294020086106855,0.0010773164132155478,0.00010641038011665485,1.4539855259533812e-07,0.002829160362637552,8.46196096736861e-08,1.93786766092993e-10,0.0034911575362096413,66.0,2.0,0.03183738602109113,66.0,2.0,0.03183738602109113,61.0,2.0,0.03863971481893703,2990.5,12.5,0.010579381981485936,2952.0,2.0,0.0049015394773074435,0.9891358604495135,0.007753992270729426,0.012521538359960822,-1.0,0.0,-0.0,-1.0,0.0,-0.0
amd,AMD Threadripper 3970X,cpu,axpy_amd_20260725_215406,axpy_amd_20260725_215406_session4,4,16000000,64,10,10,0,0,0,-1,1281.0,0.000913144637392662,5.821647150663499e-07,0.0010705008616904812,0.000913144637392662,5.821647150663499e-07,0.0010705008616904812,0.15563214246682278,0.00016273419203748085,0.0014465516381632077,0.15563214246682278,0.00016273419203748085,0.0014465516381632077,nan,nan,nan,170.41123801078584,0.34724404535486997,0.0022299313378821343,35.04374238571705,0.022340572850733764,0.0010704739779307945,210.26245431430232,0.1340434371044097,0.001070473977930829,0.00014217477557574264,1.1176944286102873e-07,0.0012250844324573251,1.298299149205256e-07,5.692369787009821e-11,0.00178822071623123,67.0,1.0,0.0220917601009767,67.0,1.0,0.0220917601009767,63.0,2.5,0.05062775004900836,4093.5,44.0,0.014465177250428169,4147.5,2.0,0.0019500617714480054,1.0108793953355137,0.00810044954084177,0.013852934641926372,-1.0,0.0,-0.0,-1.0,0.0,-0.0
amd,AMD Threadripper 3970X,cpu,axpy_amd_20260725_215406,axpy_amd_20260725_215406_session4,4,32000000,1,10,10,0,0,0,-1,77.0,0.0130913849025974,8.381525974029101e-06,0.001448864408452964,0.0130913849025974,8.381525974029101e-06,0.001448864408452964,0.9614102467532468,0.0008182792207793166,0.010106396300795661,0.9614102467532468,0.0008182792207793166,0.010106396300795661,nan,nan,nan,73.42030949025275,0.034879090849898375,0.009106682385257688,4.888711355453204,0.003127933680720396,0.001450178628705005,29.33226813271922,0.018767602084324153,0.0014501786287050118,0.01257730823061381,2.668177627223548e-05,0.011198892383299365,0.0001646014445628468,5.245178012745381e-07,0.012359161626894342,67.0,0.0,0.025461565988983678,67.0,0.0,0.025461565988983678,62.5,3.5,0.06734350297014738,1793.0,0.0,0.02093673789247873,1795.0,1.0,0.015994426040796424,1.0011154489682097,0.006144442352484236,0.019134126968725094,-1.0,0.0,-0.0,-1.0,0.0,-0.0
amd,AMD Threadripper 3970X,cpu,axpy_amd_20260725_215406,axpy_amd_20260725_215406_session4,4,32000000,2,10,10,0,0,0,-1,116.0,0.008654107810344827,4.759991379311122e-06,0.0011038166726005992,0.008654107810344827,4.759991379311122e-06,0.0011038166726005992,0.6912527068965517,0.0006414267241379168,0.004900100996570631,0.6912527068965517,0.0006414267241379168,0.004900100996570631,nan,nan,nan,79.84111201470742,0.06030538960477827,0.0056880903886083675,7.395332858930026,0.004066208192416543,0.0011050266621388434,44.37199715358015,0.02439724915449304,0.0011050266621388473,0.005986156010345925,9.373830582072324e-06,0.004256719931848692,5.184205774466232e-05,6.327665541162541e-08,0.0038304551823913693,70.5,0.5,0.019751579061584774,70.5,0.5,0.019751579061584774,66.0,2.0,0.03975970997031122,1832.0,0.0,0.0,1834.0,1.0,0.008789252178509127,1.0010917030567685,0.0005458515283842669,0.008789252178509134,-1.0,0.0,-0.0,-1.0,0.0,-0.0
amd,AMD Threadripper 3970X,cpu,axpy_amd_20260725_215406,axpy_amd_20260725_215406_session4,4,32000000,4,10,10,0,0,0,-1,139.0,0.007198922852517987,8.917661870502629e-07,0.00043005212949219637,0.007198922852517987,8.917661870502629e-07,0.00043005212949219637,0.7221253525179856,0.0020054388489208486,0.00595899553917347,0.7221253525179856,0.0020054388489208486,0.00595899553917347,nan,nan,nan,100.30084133165937,0.2781406072228094,0.006207729895385864,8.890218919248301,0.0011013004547582028,0.000429930631700243,53.34131351548981,0.00660780272855277,0.0004299306317002154,0.0052009723817962395,1.642231539335454e-05,0.005731991613120184,3.745903957297755e-05,1.2475052771528444e-07,0.0055294229257996435,71.0,1.0,0.033719233279495935,71.0,1.0,0.033719233279495935,68.0,4.0,0.06756886643181481,1904.0,2.0,0.009667492738694907,1908.0,1.0,0.005166791254718997,1.0015764586591733,0.0018400296682392625,0.008361158215084442,-1.0,0.0,-0.0,-1.0,0.0,-0.0
amd,AMD Threadripper 3970X,cpu,axpy_amd_20260725_215406,axpy_amd_20260725_215406_session4,4,32000000,8,10,10,0,0,0,-1,150.0,0.007087004483333333,6.015133333339868e-07,0.0005018053024294824,0.007087004483333333,6.015133333339868e-07,0.0005018053024294824,0.7265261466666666,0.009920143333333353,0.02121834786118981,0.7265261466666666,0.009920143333333353,0.02121834786118981,nan,nan,nan,102.43483667380508,1.4706113842581132,0.021268453554244893,9.030613740409756,0.0007664199972037267,0.0005012539369072385,54.18368244245853,0.004598519983215255,0.0005012539369072401,0.005152016919570938,6.766266939481824e-05,0.021179849030354084,3.653454168616412e-05,4.607637437009852e-07,0.02115305921571323,67.0,1.0,0.02328411941266599,67.0,1.0,0.02328411941266599,62.5,3.0,0.06286335819341984,2133.0,30.0,0.01522268223123939,2067.5,3.0,0.007595274425490548,0.9678856071261135,0.01619706635791679,0.019242159580997745,-1.0,0.0,-0.0,-1.0,0.0,-0.0
amd,AMD Threadripper 3970X,cpu,axpy_amd_20260725_215406,axpy_amd_20260725_215406_session4,4,32000000,10,10,10,0,0,0,-1,158.0,0.006773962962025317,1.390743670885708e-06,0.000230477450940635,0.006773962962025317,1.390743670885708e-06,0.000230477450940635,0.768145082278481,0.0011389905063290962,0.002035675940489293,0.768145082278481,0.0011389905063290962,0.002035675940489293,nan,nan,nan,113.40400857734645,0.16187437743910493,0.002026415833485516,9.447940652152976,0.0019396363466954725,0.00023049247313191182,56.68764391291786,0.011637818080174611,0.00023049247313193288,0.005203441691750178,7.986903987761574e-06,0.002070720465178921,3.525149663489956e-05,6.3481677724822e-08,0.002130272396998846,71.5,1.5,0.03607880354161197,71.5,1.5,0.03607880354161197,67.5,4.5,0.0743205774977403,2203.0,16.0,0.010705959754891267,2140.0,2.0,0.008304204461080454,0.9714026327734907,0.004185024689181693,0.011070325582635036,-1.0,0.0,-0.0,-1.0,0.0,-0.0
amd,AMD Threadripper 3970X,cpu,axpy_amd_20260725_215406,axpy_amd_20260725_215406_session4,4,32000000,16,10,10,0,0,0,-1,149.0,0.007153388137583892,9.276543624157745e-07,0.00021362786395630234,0.007153388137583892,9.276543624157745e-07,0.00021362786395630234,0.8687790469798659,0.0004402281879193892,0.0009689479061015593,0.8687790469798659,0.0004402281879193892,0.0009689479061015593,nan,nan,nan,121.41960706491767,0.08693739701283221,0.0009891731409726145,8.946809371331257,0.0011603853418549193,0.00021360824423304184,53.68085622798755,0.006962312051133068,0.00021360824423306292,0.006216526591553627,1.857359762669382e-06,0.000995268606244021,4.446982318997314e-05,2.287405168433594e-08,0.0010647005593365372,71.0,1.0,0.019889712376047357,71.0,1.0,0.019889712376047357,68.0,2.5,0.04756494246783805,2412.0,18.5,0.009101658271525724,2365.0,0.5,0.0051716008591511445,0.9807244340058525,0.007754210833129271,0.012030333226698093,-1.0,0.0,-0.0,-1.0,0.0,-0.0
amd,AMD Threadripper 3970X,cpu,axpy_amd_20260725_215406,axpy_amd_20260725_215406_session4,4,32000000,20,10,10,0,0,0,-1,142.0,0.007419498545774648,2.0879084507039944e-06,0.0002541834697543017,0.007419498545774648,2.0879084507039944e-06,0.0002541834697543017,0.9194244049295774,0.0018236549295775895,0.0028423744865578916,0.9194244049295774,0.0018236549295775895,0.0028423744865578916,nan,nan,nan,123.94053450305,0.238744959055758,0.0030250267961953385,8.625919879247775,0.0024273925131979013,0.0002541851598738881,51.75551927548665,0.014564355079183855,0.0002541851598738684,0.0068214231691460835,1.3350972043756331e-05,0.0026714350212980378,5.061037470378545e-05,9.181388970099557e-08,0.002514597746069341,68.5,0.5,0.01551024751788258,68.5,0.5,0.01551024751788258,62.5,2.5,0.048279349053717356,2558.0,18.5,0.011279354510698173,2518.0,1.0,0.004889348490371693,0.9848039440355171,0.008691285529981552,0.013723574364179697,-1.0,0.0,-0.0,-1.0,0.0,-0.0
amd,AMD Threadripper 3970X,cpu,axpy_amd_20260725_215406,axpy_amd_20260725_215406_session4,4,32000000,32,10,10,0,0,0,-1,154.0,0.007178254405844156,1.7390422077925502e-06,0.0007191008449259716,0.007178254405844156,1.7390422077925502e-06,0.0007191008449259716,1.0862084512987011,0.00034974350649352726,0.0008394320296971865,1.0862084512987011,0.00034974350649352726,0.0008394320296971865,nan,nan,nan,151.3214247921819,0.050837373870720626,0.0005080152979687199,8.915816635911085,0.0021605825837855974,0.0007183874300198139,53.49489981546651,0.012963495502717137,0.0007183874300198016,0.007797737053927486,3.7810760343277156e-06,0.001479222611655547,5.5969115051310566e-05,4.131132401789434e-08,0.0021706058257362267,70.0,1.5,0.02776643759450143,70.0,1.5,0.02776643759450143,67.5,2.0,0.04613740545022738,2963.0,1.0,0.00549001267407825,2952.0,14.5,0.007024035068614905,0.9961181148638748,0.00752744758166396,0.010118868200405483,-1.0,0.0,-0.0,-1.0,0.0,-0.0
amd,AMD Threadripper 3970X,cpu,axpy_amd_20260725_215406,axpy_amd_20260725_215406_session4,4,32000000,64,10,10,0,0,0,-1,155.0,0.007241062870967742,1.0731435483871121e-05,0.002164133138756064,0.007241062870967742,1.0731435483871121e-05,0.002164133138756064,1.1308039483870969,0.0016999387096773289,0.0031230516393288285,1.1308039483870969,0.0016999387096773289,0.0031230516393288285,nan,nan,nan,156.17148329710804,0.1392868597220911,0.002514861684662031,8.83848205408983,0.013079935763313344,0.0021615701839809583,53.030892324538975,0.07847961457987651,0.0021615701839809783,0.008184819482776311,2.9842595210709255e-05,0.004746803138166231,5.923151538881348e-05,3.221387004946131e-07,0.006685342428784137,68.0,2.0,0.044697809092155275,68.0,2.0,0.044697809092155275,64.0,2.5,0.051702683384418364,4089.0,5.5,0.0046455840075993625,4171.5,3.0,0.003912069418139055,1.0197974118851616,0.0023455742033163807,0.0033717138498625984,-1.0,0.0,-0.0,-1.0,0.0,-0.0
amd,AMD Threadripper 3970X,cpu,axpy_amd_20260725_215406,axpy_amd_20260725_215406_session4,4,64000000,1,10,10,0,0,0,-1,39.0,0.02604467453846154,2.1998628205125575e-05,0.0031424443738333873,0.02604467453846154,2.1998628205125575e-05,0.0031424443738333873,1.9275229871794872,0.008274525641025487,0.005935180286832129,1.9275229871794872,0.008274525641025487,0.005935180286832129,nan,nan,nan,73.64148897074213,0.3407246085389204,0.006574270056029066,4.914633136032718,0.004152877923479625,0.0031267552171181014,29.48779881619631,0.024917267540875088,0.0031267552171180815,0.050271064332207765,0.0001894434209517397,0.006857086646177077,0.0013084201142129004,5.993255840885622e-06,0.008882499701676882,71.0,1.0,0.014505555603773097,71.0,1.0,0.014505555603773097,66.5,3.0,0.04796039225991035,1793.0,0.0,0.00017637780468338332,1794.0,0.0,0.017724880935033917,1.0005577244841048,0.0,0.017703555109408613,-1.0,0.0,-0.0,-1.0,0.0,-0.0
amd,AMD Threadripper 3970X,cpu,axpy_amd_20260725_215406,axpy_amd_20260725_215406_session4,4,64000000,2,10,10,0,0,0,-1,59.0,0.017167355466101694,1.8409237288134067e-06,0.0005492969818823596,0.017167355466101694,1.8409237288134067e-06,0.0005492969818823596,1.381327686440678,0.0018109237288134183,0.003942749239982599,1.381327686440678,0.0018109237288134183,0.003942749239982599,nan,nan,nan,80.46454133934438,0.06074332790005599,0.0037645582732941793,7.456011524207579,0.000799612482370371,0.0005489029951503226,44.736069145245466,0.00479767489423466,0.0005489029951502851,0.023711200513854593,3.8873434293880404e-05,0.004186008905912715,0.00040701495767873485,7.572792182777236e-07,0.004483905003394952,69.0,0.0,0.009739517427280705,69.0,0.0,0.009739517427280705,65.5,2.0,0.04646744769809142,1832.0,0.0,0.007998203596760265,1835.0,1.0,0.006996195676843682,1.0013646288209608,0.0005467455529623022,0.011869807136287247,-1.0,0.0,-0.0,-1.0,0.0,-0.0
amd,AMD Threadripper 3970X,cpu,axpy_amd_20260725_215406,axpy_amd_20260725_215406_session4,4,64000000,4,10,10,0,0,0,-1,70.0,0.014310285635714286,2.498771428572147e-06,0.0004945880371879991,0.014310285635714286,2.498771428572147e-06,0.0004945880371879991,1.3285646357142857,0.0009104714285715909,0.001469731844726575,1.3285646357142857,0.0009104714285715909,0.001469731844726575,nan,nan,nan,92.85229883757339,0.08869061306669579,0.0013718630392765498,8.944615328906991,0.0015618697272401505,0.0004949875136074565,53.66769197344194,0.009371218363440903,0.0004949875136074223,0.019010820379348217,2.1637391525428096e-05,0.0017108574593723324,0.0002720309557842851,3.861494867052199e-07,0.0020448934094217577,71.0,0.0,0.0059553251603924285,71.0,0.0,0.0059553251603924285,66.0,2.5,0.048412970968041855,1903.5,0.5,0.004082601954792663,1910.0,0.0,0.00498047685430686,1.0034148315132674,0.0002635710090657106,0.006804881198237917,-1.0,0.0,-0.0,-1.0,0.0,-0.0
amd,AMD Threadripper 3970X,cpu,axpy_amd_20260725_215406,axpy_amd_20260725_215406_session4,4,64000000,8,10,10,0,0,0,-1,70.0,0.014464923792857142,1.485842857141574e-06,0.00015264935586558796,0.014464923792857142,1.485842857141574e-06,0.00015264935586558796,1.75740445,0.001422592857142857,0.0009151402341690283,1.75740445,0.001422592857142857,0.0009151402341690283,nan,nan,nan,121.4685905344661,0.0738495049892407,0.0008886689412720417,8.848992354342577,0.000909013781794421,0.00015264973347443595,53.093954126055465,0.00545408269076475,0.00015264973347442216,0.025422687525682566,2.4753129008356703e-05,0.0009652882461784828,0.0003677501826371123,3.8531304795926305e-07,0.0010356791919420387,70.0,1.0,0.011301012002100508,70.0,1.0,0.011301012002100508,63.5,2.0,0.03932774658714609,2050.5,2.0,0.005922532996409118,2063.0,0.5,0.006142127546119868,1.005852231511101,0.0017118412131277294,0.008745273413642621,-1.0,0.0,-0.0,-1.0,0.0,-0.0
amd,AMD Threadripper 3970X,cpu,axpy_amd_20260725_215406,axpy_amd_20260725_215406_session4,4,64000000,10,10,10,0,0,0,-1,69.0,0.01460110288405797,1.6908985507237823e-06,0.00024012756111035447,0.01460110288405797,1.6908985507237823e-06,0.00024012756111035447,1.5587761811594203,0.0008849565217390332,0.001621617985176981,1.5587761811594203,0.0008849565217390332,0.001621617985176981,nan,nan,nan,106.74520329955357,0.05158158869102181,0.0016455455304824715,8.766461069573943,0.0010151847762092103,0.00024006977573357363,52.598766417443656,0.0060911086572481565,0.0002400697757335794,0.022764655255038256,1.941298882598974e-05,0.0016329574319473158,0.00033241080395956493,3.0739976910110537e-07,0.0016788741910371734,71.5,0.5,0.014857642432978685,71.5,0.5,0.014857642432978685,64.5,1.5,0.03994033476211088,2178.0,19.5,0.011808330491359403,2139.0,1.0,0.0014164446101040896,0.9818951669006691,0.009211413943177815,0.012884430164516394,-1.0,0.0,-0.0,-1.0,0.0,-0.0
amd,AMD Threadripper 3970X,cpu,axpy_amd_20260725_215406,axpy_amd_20260725_215406_session4,4,64000000,16,10,10,0,0,0,-1,69.0,0.014625053311594203,1.7931666666665125e-06,0.00020705035607320645,0.014625053311594203,1.7931666666665125e-06,0.00020705035607320645,1.720300695652174,0.0027290797101447994,0.0015744986138231936,1.720300695652174,0.0027290797101447994,0.0015744986138231936,nan,nan,nan,117.65099205991211,0.14497247157669335,0.0015419644274790945,8.752104859809439,0.0010729670628855104,0.0002070681480939552,52.51262915885664,0.006437802377320168,0.0002070681480938883,0.025160447514175878,4.272156980819272e-05,0.0016328726142439103,0.00036801874559325257,6.340437937976705e-07,0.0017144425852029116,70.0,1.0,0.02125795331575144,70.0,1.0,0.02125795331575144,66.0,2.0,0.04269065804998247,2428.0,1.0,0.011386489064843339,2371.0,2.0,0.01263457480262623,0.9767298187808896,0.003079378536679833,0.008953153350812324,-1.0,0.0,-0.0,-1.0,0.0,-0.0
amd,AMD Threadripper 3970X,cpu,axpy_amd_20260725_215406,axpy_amd_20260725_215406_session4,4,64000000,20,10,10,0,0,0,-1,63.0,0.015952871944444447,3.7863015872989514e-06,0.00044857134136860535,0.015952871944444447,3.7863015872989514e-06,0.00044857134136860535,1.9569994365079366,0.0034153730158730244,0.0031548480986606266,1.9569994365079366,0.0034153730158730244,0.0031548480986606266,nan,nan,nan,122.76982372834038,0.20704448580615775,0.003357248193466992,8.023633676465098,0.0019038929638393043,0.00044866763877361146,48.14180205879059,0.011423357783037602,0.0004486676387736396,0.031211438923977784,4.588956058953174e-05,0.003006074541657008,0.0004979370970895774,7.605235539793987e-07,0.002919093955388813,71.0,0.5,0.015521931376792832,71.0,0.5,0.015521931376792832,67.0,2.5,0.04712732711700942,2567.0,27.0,0.011097772415270353,2517.5,0.5,0.0063028295104531964,0.9867065026946091,0.008978290419551616,0.013399890183308876,-1.0,0.0,-0.0,-1.0,0.0,-0.0
amd,AMD Threadripper 3970X,cpu,axpy_amd_20260725_215406,axpy_amd_20260725_215406_session4,4,64000000,32,10,10,0,0,0,-1,68.0,0.014814816838235293,1.7670955882358522e-06,0.0001800213251008551,0.014814816838235293,1.7670955882358522e-06,0.0001800213251008551,2.2033776102941176,0.00486830882352951,0.002575050954578236,2.2033776102941176,0.00486830882352951,0.002575050954578236,nan,nan,nan,148.7190770277607,0.2998335750491634,0.0025279550653790023,8.639998820090728,0.001030560780755252,0.00018002467595530137,51.839992920544375,0.0061833646845315116,0.0001800246759553078,0.03264458743565485,7.406224958477967e-05,0.002633573670717298,0.0004836525016046751,1.1259435759521954e-06,0.0027027803811858772,66.0,1.0,0.02649147082598415,66.0,1.0,0.02649147082598415,60.5,2.5,0.04822294856288422,2979.0,20.0,0.013758566843729236,2966.5,7.5,0.006274313987924597,0.9969806968904628,0.008481991814942413,0.014487703491271473,-1.0,0.0,-0.0,-1.0,0.0,-0.0
amd,AMD Threadripper 3970X,cpu,axpy_amd_20260725_215406,axpy_amd_20260725_215406_session4,4,64000000,64,10,10,0,0,0,-1,67.0,0.015119445970149251,1.1958126865669293e-05,0.001738860022732371,0.015119445970149251,1.1958126865669293e-05,0.001738860022732371,2.375020425373134,0.005082156716418096,0.0025223941016858753,2.375020425373134,0.005082156716418096,0.0025223941016858753,nan,nan,nan,157.12941829104804,0.3954956304998518,0.003429582560759097,8.465919026130099,0.006700740659861815,0.0017392120887947428,50.795514156780584,0.04020444395917977,0.0017392120887947766,0.035902216495266814,4.76882800581023e-05,0.002658181984649208,0.0005425804167305068,4.991332792679353e-07,0.0037240926762462222,73.0,2.0,0.036020599886859773,73.0,2.0,0.036020599886859773,70.0,4.0,0.06563832739090582,4052.0,15.0,0.004075473076865116,4119.0,4.5,0.0029045068401037212,1.0153426046744904,0.0032994723124745162,0.004051528754018088,-1.0,0.0,-0.0,-1.0,0.0,-0.0
amd,AMD Threadripper 3970X,cpu,axpy_amd_20260725_215406,axpy_amd_20260725_215406_session4,4,128000000,1,10,10,0,0,0,-1,20.0,0.0519705236,5.38161250000016e-05,0.0031331046198572543,0.0519705236,5.38161250000016e-05,0.0031331046198572543,3.7364205999999998,0.004367650000000278,0.0030565381097748642,3.7364205999999998,0.004367650000000278,0.0030565381097748642,nan,nan,nan,71.90205391981604,0.02204174800918679,0.0005032886815492795,4.9258700627471494,0.0051017322835011925,0.003121145698915681,29.555220376482893,0.03061039370100893,0.003121145698915736,0.1941837877663749,0.00047067172304723903,0.0061810216479552035,0.010091837695646361,3.490642357027816e-05,0.009331002820153039,69.5,0.5,0.011879835531725318,69.5,0.5,0.011879835531725318,63.5,1.5,0.03940532909867139,1793.0,0.0,0.008221011745156489,1794.0,0.0,0.013079173562050433,1.0005577244841048,0.008511646590522837,0.017528294310579652,-1.0,0.0,-0.0,-1.0,0.0,-0.0
amd,AMD Threadripper 3970X,cpu,axpy_amd_20260725_215406,axpy_amd_20260725_215406_session4,4,128000000,2,10,10,0,0,0,-1,30.0,0.034120441966666665,2.6216600000003587e-05,0.0015515996849364212,0.034120441966666665,2.6216600000003587e-05,0.0015515996849364212,2.7176153666666667,0.00796696666666663,0.0036321152451733642,2.7176153666666667,0.00796696666666663,0.0036321152451733642,nan,nan,nan,79.8392122068191,0.17716915366535346,0.003944771191167829,7.502833645885805,0.005760410497691382,0.0015540569281576695,45.01700187531483,0.03456246298614829,0.0015540569281576632,0.09265283493567175,0.00027915837742836097,0.0039539535038812116,0.003161465754290541,1.3516343910825257e-05,0.0047815092637811755,71.0,1.0,0.024879388598457938,71.0,1.0,0.024879388598457938,65.5,1.5,0.03638963525039103,1832.0,0.0,0.01271194973865394,1834.0,0.0,0.0066116984024980644,1.0013646288209608,0.003023615797260959,0.015291466243378335,-1.0,0.0,-0.0,-1.0,0.0,-0.0
amd,AMD Threadripper 3970X,cpu,axpy_amd_20260725_215406,axpy_amd_20260725_215406_session4,4,128000000,4,10,10,0,0,0,-1,36.0,0.028505834833333334,1.3734111111111252e-05,0.0006082221832975644,0.028505834833333334,1.3734111111111252e-05,0.0006082221832975644,2.524130513888889,0.0020379999999999843,0.003979767522832438,2.524130513888889,0.0020379999999999843,0.003979767522832438,nan,nan,nan,88.55067155695806,0.08882771669884448,0.00444721822779008,8.980617535961361,0.00432474602421884,0.000608048441551853,53.88370521576817,0.025948476145313037,0.0006080484415518616,0.07193770494264351,8.719200153129575e-05,0.0035544165570295934,0.0020494249915925054,3.3310299763112273e-06,0.003188160099903871,67.0,0.0,0.012474468087449229,67.0,0.0,0.012474468087449229,63.5,2.5,0.04284237389582201,1910.0,0.0,0.0002468086496288124,1916.0,0.0,0.006426227701548046,1.0031413612565445,0.0005235602094240122,0.006430910042998301,-1.0,0.0,-0.0,-1.0,0.0,-0.0
amd,AMD Threadripper 3970X,cpu,axpy_amd_20260725_215406,axpy_amd_20260725_215406_session4,4,128000000,8,10,10,0,0,0,-1,35.0,0.02876808692857143,3.117357142859087e-06,0.00015472484251866333,0.02876808692857143,3.117357142859087e-06,0.00015472484251866333,2.886547885714286,0.0014200714285712568,0.0005880455279381393,2.886547885714286,0.0014200714285712568,0.0005880455279381393,nan,nan,nan,100.34114949563303,0.049524613624008396,0.0006398472297611758,8.898749529326157,0.0009643332552382589,0.00015472008144643766,53.39249717595695,0.005785999531433106,0.00015472008144637513,0.08303830319113076,4.096360817176792e-05,0.0005744762685231971,0.002389058895926755,1.0448594660367096e-06,0.0006017351740078566,70.0,0.0,0.018004191739630988,70.0,0.0,0.018004191739630988,64.5,1.5,0.05385289023992758,2054.5,2.0,0.014206159207446988,2066.0,0.0,0.014646245297617152,1.005842259006816,0.0004914807113163278,0.01065190403372551,-1.0,0.0,-0.0,-1.0,0.0,-0.0
amd,AMD Threadripper 3970X,cpu,axpy_amd_20260725_215406,axpy_amd_20260725_215406_session4,4,128000000,10,10,10,0,0,0,-1,35.0,0.029048359057142856,4.499200000000758e-06,0.00019261828422758359,0.029048359057142856,4.499200000000758e-06,0.00019261828422758359,2.992274071428571,0.007370471428571612,0.003228886670845213,2.992274071428571,0.007370471428571612,0.003228886670845213,nan,nan,nan,102.99495192616357,0.24392892031361413,0.0032859831170620342,8.81289029693557,0.0013649576407157582,0.00019262149794223944,52.87734178161344,0.008189745844287444,0.0001926214979422314,0.08693342688864404,0.00019692278445612027,0.003182438761394271,0.002525644554645405,5.269499403182673e-06,0.003147110309279629,73.0,1.0,0.013603678878409757,73.0,1.0,0.013603678878409757,65.5,1.5,0.03933241490271803,2124.0,2.0,0.0033653671659805433,2138.0,2.0,0.006143814231746123,1.0065944432907163,0.0018901199899015175,0.007380039162670257,-1.0,0.0,-0.0,-1.0,0.0,-0.0
amd,AMD Threadripper 3970X,cpu,axpy_amd_20260725_215406,axpy_amd_20260725_215406_session4,4,128000000,16,10,10,0,0,0,-1,35.0,0.029116650657142855,6.314457142858609e-06,0.0002581761301958828,0.029116650657142855,6.314457142858609e-06,0.0002581761301958828,3.3976017571428576,0.0027878285714280082,0.002788421596918571,3.3976017571428576,0.0027878285714280082,0.002788421596918571,nan,nan,nan,116.71046777450229,0.06591027085158174,0.0028058490348244055,8.792220068859802,0.0019066269299363725,0.00025815549802455333,52.75332041315881,0.011439761579612906,0.000258155498024503,0.09891991714391454,8.826120169219687e-05,0.00279484915078916,0.0028800167900115193,3.065419961861089e-06,0.0028249745719106647,72.0,1.0,0.016037507477489603,72.0,1.0,0.016037507477489603,65.0,2.5,0.050914532723070526,2347.0,1.5,0.013409519676009287,2371.5,3.5,0.0054025529264745435,1.0093736685129953,0.0032038349088796547,0.011263931175820677,-1.0,0.0,-0.0,-1.0,0.0,-0.0
amd,AMD Threadripper 3970X,cpu,axpy_amd_20260725_215406,axpy_amd_20260725_215406_session4,4,128000000,20,10,10,0,0,0,-1,32.0,0.031933676734375,5.3494843750001575e-06,0.00029176019372291034,0.031933676734375,5.3494843750001575e-06,0.00029176019372291034,3.855670609375,0.003719843750000118,0.0018975018770700143,3.855670609375,0.003719843750000118,0.0018975018770700143,nan,nan,nan,120.74724297317911,0.11920364607163236,0.0017948175377380602,8.016615254751141,0.001343018467475865,0.00029175675823591357,48.09969152850684,0.008058110804856966,0.0002917567582359618,0.12311830493293696,0.00012663305690555765,0.00203724151206244,0.00393138278086309,3.3607374979828172e-06,0.0022070103361941204,73.0,0.5,0.012622755267481888,73.0,0.5,0.012622755267481888,69.5,2.5,0.04358299678720267,2531.0,3.5,0.005659413369162699,2515.5,2.5,0.005225438141048747,0.9940745810402822,0.0019711207023401234,0.008070808960785417,-1.0,0.0,-0.0,-1.0,0.0,-0.0
amd,AMD Threadripper 3970X,cpu,axpy_amd_20260725_215406,axpy_amd_20260725_215406_session4,4,128000000,32,10,10,0,0,0,-1,34.0,0.029579345838235294,2.570544117648857e-06,0.00012590292585739027,0.029579345838235294,2.570544117648857e-06,0.00012590292585739027,4.437424897058824,0.0021323088235294385,0.001402396373795408,4.437424897058824,0.0021323088235294385,0.001402396373795408,nan,nan,nan,150.01531443624773,0.05446877185467258,0.0013626697829662831,8.6546876805482,0.0007521216652524032,0.0001259039223271814,51.9281260832892,0.004512729991514419,0.00012590392232716865,0.13125819714958326,7.809223814514432e-05,0.0014519948442961558,0.0038824957303880293,2.754244076613732e-06,0.001510492801008017,69.0,0.5,0.013663899153363237,69.0,0.5,0.013663899153363237,64.5,2.5,0.05260158822063582,2924.0,12.5,0.00625259069706029,2963.5,1.0,0.005088227864465161,1.0123560990895897,0.006558439915898884,0.007891869400443199,-1.0,0.0,-0.0,-1.0,0.0,-0.0
amd,AMD Threadripper 3970X,cpu,axpy_amd_20260725_215406,axpy_amd_20260725_215406_session4,4,128000000,64,10,10,0,0,0,-1,34.0,0.030001094926470587,2.4689117647058376e-05,0.0011438565441767537,0.030001094926470587,2.4689117647058376e-05,0.0011438565441767537,4.6590361323529415,0.0029708235294121366,0.0009084205629711999,4.6590361323529415,0.0029708235294121366,0.0009084205629711999,nan,nan,nan,155.2273506356903,0.10004241309603401,0.0007312208812038464,8.533024178808544,0.007025679135600704,0.0011434381400794154,51.19814507285126,0.04215407481361311,0.0011434381400794212,0.13975614854252708,0.0002332798152110266,0.0019320982369531608,0.0041928376868451194,1.0442967759471782e-05,0.00304316681793986,70.0,1.0,0.01761135521927963,70.0,1.0,0.01761135521927963,67.0,2.5,0.04712732711700942,4084.5,8.0,0.0054254581063615534,4142.5,3.5,0.0010807991110068761,1.0146811773414837,0.0024637047166827797,0.0054849187186132315,-1.0,0.0,-0.0,-1.0,0.0,-0.0
amd,AMD Threadripper 3970X,cpu,axpy_amd_20260725_215406,axpy_amd_20260725_215406_session4,4,256000000,1,10,10,0,0,0,-1,10.0,0.10372852905,7.826075000000321e-05,0.002281954637713278,0.10372852905,7.826075000000321e-05,0.002281954637713278,7.460868250000001,0.011363399999999135,0.006988579274887951,7.460868250000001,0.011363399999999135,0.006988579274887951,nan,nan,nan,71.95341607407818,0.06025302406698074,0.009148742449464597,4.935961269115028,0.0037251602396342065,0.00227806483172455,29.61576761469017,0.022350961437807015,0.0022780648317245714,0.7735516331792831,0.0012319242231594862,0.004920994051091988,0.08021059113303464,0.00011500731962947597,0.0031433798015694033,70.0,1.0,0.011301012002100508,70.0,1.0,0.011301012002100508,66.0,0.0,0.006369139295404591,1793.0,0.0,0.01077533026427661,1794.0,0.0,0.006999758095376564,1.0005577244841048,0.0,0.011615162870822562,-1.0,0.0,-0.0,-1.0,0.0,-0.0
amd,AMD Threadripper 3970X,cpu,axpy_amd_20260725_215406,axpy_amd_20260725_215406_session4,4,256000000,2,10,10,0,0,0,-1,15.0,0.06766164999999999,4.234310000000158e-05,0.0012019513197636983,0.06766164999999999,4.234310000000158e-05,0.0012019513197636983,5.4266333,0.014896366666666605,0.005243182107984644,5.4266333,0.014896366666666605,0.005243182107984644,nan,nan,nan,80.26676853259421,0.16084153450304228,0.005340960895855547,7.567063470480517,0.004735409387265133,0.0012022333971023322,45.4023808228831,0.028412456323586355,0.001202233397102258,0.36687895084917155,0.000876368470898975,0.005418038103827406,0.02480621333005413,7.345806249719512e-05,0.005840922927681788,72.0,0.5,0.010262375345933543,72.0,0.5,0.010262375345933543,66.5,1.5,0.03418090650873648,1832.0,1.0,0.005639647401684479,1834.0,0.0,0.00017241577123212364,1.0013646288209608,0.00027382011404730733,0.005582634170864928,-1.0,0.0,-0.0,-1.0,0.0,-0.0
amd,AMD Threadripper 3970X,cpu,axpy_amd_20260725_215406,axpy_amd_20260725_215406_session4,4,256000000,4,10,10,0,0,0,-1,18.0,0.056664294472222224,1.1662666666668875e-05,0.0004038175107198253,0.056664294472222224,1.1662666666668875e-05,0.0004038175107198253,5.037189638888889,0.01960224999999971,0.0076807408609599285,5.037189638888889,0.01960224999999971,0.0076807408609599285,nan,nan,nan,88.90385941072972,0.3434346075898418,0.007678931141509308,9.035672385946977,0.0018593572424068228,0.0004039997672540778,54.21403431568186,0.011156143454432055,0.0004039997672540744,0.2854551637856022,0.0011725858746590712,0.007703769468592786,0.016178946944103288,5.821518233382027e-05,0.007747799050493176,71.0,1.0,0.023075745772987565,71.0,1.0,0.023075745772987565,66.0,2.0,0.04955081172078453,1908.0,1.0,0.016482010479576616,1915.0,1.5,0.01573920994797594,1.0034058849562868,0.00237393798962815,0.02335598381554165,-1.0,0.0,-0.0,-1.0,0.0,-0.0
amd,AMD Threadripper 3970X,cpu,axpy_amd_20260725_215406,axpy_amd_20260725_215406_session4,4,256000000,8,10,10,0,0,0,-1,18.0,0.0571095623611111,6.444611111093568e-06,0.00014112336758583666,0.0571095623611111,6.444611111093568e-06,0.00014112336758583666,5.649518638888889,0.004584583333333114,0.004917460154058659,5.649518638888889,0.004584583333333114,0.004917460154058659,nan,nan,nan,98.9271209393333,0.07903421363309349,0.004951021368221397,8.965223666365727,0.0010118075296423612,0.00014112003026577137,53.791341998194355,0.006070845177863049,0.00014112003026581118,0.3226320608406657,0.000265879692965848,0.004887724224653583,0.01842623688664894,1.5380805973415346e-05,0.004861884048721613,68.5,0.5,0.01988853874319735,68.5,0.5,0.01988853874319735,63.5,1.5,0.04464567008871185,2056.0,0.0,0.004040422569447484,2067.5,1.5,0.006340806568032258,1.0053501945525292,0.0012159533073929918,0.008299129588510422,-1.0,0.0,-0.0,-1.0,0.0,-0.0
amd,AMD Threadripper 3970X,cpu,axpy_amd_20260725_215406,axpy_amd_20260725_215406_session4,4,256000000,10,10,10,0,0,0,-1,18.0,0.05763854,7.1015555555623e-06,0.0001433074316668028,0.05763854,7.1015555555623e-06,0.0001433074316668028,5.92019175,0.0038263888888887543,0.002949886319472278,5.92019175,0.0038263888888887543,0.002949886319472278,nan,nan,nan,102.71232336707982,0.06575702142914253,0.002919751912244151,8.882945336320025,0.001094591225548669,0.00014329989305721842,53.297672017920156,0.006567547353288461,0.00014329989305722382,0.34123141158579107,0.00025169355704118823,0.0029866301306695794,0.019667702087176275,1.6701468628870994e-05,0.003029743954557856,72.0,1.0,0.038924101699552724,72.0,1.0,0.038924101699552724,65.0,2.0,0.04012559687187849,2125.0,2.5,0.018291613924771227,2140.5,5.0,0.03977982337884917,1.0077735807194164,0.010805804772439087,0.05695128598802949,-1.0,0.0,-0.0,-1.0,0.0,-0.0
amd,AMD Threadripper 3970X,cpu,axpy_amd_20260725_215406,axpy_amd_20260725_215406_session4,4,256000000,16,10,10,0,0,0,-1,18.0,0.057963426222222225,3.077666666663481e-06,0.00024402059647949694,0.057963426222222225,3.077666666663481e-06,0.00024402059647949694,6.8459543611111116,0.005154666666667307,0.0010667785245287566,6.8459543611111116,0.005154666666667307,0.0010667785245287566,nan,nan,nan,118.11437731987365,0.08681068139410542,0.001015593109601465,8.833156240838331,0.00046900176670927607,0.00024397607064925326,52.998937445029995,0.00281401060025388,0.00024397607064922534,0.39681822801058464,0.00033381115873795664,0.001167692455699014,0.023007532085971755,1.5323823374727152e-05,0.0013068902734854875,77.5,0.5,0.018251434908779618,77.5,0.5,0.018251434908779618,72.5,1.5,0.04204770845707611,2339.5,0.5,0.006874223633629741,2365.0,0.0,0.0003481509715179789,1.0106837606837606,0.00042753313381782565,0.00664187908422575,-1.0,0.0,-0.0,-1.0,0.0,-0.0
amd,AMD Threadripper 3970X,cpu,axpy_amd_20260725_215406,axpy_amd_20260725_215406_session4,4,256000000,20,10,10,0,0,0,-1,16.0,0.063756585,1.4283843749990366e-05,0.0003243527221702051,0.063756585,1.4283843749990366e-05,0.0003243527221702051,7.74519775,0.004099187499999601,0.0008601328744059141,7.74519775,0.004099187499999601,0.0008601328744059141,nan,nan,nan,121.50933934717592,0.07223313586491287,0.0009178469124413259,8.030543055660104,0.0017987505625383093,0.00032438917549535665,48.183258333960616,0.01079250337522808,0.0003243891754953947,0.4938498852476535,0.00038582549690294177,0.0009206339732022194,0.03148352608845168,2.7978828674987688e-05,0.001079623613007831,76.0,0.5,0.014499406253156941,76.0,0.5,0.014499406253156941,69.0,2.0,0.03803868538169957,2490.5,5.0,0.007132672109428384,2518.5,20.5,0.015123307962498231,1.000806441942176,0.009015206165587264,0.017826493298328156,-1.0,0.0,-0.0,-1.0,0.0,-0.0
amd,AMD Threadripper 3970X,cpu,axpy_amd_20260725_215406,axpy_amd_20260725_215406_session4,4,256000000,32,10,10,0,0,0,-1,17.0,0.05890900291176471,2.638941176469345e-06,8.656840920203295e-05,0.05890900291176471,2.638941176469345e-06,8.656840920203295e-05,8.9159755,0.008758088235294004,0.001963153350964765,8.9159755,0.008758088235294004,0.001963153350964765,nan,nan,nan,151.354763045108,0.14166689402054544,0.001916586525877208,8.691371007783903,0.00038936391293731276,8.6563587134855e-05,52.14822604670342,0.0023361834776238766,8.656358713488013e-05,0.5252204658861326,0.000507845346614022,0.002012364450856222,0.03094226010976455,2.925823248557842e-05,0.00206403130320562,73.0,0.0,0.01783958234700226,73.0,0.0,0.01783958234700226,68.5,2.0,0.04101274639872919,2898.0,11.5,0.006787513549649225,2950.0,1.0,0.0063937428832267305,1.0205920729247613,0.00474913953781686,0.007288579368803106,-1.0,0.0,-0.0,-1.0,0.0,-0.0
amd,AMD Threadripper 3970X,cpu,axpy_amd_20260725_215406,axpy_amd_20260725_215406_session4,4,256000000,64,10,10,0,0,0,-1,17.0,0.05971353338235294,7.180911764704395e-06,0.00021652041146853684,0.05971353338235294,7.180911764704395e-06,0.00021652041146853684,9.288174647058824,0.00450605882352928,0.0015205627056743786,9.288174647058824,0.00450605882352928,0.0015205627056743786,nan,nan,nan,155.54879559407587,0.05893284964682266,0.0015482728598519252,8.574270705623244,0.0010309747550936166,0.00021649170199615725,51.44562423373946,0.006185848530559923,0.0002164917019961733,0.5545977464883907,0.0001922009407233638,0.0015234556751554731,0.033118979466463194,1.1764166698461503e-05,0.0015567931986861711,70.0,0.5,0.020843638061373498,70.0,0.5,0.020843638061373498,66.0,2.5,0.051070234658003456,4021.0,7.0,0.02030000596586521,4147.0,5.5,0.002953426357327891,1.0314904845973965,0.0006369070049744296,0.0216776176339753,-1.0,0.0,-0.0,-1.0,0.0,-0.0
amd,AMD Threadripper 3970X,cpu,axpy_amd_20260725_215406,axpy_amd_20260725_215406_session5,5,1000000,1,10,10,0,0,0,-1,11619.0,8.593148480936397e-05,1.3936078836388572e-07,0.002241706446047525,8.593148480936397e-05,1.3936078836388572e-07,0.002241706446047525,0.006693855581375334,4.4074145795680066e-05,0.007789323499742611,0.006693855581375334,4.4074145795680066e-05,0.007789323499742611,nan,nan,nan,77.89453651831062,0.327852146110871,0.006363322231876767,23.274362945650825,0.03775177387057127,0.0022405717535518197,139.64617767390496,0.22651064322343473,0.002240571753551782,5.750690679712594e-07,4.9841879809608505e-09,0.009535581640989244,4.946772606202905e-11,4.836951589346687e-13,0.011457248621058552,72.5,0.5,0.016885612559144482,72.5,0.5,0.016885612559144482,72.0,0.0,0.007212259490144167,1862.0,31.0,0.020663085017393716,1793.0,1.0,0.00875422032065381,0.970998925886144,0.012570787477294676,0.02349084927883718,-1.0,0.0,-0.0,-1.0,0.0,-0.0
amd,AMD Threadripper 3970X,cpu,axpy_amd_20260725_215406,axpy_amd_20260725_215406_session5,5,1000000,2,10,10,0,0,0,-1,20636.0,4.8750493845706535e-05,4.396171011823968e-07,0.01533754115755847,4.8750493845706535e-05,4.396171011823968e-07,0.01533754115755847,0.004648763083930994,3.498412967629363e-05,0.012778962235069915,0.004648763083930994,3.498412967629363e-05,0.012778962235069915,nan,nan,nan,94.5616560139167,1.1089917591756802,0.01382532833104287,41.0252826876781,0.36922324902810644,0.015200886281684228,246.1516961260686,2.2153394941686173,0.0152008862816842,2.2667990371282278e-07,2.957860607685485e-09,0.024685661803616823,1.100714481823987e-11,1.8165994983677463e-13,0.03926461946142467,72.5,0.5,0.017471147293747952,72.0,1.0,0.01936858445374241,71.0,0.0,0.0059218682774688745,1908.0,7.0,0.015846229654352537,1851.5,20.5,0.018794192851039896,0.9729057948911772,0.020429544264012556,0.030259116971731018,-1.0,0.0,-0.0,-1.0,0.0,-0.0
amd,AMD Threadripper 3970X,cpu,axpy_amd_20260725_215406,axpy_amd_20260725_215406_session5,5,1000000,4,10,10,0,0,0,-1,36354.0,2.8049266655663752e-05,2.1695293502778337e-07,0.010915190314299635,2.8049266655663752e-05,2.1695293502778337e-07,0.010915190314299635,0.0033776206469714474,2.2242971887550264e-05,0.008371850227607752,0.0033776206469714474,2.2242971887550264e-05,0.008371850227607752,nan,nan,nan,120.42590107149377,0.434542454428005,0.004640420488317313,71.30328149241313,0.5518800969933224,0.010944850797317189,427.8196889544788,3.311280581959892,0.01094485079731714,9.476713844151724e-08,1.169020230336391e-09,0.018884441321088404,2.6581752771991784e-12,5.332861826509338e-14,0.029651697621884344,68.0,1.0,0.025894873847374593,68.0,1.0,0.025894873847374593,67.0,0.0,0.014333705980404982,1999.0,13.5,0.015704113404585614,1974.0,20.0,0.015853548442878236,0.9907678236275612,0.010805158151097671,0.025258039466964467,-1.0,0.0,-0.0,-1.0,0.0,-0.0
amd,AMD Threadripper 3970X,cpu,axpy_amd_20260725_215406,axpy_amd_20260725_215406_session5,5,1000000,8,10,10,0,0,0,-1,52852.0,1.9014408130250513e-05,8.176609210626286e-08,0.0074809122927359546,1.9014408130250513e-05,8.176609210626286e-08,0.0074809122927359546,0.002867554775599788,1.1033414061908811e-05,0.0054442506183611005,0.002867554775599788,1.1033414061908811e-05,0.0054442506183611005,nan,nan,nan,150.708987332552,0.21560653883868497,0.002741702189105878,105.1834840571261,0.4541826060324965,0.00743606462975285,631.1009043427566,2.725095636194851,0.007436064629752823,5.445833075535375e-08,3.768238071946953e-10,0.012822279496875392,1.034915268947811e-12,1.1009191666172306e-14,0.02034338425832131,66.0,1.0,0.028314273811524824,66.0,1.0,0.028314273811524824,65.0,0.0,0.01477204561283327,2167.5,30.5,0.021298132547144823,2136.0,19.0,0.019841003545981055,0.9885566141485298,0.015183146840042072,0.030879144085925753,-1.0,0.0,-0.0,-1.0,0.0,-0.0
amd,AMD Threadripper 3970X,cpu,axpy_amd_20260725_215406,axpy_amd_20260725_215406_session5,5,1000000,10,10,10,0,0,0,-1,54159.0,1.8809698923539946e-05,6.339128307391033e-08,0.00620755808487287,1.8809698923539946e-05,6.339128307391033e-08,0.00620755808487287,0.0029273668457689395,6.424906294429577e-06,0.006296223958128334,0.0029273668457689395,6.424906294429577e-06,0.006296223958128334,nan,nan,nan,155.7221848720315,0.27793018312813444,0.0028929420832306935,106.32819542364408,0.3595483760405642,0.006168822766937376,637.9691725418645,2.157290256243357,0.006168822766937331,5.516871277657277e-08,3.195210941594035e-10,0.01220505370457003,1.0381195857629827e-12,9.26359173365149e-15,0.018379806395136748,66.0,0.0,0.009611786201119694,65.5,0.5,0.010658626505794223,66.0,0.0,0.00787191737034028,2305.0,45.0,0.027951118647361353,2306.0,54.5,0.03069074916267847,0.9798570947761149,0.03555188629534045,0.044832961908455565,-1.0,0.0,-0.0,-1.0,0.0,-0.0
amd,AMD Threadripper 3970X,cpu,axpy_amd_20260725_215406,axpy_amd_20260725_215406_session5,5,1000000,16,10,10,0,0,0,-1,49884.0,2.0434612982118516e-05,4.985855184026879e-08,0.005211344331424979,2.0434612982118516e-05,4.985855184026879e-08,0.005211344331424979,0.0032157187675406944,1.4737871862721685e-05,0.004937111871575959,0.0032157187675406944,1.4737871862721685e-05,0.004937111871575959,nan,nan,nan,158.00271301806234,0.3478061998859232,0.003371571171629173,97.87315329764405,0.2378034468340502,0.0052200178288144645,587.2389197858643,1.4268206810042443,0.005220017828814475,6.582958427762539e-08,2.6789231926366324e-10,0.009564799324089058,1.345522235517443e-12,8.245872455198669e-15,0.01457461317080058,66.5,2.0,0.0358448802316726,66.5,2.0,0.0358448802316726,64.0,0.0,0.026556687106789434,2493.5,43.5,0.02387659554116691,2463.5,41.0,0.02527888977304054,0.9805292384689024,0.03417836968366594,0.04387975651736393,-1.0,0.0,-0.0,-1.0,0.0,-0.0
amd,AMD Threadripper 3970X,cpu,axpy_amd_20260725_215406,axpy_amd_20260725_215406_session5,5,1000000,20,10,10,0,0,0,-1,52368.0,1.966340814046746e-05,1.1001456041857752e-07,0.011604060326227066,1.966340814046746e-05,1.1001456041857752e-07,0.011604060326227066,0.003230408761075466,1.25799629544759e-05,0.009272751917620429,0.003230408761075466,1.25799629544759e-05,0.009272751917620429,nan,nan,nan,164.18523302096042,0.2729337345505485,0.0026373724133114396,101.71208371381799,0.5688288803830375,0.011567348724460906,610.2725022829079,3.412973282298367,0.011567348724460913,6.352092879901627e-08,5.620184853873479e-10,0.02085901934628682,1.24904345922713e-12,1.7765891962674325e-14,0.032512752101458764,64.0,1.0,0.01275775907699572,64.0,1.0,0.01370258271941961,64.0,0.5,0.018455782873856404,2644.0,39.0,0.025216600645972663,2605.0,34.0,0.020892797731623048,0.9928031640844543,0.011360275633632011,0.02572780218009248,-1.0,0.0,-0.0,-1.0,0.0,-0.0
amd,AMD Threadripper 3970X,cpu,axpy_amd_20260725_215406,axpy_amd_20260725_215406_session5,5,1000000,32,10,10,0,0,0,-1,40774.0,2.5408102038063472e-05,7.004846225535841e-08,0.007308699959347641,2.5408102038063472e-05,7.004846225535841e-08,0.007308699959347641,0.004405033133859813,1.1817702457448884e-05,0.006164661690471594,0.004405033133859813,1.1817702457448884e-05,0.006164661690471594,nan,nan,nan,173.33992630427187,0.18410387359431013,0.0012981773810837745,78.71506637091733,0.21709658570155455,0.007276064248917246,472.290398225504,1.3025795142092988,0.007276064248917313,1.1192351055360979e-07,6.08636271515563e-10,0.013487504727100048,2.8437640714949578e-12,2.329648281133279e-14,0.020853296902054837,63.0,1.0,0.03146926981049852,63.0,1.0,0.03146926981049852,61.0,0.0,0.028448938828651512,2979.5,12.0,0.01392867642209547,2969.0,12.5,0.01178541375692269,0.9964766203311008,0.013459879206212277,0.020272873213018613,-1.0,0.0,-0.0,-1.0,0.0,-0.0
amd,AMD Threadripper 3970X,cpu,axpy_amd_20260725_215406,axpy_amd_20260725_215406_session5,5,1000000,64,10,10,0,0,0,-1,18129.0,5.6880483865629656e-05,5.167325831540039e-08,0.0026816277927139546,5.6880483865629656e-05,5.167325831540039e-08,0.0026816277927139546,0.009062220999503559,9.599702134700967e-06,0.00395873017396714,0.009062220999503559,9.599702134700967e-06,0.00395873017396714,nan,nan,nan,159.19863961094586,0.24939784113011854,0.0022541277126349696,35.16144503815217,0.03195637549706731,0.0026873070763321336,210.96867022891303,0.19173825298238967,0.0026873070763321605,5.156927123621966e-07,8.345113136540175e-10,0.006364736051026835,2.934212216864939e-11,7.00254253369376e-14,0.008916581271268913,59.0,1.0,0.02450804919385364,59.0,1.0,0.02450804919385364,57.0,0.5,0.016540509501439708,4159.0,12.0,0.005299187417057097,4146.5,9.0,0.0032452630520762925,0.9961496342650584,0.0020325416855969114,0.0060108085788794395,-1.0,0.0,-0.0,-1.0,0.0,-0.0
amd,AMD Threadripper 3970X,cpu,axpy_amd_20260725_215406,axpy_amd_20260725_215406_session5,5,2000000,1,10,10,0,0,0,-1,2368.0,0.0004464238667652027,2.953620143581056e-06,0.020266383686175657,0.0004464238667652027,2.953620143581056e-06,0.020266383686175657,0.03196051963682432,0.00023426288006756987,0.020667439561675077,0.03196051963682432,0.00023426288006756987,0.020667439561675077,nan,nan,nan,71.55965886145475,0.021016126376935063,0.0008739334620608245,8.96016555572313,0.05953133019314105,0.019873979896328966,53.76099333433877,0.3571879811588481,0.019873979896328935,1.4268045445119779e-05,1.9847822936234333e-07,0.041316138842803836,6.36969421017705e-09,1.3035123079015763e-10,0.06236774866919794,67.0,0.5,0.020329775834655204,67.0,0.5,0.020329775834655204,62.5,2.5,0.056979989843556664,1872.5,29.0,0.016490662450598128,1794.0,0.0,0.008297801877275548,0.9585894352396223,0.015123163148464236,0.020002389133685895,-1.0,0.0,-0.0,-1.0,0.0,-0.0
amd,AMD Threadripper 3970X,cpu,axpy_amd_20260725_215406,axpy_amd_20260725_215406_session5,5,2000000,2,10,10,0,0,0,-1,9525.0,0.00010499929343832021,5.421321259842487e-07,0.01923673729640883,0.00010499929343832021,5.421321259842487e-07,0.01923673729640883,0.0099821343832021,4.3343937007873576e-05,0.014451286772029904,0.0099821343832021,4.3343937007873576e-05,0.014451286772029904,nan,nan,nan,95.01103873336439,0.18816868423806454,0.004914086884413686,38.09562000230921,0.19664030509259334,0.0189875323631035,228.57372001385528,1.17984183055556,0.01898753236310344,1.047816881935925e-06,9.966122735159208e-09,0.03384961655682457,1.099890103064795e-10,1.6151960078964494e-12,0.05350450630925847,73.0,0.5,0.01924201482241759,73.0,0.5,0.01924201482241759,69.5,0.5,0.01004606176408191,1909.0,5.0,0.01253747126570521,1866.0,34.0,0.017460769641607244,0.9796301481087437,0.015537481734719194,0.018179571891543924,-1.0,0.0,-0.0,-1.0,0.0,-0.0
amd,AMD Threadripper 3970X,cpu,axpy_amd_20260725_215406,axpy_amd_20260725_215406_session5,5,2000000,4,10,10,0,0,0,-1,20098.0,4.976160702557468e-05,1.2475129366105954e-07,0.00415443974923181,4.976160702557468e-05,1.2475129366105954e-07,0.00415443974923181,0.006317425788635685,8.343740670713196e-06,0.002692871819082683,0.006317425788635685,8.343740670713196e-06,0.002692871819082683,nan,nan,nan,126.9378522656306,0.3350779659545253,0.0036460191770195977,80.38327437481445,0.20165218435098353,0.004158369001258391,482.2996462488867,1.209913106105887,0.004158369001258408,3.1458612162863685e-07,1.285712469148352e-09,0.005977375486982312,1.5650200448853247e-11,9.579354198668455e-14,0.009931168079409317,72.0,0.5,0.02844043069678555,72.0,0.5,0.02844043069678555,71.0,0.5,0.010407119709063778,1985.0,18.5,0.014107193627586898,1947.0,29.0,0.014052710253156207,0.9785844692045178,0.011707279251286451,0.019663960265661435,-1.0,0.0,-0.0,-1.0,0.0,-0.0
amd,AMD Threadripper 3970X,cpu,axpy_amd_20260725_215406,axpy_amd_20260725_215406_session5,5,2000000,8,10,10,0,0,0,-1,32566.0,3.076160202358288e-05,2.199523275809138e-07,0.011499065918690524,3.076160202358288e-05,2.199523275809138e-07,0.011499065918690524,0.005237760378922803,2.2035896333599033e-05,0.006406001811193618,0.005237760378922803,2.2035896333599033e-05,0.006406001811193618,nan,nan,nan,170.1440206189595,0.8321060622777452,0.005353639500573764,130.03298247105195,0.9357993906684783,0.01143709214259757,780.1978948263118,5.614796344010813,0.01143709214259757,1.6106123764616938e-07,1.62078526110758e-09,0.017858565754468057,4.954542631609263e-12,8.343355555373931e-14,0.02943665137255828,75.0,1.0,0.01991462044203918,75.0,1.0,0.01991462044203918,74.0,0.0,0.00908409902705993,2130.5,50.0,0.029344184823857238,2111.5,47.0,0.028570503795012733,0.978663295624443,0.04066510756965702,0.04854189957829348,-1.0,0.0,-0.0,-1.0,0.0,-0.0
amd,AMD Threadripper 3970X,cpu,axpy_amd_20260725_215406,axpy_amd_20260725_215406_session5,5,2000000,10,10,10,0,0,0,-1,36051.0,2.769754956866661e-05,5.186562092590918e-08,0.0033534573627691713,2.769754956866661e-05,5.186562092590918e-08,0.0033534573627691713,0.005080173337771491,9.047460542010218e-06,0.0028611505528057268,0.005080173337771491,9.047460542010218e-06,0.0028611505528057268,nan,nan,nan,183.38182511878398,0.12887130291991866,0.0020996514534993354,144.417107733065,0.27015244744981715,0.003347960409515939,866.5026463983902,1.620914684698846,0.0033479604095159273,1.4089482250434418e-07,4.835973291304146e-10,0.005875145385652542,3.905288508614062e-12,1.9288660798073514e-14,0.009138565084992575,72.0,1.0,0.03688243484757119,72.0,1.0,0.03688243484757119,71.0,0.0,0.02919527929734913,2261.0,40.0,0.02017362966478256,2234.5,9.0,0.01829711104133592,0.9874055441063563,0.019079267626342433,0.02623194679939596,-1.0,0.0,-0.0,-1.0,0.0,-0.0
amd,AMD Threadripper 3970X,cpu,axpy_amd_20260725_215406,axpy_amd_20260725_215406_session5,5,2000000,16,10,10,0,0,0,-1,38724.0,2.5464985164239234e-05,7.673313707261685e-08,0.005503505719818228,2.5464985164239234e-05,7.673313707261685e-08,0.005503505719818228,0.005176884464414833,1.3900397686188951e-05,0.004534045306067965,0.005176884464414833,1.3900397686188951e-05,0.004534045306067965,nan,nan,nan,203.50909111996052,0.3383987941762001,0.003195499567970318,157.07843521025077,0.4729951500536771,0.005517574599155718,942.4706112615047,2.837970900322148,0.005517574599155715,1.320095905986678e-07,6.211467619478024e-10,0.009542055076162934,3.3621236586589847e-12,2.5075293364582342e-14,0.014874093675679115,73.0,1.5,0.02662535111801507,73.0,1.5,0.02662535111801507,71.0,0.0,0.0059218682774688745,2567.5,68.0,0.03002651958454906,2512.5,51.0,0.023888697556076408,0.9787027927374918,0.024198492084281986,0.04188570987893689,-1.0,0.0,-0.0,-1.0,0.0,-0.0
amd,AMD Threadripper 3970X,cpu,axpy_amd_20260725_215406,axpy_amd_20260725_215406_session5,5,2000000,20,10,10,0,0,0,-1,38917.0,2.6078900570444793e-05,8.912592183364647e-08,0.006344567583844939,2.6078900570444793e-05,8.912592183364647e-08,0.006344567583844939,0.005375539609939101,1.727851581571037e-05,0.005043463546466319,0.005375539609939101,1.727851581571037e-05,0.005043463546466319,nan,nan,nan,206.251665526813,0.3766943900572528,0.0020514174690871626,153.3807748009462,0.5259079638254889,0.006330061867123763,920.2846488056772,3.1554477829528764,0.0063300618671236954,1.401881953772203e-07,1.0082396780964461e-09,0.01128679730332579,3.655956658291389e-12,3.665621309115222e-14,0.017624593446715936,71.5,1.5,0.027383077213218487,71.0,2.0,0.03904829674813094,71.0,0.5,0.016400308468577166,2639.5,22.0,0.01560949121350642,2603.5,12.5,0.014163923761290035,0.9861773858995553,0.018741264020987802,0.02387528909856888,-1.0,0.0,-0.0,-1.0,0.0,-0.0
amd,AMD Threadripper 3970X,cpu,axpy_amd_20260725_215406,axpy_amd_20260725_215406_session5,5,2000000,32,10,10,0,0,0,-1,32159.0,3.202506991821885e-05,3.16478310892753e-07,0.02221246123328219,3.202506991821885e-05,3.16478310892753e-07,0.02221246123328219,0.006479848518299698,4.609401722690393e-05,0.01391918922395738,0.006479848518299698,4.609401722690393e-05,0.01391918922395738,nan,nan,nan,202.47083724350753,0.9401477568281678,0.008475999230769868,124.90230617743707,1.2207715565636477,0.02247980857963129,749.4138370646224,7.324629339381886,0.02247980857963128,2.0751751075658787e-07,3.5430602594508107e-09,0.035944260410926895,6.6457683275719995e-12,1.8039463856451405e-13,0.05769952980933808,68.0,2.5,0.04868794965937939,68.0,2.5,0.04868794965937939,66.0,2.0,0.05024629322568198,3041.0,55.0,0.03801522247875383,3008.5,34.0,0.01910919423209846,0.9823342478879777,0.03017155598999366,0.03806131905631251,-1.0,0.0,-0.0,-1.0,0.0,-0.0
amd,AMD Threadripper 3970X,cpu,axpy_amd_20260725_215406,axpy_amd_20260725_215406_session5,5,2000000,64,10,10,0,0,0,-1,17651.0,5.8926252988499234e-05,3.701058013710193e-07,0.011624704988950693,5.8926252988499234e-05,3.701058013710193e-07,0.011624704988950693,0.010756307829584725,4.7441023171491264e-05,0.008410038605013853,0.010756307829584725,4.7441023171491264e-05,0.008410038605013853,nan,nan,nan,182.4289681913085,0.3226937937196226,0.0035764980933820625,67.88148980489729,0.4293678497700384,0.011788076943439167,407.2889388293837,2.576207098620216,0.011788076943439143,6.337088260745905e-07,7.3476156711489384e-09,0.019861812519888045,3.7335039634913345e-11,6.78288462108144e-13,0.031195872187841023,61.5,1.5,0.03935404076711246,61.5,1.5,0.03935404076711246,60.0,1.0,0.016601484574486697,4139.0,10.0,0.0023924598206554524,4139.5,9.5,0.004175833168071959,0.9992755074417021,0.0026573265761765663,0.0040801139646984685,-1.0,0.0,-0.0,-1.0,0.0,-0.0
amd,AMD Threadripper 3970X,cpu,axpy_amd_20260725_215406,axpy_amd_20260725_215406_session5,5,4000000,1,10,10,0,0,0,-1,639.0,0.0016127108247261344,8.432073552425059e-07,0.0006427957735221854,0.0016127108247261344,8.432073552425059e-07,0.0006427957735221854,0.12025810015649452,7.87605633802771e-05,0.0014786752741256892,0.12025810015649452,7.87605633802771e-05,0.0014786752741256892,nan,nan,nan,74.57562583907159,0.048859207960646245,0.0009804177058531692,4.9605917424645325,0.0025936558891852535,0.000642835925105548,29.763550454787193,0.015561935335112409,0.0006428359251055204,0.00019387638956428672,1.8686101823106604e-07,0.002058742592889809,3.12640204218996e-07,4.75026357933013e-10,0.0026677492351656253,70.0,1.0,0.011236618771319307,70.0,1.0,0.011236618771319307,66.5,2.0,0.04517309045454121,1871.5,15.5,0.012349664469672133,1794.0,0.0,0.005323989316732833,0.9585784313725491,0.007565851161067172,0.016840574125813548,-1.0,0.0,-0.0,-1.0,0.0,-0.0
amd,AMD Threadripper 3970X,cpu,axpy_amd_20260725_215406,axpy_amd_20260725_215406_session5,5,4000000,2,10,10,0,0,0,-1,1984.0,0.0005015810970262096,1.0314682459676861e-06,0.003348171300889377,0.0005015810970262096,1.0314682459676861e-06,0.003348171300889377,0.04085663634072581,5.930519153226135e-05,0.002990045283015106,0.04085663634072581,5.930519153226135e-05,0.002990045283015106,nan,nan,nan,81.40770351722023,0.019048717435538265,0.0006386515025138418,15.94956438658334,0.032828115042288886,0.0033419554058331715,95.69738631950005,0.1969686902537262,0.0033419554058331797,2.0492916251635855e-05,6.881899484663331e-08,0.00632240675207857,1.0278859304647379e-08,5.562057612961112e-11,0.009676253683481463,68.0,0.0,0.007639020406720745,68.0,0.0,0.007639020406720745,60.5,2.0,0.04784105023108293,1943.0,30.5,0.01615873455254665,1849.5,15.5,0.013521290703174055,0.957514454052488,0.011009154805108168,0.01867323799306212,-1.0,0.0,-0.0,-1.0,0.0,-0.0
amd,AMD Threadripper 3970X,cpu,axpy_amd_20260725_215406,axpy_amd_20260725_215406_session5,5,4000000,4,10,10,0,0,0,-1,10683.0,9.407759926986801e-05,1.9814387344379875e-07,0.0044053253967633686,9.407759926986801e-05,1.9814387344379875e-07,0.0044053253967633686,0.012266872180099222,2.002620986614207e-05,0.0030716082306903167,0.012266872180099222,2.002620986614207e-05,0.0030716082306903167,nan,nan,nan,130.38818812231395,0.1225520832649778,0.002348680209668992,85.03620468081289,0.1791427041926852,0.004409904436373866,510.2172280848774,1.074856225156168,0.004409904436373824,1.1545904415109657e-06,5.067087240823854e-09,0.007216985863238038,1.086490132927401e-10,7.253337824314672e-13,0.011547631014779599,72.0,0.0,0.011482184133173843,72.0,0.0,0.011482184133173843,69.0,0.0,0.009824578714855208,1988.0,6.5,0.014921301751499465,1939.5,29.5,0.015704964461804433,0.9647594858977937,0.009136342475176695,0.023754455499773668,-1.0,0.0,-0.0,-1.0,0.0,-0.0
amd,AMD Threadripper 3970X,cpu,axpy_amd_20260725_215406,axpy_amd_20260725_215406_session5,5,4000000,8,10,10,0,0,0,-1,18972.0,5.3111826164874556e-05,2.573957147375088e-07,0.005878654094197571,5.3111826164874556e-05,2.573957147375088e-07,0.005878654094197571,0.009714701533839343,2.0738061353575178e-05,0.0028091462262915118,0.009714701533839343,2.0738061353575178e-05,0.0028091462262915118,nan,nan,nan,183.040974973118,0.5191012078693831,0.00345950733135598,150.62559862933665,0.7328745930173426,0.005881535175998584,903.7535917760199,4.39724755810397,0.00588153517599853,5.162681351993011e-07,3.809581098498544e-09,0.008539174578620103,2.742343909730426e-11,3.374147635928403e-13,0.014385372269193371,74.5,0.5,0.021240099625397958,74.5,0.5,0.021240099625397958,72.0,0.5,0.012798559658393893,2130.5,30.0,0.01652243669238368,2091.0,34.0,0.015303982205491605,0.9753076306955213,0.018850673434959775,0.026905991678195615,-1.0,0.0,-0.0,-1.0,0.0,-0.0
amd,AMD Threadripper 3970X,cpu,axpy_amd_20260725_215406,axpy_amd_20260725_215406_session5,5,4000000,10,10,10,0,0,0,-1,22238.0,4.588449458134724e-05,1.2876020775249105e-07,0.0037609731586284575,4.588449458134724e-05,1.2876020775249105e-07,0.0037609731586284575,0.009359403228707618,1.567177803759364e-05,0.002634068715821724,0.009359403228707618,1.567177803759364e-05,0.002634068715821724,nan,nan,nan,203.89831447495175,0.290485217204548,0.002123430643926595,174.3508362404721,0.49064236285110496,0.0037537480001102685,1046.1050174428326,2.943854177106573,0.0037537480001102273,4.290330660893215e-07,1.9835225508725223e-09,0.006141860700866721,1.968596527572499e-11,1.4903000724275126e-13,0.009850136033007073,77.5,0.5,0.01923338633329892,77.5,0.5,0.02121836603991146,76.0,0.0,0.004166373728812094,2245.5,18.0,0.013123926188573602,2216.0,17.5,0.013798771448665273,0.9845339969319499,0.008437540497374885,0.015593674961532612,-1.0,0.0,-0.0,-1.0,0.0,-0.0
amd,AMD Threadripper 3970X,cpu,axpy_amd_20260725_215406,axpy_amd_20260725_215406_session5,5,4000000,16,10,10,0,0,0,-1,27171.0,3.704959256192264e-05,1.2997637186706906e-07,0.004724505282322846,3.704959256192264e-05,1.2997637186706906e-07,0.004724505282322846,0.008977673880239961,9.036251886201593e-06,0.002430395291214894,0.008977673880239961,9.036251886201593e-06,0.002430395291214894,nan,nan,nan,242.3015422085931,0.2914208062628063,0.002846165170239767,215.92683066167632,0.7604563747954529,0.004714333262720149,1295.5609839700578,4.5627382487729164,0.004714333262720172,3.325885606693124e-07,1.7160798883025984e-09,0.006949896367913001,1.2321139734003197e-11,1.0541742540837145e-13,0.01164349788243699,81.0,1.0,0.024987301901802594,81.0,1.0,0.024987301901802594,80.0,0.0,0.0,2485.5,45.0,0.02577359116048196,2460.0,23.0,0.018272194501948273,0.9990086430469965,0.025175373510626486,0.03247788427679638,-1.0,0.0,-0.0,-1.0,0.0,-0.0
amd,AMD Threadripper 3970X,cpu,axpy_amd_20260725_215406,axpy_amd_20260725_215406_session5,5,4000000,20,10,10,0,0,0,-1,29277.0,3.479280377087816e-05,5.381275403900133e-08,0.0032738100452336175,3.479280377087816e-05,5.381275403900133e-08,0.0032738100452336175,0.00891659838781296,2.130238753970514e-05,0.002605204470912503,0.00891659838781296,2.130238753970514e-05,0.002605204470912503,nan,nan,nan,255.69195361835978,0.4436155564664688,0.0024534388299375922,229.93262128481226,0.3561671537042628,0.0032647308792384325,1379.5957277088737,2.137002922225406,0.0032647308792384667,3.1017025718287125e-07,1.1993423039259626e-09,0.005387364316308638,1.0784052555038361e-11,5.611107089790074e-14,0.008538599162895752,79.5,2.0,0.03558299739338937,79.0,3.0,0.04124289519904661,78.5,1.5,0.02829061528572267,2612.0,29.0,0.024535949487938247,2566.5,40.5,0.025514672761349534,0.9813243326839729,0.026433108925741966,0.030071884496197042,-1.0,0.0,-0.0,-1.0,0.0,-0.0
amd,AMD Threadripper 3970X,cpu,axpy_amd_20260725_215406,axpy_amd_20260725_215406_session5,5,4000000,32,10,10,0,0,0,-1,26674.0,3.982105047986803e-05,2.1609702331858797e-07,0.009024071288649255,3.982105047986803e-05,2.1609702331858797e-07,0.009024071288649255,0.009953173689735322,3.0254873659743033e-05,0.006022519949139765,0.009953173689735322,3.0254873659743033e-05,0.006022519949139765,nan,nan,nan,250.1788342241494,0.5320863471708179,0.00388762707569494,200.8988050805358,1.089032686450878,0.009132141978898625,1205.3928304832148,6.534196118705381,0.009132141978898622,3.957938165986492e-07,2.872462317620318e-09,0.014791801764410226,1.576094547572833e-11,1.8807156828431016e-13,0.02360119755288639,69.0,2.0,0.033426721532287484,69.0,2.0,0.033426721532287484,66.5,0.5,0.022427501135945955,3068.5,76.0,0.027749968439282006,3020.5,59.0,0.02264918586817868,0.9860356167864788,0.022807808209114322,0.035003336585919094,-1.0,0.0,-0.0,-1.0,0.0,-0.0
amd,AMD Threadripper 3970X,cpu,axpy_amd_20260725_215406,axpy_amd_20260725_215406_session5,5,4000000,64,10,10,0,0,0,-1,15927.0,6.397736356501539e-05,9.904523764676546e-08,0.005855846854756831,6.397736356501539e-05,9.904523764676546e-08,0.005855846854756831,0.014145202580523639,1.0774062912036544e-05,0.005241387581479495,0.014145202580523639,1.0774062912036544e-05,0.005241387581479495,nan,nan,nan,221.29363022369535,0.18512401579558002,0.0018490991460916142,125.04422749839861,0.1935677033520875,0.0058917733682371624,750.2653649903916,1.1614062201125535,0.005891773368237191,9.043350736058949e-07,1.7819607554841137e-09,0.010931949240765444,5.7828337776211144e-11,1.527248155670578e-13,0.01668183456828695,67.0,2.0,0.05241380877328304,67.0,2.0,0.05241380877328304,62.0,2.0,0.035053761636971006,4137.0,13.5,0.016165184238309534,4117.0,11.0,0.004754451115404592,0.9979389235552223,0.0015766998017990863,0.02018803853245376,-1.0,0.0,-0.0,-1.0,0.0,-0.0
amd,AMD Threadripper 3970X,cpu,axpy_amd_20260725_215406,axpy_amd_20260725_215406_session5,5,8000000,1,10,10,0,0,0,-1,309.0,0.003244049843042071,5.056574433657136e-06,0.0035325765505403064,0.003244049843042071,5.056574433657136e-06,0.0035325765505403064,0.24083182686084142,0.0006949805825242905,0.004425330774222703,0.24083182686084142,0.0006949805825242905,0.004425330774222703,nan,nan,nan,74.28900565567218,0.07445095306572824,0.002247326322879823,4.9321067393915765,0.007687767696338721,0.003529397202984841,29.59264043634946,0.04612660617803144,0.003529397202984881,0.0007812704406719624,3.587422614453027e-06,0.007685304434133804,2.5344802346180267e-06,1.530271249864319e-08,0.011115895191127496,71.0,1.0,0.012349718417079169,71.0,1.0,0.012349718417079169,67.0,2.0,0.053582658433240525,1793.0,0.0,0.013439416582176773,1794.0,0.0,0.00839358529671425,1.0005577244841048,0.0,0.012048697755487042,-1.0,0.0,-0.0,-1.0,0.0,-0.0
amd,AMD Threadripper 3970X,cpu,axpy_amd_20260725_215406,axpy_amd_20260725_215406_session5,5,8000000,2,10,10,0,0,0,-1,481.0,0.0021331291205821208,2.8619677754676727e-06,0.0014437430334148726,0.0021331291205821208,2.8619677754676727e-06,0.0014437430334148726,0.17244969022869022,0.00025096361746361484,0.010233505613183971,0.17244969022869022,0.00025096361746361484,0.010233505613183971,nan,nan,nan,80.89002802852508,0.24218341275541633,0.01096590394256702,7.500719432915464,0.010063174683866638,0.0014438685383905035,45.004316597492775,0.06037904810320427,0.001443868538390559,0.0003680338227962386,4.536948929046423e-07,0.009662954935476033,7.848467128480438e-07,1.5142531829615394e-09,0.009284088592514405,69.0,1.0,0.01945096708099576,69.0,1.0,0.01945096708099576,62.5,2.0,0.04632469364689647,1926.5,18.5,0.02140037266532954,1834.0,0.0,0.007718360766318994,0.9517817994865261,0.01665995435628942,0.024579370870481232,-1.0,0.0,-0.0,-1.0,0.0,-0.0
amd,AMD Threadripper 3970X,cpu,axpy_amd_20260725_215406,axpy_amd_20260725_215406_session5,5,8000000,4,10,10,0,0,0,-1,1808.0,0.0006107029538163717,2.947278761061974e-07,0.0033635890901501596,0.0006107029538163717,2.947278761061974e-07,0.0033635890901501596,0.06600793943584071,0.00038851355088495576,0.008241996076983676,0.06600793943584071,0.00038851355088495576,0.008241996076983676,nan,nan,nan,107.54955752030959,0.9900994954338245,0.008686325761664811,26.199316570221395,0.012641639296191443,0.0033435634279675545,157.19589942132836,0.07584983577713444,0.0033435634279674795,4.03443770876631e-05,1.8812106860015813e-07,0.009120442454074482,2.468172260585288e-08,1.034328399152795e-10,0.011028045692860458,68.5,0.5,0.0141241488754283,68.5,0.5,0.0141241488754283,63.0,2.5,0.04940125569230066,1980.0,21.0,0.012907183127070983,1908.0,1.0,0.009297490823083197,0.9643670062450471,0.01134306541791863,0.0170943394890112,-1.0,0.0,-0.0,-1.0,0.0,-0.0
amd,AMD Threadripper 3970X,cpu,axpy_amd_20260725_215406,axpy_amd_20260725_215406_session5,5,8000000,8,10,10,0,0,0,-1,11361.0,8.864155074377256e-05,7.834913299885988e-08,0.0012522995110079882,8.864155074377256e-05,7.834913299885988e-08,0.0012522995110079882,0.017782616142945164,1.200189243904734e-05,0.0020857637547086715,0.017782616142945164,1.200189243904734e-05,0.0020857637547086715,nan,nan,nan,200.52036985194835,0.22877000821461024,0.0020976392518289927,180.50225909693154,0.15961688430228094,0.001251455735594856,1083.0135545815892,0.9577013058138846,0.0012514557355948507,1.5753163563406373e-06,1.3399161251525562e-09,0.0027286551147723214,1.3962625975250565e-10,2.440722060838575e-13,0.0037002550372607257,77.5,1.0,0.016517123718972,77.5,1.0,0.016517123718972,76.0,0.5,0.014256866044736602,2123.0,2.0,0.009133579351197789,2050.0,1.5,0.008616024972904545,0.9697499843586603,0.012431954797242961,0.012779005254902207,-1.0,0.0,-0.0,-1.0,0.0,-0.0
amd,AMD Threadripper 3970X,cpu,axpy_amd_20260725_215406,axpy_amd_20260725_215406_session5,5,8000000,10,10,10,0,0,0,-1,7665.0,0.00013062798427919113,6.655669928245389e-07,0.005896835693724595,0.00013062798427919113,6.655669928245389e-07,0.005896835693724595,0.023021430593607305,5.069478147423298e-05,0.004080040325763194,0.023021430593607305,5.069478147423298e-05,0.004080040325763194,nan,nan,nan,176.3168297872453,0.4215904779628801,0.003113933843274912,122.48530118751101,0.627214124126418,0.005880899137213694,734.9118071250662,3.76328474475838,0.005880899137213716,3.0080817164929467e-06,2.0096674100734697e-08,0.009666279464083152,3.9302748577719383e-10,4.7400263634859895e-12,0.015512119407806243,74.5,1.5,0.016846104401542026,74.5,1.5,0.016846104401542026,68.5,0.5,0.007694106229120145,2200.5,29.0,0.020900428025289852,2182.0,20.0,0.014065761732190884,0.988667719716513,0.012241784603632455,0.025566345477801934,-1.0,0.0,-0.0,-1.0,0.0,-0.0
amd,AMD Threadripper 3970X,cpu,axpy_amd_20260725_215406,axpy_amd_20260725_215406_session5,5,8000000,16,10,10,0,0,0,-1,16205.0,6.251834298056155e-05,1.8049534094415358e-07,0.008502824313179393,6.251834298056155e-05,1.8049534094415358e-07,0.008502824313179393,0.01680558395556927,2.576627584078943e-05,0.0034827459683164134,0.01680558395556927,2.576627584078943e-05,0.0034827459683164134,nan,nan,nan,268.7576834375818,0.5365407967871079,0.005539696857035414,255.92489283870762,0.7410579533711825,0.008371273387013147,1535.5493570322458,4.446347720227209,0.008371273387013158,1.0492734131944725e-06,2.4372822057239752e-09,0.011768219798581614,6.561303827625743e-11,3.01284075787625e-13,0.020411821792980074,85.0,1.0,0.012962366721020161,85.0,1.0,0.012962366721020161,83.0,0.0,0.006847360822648332,2433.0,36.0,0.017239876322792985,2399.5,19.0,0.014094545435371277,0.9869406830313898,0.012746035825462243,0.0199504074152481,-1.0,0.0,-0.0,-1.0,0.0,-0.0
amd,AMD Threadripper 3970X,cpu,axpy_amd_20260725_215406,axpy_amd_20260725_215406_session5,5,8000000,20,10,10,0,0,0,-1,13038.0,7.76494994247584e-05,2.147730480134963e-07,0.007388166394528806,7.76494994247584e-05,2.147730480134963e-07,0.007388166394528806,0.018804796901365238,2.374950145727847e-05,0.0037337446904422964,0.018804796901365238,2.374950145727847e-05,0.0037337446904422964,nan,nan,nan,241.78161909783344,0.667109664106448,0.00448446581687135,206.05415537511396,0.5715001169040335,0.007326939874607471,1236.3249322506836,3.429000701424343,0.007326939874607421,1.460483232573384e-06,7.4096626329644575e-09,0.01084640055451263,1.1337495899761342e-10,9.93536630127741e-13,0.018275623046849928,79.0,2.5,0.03598040321304098,79.0,2.5,0.03598040321304098,76.0,0.5,0.021240099625397958,2570.5,37.0,0.02548787250788288,2536.5,23.5,0.01409232284659933,0.9787384352836763,0.01859144353025166,0.025753296182965645,-1.0,0.0,-0.0,-1.0,0.0,-0.0
amd,AMD Threadripper 3970X,cpu,axpy_amd_20260725_215406,axpy_amd_20260725_215406_session5,5,8000000,32,10,10,0,0,0,-1,19369.0,5.1988345087510966e-05,1.9538651969642094e-07,0.006516688859382368,5.1988345087510966e-05,1.9538651969642094e-07,0.006516688859382368,0.01390376526924467,4.8322758015384784e-05,0.007420425098879214,0.01390376526924467,4.8322758015384784e-05,0.007420425098879214,nan,nan,nan,267.0982636331997,0.5800232356375545,0.004050470622250151,307.76262494312914,1.1549449191843166,0.00652182391244784,1846.5757496587748,6.929669515105843,0.006521823912447806,7.216259693518011e-07,4.797104500179487e-09,0.013365638403674565,3.7499073218341826e-11,4.119302241260033e-13,0.01967071279262441,72.0,1.0,0.020154905071195325,72.0,1.0,0.022553310680577754,68.5,1.0,0.01716064021604192,2966.5,31.0,0.013965017762988178,2878.5,18.0,0.013781811040310989,0.9673094516609528,0.007091124962115558,0.01774441060067296,-1.0,0.0,-0.0,-1.0,0.0,-0.0
amd,AMD Threadripper 3970X,cpu,axpy_amd_20260725_215406,axpy_amd_20260725_215406_session5,5,8000000,64,10,10,0,0,0,-1,13911.0,7.34210945654518e-05,3.104050032348425e-07,0.007180479400958316,7.34210945654518e-05,3.104050032348425e-07,0.007180479400958316,0.018803530443533896,0.00017952145783912098,0.03244556840951105,0.018803530443533896,0.00017952145783912098,0.03244556840951105,nan,nan,nan,257.33202912767604,2.960946751287139,0.025659964886965092,217.92107345474182,0.9251910478034375,0.007150665225719856,1307.5264407284508,5.55114628682054,0.007150665225719911,1.377094954306584e-06,1.4164776822352236e-08,0.0394468676127287,1.0085380334728653e-10,1.1126826588088652e-12,0.04657971255092504,73.5,1.5,0.02604020978650393,73.5,1.5,0.02604020978650393,70.0,1.0,0.035132933209144984,3996.5,27.0,0.02146710895537903,3918.5,17.0,0.010037817269421496,0.9757408056042032,0.00966299270774823,0.02593073099216893,-1.0,0.0,-0.0,-1.0,0.0,-0.0
amd,AMD Threadripper 3970X,cpu,axpy_amd_20260725_215406,axpy_amd_20260725_215406_session5,5,16000000,1,10,10,0,0,0,-1,153.0,0.006579900035947713,1.6483153594771746e-05,0.0036530882287606837,0.006579900035947713,1.6483153594771746e-05,0.0036530882287606837,0.47914747385620915,0.0016121111111111197,0.0040464861762998,0.47914747385620915,0.0016121111111111197,0.0040464861762998,nan,nan,nan,72.6610106775321,0.06234297897908192,0.0017437015187475701,4.863307634613331,0.012178730874969457,0.0036463980543545403,29.179845807679982,0.07307238524981763,0.0036463980543545407,0.0031538657107923417,1.9767885803499523e-05,0.007516171708849917,2.0750915278371716e-05,2.001188928672833e-07,0.011114996433599802,69.0,0.0,0.006128445077845697,69.0,0.0,0.006128445077845697,62.5,2.0,0.03957824178833811,1793.0,0.0,0.008167309368364573,1795.0,1.0,0.013130087660547605,1.0011154489682097,0.0059984303343667555,0.012659374686402604,-1.0,0.0,-0.0,-1.0,0.0,-0.0
amd,AMD Threadripper 3970X,cpu,axpy_amd_20260725_215406,axpy_amd_20260725_215406_session5,5,16000000,2,10,10,0,0,0,-1,229.0,0.004364530587336245,2.6861113537118494e-06,0.0008552531334546083,0.004364530587336245,2.6861113537118494e-06,0.0008552531334546083,0.34785228165938864,0.0006048908296943378,0.010822362497250607,0.34785228165938864,0.0006048908296943378,0.010822362497250607,nan,nan,nan,79.64554193768748,0.1388415797652769,0.011444233989911946,7.331831345899912,0.004511474375950453,0.0008555283373439271,43.990988075399464,0.027068846255698276,0.0008555283373439284,0.0015184602348370631,2.278851625662549e-06,0.010235629440212628,6.6277669101966666e-06,1.2729636245315815e-08,0.009690346399708255,70.0,1.0,0.01780463096777486,70.0,1.0,0.01780463096777486,63.0,2.0,0.044713911986000596,1849.5,18.0,0.015617704818453404,1834.0,0.0,0.00805403090083329,0.9917081439761615,0.010029303608365847,0.017004113895300398,-1.0,0.0,-0.0,-1.0,0.0,-0.0
amd,AMD Threadripper 3970X,cpu,axpy_amd_20260725_215406,axpy_amd_20260725_215406_session5,5,16000000,4,10,10,0,0,0,-1,293.0,0.003539227967576792,8.193703071673018e-07,0.0005373984726363135,0.003539227967576792,8.193703071673018e-07,0.0005373984726363135,0.31071164675767915,0.00022785494880545043,0.001069752842581664,0.31071164675767915,0.00022785494880545043,0.001069752842581664,nan,nan,nan,87.8129230280453,0.04555187025490426,0.0007092949498284139,9.041519931249724,0.002093077798503984,0.0005376033219410462,54.24911958749834,0.01255846679102035,0.0005376033219410685,0.0010995292974429085,8.978128062595014e-07,0.0015371441494353697,3.891269508694438e-06,3.9179921533003835e-09,0.002039059753125642,67.0,0.0,0.012699910281800718,67.0,0.0,0.012699910281800718,59.5,2.5,0.039811401690621556,1990.0,33.0,0.0181253918784817,1914.0,0.0,0.00044044397927064027,0.9623115577889447,0.016050652996429382,0.01804821360323986,-1.0,0.0,-0.0,-1.0,0.0,-0.0
amd,AMD Threadripper 3970X,cpu,axpy_amd_20260725_215406,axpy_amd_20260725_215406_session5,5,16000000,8,10,10,0,0,0,-1,1147.0,0.0010421033940714907,2.2086050566682506e-07,0.0005133058251770896,0.0010421033940714907,2.2086050566682506e-07,0.0005133058251770896,0.11636294856146469,7.394158674804002e-05,0.0009558492532335842,0.11636294856146469,7.394158674804002e-05,0.0009558492532335842,nan,nan,nan,111.64743983371767,0.07610419537078883,0.0006828372580882238,30.7071257846799,0.006509371627172911,0.0005128721606362921,184.24275470807942,0.03905622976303391,0.0005128721606362967,0.00012128568845350989,6.665411307504756e-08,0.0013745692020933837,1.2639836521684824e-07,1.0075072331955189e-10,0.0018425485757048155,67.5,0.5,0.013553636924375834,67.5,0.5,0.013553636924375834,62.0,2.0,0.050434578062617516,2108.5,14.5,0.010805018413474287,2061.0,1.0,0.0037537839212828925,0.9838589141857024,0.0008738963410830358,0.01143910818014179,-1.0,0.0,-0.0,-1.0,0.0,-0.0
amd,AMD Threadripper 3970X,cpu,axpy_amd_20260725_215406,axpy_amd_20260725_215406_session5,5,16000000,10,10,0,10,0,0,-1,840.0,0.0014963226720238094,2.9873214285711276e-07,0.00045508661473615824,0.0014963226720238094,2.9873214285711276e-07,0.00045508661473615824,0.15851762440476191,0.0001215738095238228,0.0006754625356688562,0.15851762440476191,0.0001215738095238228,0.0006754625356688562,nan,nan,nan,105.93717706861847,0.021663783369895384,0.0005190663934251734,21.385761716597557,0.004269508460982507,0.0004549942200412725,128.31457029958534,0.02561705076590215,0.0004549942200413008,0.00023718361053025192,1.4058709799181297e-07,0.0010282713992460588,3.548922253958488e-07,2.1818935927707774e-10,0.0014397777838201116,66.0,1.0,0.02918301113574499,66.0,1.0,0.02918301113574499,62.0,3.0,0.06053083535989442,2206.0,32.0,0.01285966614802067,2144.0,1.0,0.008110329292429113,0.9691747493013316,0.011176536611429921,0.017214347660829344,-1.0,0.0,-0.0,-1.0,0.0,-0.0
amd,AMD Threadripper 3970X,cpu,axpy_amd_20260725_215406,axpy_amd_20260725_215406_session5,5,16000000,16,10,0,10,0,0,-1,1525.0,0.0009601478298360656,8.916459016392909e-07,0.0014943118011257936,0.0009601478298360656,8.916459016392909e-07,0.0014943118011257936,0.14015948754098362,8.801114754099226e-05,0.0010674735156683446,0.14015948754098362,8.801114754099226e-05,0.0010674735156683446,nan,nan,nan,145.99778331277793,0.1535474095378646,0.0013782026469490605,33.32820151034453,0.030943004934240292,0.001494109233155242,199.96920906206714,0.18565802960544886,0.0014941092331551876,0.00013453645848666675,2.4944133777621085e-07,0.002201961360379676,1.291748855020021e-07,3.560840957876939e-10,0.003609523501104838,68.0,1.0,0.020181448003038255,68.0,1.0,0.020181448003038255,61.0,3.0,0.05753861719496408,2389.5,3.0,0.007938566177059903,2358.0,2.0,0.0013177299448902556,0.9861812528200138,0.0014600481244964048,0.007440702737397484,-1.0,0.0,-0.0,-1.0,0.0,-0.0
amd,AMD Threadripper 3970X,cpu,axpy_amd_20260725_215406,axpy_amd_20260725_215406_session5,5,16000000,20,10,0,10,0,0,-1,672.0,0.0019589182626488094,4.27040178571517e-07,0.00028816167523482405,0.0019589182626488094,4.27040178571517e-07,0.00028816167523482405,0.2198150699404762,7.119270833333413e-05,0.002133817610579244,0.2198150699404762,7.119270833333413e-05,0.002133817610579244,nan,nan,nan,112.21867206962516,0.06094864545240597,0.0023506319426231186,16.33554632762978,0.0035618780910855463,0.0002881619053728572,98.01327796577867,0.02137126854651683,0.00028816190537284873,0.00043050281018732807,2.227468858409336e-07,0.0019356011522323935,8.431694619271107e-07,6.186701782739204e-10,0.0017622692649628153,66.5,0.5,0.01772197446582826,66.5,0.5,0.01772197446582826,60.0,2.0,0.047355239503353436,2582.0,8.5,0.00774242067669641,2421.0,24.0,0.08010327915838654,0.9392447445369603,0.019757683666210946,0.08282452441790149,-1.0,0.0,-0.0,-1.0,0.0,-0.0
amd,AMD Threadripper 3970X,cpu,axpy_amd_20260725_215406,axpy_amd_20260725_215406_session5,5,16000000,32,10,0,10,0,0,-1,1602.0,0.000809089006554307,1.1391045568040687e-06,0.0033031914775144295,0.000809089006554307,1.1391045568040687e-06,0.0033031914775144295,0.13622422409488139,0.0004014843945068791,0.003538386478207149,0.13622422409488139,0.0004014843945068791,0.003538386478207149,nan,nan,nan,168.05579722341324,0.20764303125248773,0.0031018381938174113,39.55065758988299,0.055605976319792916,0.0032841880290515385,237.30394553929798,0.33363585791883565,0.003284188029051555,0.00011036924494050569,4.24217684100754e-07,0.006115659044512622,8.92086766043881e-08,2.788290665607825e-10,0.009200363115750107,69.0,1.5,0.03392450262362044,69.0,1.5,0.03392450262362044,63.5,2.5,0.04767953313539357,2963.0,3.5,0.008841535039855733,2940.0,5.0,0.0024672624119866588,0.992066334337691,0.0016832583202787688,0.008176555731824383,-1.0,0.0,-0.0,-1.0,0.0,-0.0
amd,AMD Threadripper 3970X,cpu,axpy_amd_20260725_215406,axpy_amd_20260725_215406_session5,5,16000000,64,10,10,0,0,0,-1,1227.0,0.0009213727775061125,8.377147514262366e-07,0.0013970174063651928,0.0009213727775061125,8.377147514262366e-07,0.0013970174063651928,0.15669734107579464,0.00010431907090464876,0.001194249295801813,0.15669734107579464,0.00010431907090464876,0.001194249295801813,nan,nan,nan,169.96723078026858,0.1356047557423068,0.0015190948065132263,34.730789486317825,0.03157952293091526,0.0013963766634435312,208.38473691790696,0.18947713758549867,0.0013963766634435238,0.00014433215607621939,1.7413944167015381e-07,0.0021099686106123986,1.329947548605855e-07,2.6325420973978576e-10,0.0033749417887086208,66.5,0.5,0.019049865422701078,66.5,0.5,0.019049865422701078,62.0,2.0,0.04645452823063619,4120.5,24.5,0.04899169583112422,4150.5,9.0,0.003347399842426629,1.00630950193845,0.0053486563943712095,0.05140994665826761,-1.0,0.0,-0.0,-1.0,0.0,-0.0
amd,AMD Threadripper 3970X,cpu,axpy_amd_20260725_215406,axpy_amd_20260725_215406_session5,5,32000000,1,10,10,0,0,0,-1,77.0,0.013004652506493505,6.164201298701141e-06,0.0006349311484368169,0.013004652506493505,6.164201298701141e-06,0.0006349311484368169,0.9520067597402597,0.0027654675324674804,0.005491953218716004,0.9520067597402597,0.0027654675324674804,0.005491953218716004,nan,nan,nan,73.22332362954961,0.23716084208684407,0.005197780717679637,4.921315675550384,0.002332771384594867,0.0006349004474014486,29.527894053302305,0.013996628307568315,0.0006349004474014339,0.01237744040275433,3.288767628889435e-05,0.005841188889599868,0.00016092439055986928,3.877769215195585e-07,0.00623625322667481,70.5,0.5,0.02043917735710781,70.5,0.5,0.02043917735710781,67.0,2.5,0.055672253639714626,1793.0,0.0,0.011794133990414998,1794.0,0.0,0.013138457895682153,1.0005577244841048,0.0,0.009631922492091287,-1.0,0.0,-0.0,-1.0,0.0,-0.0
amd,AMD Threadripper 3970X,cpu,axpy_amd_20260725_215406,axpy_amd_20260725_215406_session5,5,32000000,2,10,10,0,0,0,-1,116.0,0.008675439327586208,1.5856379310336469e-06,0.00037144162556963393,0.008675439327586208,1.5856379310336469e-06,0.00037144162556963393,0.7058148232758621,0.0031213836206896994,0.005871319506555985,0.7058148232758621,0.0031213836206896994,0.005871319506555985,nan,nan,nan,81.36533751322108,0.3391066142424535,0.005700266364066547,7.377148013674686,0.001348181997333775,0.0003713688963388105,44.262888082048114,0.008089091984000873,0.00037136889633877416,0.006122687872096801,2.6699584108137546e-05,0.006060435732933912,5.3112099061116016e-05,2.2538921412079753e-07,0.0062659929403851835,71.5,0.5,0.024497697324672135,71.5,0.5,0.024497697324672135,68.5,3.0,0.05436807200247388,1832.0,0.0,0.011027348744594758,1834.0,0.0,0.00017241577123212364,1.0010917030567685,0.0,0.010838858813461158,-1.0,0.0,-0.0,-1.0,0.0,-0.0
amd,AMD Threadripper 3970X,cpu,axpy_amd_20260725_215406,axpy_amd_20260725_215406_session5,5,32000000,4,10,10,0,0,0,-1,139.0,0.007205906769784172,3.7571366906471483e-06,0.0006360993288348202,0.007205906769784172,3.7571366906471483e-06,0.0006360993288348202,0.6507644532374102,0.0004462122302159588,0.003579503506889407,0.6507644532374102,0.0004462122302159588,0.003579503506889407,nan,nan,nan,90.29825522739955,0.01968579802670689,0.0033909889830667965,8.881603265283019,0.004631369577173139,0.0006360152235884702,53.28961959169812,0.02778821746304061,0.0006360152235884602,0.00468861545463149,4.677163412793086e-06,0.0038650170776349363,3.3780454659804846e-05,4.605405149224785e-08,0.0042279614182916085,70.0,1.0,0.017078730381424607,70.0,1.0,0.017078730381424607,65.0,2.0,0.04012559687187849,1910.0,0.5,0.008649305148668863,1915.0,0.5,0.004205085095711888,1.0023560209424085,0.007068885603876862,0.010629906019710703,-1.0,0.0,-0.0,-1.0,0.0,-0.0
amd,AMD Threadripper 3970X,cpu,axpy_amd_20260725_215406,axpy_amd_20260725_215406_session5,5,32000000,8,10,10,0,0,0,-1,149.0,0.007111593382550335,2.3380704697989994e-06,0.0004131111211661834,0.007111593382550335,2.3380704697989994e-06,0.0004131111211661834,0.8612205067114094,0.0008247483221476837,0.0014625382021366394,0.8612205067114094,0.0008247483221476837,0.0014625382021366394,nan,nan,nan,121.11695929402902,0.09024842650947562,0.0012388157983814296,8.999389666807973,0.0029577457443679123,0.0004131611675033022,53.99633800084783,0.017746474466196815,0.0004131611675032945,0.006126020975490712,8.06951567038517e-06,0.0017562089604834857,4.357861785389345e-05,7.831623424044552e-08,0.002090525186877469,68.0,0.5,0.017110609195003897,68.0,0.5,0.017110609195003897,64.5,2.0,0.04331599919961414,2129.0,18.5,0.020182218469160185,2082.0,19.0,0.009723254297377745,0.9785091418110006,0.00870067888338616,0.02409155528693883,-1.0,0.0,-0.0,-1.0,0.0,-0.0
amd,AMD Threadripper 3970X,cpu,axpy_amd_20260725_215406,axpy_amd_20260725_215406_session5,5,32000000,10,10,10,0,0,0,-1,157.0,0.006769484573248408,1.447426751593605e-06,0.000282694280814317,0.006769484573248408,1.447426751593605e-06,0.000282694280814317,0.7903553121019109,0.00022168152866242075,0.0005959745549828492,0.7903553121019109,0.00022168152866242075,0.0005959745549828492,nan,nan,nan,116.77396636591209,0.029158996487304023,0.0004965126490365608,9.454190982377412,0.002021902176593038,0.00028267608649784344,56.725145894264486,0.012131413059549345,0.00028267608649783883,0.00534991938772386,2.106306128771187e-06,0.0007897767218507871,3.621580047896727e-05,2.4058539153489953e-08,0.0010257877516900576,69.0,0.0,0.015489448123532274,69.0,0.0,0.015489448123532274,65.0,2.5,0.05530732533216302,2204.5,27.5,0.013665606997508708,2140.0,0.0,0.006626001029654985,0.9707417147137136,0.01560778614228503,0.0175008110637778,-1.0,0.0,-0.0,-1.0,0.0,-0.0
amd,AMD Threadripper 3970X,cpu,axpy_amd_20260725_215406,axpy_amd_20260725_215406_session5,5,32000000,16,10,10,0,0,0,-1,148.0,0.007162032006756756,1.0243885135135383e-06,0.0002425023703494075,0.007162032006756756,1.0243885135135383e-06,0.0002425023703494075,0.9464842567567567,0.000931456081081139,0.0026209152559191254,0.9464842567567567,0.000931456081081139,0.0026209152559191254,nan,nan,nan,132.1535155785444,0.10356811931517029,0.0025583179758490115,8.93601144755352,0.0012781318675916253,0.00024250851558862372,53.616068685321125,0.007668791205546199,0.0002425085155886581,0.0067797394067637745,8.029885690780374e-06,0.0027038383024612163,4.85594543283094e-05,6.745532782508721e-08,0.002805283610042533,70.5,0.5,0.01814786936118362,70.5,0.5,0.01814786936118362,64.0,2.0,0.04295674982464883,2421.0,12.0,0.010563723389475657,2359.0,3.0,0.0081138381792477,0.9819068114552503,0.008261049153242439,0.014247820670632535,-1.0,0.0,-0.0,-1.0,0.0,-0.0
amd,AMD Threadripper 3970X,cpu,axpy_amd_20260725_215406,axpy_amd_20260725_215406_session5,5,32000000,20,10,10,0,0,0,-1,142.0,0.0074880960281690145,1.3191373239439426e-06,0.0005936033267453823,0.0074880960281690145,1.3191373239439426e-06,0.0005936033267453823,0.907553954225352,0.0003574330985914309,0.007023398834397623,0.907553954225352,0.0003574330985914309,0.007023398834397623,nan,nan,nan,121.2077888744619,0.06060220534150318,0.007038620486234638,8.546898967033592,0.0015059020597254502,0.0005929201748434334,51.28139380220156,0.009035412358336714,0.0005929201748434462,0.0067960836882515595,3.7409310729413087e-06,0.007058773170292499,5.0893710857751096e-05,2.1548299150604683e-08,0.007144164270945525,69.0,1.5,0.02734233633331266,69.0,1.5,0.02734233633331266,65.0,3.5,0.06518837130504537,2573.0,4.0,0.0061554763554279735,2516.5,1.5,0.005394384392922047,0.9776540021597167,0.0013337173062668572,0.00733212692247329,-1.0,0.0,-0.0,-1.0,0.0,-0.0
amd,AMD Threadripper 3970X,cpu,axpy_amd_20260725_215406,axpy_amd_20260725_215406_session5,5,32000000,32,10,10,0,0,0,-1,153.0,0.007182893117647059,9.534542483660702e-07,0.00019171953738121488,0.007182893117647059,9.534542483660702e-07,0.00019171953738121488,1.0739851928104573,0.0001432549019607654,0.0005148781931518413,1.0739851928104573,0.0001432549019607654,0.0005148781931518413,nan,nan,nan,149.5202696066026,0.02345574120884919,0.0005282898507010696,8.910058796775552,0.0011827278886311632,0.00019173586016632072,53.460352780653324,0.007096367331783426,0.00019173586016630145,0.007714900750466408,1.2946632737013616e-06,0.0005697291015022927,5.5416362069704845e-05,1.746117015090888e-08,0.0006764218456965923,66.0,1.0,0.01889725952916132,66.0,1.0,0.01889725952916132,60.0,2.0,0.044257863794910104,2976.0,4.5,0.008502019313811246,2964.0,0.0,0.00017424678752001697,0.9959663865546219,0.0013418217256470633,0.008315069014811069,-1.0,0.0,-0.0,-1.0,0.0,-0.0
amd,AMD Threadripper 3970X,cpu,axpy_amd_20260725_215406,axpy_amd_20260725_215406_session5,5,32000000,64,10,10,0,0,0,-1,147.0,0.007362623472789116,6.2543333333334e-06,0.0010214418670098965,0.007362623472789116,6.2543333333334e-06,0.0010214418670098965,1.1382602414965985,0.002349210884353692,0.0028539602541233096,1.1382602414965985,0.002349210884353692,0.0028539602541233096,nan,nan,nan,154.5309708173291,0.38263346614672855,0.002493213962175049,8.69255371323565,0.0073777466466093955,0.001021890311805333,52.1553222794139,0.04426647987965637,0.001021890311805318,0.008385571960071165,1.5713254893849615e-05,0.0034854837154494663,6.179508507854444e-05,8.734797951861421e-08,0.00426894686681984,67.0,1.0,0.02328411941266599,67.0,1.0,0.02328411941266599,62.5,3.0,0.05452012880069566,4129.0,14.0,0.0033004655569975573,4171.0,2.5,0.0025849120671436587,1.0109205970008737,0.00368064328010842,0.00404822231489665,-1.0,0.0,-0.0,-1.0,0.0,-0.0
amd,AMD Threadripper 3970X,cpu,axpy_amd_20260725_215406,axpy_amd_20260725_215406_session5,5,64000000,1,10,10,0,0,0,-1,39.0,0.02601147105128205,3.2686256410256395e-05,0.004693374401333163,0.02601147105128205,3.2686256410256395e-05,0.004693374401333163,1.884503641025641,0.019639589743589814,0.009745493037158172,1.884503641025641,0.019639589743589814,0.009745493037158172,nan,nan,nan,72.41783116214592,0.8821356689524364,0.013880213713552211,4.920905951279772,0.0061745598464644225,0.004665562463763051,29.525435707678632,0.0370473590787892,0.00466556246376301,0.04906257879145824,0.00020185338267957043,0.0063242151981893705,0.0012838402296155534,6.801006427578377e-06,0.005338570724464996,70.0,0.0,0.015269427553595736,70.0,0.0,0.015269427553595736,64.0,2.0,0.043294482896600685,1793.0,0.0,0.005282200991372572,1794.0,0.0,0.007751597568810085,1.0005577244841048,0.0,0.010150166478664407,-1.0,0.0,-0.0,-1.0,0.0,-0.0
amd,AMD Threadripper 3970X,cpu,axpy_amd_20260725_215406,axpy_amd_20260725_215406_session5,5,64000000,2,10,10,0,0,0,-1,59.0,0.017130712838983052,7.0467711864429655e-06,0.0006007634808127871,0.017130712838983052,7.0467711864429655e-06,0.0006007634808127871,1.3801869576271186,0.0013779999999998793,0.0030841647931940733,1.3801869576271186,0.0013779999999998793,0.0030841647931940733,nan,nan,nan,80.5724539413174,0.06779815464386729,0.0030802098628063125,7.471959947789154,0.0030748715503103874,0.0006006165457630524,44.83175968673492,0.01844922930186499,0.0006006165457630296,0.023642274280842382,2.8963648271648074e-05,0.0032026192417076607,0.0004049865384058857,6.400936395960439e-07,0.0034237861939316033,70.0,0.0,0.012526395361529514,70.0,0.0,0.012526395361529514,63.5,2.0,0.05066228156298691,1862.0,30.0,0.015084317034163854,1834.0,0.0,0.007445846343023066,1.001072675567563,0.002209900385211516,0.015704495622145556,-1.0,0.0,-0.0,-1.0,0.0,-0.0
amd,AMD Threadripper 3970X,cpu,axpy_amd_20260725_215406,axpy_amd_20260725_215406_session5,5,64000000,4,10,10,0,0,0,-1,70.0,0.014314164121428571,9.273835714284848e-06,0.0008250748468856334,0.014314164121428571,9.273835714284848e-06,0.0008250748468856334,1.3531714214285713,0.0034499428571427293,0.003934883227838883,1.3531714214285713,0.0034499428571427293,0.003934883227838883,nan,nan,nan,94.50384673413109,0.19611426274600774,0.0033602810290247268,8.942192529228212,0.005794859216804227,0.0008253444436493328,53.65315517536928,0.034769155300832466,0.0008253444436493666,0.01937565233920971,6.589397557640528e-05,0.004586059228517484,0.0002774342246772339,1.1796083921989753e-06,0.005285456192582819,73.5,2.5,0.04504504504504505,73.5,2.5,0.04504504504504505,70.5,4.0,0.06735670499006839,1903.0,1.0,0.007605542576320593,1908.0,0.0,0.006261605647164565,1.0031228499764344,0.0002635718796984987,0.00518993817947141,-1.0,0.0,-0.0,-1.0,0.0,-0.0
amd,AMD Threadripper 3970X,cpu,axpy_amd_20260725_215406,axpy_amd_20260725_215406_session5,5,64000000,8,10,10,0,0,0,-1,70.0,0.01447540487857143,1.2849857142843354e-06,0.0001514054605697642,0.01447540487857143,1.2849857142843354e-06,0.0001514054605697642,1.6277666,0.0011371571428571148,0.0008501181898973102,1.6277666,0.0011371571428571148,0.0008501181898973102,nan,nan,nan,112.44504825414106,0.09915240538498438,0.0008421648359322283,8.84258513486002,0.0007848890039783285,0.0001514197077304069,53.05551080916011,0.004709334023864642,0.00015141970773039124,0.02356569021464068,1.1710702407604148e-05,0.0008843361298409778,0.00034110600259286986,1.9001092578405055e-07,0.0009419538181327188,73.0,0.0,0.01469555713924685,73.0,0.0,0.01469555713924685,68.0,2.0,0.0418078379425973,2050.0,0.0,0.0,2060.0,1.0,0.0077909190963916545,1.0048780487804878,0.0004878048780487809,0.007790919096391661,-1.0,0.0,-0.0,-1.0,0.0,-0.0
amd,AMD Threadripper 3970X,cpu,axpy_amd_20260725_215406,axpy_amd_20260725_215406_session5,5,64000000,10,10,10,0,0,0,-1,69.0,0.014611377420289853,9.52152173911737e-07,0.000328894742814681,0.014611377420289853,9.52152173911737e-07,0.000328894742814681,1.6255238623188406,0.0027044202898550695,0.014440720874010816,1.6255238623188406,0.0027044202898550695,0.014440720874010816,nan,nan,nan,111.23813766234801,0.17763267982671493,0.014339748973823905,8.760296604969124,0.0005709029048386327,0.0003287609486735853,52.56177962981475,0.0034254174290175854,0.0003287609486735194,0.023750559478663863,4.767242607018815e-05,0.014548395625284863,0.0003470198680164551,8.422146133877468e-07,0.014662634445997705,70.5,0.5,0.02547091855568435,70.5,0.5,0.02547091855568435,66.5,3.0,0.05975838164747087,2215.5,19.5,0.013166127091439533,2140.0,3.0,0.014954221191636741,0.9648136384269284,0.010318783200690906,0.02645615644468096,-1.0,0.0,-0.0,-1.0,0.0,-0.0
amd,AMD Threadripper 3970X,cpu,axpy_amd_20260725_215406,axpy_amd_20260725_215406_session5,5,64000000,16,10,10,0,0,0,-1,69.0,0.014634559065217392,1.4415869565211764e-06,0.00016322047108428307,0.014634559065217392,1.4415869565211764e-06,0.00016322047108428307,1.7912472898550724,0.004782043478260833,0.0035431375808720337,1.7912472898550724,0.004782043478260833,0.0035431375808720337,nan,nan,nan,122.41788423442327,0.3369804377341765,0.003488725354170503,8.746419996211067,0.0008615551730777327,0.000163198764107439,52.478519977266394,0.005169331038473501,0.0001631987641074329,0.026209951893729936,6.49570109191866e-05,0.0036041746863529857,0.00038351018470177904,8.859958341720167e-07,0.0036715092121033157,76.0,1.5,0.02557435041598816,76.0,1.5,0.02557435041598816,70.5,2.0,0.04111235118311065,2413.0,1.0,0.00631614919599334,2359.0,3.5,0.007769596423173985,0.9790230206953761,0.007028559657145161,0.00954289770249811,-1.0,0.0,-0.0,-1.0,0.0,-0.0
amd,AMD Threadripper 3970X,cpu,axpy_amd_20260725_215406,axpy_amd_20260725_215406_session5,5,64000000,20,10,10,0,0,0,-1,63.0,0.015981041317460316,1.476936507933957e-06,0.00013012953428435066,0.015981041317460316,1.476936507933957e-06,0.00013012953428435066,1.9563508492063493,0.0040374365079365315,0.0041890713849140025,1.9563508492063493,0.0040374365079365315,0.0041890713849140025,nan,nan,nan,122.41489632572876,0.2516459206288957,0.004209120243026071,8.00949060313884,0.0007402649786101279,0.00013012556490087296,48.056943618833046,0.004441589871660767,0.00013012556490087738,0.031266196442953864,6.817862475635462e-05,0.0041730039575056605,0.0004996931164585372,1.1579267087744993e-06,0.004160964458444767,75.0,1.0,0.032956369820528644,75.0,1.0,0.032956369820528644,70.0,3.0,0.05725341192476414,2558.0,33.0,0.01234182536718159,2503.5,2.0,0.012695912726701232,0.9779167090594725,0.012071887041237572,0.023397527521667797,-1.0,0.0,-0.0,-1.0,0.0,-0.0
amd,AMD Threadripper 3970X,cpu,axpy_amd_20260725_215406,axpy_amd_20260725_215406_session5,5,64000000,32,10,10,0,0,0,-1,68.0,0.014813895102941177,7.012867647053847e-07,0.00015749304660170985,0.014813895102941177,7.012867647053847e-07,0.00015749304660170985,2.2008443235294117,0.002265132352941013,0.002442933961725958,2.2008443235294117,0.002265132352941013,0.002442933961725958,nan,nan,nan,148.5678579164997,0.14410614781031938,0.002396575325427075,8.640536409267284,0.000409026198486373,0.00015744586052460433,51.843218455603704,0.0024541571909217907,0.00015744586052455828,0.03260271639425498,3.5620171964678704e-05,0.0024984219179430087,0.00048296787966291266,5.582580696109594e-07,0.0025624549314021776,64.5,0.5,0.019580666626429596,64.5,0.5,0.019580666626429596,60.0,2.5,0.050939644075915676,2984.0,16.0,0.007363782875846314,2985.0,21.5,0.009018721574014218,0.997493208938006,0.011631434387553263,0.012786347624534938,-1.0,0.0,-0.0,-1.0,0.0,-0.0
amd,AMD Threadripper 3970X,cpu,axpy_amd_20260725_215406,axpy_amd_20260725_215406_session5,5,64000000,64,10,10,0,0,0,-1,67.0,0.015105090626865672,1.9574208955224284e-05,0.001993121972978716,0.015105090626865672,1.9574208955224284e-05,0.001993121972978716,2.3501534104477613,0.0036394999999997957,0.002487452372972093,2.3501534104477613,0.0036394999999997957,0.002487452372972093,nan,nan,nan,155.57791912875348,0.1510172510526786,0.0017441083369807292,8.473964385672858,0.0109893550790785,0.0019933141348909603,50.84378631403715,0.06593613047446922,0.001993314134890984,0.035497979784998066,4.209188610161327e-05,0.004154806242475359,0.0005364301695528367,1.2728545742274333e-06,0.006022021514363482,68.0,0.5,0.01849285181385017,68.0,0.5,0.01849285181385017,64.0,2.0,0.040343576522993925,4066.5,6.5,0.0038139084187710976,4148.0,3.0,0.0028971764790102278,1.019938317609777,0.0036704866545038684,0.005321675189477614,-1.0,0.0,-0.0,-1.0,0.0,-0.0
amd,AMD Threadripper 3970X,cpu,axpy_amd_20260725_215406,axpy_amd_20260725_215406_session5,5,128000000,1,10,10,0,0,0,-1,20.0,0.05195940874999999,3.6873000000006706e-05,0.0022213359117533413,0.05195940874999999,3.6873000000006706e-05,0.0022213359117533413,3.7329765249999998,0.004191374999999997,0.005453618019929813,3.7329765249999998,0.004191374999999997,0.005453618019929813,nan,nan,nan,71.84274666307857,0.08588072173971284,0.007473990644636418,4.926922988460108,0.0034940165413503976,0.002215524665496941,29.561537930760647,0.020964099248102386,0.002215524665496924,0.19388847705869997,0.0003533229237897284,0.0036427189462509193,0.010077166656966912,1.8665708732842554e-05,0.0025533799246377467,69.0,0.5,0.010709213169413959,69.0,0.5,0.010709213169413959,64.5,2.0,0.03882837389543599,1793.0,0.0,0.005282200991372572,1794.0,0.0,0.0054017482243984795,1.0005577244841048,0.0002788622420524245,0.007954244571228534,-1.0,0.0,-0.0,-1.0,0.0,-0.0
amd,AMD Threadripper 3970X,cpu,axpy_amd_20260725_215406,axpy_amd_20260725_215406_session5,5,128000000,2,10,10,0,0,0,-1,30.0,0.03404841748333333,4.99167333333321e-05,0.0014501439812214182,0.03404841748333333,4.99167333333321e-05,0.0014501439812214182,2.7283803666666664,0.0034691666666666343,0.004624225320320687,2.7283803666666664,0.0034691666666666343,0.004624225320320687,nan,nan,nan,80.20621066110161,0.20424000129057873,0.004812820548246638,7.518705562233279,0.011021400109121782,0.0014502373021519942,45.112233373399675,0.06612840065473335,0.001450237302152021,0.09283147478246193,0.00022204868828773483,0.00488095220876038,0.00315725934227713,9.447442065787506e-06,0.005521156273493783,72.5,1.0,0.016212538546647337,72.5,1.0,0.016212538546647337,67.5,1.5,0.03768239284919685,1829.5,2.0,0.005802039933613524,1834.5,0.5,0.011909942126834189,1.0046564887327727,0.013613941810663166,0.01478989138910096,-1.0,0.0,-0.0,-1.0,0.0,-0.0
amd,AMD Threadripper 3970X,cpu,axpy_amd_20260725_215406,axpy_amd_20260725_215406_session5,5,128000000,4,10,10,0,0,0,-1,36.0,0.02843088027777778,8.189208333333683e-06,0.00039909136035382465,0.02843088027777778,8.189208333333683e-06,0.00039909136035382465,2.509045638888889,0.012962527777777844,0.007573422777500335,2.509045638888889,0.012962527777777844,0.007573422777500335,nan,nan,nan,88.23603309529813,0.45950219528234726,0.007853837640196695,9.00429397139683,0.002594202591646777,0.00039901013502504663,54.025763828380974,0.01556521554989132,0.0003990101350250534,0.07134625741768359,0.0003649519474623747,0.00730377609810143,0.002028774983163257,1.0256445780870921e-05,0.007046147604437598,69.5,0.5,0.017127596562773458,69.5,0.5,0.017127596562773458,63.5,2.0,0.047735163489123336,1910.0,0.0,0.00037030991421133677,1914.5,0.5,0.005092811758527542,1.0023560209424085,0.0007853403141362403,0.005390437666409301,-1.0,0.0,-0.0,-1.0,0.0,-0.0
amd,AMD Threadripper 3970X,cpu,axpy_amd_20260725_215406,axpy_amd_20260725_215406_session5,5,128000000,8,10,10,0,0,0,-1,35.0,0.02873034102857143,2.9284857142840293e-06,0.0001761845455303473,0.02873034102857143,2.9284857142840293e-06,0.0001761845455303473,3.0361360142857143,0.001403071428571323,0.0005907432848818262,3.0361360142857143,0.001403071428571323,0.0005907432848818262,nan,nan,nan,105.66666156383135,0.04704625142817065,0.0005849151726281344,8.910440699144623,0.0009081695286496938,0.00017620833502668211,53.46264419486773,0.00544901717189461,0.00017620833502667366,0.08723548419880747,3.3421259132818126e-05,0.0006464955445636235,0.002506039768575439,1.3655850030142632e-06,0.0007409704250222461,70.0,0.5,0.01859549685323117,70.0,0.5,0.01859549685323117,65.5,2.5,0.04425941854401702,2053.0,0.5,0.005155107946020727,2065.0,1.0,0.0006636255118438169,1.0056002544071871,0.000730638090599145,0.004998788535857622,-1.0,0.0,-0.0,-1.0,0.0,-0.0
amd,AMD Threadripper 3970X,cpu,axpy_amd_20260725_215406,axpy_amd_20260725_215406_session5,5,128000000,10,10,10,0,0,0,-1,35.0,0.029002826942857142,4.078685714283339e-06,0.00017713663823396816,0.029002826942857142,4.078685714283339e-06,0.00017713663823396816,3.0163976142857143,0.001507714285714279,0.0008812391229431747,3.0163976142857143,0.001507714285714279,0.0008812391229431747,nan,nan,nan,103.98098432722358,0.07915462589250666,0.0008073342049942501,8.826725805512531,0.00124130580067483,0.00017712869454115468,52.960354833075186,0.007447834804050757,0.00017712869454116644,0.08750015207003206,3.4204089792842785e-05,0.000981888406021135,0.0025378646345874203,1.1145353575419108e-06,0.001101981987256665,70.0,0.0,0.004524002375062059,70.0,0.0,0.004524002375062059,64.0,2.0,0.037940733533579934,2128.0,0.0,0.006149429661823114,2143.5,2.0,0.007315945199804034,1.0072854915850982,0.0010989563769120414,0.005977333035398495,-1.0,0.0,-0.0,-1.0,0.0,-0.0
amd,AMD Threadripper 3970X,cpu,axpy_amd_20260725_215406,axpy_amd_20260725_215406_session5,5,128000000,16,10,10,0,0,0,-1,35.0,0.02912230302857143,5.960185714285263e-06,0.0003737279981263924,0.02912230302857143,5.960185714285263e-06,0.0003737279981263924,3.8660325857142857,0.002168157142857119,0.001477835801810249,3.8660325857142857,0.002168157142857119,0.001477835801810249,nan,nan,nan,132.72308175879868,0.058594297452756905,0.0013938577766867055,8.790513611633576,0.001799400719551869,0.0003735973354081442,52.74308166980146,0.010796404317311215,0.0003735973354082331,0.11258399296506959,8.437658242757551e-05,0.0016445515255141881,0.003278200678749705,3.3020020747246727e-06,0.0018721073159631652,76.5,0.5,0.013447858840997978,76.5,0.5,0.013447858840997978,72.0,2.5,0.04583011101693304,2340.0,1.0,0.007304973847727402,2359.0,0.0,0.0007422813121150502,1.008119658119658,0.0012838783467257198,0.0075193847707489105,-1.0,0.0,-0.0,-1.0,0.0,-0.0
amd,AMD Threadripper 3970X,cpu,axpy_amd_20260725_215406,axpy_amd_20260725_215406_session5,5,128000000,20,10,10,0,0,0,-1,32.0,0.031932057375,5.056828124995472e-06,0.00025029949681214123,0.031932057375,5.056828124995472e-06,0.00025029949681214123,3.87120278125,0.0028463437500001465,0.0012243728710063118,3.87120278125,0.0028463437500001465,0.0012243728710063118,nan,nan,nan,121.20970970219113,0.0879054303055895,0.0012393873881600115,8.017021797171969,0.001269381562634564,0.00025033220027861805,48.10213078303181,0.007616289375803831,0.0002503322002786275,0.12363870084062688,7.735953807370965e-05,0.0012597950646215774,0.003948393462447844,1.6032249170578293e-06,0.0013416468154664055,76.0,0.0,0.024022919188823075,76.0,0.0,0.024022919188823075,72.5,2.5,0.04899539464934427,2541.5,19.0,0.01624570811547162,2513.5,4.0,0.0015265386159036322,0.9886333680076188,0.007985850224824897,0.015562766563951044,-1.0,0.0,-0.0,-1.0,0.0,-0.0
amd,AMD Threadripper 3970X,cpu,axpy_amd_20260725_215406,axpy_amd_20260725_215406_session5,5,128000000,32,10,10,0,0,0,-1,34.0,0.029579075455882353,3.1008235294154723e-06,0.00015380632353235614,0.029579075455882353,3.1008235294154723e-06,0.00015380632353235614,4.435619750000001,0.0022070147058821377,0.0019706831605248577,4.435619750000001,0.0022070147058821377,0.0019706831605248577,nan,nan,nan,149.95829579980654,0.04643072934209158,0.0019514206084805515,8.654766818800397,0.0009072155782527958,0.00015379471381531286,51.92860091280238,0.005443293469514998,0.00015379471381533362,0.13120129730460994,8.994619083024791e-05,0.0020016302448925974,0.0038807244590664106,2.9411487815998987e-06,0.002043733763832443,69.5,0.5,0.013279430397004067,69.5,0.5,0.013279430397004067,62.0,2.0,0.04206091504897874,2929.5,24.5,0.017004057333662375,2963.0,6.0,0.00817155842550127,1.0071890879715633,0.009431006424429123,0.011189958825587406,-1.0,0.0,-0.0,-1.0,0.0,-0.0
amd,AMD Threadripper 3970X,cpu,axpy_amd_20260725_215406,axpy_amd_20260725_215406_session5,5,128000000,64,10,10,0,0,0,-1,34.0,0.03001583635294118,1.1784852941176815e-05,0.0006864458242487952,0.03001583635294118,1.1784852941176815e-05,0.0006864458242487952,4.683267632352941,0.005113676470587691,0.002101300318779933,4.683267632352941,0.005113676470587691,0.002101300318779933,nan,nan,nan,156.07352637181216,0.12107241559719739,0.0015972551750993635,8.528831153066154,0.003348896214984798,0.0006859999238280516,51.17298691839692,0.020093377289914116,0.0006859999238280558,0.1405433211340509,0.0002180012805145376,0.002687688271539432,0.004218764906389621,6.630420769281921e-06,0.003313259089030084,70.0,1.0,0.01902551223114166,70.0,1.0,0.01902551223114166,66.5,2.5,0.04359585904560597,4028.5,9.0,0.006136910004028944,4148.5,2.0,0.0016343730901697171,1.0301638530287982,0.0032985012616979503,0.006519613465021699,-1.0,0.0,-0.0,-1.0,0.0,-0.0
amd,AMD Threadripper 3970X,cpu,axpy_amd_20260725_215406,axpy_amd_20260725_215406_session5,5,256000000,1,10,10,0,0,0,-1,10.0,0.10324134335,0.00025930874999999937,0.005811061965419522,0.10324134335,0.00025930874999999937,0.005811061965419522,7.327867299999999,0.049649500000000124,0.010146158933394269,7.327867299999999,0.049649500000000124,0.010146158933394269,nan,nan,nan,71.2182305550853,0.7067488884884909,0.011082104917618706,4.959253913042014,0.012503758085423033,0.005792993070990055,29.75552347825208,0.07502254851254087,0.005792993070990107,0.7534500853765054,0.002037157246036536,0.012362401707565052,0.07766567014496895,0.0001269171774187644,0.01652716250106949,69.0,1.0,0.01139899765529791,69.0,1.0,0.01139899765529791,66.0,1.0,0.01811223902780431,1793.0,0.0,0.008221011745156489,1794.5,0.5,0.009407902097857506,1.0005577244841048,0.010692293164342614,0.012482190107936638,-1.0,0.0,-0.0,-1.0,0.0,-0.0
amd,AMD Threadripper 3970X,cpu,axpy_amd_20260725_215406,axpy_amd_20260725_215406_session5,5,256000000,2,10,10,0,0,0,-1,15.0,0.06756642033333334,4.793913333333427e-05,0.0009904824522879916,0.06756642033333334,4.793913333333427e-05,0.0009904824522879916,5.4306853,0.005733999999999906,0.006065863403084922,5.4306853,0.005733999999999906,0.006065863403084922,nan,nan,nan,80.40710354401648,0.0708518468632846,0.007013310629158105,7.577728664747964,0.005380363831752888,0.0009902887890292816,45.466371988487786,0.03228218299051022,0.0009902887890292273,0.36667637202565884,0.0005664766052778658,0.005133501085071187,0.024757432543789627,5.241959158215799e-05,0.0042263626138957676,72.0,1.0,0.01312148406708871,72.0,1.0,0.01312148406708871,66.5,1.5,0.03787158874453149,1832.0,1.0,0.007002920305679327,1834.0,0.0,0.0002298751615722298,1.0013646288209608,0.00027382011404730733,0.0069944820313925455,-1.0,0.0,-0.0,-1.0,0.0,-0.0
amd,AMD Threadripper 3970X,cpu,axpy_amd_20260725_215406,axpy_amd_20260725_215406_session5,5,256000000,4,10,10,0,0,0,-1,18.0,0.056584565833333336,7.702944444444582e-06,0.0002832265164480016,0.056584565833333336,7.702944444444582e-06,0.0002832265164480016,5.031608638888889,0.0041001666666664605,0.001505851327676875,5.031608638888889,0.0041001666666664605,0.001505851327676875,nan,nan,nan,88.89973913507899,0.06559919111703039,0.0016418708873886401,9.048403817147737,0.0012317316792493926,0.00028327911579159837,54.29042290288642,0.007390390075496356,0.0002832791157916039,0.2847972322395216,0.00023651670987814843,0.0014141969528627877,0.016113997218824068,1.340423469008492e-05,0.0013757707504124556,72.5,0.5,0.017471147293747952,72.5,0.5,0.017471147293747952,68.0,2.5,0.046214475746951506,1908.0,0.5,0.0017165548038230118,1914.0,1.0,0.008669435899651285,1.0049942041785114,0.0023743454710537515,0.008330864311426238,-1.0,0.0,-0.0,-1.0,0.0,-0.0
amd,AMD Threadripper 3970X,cpu,axpy_amd_20260725_215406,axpy_amd_20260725_215406_session5,5,256000000,8,10,10,0,0,0,-1,18.0,0.05710478527777778,6.228999999999957e-06,0.00014710183088210456,0.05710478527777778,6.228999999999957e-06,0.00014710183088210456,5.761972222222222,0.0013473888888890784,0.00041881390475667787,5.761972222222222,0.0013473888888890784,0.00041881390475667787,nan,nan,nan,100.89411906851578,0.017850289013232157,0.00036089383885003635,8.96597364960795,0.0009779271299699133,0.000147104241520151,53.79584189764769,0.00586756277981948,0.00014710424152015927,0.3290658753485624,0.00010223813713142182,0.0005136281574967459,0.018794440001436152,5.703840345467823e-06,0.0006288629735257062,72.0,1.0,0.01312148406708871,72.0,1.0,0.01312148406708871,66.0,2.5,0.04543265552716804,2053.5,0.5,0.011023885497211474,2064.5,2.0,0.0070959641072636205,1.0056001358356048,0.012422270399173652,0.01515350854130788,-1.0,0.0,-0.0,-1.0,0.0,-0.0
amd,AMD Threadripper 3970X,cpu,axpy_amd_20260725_215406,axpy_amd_20260725_215406_session5,5,256000000,10,10,10,0,0,0,-1,18.0,0.057701507,1.3247333333330641e-05,0.00041604245563743657,0.057701507,1.3247333333330641e-05,0.00041604245563743657,5.921466638888889,0.0013494999999998925,0.004471569697398,5.921466638888889,0.0013494999999998925,0.004471569697398,nan,nan,nan,102.63293658042974,0.030135840154208893,0.004125563189438497,8.873251802648802,0.0020371490195545405,0.0004159429584277974,53.239510815892814,0.012222894117332572,0.00041594295842778406,0.34166465738265767,0.00014518826523027273,0.004829138564700813,0.01971517937564511,1.5278938200696465e-05,0.005195907543826353,72.0,0.0,0.013404487114586897,72.0,0.0,0.013404487114586897,65.5,2.0,0.0440292822579866,2124.0,1.5,0.008783233302286248,2143.5,2.0,0.005888954553791942,1.0089474928436024,0.000476902732468254,0.007445083697769747,-1.0,0.0,-0.0,-1.0,0.0,-0.0
amd,AMD Threadripper 3970X,cpu,axpy_amd_20260725_215406,axpy_amd_20260725_215406_session5,5,256000000,16,10,10,0,0,0,-1,18.0,0.05797239136111112,8.02113888887998e-06,0.00023309631689439803,0.05797239136111112,8.02113888887998e-06,0.00023309631689439803,6.810044638888889,0.005099555555555302,0.0008852548030644423,6.810044638888889,0.005099555555555302,0.0008852548030644423,nan,nan,nan,117.4306886301571,0.09638449327360377,0.0008781458731967668,8.831790237220908,0.0012218076162451297,0.00023305314337888057,52.99074142332545,0.007330845697484989,0.00023305314337891445,0.3947736621098992,0.00034370355171894906,0.0009512839849006232,0.022882680489151368,2.0898913269449745e-05,0.0010653619393750978,76.0,1.0,0.018351860860370103,76.0,1.0,0.018351860860370103,69.5,2.0,0.056102774882210556,2340.0,0.0,0.006736164014557569,2368.0,3.5,0.006013267202681669,1.0108974358974359,0.0012820512820512775,0.009807698258699064,-1.0,0.0,-0.0,-1.0,0.0,-0.0
amd,AMD Threadripper 3970X,cpu,axpy_amd_20260725_215406,axpy_amd_20260725_215406_session5,5,256000000,20,10,10,0,0,0,-1,16.0,0.06367145087500001,1.8112218750004905e-05,0.00040715871729902125,0.06367145087500001,1.8112218750004905e-05,0.00040715871729902125,7.64064709375,0.010182343750000378,0.0023586652211490364,7.64064709375,0.010182343750000378,0.0023586652211490364,nan,nan,nan,119.98054862306901,0.16924205828014038,0.0024394068449453757,8.041280560864832,0.0022881021705174476,0.00040709483215921647,48.24768336518899,0.013728613023108238,0.0004070948321592415,0.4866462460279941,0.0007336698913164297,0.002346518068411348,0.030990492231494277,4.850289149348555e-05,0.0024040378654126768,76.0,0.0,0.009695989321585045,76.0,0.0,0.009695989321585045,69.5,2.0,0.041513323271815936,2487.0,1.0,0.004796522650698183,2508.5,2.5,0.021011107165950404,1.0012563746696768,0.008801964099867221,0.020780955777328337,-1.0,0.0,-0.0,-1.0,0.0,-0.0
amd,AMD Threadripper 3970X,cpu,axpy_amd_20260725_215406,axpy_amd_20260725_215406_session5,5,256000000,32,10,10,0,0,0,-1,17.0,0.05890302364705882,7.016235294116102e-06,0.00015053353109795338,0.05890302364705882,7.016235294116102e-06,0.00015053353109795338,8.811263882352943,0.01819202941176279,0.0027775414672597093,8.811263882352943,0.01819202941176279,0.0027775414672597093,nan,nan,nan,149.6036339497497,0.30837950920927426,0.002878649630884505,8.692253274524393,0.0010354999987747249,0.00015052332641304713,52.153519647146354,0.006212999992655455,0.0001505233264130581,0.5189604641450911,0.0010505337762414801,0.0026810382707103462,0.030565418005396743,5.7049417558950946e-05,0.002589656683446683,70.5,0.5,0.011710847828571331,70.5,0.5,0.011710847828571331,64.5,2.0,0.04150465298340714,2922.0,12.0,0.007908266354467742,2963.5,0.5,0.00028676787096298213,1.0138604297943696,0.004525049066521958,0.007885989335955624,-1.0,0.0,-0.0,-1.0,0.0,-0.0
amd,AMD Threadripper 3970X,cpu,axpy_amd_20260725_215406,axpy_amd_20260725_215406_session5,5,256000000,64,10,10,0,0,0,-1,17.0,0.059703487294117646,5.806676470591909e-06,0.00023975041917429347,0.059703487294117646,5.806676470591909e-06,0.00023975041917429347,9.286694205882352,0.0030646176470598974,0.001702502197186787,9.286694205882352,0.0030646176470598974,0.001702502197186787,nan,nan,nan,155.5404675719902,0.06353691767201042,0.0017489917052675662,8.57571346738347,0.0008340815601366458,0.00023979101850641883,51.45428080430082,0.005004489360825204,0.000239791018506418,0.5544558497660885,0.0001634806372407538,0.0016891257961628066,0.033104609548122874,1.1826873373262103e-05,0.0017096228138479227,71.0,0.5,0.010377845110726047,71.0,0.5,0.010377845110726047,66.5,2.0,0.037545522421565454,4025.5,8.0,0.0027106649475887408,4146.5,10.5,0.003998481403363848,1.0299729745782846,0.0011459350246620925,0.0022505319461764615,-1.0,0.0,-0.0,-1.0,0.0,-0.0
intel,Intel i9-7900X,cpu,axpy_intel_20260725_163341,axpy_intel_20260725_163341_session1,1,1000000,1,10,10,0,0,0,-1,3290.0,0.00030423210881458965,9.118100303951143e-08,0.00037836774211538705,0.00030423210881458965,9.118100303951143e-08,0.00037836774211538705,0.012978396960486322,0.00012214407294832818,0.015462370255402525,0.01297839924012158,0.00012214635258358652,0.015462250826138892,0.0,0.0,1.520459869988031,42.674877514131275,0.4242287542600103,0.015510755001658461,6.573928100728582,0.001970411294779595,0.00037838845593811204,39.44356860437149,0.011822467768681122,0.00037838845593817075,3.9467714247995455e-06,3.566566812171981e-08,0.015422929010710056,1.2002257082456374e-09,1.0491300473474804e-11,0.015392498475560516,76.0,0.5,0.04360304630069747,75.0,0.0,0.04457954546054032,75.0,0.0,0.006414952078879787,1623.5,75.0,0.05927385066864573,1340.0,0.0,0.0696895193587646,0.852226429370566,0.03451114950640416,0.08753670555128307,-1.0,0.0,-0.0,-1.0,0.0,-0.0
intel,Intel i9-7900X,cpu,axpy_intel_20260725_163341,axpy_intel_20260725_163341_session1,1,1000000,2,10,10,0,0,0,-1,6028.0,0.00016792301244193761,3.6046474784341644e-07,0.005517303298701828,0.00016792301244193761,3.6046474784341644e-07,0.005517303298701828,0.00973148299601858,5.426634041141333e-05,0.01020248566836659,0.00973149693098872,5.426634041141333e-05,0.010202554611346821,0.0,0.0,1.7408358413464895,57.944432539707265,0.268119648088156,0.007593947346870191,11.910220021574185,0.02550105509976408,0.005540998660013841,71.46132012944511,0.15300633059859337,0.005540998660013793,1.6336390284699928e-06,1.4857463375576233e-08,0.014513270379248882,2.7430158638798694e-10,2.7109300790898823e-12,0.01940417501181191,77.0,1.0,0.02797048212388266,76.0,0.0,0.0285104905340573,76.0,0.0,0.014782453442644446,1772.5,34.5,0.050724223141440074,1600.5,9.0,0.04449216481156191,0.9038974046558212,0.01183243895490721,0.051902231623951446,-1.0,0.0,-0.0,-1.0,0.0,-0.0
intel,Intel i9-7900X,cpu,axpy_intel_20260725_163341,axpy_intel_20260725_163341_session1,1,1000000,4,10,10,0,0,0,-1,12217.0,8.189881288368667e-05,2.1563313415728154e-08,0.0017789438375302924,8.189881288368667e-05,2.1563313415728154e-08,0.0017789438375302924,0.006781382172382746,1.4737865269706055e-05,0.004212788487909626,0.006781382786281411,1.4737824343127957e-05,0.004213091979047671,0.0,0.0,1.78458726342516,82.7595269487536,0.1573123660417508,0.003224235705129933,24.42037842771386,0.006431934529953054,0.0017737818432557169,146.52227056628314,0.03859160717972543,0.0017737818432556655,5.552728323288142e-07,1.134048057074487e-09,0.0056112450314419905,4.54660709950035e-11,9.139993000415448e-14,0.007187943633059199,80.0,0.0,0.009211795098284917,80.0,0.5,0.014746077773583761,79.5,0.5,0.010381747822806616,2086.5,59.0,0.069140133205552,1849.5,10.0,0.08126877717256484,0.9072705710636745,0.03521532956894163,0.1062065865386498,-1.0,0.0,-0.0,-1.0,0.0,-0.0
intel,Intel i9-7900X,cpu,axpy_intel_20260725_163341,axpy_intel_20260725_163341_session1,1,1000000,8,10,10,0,0,0,-1,39737.0,2.5224590910234793e-05,1.1279516571457239e-07,0.005314354140870947,2.5224590910234793e-05,1.1279516571457239e-07,0.005314354140870947,0.003342628142537182,2.547424314870445e-06,0.0012294759529592617,0.003342628520019126,2.5474368976015262e-06,0.0012294874709880596,0.0,0.0,2.1085391796231185,132.75035066921362,0.5184882133543596,0.006049078752515647,79.28771378640369,0.356166184199445,0.005308133432215873,475.7262827184221,2.1369971051966843,0.005308133432215885,8.446340558461918e-08,3.830937768227476e-10,0.004770851476261645,2.130631816592312e-12,2.1589130659731524e-14,0.010026754113805074,86.0,0.0,0.0036813476835487534,86.0,0.0,0.008270254750719854,86.0,0.0,0.005636474813764853,2559.0,19.0,0.025794641301307607,2324.0,3.5,0.030788094922630977,0.904484078030098,0.030343768004609195,0.04089965317141162,-1.0,0.0,-0.0,-1.0,0.0,-0.0
intel,Intel i9-7900X,cpu,axpy_intel_20260725_163341,axpy_intel_20260725_163341_session1,1,1000000,10,10,10,0,0,0,-1,66050.0,1.516122525359576e-05,2.332846328538559e-09,0.0011902200424649672,1.516122525359576e-05,2.332846328538559e-09,0.0011902200424649672,0.002202949061317184,2.4543376230129216e-06,0.0020769181347402702,0.002202949061317184,2.4543376230129216e-06,0.002076889484415272,0.0,0.0,3.1622776601683795,145.22500464083623,0.17491393284014123,0.001993178007305953,131.9154602021758,0.020299291494779936,0.001187204305288971,791.4927612130548,0.12179574896873646,0.0011872043052889136,3.3390458525892095e-08,3.328759750493547e-11,0.0027360110935948146,5.060791913718988e-13,4.987825742226093e-16,0.0036757137456915204,77.0,0.0,0.008235098073355155,76.5,0.5,0.006889493813003005,77.0,0.5,0.00879985081760825,2859.0,1.5,0.02204224355883079,2459.5,59.5,0.025674746341378448,0.8783390050303211,0.020838105067851498,0.03387187981054708,-1.0,0.0,-0.0,-1.0,0.0,-0.0
intel,Intel i9-7900X,cpu,axpy_intel_20260725_163341,axpy_intel_20260725_163341_session1,1,1000000,16,10,10,0,0,0,-1,34233.0,2.9391446645050098e-05,1.298330412175349e-07,0.005339316090328589,2.9391446645050098e-05,1.298330412175349e-07,0.005339316090328589,0.003813643604124675,1.3211506441153289e-05,0.004580842056684123,0.0038136442759910023,1.3211506441153289e-05,0.004580833616721761,0.0,0.0,3.162277660168379,129.66353389846068,0.10917969581453235,0.0014422049677845288,68.04700818755138,0.30060480918097454,0.005334655601093994,408.2820491253083,1.8036288550858615,0.005334655601093992,1.120885062841668e-07,9.967028517039203e-10,0.009850444773199742,3.294443480084357e-12,4.316555941156424e-14,0.015177758250409623,82.0,0.0,0.00515448681364039,82.0,0.0,0.006328404160469637,82.0,0.0,0.006328404160469637,3494.5,66.0,0.020535567458451177,3119.0,0.0,0.018372585415137165,0.9082806110678989,0.004110496946322817,0.024488208674347204,-1.0,0.0,-0.0,-1.0,0.0,-0.0
intel,Intel i9-7900X,cpu,axpy_intel_20260725_163341,axpy_intel_20260725_163341_session1,1,1000000,20,10,10,0,0,0,-1,49482.0,2.0478529879552158e-05,7.0387312558091295e-09,0.003879371871401788,2.0478529879552158e-05,7.0387312558091295e-09,0.003879371871401788,0.0029894402105816254,4.690917909542548e-06,0.0026508297634760493,0.0029894402105816254,4.688290691564224e-06,0.0026507217236802277,0.0,0.0,3.1622776601683795,145.99978472733227,0.1830105481369344,0.0029959395145367396,97.66326064710171,0.033569457578465745,0.003914989233192575,585.9795638826101,0.2014167454708513,0.0039149892331926065,6.123127732064308e-08,1.007644302749094e-10,0.005920731685385656,1.254280962940875e-12,2.6297030109751823e-15,0.009604298866778743,87.0,0.5,0.012634959065609781,86.5,0.5,0.012413021937334179,86.5,0.5,0.012413021937334179,3981.0,7.0,0.029066985061397144,3600.0,0.0,0.0001434597676114908,0.9041698065812609,0.0015991864047046889,0.031171766160892362,-1.0,0.0,-0.0,-1.0,0.0,-0.0
intel,Intel i9-7900X,cpu,axpy_intel_20260725_163341,axpy_intel_20260725_163341_session1,1,2000000,1,10,10,0,0,0,-1,1417.0,0.0007121443772053635,5.629160197600028e-07,0.001683669394662126,0.0007121443772053635,5.629160197600028e-07,0.001683669394662126,0.029025437544107267,0.00021650846859562478,0.01604342362642962,0.029108804516584336,0.00022268454481299063,0.01602991598917094,8.131016231474947e-05,2.056810162314746e-06,0.046398129820753746,40.743014459199074,0.294942400810438,0.015086361894351221,5.616838769135069,0.004442122771211476,0.0016878418710616762,33.701032614810416,0.026652736627269746,0.0016878418710617044,2.067780355621892e-05,1.5879129577955104e-07,0.01710462991506878,1.4730925994464601e-08,1.0925209734358604e-10,0.0182507353964226,68.0,0.0,0.0608082698086133,68.0,0.0,0.061487546190134565,68.0,0.0,0.007639020406720745,1649.5,49.5,0.07465397515628118,1340.0,0.0,0.00036056273161129204,0.8120642446294357,0.023102350560875562,0.0705099535641028,-1.0,0.0,-0.0,-1.0,0.0,-0.0
intel,Intel i9-7900X,cpu,axpy_intel_20260725_163341,axpy_intel_20260725_163341_session1,1,2000000,2,10,10,0,0,0,-1,2532.0,0.00039500471781200636,1.4643305687209542e-07,0.0016126451627858157,0.00039500471781200636,1.4643305687209542e-07,0.0016126451627858157,0.023053066548183253,6.877270932069413e-05,0.008158041565635009,0.023261335505529224,7.172452606634891e-05,0.008107342257329737,0.00020885525276461293,1.3021327014218137e-06,0.018361397875878486,58.42211174672282,0.1756802941753257,0.007511177329992502,10.126461349293685,0.003755408916787495,0.0016157464195802323,60.75876809576211,0.022532453500723193,0.0016157464195802823,9.102134128752908e-06,3.8094088270806014e-08,0.009047354012680218,3.594901413648779e-09,2.059875601785427e-11,0.01011388826969904,77.0,0.0,0.04279735054322449,77.0,0.0,0.043331771923476856,77.0,0.0,0.02829061528572267,1844.0,74.0,0.05449153029364568,1605.0,3.5,0.0513583125580771,0.8405346899282209,0.011846481194712044,0.07899147131861729,-1.0,0.0,-0.0,-1.0,0.0,-0.0
intel,Intel i9-7900X,cpu,axpy_intel_20260725_163341,axpy_intel_20260725_163341_session1,1,2000000,4,10,10,0,0,0,-1,5142.0,0.00019380497676001556,4.20994651886448e-07,0.003540755566059084,0.00019380497676001556,4.20994651886448e-07,0.003540755566059084,0.01545887047841307,6.583041618047399e-05,0.00710433864177774,0.01566579385453131,6.389770517308425e-05,0.006979271450869746,0.00020781612213146636,1.306301050175041e-06,0.006704673043045767,79.71087810215931,0.21474740964435313,0.004744885498805594,20.639304916440707,0.044941210580370594,0.0035370894509475716,123.83582949864424,0.2696472634822342,0.0035370894509475738,3.0013080861465272e-06,1.928485617541045e-08,0.01017875043794101,5.815409356466507e-10,5.0795909750634255e-12,0.013490539204799205,76.5,2.0,0.03382681060273371,76.5,2.5,0.035153570714091295,75.0,1.0,0.030339821126931118,2026.0,89.0,0.08097288965818601,1839.5,119.5,0.05695207065858743,0.8824894232208558,0.033386874014384116,0.08378632016680894,-1.0,0.0,-0.0,-1.0,0.0,-0.0
intel,Intel i9-7900X,cpu,axpy_intel_20260725_163341,axpy_intel_20260725_163341_session1,1,2000000,8,10,10,0,0,0,-1,8684.0,0.00011431986832105021,8.193678028558057e-08,0.0037235500644934487,0.00011431986832105021,8.193678028558057e-08,0.0037235500644934487,0.013859836826347307,1.8337171810225115e-05,0.0057057925150580365,0.013878396188392445,1.936780285582626e-05,0.0058329745964680515,1.8831701980654076e-05,1.0517618608935968e-06,0.10257365181933562,121.3056667659038,0.10883759844807628,0.002703261962301736,34.98954357022468,0.025077598226467046,0.00370706171557997,209.93726142134813,0.15046558935878807,0.0037070617155799605,1.584313468612787e-06,2.3724142293491616e-09,0.009270506577114793,1.811795876737598e-10,3.2443558094786567e-13,0.012955209868969229,83.0,2.0,0.0289602512085461,83.0,2.0,0.0289602512085461,81.0,1.0,0.027094178238896763,2602.0,23.0,0.028844652786707524,2300.0,11.5,0.017099237922771026,0.8842718230509901,0.00858310334921375,0.039497315025152455,-1.0,0.0,-0.0,-1.0,0.0,-0.0
intel,Intel i9-7900X,cpu,axpy_intel_20260725_163341,axpy_intel_20260725_163341_session1,1,2000000,10,10,10,0,0,0,-1,9734.0,0.00010297818789808917,4.623469282925006e-08,0.0007495568969031174,0.00010297818789808917,4.623469282925006e-08,0.0007495568969031174,0.013590316776248201,1.3568830901991569e-05,0.0012913979260174631,0.0135905682658722,1.348551469077322e-05,0.0012936193272038879,3.300801314978426e-07,5.265050339017875e-08,0.3262439655683819,132.03718653240455,0.13046416057773058,0.0014126114829787102,38.84317721974611,0.017441268408855848,0.0007493346000152639,233.05906331847666,0.10464761045312798,0.000749334600015252,1.3990192502945996e-06,1.3617674798816568e-09,0.0015687088917071858,1.4403780835348752e-10,2.3773986014984506e-13,0.002091861795143283,81.0,0.0,0.0,81.0,0.0,0.003908872262260049,81.0,0.0,0.003908872262260049,2801.0,44.5,0.028799934272335587,2519.0,0.5,0.023399197006308287,0.893334592956819,0.036853112037321056,0.04241542862504694,-1.0,0.0,-0.0,-1.0,0.0,-0.0
intel,Intel i9-7900X,cpu,axpy_intel_20260725_163341,axpy_intel_20260725_163341_session1,1,2000000,16,10,10,0,0,0,-1,9783.0,0.00010224760870898496,9.331800061329642e-09,0.00018202100949892442,0.00010224760870898496,9.331800061329642e-09,0.00018202100949892442,0.01252099371358479,1.080890319942688e-05,0.0012106955276565347,0.012529329551262394,1.0101298170295085e-05,0.0011918362493526455,8.496831237861596e-06,3.0190125728304223e-07,0.05980569637002123,122.45363055936315,0.12126217860694766,0.0012007455590086731,39.12071933030606,0.00357037081198186,0.00018198683905460312,234.72431598183636,0.021422224871898266,0.00018198683905465087,1.280165082489532e-06,8.24817511637315e-10,0.001247474787678217,1.3088599029608441e-10,7.152781220073566e-14,0.0013088378050116196,72.0,0.0,0.012144175253410725,72.0,0.5,0.012798559658393893,72.0,0.5,0.009413508475739928,3579.0,0.0,0.00014426936902674255,3119.0,0.0,0.01208598944327788,0.8714724783459067,0.00024342806657706717,0.012127503261638188,-1.0,0.0,-0.0,-1.0,0.0,-0.0
intel,Intel i9-7900X,cpu,axpy_intel_20260725_163341,axpy_intel_20260725_163341_session1,1,2000000,20,10,10,0,0,0,-1,9375.0,0.00010689166064,1.3289381333333577e-07,0.0014451077159973302,0.00010689166064,1.3289381333333577e-07,0.0014451077159973302,0.01379429088,1.2333973333334726e-05,0.0018461752657984245,0.013812614933333335,1.256565333333532e-05,0.0018596255818624167,1.86064e-05,3.1007999999999924e-07,0.026583494374169268,129.0068770337664,0.0849541226425714,0.000840003939962692,37.42106711338942,0.046521668658304094,0.0014450523656986246,224.52640268033653,0.27913001194981746,0.001445052365698607,1.474034893448909e-06,2.768967918551621e-09,0.003207761317880359,1.5755078911242925e-10,5.022864528897989e-13,0.004620626666087949,76.5,0.5,0.016006153571689042,76.0,0.0,0.016513199269808772,76.0,0.0,0.006330876691214259,3999.5,0.5,0.0009089272598987374,3599.0,0.0,8.786301186875551e-05,0.8998624968742186,0.00011249687421854837,0.0009953057288586901,-1.0,0.0,-0.0,-1.0,0.0,-0.0
intel,Intel i9-7900X,cpu,axpy_intel_20260725_163341,axpy_intel_20260725_163341_session1,1,4000000,1,10,10,0,0,0,-1,578.0,0.0017937479403114188,1.9759619377164193e-06,0.00822123562752434,0.0017937479403114188,1.9759619377164193e-06,0.00822123562752434,0.07728942301038064,0.0008489982698961923,0.017708644027814864,0.07845682871972318,0.0008439429065743992,0.017372724593454045,0.0012306314878892735,6.961072664359654e-06,0.03132998550390889,43.43619271073031,0.8606353484368903,0.01923164119816793,4.459936206238267,0.0049125787690047495,0.008337834866823986,26.7596172374296,0.029475472614029385,0.00833783486682401,0.00013777170201357462,1.480862241774744e-06,0.019822140835826535,2.4775737295330756e-07,4.573565750190885e-09,0.024538333582010362,74.0,0.0,0.07577083434451777,74.0,0.0,0.07577083434451777,74.0,0.0,0.00571323877175859,1655.5,63.0,0.0611212155907678,1339.5,0.5,0.047279257603539224,0.8482792860371406,0.0431052887273734,0.07139231125817502,-1.0,0.0,-0.0,-1.0,0.0,-0.0
intel,Intel i9-7900X,cpu,axpy_intel_20260725_163341,axpy_intel_20260725_163341_session1,1,4000000,2,10,10,0,0,0,-1,970.0,0.0010335956293814432,1.6141340206186471e-06,0.0020870685049221935,0.0010335956293814432,1.6141340206186471e-06,0.0020870685049221935,0.059131557731958766,0.00041909639175257904,0.01629786382426854,0.06052045824742268,0.00040849639175257607,0.01581370152455145,0.0013936407216494843,1.246082474226824e-05,0.010515616565296234,57.085706211366656,0.39867940971110016,0.015301725940464556,7.739971559513707,0.012069099425727092,0.002086647523406958,46.439829357082246,0.072414596554367,0.0020866475234069736,6.123139241887182e-05,4.962026035907646e-07,0.017483315196355747,6.33084322300531e-08,5.872702775877686e-10,0.018822486129962904,75.0,0.5,0.04252350752119587,75.0,0.5,0.043444464503882035,75.0,0.5,0.009851332274667848,1854.0,84.5,0.06698509664477906,1606.5,131.0,0.07400199468186973,0.8744631140701443,0.04434488750705945,0.08385487204284074,-1.0,0.0,-0.0,-1.0,0.0,-0.0
intel,Intel i9-7900X,cpu,axpy_intel_20260725_163341,axpy_intel_20260725_163341_session1,1,4000000,4,10,10,0,0,0,-1,1194.0,0.0008438473211892796,7.35500418760492e-07,0.0024743247951796907,0.0008438473211892796,7.35500418760492e-07,0.0024743247951796907,0.05680009589614741,6.842127303182885e-05,0.0065894311922130595,0.05827948701842546,7.792127303182447e-05,0.006489525112554105,0.001480358040201005,8.252931323282967e-06,0.007271621340299186,67.31015985196157,0.07897457381383788,0.008595499265078431,9.480392431835243,0.008264395987144013,0.0024849464089066937,56.88235459101146,0.04958637592286763,0.002484946408906743,4.791795236833396e-05,1.08076485592331e-07,0.005066183484243033,4.044085776380437e-08,1.222098106450668e-10,0.004523051015826197,67.5,0.5,0.03578300140317327,67.0,0.0,0.036682915556607264,67.0,0.0,0.006274360436842022,2056.5,31.0,0.04042865838578777,1719.5,19.5,0.03856925047244017,0.8517337577302186,0.028191872040690014,0.050650590639171336,-1.0,0.0,-0.0,-1.0,0.0,-0.0
intel,Intel i9-7900X,cpu,axpy_intel_20260725_163341,axpy_intel_20260725_163341_session1,1,4000000,8,10,10,0,0,0,-1,1343.0,0.0007693833503350706,2.146455696202306e-07,0.0006229855615031563,0.0007693833503350706,2.146455696202306e-07,0.0006229855615031563,0.07165093186895011,0.00011170774385704796,0.0020285525951048836,0.07318908860759493,0.00011834437825763988,0.001977480395326963,0.0015519300074460164,1.1153760238272474e-05,0.01076623426668428,93.09595585834836,0.19766667857655307,0.0021204105937217073,10.397937554842006,0.0029007120176309797,0.0006234620783025267,62.38762532905204,0.017404272105778773,0.0006234620783025451,5.5100895729087485e-05,1.1867570986750584e-07,0.0021244905331374076,4.236066857417677e-08,9.292212840584501e-11,0.002385300485733759,76.0,0.5,0.02354740263813511,75.0,0.0,0.024412722195322433,75.0,0.0,0.006414952078879787,2621.0,22.5,0.029748152121582973,2324.0,0.0,0.030457417374631666,0.8816541997229568,0.014441795471931196,0.051180511397707046,-1.0,0.0,-0.0,-1.0,0.0,-0.0
intel,Intel i9-7900X,cpu,axpy_intel_20260725_163341,axpy_intel_20260725_163341_session1,1,4000000,10,10,10,0,0,0,-1,1509.0,0.0007121476398277005,2.031275679257303e-07,0.0004358573122961957,0.0007121476398277005,2.031275679257303e-07,0.0004358573122961957,0.07124513618290258,8.876143141153814e-05,0.0021921663789061293,0.07273808747514911,9.127634194831119e-05,0.0020146869010514066,0.0014980821736249172,5.921471172962178e-06,0.0099327753002737,100.10298152145268,0.10564892824704941,0.002216328925471906,11.233625720655255,0.0032038754073635545,0.00043592339501436985,67.40175432393153,0.019223252444177774,0.0004359233950143229,5.0701896183823584e-05,9.605457781314877e-08,0.002253816701186219,3.609304026515254e-08,6.180211718563239e-11,0.002394625206248356,73.0,0.0,0.019103986305467238,72.5,0.5,0.02090375756865562,72.0,0.0,0.007132566015114948,2910.0,23.0,0.019437189219414272,2519.0,0.0,0.015164278016063808,0.8656373744048831,0.006835538431328836,0.02907353144943255,-1.0,0.0,-0.0,-1.0,0.0,-0.0
intel,Intel i9-7900X,cpu,axpy_intel_20260725_163341,axpy_intel_20260725_163341_session1,1,4000000,16,10,10,0,0,0,-1,1543.0,0.0006936088856124433,5.326429034348355e-07,0.0013863925923792454,0.0006936088856124433,5.326429034348355e-07,0.0013863925923792454,0.06771000583279327,9.133506156837334e-05,0.0020636835504670337,0.06928215294880105,9.143130265715921e-05,0.0021017155378700047,0.0015735353208036294,5.056707712248749e-06,0.005992771675881781,97.61719766503063,0.11986933459389348,0.0012942544704780817,11.533879471098825,0.008856558881428,0.0013841140184129,69.20327682659297,0.053139353288557345,0.0013841140184129009,4.69709472572417e-05,8.289095962118136e-08,0.003272416251927738,3.2574812809774435e-08,7.530297764143343e-11,0.004587370478294919,74.0,0.0,0.028803291992923825,74.0,0.0,0.029425265631406735,74.0,0.0,0.00568243964091353,3566.5,18.5,0.03082584396332725,3239.0,60.0,0.034772447533979414,0.907124535860856,0.03465794042806325,0.0490414469449047,-1.0,0.0,-0.0,-1.0,0.0,-0.0
intel,Intel i9-7900X,cpu,axpy_intel_20260725_163341,axpy_intel_20260725_163341_session1,1,4000000,20,10,10,0,0,0,-1,1438.0,0.000773694097705146,6.286342141862897e-07,0.0013038995860925546,0.000773694097705146,6.286342141862897e-07,0.0013038995860925546,0.07619194749652294,7.642141863698632e-05,0.0016283478724016846,0.07795219228094576,8.555910987482346e-05,0.0016570522576700125,0.0017691978442280947,7.001738525730123e-06,0.00724621345859872,98.57762897341354,0.07582366626314041,0.001000480713189974,10.340003918909396,0.00840640227165057,0.0013046258758365194,62.040023513456376,0.050438413629901646,0.001304625875836475,5.894432626577726e-05,1.597425676808369e-07,0.0027753620650660927,4.5607120085328886e-08,1.5667979463532e-10,0.00401853467100243,69.0,0.0,0.01930005064717545,69.0,0.0,0.020971601658740145,69.0,0.0,0.007031235684711032,4000.0,1.0,0.0040677297136141035,3599.0,0.0,0.00014346773892713293,0.8999749937484371,0.00012499999999998623,0.003981829832156282,-1.0,0.0,-0.0,-1.0,0.0,-0.0
intel,Intel i9-7900X,cpu,axpy_intel_20260725_163341,axpy_intel_20260725_163341_session1,1,8000000,1,10,10,0,0,0,-1,251.0,0.004043517356573705,6.284999999999971e-06,0.0036897054073238445,0.004043517356573705,6.284999999999971e-06,0.0036897054073238445,0.16178992430278882,0.0018007749003984413,0.02091047426957633,0.16503285258964145,0.001818117529880467,0.020350855001142205,0.0032804780876494024,3.5842629482071625e-05,0.01355156639451943,40.253026815885065,0.1528320910273635,0.0206819852622429,3.9569532657570408,0.006149925652175758,0.0037005005013701253,23.74171959454224,0.03689955391305588,0.0037005005013701037,0.0006493254587285871,1.2991151893631148e-05,0.021793306238152857,2.6059943748742983e-06,5.92991290214271e-08,0.023250781738041272,63.0,0.5,0.09564214740734753,62.0,0.5,0.09790944603383732,62.0,0.0,0.010168095370316332,1365.0,1.0,0.047431177230933035,1340.0,1.0,0.12539560454366244,0.9816782679685905,0.0007261555648652718,0.09684906291589886,-1.0,0.0,-0.0,-1.0,0.0,-0.0
intel,Intel i9-7900X,cpu,axpy_intel_20260725_163341,axpy_intel_20260725_163341_session1,1,8000000,2,10,10,0,0,0,-1,390.0,0.0025730255000000002,1.2608397435898751e-06,0.001480041758268046,0.0025730255000000002,1.2608397435898751e-06,0.001480041758268046,0.13135678846153848,0.0003766179487179472,0.01036966604448178,0.13522553076923077,0.0004096205128205077,0.010308095463850163,0.003850753846153846,2.5658974358974598e-05,0.011575947957662962,51.05597082806538,0.09272351533638457,0.009484389000888115,6.2183604880682015,0.0030476578723104275,0.001481444353939116,37.310162928409206,0.0182859472338599,0.0014814443539391555,0.0003380173632378718,1.3769068552177454e-06,0.011379012063089746,8.698122329314487e-07,4.029752300320578e-09,0.012481855485443678,63.0,0.0,0.07726330598978842,63.0,0.0,0.07781030313461738,63.0,0.0,0.0050115335343397455,1750.5,68.0,0.0974607464307888,1548.0,69.0,0.04770318274493753,0.8846323154551039,0.07736293395107185,0.10663479942503025,-1.0,0.0,-0.0,-1.0,0.0,-0.0
intel,Intel i9-7900X,cpu,axpy_intel_20260725_163341,axpy_intel_20260725_163341_session1,1,8000000,4,10,10,0,0,0,-1,459.0,0.002173979179738562,2.8297342047930822e-06,0.0022539703245706643,0.002173979179738562,2.8297342047930822e-06,0.0022539703245706643,0.13882364270152506,0.0013476241830065322,0.012858195485355195,0.14266500980392155,0.001348490196078439,0.012338092026098932,0.0038532494553376907,2.626579520697181e-05,0.008840913790995268,63.8086964009794,0.6875296020464958,0.012173435578869653,7.35977659970731,0.009567764993636985,0.002250274387622709,44.15865959824386,0.057406589961818355,0.0022502743876227373,0.0003020286831609834,2.8843266970364294e-06,0.013890285669570028,6.571040312723824e-07,7.029694453932771e-09,0.01520084175443043,66.0,0.0,0.06013327375190032,66.0,1.0,0.06295085819250353,65.5,0.5,0.04611921316407972,2049.0,73.5,0.05346469457425204,1849.0,1.0,0.021045435594148544,0.903297009198393,0.053532942464242395,0.054219295507747255,-1.0,0.0,-0.0,-1.0,0.0,-0.0
intel,Intel i9-7900X,cpu,axpy_intel_20260725_163341,axpy_intel_20260725_163341_session1,1,8000000,8,10,10,0,0,0,-1,464.0,0.0021614434396551724,5.71187499999893e-07,0.0012929521870508414,0.0021614434396551724,5.71187499999893e-07,0.0012929521870508414,0.191420625,0.0003277338362068921,0.0027459273787949034,0.19574345150862066,0.0003638556034482737,0.002738421306993337,0.0042999428879310336,1.1969827586206724e-05,0.010740889221778708,88.55459695889931,0.10618428441323857,0.0019088926904583545,7.402460645839632,0.001956719231278825,0.001289865395381201,44.41476387503779,0.011740315387676503,0.0012898653953812309,0.00041378391017812745,6.74712393747333e-07,0.00384798362696626,8.943766690973945e-07,1.385597298694473e-09,0.005046642700991756,72.0,0.0,0.026134526117094044,72.0,0.0,0.026134526117094044,72.0,0.0,0.004398160862542948,2605.5,9.0,0.004247925376412131,2312.0,62.5,0.03895985915176681,0.8875416918440574,0.022704025631137104,0.039275408383944395,-1.0,0.0,-0.0,-1.0,0.0,-0.0
intel,Intel i9-7900X,cpu,axpy_intel_20260725_163341,axpy_intel_20260725_163341_session1,1,8000000,10,10,10,0,0,0,-1,452.0,0.0022208777809734513,4.1168473451330505e-07,0.0002939483322081566,0.0022208777809734513,4.1168473451330505e-07,0.0002939483322081566,0.20618953097345133,0.00033454535398229346,0.00726786386622008,0.21067804977876106,0.0003361626106194726,0.007070412057699721,0.004513889380530973,2.5150442477876647e-05,0.006800084900557356,92.86189155232486,0.10715884455782287,0.007168835907732142,7.20435862742677,0.0013355410497650766,0.0002939470155793265,43.226151764560626,0.008013246298595789,0.00029394701557937283,0.00045782104310091397,7.613424420785202e-07,0.007377384836585324,1.0165261773496945e-06,1.8128724651291145e-09,0.0074969390647101715,63.0,0.0,0.02983280811479603,63.0,0.0,0.02983280811479603,63.0,0.0,0.0,2879.5,70.0,0.030341495100430483,2520.0,1.0,0.03281494190609051,0.8754344954528515,0.036160416447081345,0.04094977899598995,-1.0,0.0,-0.0,-1.0,0.0,-0.0
intel,Intel i9-7900X,cpu,axpy_intel_20260725_163341,axpy_intel_20260725_163341_session1,1,8000000,16,10,10,0,0,0,-1,445.0,0.002250465597752809,5.066033707862207e-07,0.00030618900255810857,0.002250465597752809,5.066033707862207e-07,0.00030618900255810857,0.20946080561797753,0.00012070000000001524,0.0010391668119224243,0.21451955280898877,0.00010400674157305667,0.0009672153767283102,0.005079926966292134,1.8256179775280948e-05,0.006251936401570865,93.0991718583139,0.06337524302197295,0.0009258425249326,7.109639909425456,0.0016001027788670186,0.0003062279761954686,42.657839456552736,0.009600616673200335,0.0003062279761954438,0.0004713200400422797,3.0871954530929256e-07,0.0012206799319777817,1.0607737509257972e-06,8.762954952364991e-10,0.001444883467809414,70.0,0.0,0.03947592017819201,70.0,0.0,0.039837001756988594,70.0,0.0,0.0045110950929648785,3580.0,1.0,0.0335176980833421,3125.0,5.0,0.020333377072943686,0.8740223463687151,0.028358872830257342,0.04815787504065068,-1.0,0.0,-0.0,-1.0,0.0,-0.0
intel,Intel i9-7900X,cpu,axpy_intel_20260725_163341,axpy_intel_20260725_163341_session1,1,8000000,20,10,10,0,0,0,-1,425.0,0.0023575665070588235,6.225552941177982e-07,0.00035156876673607157,0.0023575665070588235,6.225552941177982e-07,0.00035156876673607157,0.23400603647058826,0.0003384929411764659,0.0015696146159056108,0.23952975176470592,0.0003314764705882184,0.0015921719984122215,0.005559409411764705,2.2390588235294846e-05,0.006310465651462057,99.25963446624849,0.1156500148441495,0.0015984349655088581,6.786659027100859,0.0017922109234591588,0.0003515544524805476,40.71995416260515,0.010753265540756729,0.00035155445248052024,0.0005518649582707456,7.774251842431563e-07,0.0016183232129695969,1.3016574438353008e-06,1.7842400712090359e-09,0.0017380634916313057,73.0,0.0,0.021512092926315507,73.0,0.0,0.023232450703855937,73.0,0.0,0.005791717326315713,4034.5,14.0,0.013951345928074505,3600.0,0.0,0.00013419059686630775,0.8923049891350892,0.0032101864005533165,0.014381396017544502,-1.0,0.0,-0.0,-1.0,0.0,-0.0
intel,Intel i9-7900X,cpu,axpy_intel_20260725_163341,axpy_intel_20260725_163341_session1,1,16000000,1,10,10,0,0,0,-1,116.0,0.008714354008620688,7.829176724136189e-06,0.0025259176244352946,0.008714354008620688,7.829176724136189e-06,0.0025259176244352946,0.3813908793103448,0.0066165129310344906,0.0222508030770417,0.3890319137931034,0.006570711206896507,0.021710503185351775,0.007616038793103449,3.923706896551702e-05,0.011128369947046444,43.80517910826743,0.7242572080036211,0.02345252175916633,3.6721025987318887,0.0033018385345198187,0.002538802670560714,22.03261559239133,0.019811031207121133,0.002538802670560698,0.0033205891582607956,5.350293706616791e-05,0.02131002712607846,2.8910791936107206e-05,4.3003848117999477e-07,0.020660856930501605,76.0,0.0,0.08015453894999597,76.0,0.0,0.08063080308037274,76.0,0.0,0.004155423994965019,1364.0,0.5,0.02330291145717623,1483.0,143.5,0.5169550531071379,1.0872434017595307,0.10593143415724054,0.526280475596906,-1.0,0.0,-0.0,-1.0,0.0,-0.0
intel,Intel i9-7900X,cpu,axpy_intel_20260725_163341,axpy_intel_20260725_163341_session1,1,16000000,2,10,10,0,0,0,-1,177.0,0.005693982485875706,2.5155779661016966e-05,0.0047605453351177674,0.005693982485875706,2.5155779661016966e-05,0.0047605453351177674,0.31192505649717517,0.003914344632768352,0.019508486643226665,0.3205612146892656,0.003865288135593198,0.018836747850803644,0.008610785310734463,6.690112994350329e-05,0.012309443261620418,54.78123740227831,0.46585380864827997,0.015941528540880875,5.619975072248605,0.02485462355846657,0.0047572334286817,33.71985043349163,0.14912774135079943,0.004757233428681659,0.0017742027661264304,3.1694284533986296e-05,0.02349532457230619,1.0099481318350938e-05,2.371823558066215e-07,0.02772293316739483,74.5,0.5,0.08120342145990814,74.5,0.5,0.08272228628922354,74.0,1.0,0.011816397243871972,1654.0,27.0,0.05611093484370449,1479.0,0.5,0.08524525611509251,0.8939184138234816,0.026134805188654964,0.10075724138101463,-1.0,0.0,-0.0,-1.0,0.0,-0.0
intel,Intel i9-7900X,cpu,axpy_intel_20260725_163341,axpy_intel_20260725_163341_session1,1,16000000,4,10,10,0,0,0,-1,203.0,0.00496556521182266,9.651758620689548e-06,0.002402837225494931,0.00496556521182266,9.651758620689548e-06,0.002402837225494931,0.33631728078817735,0.0011753004926108312,0.0049218356099418655,0.34512363546798036,0.0011760541871921049,0.0048889524586585315,0.00883070197044335,4.925615763546904e-05,0.008161510324966056,67.68211362998821,0.29581834203148105,0.006287747169166581,6.444391066490594,0.012537308368773648,0.0024030316745407565,38.66634639894356,0.07522385021263744,0.002403031674540714,0.0016719116039058688,3.3531000138635036e-06,0.004528834954387037,8.294935660516709e-06,2.2996948824656005e-08,0.0053282782179280876,73.0,0.5,0.05374697301045535,72.0,0.0,0.05479885312410933,72.0,0.0,0.007132566015114948,2035.0,14.5,0.027645717479996952,1839.0,70.5,0.05197842256504052,0.8967665518090081,0.03656990443940378,0.058476686855321224,-1.0,0.0,-0.0,-1.0,0.0,-0.0
intel,Intel i9-7900X,cpu,axpy_intel_20260725_163341,axpy_intel_20260725_163341_session1,1,16000000,8,10,10,0,0,0,-1,204.0,0.0049253517647058825,1.5074338235287338e-06,0.00043319439645942505,0.0049253517647058825,1.5074338235287338e-06,0.00043319439645942505,0.43955641666666667,0.0004932132352941099,0.002237282641290052,0.4499514142156863,0.0005444215686274401,0.0022233166238684447,0.010394997549019607,3.435049019607974e-05,0.007188818922115343,89.23926761283681,0.089871668314629,0.002209853307038492,6.496997932284277,0.0019878823958072722,0.00043332364566983953,38.98198759370566,0.011927294374842745,0.0004333236456698371,0.0021645419441018803,2.75164401583464e-06,0.0023459594569973773,1.0660452098674706e-05,1.5803210615611178e-08,0.002525349841063591,70.0,0.0,0.04381782380823067,70.0,0.0,0.04420384272413753,70.0,0.0,0.006006225375438517,2685.0,71.0,0.028760142415166383,2199.0,0.0,0.017983813350488688,0.823206143760637,0.02440462506353208,0.03644032142990427,-1.0,0.0,-0.0,-1.0,0.0,-0.0
intel,Intel i9-7900X,cpu,axpy_intel_20260725_163341,axpy_intel_20260725_163341_session1,1,16000000,10,10,10,0,0,0,-1,196.0,0.005111209640306123,5.94178571428506e-07,0.00016876188054167377,0.005111209640306123,5.94178571428506e-07,0.00016876188054167377,0.4888363214285715,0.0009586556122449241,0.003472027889551224,0.4998939668367347,0.0009179005102040727,0.003411127065725627,0.011033561224489796,4.4691326530611926e-05,0.006831531904384494,95.64426819555749,0.1883291578850148,0.0034699986606716573,6.26074887626564,0.0007277191243604264,0.0001687562624429498,37.56449325759384,0.004366314746157229,0.00016875626244290928,0.002498585535791259,5.109061493204512e-06,0.0034822439672796443,1.2772279575798036e-05,2.5072123657494685e-08,0.0035005760301305366,67.0,0.0,0.041214947498817205,67.0,0.0,0.04159451654038515,67.0,0.0,0.006274360436842022,2888.0,17.5,0.024831868723549175,2400.0,0.5,0.03496843695546912,0.867888340627343,0.03264869791864938,0.03789881044846011,-1.0,0.0,-0.0,-1.0,0.0,-0.0
intel,Intel i9-7900X,cpu,axpy_intel_20260725_163341,axpy_intel_20260725_163341_session1,1,16000000,16,10,10,0,0,0,-1,196.0,0.005131842466836734,1.1365816326527368e-06,0.0006269241406517372,0.005131842466836734,1.1365816326527368e-06,0.0006269241406517372,0.49829425510204084,0.0003824030612245011,0.0016846352090045783,0.5098212704081633,0.00031866581632655766,0.0015575033081605245,0.011537645408163266,2.84540816326527e-05,0.007955396445854744,97.10322054379827,0.09329315861484844,0.0012907230741402548,6.235577259481666,0.0013807628982225317,0.0006275375008291783,37.413463556889994,0.008284577389332526,0.0006275375008291918,0.002557489664982521,2.3059203082171926e-06,0.00218916327365945,1.3124239862502651e-05,1.503246770616205e-08,0.002743536014359915,75.5,0.5,0.056189417821813394,75.0,0.0,0.056680743466190765,75.0,0.0,0.006414952078879787,3580.0,0.0,0.011823368521708568,3160.5,6.5,0.012650645625986298,0.8829445430436079,0.0018159546454254438,0.019365184802995972,-1.0,0.0,-0.0,-1.0,0.0,-0.0
intel,Intel i9-7900X,cpu,axpy_intel_20260725_163341,axpy_intel_20260725_163341_session1,1,16000000,20,10,10,0,0,0,-1,184.0,0.005446743149456522,6.04690217391457e-07,0.00022896990099510183,0.005446743149456522,6.04690217391457e-07,0.00022896990099510183,0.5604820815217391,0.0004517907608695415,0.001355348387452261,0.5735321494565218,0.0004728288043478468,0.0012978874068292963,0.013098173913043479,4.136684782608639e-05,0.006002405633945804,102.88052545229172,0.06963421592150354,0.0013209444153794473,5.875070500309093,0.0006523232371193899,0.00022893183379139707,35.25042300185456,0.003913939422712787,0.0002289318337913233,0.0030533113459468154,3.147229412113657e-06,0.0014261718075626207,1.6631424033083525e-05,1.665768134696195e-08,0.0015283771456969162,77.0,0.0,0.03593774551433357,77.0,0.0,0.0370324287948974,77.0,0.0,0.006122136633649762,4021.0,7.5,0.0033837115300178536,3599.0,0.0,8.786301186875551e-05,0.8950509823427009,0.0016682168913720319,0.0033865966328141157,-1.0,0.0,-0.0,-1.0,0.0,-0.0
intel,Intel i9-7900X,cpu,axpy_intel_20260725_163341,axpy_intel_20260725_163341_session1,1,32000000,1,10,10,0,0,0,-1,56.0,0.017965266589285715,1.3209910714287107e-05,0.001480727342599687,0.017965266589285715,1.3209910714287107e-05,0.001480727342599687,0.7708606071428572,0.002899169642857191,0.012186375760261298,0.7869279285714286,0.002947124999999995,0.011932936858406159,0.015977294642857146,0.00011857142857142795,0.011084760193358412,42.94799656083344,0.1992331511676788,0.011796011503438376,3.562430055794403,0.0026210858494633005,0.0014830114946660187,21.37458033476642,0.015726515096774918,0.0014830114946660369,0.01384868364096606,7.337016126137633e-05,0.012735580288788092,0.00024891223133513085,1.473694755081391e-06,0.013423399225756577,75.0,0.0,0.09204337253152867,74.5,0.5,0.09322008572300115,74.0,0.0,0.006940830369547343,1364.5,0.5,0.046874344422475296,1340.0,1.0,0.4440500712813141,0.9820381231671554,0.0010857422147745321,0.46034782255854684,-1.0,0.0,-0.0,-1.0,0.0,-0.0
intel,Intel i9-7900X,cpu,axpy_intel_20260725_163341,axpy_intel_20260725_163341_session1,1,32000000,2,10,10,0,0,0,-1,85.0,0.011837805576470588,2.3593470588230414e-06,0.001059920940944879,0.011837805576470588,2.3593470588230414e-06,0.001059920940944879,0.638299005882353,0.0011058117647058663,0.008603523479570593,0.6563828882352941,0.0009437764705881868,0.008431107809176176,0.018011611764705882,7.578235294117622e-05,0.00692195099716581,53.92816164855631,0.11217685607853412,0.007636820289370486,5.406407430138548,0.0010776066956958985,0.00105853532169986,32.43844458083128,0.006465640174177167,0.0010585353216997883,0.007554969699693466,1.0459078669285051e-05,0.009593607171455817,8.942136447105838e-05,1.201755230088934e-07,0.010600943105892243,74.0,0.0,0.08858920703377893,74.0,0.5,0.08982179374176685,73.5,0.5,0.007170697642105169,1684.5,0.5,0.04215591442111685,1619.5,0.5,0.027487630147892662,0.9614243323442137,0.000296912114014225,0.05636013936101108,-1.0,0.0,-0.0,-1.0,0.0,-0.0
intel,Intel i9-7900X,cpu,axpy_intel_20260725_163341,axpy_intel_20260725_163341_session1,1,32000000,4,10,10,0,0,0,-1,97.0,0.010344607958762887,4.15048969072164e-06,0.0006388107107711796,0.010344607958762887,4.15048969072164e-06,0.0006388107107711796,0.6737238402061856,0.0021657989690721524,0.008696314716788047,0.6919426701030928,0.002138201030927711,0.0084726050082916,0.018418835051546394,0.00015623195876288826,0.011814507988065619,65.14084353686249,0.20175405193698026,0.009144919019762478,6.186798061584467,0.0024832695670666816,0.000638827214143941,37.1207883695068,0.014899617402402754,0.0006388272141439649,0.00697001458821926,2.3773887222502e-05,0.008273023840016991,7.213896205540295e-05,2.601020969806035e-07,0.007879122768323588,69.0,0.0,0.06635926532862535,69.0,0.0,0.06683791640863604,69.0,0.0,0.004576378668839913,1924.0,2.5,0.0462046725420056,1849.0,5.0,0.034746064801851224,0.9612785862785863,0.03476044235584158,0.053641969308360606,-1.0,0.0,-0.0,-1.0,0.0,-0.0
intel,Intel i9-7900X,cpu,axpy_intel_20260725_163341,axpy_intel_20260725_163341_session1,1,32000000,8,10,10,0,0,0,-1,96.0,0.0104491516875,2.6859994791666314e-05,0.0027209079050454035,0.0104491516875,2.6859994791666314e-05,0.0027209079050454035,0.9198893229166667,0.0016638437500000047,0.0027338250891860744,0.9414639999999999,0.0015850312500000352,0.0026116559047062375,0.021443510416666665,0.00014152083333333378,0.008897038218425869,88.04739568039878,0.1500640913282112,0.0027336613573747375,6.124899154992928,0.01574255444759043,0.0027203085317055115,36.749394929957575,0.0944553266855408,0.0027203085317054508,0.009620703140715526,2.895462158976434e-05,0.0047136145167694455,0.00010061530708387238,5.876329555003088e-07,0.007191341515109283,68.0,0.0,0.045084234900954104,68.0,0.0,0.045483259300813,68.0,0.0,0.0046435795303500435,2485.0,13.0,0.021583689680030924,2300.0,0.0,0.02014089341121294,0.9253523434939364,0.006650059784774842,0.02703880494770629,-1.0,0.0,-0.0,-1.0,0.0,-0.0
intel,Intel i9-7900X,cpu,axpy_intel_20260725_163341,axpy_intel_20260725_163341_session1,1,32000000,10,10,10,0,0,0,-1,93.0,0.010807289956989246,7.228763440857155e-07,0.00011549893294469034,0.010807289956989246,7.228763440857155e-07,0.00011549893294469034,1.0795496720430107,0.0024102258064516713,0.004466996037699909,1.103232752688172,0.002376747311827909,0.004342449536649915,0.02355451612903226,7.172580645161374e-05,0.006907763515516305,99.91023822066917,0.220673537790816,0.004491954069928365,5.921928649049293,0.00039609727049150223,0.00011550515572307057,35.53157189429575,0.002376583622947237,0.00011550515572305369,0.01166474546122408,2.724205471837677e-05,0.004444885942761043,0.0001260398577263499,3.2513415095348304e-07,0.004425665978082272,74.0,0.0,0.04631831459634111,74.0,0.0,0.047704235677299915,74.0,0.0,0.00571323877175859,2893.0,9.0,0.016637610597562493,2519.5,0.5,0.020296422580067978,0.8703160335499385,0.0015508855957052647,0.013332977655768222,-1.0,0.0,-0.0,-1.0,0.0,-0.0
intel,Intel i9-7900X,cpu,axpy_intel_20260725_163341,axpy_intel_20260725_163341_session1,1,32000000,16,10,10,0,0,0,-1,93.0,0.010790795612903227,4.611456989246643e-06,0.0005016415910819649,0.010790795612903227,4.611456989246643e-06,0.0005016415910819649,1.0273854193548386,0.0005430860215053235,0.0008049592427068718,1.0519823924731182,0.0005814999999999015,0.0007889369869714785,0.02459508064516129,0.00011285483870967714,0.006268671927529415,95.19237807608847,0.06653956483613399,0.0009991745485713117,5.930980652180407,0.002535361258825475,0.0005016626003809016,35.58588391308244,0.015212167552949296,0.0005016626003808864,0.011087706423876919,6.070209259013276e-06,0.0008948620926466803,0.0001196536467670501,1.0137006765445613e-07,0.001206955811268319,75.0,0.0,0.050495953699359095,75.0,0.0,0.05114870083197632,75.0,0.0,0.006466477798388861,3580.0,62.0,0.025212798040537637,3179.0,1.0,0.012347463281099274,0.8876938097936286,0.029798895813384796,0.029852390786846653,-1.0,0.0,-0.0,-1.0,0.0,-0.0
intel,Intel i9-7900X,cpu,axpy_intel_20260725_163341,axpy_intel_20260725_163341_session1,1,32000000,20,10,10,0,0,0,-1,87.0,0.011491448212643678,9.563505747123627e-07,0.00011863155562113907,0.011491448212643678,9.563505747123627e-07,0.00011863155562113907,1.1261080287356322,0.0009000919540229635,0.0011484286439352974,1.1528169137931035,0.00090439080459781,0.0011721448388826992,0.0266097816091954,0.00011993678160919334,0.008776147014962028,98.00707515106424,0.06656189101389742,0.0011492115655473288,5.569358954428942,0.00046348563671783083,0.00011862772838272484,33.416153726573654,0.0027809138203096495,0.00011862772838273848,0.012939058670767493,1.189677920700443e-05,0.0011598284982358338,0.00014868198497669532,1.2558757282557541e-07,0.0011830601483903112,69.0,0.0,0.03175888611359922,69.0,0.0,0.03175888611359922,69.0,0.0,0.0,4027.0,10.0,0.003467809840947645,3599.5,0.5,0.00014642207992630364,0.8937176279427566,0.0020922614649524496,0.0034107249138360424,-1.0,0.0,-0.0,-1.0,0.0,-0.0
intel,Intel i9-7900X,cpu,axpy_intel_20260725_163341,axpy_intel_20260725_163341_session1,1,64000000,1,10,10,0,0,0,-1,28.0,0.036479761464285713,1.0301142857147005e-05,0.0008444716392247743,0.036479761464285713,1.0301142857147005e-05,0.0008444716392247743,1.5609603214285714,0.007331839285714348,0.015270051933408251,1.5926296964285713,0.007489232142857016,0.014942439522925087,0.03169341071428571,0.00020873214285714592,0.011117135601007676,42.78678588650008,0.15317691094140784,0.015034424116917865,3.508794893742258,0.0009908502177324863,0.0008453700030915556,21.05276936245355,0.005945101306396694,0.0008453700030915556,0.05694742350507278,0.00030117676276592703,0.01554734376887517,0.0020775730944364197,1.0592318352327162e-05,0.015863976282342374,73.0,0.0,0.10471118080027746,73.0,0.0,0.10471118080027746,73.0,0.0,0.0,1364.5,0.5,0.02815330496653023,1340.0,0.0,0.4889124249824625,0.9816849816849816,1.3427432782209259e-05,0.4351609183592761,-1.0,0.0,-0.0,-1.0,0.0,-0.0
intel,Intel i9-7900X,cpu,axpy_intel_20260725_163341,axpy_intel_20260725_163341_session1,1,64000000,2,10,10,0,0,0,-1,42.0,0.024438964738095238,7.410646428571491e-05,0.0037752546299755787,0.024438964738095238,7.410646428571491e-05,0.0037752546299755787,1.2767824404761905,0.017651476190476245,0.020459248685718204,1.3116341904761906,0.017723976190476276,0.020011340173027598,0.03509892857142857,0.00021402380952381325,0.00993429289721888,52.16021191945298,0.7237867760178922,0.02224566490514973,5.2375649484257725,0.015860980539855074,0.0037777157023363016,31.42538969055464,0.09516588323913666,0.0037777157023363155,0.03122877611098145,0.0004129201433580726,0.019275159556908283,0.0007624906282313749,8.896576076352519e-06,0.018806004986526438,67.0,0.0,0.08614457992044844,67.0,0.0,0.08614457992044844,67.0,0.0,0.008459705099814408,1563.0,63.5,0.1024224979961441,1526.0,66.0,0.06374635695595657,0.9736579942183679,0.01158879056240636,0.09573283551461853,-1.0,0.0,-0.0,-1.0,0.0,-0.0
intel,Intel i9-7900X,cpu,axpy_intel_20260725_163341,axpy_intel_20260725_163341_session1,1,64000000,4,10,10,0,0,0,-1,48.0,0.02120051139583333,1.2940187499999381e-05,0.001138035620332038,0.02120051139583333,1.2940187499999381e-05,0.001138035620332038,1.4386540833333334,0.012242625000000285,0.013328865562517788,1.4775847708333334,0.01260504166666676,0.012924494208679907,0.038900250000000004,0.00025101041666666934,0.010246941579208987,67.87850551432592,0.5411312709519578,0.01276039493726378,6.03759026336755,0.003685925805604562,0.0011370935961652067,36.2255415802053,0.022115554833625595,0.001137093596165186,0.030491620684598278,0.0002791393812093066,0.01396887065251244,0.0006463050558370898,6.381655624287301e-06,0.01467127398704955,75.0,0.0,0.05713715426342855,75.0,0.0,0.057559236660666264,75.0,0.0,0.004210755872394647,1924.5,15.0,0.040281410063259616,1844.5,5.0,0.021928427496347297,0.961028971028971,0.0038322817079293747,0.055345129833868245,-1.0,0.0,-0.0,-1.0,0.0,-0.0
intel,Intel i9-7900X,cpu,axpy_intel_20260725_163341,axpy_intel_20260725_163341_session1,1,64000000,8,10,10,0,0,0,-1,47.0,0.021378750723404255,3.56730851063837e-06,0.0019445711953425203,0.021378750723404255,3.56730851063837e-06,0.0019445711953425203,1.9320122765957448,0.004291287234042596,0.0028205948924494273,1.9764352340425533,0.003998957446808671,0.0027008335400805924,0.04425589361702127,0.0003180638297872358,0.009347755995337395,90.26304866798023,0.17896663066083107,0.003006218028147097,5.987253511320876,0.0009991990562641107,0.001935339816777643,35.923521067925265,0.005995194337579335,0.0019353398167776007,0.04129258830949192,8.745066344574906e-05,0.00379966273829019,0.0008825399073640143,1.7968236352528086e-06,0.005347027108818072,72.5,0.5,0.05847354049749687,72.0,0.0,0.05946611435568787,72.0,0.0,0.00668113266306567,2459.0,20.5,0.03640916666522129,2324.5,9.5,0.034318405560764695,0.945110792608536,0.007757199423424788,0.037974629963531854,-1.0,0.0,-0.0,-1.0,0.0,-0.0
intel,Intel i9-7900X,cpu,axpy_intel_20260725_163341,axpy_intel_20260725_163341_session1,1,64000000,10,10,10,0,0,0,-1,46.0,0.021946022782608696,3.2730217391294114e-06,0.0001439512729830495,0.021946022782608696,3.2730217391294114e-06,0.0001439512729830495,2.1728095108695653,0.006147956521739273,0.0033966037502991967,2.220194619565217,0.006076097826086979,0.0033150923331230456,0.04765019565217392,0.00036554347826086783,0.013296927494394015,99.00422844906106,0.2785604435297202,0.0034178524809617243,5.83249189468275,0.0008699854856462075,0.00014394398987477007,34.99495136809651,0.005219912913869251,0.00014394398987478883,0.047685855773756364,0.00013568455483942837,0.0033813580842820654,0.0010465440804590224,2.994459508463593e-06,0.003372197838674472,72.0,0.0,0.06411354481589272,72.0,0.0,0.06453627877894652,72.0,0.0,0.0043859606937148125,2757.0,20.5,0.023558284821349824,2519.5,60.0,0.03263577800055741,0.9105708551758098,0.04429781475181915,0.04614289274778755,-1.0,0.0,-0.0,-1.0,0.0,-0.0
intel,Intel i9-7900X,cpu,axpy_intel_20260725_163341,axpy_intel_20260725_163341_session1,1,64000000,16,10,10,0,0,0,-1,46.0,0.022099532510869564,3.0379239130424313e-06,0.00045704664621118636,0.022099532510869564,3.0379239130424313e-06,0.00045704664621118636,2.0593700000000004,0.002753206521738827,0.001891307878378101,2.1093348152173914,0.002855304347826104,0.0017910546249475412,0.050314391304347825,0.0002655869565217385,0.011668890133748982,93.18135260198544,0.1258641061705532,0.001581359167515347,5.791977723527717,0.0007963066089731186,0.00045663729563599537,34.751866341166306,0.004777839653836935,0.0004566372956360513,0.04551468248704606,5.5151301236990025e-05,0.0022526665185506668,0.001005932072928981,1.0914044009007265e-06,0.0026446570533964152,72.5,0.5,0.06264702049784994,72.0,0.0,0.06365807406694454,72.0,0.0,0.0058398479412158436,3020.0,64.0,0.06499459467512658,3199.5,20.5,0.047357423656115324,1.0542033088404992,0.02250222597968321,0.08352252542024757,-1.0,0.0,-0.0,-1.0,0.0,-0.0
intel,Intel i9-7900X,cpu,axpy_intel_20260725_163341,axpy_intel_20260725_163341_session1,1,64000000,20,10,10,0,0,0,-1,43.0,0.023315439639534884,7.29941860464281e-07,5.8524300888012264e-05,0.023315439639534884,7.29941860464281e-07,5.8524300888012264e-05,2.256493744186047,0.004133348837209727,0.0030090305822909435,2.308971674418605,0.003952244186046894,0.003090770838960868,0.05275244186046512,0.00020067441860465232,0.009960368927345696,96.77907490629224,0.17347656835983116,0.0030048455342496345,5.489924358234077,0.00017187398769280549,5.852159494853039e-05,32.939546149404464,0.0010312439261603856,5.8521594948557025e-05,0.05261224140915591,9.843848803238117e-05,0.0030143458084401316,0.0012267031416025396,2.343352718243855e-06,0.003020785404022242,67.0,0.0,0.07724038700620701,67.0,0.0,0.07855168739378003,67.0,0.0,0.007035888370015398,3999.0,0.0,0.0001291188126954849,3599.0,0.0,0.00011714742758273614,0.8999749937484371,0.00022499374843709674,0.00020674771871941438,-1.0,0.0,-0.0,-1.0,0.0,-0.0
intel,Intel i9-7900X,cpu,axpy_intel_20260725_163341,axpy_intel_20260725_163341_session1,1,128000000,1,10,10,0,0,0,-1,14.0,0.07322213317857143,1.4200214285713109e-05,0.0003547539601218733,0.07322213317857143,1.4200214285713109e-05,0.0003547539601218733,2.9684742857142856,0.026410714285714176,0.026262912226330662,3.0316234285714287,0.026758285714285845,0.025898658045016648,0.06330157142857143,0.0007179999999999964,0.013791625792731141,40.548948102724836,0.3689710776530042,0.02626766879932413,3.496210636394635,0.0006779108045067428,0.00035481635190403004,20.97726381836781,0.004067464827040013,0.0003548163519039798,0.21731367892863612,0.0018895117800492023,0.026262927459905664,0.01590892780741702,0.00013511095507831063,0.026267711962647846,67.0,0.0,0.11375099497008559,67.0,0.0,0.11451076326751662,67.0,0.0,0.0047268724367240346,1364.5,0.5,0.00038625597412585556,1340.0,0.0,0.04756112934342488,0.9824046920821115,0.0007197103971298136,0.04735600639106425,-1.0,0.0,-0.0,-1.0,0.0,-0.0
intel,Intel i9-7900X,cpu,axpy_intel_20260725_163341,axpy_intel_20260725_163341_session1,1,128000000,2,10,10,0,0,0,-1,21.0,0.048994475238095234,0.00010364828571427995,0.0033053616853479426,0.048994475238095234,0.00010364828571427995,0.0033053616853479426,2.545195857142857,0.01850666666666645,0.012302760742320807,2.6159120952380954,0.018928142857142838,0.011850934714860272,0.07132057142857143,0.0007562380952381015,0.012703836207380872,51.916941480465006,0.5968535891721025,0.012216894630690128,5.2250795755913995,0.011076526470561898,0.0032957667511715073,31.350477453548397,0.0664591588233705,0.003295766751171598,0.12516735608207746,0.0010245908052555486,0.013234929157633852,0.006138637783219502,6.195683885796676e-05,0.01486124681792318,67.0,0.5,0.10099537653932852,67.0,1.0,0.10247924365022429,66.5,0.5,0.012342917576440248,1679.0,54.0,0.07027953417299254,1602.5,2.5,0.03398801816910538,0.9518715897877659,0.05311892759966408,0.08051906905263315,-1.0,0.0,-0.0,-1.0,0.0,-0.0
intel,Intel i9-7900X,cpu,axpy_intel_20260725_163341,axpy_intel_20260725_163341_session1,1,128000000,4,10,10,0,0,0,-1,24.0,0.042807047687499995,1.743922916666585e-05,0.0029109794980581084,0.042807047687499995,1.743922916666585e-05,0.0029109794980581084,2.829311770833333,0.02359891666666636,0.012563598045485102,2.904985895833333,0.02279566666666666,0.011988347575342768,0.0756199375,0.0010846875000000075,0.015661815449661692,66.08940823763153,0.41280972238067903,0.010572861184992061,5.980323662466837,0.002437404807231758,0.0029064667223537193,35.88194197480102,0.014624428843390547,0.002906466722353745,0.12106514809019586,0.0013200268180436,0.014867598586996746,0.0051803305798592564,6.836974496923472e-05,0.01736277821335829,71.0,0.0,0.06969206964558412,71.0,0.0,0.06969206964558412,71.0,0.0,0.0,1931.5,14.0,0.03724849806443987,1844.5,10.5,0.044798240804238304,0.9526749500289712,0.008586380871799693,0.041583680395526686,-1.0,0.0,-0.0,-1.0,0.0,-0.0
intel,Intel i9-7900X,cpu,axpy_intel_20260725_163341,axpy_intel_20260725_163341_session1,1,128000000,8,10,10,0,0,0,-1,24.0,0.043192905854166665,1.4787000000002215e-05,0.0014907715425461494,0.043192905854166665,1.4787000000002215e-05,0.0014907715425461494,3.9874699375000002,0.006560000000000121,0.0021918571098850244,4.076754208333333,0.005695958333333362,0.0021061871992557597,0.08984320833333333,0.0005192499999999989,0.0076499139468960715,92.2157550686835,0.16060391794922424,0.0023059186497205605,5.926899232429777,0.002029757913686314,0.0014883429525617254,35.56139539457867,0.012178547482111668,0.0014883429525617557,0.17225431786611417,0.00029349625786186107,0.002956392130649109,0.007445431323809896,1.40273609420794e-05,0.004140901670486195,76.0,0.0,0.06649529393839373,76.0,0.5,0.06766679801091444,76.0,0.0,0.006830658458919608,2397.5,77.5,0.041183224225475074,2243.0,44.0,0.05288099083109747,0.9464833894028595,0.0031885428069127753,0.05448900172412352,-1.0,0.0,-0.0,-1.0,0.0,-0.0
intel,Intel i9-7900X,cpu,axpy_intel_20260725_163341,axpy_intel_20260725_163341_session1,1,128000000,10,10,10,0,0,0,-1,23.0,0.043923522695652174,4.193586956521139e-06,0.00019837094126743413,0.043923522695652174,4.193586956521139e-06,0.00019837094126743413,4.470422326086957,0.01843258695652139,0.006099094810457722,4.565006934782608,0.01811036956521761,0.005985021435228373,0.09497308695652174,0.0007583478260869553,0.008336962314210437,101.78954589415366,0.37445735239791134,0.006045868304981618,5.828312128162278,0.000556423819293439,0.0001983168989529447,34.96987276897366,0.0033385429157632984,0.0001983168989529656,0.1963458314647723,0.0008231258245430112,0.006158272515974852,0.008624468396108484,3.664275797014057e-05,0.006223236845205687,76.0,0.0,0.05719882072655983,76.0,0.0,0.05719882072655983,76.0,0.0,0.0,2764.0,2.5,0.027539206888816198,2520.0,0.0,0.027212012459545326,0.9117221418234442,0.03815118912797283,0.03769924623355933,-1.0,0.0,-0.0,-1.0,0.0,-0.0
intel,Intel i9-7900X,cpu,axpy_intel_20260725_163341,axpy_intel_20260725_163341_session1,1,128000000,16,10,10,0,0,0,-1,23.0,0.04459690695652174,4.99595652173751e-06,0.00044103027742454403,0.04459690695652174,4.99595652173751e-06,0.00044103027742454403,4.118084543478261,0.008256956521738523,0.002566347626027715,4.2191499782608695,0.007517282608695552,0.0024113691860291444,0.1004684347826087,0.0007130869565217385,0.008685151626048389,92.33929293585012,0.18791553188637522,0.002336200436760107,5.7403084086704,0.0006430575524611903,0.0004407158805430371,34.44185045202241,0.0038583453147751356,0.00044071588054303557,0.18367216609460388,0.0003138925825104666,0.0028471469872234085,0.008192028173798015,1.2942263827304783e-05,0.0031652785705739853,71.0,0.0,0.06114901552811783,71.0,0.0,0.06114901552811783,71.0,0.0,0.0,2944.5,64.5,0.054470796841221365,3179.5,1.5,0.01917113005952126,1.1023244985824174,0.04437689030647152,0.058490016507210495,-1.0,0.0,-0.0,-1.0,0.0,-0.0
intel,Intel i9-7900X,cpu,axpy_intel_20260725_163341,axpy_intel_20260725_163341_session1,1,128000000,20,10,10,0,0,0,-1,22.0,0.046570301840909094,1.709045454548891e-06,9.329271842912343e-05,0.046570301840909094,1.709045454548891e-06,9.329271842912343e-05,4.522395272727273,0.007532250000000129,0.001759761675334371,4.627694386363636,0.007202886363636196,0.0017562228596728023,0.10560963636363636,0.0002903636363636372,0.005854005976656748,97.10456329695057,0.15804354371064733,0.0017948581098264345,5.49706550951637,0.00020173951376367683,9.327960706518972e-05,32.98239305709822,0.0012104370825802846,9.327960706514221e-05,0.21061892839174962,0.00034651340979779954,0.0017289691417909398,0.009809034914796198,1.5938581339466212e-05,0.0017027161722515634,67.0,0.0,0.06776020828312826,67.0,0.0,0.06878654370917936,67.0,0.0,0.006274360436842022,4029.5,8.5,0.004967142267861875,3599.0,0.0,8.786301186875551e-05,0.8931629371917125,0.001879417474272782,0.00490258283897147,-1.0,0.0,-0.0,-1.0,0.0,-0.0
intel,Intel i9-7900X,cpu,axpy_intel_20260725_163341,axpy_intel_20260725_163341_session1,1,256000000,1,10,10,0,0,0,-1,7.0,0.1456522767142857,2.596478571427474e-05,0.00028828349581260367,0.1456522767142857,2.596478571427474e-05,0.00028828349581260367,6.369080642857143,0.051744642857142864,0.013169138635355432,6.492925428571429,0.05126485714285689,0.012857588913342627,0.12319778571428572,0.0005552142857142839,0.01166921267595133,43.7184175657681,0.3497724555702142,0.013220881488676058,3.515221399616676,0.0006266385305053745,0.00028822071553158434,21.091328397700053,0.0037598311830322473,0.0002882207155315951,0.9278741497053935,0.007704774886496291,0.013123629609249177,0.13517656838551956,0.0011741706474039937,0.013084423686075514,98.0,1.0,0.013605442176870748,98.0,1.0,0.013605442176870748,75.5,0.5,0.006980745386685165,1365.0,1.0,0.12248476810080547,1340.0,0.0,0.05906992237221665,0.9816849816849816,0.0032599922798891567,0.07996155761825074,-1.0,0.0,-0.0,-1.0,0.0,-0.0
intel,Intel i9-7900X,cpu,axpy_intel_20260725_163341,axpy_intel_20260725_163341_session1,1,256000000,2,10,10,0,0,0,-1,11.0,0.09903661281818182,0.00020429895454544822,0.002336023036461216,0.09903661281818182,0.00020429895454544822,0.002336023036461216,5.052807454545455,0.023406954545454273,0.012097716053556945,5.189933681818182,0.02210554545454535,0.011894231420543416,0.1366895,0.0008046363636363824,0.011421165371562667,50.95447814183139,0.2716140112080119,0.011345231883511109,5.169808979816327,0.010646290828833394,0.002337700122258439,31.01885387889797,0.06387774497300569,0.0023377001222583873,0.5004606406226243,0.002056060727497394,0.013215159470431061,0.04963054817954775,0.0002637316372598175,0.014613319679128638,62.0,0.0,0.10174461594455995,62.0,0.5,0.10412109910539934,62.0,0.5,0.011920271201496314,1635.0,0.5,0.0526348405120072,1605.0,8.0,0.05919029800905226,0.981651376146789,0.04460761869230728,0.07646776784549303,-1.0,0.0,-0.0,-1.0,0.0,-0.0
intel,Intel i9-7900X,cpu,axpy_intel_20260725_163341,axpy_intel_20260725_163341_session1,1,256000000,4,10,10,0,0,0,-1,12.0,0.086910414125,6.886254166666578e-05,0.0019822664726469675,0.086910414125,6.886254166666578e-05,0.0019822664726469675,5.835635208333334,0.031471166666666495,0.010628350779992558,5.988389541666667,0.029029124999999656,0.010395708922003753,0.15016249999999998,0.00038566666666665916,0.01218254361585146,67.16809098047561,0.3102076637894342,0.00906642278708655,5.891123921052525,0.004664255084359414,0.001985593492254511,35.34674352631515,0.027985530506157374,0.0019855934922545096,0.5075652348277141,0.002632115638614263,0.012302645111659497,0.044147662660423526,0.00022700598986307233,0.014047793700910484,72.0,0.0,0.07712872341874097,72.0,0.0,0.07712872341874097,72.0,0.0,0.0,1900.0,8.5,0.061423041393330026,1825.0,67.0,0.05034900370220854,0.9635990117859579,0.04042739081137875,0.08493355550336597,-1.0,0.0,-0.0,-1.0,0.0,-0.0
intel,Intel i9-7900X,cpu,axpy_intel_20260725_163341,axpy_intel_20260725_163341_session1,1,256000000,8,10,10,0,0,0,-1,12.0,0.08711974083333333,2.111929166666998e-05,0.0006714944457121478,0.08711974083333333,2.111929166666998e-05,0.0006714944457121478,7.871154958333333,0.007186916666666487,0.0031091122864007822,8.04513725,0.007266166666666685,0.003054193408323157,0.1737614583333333,0.0011111666666666908,0.01052612798716529,90.3965607228472,0.11585344946430354,0.0030852074363016575,5.876968819699536,0.001424815765806109,0.0006717262124567896,35.261812918197215,0.008548894594841983,0.0006717262124567683,0.6859315044808789,0.0006784436143190686,0.00327344909814236,0.05974527482387607,7.195281087531147e-05,0.003558685421586486,72.0,0.0,0.08498334305772079,72.0,0.0,0.08546696378833459,72.0,0.0,0.0043859606937148125,2460.0,5.5,0.03124636392888185,2237.5,64.0,0.030347908262931045,0.9292682926829268,0.02520325203252033,0.046821290188100814,-1.0,0.0,-0.0,-1.0,0.0,-0.0
intel,Intel i9-7900X,cpu,axpy_intel_20260725_163341,axpy_intel_20260725_163341_session1,1,256000000,10,10,10,0,0,0,-1,12.0,0.08800135791666668,1.079391666666124e-05,0.0001689240906063274,0.08800135791666668,1.079391666666124e-05,0.0001689240906063274,8.244233958333332,0.05479416666666559,0.008465476115953403,8.4262555,0.053380166666666895,0.00812336806546485,0.18262716666666667,0.0009556249999999877,0.009883237830972117,93.6776647372358,0.6171341322915254,0.008595897381849285,5.8180920531749445,0.0007136406262189254,0.0001689122439322341,34.90855231904966,0.004281843757311776,0.0001689122439323422,0.7255453529429028,0.004864696725436712,0.008336436512372428,0.0638526354009212,0.00043186148709101896,0.008208844453055003,63.0,0.0,0.07913898103934654,63.0,0.0,0.07991825700049185,63.0,0.0,0.00671396530821312,2739.0,0.5,0.021752126413715298,2520.0,0.5,0.022545683028462594,0.9198759204035785,0.00019720554414071056,0.02122227534739665,-1.0,0.0,-0.0,-1.0,0.0,-0.0
intel,Intel i9-7900X,cpu,axpy_intel_20260725_163341,axpy_intel_20260725_163341_session1,1,256000000,16,10,10,0,0,0,-1,12.0,0.08914131379166668,1.1454333333327238e-05,0.00030989982097009527,0.08914131379166668,1.1454333333327238e-05,0.00030989982097009527,8.469178416666665,0.02113083333333332,0.0030933657813253693,8.670843249999999,0.022482333333333493,0.002978756993409064,0.20112866666666668,0.0007414583333333197,0.006752582486885806,95.0119735743898,0.19635691861700622,0.0029248486004503868,5.743689191232448,0.0007380850422644691,0.00030975384847375736,34.46213514739469,0.004428510253585927,0.00030975384847372017,0.7549257393914042,0.0022072303793927994,0.003282659398951125,0.06729258195665681,0.00020213727865102393,0.003489388802406282,75.0,0.0,0.057947496390520034,75.0,0.0,0.057947496390520034,75.0,0.0,0.0,3016.5,74.5,0.054496757414676474,2700.0,1.0,0.032433651778213564,0.9344202262375119,0.0026360419354535813,0.06276965481879992,-1.0,0.0,-0.0,-1.0,0.0,-0.0
intel,Intel i9-7900X,cpu,axpy_intel_20260725_163341,axpy_intel_20260725_163341_session1,1,256000000,20,10,10,0,0,0,-1,11.0,0.09290498445454545,4.677818181822446e-06,7.193313561369408e-05,0.09290498445454545,4.677818181822446e-06,7.193313561369408e-05,9.471971727272727,0.011763090909091112,0.0023205128734208403,9.69171031818182,0.011671863636363966,0.002350772250852708,0.2196259090909091,0.0007253636363636212,0.00582915036479515,101.95064437355666,0.1274393249274084,0.0023458284622090942,5.511006789004094,0.0002774689239353201,7.19290173788295e-05,33.06604073402457,0.001664813543619914,7.192901737882866e-05,0.8800164931129449,0.0010857270589023083,0.0022971709974699164,0.08176587847791505,9.439470893485291e-05,0.0022758639545197913,75.0,0.0,0.06605279707923509,75.0,0.0,0.06672502322925296,75.0,0.0,0.004221999546286221,4034.5,20.0,0.0050286042658489755,3599.5,0.5,0.00019424544359931687,0.8920576746803497,0.004534069105848415,0.005148645423320599,-1.0,0.0,-0.0,-1.0,0.0,-0.0
intel,Intel i9-7900X,cpu,axpy_intel_20260725_163341,axpy_intel_20260725_163341_session2,2,1000000,1,10,10,0,0,0,-1,3243.0,0.00030880794865864944,8.281806968864084e-08,0.0004227258359643755,0.00030880794865864944,8.281806968864084e-08,0.0004227258359643755,0.01341881652790626,1.868855997533194e-05,0.0019435627997948898,0.013418818840579709,1.8683934628430446e-05,0.0019440360244739772,7.092198581560283e-09,7.092198581560283e-09,1.459208785417223,43.45328726166465,0.07188428775511468,0.001970185796853269,6.476517229868541,0.0017375211589669703,0.00042268520174929913,38.85910337921125,0.01042512695381248,0.0004226852017493784,4.14514772602887e-06,5.546230011420098e-09,0.0020075024397218093,1.2803003548006667e-09,2.0623754774394713e-12,0.0021539785509768514,76.0,0.0,0.04841849895798517,76.0,0.0,0.048806067501236436,76.0,0.0,0.004155423994965019,1634.0,37.5,0.04538389569846244,1340.0,0.5,0.03327495133333569,0.8200884899736207,0.018702819426332062,0.06612671210745442,-1.0,0.0,-0.0,-1.0,0.0,-0.0
intel,Intel i9-7900X,cpu,axpy_intel_20260725_163341,axpy_intel_20260725_163341_session2,2,1000000,2,10,10,0,0,0,-1,5980.0,0.00016857013361204013,2.238653846153816e-08,0.0022327195043867604,0.00016857013361204013,2.238653846153816e-08,0.0022327195043867604,0.009756306939799331,5.387508361204014e-05,0.006070298338602183,0.009756309531772575,5.3872491638795594e-05,0.006070181451487916,0.0,0.0,1.3586626615284751,57.87348359663939,0.20542697414554922,0.007062128538583277,11.864497922980544,0.001575420248617121,0.0022361969030981602,71.18698753788325,0.009452521491709831,0.002236196903098176,1.644717395876125e-06,3.4877754197507395e-09,0.005814929242588101,2.7703109871783217e-10,5.166224197930916e-13,0.006381362557175962,77.0,0.0,0.021273193859136036,77.0,0.0,0.022030254030952656,77.0,0.0,0.006297860385132307,1635.0,0.0,0.05486149135756711,1478.0,18.0,0.04577048396389771,0.9019388180457397,0.0027522935779816793,0.035785649272624766,-1.0,0.0,-0.0,-1.0,0.0,-0.0
intel,Intel i9-7900X,cpu,axpy_intel_20260725_163341,axpy_intel_20260725_163341_session2,2,1000000,4,10,10,0,0,0,-1,12561.0,7.98972416606958e-05,2.8260743571371634e-07,0.004282249489084794,7.98972416606958e-05,2.8260743571371634e-07,0.004282249489084794,0.006579603176498687,1.290084388185734e-05,0.0064857220942641045,0.006579603773584906,1.290084388185734e-05,0.006485706174833231,0.0,0.0,1.7928612798521266,82.24556491099463,0.14114917334462262,0.0041699480987614735,25.03215447120972,0.08858837971504663,0.004287544233028735,150.1929268272583,0.5315302782902762,0.004287544233028717,5.260053563415871e-07,2.6745265247806557e-09,0.010158712951909519,4.2051444482738644e-11,3.3463876301420177e-13,0.014165319207133632,77.0,0.0,0.0,77.0,0.0,0.006297860385132307,77.0,0.0,0.006297860385132307,2042.5,128.5,0.06943738985538477,1907.0,75.5,0.06864392865791456,0.9597211905002094,0.07237947838353254,0.10410821092767658,-1.0,0.0,-0.0,-1.0,0.0,-0.0
intel,Intel i9-7900X,cpu,axpy_intel_20260725_163341,axpy_intel_20260725_163341_session2,2,1000000,8,10,10,0,0,0,-1,40472.0,2.4694921093595572e-05,1.42204363510577e-08,0.001503660317510764,2.4694921093595572e-05,1.42204363510577e-08,0.001503660317510764,0.0031439426887724846,3.4316317454039565e-06,0.0018912889164697476,0.0031439426887724846,3.4316317454039565e-06,0.0018912889164697476,0.0,0.0,nan,127.39163528170275,0.12041238013393496,0.002093958780499898,80.98831389867524,0.0466351111208283,0.001506673314351925,485.92988339205135,0.279810666724984,0.0015066733143519404,7.765459014124948e-08,4.3006227771465205e-11,0.0026958270720803517,1.9180934345452e-12,2.1320205836599598e-15,0.003928009531615469,81.0,0.0,0.011668921255233873,81.0,0.5,0.013569727923731343,81.0,0.0,0.01082317720359596,2359.0,44.0,0.028706249387389735,2300.0,8.0,0.02524093640988947,0.9688357979287183,0.03027084951763881,0.04750265411570872,-1.0,0.0,-0.0,-1.0,0.0,-0.0
intel,Intel i9-7900X,cpu,axpy_intel_20260725_163341,axpy_intel_20260725_163341_session2,2,1000000,10,10,10,0,0,0,-1,76354.0,1.3129548700788433e-05,3.255133981193031e-09,0.0006239278195749903,1.3129548700788433e-05,3.255133981193031e-09,0.0006239278195749903,0.0020673893574665375,3.6091560363569163e-06,0.002774993829222132,0.0020673893574665375,3.6091560363569163e-06,0.002774993829222132,0.0,0.0,nan,157.37094361142204,0.34685709762554495,0.002395502273566206,152.32816152886568,0.03777421906677603,0.0006241561151032922,913.9689691731942,0.2266453144005709,0.0006241561151032862,2.7159393763357072e-08,4.216194244525771e-11,0.003230605440722846,3.5664563845450317e-13,5.446326123794323e-16,0.0037344676613069545,90.0,0.0,0.003517550233780177,90.0,0.0,0.005385126995982697,90.0,0.0,0.004695289770108952,2858.5,60.0,0.02933465868819347,2459.5,60.0,0.03390073063533211,0.8781583380123525,0.04026593844112092,0.050192027297988016,-1.0,0.0,-0.0,-1.0,0.0,-0.0
intel,Intel i9-7900X,cpu,axpy_intel_20260725_163341,axpy_intel_20260725_163341_session2,2,1000000,16,10,10,0,0,0,-1,34680.0,2.894576846885813e-05,2.6455637254901425e-08,0.0017720693452351493,2.894576846885813e-05,2.6455637254901425e-08,0.0017720693452351493,0.003884104253171857,2.8564013840827376e-06,0.0014435451611744604,0.003884104253171857,2.8510957324101756e-06,0.0014433226561962353,0.0,0.0,2.800449132852778,134.25592922157836,0.18754511914453076,0.0015438529851045722,69.09473133292637,0.06309631429846263,0.0017737170336263534,414.56838799755826,0.3785778857907758,0.0017737170336263122,1.1240372822884006e-07,2.4477575304847855e-10,0.0028399178304680797,3.25362748921433e-12,1.1916828887839148e-14,0.004506647539118257,87.0,0.0,0.0,87.0,0.0,0.003638984649215626,87.0,0.0,0.003638984649215626,3530.0,57.5,0.021108430394818602,3179.0,60.0,0.020025126846397144,0.9159099192146716,0.03090488986908979,0.03509889048178173,-1.0,0.0,-0.0,-1.0,0.0,-0.0
intel,Intel i9-7900X,cpu,axpy_intel_20260725_163341,axpy_intel_20260725_163341_session2,2,1000000,20,10,10,0,0,0,-1,83267.0,1.2038462085820314e-05,2.237892562479658e-08,0.00201903193292664,1.2038462085820314e-05,2.237892562479658e-08,0.00201903193292664,0.0020623540057886076,4.949241596310635e-06,0.003963363150813044,0.0020623540057886076,4.949241596310635e-06,0.003963363150813044,0.0,0.0,nan,171.41056834345142,0.586351395043593,0.003761974183345819,166.134177756451,0.3082560843402291,0.0020198940079773344,996.805066538706,1.8495365060413178,0.0020198940079772833,2.48398585271796e-08,7.36908320787129e-11,0.005040258155562975,2.995895815967672e-13,1.1046707003743095e-15,0.00657493524426915,92.0,1.0,0.008874962836170935,91.5,0.5,0.00928783153659888,92.0,1.0,0.008592708472185353,3999.0,1.0,0.02191447775051166,3600.0,0.0,0.0001434597676114908,0.900225056264066,0.00021265949462095923,0.023138630188621855,-1.0,0.0,-0.0,-1.0,0.0,-0.0
intel,Intel i9-7900X,cpu,axpy_intel_20260725_163341,axpy_intel_20260725_163341_session2,2,2000000,1,10,10,0,0,0,-1,1413.0,0.0007112524125973107,5.213372257607341e-07,0.0010145804453071878,0.0007112524125973107,5.213372257607341e-07,0.0010145804453071878,0.031202427105449397,6.181280962491015e-05,0.0022489563241550417,0.03128571089879688,6.580325548477539e-05,0.002249974842601813,8.175123849964614e-05,2.1549893842887435e-06,0.04740613085099789,43.85548056971561,0.05832903158426106,0.00198920777692777,5.623882572435968,0.004119205384523816,0.0010150270109736826,33.74329543461581,0.024715232307144674,0.0010150270109736655,2.2209037194681278e-05,5.151972492091818e-08,0.00286601643452908,1.5809141929100234e-08,2.598252445982079e-11,0.0036637397649897565,76.0,0.0,0.06520160124058515,76.0,0.0,0.06649529393839373,76.0,0.0,0.0063810553704048605,1639.0,110.5,0.07689742018200582,1339.0,0.0,0.08066376059989223,0.8265633668859476,0.055009015184314336,0.11108114442603073,-1.0,0.0,-0.0,-1.0,0.0,-0.0
intel,Intel i9-7900X,cpu,axpy_intel_20260725_163341,axpy_intel_20260725_163341_session2,2,2000000,2,10,10,0,0,0,-1,2549.0,0.0003947453024715575,3.1597351902702903e-07,0.0027569353516625123,0.0003947453024715575,3.1597351902702903e-07,0.0027569353516625123,0.023156497057669673,0.00010654217340133089,0.0069290925189950045,0.02338669615535504,0.00010791663397410542,0.006871882827423313,0.00022924774421341704,2.166732051785028e-06,0.011931612224973213,58.673167188107485,0.3375996886897852,0.0071387116192068055,10.133116219678007,0.008104620371617521,0.0027469894657313125,60.798697318068044,0.048627722229706904,0.0027469894657313554,9.152541908003491e-06,3.66893192820263e-08,0.007742506089865163,3.6145977945624075e-09,2.080168092404161e-11,0.00932345911988372,78.0,0.0,0.03210434172759776,78.0,0.0,0.03283531968371759,78.0,0.0,0.005419498989148894,1917.5,107.5,0.08766940689273478,1603.5,14.5,0.0464609647386304,0.8415079157967988,0.051425880182374595,0.07401474464596731,-1.0,0.0,-0.0,-1.0,0.0,-0.0
intel,Intel i9-7900X,cpu,axpy_intel_20260725_163341,axpy_intel_20260725_163341_session2,2,2000000,4,10,10,0,0,0,-1,5154.0,0.00019449655607295304,5.920477299185118e-07,0.0034506999183188153,0.00019449655607295304,5.920477299185118e-07,0.0034506999183188153,0.016163847982149787,2.3927240977881722e-05,0.002186192755510163,0.016379860302677532,2.31064221963527e-05,0.002085850005738541,0.00021580442374854482,1.7054714784633246e-06,0.009724854822773231,83.10307226679251,0.28726722304914176,0.005387119753931839,20.565922808216314,0.06278787425839916,0.0034465612650128865,123.39553684929787,0.3767272455504056,0.003446561265012821,3.1445749443481806e-06,6.468019320405027e-09,0.0020652593268806613,6.10955755079966e-10,2.726728192974023e-12,0.00525016198200621,79.5,0.5,0.022821773229381923,79.0,0.0,0.02348115175030108,79.0,0.0,0.005323699764593231,2039.0,22.5,0.05587703625274192,1839.0,0.5,0.03463443526336507,0.9019127023050515,0.03276974603134619,0.04631169890966377,-1.0,0.0,-0.0,-1.0,0.0,-0.0
intel,Intel i9-7900X,cpu,axpy_intel_20260725_163341,axpy_intel_20260725_163341_session2,2,2000000,8,10,10,0,0,0,-1,8610.0,0.00011604618966318234,2.1420447154471187e-07,0.0030970483968798933,0.00011604618966318234,2.1420447154471187e-07,0.0030970483968798933,0.014093622996515679,2.7724564459930857e-05,0.0030827916127164944,0.014114679616724739,2.8181242740999563e-05,0.0030556853388965643,1.9431591173054585e-05,7.329849012775835e-07,0.06192231438526984,121.46948702754773,0.16454215348865375,0.0014622134594233355,34.469038759898886,0.06360866562548395,0.003105565657884358,206.8142325593933,0.3816519937529108,0.003105565657884425,1.6361966701948626e-06,6.200275190079892e-09,0.005997710233301231,1.8983948943657062e-10,1.0814244287098164e-12,0.009021468462021743,81.0,0.0,0.015710426589840277,81.0,0.5,0.018450310115418655,81.0,0.0,0.013981433797969131,2466.0,51.0,0.03839487956769079,2299.5,18.0,0.029812108631327237,0.9234669864541627,0.032188884414015295,0.04995229020372202,-1.0,0.0,-0.0,-1.0,0.0,-0.0
intel,Intel i9-7900X,cpu,axpy_intel_20260725_163341,axpy_intel_20260725_163341_session2,2,2000000,10,10,10,0,0,0,-1,9736.0,0.000102964415673788,7.88256470829986e-08,0.0018383186436337637,0.000102964415673788,7.88256470829986e-08,0.0018383186436337637,0.01385952449671323,6.5260373870168475e-06,0.002363738746740971,0.013859720932621198,6.486801561215831e-06,0.002364525025907895,1.9165981922760886e-07,1.340386195562861e-08,0.1804990938942941,134.66385170584215,0.0888286791057169,0.0015648758198586713,38.8483727577059,0.029763737057063366,0.0018343683669190501,233.09023654623542,0.1785824223423731,0.001834368366919018,1.4261976238124255e-06,1.543754379522229e-09,0.0039407038390516,1.4680587680128035e-10,2.0704767383099455e-13,0.005684927227308342,85.0,0.0,0.00554593553871802,85.0,0.0,0.006686056680772046,85.0,0.0,0.004972134685799339,2778.0,73.5,0.03043135186502533,2519.0,0.5,0.027198592834647452,0.8821798468011652,0.02778778782308111,0.04421337405221063,-1.0,0.0,-0.0,-1.0,0.0,-0.0
intel,Intel i9-7900X,cpu,axpy_intel_20260725_163341,axpy_intel_20260725_163341_session2,2,2000000,16,10,10,0,0,0,-1,9741.0,0.00010272644425623651,2.0841289395322172e-08,0.0003593540924364502,0.00010272644425623651,2.0841289395322172e-08,0.0003593540924364502,0.013034262036751874,8.577866748793461e-06,0.000916971919363944,0.013038217842110665,8.844163843547276e-06,0.0009035691386529874,3.171234986141053e-06,2.7492043937994005e-07,0.19366880802718633,126.8830997158504,0.10786615684811096,0.0010714713643392498,38.93836715739288,0.007901445209242297,0.000359210374373342,233.63020294435728,0.047408671255482204,0.00035921037437339264,1.339341319978016e-06,8.306790119231166e-10,0.0008896267850200093,1.3762931904349708e-10,6.968962601560055e-14,0.0010000777270106071,78.0,0.0,0.004049011088563866,78.0,0.0,0.004049011088563866,78.0,0.0,0.0,3500.0,61.0,0.02647342367739833,3119.0,0.0,0.012186581777954562,0.891404821008623,0.015558398423743125,0.031944615819701205,-1.0,0.0,-0.0,-1.0,0.0,-0.0
intel,Intel i9-7900X,cpu,axpy_intel_20260725_163341,axpy_intel_20260725_163341_session2,2,2000000,20,10,10,0,0,0,-1,9302.0,0.00010782250284884972,1.5308799182972766e-07,0.0018502499742261915,0.00010782250284884972,1.5308799182972766e-07,0.0018502499742261915,0.014489821812513438,1.101015910556953e-05,0.0022479763800636494,0.014492111373898088,1.0873306815740134e-05,0.002242494017169786,2.2089873145560092e-06,2.0312835949258213e-07,0.14942514605531187,134.44803785991974,0.07678131755800166,0.001818516099255791,37.09802713336691,0.05272740842926282,0.0018497111887980193,222.58816280020147,0.31636445057556273,0.0018497111887980215,1.5644779594518658e-06,5.098912037946795e-09,0.003692527414911583,1.6874879097690542e-10,7.963107728831999e-13,0.005390454834736241,85.0,0.0,0.007458202028699008,84.0,0.0,0.00836812758800648,84.0,0.0,0.0061184571030132974,4000.5,1.0,0.001079160570349922,3599.0,0.0,0.00014346773892713293,0.899775056235941,0.000362321963237322,0.0011196076538764418,-1.0,0.0,-0.0,-1.0,0.0,-0.0
intel,Intel i9-7900X,cpu,axpy_intel_20260725_163341,axpy_intel_20260725_163341_session2,2,4000000,1,10,10,0,0,0,-1,574.0,0.0018073749224738677,5.1976742160279215e-06,0.00964139492695965,0.0018073749224738677,5.1976742160279215e-06,0.00964139492695965,0.07705769686411149,0.00014344163763066464,0.007313399151704385,0.07838386585365853,0.00014096167247387714,0.007800036327953642,0.0013361376306620211,1.895121951219533e-05,0.04129973054182493,42.734518534192965,0.10123766395608058,0.003941248998067954,4.426309447902515,0.012735449990334491,0.009813989860359478,26.55785668741509,0.07641269994200961,0.00981398986035943,0.0001393418402006706,5.078825923216423e-07,0.016564292512977342,2.518760371986325e-07,1.64187710692212e-09,0.025857310524132603,73.0,0.0,0.07609759075271502,73.0,0.0,0.07678516947630515,73.0,0.0,0.004337829437816707,1651.5,77.5,0.060403827995228455,1339.5,0.5,0.04989208021489094,0.881211020061675,0.012363845265456253,0.04784144864723782,-1.0,0.0,-0.0,-1.0,0.0,-0.0
intel,Intel i9-7900X,cpu,axpy_intel_20260725_163341,axpy_intel_20260725_163341_session2,2,4000000,2,10,10,0,0,0,-1,970.0,0.0010361586850515464,1.0278025773196144e-06,0.0017775834904354788,0.0010361586850515464,1.0278025773196144e-06,0.0017775834904354788,0.059149364432989696,0.0002567871134020634,0.00867350494745981,0.06052109690721649,0.00026005206185567356,0.00859671635698236,0.0013726309278350515,1.044948453608253e-05,0.011572279963274139,57.08524148398139,0.10631872785070584,0.007739106081652875,7.7208260045907355,0.007651783167311521,0.0017765512321534416,46.32495602754442,0.04591069900387268,0.0017765512321534268,6.128813024887031e-05,4.471957411066671e-07,0.009840352903729295,6.350423842383049e-08,6.512049581622232e-10,0.011167501553762747,80.0,0.0,0.04033632528574362,80.0,0.0,0.040910964112067356,80.0,0.0,0.006487409290129678,1877.5,70.5,0.042104646203284274,1619.0,1.0,0.03687580690991716,0.8580443663498614,0.0364322282386253,0.06619155350551963,-1.0,0.0,-0.0,-1.0,0.0,-0.0
intel,Intel i9-7900X,cpu,axpy_intel_20260725_163341,axpy_intel_20260725_163341_session2,2,4000000,4,10,10,0,0,0,-1,1192.0,0.0008423271140939598,3.1765289429529935e-06,0.004138348127287835,0.0008423271140939598,3.1765289429529935e-06,0.004138348127287835,0.06030787961409396,0.00018676635906040087,0.009766950362892716,0.061806034395973146,0.00019886661073825057,0.009524049377461093,0.0014990851510067113,1.2816275167785171e-05,0.009066694810114963,71.30992844586784,0.15486499180347124,0.008046149420154877,9.497513295123078,0.03580130281719285,0.004144450273343998,56.98507977073846,0.21480781690316064,0.004144450273344039,5.086892365370578e-05,1.786011300127012e-07,0.012632047875761063,4.288910821473493e-08,3.1620373706881345e-10,0.016034990157517734,77.0,0.0,0.03653465846150888,77.0,0.0,0.037252896519767195,77.0,0.0,0.004112194616603874,1966.0,66.0,0.04679862617806446,1700.0,0.0,0.0529756772865061,0.8947368421052632,0.009890316602420346,0.04252891173587544,-1.0,0.0,-0.0,-1.0,0.0,-0.0
intel,Intel i9-7900X,cpu,axpy_intel_20260725_163341,axpy_intel_20260725_163341_session2,2,4000000,8,10,10,0,0,0,-1,1406.0,0.0007503410913940256,5.67046586059754e-07,0.0018872577057544653,0.0007503410913940256,5.67046586059754e-07,0.0018872577057544653,0.06967444772403983,9.888904694167755e-05,0.005678702955615136,0.07121458428165006,9.725142247508922e-05,0.0055815832270059255,0.0015425579658605974,3.830369843527788e-06,0.0031177675356107316,92.77863437719029,0.13569699555423398,0.0052112064656452215,10.661817999079894,0.008056918121058132,0.001889767411511518,63.97090799447936,0.048341508726352345,0.0018897674115115964,5.228509678118519e-05,8.709165559898135e-08,0.006663292048310624,3.92245382453293e-08,9.730412749843508e-11,0.007973950921261021,73.0,0.0,0.021512092926315507,73.0,0.0,0.021512092926315507,73.0,0.0,0.0,2725.0,10.5,0.041280167614906535,2300.0,1.0,0.07255422763339701,0.8647541203742968,0.022573523479021695,0.0951824297036312,-1.0,0.0,-0.0,-1.0,0.0,-0.0
intel,Intel i9-7900X,cpu,axpy_intel_20260725_163341,axpy_intel_20260725_163341_session2,2,4000000,10,10,10,0,0,0,-1,1535.0,0.0007267710801302931,9.066872964171068e-08,0.0004384675222989006,0.0007267710801302931,9.066872964171068e-08,0.0004384675222989006,0.07513173908794787,6.429576547230947e-05,0.0021273374614452067,0.07670475374592833,6.962345276872312e-05,0.0020260226838609828,0.0015763436482084691,6.897394136807784e-06,0.005045451657628534,103.37302808384928,0.10448190714440386,0.0020594747954993772,11.007592652131688,0.0013733296116873461,0.0004382940789085136,66.04555591279012,0.0082399776701223,0.0004382940789084709,5.461705486117201e-05,4.444332960159403e-08,0.0022788646678771497,3.970449406522739e-08,4.046218647495919e-11,0.002498973836817153,78.0,0.5,0.015368664951705581,77.0,0.0,0.016300400310146287,77.0,0.0,0.0062489766046526255,2889.5,6.5,0.02475553697752098,2459.0,60.0,0.02572002976956795,0.8311105656826551,0.002152520401456526,0.0333609510455233,-1.0,0.0,-0.0,-1.0,0.0,-0.0
intel,Intel i9-7900X,cpu,axpy_intel_20260725_163341,axpy_intel_20260725_163341_session2,2,4000000,16,10,10,0,0,0,-1,1502.0,0.000675631732023968,3.107759653794102e-07,0.0009234065268603488,0.000675631732023968,3.107759653794102e-07,0.0009234065268603488,0.06974740079893475,0.00014177829560585442,0.0023781230826231095,0.07129504360852196,0.00015741278295605676,0.00244871935701909,0.0015401507989347535,7.232356857523486e-06,0.007935753999358527,103.25685293580432,0.18475011697517374,0.0017507683716724441,11.840770086680394,0.005449180608541937,0.0009224977490057617,71.04462052008236,0.03269508365124807,0.0009224977490057863,4.7108684060251474e-05,8.84511723888131e-08,0.0031559162907710296,3.1818087473034336e-08,5.914874124553829e-11,0.003997907422937983,75.0,0.0,0.02876508193906511,75.0,0.0,0.02903706951489741,75.0,0.0,0.004210755872394647,3579.0,1.0,0.016621578439555904,3119.0,0.0,0.0001548571447246651,0.8714724783459067,0.00024342806657706717,0.017059145464827497,-1.0,0.0,-0.0,-1.0,0.0,-0.0
intel,Intel i9-7900X,cpu,axpy_intel_20260725_163341,axpy_intel_20260725_163341_session2,2,4000000,20,10,10,0,0,0,-1,1413.0,0.0007758739688605804,4.350997876857287e-07,0.0014919158396548152,0.0007758739688605804,4.350997876857287e-07,0.0014919158396548152,0.0816672271762208,7.978202406228041e-05,0.0016803010222081873,0.0835302593772116,7.276786978061e-05,0.0016082211694257882,0.001857206652512385,2.831210191082869e-06,0.005216549061824675,105.172679545724,0.031283486801257254,0.0010741861129221935,10.310953927812374,0.00578042575854365,0.0014897601373698426,61.86572356687425,0.03468255455126723,0.0014897601373699046,6.338676160619027e-05,1.321527919035916e-07,0.0029930057691053185,4.917773441076573e-08,1.1708105455111847e-10,0.004424619516493784,79.0,0.0,0.019888538743197355,79.0,0.0,0.019888538743197355,79.0,0.0,0.0,4000.5,1.0,0.0048575275004084815,3600.0,0.0,0.0001434597676114908,0.89975,0.00024999999999997247,0.004799669431243364,-1.0,0.0,-0.0,-1.0,0.0,-0.0
intel,Intel i9-7900X,cpu,axpy_intel_20260725_163341,axpy_intel_20260725_163341_session2,2,8000000,1,10,10,0,0,0,-1,248.0,0.004097021618951613,5.333185483870611e-06,0.003661388882395215,0.004097021618951613,5.333185483870611e-06,0.003661388882395215,0.17543821774193546,0.0005536229838709467,0.008282776377220332,0.1789023125,0.0005906411290322461,0.008054212699528631,0.003454840725806452,2.7764112903226265e-05,0.014293083012055362,42.80478608987481,0.14696250158936763,0.011566999509050727,3.9052759940239,0.005076651977359514,0.0036770754136576213,23.431655964143403,0.030459911864157974,0.003677075413657609,0.0007192625811998582,1.7827165760117211e-06,0.005589073141404118,2.9439644881295232e-06,1.162565058474528e-08,0.00461973430787038,73.0,0.0,0.07807574213250626,72.0,0.0,0.07980743213370153,72.0,0.0,0.00668113266306567,1364.5,0.5,0.03088257789239016,1339.5,0.5,0.11117501490525643,0.9816715542521994,0.0007261555648652718,0.11958341649223697,-1.0,0.0,-0.0,-1.0,0.0,-0.0
intel,Intel i9-7900X,cpu,axpy_intel_20260725_163341,axpy_intel_20260725_163341_session2,2,8000000,2,10,10,0,0,0,-1,392.0,0.0025708019145408165,4.5503303571432004e-06,0.002918630663661965,0.0025708019145408165,4.5503303571432004e-06,0.002918630663661965,0.14442873979591836,0.0008815816326530612,0.012388709744086302,0.14819632525510204,0.0008384515306122386,0.011974680199288313,0.0037366160714285713,3.4503826530612146e-05,0.009240339729743712,56.209426911284034,0.2276267915032335,0.010292671229567407,6.223741771711059,0.011022360565994038,0.0029225455970714825,37.342450630266356,0.06613416339596867,0.0029225455970714772,0.00037110697558391634,3.5831219863877704e-06,0.014758039783952391,9.546843582207033e-07,1.1053033532245938e-08,0.017286715859038848,77.0,0.5,0.06883165525282424,77.0,1.0,0.06947802346487666,77.0,0.5,0.009595120772075706,1797.5,32.5,0.047177408921545,1616.5,138.0,0.10634387464214035,0.8371797731003507,0.01986306027952922,0.12177996325028766,-1.0,0.0,-0.0,-1.0,0.0,-0.0
intel,Intel i9-7900X,cpu,axpy_intel_20260725_163341,axpy_intel_20260725_163341_session2,2,8000000,4,10,10,0,0,0,-1,460.0,0.002186508456521739,7.4378010869566476e-06,0.003702742792066447,0.002186508456521739,7.4378010869566476e-06,0.003702742792066447,0.14962192826086956,0.0005489163043478351,0.007652251496240311,0.1534791739130435,0.0005109326086956273,0.0074158292363851516,0.0038546347826086957,1.8592391304348083e-05,0.008831344991125787,68.26242538740303,0.2769517892372093,0.005623011107824749,7.3176036014301875,0.024808494882990306,0.003702596036034689,43.90562160858113,0.14885096929793917,0.003702596036034665,0.00032729041004969916,1.4803159866837515e-06,0.010617911462566732,7.147803828316912e-07,6.0943052396746654e-09,0.013934442296906897,75.0,0.0,0.04570966394461521,75.0,0.0,0.04570966394461521,75.0,0.0,0.0,2062.5,68.5,0.056221624464096884,1719.0,19.0,0.03994895349230441,0.8363499406959383,0.04613727196786671,0.05439653510082514,-1.0,0.0,-0.0,-1.0,0.0,-0.0
intel,Intel i9-7900X,cpu,axpy_intel_20260725_163341,axpy_intel_20260725_163341_session2,2,8000000,8,10,10,0,0,0,-1,464.0,0.0021612012435344827,6.974601293101117e-07,0.0008560656576522762,0.0021612012435344827,6.974601293101117e-07,0.0008560656576522762,0.19756865086206898,0.0005791745689655153,0.0029568768910334226,0.2019208566810345,0.0005809709051724232,0.0029576707612252624,0.004361471982758621,1.2596982758620711e-05,0.005775387866319131,91.40730174092582,0.22169487953934208,0.0026272871582735486,7.403290206345901,0.002389953627752739,0.0008546629467028951,44.41974123807542,0.014339721766507552,0.0008546629467029204,0.00042702685071229656,1.2626902350485088e-06,0.0034727251306931385,9.229800996290965e-07,2.8122136786349e-09,0.0041060924195878866,76.0,0.0,0.034374965462369886,76.0,0.5,0.03555244116485753,76.0,0.0,0.006830658458919608,2584.5,70.0,0.04531360432885124,2324.0,1.0,0.03457592525934559,0.8992068434825828,0.048004512539460364,0.06525464894845222,-1.0,0.0,-0.0,-1.0,0.0,-0.0
intel,Intel i9-7900X,cpu,axpy_intel_20260725_163341,axpy_intel_20260725_163341_session2,2,8000000,10,10,10,0,0,0,-1,454.0,0.0022084569988986783,7.043810572686642e-07,0.0003700798166349087,0.0022084569988986783,7.043810572686642e-07,0.0003700798166349087,0.2250980220264317,0.00016334140969162525,0.0009962964693376953,0.2298860462555066,0.00013239427312772278,0.001040209285019235,0.004775874449339208,4.6438325991189546e-05,0.010345835186646266,101.89103432222271,0.0319981504018898,0.0010057691154083707,7.2448773102826385,0.0023109039037687573,0.00037007635150724426,43.46926386169582,0.013865423422611656,0.00037007635150720317,0.0004971638330369468,3.9555382490058435e-07,0.0011168803665158144,1.0979649452946363e-06,1.2485037342483503e-09,0.001332675735591389,79.0,0.0,0.027774082335230432,79.0,0.0,0.02919997542386608,79.0,0.0,0.0053507236212662936,2912.0,49.5,0.0292057451780137,2519.0,1.0,0.023228833794469397,0.8550959889330814,0.021986290844634382,0.04389029160507441,-1.0,0.0,-0.0,-1.0,0.0,-0.0
intel,Intel i9-7900X,cpu,axpy_intel_20260725_163341,axpy_intel_20260725_163341_session2,2,8000000,16,10,10,0,0,0,-1,448.0,0.002236926364955357,3.8345424107103995e-07,0.00021298379304572786,0.002236926364955357,3.8345424107103995e-07,0.00021298379304572786,0.2204877109375,0.00022445200892858008,0.002928059737531235,0.2255041484375,0.0002480546874999989,0.002872150009788179,0.005033563616071428,3.543191964285692e-05,0.008041582488465952,98.57174291766663,0.09593591090459341,0.0029668894470691043,7.152671742850089,0.0012263215935610638,0.0002129941488344948,42.91603045710053,0.007357929561365495,0.00021299414883448566,0.0004931923694662065,5.703144570175841e-07,0.0029042960718973125,1.1031849174526903e-06,1.4197439546388908e-09,0.002895967090569872,73.0,0.5,0.02451378031138279,72.0,0.0,0.025417360968792494,72.0,0.0,0.007132566015114948,3580.0,1.0,0.018759141280084237,3141.5,22.0,0.019038062167056884,0.8724477383312308,0.0035589101502674914,0.02341467945066806,-1.0,0.0,-0.0,-1.0,0.0,-0.0
intel,Intel i9-7900X,cpu,axpy_intel_20260725_163341,axpy_intel_20260725_163341_session2,2,8000000,20,10,10,0,0,0,-1,426.0,0.0023541763720657275,4.926103286382634e-07,0.0008353604659902927,0.0023541763720657275,4.926103286382634e-07,0.0008353604659902927,0.23498883333333334,0.0004465880281690482,0.0022106392862602034,0.24050426877934272,0.00043734037558686156,0.002229077403647454,0.005543556338028169,2.937910798122027e-05,0.007109615474907496,99.79873462610067,0.13731728677109345,0.001742695716197377,6.796432211310982,0.0014223974835565478,0.0008345355470024118,40.778593267865894,0.008534384901341951,0.0008345355470024295,0.0005532533731433851,1.2011198459377435e-06,0.0028528428934977063,1.302946714541175e-06,3.3280751734832755e-09,0.0035772183267689032,74.0,0.0,0.02097752659266963,74.0,0.0,0.021147738277389156,74.0,0.0,0.00568243964091353,3999.0,0.0,0.0001291188126954849,3600.0,0.0,0.00013419059686630775,0.9,2.5006251562875725e-05,0.00012711485947809842,-1.0,0.0,-0.0,-1.0,0.0,-0.0
intel,Intel i9-7900X,cpu,axpy_intel_20260725_163341,axpy_intel_20260725_163341_session2,2,16000000,1,10,10,0,0,0,-1,116.0,0.008701746862068965,3.4705905172429524e-06,0.0023394860508037046,0.008701746862068965,3.4705905172429524e-06,0.0023394860508037046,0.38695163362068963,0.0010052284482758578,0.014469764176620487,0.3947457025862069,0.0010476724137931104,0.014325322663360885,0.0077436465517241385,2.7762931034483636e-05,0.010442265577434566,44.5001250826892,0.12399832753075302,0.013549187576301977,3.6774225405651038,0.001466109601628407,0.002350017642164288,22.064535243390623,0.00879665760977133,0.002350017642164311,0.00336673093082186,1.1258025179907956e-05,0.015690541753878712,2.9291349161865478e-05,1.000839973992553e-07,0.01714326555283786,78.0,0.0,0.07476816018719316,78.0,0.0,0.07476816018719316,78.0,0.0,0.006043647702449124,1365.0,21.0,0.045161733836318885,1340.0,0.0,0.5474616336703538,0.9875066865430098,0.07649059907688738,0.5501070873575915,-1.0,0.0,-0.0,-1.0,0.0,-0.0
intel,Intel i9-7900X,cpu,axpy_intel_20260725_163341,axpy_intel_20260725_163341_session2,2,16000000,2,10,10,0,0,0,-1,177.0,0.005658394064971751,3.878101694915637e-06,0.0007904596018309373,0.005658394064971751,3.878101694915637e-06,0.0007904596018309373,0.30579414124293786,0.002047084745762734,0.011109483098884912,0.3146648163841808,0.002091262711864439,0.010822385633048538,0.008866389830508473,3.0259887005650715e-05,0.0055349124541779066,54.06685106982549,0.3873167148529575,0.010766536730582792,5.655314853256973,0.0038733087052444937,0.0007906553719119156,33.93188911954184,0.023239852231469627,0.0007906553719118723,0.0017296485863730147,1.1212590346019275e-05,0.011496621920640542,9.783335562706666e-06,6.135142760238447e-08,0.011923609779577045,75.0,0.0,0.07008959611846473,75.0,0.0,0.07008959611846473,75.0,0.0,0.004221999546286221,1684.0,1.0,0.06283433329064275,1619.0,1.0,0.05348692537477124,0.9614128787611804,0.04467942262504199,0.09209521334968637,-1.0,0.0,-0.0,-1.0,0.0,-0.0
intel,Intel i9-7900X,cpu,axpy_intel_20260725_163341,axpy_intel_20260725_163341_session2,2,16000000,4,10,10,0,0,0,-1,203.0,0.004948051778325123,4.5912463054183054e-06,0.0023650307066775907,0.004948051778325123,4.5912463054183054e-06,0.0023650307066775907,0.34139025123152705,0.0009679901477832598,0.007425905750118068,0.3505420615763547,0.000985788177339908,0.007222766790555815,0.009118802955665025,6.470443349753698e-05,0.010546623663651642,68.99024275132449,0.14298441274043938,0.006835887739456841,6.46719299327752,0.006003320959971248,0.002370436779555069,38.803157959665114,0.03601992575982749,0.0023704367795551132,0.0016885695849496395,4.567090762381144e-06,0.008649407847484422,8.342151267629498e-06,3.2262406061152277e-08,0.010278943169603965,75.0,0.0,0.057947496390520034,75.0,0.0,0.058628807896446665,75.0,0.0,0.004221999546286221,2040.0,7.5,0.020140735639517154,1840.0,12.5,0.023957975009428388,0.8970132441787295,0.008043037593238545,0.02734642572756408,-1.0,0.0,-0.0,-1.0,0.0,-0.0
intel,Intel i9-7900X,cpu,axpy_intel_20260725_163341,axpy_intel_20260725_163341_session2,2,16000000,8,10,10,0,0,0,-1,202.0,0.004957130405940594,1.3573891089108982e-05,0.003997622266972209,0.004957130405940594,1.3573891089108982e-05,0.003997622266972209,0.45972000247524747,0.0007407277227723386,0.00326990486839474,0.47022125247524754,0.0008767673267326692,0.0031726969255206554,0.010474514851485149,8.309158415841563e-05,0.010991978139637478,92.59241425460394,0.12107305756622821,0.0019777914429833063,6.455347628061718,0.01760930700035024,0.004001625875388868,38.73208576837031,0.10565584200210765,0.004001625875388886,0.0022796547748599556,9.173298182638427e-06,0.0070225209837050055,1.1294584451276423e-05,7.492674373430815e-08,0.010940128603401345,76.0,0.0,0.03350739421114372,76.0,0.0,0.034994288462329,76.0,0.0,0.008343740528148758,2599.0,34.0,0.030043437572180823,2245.0,52.0,0.027434357302370992,0.88204670116716,0.023434170490698458,0.04229180333412348,-1.0,0.0,-0.0,-1.0,0.0,-0.0
intel,Intel i9-7900X,cpu,axpy_intel_20260725_163341,axpy_intel_20260725_163341_session2,2,16000000,10,10,10,0,0,0,-1,197.0,0.005099558842639594,5.471040609135794e-07,0.00021015240568307634,0.005099558842639594,5.471040609135794e-07,0.00021015240568307634,0.525640078680203,0.0008902766497461689,0.0029698687531027235,0.5369946598984772,0.0010696903553299442,0.002991633404756677,0.01135978426395939,6.178172588832461e-05,0.009613824121746146,103.0564350156829,0.1805010292913849,0.002880020788265798,6.2750526113830105,0.0006732199843848541,0.000210146399849041,37.65031566829806,0.004039319906304684,0.00021014639984907716,0.0026810309662919814,4.827593121336333e-06,0.0030714992227772963,1.3674617606148133e-05,2.801565247261221e-08,0.003183785281835565,79.0,0.0,0.03307942656303434,78.5,0.5,0.03468798829050485,78.0,0.0,0.0065867063711010495,2884.0,17.0,0.03922290939461023,2519.5,60.5,0.044229496616291476,0.854938546189477,0.02310765561056788,0.054222233692746154,-1.0,0.0,-0.0,-1.0,0.0,-0.0
intel,Intel i9-7900X,cpu,axpy_intel_20260725_163341,axpy_intel_20260725_163341_session2,2,16000000,16,10,10,0,0,0,-1,196.0,0.00512917374489796,1.5991173469382877e-06,0.00040951974264662584,0.00512917374489796,1.5991173469382877e-06,0.00040951974264662584,0.5005749719387755,0.0011029897959183854,0.0023339983982596955,0.5122259617346938,0.0011492806122449517,0.002384750564970075,0.011608563775510203,4.070918367346955e-05,0.00765251063864799,97.59153171202308,0.19589168143377123,0.0022540008639320088,6.238821729886636,0.00194510222358657,0.00040956947227002466,37.432930379319814,0.01167061334151498,0.00040956947227001035,0.0025680415199877873,5.952910373622231e-06,0.002479824245242343,1.3176135423862439e-05,3.307781770999069e-08,0.0026807344976714238,76.0,0.0,0.04001297355640206,76.0,0.0,0.04041229346044072,76.0,0.0,0.005533294243514225,3580.0,7.0,0.022498388459560894,3157.0,7.5,0.01891603046407348,0.8801675977653631,0.017148832177957207,0.03336526085489083,-1.0,0.0,-0.0,-1.0,0.0,-0.0
intel,Intel i9-7900X,cpu,axpy_intel_20260725_163341,axpy_intel_20260725_163341_session2,2,16000000,20,10,10,0,0,0,-1,184.0,0.005437716165760869,4.3096195652143204e-07,0.0001735210462579189,0.005437716165760869,4.3096195652143204e-07,0.0001735210462579189,0.5648027961956522,0.0002346847826087406,0.00102335310240764,0.5778343152173914,0.00018396739130432938,0.0010303906589059519,0.013037470108695652,8.564673913043566e-05,0.008087828409322848,103.83867422205432,0.042579437172975076,0.0010424674573975086,5.884823522879838,0.00046643601441820337,0.00017350160859782446,35.30894113727903,0.0027986160865118848,0.00017350160859783386,0.0030712657651411263,1.1639038734344211e-06,0.0010333973517556582,1.6702248072326966e-05,8.865467400974618e-09,0.0010717901704859402,78.0,0.0,0.03973316330829555,78.0,0.0,0.040028831141371894,78.0,0.0,0.004049011088563866,4030.0,4.5,0.0036057117111100347,3599.5,0.5,0.00014642207992630364,0.8931629371917125,0.0009014086579752778,0.003602295692012244,-1.0,0.0,-0.0,-1.0,0.0,-0.0
intel,Intel i9-7900X,cpu,axpy_intel_20260725_163341,axpy_intel_20260725_163341_session2,2,32000000,1,10,10,0,0,0,-1,56.0,0.017943862401785714,1.8036071428566974e-06,0.0011429786579675724,0.017943862401785714,1.8036071428566974e-06,0.0011429786579675724,0.8037557500000001,0.0033133392857143673,0.012647278164453097,0.8198029910714286,0.003449000000000091,0.012368069048095811,0.015909535714285713,8.251785714285739e-05,0.00804223403113086,44.791055020284716,0.12620426045460675,0.0125055488766609,3.5666791556334454,0.0003585173243214612,0.0011460825884525838,21.40007493380067,0.0021511039459287673,0.0011460825884525938,0.014423042867079842,5.986964821282775e-05,0.012886681076401374,0.0002588151510644216,1.0745592428453076e-06,0.01321766403679969,79.0,0.0,0.06621254999253756,79.0,0.0,0.06687113908243728,79.0,0.0,0.005967145832797869,1354.0,10.0,0.05826653431899302,1339.0,0.0,0.06940701304782473,0.9900224406317464,0.008350886379546951,0.03111557546168393,-1.0,0.0,-0.0,-1.0,0.0,-0.0
intel,Intel i9-7900X,cpu,axpy_intel_20260725_163341,axpy_intel_20260725_163341_session2,2,32000000,2,10,10,0,0,0,-1,84.0,0.011891505797619047,4.1729880952377785e-06,0.002766464376637435,0.011891505797619047,4.1729880952377785e-06,0.002766464376637435,0.6573396845238095,0.0031153333333333033,0.012435878033042753,0.6755923988095238,0.003207952380952339,0.011894258536295626,0.01824998214285714,6.857738095238097e-05,0.012477265680979887,55.2757244772792,0.3525405464585667,0.010919582583481165,5.381992919976417,0.001889327314062772,0.00275341683990855,32.2919575198585,0.01133596388437752,0.0027534168399085054,0.007817092946229846,3.2749181242960196e-05,0.014359935408138338,9.285279447779305e-05,3.0253348464100995e-07,0.016557040128740118,74.0,0.0,0.0716948029071529,74.0,0.0,0.07234423668067964,74.0,0.0,0.00571323877175859,1634.5,0.5,0.050596545911219044,1605.0,77.5,0.05998650513445315,0.9841237664247979,0.007340727613558862,0.045994902142473024,-1.0,0.0,-0.0,-1.0,0.0,-0.0
intel,Intel i9-7900X,cpu,axpy_intel_20260725_163341,axpy_intel_20260725_163341_session2,2,32000000,4,10,10,0,0,0,-1,97.0,0.010359844603092784,1.6012948453609198e-05,0.0028023104482933084,0.010359844603092784,1.6012948453609198e-05,0.0028023104482933084,0.7187711237113401,0.004136226804123844,0.012425454636893166,0.7376244226804124,0.004050824742268089,0.012058340857611372,0.018807644329896907,0.00016175257731958735,0.01190155617973069,69.24503828334167,0.28498854324958955,0.011296867412129954,6.177698865899968,0.009563718861111514,0.0027966459315077025,37.06619319539981,0.057382313166669974,0.0027966459315076427,0.007448578857627749,7.226490316249948e-05,0.014036530734829055,7.718914720974062e-05,1.0401108772563138e-06,0.015987822819259027,77.0,0.0,0.06789307156595221,77.0,0.0,0.06857053270587914,77.0,0.0,0.006122136633649762,1906.5,18.5,0.04152966949843611,1843.5,6.5,0.04728431350016213,0.9659150380351753,0.005135817255954522,0.03284220917547798,-1.0,0.0,-0.0,-1.0,0.0,-0.0
intel,Intel i9-7900X,cpu,axpy_intel_20260725_163341,axpy_intel_20260725_163341_session2,2,32000000,8,10,10,0,0,0,-1,97.0,0.010411106417525774,1.437721649484927e-06,0.00029048146583585826,0.010411106417525774,1.437721649484927e-06,0.00029048146583585826,0.9374875309278351,0.003114360824742368,0.006431495746642506,0.9588766237113402,0.002886525773195814,0.00626409773017439,0.02154681443298969,8.888659793814674e-05,0.00549062128018231,90.00220430288405,0.287251596776251,0.006491070261280743,6.147281354079951,0.0008489061846042034,0.00029038314972386825,36.88368812447969,0.0050934371076252205,0.0002903831497238378,0.009765126744431163,3.134678236239429e-05,0.00638452308024921,0.00010171624035303523,3.5949469078667393e-07,0.006350445391378237,73.0,0.0,0.05532921881855846,73.0,0.0,0.05670514768927367,73.0,0.0,0.005791717326315713,2530.0,70.0,0.052314849436653446,2325.0,1.0,0.02243339554585187,0.9435115697310819,0.003914784570975105,0.03739011215516308,-1.0,0.0,-0.0,-1.0,0.0,-0.0
intel,Intel i9-7900X,cpu,axpy_intel_20260725_163341,axpy_intel_20260725_163341_session2,2,32000000,10,10,10,0,0,0,-1,93.0,0.010800213655913979,9.611827957002952e-07,0.0006389554802990428,0.010800213655913979,9.611827957002952e-07,0.0006389554802990428,1.108455322580645,0.0018733817204300562,0.003509189974162725,1.1326062903225806,0.001962139784946304,0.003377229755949242,0.024051682795698925,6.012903225806332e-05,0.005102910570648689,102.6390523447077,0.1708944385065152,0.003301441122547049,5.9258087041562675,0.0005273754398027464,0.0006380054036849279,35.554852224937605,0.0031642526388182546,0.0006380054036849525,0.011970816200772356,2.0531892340561533e-05,0.003814643830756537,0.00012928845057770798,2.2497735516083597e-07,0.004196958299242742,78.0,0.0,0.04397604837149453,78.0,0.0,0.04587289919365807,78.0,0.0,0.00621680684092211,2903.0,19.0,0.02576667627342685,2519.5,0.5,0.022454115848386587,0.8710466082196365,0.01912725523101766,0.03940688830040689,-1.0,0.0,-0.0,-1.0,0.0,-0.0
intel,Intel i9-7900X,cpu,axpy_intel_20260725_163341,axpy_intel_20260725_163341_session2,2,32000000,16,10,10,0,0,0,-1,92.0,0.010957728956521738,1.1138804347820067e-06,0.0001749194623996417,0.010957728956521738,1.1138804347820067e-06,0.0001749194623996417,1.1157549619565217,0.0016947173913042235,0.0018476831130114653,1.140743152173913,0.0017278641304347975,0.001799709889034375,0.02480030434782609,6.702173913043265e-05,0.00674802156078974,101.82592865496832,0.1533673597658023,0.0018409879642568665,5.840626307582271,0.0005937143649474841,0.0001748845874517422,35.04375784549363,0.0035622861896804636,0.00017488458745170668,0.012227825229507352,1.859158038601278e-05,0.0018707515976380065,0.0001340205747721233,1.959097032928729e-07,0.0019096096899691845,75.0,0.0,0.04129951665816266,75.0,0.0,0.04160891658116289,75.0,0.0,0.004210755872394647,3439.5,6.0,0.02089627638287847,3199.0,0.0,0.012471447964049835,0.9300770657370653,0.018119968756372007,0.02732329857457773,-1.0,0.0,-0.0,-1.0,0.0,-0.0
intel,Intel i9-7900X,cpu,axpy_intel_20260725_163341,axpy_intel_20260725_163341_session2,2,32000000,20,10,10,0,0,0,-1,87.0,0.011501469488505748,8.770402298860849e-07,0.00010274017787898537,0.011501469488505748,8.770402298860849e-07,0.00010274017787898537,1.181177028735632,0.0009485000000000188,0.0009868830596398554,1.2082757183908046,0.0007273448275861849,0.00094959413684879,0.027045293103448276,0.0001735804597701139,0.007555122040151119,102.70535851924683,0.07019790843137486,0.0009569129243331542,5.564506350516462,0.0004243537135759645,0.00010273826152429697,33.387038103098774,0.0025461222814513462,0.00010273826152427654,0.013584986852746207,1.090409864694733e-05,0.0010262959217185068,0.00015624403751404877,1.1485845164708119e-07,0.001074113101493315,77.0,0.0,0.03653465846150888,77.0,0.0,0.03653465846150888,77.0,0.0,0.0,4030.0,0.5,0.0023415720176467193,3599.0,0.0,0.0001342055098323696,0.8930521091811414,0.00012403870007443585,0.0023162265000946716,-1.0,0.0,-0.0,-1.0,0.0,-0.0
intel,Intel i9-7900X,cpu,axpy_intel_20260725_163341,axpy_intel_20260725_163341_session2,2,64000000,1,10,10,0,0,0,-1,28.0,0.036461392964285716,5.895071428573678e-06,0.0007662527109034397,0.036461392964285716,5.895071428573678e-06,0.0007662527109034397,1.5558889642857143,0.003442999999999974,0.014085881476897343,1.587879357142857,0.003808017857142909,0.013757251348216213,0.03247260714285714,0.00015244642857142887,0.010436540961543216,42.68313016623725,0.1269276037070597,0.014286969930790667,3.5105625332909263,0.0005674861177875634,0.0007672573798908305,21.063375199745558,0.0034049167067262687,0.0007672573798908833,0.05667761057008054,0.00016699551453045608,0.013924595188451707,0.0020649555954700824,7.92717440621757e-06,0.013804337711771688,73.0,0.0,0.08219683494239086,72.5,0.5,0.08338630913356158,72.0,0.0,0.007132566015114948,1365.0,1.0,0.041800191229589494,1340.0,0.0,0.0002360084827351578,0.9816849816849816,0.0003665689149560114,0.03931112038146993,-1.0,0.0,-0.0,-1.0,0.0,-0.0
intel,Intel i9-7900X,cpu,axpy_intel_20260725_163341,axpy_intel_20260725_163341_session2,2,64000000,2,10,10,0,0,0,-1,42.0,0.024345016726190473,0.00010892551190475747,0.004561447713901073,0.024345016726190473,0.00010892551190475747,0.004561447713901073,1.3593591785714287,0.01942366666666684,0.014741034496324214,1.3961032142857144,0.019608464285714278,0.014532686706821694,0.03674403571428572,0.00022459523809523901,0.013082158265843226,55.97271382973845,0.8322724136679689,0.01834559709932101,5.25774959091726,0.02363132690434222,0.004556794253019377,31.546497545503556,0.14178796142605776,0.004556794253019419,0.03318323065508375,0.00035262719271575427,0.01179438752250725,0.0008094251029363941,5.716551358256805e-06,0.010105502127167305,76.0,0.0,0.07382049111814665,76.0,0.0,0.07505345534028021,76.0,0.0,0.0063810553704048605,1634.5,3.5,0.03285335715946672,1604.5,9.5,0.05406238010293356,0.9813399511152534,0.004582060075528083,0.03923723155612931,-1.0,0.0,-0.0,-1.0,0.0,-0.0
intel,Intel i9-7900X,cpu,axpy_intel_20260725_163341,axpy_intel_20260725_163341_session2,2,64000000,4,10,10,0,0,0,-1,48.0,0.021176994406250003,6.972989583332867e-06,0.0016072262876778854,0.021176994406250003,6.972989583332867e-06,0.0016072262876778854,1.4020896666666665,0.004868177083333425,0.0072550722736324956,1.4397271041666668,0.005112333333333385,0.00711894017119701,0.037534250000000005,0.00014232291666666647,0.006908887728612436,66.21113158467847,0.20661219049702595,0.006751613730492742,6.044295269128554,0.0019902192970771004,0.0016017242774815814,36.265771614771324,0.011941315782461714,0.001601724277481498,0.02967712324090402,0.00011297499417768815,0.008059144300534256,0.0006281564634885088,2.6017750354568442e-06,0.009087328126350483,71.0,0.0,0.06453370094544446,71.0,0.0,0.06499665149379757,71.0,0.0,0.004447647904596877,1924.0,0.5,0.023916254817627783,1849.0,1.0,0.030099557505379963,0.961028836028836,0.00025987525987525295,0.022734149700435143,-1.0,0.0,-0.0,-1.0,0.0,-0.0
intel,Intel i9-7900X,cpu,axpy_intel_20260725_163341,axpy_intel_20260725_163341_session2,2,64000000,8,10,10,0,0,0,-1,47.0,0.02137011620212766,1.8038031914894073e-05,0.0018248452481763144,0.02137011620212766,1.8038031914894073e-05,0.0018248452481763144,1.9781514893617023,0.009675989361701776,0.005993647084885875,2.022430829787234,0.00922763829787221,0.005773522228290143,0.04468478723404255,0.0003535212765957488,0.013045152111250837,92.42511321431721,0.2627863999348605,0.0050661720025614735,5.989672639021412,0.005060059832416641,0.0018235961358173747,35.93803583412847,0.0303603589945034,0.0018235961358173357,0.04233149044623284,0.00020722891002619703,0.007271314801748,0.0009049136321872477,6.0365325433449336e-06,0.008747808353692172,76.0,0.5,0.05164748187723444,75.5,0.5,0.052169343518201225,75.5,0.5,0.006980745386685165,2460.0,0.0,0.01794065578277691,2324.0,1.0,0.005730207072473223,0.9449075405760158,0.002845611111662094,0.017310798031208167,-1.0,0.0,-0.0,-1.0,0.0,-0.0
intel,Intel i9-7900X,cpu,axpy_intel_20260725_163341,axpy_intel_20260725_163341_session2,2,64000000,10,10,10,0,0,0,-1,46.0,0.021936593945652172,1.2501521739136101e-06,0.0005143310998731367,0.021936593945652172,1.2501521739136101e-06,0.0005143310998731367,2.216380532608696,0.009615673913043521,0.0060657136603686525,2.2641602717391303,0.00966190217391305,0.0059266621351215945,0.04819083695652174,0.000208706521739134,0.006443593227397508,101.0307961569076,0.4809754940102948,0.006182426321930991,5.834998830235416,0.0003325339870694499,0.0005136941720128804,35.0099929814125,0.001995203922419364,0.0005136941720129266,0.04862223064463255,0.00017362281918510691,0.005990361646272623,0.0010665879018216026,3.845137615527848e-06,0.005958103309752805,75.0,0.0,0.05114870083197632,75.0,0.0,0.05175926400908594,75.0,0.0,0.006466477798388861,2739.0,0.0,0.02179289232670759,2520.0,0.5,0.022453263613226155,0.9200438116100766,0.0003504395818176298,0.02097534435227572,-1.0,0.0,-0.0,-1.0,0.0,-0.0
intel,Intel i9-7900X,cpu,axpy_intel_20260725_163341,axpy_intel_20260725_163341_session2,2,64000000,16,10,10,0,0,0,-1,46.0,0.02206136093478261,2.9370434782623883e-06,0.0002631340287543072,0.02206136093478261,2.9370434782623883e-06,0.0002631340287543072,2.1345365760869566,0.0033303913043478683,0.0016047160514070496,2.184985510869565,0.0033150978260869657,0.0016783639703719286,0.05050863043478261,0.00015948913043478327,0.007233109793009042,96.74130252643158,0.14355618863982045,0.0014675706115748715,5.801999273441584,0.000772420458730938,0.00026318878988968494,34.8119956406495,0.0046345227523829635,0.0002631887898896799,0.047097219860316376,8.005617846982768e-05,0.0017705055003200299,0.0010390686413831304,1.7939783769564243e-06,0.001957653038130208,77.0,0.0,0.05916119707968558,77.0,0.0,0.059613723745029386,77.0,0.0,0.005461619447613781,2905.0,8.0,0.003926083833318808,3179.0,1.5,0.017993770586127833,1.0967915317203276,0.005451832612794472,0.0174233241712947,-1.0,0.0,-0.0,-1.0,0.0,-0.0
intel,Intel i9-7900X,cpu,axpy_intel_20260725_163341,axpy_intel_20260725_163341_session2,2,64000000,20,10,10,0,0,0,-1,43.0,0.023319416988372095,1.6887674418614856e-06,0.00015966762751929147,0.023319416988372095,1.6887674418614856e-06,0.00015966762751929147,2.3899013604651165,0.0018998953488369441,0.001159111917908115,2.4451551744186046,0.0024197209302325717,0.0012368637601295905,0.05522517441860465,0.0002613488372093034,0.008264256413471623,102.48326982438863,0.08384103575959756,0.0012239779733656134,5.488988003581749,0.0003975049577076284,0.00015962398071204062,32.933928021490495,0.0023850297462466585,0.0001596239807120809,0.055732301854495375,3.909322736911358e-05,0.0011134820303836956,0.0012996173896647604,7.151366825416776e-07,0.0010895270599117278,76.5,0.5,0.04752342503759221,76.0,0.0,0.04841849895798517,76.0,0.0,0.006330876691214259,4032.0,2.5,0.007300079124562283,3599.0,0.0,0.00011714742758273614,0.8927331590783872,0.0005532127854460112,0.007374506222683537,-1.0,0.0,-0.0,-1.0,0.0,-0.0
intel,Intel i9-7900X,cpu,axpy_intel_20260725_163341,axpy_intel_20260725_163341_session2,2,128000000,1,10,10,0,0,0,-1,14.0,0.07330368217857142,1.3484071428565558e-05,0.0004760449242232987,0.07330368217857142,1.3484071428565558e-05,0.0004760449242232987,3.154171107142857,0.02805649999999993,0.01788838973115509,3.219636,0.02806471428571422,0.017562711604359616,0.06523157142857143,0.00029564285714286237,0.007460854088215131,43.02970018758248,0.3565436916934992,0.017718543772914926,3.4923211635477536,0.0006423980587317857,0.000476382874480704,20.95392698128652,0.0038543883523889377,0.00047638287448074814,0.2312076417003811,0.0021972397565655916,0.01806878069732844,0.01694802611049905,0.00016457042970867593,0.018259378410785294,73.0,0.0,0.10768131530668897,73.0,0.0,0.10822741453912228,73.0,0.0,0.004325961231420492,1365.0,0.0,0.00037842428513434147,1339.0,0.0,0.00038554410892513235,0.9816715542521994,1.3427432782209259e-05,0.0004678774496239952,-1.0,0.0,-0.0,-1.0,0.0,-0.0
intel,Intel i9-7900X,cpu,axpy_intel_20260725_163341,axpy_intel_20260725_163341_session2,2,128000000,2,10,10,0,0,0,-1,21.0,0.04923568561904762,0.0001128736428571489,0.0039015185982759467,0.04923568561904762,0.0001128736428571489,0.0039015185982759467,2.710945071428571,0.013355023809523692,0.010722534315697668,2.782693666666667,0.012608928571429034,0.010574878485550304,0.07277007142857142,0.0004714047619047562,0.01186525211987718,55.07615515782563,0.37631084447107455,0.011023860053125485,5.199480964677036,0.011947084092499338,0.0039070863486754094,31.196885788062215,0.07168250455500313,0.003907086348675408,0.1333432618283533,0.0008162746687833122,0.011776250405649972,0.006557836822981625,6.940599193106661e-05,0.013875055631651362,76.0,1.0,0.07391211192064379,76.0,1.0,0.0749444277923175,75.5,0.5,0.010875463703415649,1519.0,21.5,0.0638888926062392,1601.0,122.0,0.06857190341054147,0.9817646741162804,0.02016592631303893,0.07619525054680505,-1.0,0.0,-0.0,-1.0,0.0,-0.0
intel,Intel i9-7900X,cpu,axpy_intel_20260725_163341,axpy_intel_20260725_163341_session2,2,128000000,4,10,10,0,0,0,-1,24.0,0.0430251408125,5.065733333333572e-05,0.00227577041317876,0.0430251408125,5.065733333333572e-05,0.00227577041317876,2.9382274375,0.007363604166666704,0.002872864792767725,3.013231875,0.0082603958333336,0.002883135063444114,0.0748230625,0.0003031458333333306,0.010977252745116918,68.21697749270109,0.1787723655361333,0.003919088858168706,5.950009632998699,0.0070052656904660004,0.002282909408156507,35.700057797992194,0.04203159414279867,0.0022829094081564852,0.12637615925316942,0.0002862827860746625,0.0033957858103278193,0.0054377160262304314,1.1568907029334014e-05,0.005009612201091206,74.5,0.5,0.07314629909388795,74.0,0.0,0.0741733970407358,74.0,0.0,0.006501290599456904,1894.0,7.0,0.03334652367052547,1702.5,3.0,0.03203660363254055,0.9301522586757867,0.034200825919459,0.040572105180411516,-1.0,0.0,-0.0,-1.0,0.0,-0.0
intel,Intel i9-7900X,cpu,axpy_intel_20260725_163341,axpy_intel_20260725_163341_session2,2,128000000,8,10,10,0,0,0,-1,24.0,0.04318307720833334,1.4942312500001997e-05,0.0020514440378880676,0.04318307720833334,1.4942312500001997e-05,0.0020514440378880676,4.0452243333333335,0.015659291666666686,0.005306340793904691,4.135026750000001,0.015544229166666756,0.005227708033432912,0.09004689583333333,0.0004290416666666713,0.00892936521638772,93.68018822391502,0.23542699456600502,0.003584054111462063,5.92824825425004,0.0020520548632290136,0.0020472534540795506,35.56948952550023,0.0123123291793803,0.0020472534540795,0.17465074915971615,0.0008842202088241158,0.007209245546164291,0.007540467893173145,4.707119519021261e-05,0.009183967591084625,78.0,0.0,0.08030486109071289,78.0,0.0,0.08089362137793125,78.0,0.0,0.00621680684092211,2460.0,0.5,0.03255053169053747,2323.5,3.0,0.030899139726486897,0.9447042058871178,0.04369521948574512,0.04712659233118202,-1.0,0.0,-0.0,-1.0,0.0,-0.0
intel,Intel i9-7900X,cpu,axpy_intel_20260725_163341,axpy_intel_20260725_163341_session2,2,128000000,10,10,10,0,0,0,-1,23.0,0.04390348176086957,3.835630434784881e-06,0.00014052754000081773,0.04390348176086957,3.835630434784881e-06,0.00014052754000081773,4.505425913043478,0.017787717391303914,0.005614468150658263,4.6026427826086955,0.017652043478260993,0.005478718629476121,0.09689921739130436,0.0004363695652174135,0.007294012558123067,102.61195174919823,0.3919169902383146,0.005536668960011116,5.830972618422668,0.0005094701546215497,0.0001405231464194651,34.98583571053601,0.003056820927724857,0.00014052314641953091,0.19782162280397067,0.0007831255799328474,0.0056946842502067566,0.008685836923121276,3.4270646872142964e-05,0.005777216914893198,77.0,0.0,0.06307492986890112,77.0,0.0,0.06353632269211028,77.0,0.0,0.005461619447613781,2756.0,5.5,0.017255706590883352,2519.0,0.0,0.02023533597970582,0.9141872823968291,0.0020016067764417333,0.01787460470139197,-1.0,0.0,-0.0,-1.0,0.0,-0.0
intel,Intel i9-7900X,cpu,axpy_intel_20260725_163341,axpy_intel_20260725_163341_session2,2,128000000,16,10,10,0,0,0,-1,23.0,0.04456740617391304,7.457369565217614e-06,0.00045439598018172215,0.04456740617391304,7.457369565217614e-06,0.00045439598018172215,4.268407086956522,0.00769969565217421,0.002373747193542537,4.372606413043478,0.0072962391304352,0.0022902074497836208,0.10468926086956522,0.0003286086956521758,0.008880251166688929,95.76509855499737,0.13280710621946668,0.0020053295012871317,5.744108127222244,0.0009609839416642174,0.00045411637973749537,34.46464876333346,0.005765903649979975,0.0004541163797375666,0.19024988773687246,0.0003803107625721669,0.002768308267851973,0.008479748867066702,2.013957466816263e-05,0.0031794147732930834,77.0,0.5,0.05494796531447842,76.0,0.0,0.055951261568298986,76.0,0.0,0.006330876691214259,2891.5,11.5,0.032171189355268144,3179.5,2.0,0.017910212355488453,1.100779163832137,0.0032138917234186826,0.022767204751565195,-1.0,0.0,-0.0,-1.0,0.0,-0.0
intel,Intel i9-7900X,cpu,axpy_intel_20260725_163341,axpy_intel_20260725_163341_session2,2,128000000,20,10,10,0,0,0,-1,22.0,0.04658809854545455,1.7563863636410604e-06,9.84521029239301e-05,0.04658809854545455,1.7563863636410604e-06,9.84521029239301e-05,4.8209313181818185,0.0030031818181814884,0.001531613173839833,4.932247863636364,0.0037616590909088643,0.0014611775644880125,0.11110893181818182,0.00025174999999999503,0.004411048095106547,103.4829265616076,0.0672508638228777,0.0015769044750575307,5.494965626335309,0.00020716765954986727,9.843864603382788e-05,32.96979375801185,0.0012430059572956509,9.843864603383413e-05,0.2245914330728254,0.00014814660454759432,0.0014914281852043956,0.01046298079799858,7.285521995126047e-06,0.0014567748599826774,78.0,0.5,0.0620628961245693,77.0,0.0,0.06307492986890112,77.0,0.0,0.0066718059366191506,4022.0,7.0,0.0030565489375965083,3599.0,0.0,0.00019425623681171888,0.8949535213743816,0.0016819218820463555,0.003159091601579816,-1.0,0.0,-0.0,-1.0,0.0,-0.0
intel,Intel i9-7900X,cpu,axpy_intel_20260725_163341,axpy_intel_20260725_163341_session2,2,256000000,1,10,10,0,0,0,-1,7.0,0.1460210722857143,3.3458428571428445e-05,0.0004647169513110255,0.1460210722857143,3.3458428571428445e-05,0.0004647169513110255,6.533705214285714,0.01822328571428633,0.008601169695853046,6.659112714285715,0.01738985714285768,0.008473736209797016,0.12353221428571429,0.0016469999999999957,0.012935908381017025,44.73736617320888,0.13934005950497053,0.00888574675409969,3.506343331597909,0.0008034014987929883,0.0004649776432157659,21.038059989587452,0.004820408992756597,0.0004649776432157926,0.9542203192263445,0.002440542484824171,0.008333653453896292,0.13935766756762896,0.00035206550825550575,0.008084845382956545,98.0,0.0,0.008943769517578274,98.0,0.0,0.008943769517578274,78.5,0.5,0.00891844258648088,1358.5,6.5,0.026382338521340927,1339.0,0.0,0.04186032329171869,0.9907522378254086,0.006231384959046904,0.024783526038900668,-1.0,0.0,-0.0,-1.0,0.0,-0.0
intel,Intel i9-7900X,cpu,axpy_intel_20260725_163341,axpy_intel_20260725_163341_session2,2,256000000,2,10,10,0,0,0,-1,11.0,0.09924855586363636,7.581222727273684e-05,0.0023451301374602415,0.09924855586363636,7.581222727273684e-05,0.0023451301374602415,5.410688954545455,0.026738863636363686,0.009611669765439507,5.549380636363637,0.02599404545454531,0.009295905322810138,0.13853245454545454,0.000986863636363633,0.007673656284943871,54.574901211544926,0.26821685592863886,0.010457452653660746,5.158765243589511,0.003937550147974367,0.00235175879333294,30.952591461537068,0.02362530088784709,0.0023517587933329265,0.5366583140477963,0.002146968487496237,0.00930381520370362,0.053238271980996815,0.0003400209519311831,0.009580967001516128,73.0,0.5,0.07358784878478088,72.5,0.5,0.07511789745221377,72.5,0.5,0.009630935244904973,1634.5,83.0,0.06489334471841014,1609.5,125.5,0.06599275623199188,0.9672488733217035,0.03368992194988363,0.08992411593049676,-1.0,0.0,-0.0,-1.0,0.0,-0.0
intel,Intel i9-7900X,cpu,axpy_intel_20260725_163341,axpy_intel_20260725_163341_session2,2,256000000,4,10,10,0,0,0,-1,12.0,0.08671220008333333,8.9024833333326e-05,0.0026956536138074104,0.08671220008333333,8.9024833333326e-05,0.0026956536138074104,5.9751662916666675,0.018600416666666675,0.00571616966741005,6.126754208333335,0.019257666666666395,0.005641323728290842,0.15158791666666666,0.0009581666666666627,0.007184174932773253,68.91411091098504,0.42143457693615716,0.007722403670955079,5.904593789115664,0.006064743487200097,0.0026890798845623618,35.42756273469398,0.03638846092320236,0.0026890798845622937,0.5189893838661943,0.0010947691232853218,0.004486361957283449,0.045046441167852,0.00014862547084822791,0.004701134540929221,76.0,0.0,0.06709600248325971,75.5,0.5,0.06820823561871299,75.0,0.0,0.006848776916370322,1900.0,65.5,0.04547833065561591,1840.0,8.5,0.04189593159855844,0.9673376354271506,0.007397896061816733,0.042667352410897155,-1.0,0.0,-0.0,-1.0,0.0,-0.0
intel,Intel i9-7900X,cpu,axpy_intel_20260725_163341,axpy_intel_20260725_163341_session2,2,256000000,8,10,10,0,0,0,-1,12.0,0.08668219454166667,4.34974999999338e-06,0.00012041115493147807,0.08668219454166667,4.34974999999338e-06,0.00012041115493147807,8.196583416666666,0.018424958333332242,0.0036047497630842837,8.375805,0.0187455416666662,0.003530464018245785,0.17880279166666668,0.0012360833333333182,0.006873552948614406,94.56082674403655,0.2066225636776764,0.003648161831991206,5.906634030636641,0.00029638389528541254,0.0001204107427909621,35.439804183819845,0.0017783033717151397,0.00012041074279094729,0.710484271298295,0.0016525468913120567,0.003564848418716772,0.061585160173277906,0.00014804982635441277,0.0035285769396496765,79.0,0.0,0.07044677955820648,79.0,0.0,0.07107623494275087,79.0,0.0,0.004007956476766007,2468.0,113.5,0.055309818407958705,2324.0,62.5,0.05108385886756035,0.9378783292978208,0.026024665058529906,0.08179493809975324,-1.0,0.0,-0.0,-1.0,0.0,-0.0
intel,Intel i9-7900X,cpu,axpy_intel_20260725_163341,axpy_intel_20260725_163341_session2,2,256000000,10,10,10,0,0,0,-1,12.0,0.08800684425,5.161583333329611e-06,0.00043699833237395645,0.08800684425,5.161583333329611e-06,0.00043699833237395645,8.883189,0.033442083333333095,0.007239172841244894,9.069106333333334,0.03358087499999929,0.00709305985071775,0.18663895833333335,0.0002428750000000035,0.003665978273490251,100.93806387295987,0.44250345116540757,0.007303244778239951,5.817729340995985,0.0003412286862167768,0.000436567441823276,34.906376045975904,0.002047372117306878,0.00043656744182327996,0.7817769014632369,0.0028801460998740813,0.007200918257471586,0.06883034514204969,0.00023801741700059387,0.00718897150239798,73.0,0.0,0.07105290607113035,73.0,0.0,0.07152371710423844,73.0,0.0,0.005760068597756611,2739.0,0.5,0.034134346574035,2519.5,0.5,0.022452333492786622,0.9198612632347571,0.02191246738779945,0.04617107283815492,-1.0,0.0,-0.0,-1.0,0.0,-0.0
intel,Intel i9-7900X,cpu,axpy_intel_20260725_163341,axpy_intel_20260725_163341_session2,2,256000000,16,10,10,0,0,0,-1,12.0,0.08923829875,1.2992583333329422e-05,0.0003205991642817769,0.08923829875,1.2992583333329422e-05,0.0003205991642817769,8.655798041666667,0.018394416666666302,0.0025338329916477402,8.859045791666667,0.018073625000000426,0.0024274257127845527,0.20395920833333334,0.0011595833333333389,0.007344556439436633,97.00417400940395,0.19183576404285674,0.0023811967538979197,5.737446895021298,0.000835346213464927,0.00032051906272016127,34.424681370127786,0.0050120772807922265,0.0003205190627201422,0.7723672107667581,0.0017428805757773724,0.002716079627398284,0.06891925318208172,0.00016457695361093289,0.0029224287641683266,78.0,0.0,0.07519809204405407,78.0,0.0,0.07519809204405407,78.0,0.0,0.0,2892.5,17.0,0.05685545948793836,2699.5,0.5,0.0928682432878569,0.9357020789059625,0.006597061165855012,0.10726115632970049,-1.0,0.0,-0.0,-1.0,0.0,-0.0
intel,Intel i9-7900X,cpu,axpy_intel_20260725_163341,axpy_intel_20260725_163341_session2,2,256000000,20,10,10,0,0,0,-1,11.0,0.09283626890909091,2.368363636359727e-06,6.729852489842546e-05,0.09283626890909091,2.368363636359727e-06,6.729852489842546e-05,9.684917318181817,0.008420090909090128,0.0016299737076798445,9.90444309090909,0.010235909090909878,0.001614472078231552,0.21845754545454546,0.0009069090909090832,0.00703812130049704,104.32303084523745,0.0867551459220195,0.0016185569872665233,5.515085925169624,0.00014069766850210996,6.730674614856556e-05,33.090515551017745,0.0008441860110117716,6.730674614857333e-05,0.8991075389691492,0.0008399436647014147,0.0016440645998397048,0.08346941337740273,8.338383140642919e-05,0.001660760599154883,78.0,0.0,0.06999430456580046,78.0,0.0,0.07046472718869902,78.0,0.0,0.005391777766698004,3989.5,12.5,0.007304564548376459,3599.0,0.0,0.00014346773892713293,0.9023698659658246,0.0030691368897835525,0.007390151465474613,-1.0,0.0,-0.0,-1.0,0.0,-0.0
intel,Intel i9-7900X,cpu,axpy_intel_20260725_163341,axpy_intel_20260725_163341_session3,3,1000000,1,10,10,0,0,0,-1,3259.0,0.00030731553482663394,1.452420988032777e-07,0.0009595888796777462,0.00030731553482663394,1.452420988032777e-07,0.0009595888796777462,0.013866977907333537,4.387051242712558e-05,0.010225876616071475,0.013867001380791654,4.387772322798477e-05,0.010225629047611366,3.528689782141761e-08,2.1172138692850568e-08,0.7079141908281142,45.11623247576996,0.12806977617588444,0.010367020144683943,6.507969668447709,0.0030748914054625764,0.0009588248428888181,39.04781801068626,0.018449348432778123,0.0009588248428888524,4.259271046747808e-06,1.906091190007302e-08,0.010173616178721999,1.3082440095367256e-09,7.646442375894983e-12,0.010211820339020732,81.0,0.0,0.04616463737472086,81.0,0.0,0.04680562821584929,81.0,0.0,0.003908872262260049,1642.5,28.0,0.044780322184125525,1339.0,0.0,0.00023614947802019114,0.8152213800557787,0.013652823854228335,0.04540128973449389,-1.0,0.0,-0.0,-1.0,0.0,-0.0
intel,Intel i9-7900X,cpu,axpy_intel_20260725_163341,axpy_intel_20260725_163341_session3,3,1000000,2,10,10,0,0,0,-1,6048.0,0.00016551665848214286,4.246742724867841e-08,0.004362966505264786,0.00016551665848214286,4.246742724867841e-08,0.004362966505264786,0.009761578373015873,5.256812169312109e-05,0.01373026819433329,0.009761585978835979,5.256051587301542e-05,0.013729628425895724,2.4801587301587303e-09,2.4801587301587303e-09,1.3934132352431436,58.80525398027591,0.4193100702248209,0.013075953099154849,12.083375915187268,0.003101066818173237,0.0043361490000269004,72.50025549112361,0.018606400909042975,0.004336149000026909,1.6157913160982564e-06,2.20914008679679e-08,0.015635341987613904,2.674158838887844e-10,4.734630002535738e-12,0.01842599832727622,81.0,0.0,0.013569727923731343,80.5,0.5,0.01657364944051126,80.0,0.5,0.008405336957790197,1773.0,138.0,0.0764762726063146,1479.0,0.5,0.06301564831674636,0.8402613155765642,0.0643258403867385,0.09845654016564734,-1.0,0.0,-0.0,-1.0,0.0,-0.0
intel,Intel i9-7900X,cpu,axpy_intel_20260725_163341,axpy_intel_20260725_163341_session3,3,1000000,4,10,10,0,0,0,-1,12035.0,8.314250980473618e-05,2.7521811383461744e-08,0.0005855464516558409,8.314250980473618e-05,2.7521811383461744e-08,0.0005855464516558409,0.0071015959285417535,1.2009223099293705e-05,0.00559867762894346,0.0071015991275446624,1.2011134191939818e-05,0.005598751231313237,0.0,0.0,1.7700936483423912,85.42980780234359,0.1340119278709011,0.005399156365655199,24.05508344483819,0.00796016779863784,0.0005851773088377753,144.33050066902913,0.047761006791816385,0.0005851773088378358,5.90303563996991e-07,1.4436093609258283e-09,0.0058504707187374706,4.906025111146129e-11,1.4731678797810553e-13,0.006148222146320662,84.0,0.0,0.010436174443038296,83.5,0.5,0.011334328531069459,83.0,0.0,0.0061918198980134564,2029.0,10.5,0.032026413074910165,1723.0,4.0,0.0592045964874312,0.8512934417269551,0.03228942422528158,0.07553616719044992,-1.0,0.0,-0.0,-1.0,0.0,-0.0
intel,Intel i9-7900X,cpu,axpy_intel_20260725_163341,axpy_intel_20260725_163341_session3,3,1000000,8,10,10,0,0,0,-1,43482.0,2.3045256703923465e-05,1.7560920610827643e-07,0.013794761996832253,2.3045256703923465e-05,1.7560920610827643e-07,0.013794761996832253,0.003147132457108689,2.6070638425095775e-05,0.019684181097353946,0.003147132457108689,2.6070638425095775e-05,0.01968458998603005,0.0,0.0,3.162277660168379,136.83697695891726,0.5939522358499403,0.006637702455788232,86.78575498544478,0.6664089659444912,0.013692421142200106,520.7145299126687,3.998453795666933,0.013692421142200109,7.25665191772268e-08,1.188968940053551e-09,0.0334890804705359,1.6735698428462993e-12,4.119106031704003e-14,0.04747949376660592,88.0,0.5,0.010981077014774576,88.0,1.0,0.01128750199786326,88.0,1.0,0.010743865210085093,2433.0,90.5,0.056014377315425926,2312.0,13.0,0.03127278669044823,0.9451431629649452,0.05444412552040356,0.06879488885208311,-1.0,0.0,-0.0,-1.0,0.0,-0.0
intel,Intel i9-7900X,cpu,axpy_intel_20260725_163341,axpy_intel_20260725_163341_session3,3,1000000,10,10,10,0,0,0,-1,73477.0,1.4020579249288893e-05,1.3820182506090417e-07,0.01033432884635257,1.4020579249288893e-05,1.3820182506090417e-07,0.01033432884635257,0.002249978346965717,1.8670100847884442e-05,0.009226764924218128,0.002249980014154089,1.8668957633001223e-05,0.00922683243328898,0.0,0.0,1.5338863675101189,161.15824596054313,0.3469363835827295,0.003439484211995458,142.64778480460737,1.4037702293143894,0.010344940253313516,855.8867088276443,8.422621375886308,0.010344940253313522,3.155385208958387e-08,4.852453115108282e-10,0.019299738541635515,4.425147697106014e-13,1.1506245317519399e-14,0.029549339555369866,92.0,0.0,0.004592995875335337,92.0,0.0,0.007727942963787406,92.0,0.0,0.005267676025514154,2677.5,104.5,0.03466451209546842,2519.0,1.0,0.023452995253275124,0.9325559147239638,0.02005343769362461,0.03540872427802898,-1.0,0.0,-0.0,-1.0,0.0,-0.0
intel,Intel i9-7900X,cpu,axpy_intel_20260725_163341,axpy_intel_20260725_163341_session3,3,1000000,16,10,10,0,0,0,-1,44628.0,2.2397862720713454e-05,3.1698821367763823e-09,0.0013008960060086727,2.2397862720713454e-05,3.1698821367763823e-09,0.0013008960060086727,0.003075921652325894,6.26037465268443e-06,0.0027798192726189107,0.003075921652325894,6.26037465268443e-06,0.0027798192726189107,0.0,0.0,nan,137.18131627812144,0.32065021661837534,0.00281022345820323,89.29423434896773,0.012638184676390551,0.001297033689007267,535.7654060938064,0.07582910805837173,0.0012970336890073026,6.890203255623971e-08,1.506065822411696e-10,0.003309090950376615,1.5434366466420171e-12,3.605907400048412e-15,0.004194726381023443,86.0,0.0,0.009494146289857279,86.0,0.0,0.0096064481020836,86.0,0.0,0.01019319017195475,3439.0,106.0,0.04123275526204393,3120.0,1.0,0.018305751020692793,0.9069496946786857,0.02679090677417878,0.05109314217669651,-1.0,0.0,-0.0,-1.0,0.0,-0.0
intel,Intel i9-7900X,cpu,axpy_intel_20260725_163341,axpy_intel_20260725_163341_session3,3,1000000,20,10,10,0,0,0,-1,57705.0,1.773988345897236e-05,1.2417555324495278e-06,0.08892377422353845,1.773988345897236e-05,1.2417555324495278e-06,0.08892377422353845,0.002668724036045403,0.0001481028333766574,0.07087732862031094,0.002668724036045403,0.0001481028333766574,0.07087695162019753,0.0,0.0,2.0853811732634604,150.38264136785494,1.97932644598977,0.019301479022009523,112.78964054404535,7.4796525769916755,0.09381964175599614,676.7378432642722,44.87791546195018,0.09381964175599607,4.7360205934521026e-08,5.956896936043214e-09,0.15588413294482845,8.408396757161728e-13,1.6270245885779831e-13,0.23582329419134582,91.0,0.5,0.018812190757910685,91.0,0.0,0.015532710760264802,91.0,0.5,0.01564377140009279,3986.5,6.0,0.031242343396327355,3599.5,0.5,0.00014642207992630364,0.9029223614479119,0.001233874784745348,0.03385663235380207,-1.0,0.0,-0.0,-1.0,0.0,-0.0
intel,Intel i9-7900X,cpu,axpy_intel_20260725_163341,axpy_intel_20260725_163341_session3,3,2000000,1,10,10,0,0,0,-1,1417.0,0.0007092356644318984,4.092702893436842e-07,0.0010283621505298316,0.0007092356644318984,4.092702893436842e-07,0.0010283621505298316,0.031196530345800985,9.63553281580782e-05,0.0199349906168329,0.03128459456598447,0.00010467995765702301,0.019865426931908525,8.564008468595625e-05,5.285109386026822e-06,0.08486307516433092,44.00199031282253,0.1390813626810008,0.020012680230753324,5.639874306991609,0.0032546569172353657,0.001029186932387671,33.83924584194966,0.019527941503412194,0.0010291869323876396,2.2123585842677024e-05,7.258647655582177e-08,0.0199127026681261,1.5696776782191754e-08,6.422912615664047e-11,0.019945870893592302,80.0,0.0,0.05438806786530382,80.0,0.0,0.055023100153737764,80.0,0.0,0.005283671946814335,1646.5,16.5,0.03424727097814493,1494.5,0.5,0.05580024324661836,0.9022411663068213,0.01921052631578951,0.06659805845175083,-1.0,0.0,-0.0,-1.0,0.0,-0.0
intel,Intel i9-7900X,cpu,axpy_intel_20260725_163341,axpy_intel_20260725_163341_session3,3,2000000,2,10,10,0,0,0,-1,2557.0,0.00039383400508408286,1.0313879546342626e-06,0.004304445536760789,0.00039383400508408286,1.0313879546342626e-06,0.004304445536760789,0.023311037739538524,0.00016671842002346192,0.010354403990036615,0.023544792139225657,0.00016651486116542498,0.010203652233371998,0.0002342479468126711,1.418263590144685e-06,0.010696207121531638,59.24271008531453,0.46357912833404313,0.00890430026763547,10.156563380276001,0.02667074281497417,0.0042977292307319285,60.93938028165601,0.16002445688983968,0.004297729230731955,9.188530587526366e-06,5.3030454623004483e-08,0.013110344632075768,3.6118456318002025e-09,3.832788657250426e-11,0.016536738804649592,80.0,1.0,0.02277437397151549,79.5,0.5,0.02336403877399035,79.5,0.5,0.010329643693206582,1780.0,117.5,0.0734687497626997,1604.5,9.5,0.04488709200331028,0.8896788011422776,0.05725734175423375,0.09735789319382306,-1.0,0.0,-0.0,-1.0,0.0,-0.0
intel,Intel i9-7900X,cpu,axpy_intel_20260725_163341,axpy_intel_20260725_163341_session3,3,2000000,4,10,10,0,0,0,-1,5151.0,0.0001932552546107552,1.6494282663560508e-07,0.002456530122975367,0.0001932552546107552,1.6494282663560508e-07,0.002456530122975367,0.01572314201125995,1.6956125024267243e-05,0.004288238498086825,0.01594259949524364,1.975713453698097e-05,0.004205307513299387,0.00021859755387303436,2.0272762570374683e-06,0.011622713287185196,81.33750790419818,0.02538964183694503,0.0022110060742259823,20.69801672314378,0.017662124239912202,0.0024492494289342233,124.1881003388627,0.10597274543947321,0.002449249428934226,3.0376021943078504e-06,5.566737149458049e-09,0.006642211942526055,5.869847164822356e-10,1.665195836719405e-12,0.00906569423386598,83.0,2.5,0.04172749824669134,83.0,2.5,0.04172749824669134,78.0,0.0,0.04232929254712396,2033.5,103.5,0.08009637381357178,1849.5,127.5,0.06467445220066421,0.9102559021470377,0.0790854768683043,0.11330762660648878,-1.0,0.0,-0.0,-1.0,0.0,-0.0
intel,Intel i9-7900X,cpu,axpy_intel_20260725_163341,axpy_intel_20260725_163341_session3,3,2000000,8,10,10,0,0,0,-1,8659.0,0.00011589261196443007,5.3186280170909193e-08,0.0020045258349212763,0.00011589261196443007,5.3186280170909193e-08,0.0020045258349212763,0.01417812599607345,3.1539611964431086e-05,0.002461158531292635,0.014187459059937638,3.093440351079838e-05,0.0024634173890771597,9.064499364822728e-06,6.970781845478695e-07,0.0970364892829237,122.2071957529401,0.203888710576976,0.0037149013625745104,34.5147109864926,0.01583068747529026,0.0020046661839891833,207.0882659189556,0.09498412485172025,0.0020046661839892388,1.6415875493987074e-06,2.0689650806762046e-09,0.0025285611761554816,1.9003825147157603e-10,2.1425120662628873e-13,0.0038481043981846504,82.0,0.0,0.013404445001396004,82.0,0.0,0.014081713882673798,82.0,0.0,0.005912434412969987,2592.5,63.5,0.1029180976191319,2300.0,31.5,0.09216996131029881,0.8725445538917042,0.030680485356313958,0.1209763788797958,-1.0,0.0,-0.0,-1.0,0.0,-0.0
intel,Intel i9-7900X,cpu,axpy_intel_20260725_163341,axpy_intel_20260725_163341_session3,3,2000000,10,10,10,0,0,0,-1,9901.0,0.00010108414468235533,2.0035299464695887e-08,0.0004963614656663414,0.00010108414468235533,2.0035299464695887e-08,0.0004963614656663414,0.013637546712453288,2.0077870922129842e-05,0.0018457682407956328,0.013639516967983033,2.0393899606100177e-05,0.0018454448964825743,1.998081001918998e-06,1.9932330067669925e-07,0.12833185798782043,134.854205724083,0.1580515234149118,0.0019348578511062789,39.5709932555881,0.007843309260479714,0.0004959581972110816,237.4259595335286,0.047059855562892494,0.0004959581972111231,1.3793013324526644e-06,1.7359164936626298e-09,0.0018874947215750152,1.3946359788332103e-10,2.6049509457063117e-13,0.0020523656109955484,85.0,0.5,0.014101519431541398,84.0,0.0,0.014777633495095307,84.0,0.0,0.0061184571030132974,2792.5,46.5,0.024306330181662412,2399.0,0.0,0.025323961397351318,0.8839872082732695,0.017609300491939983,0.03469724238913248,-1.0,0.0,-0.0,-1.0,0.0,-0.0
intel,Intel i9-7900X,cpu,axpy_intel_20260725_163341,axpy_intel_20260725_163341_session3,3,2000000,16,10,10,0,0,0,-1,9602.0,0.00010417436471568423,1.200411372631301e-08,0.00015197588173721088,0.00010417436471568423,1.200411372631301e-08,0.00015197588173721088,0.013558748541970422,1.084097063111869e-05,0.0008447608193096355,0.013563319256404915,1.076286190376894e-05,0.0008354861003428538,4.442407831701729e-06,2.6614247031868343e-07,0.07090228236227367,130.13480456060643,0.11585650728549979,0.0008909990133962527,38.39716240093115,0.004424594777475477,0.00015198722585496387,230.38297440558688,0.02654756866485286,0.00015198722585494585,1.4126863520798562e-06,1.1444232826056336e-09,0.0008243591636088534,1.4716069126903468e-10,1.1876227515053303e-13,0.0008316913194540442,82.0,0.0,0.011696026429531428,82.0,0.0,0.011779700797667273,82.0,0.0,0.0058693303953784685,3580.0,0.0,0.0001349403278318429,3120.0,0.0,0.00016553333103421026,0.8715083798882681,1.7950771180719194e-05,0.0001723140075243192,-1.0,0.0,-0.0,-1.0,0.0,-0.0
intel,Intel i9-7900X,cpu,axpy_intel_20260725_163341,axpy_intel_20260725_163341_session3,3,2000000,20,10,10,0,0,0,-1,9465.0,0.00010585843645007925,5.994009508716511e-08,0.001025437154265357,0.00010585843645007925,5.994009508716511e-08,0.001025437154265357,0.014284866085578447,2.4472002113047793e-05,0.001778471246179192,0.014299534865293183,2.4219862651874216e-05,0.001766391082889228,1.5359006867406234e-05,5.649762282091903e-07,0.06289434967864883,134.88040894201896,0.15969523841332034,0.0017812494124901062,37.78631399178514,0.021406761220848836,0.0010249375489297962,226.71788395071087,0.1284405673250859,0.001024937548929847,1.512282548608133e-06,2.3842513559019766e-09,0.002293560471505883,1.6010805896612347e-10,3.619210538008383e-13,0.0030770613060633243,85.0,0.0,0.01031325130472218,84.0,0.0,0.011419524622686713,84.0,0.0,0.0061184571030132974,3999.5,0.5,0.007532222309866646,3600.0,0.0,0.0001434597676114908,0.9,0.00012503125781443414,0.007614384515628977,-1.0,0.0,-0.0,-1.0,0.0,-0.0
intel,Intel i9-7900X,cpu,axpy_intel_20260725_163341,axpy_intel_20260725_163341_session3,3,4000000,1,10,10,0,0,0,-1,574.0,0.0018037587543554006,5.2591733449478505e-06,0.007564497969940594,0.0018037587543554006,5.2591733449478505e-06,0.007564497969940594,0.08010950087108014,0.0003024102787456476,0.014933775024805149,0.08146821602787457,0.0003066872822299546,0.0148597227881848,0.0013565949477351916,7.063588850174211e-06,0.016180449433373375,44.35020967135178,0.10017776436454895,0.011909281337521428,4.435182939588238,0.012893853078633999,0.007659183561648145,26.611097637529433,0.07736311847181199,0.007659183561648163,0.00014454217129773064,1.0145828553668226e-06,0.020386597574024244,2.6070907033111e-07,2.5725896808644827e-09,0.026748402177898808,79.0,0.0,0.06959479228513483,79.0,0.0,0.06959479228513483,79.0,0.0,0.005323699764593231,1520.0,15.0,0.411376652293591,1339.0,0.0,0.00038554410892513235,0.8815399674300959,0.008534759106102852,0.20701082582055183,-1.0,0.0,-0.0,-1.0,0.0,-0.0
intel,Intel i9-7900X,cpu,axpy_intel_20260725_163341,axpy_intel_20260725_163341_session3,3,4000000,2,10,10,0,0,0,-1,975.0,0.0010329270066666667,2.6348097435896197e-06,0.003818380577140918,0.0010329270066666667,2.6348097435896197e-06,0.003818380577140918,0.06065364051282052,0.00015643743589743506,0.006993731595164112,0.06205198974358974,0.00016540564102563923,0.00689174035500421,0.0013917979487179486,1.1361538461538258e-05,0.01129710900883069,58.62436692965052,0.31792490518062166,0.008514167681835594,7.744981531679489,0.019758421848203866,0.0038124232020543144,46.469889190076934,0.1185505310892161,0.003812423202054283,6.248588621024986e-05,3.14258384227748e-07,0.007381691197211528,6.448941546518985e-08,4.4952567559598494e-10,0.009453016199464306,77.0,0.0,0.04054202128420999,77.0,0.0,0.04054202128420999,77.0,0.0,0.0,1910.0,72.0,0.06508066867346382,1605.0,0.5,0.025342377166380797,0.8674473850814444,0.033030900313945566,0.06196701758983719,-1.0,0.0,-0.0,-1.0,0.0,-0.0
intel,Intel i9-7900X,cpu,axpy_intel_20260725_163341,axpy_intel_20260725_163341_session3,3,4000000,4,10,10,0,0,0,-1,1222.0,0.0008423746546644844,2.5632888707037473e-06,0.003592331041047127,0.0008423746546644844,2.5632888707037473e-06,0.003592331041047127,0.05960707078559738,0.00018452823240589292,0.009025290280135698,0.061154499181669396,0.00018020294599017939,0.008812565475164078,0.001544417757774141,5.702945990180078e-06,0.005367333833684035,70.49807905346162,0.23856769833595592,0.008486483689746747,9.496992771624335,0.028902304108716415,0.0035932977847917004,56.98195662974601,0.17341382465230382,0.003593297784791712,5.023629122486651e-05,2.005095531849533e-07,0.010790384723201407,4.239188906370473e-08,2.036875464505566e-10,0.013301510546267693,75.0,0.0,0.029241669248584748,75.0,0.0,0.029241669248584748,75.0,0.0,0.0,2048.0,118.5,0.05614043072610999,1839.0,65.0,0.05049209911276067,0.8472652751182922,0.053015837358193874,0.09452286270476838,-1.0,0.0,-0.0,-1.0,0.0,-0.0
intel,Intel i9-7900X,cpu,axpy_intel_20260725_163341,axpy_intel_20260725_163341_session3,3,4000000,8,10,10,0,0,0,-1,1422.0,0.0007666832798874823,1.7927320675095032e-07,0.00039799089519681997,0.0007666832798874823,1.7927320675095032e-07,0.00039799089519681997,0.072013702883263,0.00012943143459914763,0.0023112607383547947,0.07363448593530239,0.00013201898734176848,0.0022043089800569235,0.0016199602672292545,1.180344585091414e-05,0.010548924778588757,93.9578961856082,0.16604446071614376,0.0020686603370707155,10.434556502015106,0.0024405126339290817,0.00039791285937177816,62.60733901209063,0.01464307580357982,0.00039791285937180424,5.520106648453511e-05,9.282345497192959e-08,0.0025926846136344393,4.232159164052504e-08,7.702703578644054e-11,0.0029016897693929376,77.0,0.0,0.02445060046521943,77.0,0.0,0.02445060046521943,77.0,0.0,0.0,2653.5,69.5,0.050474719113048995,2262.0,62.0,0.08184094952115206,0.8512285093208616,0.04395978685390123,0.1048289996685461,-1.0,0.0,-0.0,-1.0,0.0,-0.0
intel,Intel i9-7900X,cpu,axpy_intel_20260725_163341,axpy_intel_20260725_163341_session3,3,4000000,10,10,10,0,0,0,-1,1392.0,0.0007193876882183908,1.2166810344833206e-07,0.00031998572648019453,0.0007193876882183908,1.2166810344833206e-07,0.00031998572648019453,0.07436211530172414,8.973275862068919e-05,0.0016436510776566598,0.07596558728448276,8.473132183908771e-05,0.0016353287331459553,0.001596525143678161,4.121767241378987e-06,0.004121395759471258,103.36863225492066,0.11532098803503743,0.0015297781896027104,11.120568561814848,0.001880958652464848,0.00032003783083780644,66.72341137088908,0.01128575191479797,0.0003200378308378571,5.350261221670741e-05,6.309235152136421e-08,0.0018076121556609098,3.849446056986992e-08,5.226338591254572e-11,0.002009412857193805,78.0,0.0,0.024941274149619386,78.0,0.5,0.026823755707676512,77.5,0.5,0.006800597118641677,2888.5,14.0,0.022020825589232882,2519.0,119.0,0.03806526172326505,0.8529484644958281,0.025099863755222274,0.04737391195191439,-1.0,0.0,-0.0,-1.0,0.0,-0.0
intel,Intel i9-7900X,cpu,axpy_intel_20260725_163341,axpy_intel_20260725_163341_session3,3,4000000,16,10,10,0,0,0,-1,1572.0,0.0006869737827608143,1.9882729007636955e-07,0.0005122379243570016,0.0006869737827608143,1.9882729007636955e-07,0.0005122379243570016,0.07226720642493639,0.0001559650127226503,0.002843149907861497,0.07385906647582696,0.00015601494910941205,0.0028164292360784086,0.0015935896946564889,6.326017811704443e-06,0.006288158536255454,105.17454379100207,0.20706380315764505,0.002745382932373005,11.645277021613959,0.0033703082880753854,0.0005119664507862749,69.87166212968376,0.020221849728450536,0.0005119664507862798,4.967180038111537e-05,9.331776977816324e-08,0.003025997934237824,3.414118160716487e-08,6.135968752595774e-11,0.0032798555808517716,78.0,0.0,0.016134069694736627,78.0,0.0,0.016134069694736627,78.0,0.0,0.0,3439.0,0.0,0.0001501418211008671,3120.0,0.0,0.00015483728933540018,0.9069767441860465,0.00014539110206451822,0.0002058480782956846,-1.0,0.0,-0.0,-1.0,0.0,-0.0
intel,Intel i9-7900X,cpu,axpy_intel_20260725_163341,axpy_intel_20260725_163341_session3,3,4000000,20,10,10,0,0,0,-1,1460.0,0.0007725745034246576,3.170000000000039e-07,0.000764353901419631,0.0007725745034246576,3.170000000000039e-07,0.000764353901419631,0.08160966849315068,5.570513698630042e-05,0.001579481202848009,0.08346479863013699,6.651095890410075e-05,0.0015296594298911273,0.0018585623287671234,6.539041095890538e-06,0.004663929548420286,105.64993854878998,0.08923239325874732,0.0016324270828117042,10.354988563275853,0.0042493305064965625,0.0007646790238776903,62.12993137965511,0.025495983038979375,0.0007646790238776186,6.30474946746542e-05,6.619338462838836e-08,0.0018688556386615121,4.871524917626123e-08,5.662994770400679e-11,0.0023784249963557384,79.0,0.0,0.019888538743197355,79.0,0.0,0.020737345147319005,79.0,0.0,0.004007956476766007,3999.0,0.0,0.0021892653604962415,3599.5,0.5,0.00014642207992630364,0.8999749937484371,0.00022499374843709674,0.002134491494289913,-1.0,0.0,-0.0,-1.0,0.0,-0.0
intel,Intel i9-7900X,cpu,axpy_intel_20260725_163341,axpy_intel_20260725_163341_session3,3,8000000,1,10,10,0,0,0,-1,252.0,0.00404127479563492,1.009430555555784e-06,0.0034368616307364173,0.00404127479563492,1.009430555555784e-06,0.0034368616307364173,0.17929588492063492,0.00038219841269841737,0.005211684841338949,0.18286230357142857,0.0003964365079365123,0.005314347164691566,0.003521490079365079,3.0507936507936885e-05,0.01814086609320627,44.41716765486281,0.08565842014478875,0.0026998231891202096,3.9591468057377703,0.000988959916315979,0.0034586483960799166,23.75488083442662,0.005933759497896318,0.0034586483960799465,0.000724626085706982,2.934200508316882e-06,0.008378358045862167,2.9285835501641106e-06,1.3216779977736825e-08,0.011659995539117531,78.0,0.0,0.07383680130075629,78.0,0.0,0.07383680130075629,78.0,0.0,0.008087666650047006,1358.5,8.5,0.4470937464597248,1495.0,156.0,0.4896779793921386,1.1009129040217123,0.15499453667477353,0.5306791066410367,-1.0,0.0,-0.0,-1.0,0.0,-0.0
intel,Intel i9-7900X,cpu,axpy_intel_20260725_163341,axpy_intel_20260725_163341_session3,3,8000000,2,10,10,0,0,0,-1,393.0,0.0025519456908396944,1.5468778625953895e-06,0.0013290986304967016,0.0025519456908396944,1.5468778625953895e-06,0.0013290986304967016,0.14272149618320612,0.001180475826972019,0.014771128511585976,0.14657902417302798,0.0012047888040712246,0.014352146102525302,0.0038290687022900765,1.5650127226462954e-05,0.009835211549724039,55.918960321521794,0.4330291172108893,0.014797530994047785,6.269725983279032,0.0038009821702238433,0.001329524346127169,37.618355899674185,0.022805893021345724,0.0013295243461272112,0.0003644226171869233,3.3606036781593765e-06,0.01486279240165972,9.314273754790217e-07,1.0381394087074714e-08,0.015070251960796683,80.0,0.5,0.060532368476614445,79.0,0.0,0.06151559909340294,79.0,0.0,0.006091373159390265,1792.0,82.0,0.06496601267868661,1619.5,140.0,0.4297652065191864,0.8917061077304484,0.04786815607300188,0.48167662013652784,-1.0,0.0,-0.0,-1.0,0.0,-0.0
intel,Intel i9-7900X,cpu,axpy_intel_20260725_163341,axpy_intel_20260725_163341_session3,3,8000000,4,10,10,0,0,0,-1,460.0,0.0021811223891304347,5.532106521739062e-06,0.0027337256202274204,0.0021811223891304347,5.532106521739062e-06,0.0027337256202274204,0.1501807956521739,0.0011765836956521836,0.008468679684541784,0.15424505217391304,0.0011569641304347983,0.008435237931048067,0.004027109782608696,3.918152173913031e-05,0.013644117993370898,68.91491808650304,0.2604552250186032,0.006196250648097743,7.3356856353782405,0.018609866811464926,0.0027340823561874364,44.01411381226944,0.11165920086879311,0.0027340823561874256,0.00032759348653443605,3.5639356799926263e-06,0.01095494473495431,7.145900879033645e-07,9.718148100278234e-09,0.013537449257291381,76.0,0.0,0.05494796531447842,76.0,0.0,0.05579715714172993,76.0,0.0,0.038406868483764796,2168.0,119.0,0.07614551056473383,1719.5,3.5,0.035307636131806854,0.8153079886062018,0.05293186713306858,0.09229253260023898,-1.0,0.0,-0.0,-1.0,0.0,-0.0
intel,Intel i9-7900X,cpu,axpy_intel_20260725_163341,axpy_intel_20260725_163341_session3,3,8000000,8,10,10,0,0,0,-1,462.0,0.0021726952445887448,3.9442186147188585e-06,0.003217667483137901,0.0021726952445887448,3.9442186147188585e-06,0.003217667483137901,0.201768762987013,0.00047473917748917793,0.004101571201098183,0.20627514285714285,0.0004749036796536793,0.004051163168334777,0.004489176406926407,2.0713203463203645e-05,0.00597340737042754,92.80557020571632,0.11263935421583682,0.0017613409203212802,7.364126872021635,0.013376123628141112,0.0032236887182420246,44.18476123212981,0.08025674176884223,0.00322368871824201,0.0004383366476007702,1.7604863021860033e-06,0.007149738443695003,9.524705344295626e-07,5.207740537841926e-09,0.010289513219553811,78.0,0.0,0.03283531968371759,78.0,0.0,0.034102714233989403,78.0,0.0,0.006654610560493845,2584.5,125.5,0.060106635877236525,2246.5,56.0,0.030240812616520472,0.8954195026677354,0.04360578512616531,0.07613399732707778,-1.0,0.0,-0.0,-1.0,0.0,-0.0
intel,Intel i9-7900X,cpu,axpy_intel_20260725_163341,axpy_intel_20260725_163341_session3,3,8000000,10,10,10,0,0,0,-1,450.0,0.0022279588688888887,4.079900000003925e-07,0.0002552803886829884,0.0022279588688888887,4.079900000003925e-07,0.0002552803886829884,0.23009930444444446,0.00028781333333333103,0.0024024043996912856,0.23528134666666667,0.0002585733333333451,0.0022430041754734633,0.005185884444444445,3.3983333333333175e-05,0.0072636503863815136,103.28339042116852,0.1500049449105063,0.002289187525552556,7.181461122793903,0.0013148452712510306,0.00025531253347770927,43.08876673676342,0.007889071627506183,0.00025531253347770385,0.0005127142846133167,5.379200267238032e-07,0.0025362953396587565,1.1424456327241562e-06,1.3458540068716515e-09,0.0026877633289459314,79.0,0.0,0.03170203168088601,79.0,0.0,0.03170203168088601,79.0,0.0,0.0,2905.5,39.5,0.04163031503528738,2519.5,0.5,0.023414207684510812,0.8604925777749317,0.022307321455963924,0.053955495261641215,-1.0,0.0,-0.0,-1.0,0.0,-0.0
intel,Intel i9-7900X,cpu,axpy_intel_20260725_163341,axpy_intel_20260725_163341_session3,3,8000000,16,10,10,0,0,0,-1,446.0,0.002248284912556054,4.4625000000016873e-07,0.00039059818405246763,0.002248284912556054,4.4625000000016873e-07,0.00039059818405246763,0.22256091031390135,7.424103139012928e-05,0.0011204865931718482,0.22786867040358744,9.871973094170705e-05,0.0011700303744507218,0.0052811244394618834,2.795852017937247e-05,0.011429924828775728,98.96627184163604,0.03454484787117451,0.001310587952123545,7.116535782470063,0.001412571824066955,0.0003905893441286815,42.69921469482037,0.008475430944407947,0.00039058934412868057,0.0005004521062096708,1.7377205532766865e-07,0.0010483905983037253,1.1249333919729204e-06,5.38856660217352e-10,0.0011173895216027585,79.0,0.0,0.028524935286308884,79.0,0.0,0.02919997542386608,79.0,0.0,0.0053507236212662936,3481.0,34.5,0.018632894199946674,3245.5,9.5,0.019954171147830168,0.9083344506084506,0.02473553892712016,0.027507473047430148,-1.0,0.0,-0.0,-1.0,0.0,-0.0
intel,Intel i9-7900X,cpu,axpy_intel_20260725_163341,axpy_intel_20260725_163341_session3,3,8000000,20,10,10,0,0,0,-1,423.0,0.0023679559468085106,5.69193853427628e-07,0.0018471377991715772,0.0023679559468085106,5.69193853427628e-07,0.0018471377991715772,0.2441575307328605,0.00028071749408985214,0.0022119826264200768,0.24979579787234046,0.0003304964539006805,0.002076907937561387,0.00570424231678487,3.692907801418387e-05,0.009104513588739488,103.09696304225123,0.05902275448894301,0.00106401973132211,6.756882466041633,0.0016241046694012162,0.0018394277549762252,40.5412947962498,0.009744628016402856,0.001839427754976201,0.0005780536600966525,1.0990661472460575e-06,0.003940941138754121,1.3686859216562377e-06,3.257944136796824e-09,0.005756122224025659,79.0,0.0,0.027774082335230432,79.0,0.0,0.027774082335230432,79.0,0.0,0.0,4041.0,9.0,0.005243770510562119,3599.0,0.0,0.00014346773892713293,0.8907451445610345,0.0019797124622690787,0.005311168786451705,-1.0,0.0,-0.0,-1.0,0.0,-0.0
intel,Intel i9-7900X,cpu,axpy_intel_20260725_163341,axpy_intel_20260725_163341_session3,3,16000000,1,10,10,0,0,0,-1,116.0,0.008713502487068966,6.16173706896421e-06,0.002593695001852112,0.008713502487068966,6.16173706896421e-06,0.002593695001852112,0.3884680431034483,0.0008281853448275922,0.016167262051131608,0.3962670172413793,0.0008746853448275416,0.015855710740802376,0.0077760258620689655,4.517672413793111e-05,0.011577533198053432,44.597528890201325,0.14912651326207893,0.017220653051760598,3.672461303794549,0.0025950533981291546,0.0026066877598177217,22.034767822767286,0.01557032038876649,0.0026066877598177425,0.003386034359592507,1.0214368988918773e-05,0.015498417201325351,2.9541407935248305e-05,1.609081299390984e-07,0.015257946891082138,80.0,0.0,0.06958557198414528,80.0,0.0,0.07020626878678084,80.0,0.0,0.003957794318108109,1364.0,2.5,0.029723164770831947,1340.0,0.0,0.04219435943994534,0.9834817578057616,0.0025333753810575232,0.05606226381649203,-1.0,0.0,-0.0,-1.0,0.0,-0.0
intel,Intel i9-7900X,cpu,axpy_intel_20260725_163341,axpy_intel_20260725_163341_session3,3,16000000,2,10,10,0,0,0,-1,176.0,0.005701982914772728,2.481823011363628e-05,0.004856390500092098,0.005701982914772728,2.481823011363628e-05,0.004856390500092098,0.32270574431818183,0.003815897727272727,0.014713610529513052,0.33179803125,0.0037611732954545285,0.014352189649641816,0.009126017045454545,7.367613636363648e-05,0.011839165712829145,56.60608124742702,0.660017892949071,0.01188964643247693,5.612084624011565,0.024403958355513122,0.004859588856899222,33.67250774406939,0.14642375013307785,0.0048595888568991556,0.001833389707992128,2.8699488238112785e-05,0.018413950285174202,1.0423816443347189e-05,1.8940223022533965e-07,0.02256121503435182,79.0,0.0,0.05956313431531665,79.0,0.0,0.06074422579034118,79.0,0.0,0.00613781310723822,1518.0,28.0,0.3943542100905043,1542.5,69.5,0.061264199414548415,0.9837780324111967,0.0849019112603544,0.21579891826150474,-1.0,0.0,-0.0,-1.0,0.0,-0.0
intel,Intel i9-7900X,cpu,axpy_intel_20260725_163341,axpy_intel_20260725_163341_session3,3,16000000,4,10,10,0,0,0,-1,204.0,0.004942048458333333,9.290654411764701e-06,0.003243683845237489,0.004942048458333333,9.290654411764701e-06,0.003243683845237489,0.3430466200980392,0.00168564215686276,0.012308038106420699,0.3523130955882353,0.0018206397058823376,0.011959496288457168,0.009363225490196077,4.57132352941177e-05,0.009142416951225293,69.41111621518445,0.3791985814347285,0.010670598352619014,6.475049697427619,0.012151542433069373,0.003246466349733403,38.850298184565716,0.07290925459841446,0.0032464663497334275,0.0016977910059351627,1.0137834567453354e-05,0.014490398441395044,8.39319299205473e-06,7.766639679947944e-08,0.017007558833913097,76.0,0.0,0.061205374067775084,76.0,0.0,0.06250464279142134,76.0,0.0,0.005562493685432506,2117.5,77.5,0.0646340380818427,1840.0,14.5,0.03665585823413491,0.8740841990158557,0.06310439707218035,0.09328555402640033,-1.0,0.0,-0.0,-1.0,0.0,-0.0
intel,Intel i9-7900X,cpu,axpy_intel_20260725_163341,axpy_intel_20260725_163341_session3,3,16000000,8,10,10,0,0,0,-1,204.0,0.004922323220588235,1.5743872549016033e-06,0.0003645837914390153,0.004922323220588235,1.5743872549016033e-06,0.0003645837914390153,0.45460378676470586,0.001387943627450955,0.004355405718813986,0.46514728676470585,0.0013749313725489598,0.004280331491898519,0.010553061274509805,1.7473039215685875e-05,0.00503878252122357,92.36136787230251,0.2955995857771825,0.004278542830430234,6.500995275641352,0.0020800173189701177,0.00036456350650626937,39.005971653848114,0.012480103913819818,0.00036456350650628146,0.0022375654319387378,6.493577004297851e-06,0.004460822794293926,1.1016832360090616e-05,3.295310408001462e-08,0.004592833061937588,76.5,0.5,0.03161140797534218,76.0,0.0,0.03239530204999083,76.0,0.0,0.006330876691214259,2739.0,69.0,0.03615341881694716,2324.0,0.0,0.03678471977905054,0.8510028749304723,0.004087932428179619,0.06070132278352065,-1.0,0.0,-0.0,-1.0,0.0,-0.0
intel,Intel i9-7900X,cpu,axpy_intel_20260725_163341,axpy_intel_20260725_163341_session3,3,16000000,10,10,10,0,0,0,-1,197.0,0.005100904703045686,7.025939086297353e-07,0.0002510346109902433,0.005100904703045686,7.025939086297353e-07,0.0002510346109902433,0.5309814162436548,0.0007674289340101614,0.002216392512073684,0.5424444162436548,0.0007991522842639154,0.002280517405676808,0.011536510152284265,5.0286802030456886e-05,0.008337570917337809,104.11723925615631,0.16718225837385603,0.0021234672320620956,6.2733969499598,0.0008641022898530082,0.0002510714641260697,37.64038169975879,0.005184613739121602,0.00025107146412606376,0.002707921368521996,4.090177499313204e-06,0.002332785539638014,1.381217018602904e-05,2.1759161098207466e-08,0.002469318813016076,80.0,0.0,0.03517985036034044,80.0,0.0,0.035869744421260986,80.0,0.0,0.003957794318108109,2755.0,19.0,0.03625398915002811,2519.5,0.5,0.023414207684510812,0.8749782974486158,0.03954081342639598,0.038249883302242195,-1.0,0.0,-0.0,-1.0,0.0,-0.0
intel,Intel i9-7900X,cpu,axpy_intel_20260725_163341,axpy_intel_20260725_163341_session3,3,16000000,16,10,10,0,0,0,-1,196.0,0.005128770969387755,1.2796224489798093e-06,0.0007932852861712976,0.005128770969387755,1.2796224489798093e-06,0.0007932852861712976,0.5050205612244898,0.000427556122448991,0.0013593304808596559,0.517134181122449,0.0004639770408163546,0.0014194086404199424,0.012195739795918367,4.8670918367347236e-05,0.006277909643492441,98.42676516730572,0.0595456247866224,0.00109079322639514,6.239311561176708,0.0015570895277527974,0.0007923863203943337,37.43586936706025,0.009342537166510567,0.000792386320394261,0.0025905765731810393,2.8708231835251202e-06,0.0019408062390203294,1.3286789261256988e-05,1.590995312956907e-08,0.00263646841232702,77.0,0.0,0.04818274607721043,77.0,0.0,0.04852599990028203,77.0,0.0,0.004101527445095175,3489.0,10.0,0.01291714394892883,3153.0,7.5,0.027046483021456517,0.9063898909525675,0.003947702194224856,0.030611777345936404,-1.0,0.0,-0.0,-1.0,0.0,-0.0
intel,Intel i9-7900X,cpu,axpy_intel_20260725_163341,axpy_intel_20260725_163341_session3,3,16000000,20,10,10,0,0,0,-1,184.0,0.005446640532608696,6.961902173910003e-07,0.00016553006668121672,0.005446640532608696,6.961902173910003e-07,0.00016553006668121672,0.5665913913043479,0.00040120923913050666,0.0012698476083430588,0.5796580489130434,0.0004272690217390629,0.0013807900127828904,0.013123241847826086,0.0001038586956521731,0.010236266500208098,104.03531862396892,0.08295752416626812,0.001239724549924664,5.875181206246659,0.0007508876743340664,0.00016554465037664544,35.25108723747995,0.0045053260459937405,0.0001655446503766354,0.003085738815381019,2.132836473838721e-06,0.0013201862380101902,1.6809044490337522e-05,1.6111735879656048e-08,0.0013885383498628715,79.0,0.0,0.027774082335230432,79.0,0.0,0.027774082335230432,79.0,0.0,0.0,4018.5,11.5,0.01444613660354056,3599.0,0.0,8.786301186875551e-05,0.8956084932621515,0.00255638408101011,0.014832094483635266,-1.0,0.0,-0.0,-1.0,0.0,-0.0
intel,Intel i9-7900X,cpu,axpy_intel_20260725_163341,axpy_intel_20260725_163341_session3,3,32000000,1,10,10,0,0,0,-1,56.0,0.01794443998214286,4.9858660714271336e-06,0.0012103016571726505,0.01794443998214286,4.9858660714271336e-06,0.0012103016571726505,0.7882501339285715,0.010976491071428618,0.014923829928971604,0.8044673125000001,0.010857919642857317,0.014590809282344686,0.016292455357142854,9.985714285714285e-05,0.00901731853122188,43.92968965280714,0.6107738550121837,0.015042186073766915,3.5665643577186223,0.0009910435953564,0.0012132543948599195,21.399386146311734,0.005946261572139733,0.0012132543948598638,0.01411910233684249,0.00017243098387229906,0.014904165085142196,0.000252901552068465,2.8206983223625314e-06,0.01498285902348056,77.0,0.5,0.08639783718236024,76.0,0.5,0.08820613931897918,76.0,0.0,0.008299941365271337,1364.5,12.5,0.042817939158070736,1339.0,0.0,0.0649084721939134,0.9845740542643198,0.00655645047336445,0.055230067754428604,-1.0,0.0,-0.0,-1.0,0.0,-0.0
intel,Intel i9-7900X,cpu,axpy_intel_20260725_163341,axpy_intel_20260725_163341_session3,3,32000000,2,10,10,0,0,0,-1,85.0,0.011832399794117647,2.7430294117650536e-06,0.00027952763942559164,0.011832399794117647,2.7430294117650536e-06,0.00027952763942559164,0.6578650294117647,0.00288515882352941,0.011494246772718384,0.6770135294117647,0.0027949823529411777,0.011242572340749815,0.018988464705882353,7.541764705882442e-05,0.013087458091187264,55.60752229311754,0.24213867838578196,0.01144888768046739,5.408877448973668,0.0012536450396787302,0.0002795327758983426,32.45326469384201,0.0075218702380688285,0.0002795327758983286,0.007783497757165036,3.437602218587729e-05,0.011546263441253635,9.20904772431674e-05,4.09564321081803e-07,0.011604847811385682,78.0,0.0,0.06660654148595323,78.0,0.0,0.06771017470455067,78.0,0.0,0.006043647702449124,1661.0,19.0,0.0492015132260529,1550.0,71.0,0.42528238945751096,0.9733552631578948,0.07186044924697349,0.41827760360890687,-1.0,0.0,-0.0,-1.0,0.0,-0.0
intel,Intel i9-7900X,cpu,axpy_intel_20260725_163341,axpy_intel_20260725_163341_session3,3,32000000,4,10,10,0,0,0,-1,97.0,0.010411021886597937,1.5914453608246136e-05,0.003498942338731607,0.010411021886597937,1.5914453608246136e-05,0.003498942338731607,0.713289618556701,0.00091017525773196,0.005619435428973715,0.7321906597938144,0.0009502216494846061,0.005355772774759558,0.018909463917525772,0.00010961855670103306,0.007694294714043187,68.35439547895055,0.2680845930514195,0.004745924376423554,6.147331309052256,0.009411223196831742,0.003499211057622608,36.88398785431354,0.05646733918099045,0.0034992110576225585,0.00742548239338317,9.6501675135789e-06,0.008052259628451904,7.725141953145856e-05,2.766044423914722e-07,0.011059107529453249,75.0,0.0,0.07139856038420017,75.0,0.5,0.07259177413542935,74.5,0.5,0.0070744466670433544,1779.0,19.0,0.031670683328462144,1719.5,13.0,0.051892970835951395,0.9710468869292395,0.0066312378566315555,0.057161915974915455,-1.0,0.0,-0.0,-1.0,0.0,-0.0
intel,Intel i9-7900X,cpu,axpy_intel_20260725_163341,axpy_intel_20260725_163341_session3,3,32000000,8,10,10,0,0,0,-1,97.0,0.01043624142268041,2.656602577319478e-05,0.0027156996850683664,0.01043624142268041,2.656602577319478e-05,0.0027156996850683664,0.9688510309278351,0.000985680412371126,0.003888971237779239,0.9914518092783504,0.0010073917525771914,0.0037229110186568575,0.022579407216494846,4.3695876288659535e-05,0.008957872488641444,92.83160568064176,0.23366666889879895,0.003699877549853793,6.132504287362265,0.015610699510432813,0.0027158634352578534,36.79502572417359,0.09366419706259421,0.0027158634352578187,0.010119100346281315,2.2482795132056435e-05,0.005594258077475015,0.00010558203424593394,5.183811454551198e-07,0.007886734900475981,76.0,0.0,0.05640085072910602,76.0,0.0,0.056816536832786695,76.0,0.0,0.004155423994965019,2472.0,22.5,0.029597707757476364,2300.5,24.0,0.028488592950034603,0.9369694673995109,0.01338723776223777,0.04196933047681461,-1.0,0.0,-0.0,-1.0,0.0,-0.0
intel,Intel i9-7900X,cpu,axpy_intel_20260725_163341,axpy_intel_20260725_163341_session3,3,32000000,10,10,10,0,0,0,-1,93.0,0.010804590978494625,1.2949516129019678e-06,0.00015316701840915704,0.010804590978494625,1.2949516129019678e-06,0.00015316701840915704,1.1166586236559142,0.0039610430107527295,0.0041340554015373305,1.1413312688172041,0.0038876344086019587,0.00414773068075088,0.024897048387096776,0.00011770967741935728,0.012780638480627856,103.34298270272097,0.34747686135921896,0.004072297832387473,5.923407941144211,0.0007098473197983957,0.0001531485903750198,35.54044764686527,0.004259083918789486,0.00015314859037503738,0.012065903857468394,4.486536235294176e-05,0.004200518261393194,0.00013037649483651028,4.949144226991267e-07,0.004271468764894359,79.0,0.0,0.03562014886297298,79.0,0.0,0.03562014886297298,79.0,0.0,0.0,2830.0,71.0,0.03467589006850701,2400.0,1.0,0.046924323864441585,0.8695446767549027,0.041815670567817986,0.05826674377852652,-1.0,0.0,-0.0,-1.0,0.0,-0.0
intel,Intel i9-7900X,cpu,axpy_intel_20260725_163341,axpy_intel_20260725_163341_session3,3,32000000,16,10,10,0,0,0,-1,93.0,0.010780906887096774,4.4280752688162506e-06,0.0006143264711092701,0.010780906887096774,4.4280752688162506e-06,0.0006143264711092701,1.04801623655914,0.000782956989247463,0.001317932302961564,1.0732620591397848,0.0006460430107525506,0.0013038393459672945,0.025301999999999998,6.266666666666747e-05,0.007633050337003581,97.1937114711366,0.0627712397266933,0.0010710695133991277,5.93642082277734,0.002439334547465588,0.0006141916571234038,35.618524936664045,0.014636007284785535,0.000614191657123473,0.011294565420671563,9.717774144739864e-06,0.0017556869919070175,0.00012175949991718391,1.5177400084216388e-07,0.0022768747838959086,77.0,0.0,0.0564692439315782,77.0,0.0,0.0564692439315782,77.0,0.0,0.0,3469.5,4.0,0.021831876947985152,3178.5,1.5,0.01226184766216995,0.9158380152574096,0.001066863467018897,0.02595690304164184,-1.0,0.0,-0.0,-1.0,0.0,-0.0
intel,Intel i9-7900X,cpu,axpy_intel_20260725_163341,axpy_intel_20260725_163341_session3,3,32000000,20,10,10,0,0,0,-1,88.0,0.011493042454545455,7.978806818177003e-07,0.00012153153217882894,0.011493042454545455,7.978806818177003e-07,0.00012153153217882894,1.1727792045454546,0.001617778409090831,0.0018093160446186651,1.2003427954545454,0.001561625000000011,0.0017755868796853604,0.027397352272727275,0.00017777272727272607,0.007236964461237788,102.0425351265772,0.14156712002738203,0.0018963423501341355,5.56858641004535,0.0003865608940034626,0.00012152420772075033,33.411518460272106,0.00231936536402344,0.0001215242077207628,0.013478801378177821,1.9463136328777206e-05,0.0017264451762179648,0.00015491473356987355,2.2339935901687221e-07,0.0016483582207544784,76.0,0.0,0.04001297355640206,76.0,0.0,0.04041229346044072,76.0,0.0,0.005533294243514225,3999.0,0.0,0.0001291188126954849,3599.0,0.0,0.0001342055098323696,0.8999749937484371,0.00022499374843709674,0.00023066474241035205,-1.0,0.0,-0.0,-1.0,0.0,-0.0
intel,Intel i9-7900X,cpu,axpy_intel_20260725_163341,axpy_intel_20260725_163341_session3,3,64000000,1,10,10,0,0,0,-1,28.0,0.036474397767857145,1.1796339285715524e-05,0.0006992925997179017,0.036474397767857145,1.1796339285715524e-05,0.0006992925997179017,1.604901142857143,0.008070750000000015,0.009617079079588661,1.637537142857143,0.008341910714285916,0.009452743844148697,0.03241876785714286,9.09642857142845e-05,0.005526971647803939,43.990338094819904,0.20723824360094767,0.009842255885621667,3.509310855593405,0.00113498954711444,0.0006999070676779477,21.05586513356043,0.006809937282687528,0.0006999070676779655,0.05855167902055382,0.00030538634964370065,0.009439157438312548,0.0021361438785982858,1.1540583736356332e-05,0.009311060536711562,77.0,0.0,0.0878410461157883,77.0,0.0,0.0878410461157883,77.0,0.0,0.004112194616603874,1364.0,1.5,0.03495705843251764,1339.0,0.0,0.0003606704185318061,0.9820316685420938,0.0010803440318858937,0.03328160819854857,-1.0,0.0,-0.0,-1.0,0.0,-0.0
intel,Intel i9-7900X,cpu,axpy_intel_20260725_163341,axpy_intel_20260725_163341_session3,3,64000000,2,10,10,0,0,0,-1,42.0,0.02421028836904762,4.657511904759826e-06,0.00034615532917881497,0.02421028836904762,4.657511904759826e-06,0.00034615532917881497,1.3467162142857143,0.0020817380952381503,0.010180068522680965,1.3831872142857145,0.002218904761904783,0.009945705080135054,0.03647464285714286,0.00014880952380952328,0.0071615164659810755,55.6219601711564,0.10580942260293114,0.01018188990216968,5.287008509957278,0.0010170658923720488,0.00034618616858745125,31.72205105974367,0.006102395354233181,0.00034618616858743173,0.03260964564533221,5.765320354529646e-05,0.010190027105951982,0.0007898016328514274,1.614077421033277e-06,0.010211728068277566,78.0,0.0,0.07583495884985943,78.0,0.0,0.0770337171696276,78.0,0.0,0.00621680684092211,1672.0,8.0,0.041733916079421986,1620.0,8.5,0.06345494390132216,0.9721801920733477,0.005603053897876631,0.04857519282079423,-1.0,0.0,-0.0,-1.0,0.0,-0.0
intel,Intel i9-7900X,cpu,axpy_intel_20260725_163341,axpy_intel_20260725_163341_session3,3,64000000,4,10,10,0,0,0,-1,47.0,0.021286191308510637,4.1442531914891514e-05,0.002409800899521994,0.021286191308510637,4.1442531914891514e-05,0.002409800899521994,1.4611032234042554,0.002894617021276469,0.0025697564641768136,1.499461563829787,0.0029860957446807834,0.0025150762783451275,0.03847282978723404,0.00042612765957446633,0.013687813964523584,68.54675030855438,0.1486597835886414,0.003331156904419353,6.013301203131825,0.01171085201512323,0.002408460895978217,36.07980721879095,0.07026511209074116,0.00240846089597819,0.031138039232982112,7.856539792652426e-05,0.0037018552227272824,0.0006627359062638697,3.1548469131222642e-06,0.005693494158199611,75.0,0.0,0.06672502322925296,75.0,0.0,0.06797537342013074,75.0,0.0,0.006922222245232203,1892.0,9.5,0.03523596627858758,1832.5,61.0,0.04808786750090092,0.9686760344779801,0.006073178407405455,0.03959724248452388,-1.0,0.0,-0.0,-1.0,0.0,-0.0
intel,Intel i9-7900X,cpu,axpy_intel_20260725_163341,axpy_intel_20260725_163341_session3,3,64000000,8,10,10,0,0,0,-1,47.0,0.021361773776595743,2.119617021274431e-06,0.00015923036970546406,0.021361773776595743,2.119617021274431e-06,0.00015923036970546406,1.973359585106383,0.004060776595744775,0.002992919046376231,2.019202776595745,0.003878159574468354,0.0028691073917985503,0.04589527659574468,0.00021956382978723446,0.00543721468288792,92.38103681424127,0.189936957052403,0.0030396156164639704,5.992011774905977,0.0005946148887900904,0.000159221074140027,35.95207064943586,0.0035676893327476478,0.0001592210741399835,0.04215311056402602,8.681771289218224e-05,0.0029540860440176587,0.0009004417636054951,1.7365951082525108e-06,0.0029234314953644203,76.0,0.0,0.059105652745817125,75.5,0.5,0.06020305350833694,75.0,0.0,0.006848776916370322,2459.0,13.5,0.030257896972971415,2325.0,0.5,0.030642192907159596,0.9455063033753558,0.04266293748080768,0.0433294888118713,-1.0,0.0,-0.0,-1.0,0.0,-0.0
intel,Intel i9-7900X,cpu,axpy_intel_20260725_163341,axpy_intel_20260725_163341_session3,3,64000000,10,10,10,0,0,0,-1,46.0,0.021939630347826086,1.792402173914423e-06,9.981145809138631e-05,0.021939630347826086,1.792402173914423e-06,9.981145809138631e-05,2.2218949130434784,0.01143145652173927,0.008390986045749381,2.2705016847826087,0.011403021739130326,0.00826128278164971,0.04857633695652174,0.000186913043478263,0.0060684584545786634,101.27167022057145,0.5101383447025327,0.008401858287746913,5.834191280120437,0.00047662093147327056,9.980931791334557e-05,35.005147680722615,0.0028597255888413997,9.980931791333588e-05,0.048748254117990886,0.00025605073986638763,0.008381275499590037,0.0010695340804263117,5.732829446406353e-06,0.008372730766272356,75.0,0.0,0.05265268394170296,75.0,0.0,0.05309829022637883,75.0,0.0,0.005606875283986488,2740.0,0.5,0.014872640646844612,2520.0,0.0,0.015218161660347312,0.919693372028259,0.00035037295832301973,0.01981486296725783,-1.0,0.0,-0.0,-1.0,0.0,-0.0
intel,Intel i9-7900X,cpu,axpy_intel_20260725_163341,axpy_intel_20260725_163341_session3,3,64000000,16,10,10,0,0,0,-1,46.0,0.022086817739130436,4.729673913045351e-06,0.0003493165622547709,0.022086817739130436,4.729673913045351e-06,0.0003493165622547709,2.1217815978260868,0.0017162717391305815,0.0017851856348842627,2.1732900434782607,0.0018915217391306527,0.0017702217648042722,0.051325684782608696,0.00019341304347826258,0.006802290607745221,96.07536812741068,0.048719807818990546,0.001563413609705308,5.795312054231512,0.0012412380766004816,0.00034926155597837306,34.77187232538907,0.007447428459609995,0.000349261555978457,0.04686257953196869,5.093973893969747e-05,0.0020431225172049595,0.0010350827392712348,1.2243028703680815e-06,0.0023252448797202985,77.0,0.0,0.044539121974202525,77.0,0.0,0.04522651813785625,77.0,0.0,0.004112194616603874,2919.0,35.0,0.03638242960371966,3179.5,6.0,0.020132475353979957,1.092299757212388,0.0264927500472788,0.03775798997970067,-1.0,0.0,-0.0,-1.0,0.0,-0.0
intel,Intel i9-7900X,cpu,axpy_intel_20260725_163341,axpy_intel_20260725_163341_session3,3,64000000,20,10,10,0,0,0,-1,44.0,0.023295126738636363,1.6572272727253395e-06,0.00013635878905545086,0.023295126738636363,1.6572272727253395e-06,0.00013635878905545086,2.4387137727272727,0.0019697613636364686,0.001165055666727796,2.4945087045454546,0.001986443181817954,0.0011249904479216177,0.05579980681818182,0.00017038636363636214,0.007619147197859795,104.69293971994232,0.06916607501333516,0.0011459218156139417,5.494711466488859,0.0003908803223224844,0.00013634260245635327,32.96826879893315,0.002345281933934018,0.00013634260245630722,0.05680731583464682,4.765344827443313e-05,0.0011995021684767968,0.0013232676926246455,1.0703511693235888e-06,0.0012479993188685304,79.0,0.0,0.05119503061293765,79.0,0.0,0.05119503061293765,79.0,0.0,0.0,4024.5,12.5,0.0060240608160863855,3599.0,0.0,0.0001342055098323696,0.8942725942481755,0.0026524123493149032,0.006061735763178428,-1.0,0.0,-0.0,-1.0,0.0,-0.0
intel,Intel i9-7900X,cpu,axpy_intel_20260725_163341,axpy_intel_20260725_163341_session3,3,128000000,1,10,10,0,0,0,-1,14.0,0.07334919057142857,1.681457142857501e-05,0.0003664068178486146,0.07334919057142857,1.681457142857501e-05,0.0003664068178486146,3.2887075,0.022118678571428685,0.016337636956618645,3.3545937142857145,0.02207335714285752,0.016021646484001516,0.06597360714285713,0.0004917857142857154,0.010481242435881073,44.83869236727298,0.28211480929649113,0.016374463885264996,3.490154397261604,0.0007998964050430768,0.00036649996649294416,20.940926383569625,0.004799378430259793,0.0003664999664929383,0.24121125052693415,0.0017269105054790457,0.016309235321576656,0.017691712498503535,0.00013433001927151342,0.016289296477683964,80.0,0.0,0.07834141705426514,80.0,0.0,0.07891336136867957,80.0,0.0,0.006487409290129678,1362.5,18.0,0.104327124475544,1339.5,0.5,0.06676857879578497,0.9831208616227933,0.042591137849989746,0.12323106475133366,-1.0,0.0,-0.0,-1.0,0.0,-0.0
intel,Intel i9-7900X,cpu,axpy_intel_20260725_163341,axpy_intel_20260725_163341_session3,3,128000000,2,10,10,0,0,0,-1,21.0,0.049116642642857145,0.00023707735714285916,0.0046653340018400664,0.049116642642857145,0.00023707735714285916,0.0046653340018400664,2.7807240714285717,0.02379204761904763,0.01421693337036724,2.853602619047619,0.02387728571428549,0.013807084062490276,0.07368916666666667,0.0002797857142857116,0.006476486133434639,56.25485595056439,0.6183409587207791,0.011145024080547043,5.212083022510347,0.0252794316370748,0.00466233634919095,31.272498135062087,0.15167658982244703,0.004662336349190967,0.13685802913940479,0.0010661284573392632,0.01797304288594044,0.006718718928454238,7.697494010190003e-05,0.022068416996485294,78.0,1.0,0.07139892151922077,78.0,1.0,0.07245250768093765,78.0,1.0,0.010138954212681432,1644.5,21.0,0.06787195952183056,1598.0,25.5,0.04590955605769588,0.974833272840455,0.01541595147258773,0.07830066153319576,-1.0,0.0,-0.0,-1.0,0.0,-0.0
intel,Intel i9-7900X,cpu,axpy_intel_20260725_163341,axpy_intel_20260725_163341_session3,3,128000000,4,10,10,0,0,0,-1,24.0,0.04311894170833334,4.509287499999959e-05,0.002960030751936716,0.04311894170833334,4.509287499999959e-05,0.002960030751936716,2.9999897708333334,0.008694937499999833,0.004305118414811215,3.076984166666667,0.009474604166667122,0.004301965306260503,0.07674064583333334,0.0004740000000000022,0.012208448712763451,69.5156203610166,0.2836720057855544,0.007074356876198597,5.937066830004158,0.006203251046439373,0.002963289952128913,35.622400980024935,0.0372195062786318,0.0029632899521289512,0.12909168862008663,0.00018018120396114112,0.002157955490959677,0.005560870651258797,7.1902816804873294e-06,0.0028909085980815346,77.0,0.0,0.060425687773918074,77.0,0.0,0.06170637149140319,77.0,0.0,0.00549006538223677,1899.5,67.5,0.05182836387496949,1824.5,15.5,0.03630762340385748,0.9642105263157894,0.0320003006146779,0.049781104963577655,-1.0,0.0,-0.0,-1.0,0.0,-0.0
intel,Intel i9-7900X,cpu,axpy_intel_20260725_163341,axpy_intel_20260725_163341_session3,3,128000000,8,10,10,0,0,0,-1,24.0,0.04331246166666666,1.8900791666668498e-05,0.0005065637042563799,0.04331246166666666,1.8900791666668498e-05,0.0005065637042563799,3.972930916666667,0.003454833333333296,0.0022321080240110067,4.062557020833333,0.0035669375000000336,0.0022088566176965184,0.08976254166666667,0.0005578124999999975,0.008300525778511083,91.74447270824896,0.11258128880077578,0.0025454999155583875,5.910539142855683,0.002579321549124547,0.0005065382274413567,35.4632348571341,0.015475929294741064,0.0005065382274413433,0.17200741652532758,0.00013424005834726527,0.0019991386734991828,0.007448855718171059,5.279788883441605e-06,0.0018768044619297665,75.0,0.0,0.08213708208229557,75.0,0.0,0.08213708208229557,75.0,0.0,0.0,2460.0,64.5,0.040712786072425816,2300.0,24.0,0.02254388744718224,0.9349593495934959,0.017346251683375724,0.04229861428929905,-1.0,0.0,-0.0,-1.0,0.0,-0.0
intel,Intel i9-7900X,cpu,axpy_intel_20260725_163341,axpy_intel_20260725_163341_session3,3,128000000,10,10,10,0,0,0,-1,23.0,0.043918674043478254,2.1353260869494406e-06,0.0003725203553649037,0.043918674043478254,2.1353260869494406e-06,0.0003725203553649037,4.4818425,0.026315369565217406,0.006573911539224757,4.579716608695652,0.026119456521738638,0.006371546813058915,0.09765858695652174,0.0005641086956521685,0.006396745548455715,102.04607664347279,0.5848332069426831,0.006474836402504011,5.828955578102871,0.00028341743284565624,0.00037220093137174817,34.97373346861722,0.001700504597081931,0.0003722009313717446,0.19684159211883534,0.0011834130546438254,0.006692368592514604,0.008645241859825658,5.318930181251111e-05,0.0068292515255527,77.0,0.5,0.05494796531447842,76.0,0.0,0.055951261568298986,76.0,0.0,0.00675913323945448,2777.0,12.5,0.021198025298965018,2519.0,0.5,0.02711367027823792,0.9059571178266381,0.013425436137141478,0.04030673238819948,-1.0,0.0,-0.0,-1.0,0.0,-0.0
intel,Intel i9-7900X,cpu,axpy_intel_20260725_163341,axpy_intel_20260725_163341_session3,3,128000000,16,10,10,0,0,0,-1,23.0,0.044571998173913045,6.403760869563846e-06,0.0003843387371461764,0.044571998173913045,6.403760869563846e-06,0.0003843387371461764,4.516201239130435,0.009935434782609054,0.0030931679382560024,4.619229086956522,0.010083304347826338,0.0030194772869681654,0.10302784782608695,0.00027673913043477216,0.0049887852103528176,101.31018221745323,0.20211317234632276,0.0028668802864489553,5.743516345208878,0.0008251934796503768,0.0003840842758719016,34.46109807125327,0.004951160877904925,0.0003840842758719189,0.20132304057083023,0.0004554695738729353,0.0033487829793728673,0.008974570684476709,2.0063158100667826e-05,0.0036276125632493093,76.0,0.0,0.06520160124058515,76.0,0.0,0.06520160124058515,76.0,0.0,0.0,3016.5,70.0,0.0667423472342406,3259.0,3.5,0.027506720970398132,1.1009224376487758,0.02755357799852831,0.07146502841294036,-1.0,0.0,-0.0,-1.0,0.0,-0.0
intel,Intel i9-7900X,cpu,axpy_intel_20260725_163341,axpy_intel_20260725_163341_session3,3,128000000,20,10,10,0,0,0,-1,22.0,0.04659946909090909,2.1050227272736977e-06,6.845251057618017e-05,0.04659946909090909,2.1050227272736977e-06,6.845251057618017e-05,4.800047636363637,0.004366772727272483,0.0019576179791137146,4.912573204545454,0.005507886363636416,0.0020088472347813673,0.11209856818181818,0.0006293863636363667,0.010579790150424645,103.01173456311459,0.106106814076945,0.001989032617888422,5.493624820628769,0.0002481661249573719,6.845279714094112e-05,32.96174892377262,0.001488996749742455,6.845279714090645e-05,0.22366827911834858,0.00017865095736185888,0.0019281231756862556,0.010422292248616832,7.78513870513392e-06,0.001900637557198554,77.0,0.0,0.060425687773918074,77.0,0.0,0.060425687773918074,77.0,0.0,0.0,4037.5,12.0,0.004040928900337533,3599.0,0.0,0.00011714742758273614,0.8913935306170022,0.0025183625370922558,0.004047415086068088,-1.0,0.0,-0.0,-1.0,0.0,-0.0
intel,Intel i9-7900X,cpu,axpy_intel_20260725_163341,axpy_intel_20260725_163341_session3,3,256000000,1,10,10,0,0,0,-1,7.0,0.1462900028571429,2.923649999997391e-05,0.0007224439118825886,0.1462900028571429,2.923649999997391e-05,0.0007224439118825886,6.494272285714286,0.06540342857142889,0.01865766444541789,6.627117785714285,0.06481107142857079,0.01832349124915315,0.13305864285714286,0.0010710000000000025,0.011444938724980872,44.40412427847951,0.4566280601408721,0.018157654339912597,3.4998973971600624,0.0006992932326908008,0.0007218946691464051,20.999384382960372,0.0041957593961434725,0.0007218946691464434,0.9495648535282203,0.008930152356467602,0.019174054896109075,0.1388413826853449,0.0012131814782772865,0.019705604218087636,97.0,0.5,0.013887245136129846,97.0,0.5,0.013887245136129846,77.0,0.5,0.00873154667154661,1432.0,85.5,0.09743492368104682,1339.5,0.5,0.03307221851084635,0.9423601673700022,0.050330862367185536,0.08509873949116813,-1.0,0.0,-0.0,-1.0,0.0,-0.0
intel,Intel i9-7900X,cpu,axpy_intel_20260725_163341,axpy_intel_20260725_163341_session3,3,256000000,2,10,10,0,0,0,-1,11.0,0.09932018554545455,0.00013788840909090272,0.0035251898696474736,0.09932018554545455,0.00013788840909090272,0.0035251898696474736,5.616304727272727,0.031416409090908815,0.009980181737062319,5.760482045454546,0.03060204545454548,0.009613263297009615,0.14273436363636363,0.0012392727272727277,0.013073906386607973,56.42989931577863,0.2207823438985841,0.007850650914258817,5.155044935742422,0.007146512621400092,0.0035315323699560606,30.93026961445453,0.04287907572839522,0.0035315323699560254,0.5582998839044953,0.0037896882246134522,0.012730693540687364,0.055493364278199196,0.0004491925475499925,0.015776555525936153,78.0,0.0,0.0814969311794734,78.0,0.0,0.08198816664288931,78.0,0.0,0.005391777766698004,1567.5,74.0,0.0702901749583949,1478.0,9.0,0.044186870276293595,0.9744632148506519,0.07485105420070781,0.09710814700077787,-1.0,0.0,-0.0,-1.0,0.0,-0.0
intel,Intel i9-7900X,cpu,axpy_intel_20260725_163341,axpy_intel_20260725_163341_session3,3,256000000,4,10,10,0,0,0,-1,12.0,0.08677698508333334,3.194274999999969e-05,0.0009080626913206807,0.08677698508333334,3.194274999999969e-05,0.0009080626913206807,5.893778666666666,0.018908124999999387,0.005976758590355602,6.045276708333333,0.020566916666666213,0.006031341048740391,0.15095808333333333,0.0011054166666666643,0.012448432554786566,67.95009908177596,0.3328378915908843,0.006597937480205827,5.900182179413268,0.0021712860204363693,0.0009084388738946203,35.401093076479604,0.013027716122614663,0.0009084388738946368,0.5112432328423568,0.0012225354693995993,0.005437659650280766,0.04438824856781004,8.663524762142147e-05,0.005007015616884601,74.5,0.5,0.06505437269382161,74.0,0.0,0.06605095287781386,74.0,0.0,0.00568243964091353,1835.0,64.5,0.04982803150934196,1719.0,19.0,0.06420369598591642,0.9647370566653077,0.007973848205070522,0.06277571398209611,-1.0,0.0,-0.0,-1.0,0.0,-0.0
intel,Intel i9-7900X,cpu,axpy_intel_20260725_163341,axpy_intel_20260725_163341_session3,3,256000000,8,10,10,0,0,0,-1,12.0,0.08665012620833332,7.2830000000176365e-06,0.00029536978781197643,0.08665012620833332,7.2830000000176365e-06,0.00029536978781197643,8.155074583333333,0.03306312500000086,0.005546147724011244,8.336205541666667,0.03459945833333311,0.005394446415568996,0.18103025,0.0009180000000000021,0.009846435661454638,94.13752115127453,0.35662492887652064,0.005402440147423277,5.90882002144945,0.000496604052960592,0.00029523044508442857,35.452920128696704,0.002979624317770657,0.00029523044508442304,0.7064930270598204,0.003028168439384804,0.005701733882027154,0.06121354880832084,0.0002681149749074081,0.005868275166989233,79.0,0.0,0.05892442845034247,79.0,0.0,0.05956313431531665,79.0,0.0,0.004007956476766007,2474.5,4.5,0.02729981534652027,2262.0,63.0,0.03993423033685236,0.936921722754442,0.026354227584854506,0.04784941205969598,-1.0,0.0,-0.0,-1.0,0.0,-0.0
intel,Intel i9-7900X,cpu,axpy_intel_20260725_163341,axpy_intel_20260725_163341_session3,3,256000000,10,10,10,0,0,0,-1,12.0,0.0878489535,3.783458333322942e-06,0.00012673766659604283,0.0878489535,3.783458333322942e-06,0.00012673766659604283,9.180449833333334,0.035273124999999794,0.005367422861429365,9.373448458333332,0.035711083333331395,0.005165806557541375,0.19226870833333334,0.0006336666666666713,0.007006967690888682,104.51243499031102,0.42732202845842693,0.0053976005607954064,5.828185534794655,0.0002510174094134676,0.00012671807721110012,34.969113208767936,0.0015061044564745885,0.00012671807721114294,0.806417526655399,0.0028995513150490426,0.005340051867948065,0.07083631418373135,0.0002438075469226031,0.005315532327546796,80.0,0.0,0.05619045409004316,79.5,0.5,0.05722638831633017,79.5,0.5,0.006629512914399119,2740.5,74.5,0.042721290190190477,2519.0,1.0,0.023321704922073007,0.8776526483103709,0.04130046179055563,0.04810323138166771,-1.0,0.0,-0.0,-1.0,0.0,-0.0
intel,Intel i9-7900X,cpu,axpy_intel_20260725_163341,axpy_intel_20260725_163341_session3,3,256000000,16,10,10,0,0,0,-1,12.0,0.08917138333333333,1.7046833333332623e-05,0.00020288687570598247,0.08917138333333333,1.7046833333332623e-05,0.00020288687570598247,8.667351458333332,0.013682041666664979,0.0023140168271022312,8.872887875,0.010785291666666197,0.0022331134860443256,0.20810104166666665,0.0020877916666666857,0.00991775392111899,97.21924073149219,0.15631346077861252,0.002197870898623728,5.741752393742726,0.001097669068404361,0.00020289511509296752,34.45051436245636,0.006586014410423502,0.00020289511509291288,0.7727172308046436,0.0011894068084663534,0.0024415456906234922,0.06888977919095682,0.00012148871076472778,0.0025787672887771272,79.0,0.5,0.08425662684326829,78.0,0.0,0.08531427651360876,78.0,0.0,0.0065867063711010495,3009.0,1.0,0.014281571323034946,2699.0,1.0,0.0425832174763774,0.8995394371512926,0.004215416940752781,0.04191864077443226,-1.0,0.0,-0.0,-1.0,0.0,-0.0
intel,Intel i9-7900X,cpu,axpy_intel_20260725_163341,axpy_intel_20260725_163341_session3,3,256000000,20,10,10,0,0,0,-1,11.0,0.09290685768181817,2.122136363635896e-06,5.4625667325204474e-05,0.09290685768181817,2.122136363635896e-06,5.4625667325204474e-05,9.735961954545456,0.00400054545454509,0.0007310410811477091,9.964078045454546,0.004066181818181747,0.000671903029859978,0.22774118181818181,0.0003832272727272712,0.004824384739600658,104.79495505237716,0.041093441195158675,0.0007110131492829265,5.510895673194126,0.00012587855340173704,5.462550765911113e-05,33.06537403916476,0.0007552713204113104,5.462550765914509e-05,0.9045416666967951,0.00036528915379357985,0.000754503395214453,0.08403927709908768,3.25659684848878e-05,0.0007810907016241125,80.0,0.5,0.07191368196073772,79.0,0.0,0.07292748108769279,79.0,0.0,0.006091373159390265,3960.0,6.0,0.002853799046940704,3599.0,0.0,0.00023426881951093672,0.9090909090909092,0.0015129201981849971,0.002774165831016568,-1.0,0.0,-0.0,-1.0,0.0,-0.0
intel,Intel i9-7900X,cpu,axpy_intel_20260725_163341,axpy_intel_20260725_163341_session4,4,1000000,1,10,10,0,0,0,-1,3262.0,0.0003069147118332312,8.490159411403127e-08,0.0004736050212761739,0.0003069147118332312,8.490159411403127e-08,0.0004736050212761739,0.01334389393010423,3.620570202329896e-05,0.014815010729719535,0.01334389393010423,3.618470263642114e-05,0.01481459985257324,0.0,0.0,1.8204527983763272,43.49819005255924,0.12250564614225823,0.014556501000544824,6.516468332063752,0.001802628648717608,0.0004734573674453799,39.098809992382506,0.010815771892310977,0.00047345736744538905,4.093923194676478e-06,1.0684353666558233e-08,0.01508447224162855,1.2560409833098027e-09,3.1478687268771766e-12,0.01536432343297495,78.0,0.0,0.035483412448412785,78.0,0.0,0.03580287499678722,78.0,0.0,0.004049011088563866,1514.0,24.0,0.0656980919440823,1339.5,0.5,0.03307221851084635,0.8847549909255898,0.014238297665014221,0.0517149077152904,-1.0,0.0,-0.0,-1.0,0.0,-0.0
intel,Intel i9-7900X,cpu,axpy_intel_20260725_163341,axpy_intel_20260725_163341_session4,4,1000000,2,10,10,0,0,0,-1,6063.0,0.0001652885301830777,2.8881997361044904e-07,0.006311635291523463,0.0001652885301830777,2.8881997361044904e-07,0.006311635291523463,0.009793389411182582,6.0773297047666056e-05,0.017053753885103908,0.009793393122216724,6.07770080818075e-05,0.0170539242196392,3.711034141514102e-09,3.711034141514102e-09,1.135204278006817,59.25016461127758,0.24760397522952715,0.011610222363067545,12.100065504624716,0.02116843896590659,0.006297332138342291,72.6003930277483,0.12701063379544308,0.006297332138342281,1.6187393694233113e-06,1.2389869532316554e-08,0.022968114826917425,2.6756005626933713e-10,2.5128798885885245e-12,0.02907562819062822,82.0,0.5,0.02061794725456156,81.5,0.5,0.0217694650236507,81.0,1.0,0.011639617797309425,1788.5,74.5,0.06347255340436594,1619.5,129.0,0.11258529708787934,0.9146344918350291,0.06619292854009334,0.11064057507877814,-1.0,0.0,-0.0,-1.0,0.0,-0.0
intel,Intel i9-7900X,cpu,axpy_intel_20260725_163341,axpy_intel_20260725_163341_session4,4,1000000,4,10,10,0,0,0,-1,11974.0,8.371700734925673e-05,1.870932019375313e-07,0.004099535740046426,8.371700734925673e-05,1.870932019375313e-07,0.004099535740046426,0.007188107357608151,2.0988057457824952e-05,0.007357378344448203,0.007188108652079507,2.0990562886251743e-05,0.00735739246355515,0.0,0.0,1.7860021324478046,85.64623364512664,0.3125949149439933,0.004077817310462828,23.890008372360246,0.05326901495401337,0.004107501374569539,143.34005023416145,0.31961408972405536,0.004107501374569457,6.020455363180532e-07,2.6601146082209433e-09,0.011174717128181987,5.042099842531506e-11,2.789452893151657e-13,0.015121484768496916,83.0,0.0,0.01385306820464045,83.0,0.5,0.01621564551823545,83.0,0.0,0.010562063157670845,1900.0,14.0,0.04429590474489247,1780.0,60.0,0.06171258513522067,0.907875223015165,0.052827935738607223,0.0784298130836031,-1.0,0.0,-0.0,-1.0,0.0,-0.0
intel,Intel i9-7900X,cpu,axpy_intel_20260725_163341,axpy_intel_20260725_163341_session4,4,1000000,8,10,10,0,0,0,-1,44919.0,2.243407375498119e-05,4.449594826242804e-08,0.0053947596077874495,2.243407375498119e-05,4.449594826242804e-08,0.0053947596077874495,0.003071936029297179,1.6719105501012766e-05,0.005390080845305007,0.003071936029297179,1.6719105501012766e-05,0.005390106056744446,0.0,0.0,3.162277660168379,137.06975008115927,0.25227772932183257,0.0031759490219903253,89.15012493948804,0.1768939809088721,0.005377775839813151,534.9007496369281,1.0613638854532041,0.005377775839813162,6.89125754945643e-08,4.706320763207985e-10,0.010296327788913285,1.546464058954513e-12,1.225163145430776e-14,0.015541335213644576,88.0,0.0,0.007170697642105169,88.0,0.5,0.008394366181713558,88.0,1.0,0.009278370237815069,2415.5,84.0,0.057261091998634134,2180.0,19.5,0.03189570233096,0.9024875182748224,0.024569175085672412,0.05204606465842578,-1.0,0.0,-0.0,-1.0,0.0,-0.0
intel,Intel i9-7900X,cpu,axpy_intel_20260725_163341,axpy_intel_20260725_163341_session4,4,1000000,10,10,10,0,0,0,-1,56000.0,1.7915822776785715e-05,1.6241455357142207e-08,0.0020648741368282713,1.7915822776785715e-05,1.6241455357142207e-08,0.0020648741368282713,0.0026906435089285715,4.99341964285715e-06,0.002241117265660317,0.002690646517857143,4.99341964285715e-06,0.0022410692651417116,0.0,0.0,2.2863250514066107,150.17144739883446,0.31301057506374264,0.0022102527822297604,111.63316832494647,0.10122049551178947,0.002061489644811633,669.799009949679,0.6073229730707226,0.002061489644811588,4.815780382029098e-08,9.690992387833214e-11,0.0037016020085713784,8.62639153070895e-13,2.2322144135195227e-15,0.005564638091150896,91.0,0.0,0.005699754740555434,90.0,1.0,0.008745129021581102,90.5,0.5,0.00773457852632855,2738.0,75.0,0.03191053069186598,2459.5,60.5,0.049743543856884724,0.9124645976251481,0.03161806126852329,0.05568982801579862,-1.0,0.0,-0.0,-1.0,0.0,-0.0
intel,Intel i9-7900X,cpu,axpy_intel_20260725_163341,axpy_intel_20260725_163341_session4,4,1000000,16,10,10,0,0,0,-1,33692.0,2.970982118900629e-05,5.897661165855261e-08,0.002619886374502994,2.970982118900629e-05,5.897661165855261e-08,0.002619886374502994,0.003914329499584471,8.783331354624349e-06,0.0030148057528858576,0.003914329499584471,8.783331354624349e-06,0.0030147599587979114,0.0,0.0,3.1622776601683795,131.72643728912806,0.11495770683399087,0.0012546636647574822,67.31782779909545,0.13362655023534842,0.0026170652339990107,403.9069667945727,0.8017593014120337,0.002617065233999051,1.1629402551526039e-07,4.71231803878123e-10,0.005509414978269904,3.455075667521591e-12,2.0245691798113437e-14,0.00808776206309607,85.0,0.0,0.0,85.0,0.0,0.004972134685799339,85.0,0.0,0.004972134685799339,3562.5,18.5,0.021636787452962183,3119.5,0.5,0.016046955068165083,0.8782255008292978,0.013954496786196036,0.029749393832186374,-1.0,0.0,-0.0,-1.0,0.0,-0.0
intel,Intel i9-7900X,cpu,axpy_intel_20260725_163341,axpy_intel_20260725_163341_session4,4,1000000,20,10,10,0,0,0,-1,63615.0,1.7592877190914094e-05,7.612086614792101e-07,0.06913189926244388,1.7592877190914094e-05,7.612086614792101e-07,0.06913189926244388,0.0027121866305116716,8.768402106421437e-05,0.054804550594786006,0.002712187589405015,8.768402106421437e-05,0.05480401353993361,1.178967224711153e-10,1.178967224711153e-10,1.636993347231546,153.95190541202774,1.2946057896044039,0.015204604092156904,113.68516941608098,4.682295765494068,0.0718288199555551,682.111016496486,28.09377459296445,0.07182881995555511,4.771571780999395e-08,3.6834754903182e-09,0.12188584777201308,8.394871259372626e-13,1.0446979341711679e-13,0.18644506231531663,94.0,1.0,0.016445789155870135,93.0,1.0,0.015333913131983292,93.0,0.5,0.014421977728857968,3991.0,9.0,0.01823520543235097,3599.5,0.5,0.00014642207992630364,0.9020297930503476,0.0022606783919597584,0.019122189938848528,-1.0,0.0,-0.0,-1.0,0.0,-0.0
intel,Intel i9-7900X,cpu,axpy_intel_20260725_163341,axpy_intel_20260725_163341_session4,4,2000000,1,10,10,0,0,0,-1,1400.0,0.0007184274710714286,3.990764285714192e-07,0.00088976842715616,0.0007184274710714286,3.990764285714192e-07,0.00088976842715616,0.03124309714285714,0.0002236278571428607,0.019715932242581866,0.0313271325,0.00022296642857142987,0.01977120607312161,8.134678571428572e-05,3.5514285714285563e-06,0.057964416908662025,43.5004226806285,0.2898630490081935,0.01949807043166619,5.5677159249637,0.0030911582695720696,0.0008904806920901487,33.40629554978221,0.018546949617437747,0.0008904806920901468,2.2439008925743763e-05,1.7684780438703045e-07,0.019969987651292136,1.6112317651440305e-08,1.422177183001539e-10,0.02025878443944591,74.0,0.0,0.05459443503610748,74.0,0.0,0.055292433083378285,74.0,0.0,0.004279130798604032,1659.0,31.0,0.05645838596457468,1339.5,0.5,0.047729466000526875,0.8074141048824592,0.05593343401848644,0.0833639927843511,-1.0,0.0,-0.0,-1.0,0.0,-0.0
intel,Intel i9-7900X,cpu,axpy_intel_20260725_163341,axpy_intel_20260725_163341_session4,4,2000000,2,10,10,0,0,0,-1,2549.0,0.0003922967126324049,2.5185072577484113e-07,0.002382697873186724,0.0003922967126324049,2.5185072577484113e-07,0.002382697873186724,0.02332348744605728,9.395900353079654e-05,0.0121528927106951,0.023542243036484896,9.572969792075517e-05,0.01212645392498063,0.00021763927030207924,2.5749313456257356e-06,0.03160786566668761,59.485426017968464,0.16775791044810973,0.011282191509464998,10.196363827368078,0.006551453010587238,0.002372875529923953,61.178182964208474,0.039308718063519876,0.0023728755299239723,9.142245638678641e-06,3.7565147703343294e-08,0.013404453341649717,3.586022567206584e-09,1.6942806179720575e-11,0.0149462583009857,81.0,0.5,0.027272064416362967,81.0,0.0,0.027517429529150993,81.0,0.0,0.008230452674897118,1774.0,1.0,0.06240881952390795,1613.5,7.5,0.042397832886290766,0.9126514441780332,0.07368927319177104,0.0755874072733007,-1.0,0.0,-0.0,-1.0,0.0,-0.0
intel,Intel i9-7900X,cpu,axpy_intel_20260725_163341,axpy_intel_20260725_163341_session4,4,2000000,4,10,10,0,0,0,-1,5152.0,0.00019241833113354037,5.137739712733017e-07,0.0034090372958329963,0.00019241833113354037,5.137739712733017e-07,0.0034090372958329963,0.015577175756987579,7.907783385093306e-05,0.007136703965030277,0.01578746030667702,7.692333074534215e-05,0.006994293669459938,0.00020970535714285714,1.4240100931677078e-06,0.010820435725165941,80.95084947204793,0.17609044704290255,0.0037863424573191177,20.78812424143287,0.05551099445084695,0.0034062063724992165,124.72874544859722,0.33306596670507815,0.003406206372499211,2.9978759995241063e-06,2.3083353521665893e-08,0.010530723770712331,5.769533242846919e-10,5.87395518747572e-12,0.013938518521422505,80.0,2.5,0.053144671043291486,80.0,3.0,0.055517438531819105,78.0,1.0,0.04781943860509279,1986.5,74.0,0.04961284430759037,1719.0,1.0,0.028845204394861865,0.8832746592078189,0.02926224302640673,0.05579577735292828,-1.0,0.0,-0.0,-1.0,0.0,-0.0
intel,Intel i9-7900X,cpu,axpy_intel_20260725_163341,axpy_intel_20260725_163341_session4,4,2000000,8,10,10,0,0,0,-1,8558.0,0.00011668180731479317,2.7313753213367383e-07,0.0038368605874985395,0.00011668180731479317,2.7313753213367383e-07,0.0038368605874985395,0.014352631981771441,3.0264372516944707e-05,0.00268840390997095,0.014373887181584482,2.9440990885721934e-05,0.002728705003939301,2.0414874970787567e-05,2.0022201448936633e-07,0.066964790311655,122.99305491293578,0.658816290709332,0.005854884788413466,34.28126704216535,0.08023033190116635,0.0038253651853811512,205.6876022529921,0.4813819914070052,0.0038253651853811118,1.676460963092926e-06,2.453104017566625e-09,0.0030898662481004236,1.954852316505303e-10,3.8664651842861245e-13,0.006442455413629605,83.0,0.0,0.01621564551823545,83.0,0.5,0.017940385571396475,83.0,0.5,0.014406967505870817,2584.5,30.5,0.03080373002852261,2243.0,50.0,0.028757436650428365,0.8843586570148019,0.014693821664472473,0.04307174276094061,-1.0,0.0,-0.0,-1.0,0.0,-0.0
intel,Intel i9-7900X,cpu,axpy_intel_20260725_163341,axpy_intel_20260725_163341_session4,4,2000000,10,10,10,0,0,0,-1,9883.0,0.00010140805888900132,7.788576343216452e-08,0.0015634906663808833,0.00010140805888900132,7.788576343216452e-08,0.0015634906663808833,0.013909467671759587,2.295224122230051e-05,0.002194009176538829,0.013909997875139128,2.311712030760027e-05,0.0021966584161326173,6.3548517656582e-07,1.2228068400283311e-07,0.25968530555310515,137.15029494739565,0.1395317414336148,0.0011974204100053234,39.444597006655194,0.0302994491178481,0.0015613297870113293,236.66758203993118,0.18179669470707438,0.0015613297870113148,1.4100407376922245e-06,3.4699711600359348e-09,0.00361899622589407,1.429385064736219e-10,3.8054955998027515e-13,0.005128804894915662,88.0,0.0,0.0035894184564907827,88.0,0.0,0.0035894184564907827,88.0,0.0,0.0,2915.5,69.5,0.035822986425204734,2519.0,119.0,0.04756799827532627,0.8503207747983682,0.011318010736899253,0.053283213235294634,-1.0,0.0,-0.0,-1.0,0.0,-0.0
intel,Intel i9-7900X,cpu,axpy_intel_20260725_163341,axpy_intel_20260725_163341_session4,4,2000000,16,10,10,0,0,0,-1,9536.0,0.00010505554021602347,5.42300230704795e-08,0.0010495275019748015,0.00010505554021602347,5.42300230704795e-08,0.0010495275019748015,0.013053274958053692,1.4887479026845854e-05,0.001792284113710145,0.013060053743708055,1.4395763422820132e-05,0.0017983370442191228,7.131763842281879e-06,3.2807256711409364e-07,0.06098261410815953,124.26160663689487,0.15646277502407457,0.001806854854386465,38.07509813462542,0.019643668167212525,0.0010486860182392487,228.45058880775252,0.11786200900330357,0.0010486860182392355,1.3719327487695552e-06,2.722085532152638e-09,0.0023137692043688667,1.4420346088371457e-10,2.840776571467286e-13,0.003113479926566657,82.0,0.0,0.008570991287109668,82.0,0.0,0.0100033123007116,82.0,0.0,0.006914082974391556,3439.0,54.0,0.021937731628002204,3119.0,0.0,0.012186581777954562,0.9090816870395382,0.018101892572523093,0.0253690199426726,-1.0,0.0,-0.0,-1.0,0.0,-0.0
intel,Intel i9-7900X,cpu,axpy_intel_20260725_163341,axpy_intel_20260725_163341_session4,4,2000000,20,10,10,0,0,0,-1,9068.0,0.0001105506090648434,3.0540802823114806e-08,0.0011621446309759986,0.0001105506090648434,3.0540802823114806e-08,0.0011621446309759986,0.014923777679752979,1.0994816938686251e-05,0.0007957243308946816,0.014927091420379356,9.967247463605645e-06,0.0007906523008221183,3.826643140714601e-06,3.754411116012352e-07,0.15076431679412397,134.9958579845669,0.10285265855853254,0.001171160470012755,36.1825234058755,0.009997099334981385,0.001159993029942397,217.09514043525303,0.05998259600990252,0.0011599930299424257,1.649739158362941e-06,1.3140640259489353e-09,0.0016114123802973832,1.8234840157264452e-10,1.5439717193425238e-13,0.002697607510340925,85.0,0.0,0.008270254750719854,85.0,0.0,0.007912644287345286,85.0,0.0,0.004948791330466947,3999.0,2.0,0.01731699018068486,3599.0,0.0,0.00014346773892713293,0.8999749937484371,0.000337434388277158,0.018154452207641836,-1.0,0.0,-0.0,-1.0,0.0,-0.0
intel,Intel i9-7900X,cpu,axpy_intel_20260725_163341,axpy_intel_20260725_163341_session4,4,4000000,1,10,10,0,0,0,-1,576.0,0.0018003642777777778,7.658357638889004e-06,0.00942166672454226,0.0018003642777777778,7.658357638889004e-06,0.00942166672454226,0.07942030989583335,0.0002783663194444383,0.007310762851598909,0.08069630642361111,0.0002723767361111004,0.007479394180512248,0.0012562864583333332,1.848697916666676e-05,0.03179725658325114,44.29604318287113,0.2864945083477153,0.00662705248296923,4.443546799151051,0.01882055638794755,0.00954899393538907,26.661280794906304,0.11292333832768797,0.009548993935389096,0.00014262230610760066,1.1618151691475674e-06,0.015448351953644655,2.564142922078027e-07,3.527530783125548e-09,0.024342474693122125,78.0,0.0,0.06999430456580046,78.0,0.0,0.07046472718869902,78.0,0.0,0.005391777766698004,1650.0,14.5,0.06928816033623028,1339.5,0.5,0.03630516273431393,0.8115163438256658,0.007064396170464671,0.04096940992893619,-1.0,0.0,-0.0,-1.0,0.0,-0.0
intel,Intel i9-7900X,cpu,axpy_intel_20260725_163341,axpy_intel_20260725_163341_session4,4,4000000,2,10,10,0,0,0,-1,976.0,0.0010389796670081967,2.3600332991803325e-06,0.004067429706379855,0.0010389796670081967,2.3600332991803325e-06,0.004067429706379855,0.058745030737704915,0.000503475922131149,0.010632568860065056,0.06014268442622951,0.0005035000000000005,0.010242639547178873,0.0013810210040983606,1.4610143442623093e-05,0.012053672933007312,56.79499553919316,0.38494944295696243,0.009401763885402961,7.699862941094292,0.017448807490717755,0.004087187707880646,46.19917764656576,0.10469284494431008,0.004087187707880601,6.0909857903952924e-05,8.505257714796647e-07,0.013065148959167714,6.332264721718814e-08,9.262425100495271e-10,0.016151017116866152,76.0,0.0,0.05197416997338204,76.0,0.0,0.05197416997338204,76.0,0.0,0.006330876691214259,1803.0,103.5,0.057106094782138225,1549.5,73.5,0.08744723200916749,0.8694147228625738,0.05918337222736114,0.10318423459479892,-1.0,0.0,-0.0,-1.0,0.0,-0.0
intel,Intel i9-7900X,cpu,axpy_intel_20260725_163341,axpy_intel_20260725_163341_session4,4,4000000,4,10,10,0,0,0,-1,1192.0,0.0008432250927013422,1.4409244966442371e-06,0.002407848381065231,0.0008432250927013422,1.4409244966442371e-06,0.002407848381065231,0.059686085570469796,0.0005958338926174492,0.013460462446233558,0.061177855285234894,0.000589146812080537,0.01314122792836039,0.0014914484060402685,7.521392617449644e-06,0.008113381886606966,70.92787321526478,0.6662999218738932,0.012556993946242571,9.487384286176454,0.016239450890945584,0.0024056405080285733,56.92430571705873,0.09743670534566817,0.0024056405080286098,5.037435014048853e-05,6.202183995814542e-07,0.014704283766730733,4.251917206808595e-08,5.822911605618201e-10,0.016211246693427207,78.0,0.0,0.02888784794898457,78.0,0.0,0.029571949633087305,78.0,0.0,0.005419498989148894,2054.0,114.5,0.09513066682780909,1840.0,64.5,0.08341416448794461,0.8840634033797372,0.04853139103151488,0.0994894571545814,-1.0,0.0,-0.0,-1.0,0.0,-0.0
intel,Intel i9-7900X,cpu,axpy_intel_20260725_163341,axpy_intel_20260725_163341_session4,4,4000000,8,10,10,0,0,0,-1,1492.0,0.0007639703833780161,1.0058703083109816e-06,0.0026494135258497723,0.0007639703833780161,1.0058703083109816e-06,0.0026494135258497723,0.07055502781501341,0.00021276340482574013,0.0038366809892845227,0.07217939175603216,0.000206820710455774,0.003763067002727593,0.0016094225871313673,1.0813672922251917e-05,0.008945262399037385,92.32611134753532,0.11742040072964954,0.002172022025257341,10.471611199999998,0.01380985852583283,0.002648900080570564,62.82966719999999,0.08285915115500231,0.002648900080570601,5.3920743278302214e-05,2.522606885797354e-07,0.006222205835678054,4.120821219950476e-08,2.403865320999116e-10,0.008758580970739957,74.0,0.0,0.02097752659266963,74.0,0.0,0.021147738277389156,74.0,0.0,0.004267581187811578,2584.0,62.5,0.03181434308529878,2249.5,74.5,0.04324428822237036,0.8761965500186564,0.02418730650154799,0.06001055711473739,-1.0,0.0,-0.0,-1.0,0.0,-0.0
intel,Intel i9-7900X,cpu,axpy_intel_20260725_163341,axpy_intel_20260725_163341_session4,4,4000000,10,10,10,0,0,0,-1,1536.0,0.0007149969664713542,2.590706380208897e-07,0.0004635302537849556,0.0007149969664713542,2.590706380208897e-07,0.0004635302537849556,0.073277822265625,7.847916666666593e-05,0.0016052092705779262,0.07484952864583333,8.381347656250676e-05,0.0015686188631618087,0.0015782506510416668,1.0120442708333281e-05,0.007163029073274747,102.45404050579583,0.09451934274567719,0.001247927728355113,11.188858904790361,0.0040553758879919855,0.00046343414830434204,67.13315342874216,0.024332255327955465,0.00046343414830438167,5.240833436347181e-05,8.533412387988349e-08,0.0020065242862360175,3.747179927446146e-08,7.424095530683785e-11,0.002430209617068246,77.0,0.0,0.01811414245544303,76.5,0.5,0.019816435978608514,76.5,0.5,0.006889493813003005,2869.5,24.0,0.02356248038892015,2519.0,1.0,0.025093122292534117,0.8719723183391004,0.007036662165255725,0.03287187177220003,-1.0,0.0,-0.0,-1.0,0.0,-0.0
intel,Intel i9-7900X,cpu,axpy_intel_20260725_163341,axpy_intel_20260725_163341_session4,4,4000000,16,10,10,0,0,0,-1,1416.0,0.0007081802789548023,6.852500000000829e-07,0.0014523895837059559,0.0007081802789548023,6.852500000000829e-07,0.0014523895837059559,0.07097333862994351,6.318997175141366e-05,0.00129301852312924,0.07256985805084745,6.193149717513557e-05,0.0013558967316461337,0.0016017079802259887,1.6553672316384086e-05,0.012661684825515308,100.20561189378907,0.04547314698685767,0.001089798503198825,11.296559230692308,0.01094211231733766,0.0014516001142397975,67.77935538415386,0.06565267390401885,0.0014516001142397946,5.0263986445162225e-05,1.353306970211293e-07,0.0025240591071223344,3.559743115201561e-08,1.2356327779916694e-10,0.003910427673386206,78.0,0.0,0.024139524123422743,78.0,0.0,0.024139524123422743,78.0,0.0,0.0,3555.0,14.5,0.016515458160685458,3239.0,1.0,0.019334801217971403,0.9088134193551762,0.0037080213388814287,0.022156631978347316,-1.0,0.0,-0.0,-1.0,0.0,-0.0
intel,Intel i9-7900X,cpu,axpy_intel_20260725_163341,axpy_intel_20260725_163341_session4,4,4000000,20,10,10,0,0,0,-1,1375.0,0.000779082101090909,6.287552727272483e-07,0.002892444367735786,0.000779082101090909,6.287552727272483e-07,0.002892444367735786,0.08228680981818182,4.898327272727376e-05,0.001965068986685904,0.08412926363636364,5.030254545455165e-05,0.0019757918104295097,0.001853208,7.80618181818178e-06,0.005573826351547206,105.58822851468786,0.06389488390004772,0.0012381747073587183,10.268494921150825,0.008293847942823618,0.0028756931786538707,61.61096952690496,0.0497630876569346,0.002875693178653903,6.411395205624638e-05,7.069194431179581e-08,0.004799014402383983,4.9941533133861035e-08,8.318247664919929e-11,0.007702894303873053,80.0,0.0,0.01964147615011416,80.0,0.0,0.020479417968869765,80.0,0.0,0.003957794318108109,3999.0,0.0,0.00042832433280531954,3599.0,0.0,0.0001342055098323696,0.8999749937484371,0.00011249687421854837,0.0005253771101183182,-1.0,0.0,-0.0,-1.0,0.0,-0.0
intel,Intel i9-7900X,cpu,axpy_intel_20260725_163341,axpy_intel_20260725_163341_session4,4,8000000,1,10,10,0,0,0,-1,252.0,0.004047255515873016,4.248271825396926e-06,0.004959062080725936,0.004047255515873016,4.248271825396926e-06,0.004959062080725936,0.18170930952380954,0.002274281746031767,0.02135745282624007,0.18518599206349207,0.00233463095238097,0.0210593610517034,0.00344990873015873,1.5601190476190446e-05,0.013668571135340316,44.92194095130115,0.40334880017294594,0.01983895791432105,3.9532962393084263,0.004152279887097654,0.005011580482548736,23.719777435850556,0.024913679322587257,0.005011580482548738,0.0007355216464132975,1.0138308602046075e-05,0.023778028536361035,2.978082477365926e-06,3.5896819598976965e-08,0.02683031154607796,80.0,0.0,0.06580014715160643,80.0,0.0,0.06580014715160643,80.0,0.0,0.0,1360.0,14.5,0.4421962598989058,1339.5,0.5,0.5271359516037315,0.9904030447850621,0.009450663832681228,0.4962133237309891,-1.0,0.0,-0.0,-1.0,0.0,-0.0
intel,Intel i9-7900X,cpu,axpy_intel_20260725_163341,axpy_intel_20260725_163341_session4,4,8000000,2,10,10,0,0,0,-1,390.0,0.0025682125525641024,2.3691307692308428e-06,0.0016104071663909044,0.0025682125525641024,2.3691307692308428e-06,0.0016104071663909044,0.14192781666666665,0.0013708602564102695,0.010496902830862015,0.14570493589743588,0.001353343589743608,0.010258413175919306,0.003765662820512821,8.962820512820827e-06,0.004244439630691426,55.329173080942326,0.44647756259014315,0.010301769584712702,6.230014071979783,0.005741913858993364,0.0016113619716320103,37.380084431878686,0.034451483153944196,0.001611361971632021,0.0003640672736470938,3.0865320227601743e-06,0.010924444917931098,9.338917492204577e-07,8.666938287124893e-09,0.011558236003778956,74.5,0.5,0.056930703017351834,74.0,0.0,0.05742949833364375,74.0,0.0,0.006501290599456904,1778.0,135.0,0.0940255053008804,1469.0,10.0,0.04409661620533982,0.8619249652744351,0.09551369594124376,0.11974190600466207,-1.0,0.0,-0.0,-1.0,0.0,-0.0
intel,Intel i9-7900X,cpu,axpy_intel_20260725_163341,axpy_intel_20260725_163341_session4,4,8000000,4,10,10,0,0,0,-1,457.0,0.002194329276805252,1.9828358862139604e-06,0.001368806420248943,0.002194329276805252,1.9828358862139604e-06,0.001368806420248943,0.14688733807439824,0.0007356925601750552,0.00791519189097259,0.1509279113785558,0.0007682527352297491,0.007770845017792824,0.004062201312910284,6.293216630196951e-06,0.007227946468990583,67.02263220542702,0.27628786108603975,0.007389596350924665,7.291522344910842,0.006583092729543161,0.001369757703355372,43.74913406946505,0.03949855637725719,0.0013697577033553593,0.0003221123956100969,1.7723213112971043e-06,0.008627466602349346,7.063685805992073e-07,4.2346443568596826e-09,0.009484037199672495,73.0,0.0,0.043475257591417196,73.0,0.0,0.04479667305079831,73.0,0.0,0.00711291707292455,2189.0,73.0,0.059146233484969404,1850.0,2.0,0.04912194011431756,0.8528594941615226,0.030514881320584664,0.05502115397520436,-1.0,0.0,-0.0,-1.0,0.0,-0.0
intel,Intel i9-7900X,cpu,axpy_intel_20260725_163341,axpy_intel_20260725_163341_session4,4,8000000,8,10,10,0,0,0,-1,464.0,0.002164647325431034,1.0264213362062673e-06,0.0017948849898725733,0.002164647325431034,1.0264213362062673e-06,0.0017948849898725733,0.2004030948275862,0.0006200183189655067,0.004571325482043866,0.20486594612068965,0.0006134892241379253,0.004461960626488133,0.004438615301724138,2.321443965517221e-05,0.007437538099461627,92.55939476978358,0.25621955201989266,0.003045892573773111,7.3915046152609865,0.0035063358651021836,0.001791935723474124,44.349027691565915,0.021038015190615766,0.0017919357234741193,0.00043389869309871205,1.3771488607841836e-06,0.006246129937252047,9.394469485259875e-07,3.6249779025075473e-09,0.007978756153159284,79.0,0.0,0.03307942656303434,79.0,0.5,0.03519367076743923,78.5,0.5,0.00891844258648088,2599.0,13.5,0.03325186554424816,2311.5,19.5,0.031028377977124315,0.8482519781069664,0.024862011585026045,0.03798893774417693,-1.0,0.0,-0.0,-1.0,0.0,-0.0
intel,Intel i9-7900X,cpu,axpy_intel_20260725_163341,axpy_intel_20260725_163341_session4,4,8000000,10,10,10,0,0,0,-1,453.0,0.0022109489426048565,4.0829801324507656e-07,0.00029577903988145656,0.0022109489426048565,4.0829801324507656e-07,0.00029577903988145656,0.22833820088300222,0.0004781743929359872,0.002317373040434564,0.23319159492273728,0.0004886103752759496,0.002310814248898565,0.004793070640176601,1.901434878587207e-05,0.007038624260528698,103.26872810565554,0.21775265164187374,0.0022672868854288607,7.236711673386094,0.00133630157852771,0.0002957135411957238,43.42027004031657,0.008017809471169812,0.0002957135411957186,0.0005049103977232911,1.0096522014063289e-06,0.0024032791898552066,1.1164777115616866e-06,2.046069288867434e-09,0.002521369782271373,81.0,0.0,0.027094178238896763,81.0,0.0,0.028483411609783477,81.0,0.0,0.005218279967274553,2912.0,32.0,0.01888615666650686,2519.0,1.0,0.03188430092589818,0.8652136534927093,0.012614774029313713,0.04813070336922334,-1.0,0.0,-0.0,-1.0,0.0,-0.0
intel,Intel i9-7900X,cpu,axpy_intel_20260725_163341,axpy_intel_20260725_163341_session4,4,8000000,16,10,10,0,0,0,-1,443.0,0.0022623923747178334,5.561489841985397e-07,0.0008574916137851518,0.0022623923747178334,5.561489841985397e-07,0.0008574916137851518,0.22323744130925505,0.00021713544018057973,0.001946132481563391,0.22841994469525959,0.0002184300225733654,0.0019185074273079313,0.00517504401805869,2.8837471783295897e-06,0.0030611810242558305,98.6649193787323,0.07934562443510629,0.001419383268268288,7.072159645238491,0.0017384333916088401,0.0008563435268863183,42.43295787143094,0.010430600349650376,0.000856343526886312,0.000504992276548816,6.147631826915407e-07,0.0026529905776557267,1.142136220372837e-06,1.5440548327693768e-09,0.0034312360588643585,78.0,0.0,0.024139524123422743,78.0,0.0,0.024139524123422743,78.0,0.0,0.0,3517.0,72.0,0.020209523440607873,3248.0,75.5,0.03516074961734002,0.9086495895495017,0.016542716370735344,0.04391662264297481,-1.0,0.0,-0.0,-1.0,0.0,-0.0
intel,Intel i9-7900X,cpu,axpy_intel_20260725_163341,axpy_intel_20260725_163341_session4,4,8000000,20,10,10,0,0,0,-1,428.0,0.0023402326039719625,2.5786565420568737e-07,0.00016641890663455022,0.0023402326039719625,2.5786565420568737e-07,0.00016641890663455022,0.23472356892523363,0.0003308446261682252,0.0020894740998002267,0.24027371495327102,0.0003653586448598145,0.002093183320359764,0.005512110981308411,3.1994158878505e-05,0.007270133689335941,100.28626797770687,0.12575415103094656,0.002058775489986337,6.836927239340595,0.0007534150681234308,0.0001664059229850355,41.02156343604357,0.004520490408737032,0.0001664059229850262,0.0005494176036458386,8.597834732766794e-07,0.0021327587128339583,1.2859908597025584e-06,2.212237348953202e-09,0.002187885421374418,75.0,0.0,0.0249479796991903,75.0,0.0,0.025097441747368093,75.0,0.0,0.004210755872394647,3999.0,0.0,0.00010543034140722742,3599.0,0.0,0.0001342055098323696,0.8999749937484371,0.0,8.668310740251907e-05,-1.0,0.0,-0.0,-1.0,0.0,-0.0
intel,Intel i9-7900X,cpu,axpy_intel_20260725_163341,axpy_intel_20260725_163341_session4,4,16000000,1,10,10,0,0,0,-1,117.0,0.008626292085470085,5.241183760683332e-06,0.002258210630481776,0.008626292085470085,5.241183760683332e-06,0.002258210630481776,0.3860928034188034,0.001226179487179485,0.01357970274271389,0.39387952136752136,0.0012764615384615319,0.013354213512644491,0.007731923076923077,4.230341880341864e-05,0.010461378062844544,44.726566394989234,0.12965333531339596,0.012680880865870015,3.7095892458755717,0.0022552404215532285,0.002266315821620692,22.257535475253427,0.013531442529320259,0.0022663158216206956,0.0033338653060344565,1.4330297106590964e-05,0.014763879798624572,2.8776594835991637e-05,1.527323034031142e-07,0.0161675583709665,80.0,0.0,0.05619045409004316,79.0,0.0,0.05769681101335673,79.0,0.0,0.006091373159390265,1364.5,18.5,0.04138904687058707,1340.0,0.5,0.5322137953439015,0.9896572523417542,0.016502911929293096,0.5530261269479068,-1.0,0.0,-0.0,-1.0,0.0,-0.0
intel,Intel i9-7900X,cpu,axpy_intel_20260725_163341,axpy_intel_20260725_163341_session4,4,16000000,2,10,10,0,0,0,-1,178.0,0.0056497724185393255,3.066292134831436e-06,0.0020145112127581,0.0056497724185393255,3.066292134831436e-06,0.0020145112127581,0.31670581741573034,0.0033799016853932606,0.011561358892008492,0.3252967219101124,0.003324676966292184,0.01122614259024834,0.008602637640449438,3.545505617977632e-05,0.009635112055186603,56.00327845781436,0.514126377556412,0.01065529234419523,5.663944982687616,0.0030738700771877348,0.00200598721039231,33.98366989612569,0.018443220463122856,0.0020059872103923063,0.001791012617829963,2.1477486949669604e-05,0.012731990869542404,1.0128409821017856e-05,1.252650050799416e-07,0.014105190822148051,79.0,0.5,0.06974622431721705,78.5,0.5,0.0702412859421457,78.0,1.0,0.010087092554304544,1674.0,132.5,0.4452701422045335,1620.0,1.0,0.450191937616951,0.9804837206849267,0.3179530030955416,0.6028721306998144,-1.0,0.0,-0.0,-1.0,0.0,-0.0
intel,Intel i9-7900X,cpu,axpy_intel_20260725_163341,axpy_intel_20260725_163341_session4,4,16000000,4,10,10,0,0,0,-1,204.0,0.00493579356372549,1.171898284313801e-05,0.003790936393064924,0.00493579356372549,1.171898284313801e-05,0.003790936393064924,0.3447627794117647,0.0013459117647058594,0.007323674830511705,0.3535513921568627,0.0012251593137254935,0.00719356179579902,0.00890261519607843,3.2174019607842524e-05,0.010829229444463493,69.63092796515953,0.3002036532234271,0.010478520124460563,6.483257252515999,0.015351707039956253,0.0037961293584968156,38.899543515096,0.09211024223973752,0.003796129358496856,0.0017053765554201129,6.4712955489258e-06,0.00516998991215598,8.413787153996673e-06,3.157826977470702e-08,0.0053812735753301635,77.0,0.0,0.04818274607721043,77.0,0.0,0.04818274607721043,77.0,0.0,0.004101527445095175,2039.5,121.0,0.06701139903681307,1838.5,1.5,0.03556554964643846,0.8947576862949453,0.0481892684509721,0.06036065037967282,-1.0,0.0,-0.0,-1.0,0.0,-0.0
intel,Intel i9-7900X,cpu,axpy_intel_20260725_163341,axpy_intel_20260725_163341_session4,4,16000000,8,10,10,0,0,0,-1,203.0,0.004943759224137931,8.242199507388793e-06,0.0032030015927961937,0.004943759224137931,8.242199507388793e-06,0.0032030015927961937,0.45218666748768477,0.0007668472906404433,0.0022175118803106964,0.4627825197044335,0.0006713472906403894,0.0020597541617999923,0.010435014778325123,5.8261083743842146e-05,0.01217828807084261,91.54552865359254,0.07494595749808042,0.003469754598167103,6.47280819502525,0.010774185599062847,0.0031989784381521212,38.836849170151496,0.06464511359436997,0.0031989784381521273,0.0022365987792604897,7.873534492254097e-06,0.004266842626599148,1.1055455967789918e-05,7.181330005482364e-08,0.007209828802289199,74.0,0.0,0.045979796027978505,74.0,0.0,0.04631831459634111,74.0,0.0,0.004267581187811578,2621.5,70.0,0.07402154220642576,2296.0,34.5,0.08191808702384915,0.8583274859032672,0.03094978550860905,0.10982316734890857,-1.0,0.0,-0.0,-1.0,0.0,-0.0
intel,Intel i9-7900X,cpu,axpy_intel_20260725_163341,axpy_intel_20260725_163341_session4,4,16000000,10,10,10,0,0,0,-1,196.0,0.005101524609693878,5.670561224494983e-07,0.00020002569406623168,0.005101524609693878,5.670561224494983e-07,0.00020002569406623168,0.5115779311224491,0.0004336301020408384,0.0022200355817639733,0.5230537117346938,0.0002980765306122568,0.002180081474345148,0.011472423469387753,3.6688775510203796e-05,0.006559765046423353,100.28297757006297,0.0622509618920688,0.0021109017815098665,6.272634650427099,0.000697253795385766,0.00020000331441165335,37.63580790256259,0.004183522772319037,0.00020000331441164066,0.0026098212394848274,2.609137496127319e-06,0.0023412569550832923,1.3314919299347446e-05,1.3937582814604444e-08,0.002472794305169347,75.0,0.0,0.055099229702847856,75.0,0.0,0.0559990389587123,75.0,0.0,0.03800825037052052,2895.0,22.0,0.027708195672755804,2519.0,1.0,0.030426169306242708,0.8535260750879475,0.02383555462205683,0.04374957873555668,-1.0,0.0,-0.0,-1.0,0.0,-0.0
intel,Intel i9-7900X,cpu,axpy_intel_20260725_163341,axpy_intel_20260725_163341_session4,4,16000000,16,10,10,0,0,0,-1,194.0,0.005174846425257732,6.149484536085298e-07,0.00021094535968525107,0.005174846425257732,6.149484536085298e-07,0.00021094535968525107,0.529220956185567,0.0008225567010308743,0.002261252347943167,0.5412456520618556,0.0008203273195875327,0.00223009432932069,0.01204957731958763,3.686855670103056e-05,0.003636288886492096,102.26868828190337,0.1396727772447619,0.002224898982879013,6.183758390276029,0.0007349562409602051,0.0002109318236546004,37.102550341656176,0.004409737445762119,0.00021093182365462796,0.002738617510478841,4.631899205579304e-06,0.0023162726349060035,1.417182328481046e-05,2.4417627832229165e-08,0.002388673840515635,76.5,0.5,0.03161140797534218,76.0,0.0,0.03239530204999083,76.0,0.0,0.006330876691214259,3579.0,69.0,0.02656305626045903,3199.0,14.0,0.015026260630687207,0.9085292944587019,0.015658203271466387,0.02081603911596687,-1.0,0.0,-0.0,-1.0,0.0,-0.0
intel,Intel i9-7900X,cpu,axpy_intel_20260725_163341,axpy_intel_20260725_163341_session4,4,16000000,20,10,10,0,0,0,-1,184.0,0.005437700426630434,5.117472826094045e-07,0.000317007000748358,0.005437700426630434,5.117472826094045e-07,0.000317007000748358,0.550861277173913,0.00036057336956518693,0.001132382278094851,0.5637318288043478,0.00035404347826090143,0.0011327832027032486,0.012966915760869564,7.811956521739001e-05,0.0065087119023682204,101.30586125789753,0.08199804741622785,0.0013003814553320637,5.884840559082848,0.000553778534133631,0.00031683708325280996,35.309043354497085,0.0033226712047991214,0.0003168370832528301,0.0029958553594975294,1.9011034338124125e-06,0.0010364182574012178,1.628993492302898e-05,1.0910724632553738e-08,0.0010329251305720177,75.0,0.0,0.032821556024332815,75.0,0.0,0.033949444266699706,75.0,0.0,0.006285393610547089,4032.0,12.0,0.020739514316386636,3599.0,0.0,0.0001342055098323696,0.8927332930635503,0.002647441982156884,0.021645678687440318,-1.0,0.0,-0.0,-1.0,0.0,-0.0
intel,Intel i9-7900X,cpu,axpy_intel_20260725_163341,axpy_intel_20260725_163341_session4,4,32000000,1,10,10,0,0,0,-1,56.0,0.017950139232142857,9.30933928571312e-06,0.0014250656766411868,0.017950139232142857,9.30933928571312e-06,0.0014250656766411868,0.8198379285714286,0.008102937500000018,0.01302911903595322,0.8359768303571429,0.008114678571428668,0.012865329683858978,0.016227830357142856,9.890178571428723e-05,0.010350948506868516,45.636850480210185,0.4399761231342829,0.012834261840822841,3.565431955800277,0.0018486476808465824,0.0014282238862912218,21.392591734801663,0.011091886085079494,0.0014282238862911786,0.014706749213706183,0.00014913488263346413,0.013376859923327912,0.00026354586939218125,2.743170529239449e-06,0.013864996950194554,83.0,1.0,0.06352019950736276,83.0,1.0,0.06463893336557766,82.5,0.5,0.02402002236743365,1352.0,4.0,0.07277709779039881,1339.0,0.0,0.03292498298884713,0.9914847712257039,0.001838670910794593,0.059312347512979494,-1.0,0.0,-0.0,-1.0,0.0,-0.0
intel,Intel i9-7900X,cpu,axpy_intel_20260725_163341,axpy_intel_20260725_163341_session4,4,32000000,2,10,10,0,0,0,-1,84.0,0.011903649714285714,4.837210119047579e-05,0.004316944343671519,0.011903649714285714,4.837210119047579e-05,0.004316944343671519,0.6587794642857143,0.009252970238095182,0.02150890213725956,0.6770768035714285,0.009216220238095152,0.020965405616906595,0.018190339285714285,0.00010609523809523846,0.006427667182315492,55.45103833284221,0.744247063359758,0.020229235732671814,5.37650230940906,0.021863079100206573,0.004312567380046499,32.25901385645436,0.1311784746012421,0.0043125673800465,0.007827976176390021,0.0001665455316726388,0.02350589133929283,9.347176953443617e-05,2.040790880773863e-06,0.026057940408009763,75.0,0.0,0.06797537342013074,74.5,0.5,0.06910453306442539,74.0,0.0,0.006940830369547343,1566.5,62.5,0.0395612720880753,1604.0,78.5,0.45750372219419283,1.020165987727148,0.08166114904897448,0.48465079942511224,-1.0,0.0,-0.0,-1.0,0.0,-0.0
intel,Intel i9-7900X,cpu,axpy_intel_20260725_163341,axpy_intel_20260725_163341_session4,4,32000000,4,10,10,0,0,0,-1,97.0,0.010406539463917525,1.1305381443297603e-05,0.0019398169634639681,0.010406539463917525,1.1305381443297603e-05,0.0019398169634639681,0.7051858092783505,0.0032266752577320146,0.007034036187086399,0.7239446288659794,0.0030351804123711634,0.006999400227455954,0.018840922680412372,0.00011932474226804268,0.009695432766453523,67.77637095796321,0.36044489426527093,0.008490698018468098,6.149979094729403,0.006690724985746854,0.0019391769631669756,36.89987456837642,0.04014434991447402,0.0019391769631669756,0.007336621402465592,2.9862607858774023e-05,0.0058713138966101155,7.637440400406174e-05,3.17660011585062e-07,0.0052041810861404416,73.0,0.0,0.04992374408147964,73.0,0.0,0.05037085778693619,73.0,0.0,0.005760068597756611,1891.5,25.5,0.03585131339369234,1708.5,8.5,0.07056562157851681,0.9542647383180515,0.03621362886770829,0.06769282170219025,-1.0,0.0,-0.0,-1.0,0.0,-0.0
intel,Intel i9-7900X,cpu,axpy_intel_20260725_163341,axpy_intel_20260725_163341_session4,4,32000000,8,10,10,0,0,0,-1,96.0,0.010466996635416666,2.042685416666582e-05,0.0029695872687062834,0.010466996635416666,2.042685416666582e-05,0.0029695872687062834,0.9475782291666666,0.001670833333333288,0.00294064962022488,0.9696005885416665,0.0016677239583333114,0.002989614514320252,0.022030885416666666,0.0002286197916666656,0.011968277828493037,90.70254076939639,0.31704020981961634,0.004148523586044055,6.1144573524567,0.01190889343426571,0.002971604359923851,36.6867441147402,0.07145336060559515,0.0029716043599238417,0.00989688598122656,3.2903067804556166e-05,0.0042133092374565684,0.00010340607224596089,6.589336072724839e-07,0.006669899518261712,73.0,0.0,0.04992374408147964,73.0,0.0,0.05037085778693619,73.0,0.0,0.005760068597756611,2477.0,71.5,0.038076013269363294,2316.0,21.0,0.05536654557872038,0.8885075559722315,0.03273474284707778,0.07235276689042447,-1.0,0.0,-0.0,-1.0,0.0,-0.0
intel,Intel i9-7900X,cpu,axpy_intel_20260725_163341,axpy_intel_20260725_163341_session4,4,32000000,10,10,10,0,0,0,-1,93.0,0.010808612973118279,1.132446236559899e-06,0.00020691818729685367,0.010808612973118279,1.132446236559899e-06,0.00020691818729685367,1.0957780913978494,0.004334801075268735,0.00428146603269588,1.1201431720430106,0.00431168817204286,0.004251196232280299,0.024377677419354836,0.00010184408602150266,0.006488423060690537,101.38008385149428,0.3969264831727841,0.004324050424779527,5.921203783538797,0.0006204450315672183,0.0002068721032129565,35.52722270123278,0.003722670189404198,0.0002068721032129885,0.011843841320277411,4.4650116449058974e-05,0.004248492517424232,0.0001280154972887116,4.724460659673985e-07,0.004225361606904753,76.0,0.0,0.045116801896046915,76.0,0.0,0.045116801896046915,76.0,0.0,0.0,2898.5,6.5,0.03544996469825077,2519.0,0.5,0.022454890188587266,0.8701208981001727,0.004305587577133008,0.0493829851692516,-1.0,0.0,-0.0,-1.0,0.0,-0.0
intel,Intel i9-7900X,cpu,axpy_intel_20260725_163341,axpy_intel_20260725_163341_session4,4,32000000,16,10,10,0,0,0,-1,93.0,0.010781824483870968,3.0122688172047607e-06,0.0013982378381714555,0.010781824483870968,3.0122688172047607e-06,0.0013982378381714555,1.0276010107526883,0.0009742634408601569,0.0026618689746101764,1.0524000376344085,0.0009333010752688997,0.00255920528912175,0.024930446236559142,0.00010133870967741869,0.006171193779135777,95.30804213286277,0.07045055771450848,0.001675207804105585,5.935915593769289,0.001658428323696004,0.0013940255805928467,35.61549356261573,0.00995056994217336,0.0013940255805928129,0.011079218799552999,1.2818156115229629e-05,0.003913383771544003,0.00011946544565899363,1.6314166718806315e-07,0.005246819307387766,75.0,0.0,0.05387891164113884,75.0,0.0,0.05521486785512719,75.0,0.0,0.005636858574275186,3580.0,0.0,0.02879978083482733,3240.5,62.5,0.045705403515737646,0.9220670391061453,0.018488955961928677,0.05527863729820284,-1.0,0.0,-0.0,-1.0,0.0,-0.0
intel,Intel i9-7900X,cpu,axpy_intel_20260725_163341,axpy_intel_20260725_163341_session4,4,32000000,20,10,10,0,0,0,-1,87.0,0.011498249356321839,8.366839080453659e-07,0.0001380731684068636,0.011498249356321839,8.366839080453659e-07,0.0001380731684068636,1.187052172413793,0.0014055574712644736,0.0016372835990212267,1.2145940172413794,0.0012401091954022947,0.0014441587358855939,0.027351735632183904,0.00020654597701149323,0.009125981282025082,103.24533871256155,0.11619379358723592,0.0015701426416299185,5.566064714225549,0.0004050439670053585,0.0001380567985735016,33.3963882853533,0.0024302638020294864,0.00013805679857356422,0.013647801781475382,1.696088235037408e-05,0.0017129729044296881,0.0001569118006951831,2.0421175125757388e-07,0.001796133988704059,78.0,0.0,0.04195063283156081,77.5,0.5,0.04299035399430273,77.5,0.5,0.006800597118641677,4047.5,3.0,0.0023179068650099285,3599.5,0.5,0.00014642207992630364,0.889437938218033,0.0009056447133046763,0.0022745942394576664,-1.0,0.0,-0.0,-1.0,0.0,-0.0
intel,Intel i9-7900X,cpu,axpy_intel_20260725_163341,axpy_intel_20260725_163341_session4,4,64000000,1,10,10,0,0,0,-1,28.0,0.03642181410714286,1.1563392857145277e-05,0.0009373767443007791,0.03642181410714286,1.1563392857145277e-05,0.0009373767443007791,1.615722875,0.012221160714285806,0.01681713644646447,1.6483080535714285,0.012147392857142947,0.016454379824998054,0.03248026785714286,0.0002467142857142876,0.009679900355452579,44.36132312389822,0.3335540163256958,0.01637362402985242,3.514377398697043,0.0011157666848760073,0.0009375978610892648,21.086264392182258,0.00669460010925782,0.0009375978610892503,0.05884767391758837,0.00044775758608671737,0.017302639334059924,0.002143233278860677,1.6404305730064123e-05,0.017826672879394625,78.0,0.0,0.07132957128199352,78.0,0.0,0.07257977903950853,78.0,0.0,0.005419498989148894,1359.0,5.5,0.05998049253157627,1339.0,0.0,0.03934854430907129,0.9856659100655385,0.0058201058201058364,0.0721255919157168,-1.0,0.0,-0.0,-1.0,0.0,-0.0
intel,Intel i9-7900X,cpu,axpy_intel_20260725_163341,axpy_intel_20260725_163341_session4,4,64000000,2,10,10,0,0,0,-1,42.0,0.024292124785714287,5.9569904761903186e-05,0.0027424452156627845,0.024292124785714287,5.9569904761903186e-05,0.0027424452156627845,1.3395860119047618,0.013025880952380886,0.018310766817145954,1.3755830833333333,0.013102369047619078,0.01783848132006101,0.03584972619047619,0.00019599999999999826,0.00849069245642698,55.12016561683352,0.5877588361898134,0.01710441120663875,5.269200122643494,0.012892422994199126,0.0027440917112371466,31.615200735860967,0.07735453796520098,0.0027440917112371904,0.03252014996121411,0.0003663589886127201,0.01982009277140208,0.0007903179009470689,1.0107063135716575e-05,0.02156820454488792,74.0,0.0,0.07296438916278605,73.5,0.5,0.07411898924141305,73.5,0.5,0.007170697642105169,1635.0,39.5,0.06359512562677287,1542.5,70.5,0.07752975646792656,0.9675428178522316,0.07154034768713663,0.11542356717844116,-1.0,0.0,-0.0,-1.0,0.0,-0.0
intel,Intel i9-7900X,cpu,axpy_intel_20260725_163341,axpy_intel_20260725_163341_session4,4,64000000,4,10,10,0,0,0,-1,48.0,0.0211865389375,2.7008479166666655e-05,0.0019790703839721964,0.0211865389375,2.7008479166666655e-05,0.0019790703839721964,1.4364059479166666,0.00906243750000002,0.012926339279080792,1.47414578125,0.008442479166666628,0.012340744450879059,0.038137166666666666,0.0003831250000000015,0.016237037909342777,67.58248279378304,0.505384516810409,0.01201333409394268,6.041572747635756,0.007710928343100498,0.0019780702282228176,36.24943648581454,0.04626557005859766,0.001978070228222832,0.030468360809508946,0.0002419568425101274,0.014063775468364171,0.0006450417248403644,7.427499043049081e-06,0.015376274781275,73.0,0.0,0.06367002000339018,73.0,0.0,0.06367002000339018,73.0,0.0,0.0,1900.0,1.0,0.03309670401875308,1844.5,20.0,0.07798353515403328,0.9707894736842105,0.06040780883847202,0.08627453481108312,-1.0,0.0,-0.0,-1.0,0.0,-0.0
intel,Intel i9-7900X,cpu,axpy_intel_20260725_163341,axpy_intel_20260725_163341_session4,4,64000000,8,10,10,0,0,0,-1,47.0,0.02144871968085106,6.8138085106382584e-06,0.002414386654563485,0.02144871968085106,6.8138085106382584e-06,0.002414386654563485,2.002670031914894,0.0021693404255322957,0.0017502660196061547,2.0465642021276595,0.002783138297872245,0.0018203079119057971,0.043874712765957447,0.0005091276595744695,0.015237713420079799,93.33882638827671,0.21622956950103855,0.0022553665030999913,5.967722171984787,0.0018954272706608322,0.002411970521532515,35.80633303190872,0.01137256362396144,0.0024119705215324863,0.04298303182890377,8.621953023006321e-05,0.003562992632047452,0.0009226804842457977,1.926700776281752e-06,0.005832384005453587,77.0,1.0,0.06620929143002244,76.0,0.0,0.06639700964378721,76.0,0.0,0.028391023656372454,2460.0,0.0,0.028103648144265667,2300.0,24.0,0.027301240264324265,0.936229674796748,0.00484892825965777,0.02286597780337274,-1.0,0.0,-0.0,-1.0,0.0,-0.0
intel,Intel i9-7900X,cpu,axpy_intel_20260725_163341,axpy_intel_20260725_163341_session4,4,64000000,10,10,10,0,0,0,-1,46.0,0.02192949488043478,1.5860652173918521e-06,8.122680520295027e-05,0.02192949488043478,1.5860652173918521e-06,8.122680520295027e-05,2.2112741630434787,0.006806717391304895,0.006349304314125139,2.2602753804347824,0.007154597826086739,0.006155704846023895,0.048968315217391305,0.00033509782608695526,0.008527461848645515,100.83440340672476,0.3152482897411062,0.006343518151656802,5.8368877489081905,0.00042215514977161916,8.122648497780763e-05,35.02132649344914,0.0025329308986279386,8.122648497775904e-05,0.0484921900562179,0.00014641231030880844,0.006356119902440187,0.0010634106618052975,3.1481312858865854e-06,0.006363961621075399,74.0,0.0,0.06605095287781386,74.0,0.0,0.06650365406617893,74.0,0.0,0.004267581187811578,2739.0,1.0,0.034068755253989315,2520.0,1.0,0.03873950902271868,0.9200438116100766,0.019500920348058892,0.05095763460654806,-1.0,0.0,-0.0,-1.0,0.0,-0.0
intel,Intel i9-7900X,cpu,axpy_intel_20260725_163341,axpy_intel_20260725_163341_session4,4,64000000,16,10,10,0,0,0,-1,46.0,0.022056781945652172,6.861000000000367e-06,0.0009142174343534477,0.022056781945652172,6.861000000000367e-06,0.0009142174343534477,2.1022039456521737,0.00194315217391261,0.0026874483992416,2.1539021413043473,0.0019148913043474103,0.0026723244504798438,0.051962945652173916,0.00014435869565217543,0.005759347654346321,95.29294344483074,0.06591256408747626,0.0018874059860210836,5.803203767220991,0.0018051659722253532,0.0009125750123099536,34.819222603325954,0.01083099583335212,0.0009125750123099087,0.046362746477169633,4.700137609623539e-05,0.0035460023068154866,0.0010224481068865478,1.1346411584190743e-06,0.004430199741078233,76.0,0.0,0.05719882072655983,76.0,0.0,0.058505646583607324,76.0,0.0,0.005562493685432506,3082.0,80.5,0.05588196696129863,3179.0,1.0,0.018571181082682093,1.05145245980544,0.046550396094359514,0.054337806616364615,-1.0,0.0,-0.0,-1.0,0.0,-0.0
intel,Intel i9-7900X,cpu,axpy_intel_20260725_163341,axpy_intel_20260725_163341_session4,4,64000000,20,10,10,0,0,0,-1,44.0,0.023310090170454545,8.121590909081905e-07,7.225751727562432e-05,0.023310090170454545,8.121590909081905e-07,7.225751727562432e-05,2.4173390227272726,0.003881284090909265,0.002103763420746703,2.472366352272727,0.003595261363636748,0.0021390020062572665,0.054731931818181825,0.00025628409090908827,0.00815465546710735,103.70556274195474,0.15894714361826345,0.002104844270323388,5.491184249751356,0.00019131997943322432,7.225394343126216e-05,32.94710549850814,0.0011479198765940168,7.225394343124987e-05,0.05634729514172023,9.45813026221598e-05,0.0021051708049211007,0.0013134349962517031,2.2994012542093155e-06,0.0021090618103958418,78.0,0.0,0.040028831141371894,78.0,0.0,0.040028831141371894,78.0,0.0,0.0,4032.5,17.5,0.017031546172545504,3599.0,0.0,0.00011714742758273614,0.8925024155979737,0.003860223580368638,0.01746202616844025,-1.0,0.0,-0.0,-1.0,0.0,-0.0
intel,Intel i9-7900X,cpu,axpy_intel_20260725_163341,axpy_intel_20260725_163341_session4,4,128000000,1,10,10,0,0,0,-1,14.0,0.07333005360714287,2.7666857142866208e-05,0.000552264400179462,0.07333005360714287,2.7666857142866208e-05,0.000552264400179462,3.307445214285714,0.013052785714285697,0.009070317572636303,3.37239425,0.014547857142856557,0.008727333239534191,0.06542717857142857,0.0003988928571428546,0.017616415485337274,45.11157372526278,0.1809541172121314,0.009366464342439554,3.491065240095093,0.001317276588694405,0.0005524403969263294,20.946391440570554,0.007903659532169982,0.0005524403969263948,0.24249197284700896,0.0010879829189975182,0.008799660850953316,0.017782419032547812,7.989595956501942e-05,0.008556877676039347,81.0,0.0,0.06935734171559849,81.0,0.0,0.06994370958286779,81.0,0.0,0.0059856987799212875,1351.0,7.5,0.06869571668614952,1340.0,1.0,0.046353775897283275,0.9933259167687681,0.009164222873900285,0.08365740605626217,-1.0,0.0,-0.0,-1.0,0.0,-0.0
intel,Intel i9-7900X,cpu,axpy_intel_20260725_163341,axpy_intel_20260725_163341_session4,4,128000000,2,10,10,0,0,0,-1,21.0,0.04913553502380953,0.00012928685714285945,0.00391412809985307,0.04913553502380953,0.00012928685714285945,0.00391412809985307,2.718029523809524,0.017968976190475994,0.009795265806920125,2.7911424047619047,0.017935809523809354,0.009478732745557111,0.07300066666666666,0.00036830952380953463,0.008742079192695991,55.24877280469174,0.3188034302813243,0.006787445386604945,5.2100834026818195,0.013733859933592996,0.003900747526414054,31.260500416090913,0.0824031596015562,0.0039007475264140096,0.13346189518713947,0.0010248100269240334,0.01330652551638523,0.0065623673512204585,5.666552247872653e-05,0.017021824066387643,76.0,0.0,0.07191173148609209,75.5,0.5,0.07297440990876615,75.0,1.0,0.01048950316152414,1672.5,20.5,0.03500802834833282,1618.5,120.0,0.07025531165306892,0.9662686567164179,0.07050332177787655,0.07013917157187517,-1.0,0.0,-0.0,-1.0,0.0,-0.0
intel,Intel i9-7900X,cpu,axpy_intel_20260725_163341,axpy_intel_20260725_163341_session4,4,128000000,4,10,10,0,0,0,-1,24.0,0.04296228741666666,7.867475000000387e-05,0.0024829250967001383,0.04296228741666666,7.867475000000387e-05,0.0024829250967001383,2.887370020833333,0.009958895833333647,0.00980659125039317,2.9635229166666672,0.00996714583333258,0.009508080945324406,0.07615289583333333,0.000122687500000003,0.003056456390829595,67.1846729537263,0.21780241801264566,0.009215652738707744,5.958714411957029,0.010918538349525608,0.002481826290973055,35.752286471742174,0.06551123009715099,0.0024818262909730186,0.12423294591141856,0.0004279288910875659,0.01093913495641047,0.0053386422260151365,2.2416017422913735e-05,0.012467192155229973,73.0,0.0,0.06782364954784728,73.0,0.0,0.0685162990206423,73.0,0.0,0.004337829437816707,1889.5,27.0,0.036427710042768395,1719.0,5.5,0.034659020500041694,0.9649947262257941,0.02730156636043085,0.04734805900494991,-1.0,0.0,-0.0,-1.0,0.0,-0.0
intel,Intel i9-7900X,cpu,axpy_intel_20260725_163341,axpy_intel_20260725_163341_session4,4,128000000,8,10,10,0,0,0,-1,24.0,0.04318029029166667,1.592364583333228e-05,0.0026839270023765126,0.04318029029166667,1.592364583333228e-05,0.0026839270023765126,4.0915155625,0.015488895833333238,0.005937369061829462,4.181339625,0.01541079166666659,0.0058233588576105545,0.0898240625,0.0003442500000000043,0.01174553576360272,94.59450082913011,0.4228581001028786,0.005146823672331912,5.928631019870084,0.002186112757459391,0.0026722958031961206,35.571786119220505,0.013116676544754569,0.0026722958031960703,0.17663475071446083,0.0008105888235540593,0.007648736666572987,0.00762549591188357,3.5651853977059465e-05,0.009819891067477902,80.0,0.0,0.06379484614952,80.0,0.5,0.06433345820742112,80.0,0.0,0.006487409290129678,2456.5,6.5,0.12723583626466312,2324.5,75.5,0.23452043894153854,0.9720464513193974,0.05651204453906222,0.25836348130638526,-1.0,0.0,-0.0,-1.0,0.0,-0.0
intel,Intel i9-7900X,cpu,axpy_intel_20260725_163341,axpy_intel_20260725_163341_session4,4,128000000,10,10,10,0,0,0,-1,23.0,0.043909675065217396,1.91769565216493e-06,0.00010408331949814251,0.043909675065217396,1.91769565216493e-06,0.00010408331949814251,4.580471086956521,0.010287043478260927,0.005819962267874046,4.677254869565218,0.009178804347825587,0.005699413782312738,0.09677482608695652,0.0007649999999999879,0.008223985199687672,104.31074001547375,0.22322827702905812,0.005852672319682298,5.830150180896247,0.0002546132749463581,0.00010409568187234125,34.98090108537748,0.0015276796496763723,0.00010409568187237645,0.20113376740602854,0.0004729974441168433,0.005788939548224057,0.008832015694832534,2.1704005232841064e-05,0.005759630759693588,79.5,0.5,0.04958350245162372,79.0,0.0,0.0500396475177971,79.0,0.0,0.006091373159390265,2724.0,55.5,0.02642771918044776,2459.5,60.5,0.03405363954251222,0.9123126465442013,0.0058542894263629575,0.035609355713903224,-1.0,0.0,-0.0,-1.0,0.0,-0.0
intel,Intel i9-7900X,cpu,axpy_intel_20260725_163341,axpy_intel_20260725_163341_session4,4,128000000,16,10,10,0,0,0,-1,23.0,0.044573110804347824,7.72006521739671e-06,0.000225591779942747,0.044573110804347824,7.72006521739671e-06,0.000225591779942747,4.4764926521739135,0.006508195652174198,0.0021939360397446924,4.579041913043478,0.0059248043478259405,0.002125092010251323,0.10246408695652173,0.0004952391304347825,0.006082487534319632,100.44261099716277,0.16827258000816414,0.0022034398502471944,5.743372985725509,0.0009945909760822325,0.00022560375136159122,34.46023791435306,0.005967545856499612,0.00022560375136157146,0.19950683263469565,0.00025252497910301097,0.002207566397606307,0.008891554344903478,1.219921751062069e-05,0.002243905779304493,75.0,0.5,0.07662007475921531,74.0,0.0,0.07822063695798932,74.0,0.0,0.006501290599456904,2949.5,70.5,0.07177869936389883,3313.5,60.5,0.02136136814513497,1.1234225533480502,0.05522327998528309,0.07814839312729828,-1.0,0.0,-0.0,-1.0,0.0,-0.0
intel,Intel i9-7900X,cpu,axpy_intel_20260725_163341,axpy_intel_20260725_163341_session4,4,128000000,20,10,10,0,0,0,-1,22.0,0.046591233318181824,1.8277954545453667e-06,5.861625667358385e-05,0.046591233318181824,1.8277954545453667e-06,5.861625667358385e-05,4.8500700000000005,0.004395909090909811,0.0010312659263905866,4.959089431818182,0.004574954545454091,0.0010490509439742004,0.10917315909090908,0.0003327727272727232,0.0055373694850979075,104.09686576035213,0.09502092998079803,0.0010436621901786915,5.494595909974879,0.00021555938627182414,5.86166020187328e-05,32.96757545984927,0.0012933563176282803,5.8616602018765455e-05,0.2259792214535875,0.00019478755104422596,0.0010220854886313809,0.010529045693938557,8.536191549649366e-06,0.0010162079767398727,78.0,0.0,0.07132957128199352,78.0,0.0,0.07132957128199352,78.0,0.0,0.0,4026.5,9.5,0.0035460825637751796,3600.0,0.0,0.0001434597676114908,0.8939531317751712,0.002113671197110867,0.0035885327213926186,-1.0,0.0,-0.0,-1.0,0.0,-0.0
intel,Intel i9-7900X,cpu,axpy_intel_20260725_163341,axpy_intel_20260725_163341_session4,4,256000000,1,10,10,0,0,0,-1,7.0,0.14647246585714285,2.711085714285355e-05,0.0006764119385028116,0.14647246585714285,2.711085714285355e-05,0.0006764119385028116,6.520020214285715,0.0394982857142856,0.011496131587760255,6.645445214285715,0.04081407142857163,0.011402692848715066,0.12618892857142858,0.0016983571428571334,0.01761998672939961,44.51132914929346,0.27100039582398594,0.011588079065650935,3.4955375221277114,0.0006471156105640752,0.0006760506898533556,20.973225132766274,0.003882693663378234,0.0006760506898533532,0.9552584958121525,0.005742252495771705,0.011443659557682458,0.14003546103413642,0.0007409314709402037,0.01143126985176182,98.0,1.0,0.01220406727561534,98.0,1.0,0.01220406727561534,78.5,0.5,0.00671396530821312,1355.0,9.5,0.10685111698372161,1339.5,0.5,0.04610611592802172,0.9889581677671706,0.00880996184499161,0.08298582237422125,-1.0,0.0,-0.0,-1.0,0.0,-0.0
intel,Intel i9-7900X,cpu,axpy_intel_20260725_163341,axpy_intel_20260725_163341_session4,4,256000000,2,10,10,0,0,0,-1,11.0,0.09866108618181818,2.2893363636353192e-05,0.0003869948812963201,0.09866108618181818,2.2893363636353192e-05,0.0003869948812963201,5.514698136363636,0.034126863636363414,0.008940466409081227,5.656421363636364,0.03561304545454558,0.008717529482331402,0.14139636363636363,0.0009645909090909149,0.009376138210536216,55.888333838718744,0.3185212772465782,0.008843727853716014,5.1894827217905695,0.0012043160212846793,0.00038686673313319855,31.136896330743415,0.007225896127707188,0.0003868667331332482,0.5441546479108327,0.00363345028855927,0.009052845268579173,0.053700819458837486,0.00039193027278532425,0.00918030661526312,74.0,0.0,0.07464672186674726,74.0,0.0,0.07464672186674726,74.0,0.0,0.004267581187811578,1634.0,0.0,0.0003159555674830655,1604.5,0.5,0.00032848007272965403,0.9816457615128069,0.0003058103975535076,0.000455744074323545,-1.0,0.0,-0.0,-1.0,0.0,-0.0
intel,Intel i9-7900X,cpu,axpy_intel_20260725_163341,axpy_intel_20260725_163341_session4,4,256000000,4,10,10,0,0,0,-1,12.0,0.08686288387499999,0.00024807579166667704,0.0058939387654956075,0.08686288387499999,0.00024807579166667704,0.0058939387654956075,5.946319624999999,0.08723933333333322,0.03643413001589844,6.093786791666666,0.08508329166666684,0.03565369739509833,0.15133929166666665,0.0013043333333333518,0.014717279163592584,68.41891397910626,0.7356153424024043,0.03219533798732472,5.894348145996494,0.016783503963026192,0.005846028021938075,35.36608887597896,0.10070102377814649,0.005846028021938073,0.5169537864752893,0.008972883178445246,0.04114203895675599,0.044950635640870346,0.0009001109855349132,0.04619537301941747,76.0,1.0,0.0743174370935744,76.0,1.0,0.07529953290327568,75.5,0.5,0.00924875527486906,1900.0,43.5,0.07700472178623603,1915.0,91.5,0.18016631582982431,0.9710526315789474,0.07228120783905084,0.18530310427577842,-1.0,0.0,-0.0,-1.0,0.0,-0.0
intel,Intel i9-7900X,cpu,axpy_intel_20260725_163341,axpy_intel_20260725_163341_session4,4,256000000,8,10,10,0,0,0,-1,12.0,0.08676752174999999,0.00018769891666665234,0.0029819851582659016,0.08676752174999999,0.00018769891666665234,0.0029819851582659016,7.96192675,0.012110374999999785,0.0037687098390232292,8.142329708333332,0.010997958333332392,0.0036422646211676127,0.181071625,0.0012660833333333343,0.0077205893138436125,91.66366182725854,0.1620208624792383,0.0027172061734532546,5.900833967635073,0.01278406169334012,0.0029753755994006213,35.40500380581044,0.07670437016003717,0.0029753755994005814,0.6903442540167974,0.0027312016892178104,0.006234980526582074,0.05985698611667523,0.0003719199808821551,0.009028695790829178,74.5,0.5,0.06910453306442539,74.0,0.0,0.06962503450169975,74.0,0.0,0.006940830369547343,2460.0,76.0,0.04219040074414273,2299.5,21.5,0.03835137609071694,0.9394521636775724,0.047403327415743435,0.05794926411010259,-1.0,0.0,-0.0,-1.0,0.0,-0.0
intel,Intel i9-7900X,cpu,axpy_intel_20260725_163341,axpy_intel_20260725_163341_session4,4,256000000,10,10,10,0,0,0,-1,12.0,0.08791119108333334,9.800125000007653e-06,0.00019228784986221229,0.08791119108333334,9.800125000007653e-06,0.00019228784986221229,9.046455125,0.030278499999999653,0.0042325276539832,9.239634208333333,0.02857808333333356,0.00400936635593416,0.19259891666666668,0.0007752083333333326,0.008835558026537418,102.8905681763523,0.35281267340272393,0.004234606041254662,5.8240594242565304,0.0006492764820036356,0.0001922873735443774,34.94435654553919,0.0038956588920200375,0.00019228737354433674,0.7953921577270626,0.002671058255554859,0.004239257680882257,0.06993332540380703,0.00024235322821776484,0.00425475436538339,78.0,0.0,0.07132957128199352,78.0,0.0,0.07196803211894598,78.0,0.0,0.004059406495723208,2762.0,68.0,0.04057550946499995,2459.5,59.5,0.02567280163339362,0.8767876737032161,0.019647720189628626,0.052957855348553184,-1.0,0.0,-0.0,-1.0,0.0,-0.0
intel,Intel i9-7900X,cpu,axpy_intel_20260725_163341,axpy_intel_20260725_163341_session4,4,256000000,16,10,10,0,0,0,-1,12.0,0.08915905454166666,6.63312499999541e-06,0.00012397828105195472,0.08915905454166666,6.63312499999541e-06,0.00012397828105195472,8.694384875,0.015268916666666854,0.0020930916165403375,8.898096708333334,0.013659083333332767,0.001967576695133506,0.20325091666666667,0.0009498333333333303,0.00879459714594327,97.52182197992009,0.15939929330471614,0.0020508670817911655,5.742546313807432,0.000427230648977428,0.00012398546549731142,34.4552778828446,0.002563383893864568,0.00012398546549728082,0.7751324543730183,0.0014555829310791135,0.0021416784183793825,0.06910421051267121,0.00012980987663021443,0.002196204051447475,79.0,0.0,0.05892442845034247,79.0,0.0,0.05892442845034247,79.0,0.0,0.0,2960.5,67.5,0.03099171808731886,2833.0,119.5,0.04437276842155137,0.939295166491269,0.035227278293028186,0.0414496912251654,-1.0,0.0,-0.0,-1.0,0.0,-0.0
intel,Intel i9-7900X,cpu,axpy_intel_20260725_163341,axpy_intel_20260725_163341_session4,4,256000000,20,10,10,0,0,0,-1,11.0,0.0928455705,5.350227272729602e-06,0.00011018497235894464,0.0928455705,5.350227272729602e-06,0.00011018497235894464,9.381739818181817,0.020224818181816318,0.0036124275906160544,9.596241636363636,0.019935136363636197,0.0035873239609618014,0.21538159090909087,0.0006634545454545504,0.005128267501057837,101.0365593981956,0.2196420352068671,0.003599583658921802,5.514533404725217,0.00031777985830139244,0.00011017580142718767,33.08720042835131,0.0019066791498083546,0.00011017580142713376,0.8710804730962913,0.0018458967298333184,0.0036285645519106608,0.08087851684970879,0.00017157965948343817,0.003647951670509557,74.0,0.0,0.08321783316232578,74.0,0.0,0.08389264767523284,74.0,0.0,0.004279130798604032,3999.0,0.0,7.907473331920631e-05,3599.0,0.0,0.0037464250388052752,0.8999749937484371,0.00011249687421854837,0.0037567892676155542,-1.0,0.0,-0.0,-1.0,0.0,-0.0
intel,Intel i9-7900X,cpu,axpy_intel_20260725_163341,axpy_intel_20260725_163341_session5,5,1000000,1,10,10,0,0,0,-1,3273.0,0.0003058697428964253,7.948976474180728e-08,0.0003244138736968766,0.0003058697428964253,7.948976474180728e-08,0.0003244138736968766,0.013758301558203484,0.00019083455545371164,0.019787358712176212,0.013758301558203484,0.00019084158264588875,0.019787034930904838,2.2914757103574704e-09,2.2914757103574704e-09,1.5511078303594352,44.99040201865198,0.6025661167612846,0.01968376398480926,6.538731108717913,0.001698855052268744,0.0003244557589291859,39.232386652307476,0.010193130313606247,0.0003244557589291121,4.2073610988845276e-06,6.036715963394007e-08,0.01989559942136147,1.2866332269864824e-09,1.907519519592724e-11,0.020008408709857598,81.0,0.5,0.033368630282495274,80.0,0.5,0.035093093639353166,80.0,0.0,0.00788597920241491,1615.5,24.5,0.03975806106878485,1339.0,0.0,0.0003606704185318061,0.8289496711774692,0.012449523751146108,0.04037191419279003,-1.0,0.0,-0.0,-1.0,0.0,-0.0
intel,Intel i9-7900X,cpu,axpy_intel_20260725_163341,axpy_intel_20260725_163341_session5,5,1000000,2,10,10,0,0,0,-1,5960.0,0.0001655286172818792,1.3572692953019942e-07,0.005692036276541109,0.0001655286172818792,1.3572692953019942e-07,0.005692036276541109,0.009765369546979867,2.2120134228188065e-05,0.0077229549641379715,0.00976537466442953,2.2117533557046952e-05,0.007723060702570671,3.942953020134228e-09,3.942953020134228e-09,1.2778890625281656,58.92805813858854,0.10189370433499079,0.0036711074612873614,12.082502916149888,0.009917172340390579,0.005645803586704716,72.49501749689932,0.05950303404235058,0.005645803586704691,1.6175741357116858e-06,6.4049977296569175e-09,0.013121816559745642,2.678325517803593e-10,1.5113422029741884e-12,0.018780465976634988,81.0,0.0,0.014368052152768348,80.5,0.5,0.015732724677454624,80.5,0.5,0.011458062138063359,1777.5,71.0,0.05760269861468912,1604.5,15.5,0.04499933049324415,0.9036665008534907,0.033361526863531055,0.07623365828506803,-1.0,0.0,-0.0,-1.0,0.0,-0.0
intel,Intel i9-7900X,cpu,axpy_intel_20260725_163341,axpy_intel_20260725_163341_session5,5,1000000,4,10,10,0,0,0,-1,12091.0,8.325015755520637e-05,1.0644462823589026e-07,0.002844206537405366,8.325015755520637e-05,1.0644462823589026e-07,0.002844206537405366,0.007174870978413696,1.4553304110495081e-05,0.004089415199726711,0.007174879827971218,1.4544454552973402e-05,0.004089501253257961,0.0,0.0,2.4415894505414726,86.09766958196654,0.1582790663975686,0.0025320647648137753,24.023990867603903,0.03072017658922377,0.0028480651851688684,144.14394520562342,0.18432105953534972,0.002848065185168863,5.972335217827157e-07,1.926754348757818e-09,0.006564257693677312,4.96822624852978e-11,2.0242487276073307e-13,0.009243688213061462,83.0,0.0,0.011388755078637621,83.0,0.0,0.01241340816092121,83.0,0.0,0.0038145689507459338,2016.5,30.0,0.04614658345596387,1833.5,15.5,0.05868283698836649,0.9085896058033175,0.058577449820052696,0.07376132599434425,-1.0,0.0,-0.0,-1.0,0.0,-0.0
intel,Intel i9-7900X,cpu,axpy_intel_20260725_163341,axpy_intel_20260725_163341_session5,5,1000000,8,10,10,0,0,0,-1,37105.0,2.6862259264250105e-05,1.2146011319229688e-07,0.006073083257743246,2.6862259264250105e-05,1.2146011319229688e-07,0.006073083257743246,0.003521851920226385,1.2031815119256401e-05,0.005238910087624252,0.003521851920226385,1.2031815119256401e-05,0.005238677923226014,0.0,0.0,3.16227766016838,131.329735972028,0.6481220809681076,0.010337874139887447,74.45390351432013,0.33817688366839604,0.006059108585375969,446.7234210859208,2.029061302010348,0.006059108585375927,9.474184204837078e-08,3.4367822233094464e-10,0.004632810887012398,2.539499362335016e-12,1.4744741796282705e-14,0.009457072986687447,84.5,0.5,0.00828443008033295,84.0,1.0,0.010411355954469835,84.5,0.5,0.009765985792984159,2497.0,61.0,0.027274397117577603,2322.0,3.0,0.029436699218700128,0.9124803767660911,0.01145321191558496,0.03184776912631876,-1.0,0.0,-0.0,-1.0,0.0,-0.0
intel,Intel i9-7900X,cpu,axpy_intel_20260725_163341,axpy_intel_20260725_163341_session5,5,1000000,10,10,10,0,0,0,-1,59052.0,1.698726287001287e-05,1.3183084400192766e-08,0.0017373818247257463,1.698726287001287e-05,1.3183084400192766e-08,0.0017373818247257463,0.0025282336838718415,5.205107363002049e-06,0.003048306753322782,0.0025282336838718415,5.205107363002049e-06,0.003048433519608306,0.0,0.0,3.1622776601683795,148.7996798749761,0.32158372640323307,0.0027142928886165507,117.73528991065149,0.09142234607540445,0.0017395160301531094,706.4117394639089,0.5485340764524267,0.001739516030153104,4.2871086836589224e-08,1.1535981202370573e-10,0.0041552376416426045,7.278522449995594e-13,2.8036105019262608e-15,0.005591651245398068,89.0,0.0,0.006385221734505587,89.0,0.0,0.00928154004902553,89.0,0.0,0.007891714433183985,2756.0,64.0,0.032675815426804214,2519.0,1.0,0.0389984660359134,0.9090761860126022,0.01874103994028764,0.05804950025018944,-1.0,0.0,-0.0,-1.0,0.0,-0.0
intel,Intel i9-7900X,cpu,axpy_intel_20260725_163341,axpy_intel_20260725_163341_session5,5,1000000,16,10,10,0,0,0,-1,33436.0,2.991240360689078e-05,6.479258882640304e-09,0.0010120854948311526,2.991240360689078e-05,6.479258882640304e-09,0.0010120854948311526,0.003952491775331977,4.923166646728528e-06,0.001975488954142614,0.003952491775331977,4.923166646728528e-06,0.001975488954142614,0.0,0.0,nan,132.14188366308537,0.26591694727417803,0.0023782245347849923,66.8618953785395,0.014482772653487075,0.0010106530375596052,401.17137227123703,0.08689663592087982,0.001010653037559559,1.1823781379095052e-07,9.341382845644488e-11,0.0020475203950944426,3.536585494218374e-12,3.696493479285828e-15,0.002556168452498404,85.0,0.0,0.006103992665417521,84.5,0.5,0.0062372340437246146,84.5,0.5,0.0062372340437246146,3571.0,5.5,0.021958750986642,3120.0,1.0,0.01959205935105177,0.8902309698182901,0.018337251634278517,0.03254589995258892,-1.0,0.0,-0.0,-1.0,0.0,-0.0
intel,Intel i9-7900X,cpu,axpy_intel_20260725_163341,axpy_intel_20260725_163341_session5,5,1000000,20,10,10,0,0,0,-1,51183.0,1.962131076724694e-05,1.268660492741638e-08,0.0025430814366667726,1.962131076724694e-05,1.268660492741638e-08,0.0025430814366667726,0.002907435378934412,3.4266064904361643e-06,0.002059487715987918,0.002907435378934412,3.4266064904361643e-06,0.0020593789512383972,0.0,0.0,3.1622776601683795,148.09349065039558,0.15196801232639245,0.002163117394950399,101.92999011072985,0.06590838822453549,0.0025391693396473345,611.5799406643791,0.3954503293472271,0.0025391693396473944,5.7027505020638094e-08,4.58231526949527e-11,0.004082832529472608,1.1187782131811782e-12,5.247404340891905e-16,0.006482562996842239,91.0,0.0,0.005699754740555434,90.0,0.5,0.007474513374424727,90.5,0.5,0.005823715764582651,3973.0,22.0,0.011587607270667901,3600.0,0.0,0.00013419059686630775,0.9060005473703416,0.004998041104677442,0.01175712293036644,-1.0,0.0,-0.0,-1.0,0.0,-0.0
intel,Intel i9-7900X,cpu,axpy_intel_20260725_163341,axpy_intel_20260725_163341_session5,5,2000000,1,10,10,0,0,0,-1,1414.0,0.0007108159950495049,2.0743635077783698e-07,0.0009252390471231408,0.0007108159950495049,2.0743635077783698e-07,0.0009252390471231408,0.03125784052333805,0.00012232885431400463,0.006663704598692904,0.031327165841584154,0.00011524611032531426,0.0066034688795113695,6.795190947666196e-05,4.0144978783592804e-06,0.07919974239129135,43.97072848358968,0.15478626485218072,0.006191033554766998,5.62733552598958,0.0016425672014603876,0.0009256247599992481,33.76401315593748,0.009855403208767655,0.0009256247599992227,2.2220525667865438e-05,8.922572365659385e-08,0.007223177371828895,1.5793320541506718e-08,6.226536566682251e-11,0.007850786837301766,78.0,0.0,0.058419828695228375,78.0,0.0,0.058419828695228375,78.0,0.0,0.0061691684743250055,1658.0,55.5,0.05707975528357964,1340.0,0.0,0.036017092337551314,0.8076100938256658,0.02516920566738995,0.08250676625829544,-1.0,0.0,-0.0,-1.0,0.0,-0.0
intel,Intel i9-7900X,cpu,axpy_intel_20260725_163341,axpy_intel_20260725_163341_session5,5,2000000,2,10,10,0,0,0,-1,2540.0,0.00039373038267716536,2.696931102362044e-07,0.000796146908116152,0.00039373038267716536,2.696931102362044e-07,0.000796146908116152,0.022837735039370078,2.9568110236221842e-05,0.00278888993145678,0.023065066535433068,2.794173228346658e-05,0.00284585329153876,0.00022684055118110235,1.454724409448812e-06,0.017304402885703268,58.03812028736577,0.11540771016508344,0.0026367256537743406,10.159236492977506,0.006958736692229905,0.0007960059931828761,60.955418957865035,0.04175242015337943,0.0007960059931828163,8.996369985267277e-06,1.5146871582638765e-08,0.003142246153964957,3.5444402764876863e-09,7.83850346432648e-12,0.003638736678554741,80.0,1.0,0.04209646569361075,79.0,0.0,0.04339063408949573,79.0,0.0,0.035843021946010946,1782.5,52.5,0.05053085000261438,1542.0,63.0,0.046675698469776074,0.8735967162199889,0.039311964727023474,0.07097197951923584,-1.0,0.0,-0.0,-1.0,0.0,-0.0
intel,Intel i9-7900X,cpu,axpy_intel_20260725_163341,axpy_intel_20260725_163341_session5,5,2000000,4,10,10,0,0,0,-1,5165.0,0.00019490882942884802,5.556279767666945e-07,0.0035018233661350128,0.00019490882942884802,5.556279767666945e-07,0.0035018233661350128,0.016091413939980637,8.419651500482864e-06,0.0010675520566281406,0.016309448983543078,8.842207163600735e-06,0.0010242110735046283,0.0002172511132623427,5.450145208131703e-07,0.0067947685947686515,82.51288448392063,0.2860942928092882,0.0035163643679247967,20.522430003910074,0.05866274125526871,0.003499422469940664,123.13458002346046,0.35197644753159096,0.003499422469940616,3.137579814582031e-06,9.757285411399298e-09,0.0038009246070443794,6.112528316163122e-10,3.4378084114217145e-12,0.007234414299890603,80.0,0.0,0.01809160642470592,80.0,0.5,0.018633899812498248,80.0,0.0,0.006487409290129678,2040.0,127.5,0.054682463471533535,1834.0,71.0,0.050551655746282516,0.8996375801505436,0.004476040021063665,0.04411451374142847,-1.0,0.0,-0.0,-1.0,0.0,-0.0
intel,Intel i9-7900X,cpu,axpy_intel_20260725_163341,axpy_intel_20260725_163341_session5,5,2000000,8,10,10,0,0,0,-1,8844.0,0.00011264120946404341,3.4443464495688924e-08,0.004930274321921957,0.00011264120946404341,3.4443464495688924e-08,0.004930274321921957,0.013611567559927634,1.6390547263681228e-05,0.0025233006139230556,0.01364226266395296,1.568453188602586e-05,0.002529054822312187,2.974451605608322e-05,1.0068407960199015e-06,0.04125979556978184,120.82948783381985,0.1609722126296873,0.0070760323093770755,35.51098243092998,0.010861910234254424,0.0048908247864331775,213.06589458557988,0.06517146140552654,0.004890824786433153,1.533955816317298e-06,8.981842418307039e-10,0.003239987476427467,1.7274393221255552e-10,1.1810101897035766e-13,0.007976725795874008,81.0,1.0,0.022094382412063393,81.0,1.0,0.022094382412063393,79.0,1.0,0.021516302476826014,2519.5,60.5,0.03186220754212361,2199.0,0.0,0.018150445675636197,0.8926392842618951,0.005068042268524142,0.03209015701950336,-1.0,0.0,-0.0,-1.0,0.0,-0.0
intel,Intel i9-7900X,cpu,axpy_intel_20260725_163341,axpy_intel_20260725_163341_session5,5,2000000,10,10,10,0,0,0,-1,9600.0,0.00010406850578124999,4.464640625001401e-08,0.0012815484485401295,0.00010406850578124999,4.464640625001401e-08,0.0012815484485401295,0.014016554270833332,1.4718333333334395e-05,0.0015408480931169118,0.014016818020833334,1.477088541666869e-05,0.0015454073012120895,2.40625e-07,4.786458333333331e-08,0.31746815686698626,134.59429088222035,0.15892124112798456,0.001230649682870615,38.43622185130453,0.016483552159854753,0.0012786739769194582,230.61733110782717,0.0989013129591001,0.0012786739769195087,1.4584611917055603e-06,1.567267113067112e-09,0.002555349405440794,1.518059162573651e-10,1.9742882233780445e-13,0.003742129696231921,86.0,0.0,0.02057240510988692,86.0,1.0,0.021883685553055688,86.0,0.5,0.010710216590590694,2851.5,20.5,0.025734432654661694,2520.0,1.0,0.02694741508894557,0.8840755728833678,0.005735637498065549,0.02393617665096242,-1.0,0.0,-0.0,-1.0,0.0,-0.0
intel,Intel i9-7900X,cpu,axpy_intel_20260725_163341,axpy_intel_20260725_163341_session5,5,2000000,16,10,10,0,0,0,-1,9480.0,0.00010559827542194091,7.362252109701945e-08,0.001093687645111156,0.00010559827542194091,7.362252109701945e-08,0.001093687645111156,0.012917545938818564,1.569335443038066e-05,0.0017347842607148877,0.012921587236286919,1.607020042194117e-05,0.00173771733397319,4.010601265822785e-06,1.3560126582278478e-07,0.08809993795569344,122.18733394552913,0.21181847893003436,0.0019192886477140008,37.87940713293787,0.026427237455621366,0.0010931520940350534,227.27644279762723,0.1585634247337282,0.0010931520940350643,1.3643205101280935e-06,1.973131102429457e-09,0.0021742670124712095,1.4407843432054417e-10,2.873012598503294e-13,0.0029733916760408237,79.5,0.5,0.015404418475009002,79.0,0.0,0.015890842513408943,79.0,0.0,0.006091373159390265,3432.5,9.5,0.0068095921968536815,3119.0,0.0,0.01208598944327788,0.9111939925910215,0.004888956572433378,0.012573453984905563,-1.0,0.0,-0.0,-1.0,0.0,-0.0
intel,Intel i9-7900X,cpu,axpy_intel_20260725_163341,axpy_intel_20260725_163341_session5,5,2000000,20,10,10,0,0,0,-1,9228.0,0.00010848259877546597,1.0437434980495005e-07,0.001103553942068444,0.00010848259877546597,1.0437434980495005e-07,0.001103553942068444,0.014497082412223666,2.351977676636266e-05,0.0019228536664158285,0.014499954919809276,2.351890983961699e-05,0.0019284451479490222,2.8501300390117033e-06,1.6991764195925443e-07,0.09709008551031688,133.55403111502307,0.09514053282154578,0.001472943963143144,36.872273426488945,0.03550991908428003,0.0011033039452477311,221.2336405589337,0.21305951450565885,0.0011033039452477246,1.573263040506087e-06,3.639138444685251e-09,0.0027676806491094236,1.7071505184833956e-10,5.998184723947713e-13,0.003749568641396725,84.0,0.0,0.00828443008033295,84.0,0.0,0.008006507208903356,84.0,0.0,0.0037601399050753623,4000.0,2.0,0.015820455253208267,3600.0,0.0,0.00013419059686630775,0.9,0.00045000011250001526,0.016479581640899372,-1.0,0.0,-0.0,-1.0,0.0,-0.0
intel,Intel i9-7900X,cpu,axpy_intel_20260725_163341,axpy_intel_20260725_163341_session5,5,4000000,1,10,10,0,0,0,-1,576.0,0.0018103571414930556,2.8832005208333017e-06,0.010619787414640444,0.0018103571414930556,2.8832005208333017e-06,0.010619787414640444,0.0799836657986111,0.00019767447916666653,0.008221370410043099,0.08128680902777777,0.00018299826388889356,0.00864761419849768,0.0012966085069444442,1.3852430555555471e-05,0.03800213731378041,44.23628423525179,0.06867662354127901,0.003743495275297112,4.419019941075756,0.007040138306925847,0.01085623879781091,26.51411964645453,0.04224082984155331,0.010856238797810917,0.00014467935510181583,5.598986877125914e-07,0.01846775324847637,2.620116881198319e-07,1.2073011081080844e-09,0.028636189210905327,78.0,0.0,0.06660654148595323,78.0,0.0,0.06704228119545157,78.0,0.0,0.004049011088563866,1647.5,82.0,0.07613566079952218,1339.5,0.5,0.03284103940176796,0.845869328840616,0.03703620564779336,0.07464632638444513,-1.0,0.0,-0.0,-1.0,0.0,-0.0
intel,Intel i9-7900X,cpu,axpy_intel_20260725_163341,axpy_intel_20260725_163341_session5,5,4000000,2,10,10,0,0,0,-1,978.0,0.0010307342525562372,1.5174207566462459e-06,0.003427151461448251,0.0010307342525562372,1.5174207566462459e-06,0.003427151461448251,0.05831220194274028,0.0002570894683026556,0.016947629778625496,0.0596971099182004,0.0002513588957055203,0.016368158618883525,0.0013923312883435584,7.4233128834356316e-06,0.011983630088610439,56.531384096184524,0.38234061579199263,0.015800750627722036,7.761459856304137,0.01143496644813391,0.0034147121045996444,46.56875913782483,0.06860979868880435,0.003414712104599648,6.009614620696091e-05,1.7511970114337687e-07,0.01867850606926879,6.198353335388646e-08,2.5256045113021197e-10,0.02085483391165054,77.5,0.5,0.035131002189489585,77.0,0.0,0.036762073790780454,77.0,0.0,0.007362467084274277,1804.0,16.5,0.03650423579410598,1479.0,0.0,0.045002541443205965,0.8293575284622374,0.037234471903461464,0.05941903546720716,-1.0,0.0,-0.0,-1.0,0.0,-0.0
intel,Intel i9-7900X,cpu,axpy_intel_20260725_163341,axpy_intel_20260725_163341_session5,5,4000000,4,10,10,0,0,0,-1,1213.0,0.0008394494991755977,4.478503709809791e-07,0.0007069348730088751,0.0008394494991755977,4.478503709809791e-07,0.0007069348730088751,0.05853550824402308,0.00021719538334707966,0.007577732110664364,0.060105505358615,0.00022103586150041057,0.007480113322722045,0.001564547815333883,1.4120774938169794e-05,0.011574115496928484,69.69685994338542,0.2595491407098933,0.00774877562789359,9.53005532615951,0.005086934129911569,0.0007069538993315829,57.180331956957055,0.03052160477946586,0.0007069538993315241,4.912356089135331e-05,2.153626954888807e-07,0.007470121197716826,4.120543443730029e-08,2.063443323719524e-10,0.007428695107233047,76.0,0.0,0.03239530204999083,76.0,0.0,0.03269704753471367,76.0,0.0,0.004155423994965019,2076.0,53.5,0.04738068912473865,1839.0,10.0,0.0380527498964033,0.8683514954174398,0.038678069923491376,0.07233388375157816,-1.0,0.0,-0.0,-1.0,0.0,-0.0
intel,Intel i9-7900X,cpu,axpy_intel_20260725_163341,axpy_intel_20260725_163341_session5,5,4000000,8,10,10,0,0,0,-1,1440.0,0.0007628647986111111,2.8026180555555105e-07,0.0022045855023773916,0.0007628647986111111,2.8026180555555105e-07,0.0022045855023773916,0.07141745625000001,0.00010960833333333031,0.002914419939344642,0.07304348993055555,0.00011288090277777191,0.002826607844782094,0.0016329881944444444,5.934027777777665e-06,0.004620733048301452,93.57406064307314,0.04502714367406213,0.0009787912059204245,10.486786161211956,0.0038543066717897645,0.002198405235486285,62.92071696727173,0.023125840030740363,0.0021984052354862187,5.447566059523381e-05,1.1362826229837698e-07,0.005082384171273789,4.155283272762907e-08,9.603022246478882e-11,0.007283609965361099,75.5,0.5,0.02007752209163366,75.0,0.0,0.02070041263503859,75.0,0.0,0.006414952078879787,2628.5,21.0,0.037200695273837035,2303.0,21.5,0.0477290169166909,0.8749019343784115,0.027000419240824747,0.07145148846648186,-1.0,0.0,-0.0,-1.0,0.0,-0.0
intel,Intel i9-7900X,cpu,axpy_intel_20260725_163341,axpy_intel_20260725_163341_session5,5,4000000,10,10,10,0,0,0,-1,1605.0,0.0007206866878504672,7.428130841116232e-08,0.001494442032684012,0.0007206866878504672,7.428130841116232e-08,0.001494442032684012,0.0734693124610592,0.0001846831775700955,0.0037241246117138064,0.07504877320872275,0.00018769750778817318,0.0037425443913185028,0.0015794607476635513,9.575700934579424e-06,0.008573636031923668,101.94476055324508,0.2555693431040993,0.002749981465406187,11.100524189664512,0.0011441617821468242,0.0014894673275189796,66.60314513798708,0.00686497069287384,0.0014894673275189548,5.29476934523345e-05,1.0881024627145693e-07,0.0049716100373589835,3.815822113745068e-08,6.857760913175286e-11,0.006336492778630514,76.0,0.0,0.012433594994108963,76.0,0.0,0.01446130006063879,76.0,0.0,0.005562493685432506,2902.5,17.0,0.02257434019297458,2519.0,1.0,0.020276172118182906,0.8647697898629929,0.006277084449746062,0.03440569422288662,-1.0,0.0,-0.0,-1.0,0.0,-0.0
intel,Intel i9-7900X,cpu,axpy_intel_20260725_163341,axpy_intel_20260725_163341_session5,5,4000000,16,10,10,0,0,0,-1,1529.0,0.0006757017766514062,2.2461935905823856e-07,0.001048414286820113,0.0006757017766514062,2.2461935905823856e-07,0.001048414286820113,0.07007606376716809,0.00019078940483976264,0.003881767327886579,0.07156669293655984,0.00019763799869195603,0.0037676722034058383,0.00150140124264225,1.2333224329627145e-05,0.01143626414244902,103.71974787374177,0.26879794170058346,0.0031504951284405413,11.839542692237425,0.003937008013218168,0.0010464895670524142,71.03725615342454,0.023622048079317892,0.0010464895670523494,4.734541952845671e-05,1.4501937297721753e-07,0.004736978754684465,3.198793924833017e-08,1.0877226433626313e-10,0.005661311061221772,76.0,0.0,0.020668481439009016,76.0,0.0,0.021551638804936244,76.0,0.0,0.004166373728812094,3439.0,0.0,0.0001501418211008671,3119.0,0.0,0.0001548571447246651,0.9069496946786857,0.00014534883720929148,0.00022508526014187606,-1.0,0.0,-0.0,-1.0,0.0,-0.0
intel,Intel i9-7900X,cpu,axpy_intel_20260725_163341,axpy_intel_20260725_163341_session5,5,4000000,20,10,10,0,0,0,-1,1327.0,0.0007757265463451395,6.200663149962503e-07,0.0031013278873610554,0.0007757265463451395,6.200663149962503e-07,0.0031013278873610554,0.08109249472494348,0.0001033500376789731,0.002817409768909932,0.08290438018085908,0.00010676827430293467,0.002741245188566298,0.0018160648078372268,5.978146194423554e-06,0.005429525672829321,104.55926870338466,0.13501446872184886,0.0016879674254591808,10.312912769337622,0.00824430937121523,0.00308431340688715,61.87747661602573,0.04946585622729671,0.0030843134068871745,6.285678148163855e-05,9.840494503439825e-08,0.005692091820078485,4.876648922738e-08,1.412718491729708e-10,0.00874967473275197,78.0,0.0,0.019659813940139173,78.0,0.0,0.021018035958835807,78.0,0.0,0.007268197339277168,3999.5,0.5,0.0043883233712739295,3600.0,0.0,0.0001434597676114908,0.8999874968742185,0.0002375281320329825,0.00430603367698049,-1.0,0.0,-0.0,-1.0,0.0,-0.0
intel,Intel i9-7900X,cpu,axpy_intel_20260725_163341,axpy_intel_20260725_163341_session5,5,8000000,1,10,10,0,0,0,-1,251.0,0.004056528243027888,4.845207171315109e-06,0.004188665339662427,0.004056528243027888,4.845207171315109e-06,0.004188665339662427,0.18073059163346614,0.0009938247011952034,0.01907461199823846,0.18429011354581676,0.001056517928286843,0.018698141784769813,0.00357206374501992,2.0665338645418354e-05,0.01833819217771628,44.58221050725036,0.1468163625317338,0.019480108375758694,3.944259516524599,0.004707576009952863,0.004222435096812783,23.66555709914759,0.028245456059719842,0.004222435096812821,0.0007328853806345477,9.406924981525562e-06,0.019584844156761178,2.971907050333266e-06,4.147945693649229e-08,0.020923791824238855,78.0,0.0,0.07905694150420949,78.0,0.0,0.07905694150420949,78.0,0.0,0.004059406495723208,1364.5,24.5,0.527042059494486,1340.0,1.0,0.5109442226306955,0.9816785365172462,0.020715847203761795,0.5460153096596241,-1.0,0.0,-0.0,-1.0,0.0,-0.0
intel,Intel i9-7900X,cpu,axpy_intel_20260725_163341,axpy_intel_20260725_163341_session5,5,8000000,2,10,10,0,0,0,-1,393.0,0.0025508534427480917,1.7692989821883887e-06,0.0020645514996918825,0.0025508534427480917,1.7692989821883887e-06,0.0020645514996918825,0.14482114631043255,0.0009589325699745771,0.015328382275579646,0.14854895547073793,0.0010127735368956614,0.014917987447242454,0.003800531806615776,3.7918575063613114e-05,0.013197245698279372,56.79266387741842,0.4166933058377964,0.014838539007184256,6.272410971808393,0.0043531968425534195,0.0020614528870781744,37.63446583085036,0.026119181055317853,0.0020614528870781684,0.00036919961172894117,3.438684472153276e-06,0.016074889945276265,9.431234735453368e-07,9.79340248030007e-09,0.017045500629378565,77.0,0.5,0.06492844515353567,77.0,0.0,0.06619557978241007,77.0,0.0,0.010733671477817008,1830.0,0.0,0.02793404610187066,1619.0,1.0,0.027126425322911357,0.8852459016393442,0.0019422600517056132,0.038249429032609535,-1.0,0.0,-0.0,-1.0,0.0,-0.0
intel,Intel i9-7900X,cpu,axpy_intel_20260725_163341,axpy_intel_20260725_163341_session5,5,8000000,4,10,10,0,0,0,-1,461.0,0.0021787817396963123,3.35316052060765e-06,0.00165073255217132,0.0021787817396963123,3.35316052060765e-06,0.00165073255217132,0.145740989154013,0.0006552331887201696,0.013954556528350776,0.14964604013015184,0.0006549078091106081,0.01348814399237872,0.0039050509761388284,3.2557483731019765e-05,0.0111444339492611,66.94514314721343,0.2587097449093747,0.01308707225686612,7.343553376541743,0.011303335950854976,0.0016506382712484853,44.06132025925045,0.06782001570513074,0.001650638271248472,0.00031737658284857937,2.0891512217025455e-06,0.014954961335664247,6.917699500326389e-07,5.3460469377442815e-09,0.016063496347537624,74.0,0.0,0.04631831459634111,74.0,0.0,0.04631831459634111,74.0,0.0,0.0,2196.0,78.5,0.06614669523030353,1849.0,119.0,0.06817405919046977,0.8393465889197457,0.03846795032486239,0.08099918591947135,-1.0,0.0,-0.0,-1.0,0.0,-0.0
intel,Intel i9-7900X,cpu,axpy_intel_20260725_163341,axpy_intel_20260725_163341_session5,5,8000000,8,10,10,0,0,0,-1,464.0,0.0021663897618534483,6.557855603448685e-07,0.0005031007219415886,0.0021663897618534483,6.557855603448685e-07,0.0005031007219415886,0.1981673588362069,0.00019967887931035544,0.0025082390173097667,0.20266870797413794,0.00017735452586209455,0.0024181576113967078,0.004526129310344827,2.3691810344827428e-05,0.00808727804061584,91.47434279853306,0.061677849563793075,0.0022797373621337856,7.385559275840825,0.002235683587819892,0.000503092276095088,44.31335565504496,0.013414101526926459,0.0005030922760951412,0.0004292015549598071,3.1318345972521696e-07,0.0028095238652250374,9.299352965089459e-07,8.782446573293586e-10,0.003162865005515659,76.0,0.0,0.04001297355640206,76.0,0.0,0.04076385496350426,76.0,0.0,0.005533294243514225,2612.5,8.0,0.00514598552015932,2200.0,1.0,0.05145806955630387,0.8484146886169259,0.00954726929361871,0.05050970524294655,-1.0,0.0,-0.0,-1.0,0.0,-0.0
intel,Intel i9-7900X,cpu,axpy_intel_20260725_163341,axpy_intel_20260725_163341_session5,5,8000000,10,10,10,0,0,0,-1,453.0,0.0022126466169977927,3.5753311258303333e-07,0.002116139086483987,0.0022126466169977927,3.5753311258303333e-07,0.002116139086483987,0.22536998565121413,0.00015460816777042308,0.0027634951758609277,0.23024215562913908,0.00016416556291388995,0.0026689846498361785,0.004830729580573952,3.3284768211920904e-05,0.007735791918608321,101.87447676353585,0.0859787749340839,0.0015017043943102175,7.231159229304945,0.0011686433785960126,0.002105060954747047,43.386955375829665,0.007011860271582293,0.002105060954747033,0.000498569761872882,2.8518458524789915e-07,0.00469937714544212,1.1032307092493064e-06,7.770875961710694e-10,0.006763096963424141,79.0,0.0,0.022110985751790734,78.5,0.5,0.023110656434817137,78.5,0.5,0.00671396530821312,2902.0,74.5,0.04074902679805654,2519.0,1.0,0.02502049500382904,0.8668225867150948,0.021448977724564777,0.041888618433965394,-1.0,0.0,-0.0,-1.0,0.0,-0.0
intel,Intel i9-7900X,cpu,axpy_intel_20260725_163341,axpy_intel_20260725_163341_session5,5,8000000,16,10,10,0,0,0,-1,446.0,0.0022433916995515694,2.861177130046577e-07,0.00023018973168480118,0.0022433916995515694,2.861177130046577e-07,0.00023018973168480118,0.2154905,0.00024105941704033462,0.0016799073025213947,0.2206761020179372,0.00026996076233185007,0.0017080036280516056,0.005194367713004484,2.7236547085202588e-05,0.008222100436292889,96.06130353577933,0.11898783533501955,0.0016619687767724667,7.132058143730603,0.0009096218511586152,0.00023012649740869085,42.79234886238362,0.0054577311069543555,0.00023012649740863198,0.00048340127014040576,6.155507614700475e-07,0.0017286203838155338,1.0844066251654594e-06,1.2554924468108375e-09,0.0018056432146125575,75.0,0.5,0.023860949943569666,74.0,0.0,0.024738659741321396,74.0,0.0,0.006940830369547343,3588.5,13.5,0.02055104137656345,3127.0,2.0,0.01611961757191351,0.8724893032641393,0.0036903470387228965,0.021414948842329817,-1.0,0.0,-0.0,-1.0,0.0,-0.0
intel,Intel i9-7900X,cpu,axpy_intel_20260725_163341,axpy_intel_20260725_163341_session5,5,8000000,20,10,10,0,0,0,-1,419.0,0.002389608429594272,7.54455847255071e-07,0.0014153020288156755,0.002389608429594272,7.54455847255071e-07,0.0014153020288156755,0.24564387947494032,0.0001513508353221671,0.0011397588103749133,0.25129921957040574,0.00014627565632457928,0.0011147500810345667,0.0056539343675417655,1.5536992840096183e-05,0.008257037932257417,102.78616609249525,0.047981773937067373,0.0010353471113713115,6.695657763566032,0.0021143182389868898,0.001410805632559825,40.173946581396194,0.012685909433923115,0.001410805632559831,0.0005870819137714673,2.9606422452847173e-07,0.002354474934162051,1.4027489171273675e-06,7.013011435623511e-10,0.0037207337334902533,77.0,0.0,0.020401791355925028,77.0,0.0,0.020401791355925028,77.0,0.0,0.0,4030.0,1.0,0.0033360687439378768,3600.0,0.0,8.784348621262755e-05,0.8933002481389578,0.0002217726534605169,0.0033879590358719203,-1.0,0.0,-0.0,-1.0,0.0,-0.0
intel,Intel i9-7900X,cpu,axpy_intel_20260725_163341,axpy_intel_20260725_163341_session5,5,16000000,1,10,10,0,0,0,-1,116.0,0.008722849568965518,7.590586206894685e-06,0.002526904272758577,0.008722849568965518,7.590586206894685e-06,0.002526904272758577,0.3842684655172414,0.00357554741379304,0.016139286312529956,0.3919289525862069,0.003743318965517217,0.015808960040998212,0.007794034482758621,3.838362068965453e-05,0.011606220943506319,44.2309332479329,0.34594540046299826,0.016094196214317763,3.668525949846879,0.003189551750482078,0.0025396561090757835,22.01115569908128,0.019137310502895133,0.0025396561090757722,0.0033442801092841545,4.149534697951273e-05,0.016579828931361486,2.9154721988319254e-05,4.205778428601642e-07,0.0173802154520413,77.0,0.0,0.09171801536427834,77.0,0.0,0.0935910253705436,77.0,0.0,0.006741485371988543,1364.0,1.0,0.00887269413173429,1340.0,1.0,0.52170150242364,1.0003734129947723,0.018701858742572908,0.5170361113477945,-1.0,0.0,-0.0,-1.0,0.0,-0.0
intel,Intel i9-7900X,cpu,axpy_intel_20260725_163341,axpy_intel_20260725_163341_session5,5,16000000,2,10,10,0,0,0,-1,177.0,0.005662426446327683,1.600765536723895e-06,0.0005488029862399905,0.005662426446327683,1.600765536723895e-06,0.0005488029862399905,0.31409059322033894,0.00047517796610169194,0.01058211270779563,0.32294086440677966,0.0006694604519774106,0.010177257455018277,0.009011785310734464,5.718079096045121e-05,0.013564677265367317,55.46119113578553,0.13476758761964902,0.010627070379785504,5.651287537887533,0.0015971667301712955,0.0005490899076362759,33.907725227325194,0.00958300038102422,0.0005490899076363004,0.0017778326146482854,3.39296162203879e-06,0.010566020436894641,1.0061499903325621e-05,2.489419575030155e-08,0.010578880371957644,77.0,0.0,0.060425687773918074,77.0,0.0,0.060425687773918074,77.0,0.0,0.0,1673.5,83.0,0.441952033832984,1619.0,1.0,0.0490336359684332,0.8878253109166283,0.12583567563746495,0.2785263860494814,-1.0,0.0,-0.0,-1.0,0.0,-0.0
intel,Intel i9-7900X,cpu,axpy_intel_20260725_163341,axpy_intel_20260725_163341_session5,5,16000000,4,10,10,0,0,0,-1,204.0,0.004931456193627452,9.5224803921567e-06,0.0021468006533403626,0.004931456193627452,9.5224803921567e-06,0.0021468006533403626,0.34470982352941176,0.0022716078431372633,0.011422950152222337,0.35374941176470587,0.0023332573529411815,0.011069343811116355,0.009033901960784314,4.995098039215634e-05,0.007871321794518799,69.79278540689496,0.47934286312113983,0.010793859494226558,6.48895879272688,0.012523241888998449,0.0021475259492620405,38.93375275636128,0.07513945133399247,0.0021475259492620665,0.0016984144979616954,1.4948680595669428e-05,0.012393957441875823,8.38498375738866e-06,7.372399969136455e-08,0.01363367658716574,77.0,0.0,0.05380091477304967,77.0,0.0,0.05439282932204211,77.0,0.0,0.006297860385132307,2039.5,13.5,0.03468204949732665,1826.0,60.0,0.048425288774615716,0.8938597768445575,0.008272058823529438,0.04751889201881988,-1.0,0.0,-0.0,-1.0,0.0,-0.0
intel,Intel i9-7900X,cpu,axpy_intel_20260725_163341,axpy_intel_20260725_163341_session5,5,16000000,8,10,10,0,0,0,-1,204.0,0.004921422492647059,8.576789215690786e-07,0.0015216383158316996,0.004921422492647059,8.576789215690786e-07,0.0015216383158316996,0.4554364387254902,0.0010775392156862906,0.0040765989692830166,0.46587763970588236,0.0010644534313725418,0.003982684684415941,0.010444122549019608,1.4960784313725571e-05,0.004611578033089304,92.5429563429272,0.22027628278886624,0.003369886014706012,6.502185148619279,0.001133326333823792,0.0015162544505358962,39.013110891715684,0.006799958002936535,0.0015162544505358685,0.0022405934119247824,4.530531663048424e-06,0.005155166896958607,1.1025831445243575e-05,2.579130978805696e-08,0.006424734839198665,77.0,0.0,0.05214186978488398,77.0,0.0,0.05214186978488398,77.0,0.0,0.004101527445095175,2615.5,16.0,0.030853904107967952,2447.5,2.0,0.037973181629126454,0.8921516247465615,0.024724421673653185,0.04865759121382514,-1.0,0.0,-0.0,-1.0,0.0,-0.0
intel,Intel i9-7900X,cpu,axpy_intel_20260725_163341,axpy_intel_20260725_163341_session5,5,16000000,10,10,10,0,0,0,-1,196.0,0.005102698612244898,5.91096938775456e-07,0.0002622598020934265,0.005102698612244898,5.91096938775456e-07,0.0002622598020934265,0.5265006785714286,0.0007915867346939276,0.0033934906770591695,0.5378477346938775,0.0009447831632654058,0.003283099112805599,0.011440885204081633,8.157653061224412e-05,0.010769178179787713,103.1753977362572,0.16393835341296636,0.003204173111829415,6.271191468355019,0.0007263855053296631,0.00026220886713997115,37.627148810130116,0.0043583130319788665,0.000262208867139972,0.0026865404136082417,4.474751561295157e-06,0.0035920818536033234,1.3710539344553342e-05,2.2950102860509324e-08,0.003798503015912793,79.0,0.0,0.036961189619884066,78.5,0.5,0.03856820848986012,78.5,0.5,0.00671396530821312,2898.5,23.0,0.023530232090331192,2519.0,1.0,0.025179974758432748,0.8367657581918684,0.03247801270522005,0.03684937733309706,-1.0,0.0,-0.0,-1.0,0.0,-0.0
intel,Intel i9-7900X,cpu,axpy_intel_20260725_163341,axpy_intel_20260725_163341_session5,5,16000000,16,10,10,0,0,0,-1,195.0,0.005134674825641026,2.0206717948716146e-06,0.0005170671370336405,0.005134674825641026,2.0206717948716146e-06,0.0005170671370336405,0.49988025128205127,0.00031878974358978684,0.0009376901185261094,0.5116822,0.00036567179487184687,0.0009902128270346303,0.011826351282051282,3.381538461538422e-05,0.0059154099486725,97.36615417596221,0.047632429851312,0.0010368104403048247,6.232137598291285,0.002453520877506943,0.0005169258272601764,37.39282558974771,0.014721125265037216,0.0005169258272601359,0.002566398881834176,1.659423169142948e-06,0.0011037679945830035,1.3179091575907953e-05,1.4486639440319864e-08,0.0014465605525214487,76.0,0.0,0.04915457502852403,76.0,0.0,0.04915457502852403,76.0,0.0,0.0,3470.0,16.5,0.020427403323070182,3262.0,27.0,0.020980354012650144,0.909089648211004,0.009015295814328472,0.02662773403891961,-1.0,0.0,-0.0,-1.0,0.0,-0.0
intel,Intel i9-7900X,cpu,axpy_intel_20260725_163341,axpy_intel_20260725_163341_session5,5,16000000,20,10,10,0,0,0,-1,184.0,0.0054453757961956525,8.910298913041015e-07,0.0001937215454349318,0.0054453757961956525,8.910298913041015e-07,0.0001937215454349318,0.5635568858695652,0.0006483315217391539,0.0016818663700095386,0.5768097201086957,0.0006214728260869329,0.0016674849885065072,0.013267304347826088,3.188858695652233e-05,0.004455091265308209,103.50916423442851,0.08321274215955299,0.001578801882756296,5.876545760202383,0.0009617223167057709,0.00019372377625254586,35.2592745612143,0.005770333900233737,0.00019372377625254524,0.003068441645667249,4.600903778889621e-06,0.0017999716245257638,1.670912010384805e-05,2.7204722878132088e-08,0.0019303582058472564,78.0,0.0,0.040028831141371894,78.0,0.0,0.040028831141371894,78.0,0.0,0.0,4022.0,8.0,0.004412491871060061,3599.0,0.0,0.00011714742758273614,0.894953350467268,0.0019012412861265648,0.004404703643863967,-1.0,0.0,-0.0,-1.0,0.0,-0.0
intel,Intel i9-7900X,cpu,axpy_intel_20260725_163341,axpy_intel_20260725_163341_session5,5,32000000,1,10,10,0,0,0,-1,56.0,0.01794303358035714,1.7624107142844014e-06,0.000761925394932553,0.01794303358035714,1.7624107142844014e-06,0.000761925394932553,0.7995688571428572,0.0025683750000000116,0.016741440920864884,0.8157916339285713,0.0025488392857141995,0.016492903893428505,0.016164303571428573,5.436607142857153e-05,0.009376927298803364,44.562946451074026,0.13399947828990122,0.016157502992179162,3.5668439077134106,0.0003503789232763843,0.0007628131775570039,21.401063446280467,0.0021022735396556413,0.0007628131775570678,0.014346231842166258,4.902599474880878e-05,0.01733659139993923,0.00025740668553132263,1.0230740579789403e-06,0.01794173389152811,77.0,1.0,0.0937810581050332,76.5,0.5,0.09436446761357249,76.0,0.0,0.009243225897863368,1365.0,5.5,0.04799878656690729,1340.0,0.5,0.04371389180258906,0.9816849816849816,0.009072171332141832,0.07147038861876621,-1.0,0.0,-0.0,-1.0,0.0,-0.0
intel,Intel i9-7900X,cpu,axpy_intel_20260725_163341,axpy_intel_20260725_163341_session5,5,32000000,2,10,10,0,0,0,-1,85.0,0.01184020588235294,1.994464705882236e-06,0.0006893886781213994,0.01184020588235294,1.994464705882236e-06,0.0006893886781213994,0.6586531,0.00168169411764707,0.013189758150273978,0.6767973705882353,0.0016669352941175997,0.012639230124247133,0.018192688235294116,0.00018899999999999993,0.013613978291938889,55.618120078417924,0.14076431092665587,0.012942111661050889,5.405311415839958,0.0009104756893796306,0.0006886660664050074,32.43186849503975,0.0054628541362760075,0.0006886660664050607,0.007798612711366745,2.0089349520264338e-05,0.013469751774252869,9.230085261320014e-05,2.5078168791132566e-07,0.013780233582620118,78.0,0.0,0.06151119833819903,78.0,0.5,0.0620628961245693,78.0,0.0,0.006654610560493845,1642.5,31.0,0.058786712043794494,1620.0,70.5,0.4378271610178423,0.9988026648693962,0.1338051980831626,0.4750697986373063,-1.0,0.0,-0.0,-1.0,0.0,-0.0
intel,Intel i9-7900X,cpu,axpy_intel_20260725_163341,axpy_intel_20260725_163341_session5,5,32000000,4,10,10,0,0,0,-1,96.0,0.010406677453125,7.797098958334074e-06,0.0019093406544868016,0.010406677453125,7.797098958334074e-06,0.0019093406544868016,0.7070898385416666,0.005547510416666679,0.01414322064625013,0.725925890625,0.005464635416666697,0.013738509458869645,0.018973354166666668,4.98802083333319e-05,0.006505999631918385,67.89652067533109,0.549368027306997,0.013107576680597078,6.149897643791258,0.004611353246211536,0.0019148157363075556,36.89938586274754,0.027668119477269215,0.0019148157363075699,0.007363797284263871,5.2249463487573714e-05,0.015337786973970226,7.665464890615859e-05,4.867216009099204e-07,0.01665533042360464,75.0,0.5,0.07842831195187298,74.5,0.5,0.0799910850126471,74.0,0.0,0.06150266925962037,1883.5,77.0,0.049735088730415745,1719.0,19.0,0.07151344478445341,0.9655125720143425,0.0618156757834063,0.07247934533586388,-1.0,0.0,-0.0,-1.0,0.0,-0.0
intel,Intel i9-7900X,cpu,axpy_intel_20260725_163341,axpy_intel_20260725_163341_session5,5,32000000,8,10,10,0,0,0,-1,97.0,0.010454444525773196,1.4261917525773896e-05,0.0021982338936835702,0.010454444525773196,1.4261917525773896e-05,0.0021982338936835702,0.954385731958763,0.0017385567010308467,0.0034684864096625628,0.9756341958762886,0.001710953608247412,0.00342655843126387,0.021522443298969074,0.0002312371134020625,0.013725344728477586,91.24889708081027,0.10303723007104537,0.004231672304068928,6.121798244222791,0.00833996366832812,0.002200551746914424,36.73078946533674,0.05003978200996784,0.0022005517469144862,0.00997601457518101,1.4326888356537039e-05,0.003983083340615269,0.0001042693532262874,2.7811836715459215e-07,0.005420328687382346,75.0,0.5,0.06450952803486769,74.0,0.0,0.06556801010087349,74.0,0.0,0.006501290599456904,2472.0,8.5,0.03290165729657301,2324.0,18.5,0.039117795509999255,0.933691143127042,0.007934632904190442,0.024095886274094175,-1.0,0.0,-0.0,-1.0,0.0,-0.0
intel,Intel i9-7900X,cpu,axpy_intel_20260725_163341,axpy_intel_20260725_163341_session5,5,32000000,10,10,10,0,0,0,-1,93.0,0.010797924188172043,6.502204301086709e-07,0.00014124043073621338,0.010797924188172043,6.502204301086709e-07,0.00014124043073621338,1.097097564516129,0.002585779569892477,0.0036865498123199347,1.121563994623656,0.0027468387096774016,0.003658408353460828,0.02460461827956989,9.394623655914133e-05,0.004906878776695481,101.60820021021324,0.23126942614851487,0.0037614203021013276,5.927065136441687,0.00035688773723219214,0.00014121896244235344,35.56239081865013,0.0021413264234020346,0.0001412189624423372,0.011845727686201069,2.8877169289305733e-05,0.0036156142923191377,0.000127902266358372,3.0231538277734644e-07,0.003548852259961778,76.0,0.0,0.04106854104114779,76.0,0.0,0.04106854104114779,76.0,0.0,0.0,2887.0,21.5,0.030195986478247488,2459.5,60.0,0.08776866015768073,0.870608742441517,0.03664166382027234,0.08441928886279325,-1.0,0.0,-0.0,-1.0,0.0,-0.0
intel,Intel i9-7900X,cpu,axpy_intel_20260725_163341,axpy_intel_20260725_163341_session5,5,32000000,16,10,10,0,0,0,-1,93.0,0.010783459537634408,5.818580645160741e-06,0.0006180949248450185,0.010783459537634408,5.818580645160741e-06,0.0006180949248450185,1.037552010752688,0.0015153709677417915,0.0020065076574860754,1.0621419086021504,0.0016401720430108124,0.0019258355633204288,0.024697241935483873,0.0001448548387096779,0.008285791103703422,96.16654764839507,0.07702581438352496,0.0016965472596939825,5.935015547710292,0.0032025407181621723,0.0006178741263594852,35.61009328626176,0.01921524430897037,0.0006178741263594785,0.011191648223414435,2.678642449514823e-05,0.002436670863651045,0.00012071973287985192,3.4199652884049425e-07,0.002934785505870538,76.0,0.0,0.05197416997338204,76.0,0.0,0.05241315099765136,76.0,0.0,0.005533294243514225,3580.0,0.0,0.012261684776279981,3238.5,61.0,0.020401124800414897,0.888268156424581,0.0005743466309524603,0.020121928608098038,-1.0,0.0,-0.0,-1.0,0.0,-0.0
intel,Intel i9-7900X,cpu,axpy_intel_20260725_163341,axpy_intel_20260725_163341_session5,5,32000000,20,10,10,0,0,0,-1,87.0,0.011504554057471264,9.629770114953293e-07,0.0001528533805419093,0.011504554057471264,9.629770114953293e-07,0.0001528533805419093,1.1811587931034482,0.0006626149425287275,0.001181018084394276,1.2083836609195402,0.0004545862068965345,0.0012055582457635796,0.027297310344827585,0.000111408045977009,0.0073959469578126205,102.66774739404728,0.06033530138153509,0.0011516672190202267,5.563014411223459,0.00046560792056915545,0.0001528400700021294,33.37808646734076,0.002793647523425591,0.00015284007000212365,0.013590498528676578,7.141354506822774e-06,0.0012288069154550282,0.00015634164310348908,1.1931326786676947e-07,0.001292995651439126,77.0,0.0,0.03653465846150888,77.0,0.0,0.03653465846150888,77.0,0.0,0.0,4046.0,4.0,0.003836785493048211,3599.0,0.0,0.000600068583185913,0.8899606528876358,0.00130493306841728,0.003836880341022272,-1.0,0.0,-0.0,-1.0,0.0,-0.0
intel,Intel i9-7900X,cpu,axpy_intel_20260725_163341,axpy_intel_20260725_163341_session5,5,64000000,1,10,10,0,0,0,-1,28.0,0.036483803964285716,1.350587500000347e-05,0.0005464850095697846,0.036483803964285716,1.350587500000347e-05,0.0005464850095697846,1.5859683214285714,0.009766678571428655,0.00997140137654673,1.618988732142857,0.010019125000000129,0.009797372398213653,0.03269473214285715,0.00021830357142857762,0.009439484059172698,43.477695594558035,0.24951215049748043,0.009738714280131905,3.508406125372556,0.0012990115580777672,0.000546636550686413,21.050436752235335,0.007794069348465271,0.0005466365506864144,0.05787572247943526,0.00038054558623226015,0.010227545907047313,0.0021120217752333423,1.4261674467925742e-05,0.010505409205640704,76.5,0.5,0.09085108735646999,76.0,0.0,0.0913907633387683,76.0,0.0,0.006330876691214259,1365.0,3.0,0.05206062367147011,1339.5,0.5,0.03630516273431393,0.9816782679685905,0.00130039386193892,0.04604237035088657,-1.0,0.0,-0.0,-1.0,0.0,-0.0
intel,Intel i9-7900X,cpu,axpy_intel_20260725_163341,axpy_intel_20260725_163341_session5,5,64000000,2,10,10,0,0,0,-1,42.0,0.024331710785714285,9.116689285714082e-05,0.004231011607326574,0.024331710785714285,9.116689285714082e-05,0.004231011607326574,1.3435845357142857,0.002490821428571488,0.010549486426402244,1.3804944285714287,0.0024499404761906263,0.009997045210552362,0.036732202380952386,0.0003855952380952335,0.013627143047611088,55.33458350871264,0.1779187384601819,0.009914641798709633,5.2606258336597085,0.019784627312198655,0.004226701410093496,31.563755001958253,0.11870776387318926,0.004226701410093487,0.03270770117474624,0.00016943135872410017,0.012652435465911617,0.0007957723052104415,8.655992786258846e-06,0.01564554658743515,76.0,0.5,0.06367282857916254,75.0,0.0,0.06471537017758515,75.0,0.0,0.006848776916370322,1633.0,64.5,0.07996858920503802,1604.0,25.5,0.05173575145359248,0.9709302325581395,0.07083304667719542,0.08315560164149532,-1.0,0.0,-0.0,-1.0,0.0,-0.0
intel,Intel i9-7900X,cpu,axpy_intel_20260725_163341,axpy_intel_20260725_163341_session5,5,64000000,4,10,10,0,0,0,-1,48.0,0.021194897989583333,2.2065083333334956e-05,0.002680300327341492,0.021194897989583333,2.2065083333334956e-05,0.002680300327341492,1.4332874479166666,0.014506614583333355,0.016899092156572846,1.4707023125,0.014668385416666707,0.016467931780728702,0.03750827083333333,0.00023316666666667318,0.007635088209082845,67.64171138751294,0.5713116860326082,0.014855563077484665,6.039192073776909,0.006290863102404565,0.0026768955621847192,36.23515244266146,0.03774517861442561,0.002676895562184728,0.030353115275419732,0.0003533572207875379,0.019107993745034812,0.000642796128449216,7.794334845899692e-06,0.021432423735905905,75.0,0.0,0.06605279707923509,75.0,0.0,0.06605279707923509,75.0,0.0,0.0,1912.5,31.5,0.04775523124487118,1782.5,64.5,0.0634319624499447,0.9310784822117604,0.04102649621067134,0.09314434341330602,-1.0,0.0,-0.0,-1.0,0.0,-0.0
intel,Intel i9-7900X,cpu,axpy_intel_20260725_163341,axpy_intel_20260725_163341_session5,5,64000000,8,10,10,0,0,0,-1,47.0,0.021377616393617023,1.9401808510639135e-06,0.00012424129520977904,0.021377616393617023,1.9401808510639135e-06,0.00012424129520977904,1.9775365957446809,0.004828914893617031,0.005166961682682629,2.023328021276596,0.004542095744680896,0.005059000657463509,0.04578263829787234,0.0003351382978723401,0.008838050459038278,92.50500728828914,0.22966064290262977,0.005196275230025989,5.987571189886663,0.0005434445768139895,0.00012424337723407913,35.92542713931998,0.003260667460889266,0.00012424337723418132,0.042275019514813564,0.00010150580846112617,0.005140463591567554,0.0009037391667991049,2.1330764947967993e-06,0.00511682455272484,76.0,0.0,0.061871782932189395,76.0,0.0,0.06250464279142134,76.0,0.0,0.005562493685432506,2459.0,1.0,0.032537323682387036,2324.0,1.0,0.026352391928702562,0.9449186991869918,0.05024606803611742,0.044986324124488324,-1.0,0.0,-0.0,-1.0,0.0,-0.0
intel,Intel i9-7900X,cpu,axpy_intel_20260725_163341,axpy_intel_20260725_163341_session5,5,64000000,10,10,10,0,0,0,-1,46.0,0.021927681282608698,1.1800978260874395e-06,0.00017687815077501942,0.021927681282608698,1.1800978260874395e-06,0.00017687815077501942,2.2611735978260867,0.01074745652173914,0.005249269500424758,2.309641010869565,0.01098858695652205,0.005212155433519009,0.04863238043478261,0.00016496739130434507,0.005197111357503658,103.11641751502378,0.49135222193164907,0.005347996447291169,5.837370506727547,0.00031414931728734885,0.00017683623330911341,35.024223040365285,0.001884895903728534,0.00017683623330907812,0.04958382154315071,0.0002345786994412402,0.005154631754388485,0.001087291733575988,5.073654692966151e-06,0.0050643168140062705,78.0,0.0,0.04791329788133908,78.0,0.0,0.04858081006980059,78.0,0.0,0.004059406495723208,2757.0,13.5,0.017570766831138906,2519.0,0.5,0.020340884368652702,0.9138407661938495,0.004170757911253764,0.017015933666790634,-1.0,0.0,-0.0,-1.0,0.0,-0.0
intel,Intel i9-7900X,cpu,axpy_intel_20260725_163341,axpy_intel_20260725_163341_session5,5,64000000,16,10,10,0,0,0,-1,46.0,0.022081936771739127,5.588499999998817e-06,0.0008520068264165118,0.022081936771739127,5.588499999998817e-06,0.0008520068264165118,2.1090571195652172,0.003181119565217383,0.002378048109624121,2.1601414891304347,0.0029995108695652917,0.0022718947875411508,0.051231543478260866,0.000503728260869564,0.011761757662045064,95.50651044144828,0.08420839232510247,0.0018549812770072404,5.796593006280991,0.0014671128248471277,0.0008507180181202353,34.779558037685945,0.00880267694908099,0.0008507180181202538,0.04656299429526223,8.274241126062648e-05,0.0030540548981635098,0.0010279840056833145,2.1938005263082714e-06,0.003803156991597511,76.0,0.0,0.04646355334499043,76.0,0.5,0.047627181895862604,76.0,0.0,0.006830658458919608,3020.0,1.0,0.02808580700944962,3180.0,3.0,0.020341191436675014,1.0519867549668873,0.02119205298013238,0.03859627961900625,-1.0,0.0,-0.0,-1.0,0.0,-0.0
intel,Intel i9-7900X,cpu,axpy_intel_20260725_163341,axpy_intel_20260725_163341_session5,5,64000000,20,10,10,0,0,0,-1,43.0,0.02330828622093023,1.6033604651136818e-06,0.00014954917643167975,0.02330828622093023,1.6033604651136818e-06,0.00014954917643167975,2.409547534883721,0.0022256511627902764,0.0013723859047308855,2.466034418604651,0.0018873837209301136,0.0013105482930037809,0.05631201162790698,0.00026631395348837225,0.005257136996256027,103.37125218572874,0.10331655046926613,0.0013945882406402401,5.491609240940276,0.000377791787438575,0.0001495187630028367,32.94965544564165,0.0022667507246332264,0.00014951876300280513,0.05616570630840256,4.64591905044269e-05,0.001366254904105739,0.0013091375365343592,9.371198824811204e-07,0.0013764199082921436,78.0,0.0,0.06482034950669616,78.0,0.0,0.06540379561104635,78.0,0.0,0.00621680684092211,4028.5,2.5,0.00881011622381306,3599.0,0.0,0.0001342055098323696,0.8936328795971018,0.000580715428110945,0.00892537716405511,-1.0,0.0,-0.0,-1.0,0.0,-0.0
intel,Intel i9-7900X,cpu,axpy_intel_20260725_163341,axpy_intel_20260725_163341_session5,5,128000000,1,10,10,0,0,0,-1,14.0,0.07326547014285714,1.858757142857853e-05,0.0005148820892928623,0.07326547014285714,1.858757142857853e-05,0.0005148820892928623,3.2723479285714285,0.02558671428571402,0.016053539642042102,3.3377511785714287,0.02542553571428563,0.015705705131086888,0.06465178571428572,0.00042403571428571707,0.008334321526047338,44.6674719521762,0.35528042416725114,0.016258129900068547,3.4941426146154786,0.0008864839451743212,0.0005152535145227235,20.964855687692868,0.005318903671048147,0.0005152535145227447,0.23976589546018906,0.0018421469392439493,0.015863497108132084,0.017568069412070047,0.0001325854048258423,0.015688493334434256,80.0,0.5,0.06433345820742112,79.5,0.5,0.06484408096427585,79.0,0.0,0.006503750371465016,1357.5,12.0,0.032956199281272455,1339.0,0.0,0.03767274074511812,0.9896547862591876,0.009164222873900285,0.04218561474786261,-1.0,0.0,-0.0,-1.0,0.0,-0.0
intel,Intel i9-7900X,cpu,axpy_intel_20260725_163341,axpy_intel_20260725_163341_session5,5,128000000,2,10,10,0,0,0,-1,21.0,0.049213233499999995,3.849747619047786e-05,0.0025836262530810773,0.049213233499999995,3.849747619047786e-05,0.0025836262530810773,2.7077175238095235,0.015401166666666466,0.008266269159641054,2.7785237619047622,0.014777880952380862,0.008025135248814997,0.07083500000000001,0.0004334999999999964,0.011069146782434973,55.04163044415792,0.3901926350053948,0.008987971939652619,5.201852888637797,0.0040723813154288635,0.002593638485330193,31.211117331826784,0.024434287892571405,0.0025936384853302006,0.13303294404795724,0.00046968617783955946,0.008322877185276707,0.006547654213030675,3.891712662080658e-05,0.009134890787028527,75.0,0.0,0.08566215383514504,75.0,0.0,0.08701191013957481,75.0,0.0,0.00845528786141278,1574.0,71.0,0.047311884110621906,1474.5,5.0,0.02782392737318204,0.9663464153829415,0.01863100500831938,0.04472588740901273,-1.0,0.0,-0.0,-1.0,0.0,-0.0
intel,Intel i9-7900X,cpu,axpy_intel_20260725_163341,axpy_intel_20260725_163341_session5,5,128000000,4,10,10,0,0,0,-1,24.0,0.042850825145833334,7.666406249999883e-05,0.002911899172453515,0.042850825145833334,7.666406249999883e-05,0.002911899172453515,2.9245441874999996,0.019089958333333046,0.010542187987788679,2.9999288749999997,0.018828270833333383,0.010109236145050705,0.07613377083333334,0.0005342291666666638,0.01157188670221001,67.98334745100237,0.14793743863663877,0.009401742344081903,5.974215989806173,0.01068770529405727,0.002904595851757352,35.84529593883704,0.06412623176434096,0.0029045958517573715,0.12571874847539144,0.0008900923178609826,0.012279538824390793,0.005391977292703376,5.3186417099021326e-05,0.014403745534294193,75.0,0.0,0.0696611203046489,75.0,0.0,0.0696611203046489,75.0,0.0,0.004210755872394647,1919.0,73.5,0.10251649012468009,1840.0,9.0,0.03217798989141074,0.9617195867195867,0.06701030341491454,0.09639207545433853,-1.0,0.0,-0.0,-1.0,0.0,-0.0
intel,Intel i9-7900X,cpu,axpy_intel_20260725_163341,axpy_intel_20260725_163341_session5,5,128000000,8,10,10,0,0,0,-1,24.0,0.04322926377083333,5.982368749999495e-05,0.00163532846861911,0.04322926377083333,5.982368749999495e-05,0.00163532846861911,3.9742164583333333,0.011793750000000047,0.003899024464219106,4.0665035,0.011737645833334032,0.003850779663998371,0.09167472916666666,0.00046602083333333044,0.008272012591857943,91.80779965619442,0.30641026992081066,0.004155826398374839,5.92191615172446,0.008204822397986256,0.001634809864416704,35.53149691034676,0.04922893438791576,0.0016348098644166829,0.17182549075119397,0.0005721801964164025,0.004301558115163722,0.007425744989339624,2.261355657066314e-05,0.005213347682277754,75.5,0.5,0.08015428164776463,75.0,0.0,0.08068546509450286,75.0,0.0,0.006414952078879787,2460.0,0.5,0.03166076656845463,2300.0,0.5,0.015348193131059534,0.9349593495934959,0.002881198485426839,0.036479318393455,-1.0,0.0,-0.0,-1.0,0.0,-0.0
intel,Intel i9-7900X,cpu,axpy_intel_20260725_163341,axpy_intel_20260725_163341_session5,5,128000000,10,10,10,0,0,0,-1,23.0,0.043914360565217386,2.1303043478311523e-06,0.00012497260186025632,0.043914360565217386,2.1303043478311523e-06,0.00012497260186025632,4.476543065217392,0.006510847826086685,0.0038059319672255967,4.574914065217392,0.005879239130434755,0.0037910989492674404,0.09727904347826086,0.0006941739130434735,0.009318426853053112,101.93849801335918,0.14895526824925298,0.003841194937824461,5.8295281257829945,0.00028279553152810166,0.00012495999022335176,34.97716875469797,0.0016967731891703863,0.000124959990223435,0.1965836092589691,0.0002845831862010595,0.0037744486285463574,0.008632803249564908,1.2438581296304527e-05,0.003746841455095269,77.0,0.0,0.05380091477304967,77.0,0.5,0.05494796531447842,77.0,0.0,0.006741485371988543,2755.0,11.0,0.028289427290886893,2519.0,60.0,0.05806149214630537,0.9140059258498578,0.0036618889687589085,0.058508885260628134,-1.0,0.0,-0.0,-1.0,0.0,-0.0
intel,Intel i9-7900X,cpu,axpy_intel_20260725_163341,axpy_intel_20260725_163341_session5,5,128000000,16,10,10,0,0,0,-1,23.0,0.044545989391304344,1.0111847826083792e-05,0.00030337633149898885,0.044545989391304344,1.0111847826083792e-05,0.00030337633149898885,4.2367710652173916,0.008128282608695692,0.0023531270687818687,4.340633782608696,0.008688173913043329,0.002349535336743642,0.10380715217391305,0.00019826086956521022,0.004633516142741606,95.10826287967967,0.15715354224190747,0.0021923186191114153,5.746869776250188,0.0013048220751024076,0.000303308179535381,34.48121865750113,0.007828932450614445,0.0003033081795353285,0.18873470774589707,0.0004351704968121317,0.0025401319193586926,0.008407532911587724,2.1263766249164477e-05,0.0027480128172447734,76.0,0.0,0.06310475269929226,75.0,0.0,0.06471537017758515,75.0,0.0,0.006848776916370322,2921.5,31.0,0.03372051789163119,3180.5,1.0,0.017417162212565507,1.0883913875840676,0.012781311154598907,0.03548982869940017,-1.0,0.0,-0.0,-1.0,0.0,-0.0
intel,Intel i9-7900X,cpu,axpy_intel_20260725_163341,axpy_intel_20260725_163341_session5,5,128000000,20,10,10,0,0,0,-1,22.0,0.04660618745454545,1.7719545454542018e-06,8.428927706114403e-05,0.04660618745454545,1.7719545454542018e-06,8.428927706114403e-05,4.86621375,0.003329136363635854,0.0013802477999559058,4.980141386363636,0.003661886363636402,0.001323629582978447,0.11364840909090909,0.0005125681818181765,0.008263106029373388,104.40872096459287,0.06971552941501358,0.0013682004312834185,5.492832904826053,0.00020883464086018932,8.428351245060592e-05,32.95699742895631,0.0012530078451575832,8.428351245065266e-05,0.22680132510251677,0.00015888604295388742,0.0013972969821995852,0.010570608634285435,8.321835208262296e-06,0.0014191687489171073,79.0,0.0,0.07426857298294093,79.0,0.0,0.07549939097902614,79.0,0.0,0.0053507236212662936,4015.5,5.5,0.006329440316181121,3599.0,0.0,0.0001342055098323696,0.896401522974295,0.001350319199928951,0.006398859358310901,-1.0,0.0,-0.0,-1.0,0.0,-0.0
intel,Intel i9-7900X,cpu,axpy_intel_20260725_163341,axpy_intel_20260725_163341_session5,5,256000000,1,10,10,0,0,0,-1,7.0,0.14643501542857143,1.986399999999444e-05,0.00034226902951017384,0.14643501542857143,1.986399999999444e-05,0.00034226902951017384,6.505018714285715,0.029161714285713902,0.00812038665059376,6.631390142857143,0.029681999999999764,0.00802329317278063,0.12695614285714285,0.0010393571428571335,0.008638783693763826,44.41654131082651,0.23231523274571586,0.008293735206504624,3.496431519362588,0.0004742524945455795,0.0003424728522656781,20.97858911617553,0.002845514967278362,0.00034247285226569375,0.952599992005285,0.0036511411427355145,0.007958224886935355,0.13949639971040545,0.0004471423538583569,0.007807919906077585,98.0,1.0,0.01616415241284048,98.0,1.0,0.01616415241284048,78.0,0.0,0.005391777766698004,1364.0,2.5,0.03879695358595535,1340.0,0.0,0.05108789927586051,0.993009565857248,0.010971442690092537,0.052570465334619045,-1.0,0.0,-0.0,-1.0,0.0,-0.0
intel,Intel i9-7900X,cpu,axpy_intel_20260725_163341,axpy_intel_20260725_163341_session5,5,256000000,2,10,10,0,0,0,-1,11.0,0.09928527168181818,0.00012591572727273237,0.002912805849054049,0.09928527168181818,0.00012591572727273237,0.002912805849054049,5.531926681818182,0.05080890909090918,0.012665016614373002,5.6729705,0.051948772727272274,0.012416104261169406,0.14017513636363638,0.0005278636363636596,0.006356498957841369,55.84864849684456,0.5258007955930672,0.01445901352279214,5.156858066291113,0.006547858003838503,0.0029123272604914567,30.941148397746677,0.03928714802303723,0.0029123272604914593,0.5478555295111741,0.005381466784305511,0.011350351481246558,0.05448569860977717,0.0004039010196209593,0.010693691997062993,76.0,0.0,0.08631477296359205,76.0,0.0,0.08692342521279012,76.0,0.0,0.006830658458919608,1638.0,63.5,0.05885104195179971,1604.0,10.5,0.0392837639193023,0.9795548164238316,0.0707520317817909,0.08219405990787249,-1.0,0.0,-0.0,-1.0,0.0,-0.0
intel,Intel i9-7900X,cpu,axpy_intel_20260725_163341,axpy_intel_20260725_163341_session5,5,256000000,4,10,10,0,0,0,-1,12.0,0.08640507825,1.826150000000526e-05,0.00036311831364030703,0.08640507825,1.826150000000526e-05,0.00036311831364030703,5.769005249999999,0.026379916666667835,0.007625388646759478,5.918259916666666,0.027924000000001392,0.007480045556330404,0.1503085,0.0007337916666666638,0.007612141416002681,66.75953413837911,0.316707943542454,0.00788678283338963,5.92557764781326,0.001252187478845368,0.00036298485899417023,35.553465886879565,0.00751312487307132,0.0003629848589941579,0.4985268952379338,0.00219420106978252,0.007372411165785836,0.043080057523377985,0.00018222977583852093,0.0071287665967530705,74.0,0.0,0.06692651132631491,74.0,0.0,0.06760879837136227,74.0,0.0,0.004279130798604032,1924.0,72.5,0.07943092043410042,1849.5,5.0,0.045547067320587296,0.9615384615384616,0.004472774416594605,0.06137770182550101,-1.0,0.0,-0.0,-1.0,0.0,-0.0
intel,Intel i9-7900X,cpu,axpy_intel_20260725_163341,axpy_intel_20260725_163341_session5,5,256000000,8,10,10,0,0,0,-1,12.0,0.08670707562499999,2.470308333332727e-05,0.0028129511882903292,0.08670707562499999,2.470308333332727e-05,0.0028129511882903292,8.001006958333333,0.01682533333333236,0.003184349764546945,8.176747833333334,0.018141749999999845,0.003224465341918948,0.17510916666666665,0.0005470000000000058,0.006847749017914469,92.05923468302404,0.06021382473219461,0.0025596853675159533,5.904939087620804,0.0016828223116207575,0.0028027947825892455,35.42963452572482,0.01009693386972188,0.0028027947825892685,0.693546254128897,0.002802666432123846,0.0054427705342132955,0.060118233858394654,0.0002453435375989188,0.008073134114203176,75.0,0.0,0.09409105586529459,75.0,0.0,0.09409105586529459,75.0,0.0,0.0,2460.0,14.0,0.030533368289746017,2312.0,69.5,0.19270173697315063,0.9290488263852787,0.026538298100855007,0.22026166692108157,-1.0,0.0,-0.0,-1.0,0.0,-0.0
intel,Intel i9-7900X,cpu,axpy_intel_20260725_163341,axpy_intel_20260725_163341_session5,5,256000000,10,10,10,0,0,0,-1,12.0,0.08784194295833334,4.548624999996254e-06,0.0005071194193247725,0.08784194295833334,4.548624999996254e-06,0.0005071194193247725,9.076275833333334,0.03512054166666623,0.005359291795307771,9.269799833333334,0.036472625000000036,0.0052336828708483656,0.19414362500000001,0.0011678749999999988,0.007543721863463897,103.2650685222946,0.461515165248386,0.005312704337027137,5.828650674360317,0.00030183500931180163,0.0005065237708342137,34.9719040461619,0.001811010055867257,0.0005065237708342604,0.7974258118515578,0.0029239264962387934,0.00545293832906203,0.07004986620944192,0.0002782726741420369,0.005591442454951045,77.0,0.0,0.08005766228274379,77.0,0.0,0.08005766228274379,77.0,0.0,0.0,2750.0,5.0,0.017294410673309866,2519.5,0.5,0.11104312504678723,0.9146851238983191,0.02204007285974502,0.11217913633362254,-1.0,0.0,-0.0,-1.0,0.0,-0.0
intel,Intel i9-7900X,cpu,axpy_intel_20260725_163341,axpy_intel_20260725_163341_session5,5,256000000,16,10,10,0,0,0,-1,12.0,0.08917067000000001,8.928458333334888e-06,0.00020843346836428377,0.08917067000000001,8.928458333334888e-06,0.00020843346836428377,8.63864975,0.00830079166666664,0.0022241256748238075,8.841335875,0.006766333333333208,0.0020735835632602036,0.2025445833333333,0.0003717083333333038,0.005759762615991305,96.86022135446967,0.10011675837088774,0.0021139006187542984,5.741798285713779,0.0005749121017051273,0.00020840451762650403,34.45078971428268,0.0034494726102280993,0.00020840451762648056,0.7702943172596061,0.0007244950544076922,0.0023477661009083653,0.06868368513051404,7.654267105908913e-05,0.0024828258198397696,78.0,0.0,0.08290615588456425,78.0,0.0,0.08415420292695645,78.0,0.0,0.005419498989148894,3031.0,22.0,0.034994342813782116,2828.5,70.0,0.06758174951031955,0.9331266017432496,0.0211761434035182,0.0890960429444718,-1.0,0.0,-0.0,-1.0,0.0,-0.0
intel,Intel i9-7900X,cpu,axpy_intel_20260725_163341,axpy_intel_20260725_163341_session5,5,256000000,20,10,10,0,0,0,-1,11.0,0.092894765,6.4578181818222835e-06,7.74626844940081e-05,0.092894765,6.4578181818222835e-06,7.74626844940081e-05,9.671952909090908,0.013463772727272172,0.0022883174683098243,9.897266863636364,0.01401595454545479,0.0022467500305114736,0.2241054090909091,0.00043399999999998995,0.0037558318049445804,104.11476987380271,0.1441888044495343,0.0023115845246312193,5.511613062401782,0.00038317843053725653,7.746114719233762e-05,33.069678374410685,0.0022990705832306446,7.746114719234549e-05,0.8985025783468825,0.0012571587871590406,0.002267452716423394,0.08346886001235156,0.00011738206729478701,0.002249057287761192,78.0,0.0,0.0814969311794734,78.0,0.0,0.08245783386624934,78.0,0.0,0.005391777766698004,3974.5,6.5,0.0034224257190394068,3599.5,0.5,0.00014642207992630364,0.9057743255690289,0.0016069272593204897,0.0033528665826382353,-1.0,0.0,-0.0,-1.0,0.0,-0.0
