platform,platform_label,device_kind,energy_domain,session_number,problem_size,num_threads,configuration,runtime_per_op_s,total_energy_per_op_j,edp_total_j_s,throughput_gflops,energy_efficiency_gflop_per_j,avg_power_w,temp_c,sm_clock_mhz,selected_campaign
AMD,AMD Threadripper 3970X,CPU,CPU package RAPL plus DRAM RAPL when available,1,1,1,1T,0.0580151655555555,4.486186416666667,0.2605059641022819,127.53136490783416,1.6492299817530287,77.270132325003,73.0,-1.0,20260729_005653
AMD,AMD Threadripper 3970X,CPU,CPU package RAPL plus DRAM RAPL when available,1,1,2,2T,0.0291960060857142,2.804518485714285,0.0818644410186432,253.41659305113416,2.638154213080337,96.06404059764188,73.5,-1.0,20260729_005653
AMD,AMD Threadripper 3970X,CPU,CPU package RAPL plus DRAM RAPL when available,1,1,4,4T,0.0142966076549295,1.8894892605633804,0.0270129126453496,517.5180320537424,3.915741915877633,132.16346908958172,73.0,-1.0,20260729_005653
AMD,AMD Threadripper 3970X,CPU,CPU package RAPL plus DRAM RAPL when available,1,1,8,8T,0.0074625046691176,1.452618088235294,0.0108403781651382,991.4569734254014,5.093391247736157,194.6593214286245,78.0,-1.0,20260729_005653
AMD,AMD Threadripper 3970X,CPU,CPU package RAPL plus DRAM RAPL when available,1,1,10,10T,0.0058887851382352,1.3501271470588234,0.0079477233642794,1256.4140472503357,5.480041127517589,229.28844278433377,82.0,-1.0,20260729_005653
AMD,AMD Threadripper 3970X,CPU,CPU package RAPL plus DRAM RAPL when available,1,1,16,16T,0.0038580443110687,1.1069941354961832,0.0042708324140829,1917.746870912542,6.683641784562575,286.9021553319085,84.0,-1.0,20260729_005653
AMD,AMD Threadripper 3970X,CPU,CPU package RAPL plus DRAM RAPL when available,1,1,20,20T,0.0031637525094043,0.9077118369905957,0.002872232640472,2338.600384919915,8.15099337119777,286.87733098266665,84.0,-1.0,20260729_005653
AMD,AMD Threadripper 3970X,CPU,CPU package RAPL plus DRAM RAPL when available,1,1,32,32T,0.0021982584226579,0.5786336383442265,0.0012720885942809,3365.733611726508,12.786592043884731,262.99900680851687,67.0,-1.0,20260729_005653
AMD,AMD Threadripper 3970X,CPU,CPU package RAPL plus DRAM RAPL when available,1,1,64,64T,0.0022110743073593,0.5899119956709957,0.0013043194964256,3346.228483058392,12.54213731264678,266.92922700322697,69.0,-1.0,20260729_005653
AMD,AMD Threadripper 3970X,CPU,CPU package RAPL plus DRAM RAPL when available,1,2,1,1T,0.0331027169354838,2.467677564516129,0.0816601832589367,111.7544561592836,1.499132762144581,74.52441142425225,70.0,-1.0,20260729_005653
AMD,AMD Threadripper 3970X,CPU,CPU package RAPL plus DRAM RAPL when available,1,2,2,2T,0.0161179471370967,1.5094129112903223,0.0243161969957292,229.51908966777265,2.4508722565143897,93.5500015772172,74.0,-1.0,20260729_005653
AMD,AMD Threadripper 3970X,CPU,CPU package RAPL plus DRAM RAPL when available,1,2,4,4T,0.0074696011925925,0.955321351851852,0.0071367155789688,495.25756861297793,3.872389244669774,127.90018720203555,72.5,-1.0,20260729_005653
AMD,AMD Threadripper 3970X,CPU,CPU package RAPL plus DRAM RAPL when available,1,2,8,8T,0.0038183167622641,0.7276963679245283,0.0027775105434583,968.8502679492838,5.083681088832568,190.58044471875968,78.0,-1.0,20260729_005653
AMD,AMD Threadripper 3970X,CPU,CPU package RAPL plus DRAM RAPL when available,1,2,10,10T,0.0031099920869565,0.6817055,0.0021216440558077,1189.5130356141133,5.426651005834332,219.5064286386562,81.0,-1.0,20260729_005653
AMD,AMD Threadripper 3970X,CPU,CPU package RAPL plus DRAM RAPL when available,1,2,16,16T,0.0019999795925196,0.5726117303149607,0.0011450699887862,1849.707396477338,6.460531531856172,286.42611040856315,88.0,-1.0,20260729_005653
AMD,AMD Threadripper 3970X,CPU,CPU package RAPL plus DRAM RAPL when available,1,2,20,20T,0.0016507638390804,0.4735883768472906,0.0007817825502721,2241.010143258477,7.811380897647291,286.92661230465166,83.5,-1.0,20260729_005653
AMD,AMD Threadripper 3970X,CPU,CPU package RAPL plus DRAM RAPL when available,1,2,32,32T,0.0011487157757644,0.3122353233295583,0.000358614346604,3220.445990564818,11.848038500979891,271.84287902798474,68.0,-1.0,20260729_005653
AMD,AMD Threadripper 3970X,CPU,CPU package RAPL plus DRAM RAPL when available,1,2,64,64T,0.0011953703208333,0.3040798785714286,0.0003635288954149,3094.753230437057,12.16580410903142,254.3251383528488,69.0,-1.0,20260729_005653
AMD,AMD Threadripper 3970X,CPU,CPU package RAPL plus DRAM RAPL when available,1,3,1,1T,0.0308889698181818,2.358396212121212,0.072862549859804,119.76366437884732,1.5685991267484456,76.35326773485343,73.0,-1.0,20260729_005653
AMD,AMD Threadripper 3970X,CPU,CPU package RAPL plus DRAM RAPL when available,1,3,2,2T,0.014895014117647,1.4193148676470586,0.0211407179289508,248.36343990786787,2.606452265341684,95.31353483895356,73.0,-1.0,20260729_005653
AMD,AMD Threadripper 3970X,CPU,CPU package RAPL plus DRAM RAPL when available,1,3,4,4T,0.0074197266814814,0.9714143,0.0072068924758086,498.586665635869,3.808237272913682,130.86562594611507,75.0,-1.0,20260729_005653
AMD,AMD Threadripper 3970X,CPU,CPU package RAPL plus DRAM RAPL when available,1,3,8,8T,0.0037482164448669,0.7368489657794677,0.0027613637448329,986.9697210729946,5.020535149326106,196.55056168316796,81.0,-1.0,20260729_005653
AMD,AMD Threadripper 3970X,CPU,CPU package RAPL plus DRAM RAPL when available,1,3,10,10T,0.0030963210139751,0.6970049145962733,0.0021617186553368,1194.7651741431423,5.30753297410351,225.0803692416944,80.0,-1.0,20260729_005653
AMD,AMD Threadripper 3970X,CPU,CPU package RAPL plus DRAM RAPL when available,1,3,16,16T,0.0019796545701581,0.5679677262845849,0.0011245750034373,1868.6978142828943,6.5133562476119184,286.83448900393535,87.0,-1.0,20260729_005653
AMD,AMD Threadripper 3970X,CPU,CPU package RAPL plus DRAM RAPL when available,1,3,20,20T,0.0016623558677685,0.4771575702479338,0.0007931820186265,2225.3815847221917,7.752944442450014,286.9763724169022,81.0,-1.0,20260729_005653
AMD,AMD Threadripper 3970X,CPU,CPU package RAPL plus DRAM RAPL when available,1,3,32,32T,0.0011533112657502,0.3083508442153493,0.0003556245036189,3207.612929836672,11.99729861619812,267.4524123092307,68.0,-1.0,20260729_005653
AMD,AMD Threadripper 3970X,CPU,CPU package RAPL plus DRAM RAPL when available,1,3,64,64T,0.0011760749632867,0.2980621666666666,0.0003506113748417,3145.5276002498576,12.411427648945988,253.30326772326163,65.5,-1.0,20260729_005653
AMD,AMD Threadripper 3970X,CPU,CPU package RAPL plus DRAM RAPL when available,1,4,1,1T,0.0304724229696969,2.316502606060606,0.0705864900682943,121.40080096528428,1.5969663070847278,76.06053207516692,77.0,-1.0,20260729_005653
AMD,AMD Threadripper 3970X,CPU,CPU package RAPL plus DRAM RAPL when available,1,4,2,2T,0.0151687289477611,1.4200666194029852,0.0215413687595307,243.88184512233568,2.60507227126668,93.58179649738535,74.0,-1.0,20260729_005653
AMD,AMD Threadripper 3970X,CPU,CPU package RAPL plus DRAM RAPL when available,1,4,4,4T,0.0075554308458646,0.9625348120300752,0.0072712084172379,489.6313949281839,3.843368657372277,127.37112734045256,75.0,-1.0,20260729_005653
AMD,AMD Threadripper 3970X,CPU,CPU package RAPL plus DRAM RAPL when available,1,4,8,8T,0.003864740007722,0.7299727065637065,0.0028206703390013,957.2122796281652,5.067828070409991,188.8515654322137,80.0,-1.0,20260729_005653
AMD,AMD Threadripper 3970X,CPU,CPU package RAPL plus DRAM RAPL when available,1,4,10,10T,0.0031516964638364,0.683762606918239,0.0021550900523326,1173.7729787889411,5.410322371900859,217.00384362466352,82.0,-1.0,20260729_005653
AMD,AMD Threadripper 3970X,CPU,CPU package RAPL plus DRAM RAPL when available,1,4,16,16T,0.002091580921875,0.5996521614583332,0.0012539730135963,1768.6985429068088,6.169205976512764,286.773451592755,87.0,-1.0,20260729_005653
AMD,AMD Threadripper 3970X,CPU,CPU package RAPL plus DRAM RAPL when available,1,4,20,20T,0.0016804768855721,0.4821059502487562,0.0008102145847592,2201.38471826986,7.673367522989299,286.8913704954379,82.5,-1.0,20260729_005653
AMD,AMD Threadripper 3970X,CPU,CPU package RAPL plus DRAM RAPL when available,1,4,32,32T,0.0011664167407834,0.3191648220046083,0.0003722792104981,3171.573507253889,11.590801962390472,273.64112986615106,71.0,-1.0,20260729_005653
AMD,AMD Threadripper 3970X,CPU,CPU package RAPL plus DRAM RAPL when available,1,4,64,64T,0.001191600251182,0.2895560803782506,0.0003452855401627,3104.5450119520383,12.776027543374934,242.7598340169043,67.0,-1.0,20260729_005653
AMD,AMD Threadripper 3970X,CPU,CPU package RAPL plus DRAM RAPL when available,1,5,1,1T,0.0987549188181818,7.168661954545454,0.7078144167951153,76.48118473199858,1.053599324001362,72.6033860399301,72.0,-1.0,20260729_005653
AMD,AMD Threadripper 3970X,CPU,CPU package RAPL plus DRAM RAPL when available,1,5,2,2T,0.0494658983333333,4.139881928571429,0.2048383554482504,152.68888636540413,1.8244257488084497,83.54212436915256,70.0,-1.0,20260729_005653
AMD,AMD Threadripper 3970X,CPU,CPU package RAPL plus DRAM RAPL when available,1,5,4,4T,0.0257072899875,2.713870075,0.0697123991123103,293.80354991283343,2.783071383336558,105.47331909656192,67.0,-1.0,20260729_005653
AMD,AMD Threadripper 3970X,CPU,CPU package RAPL plus DRAM RAPL when available,1,5,8,8T,0.011591291091954,1.7969279080459772,0.0208317326184617,651.6007249997219,4.203225954492604,155.0633939729296,75.0,-1.0,20260729_005653
AMD,AMD Threadripper 3970X,CPU,CPU package RAPL plus DRAM RAPL when available,1,5,10,10T,0.0098475020194174,1.692836218446602,0.0166835633199155,766.9858729661228,4.461680755019776,171.99649447225624,71.0,-1.0,20260729_005653
AMD,AMD Threadripper 3970X,CPU,CPU package RAPL plus DRAM RAPL when available,1,5,16,16T,0.0057965837057142,1.38809376,0.0080546124650174,1302.990501867259,5.441198581721257,239.22123679141828,83.0,-1.0,20260729_005653
AMD,AMD Threadripper 3970X,CPU,CPU package RAPL plus DRAM RAPL when available,1,5,20,20T,0.0051717255979381,1.367540012886598,0.007076170229507,1460.4203090779852,5.522977697458258,264.4724789483839,84.0,-1.0,20260729_005653
AMD,AMD Threadripper 3970X,CPU,CPU package RAPL plus DRAM RAPL when available,1,5,32,32T,0.0030880684435975,0.8864298841463414,0.0027373561969683,2445.830834256278,8.520575884854495,286.8909379473375,72.0,-1.0,20260729_005653
AMD,AMD Threadripper 3970X,CPU,CPU package RAPL plus DRAM RAPL when available,1,5,64,64T,0.0028842134612068,0.7455774123563218,0.0021493773405235,2618.7011599472835,10.1302601740882,258.5386715788632,73.0,-1.0,20260729_005653
AMD,AMD Threadripper 3970X,CPU,CPU package RAPL plus DRAM RAPL when available,1,6,1,1T,0.1199251352777777,9.233401555555556,1.1111251500561932,109.67988280934549,1.4245386535300928,76.92347073864056,70.5,-1.0,20260729_005653
AMD,AMD Threadripper 3970X,CPU,CPU package RAPL plus DRAM RAPL when available,1,6,2,2T,0.0608879819117647,5.507739529411765,0.3355467236888535,216.02523795479584,2.388155492796879,90.48433700388364,70.0,-1.0,20260729_005653
AMD,AMD Threadripper 3970X,CPU,CPU package RAPL plus DRAM RAPL when available,1,6,4,4T,0.0308912954242424,3.7097503636363633,0.1145493125233637,425.79435009693634,3.5456141286689413,120.20301153871762,72.5,-1.0,20260729_005653
AMD,AMD Threadripper 3970X,CPU,CPU package RAPL plus DRAM RAPL when available,1,6,8,8T,0.0158110545078125,2.7522819062500004,0.043514988448668,831.9138501983839,4.779129429783547,174.470261516155,74.0,-1.0,20260729_005653
AMD,AMD Threadripper 3970X,CPU,CPU package RAPL plus DRAM RAPL when available,1,6,10,10T,0.0127182030886075,2.6124289873417723,0.0332356497817411,1034.213563685023,5.0351074241062665,205.3453861073975,78.5,-1.0,20260729_005653
AMD,AMD Threadripper 3970X,CPU,CPU package RAPL plus DRAM RAPL when available,1,6,16,16T,0.0085933507288135,2.2469054279661016,0.019312404338775,1530.641390628768,5.853979299497102,261.26642625738475,81.0,-1.0,20260729_005653
AMD,AMD Threadripper 3970X,CPU,CPU package RAPL plus DRAM RAPL when available,1,6,20,20T,0.0071383521595744,2.046360163120568,0.0146105661975172,1842.6297327283653,6.42767513699015,286.815894424592,83.0,-1.0,20260729_005653
AMD,AMD Threadripper 3970X,CPU,CPU package RAPL plus DRAM RAPL when available,1,6,32,32T,0.0056583528483146,1.5222592050561796,0.008615682157509,2324.5876874641617,8.640669438469253,269.04499448311805,66.0,-1.0,20260729_005653
AMD,AMD Threadripper 3970X,CPU,CPU package RAPL plus DRAM RAPL when available,1,6,64,64T,0.0058230823208092,1.4377948554913296,0.0083725151444079,2258.827676150926,9.148271257520864,246.90236747082184,70.0,-1.0,20260729_005653
AMD,AMD Threadripper 3970X,CPU,CPU package RAPL plus DRAM RAPL when available,2,1,1,1T,0.0581754355,4.503310111111111,0.2620550572325058,127.18000741987368,1.6429588321565007,77.3917971954788,74.0,-1.0,20260729_005653
AMD,AMD Threadripper 3970X,CPU,CPU package RAPL plus DRAM RAPL when available,2,1,2,2T,0.0291469461714285,2.8184037,0.0820693290249946,253.8431372169073,2.6251570246299734,96.68773945851576,76.0,-1.0,20260729_005653
AMD,AMD Threadripper 3970X,CPU,CPU package RAPL plus DRAM RAPL when available,2,1,4,4T,0.0146634432647058,1.9706547279411764,0.0289051390724505,504.5747133164559,3.754626698312349,134.10362959015822,75.5,-1.0,20260729_005653
AMD,AMD Threadripper 3970X,CPU,CPU package RAPL plus DRAM RAPL when available,2,1,8,8T,0.0072094708260869,1.4366013985507249,0.0103564958951563,1026.254604589427,5.15017756029218,199.31928031793257,78.0,-1.0,20260729_005653
AMD,AMD Threadripper 3970X,CPU,CPU package RAPL plus DRAM RAPL when available,2,1,10,10T,0.0058883297836257,1.3501878713450293,0.0079558098712778,1256.5115183729167,5.479794864883722,229.27501709450056,83.0,-1.0,20260729_005653
AMD,AMD Threadripper 3970X,CPU,CPU package RAPL plus DRAM RAPL when available,2,1,16,16T,0.0037809882164179,1.0841876492537312,0.00409954863557,1956.8338850038224,6.824239243209224,286.7335568751868,86.0,-1.0,20260729_005653
AMD,AMD Threadripper 3970X,CPU,CPU package RAPL plus DRAM RAPL when available,2,1,20,20T,0.0031185019617737,0.8949713119266055,0.0027909710996863,2372.535218113012,8.267031149217619,286.9849694569715,77.5,-1.0,20260729_005653
AMD,AMD Threadripper 3970X,CPU,CPU package RAPL plus DRAM RAPL when available,2,1,32,32T,0.0022006381847826,0.5801744380434782,0.0012765260969764,3362.0956995152737,12.752664451420518,263.848170125618,67.0,-1.0,20260729_005653
AMD,AMD Threadripper 3970X,CPU,CPU package RAPL plus DRAM RAPL when available,2,1,64,64T,0.0022079526612554,0.5890114761904761,0.0013004936858841,3350.9561422257752,12.561305019544712,266.68041887907714,70.0,-1.0,20260729_005653
AMD,AMD Threadripper 3970X,CPU,CPU package RAPL plus DRAM RAPL when available,2,2,1,1T,0.0337962657833333,2.5258530500000003,0.0853674391548843,109.46110151336194,1.4646054486008,74.81492143072094,71.5,-1.0,20260729_005653
AMD,AMD Threadripper 3970X,CPU,CPU package RAPL plus DRAM RAPL when available,2,2,2,2T,0.016445322,1.51065818852459,0.0248261308035333,224.95005904185533,2.4488505453072813,91.95649400466222,72.5,-1.0,20260729_005653
AMD,AMD Threadripper 3970X,CPU,CPU package RAPL plus DRAM RAPL when available,2,2,4,4T,0.0075338699210526,0.9603028421052632,0.007235052678155,491.0326574713654,3.852301626829148,127.54450440021604,74.0,-1.0,20260729_005653
AMD,AMD Threadripper 3970X,CPU,CPU package RAPL plus DRAM RAPL when available,2,2,8,8T,0.0037782337817164,0.7224858582089553,0.0027293363606084,979.1284726157212,5.12034401820526,191.13308089113724,78.0,-1.0,20260729_005653
AMD,AMD Threadripper 3970X,CPU,CPU package RAPL plus DRAM RAPL when available,2,2,10,10T,0.003119260044753,0.6864243858024692,0.0021395725713173,1185.9787703995771,5.389353423745282,220.22248945423436,80.5,-1.0,20260729_005653
AMD,AMD Threadripper 3970X,CPU,CPU package RAPL plus DRAM RAPL when available,2,2,16,16T,0.0019744041585127,0.5663540430528375,0.0011182126847308,1873.6690804203345,6.531918477584613,286.7996750046529,88.5,-1.0,20260729_005653
AMD,AMD Threadripper 3970X,CPU,CPU package RAPL plus DRAM RAPL when available,2,2,20,20T,0.0016381499104838,0.4699199072580645,0.0007697147662862,2258.264845975504,7.8723551126646,286.86547553692867,82.0,-1.0,20260729_005653
AMD,AMD Threadripper 3970X,CPU,CPU package RAPL plus DRAM RAPL when available,2,2,32,32T,0.0011717563662053,0.3202133016147636,0.000375211974125,3157.120578014538,11.552849658112583,273.2906520863262,77.5,-1.0,20260729_005653
AMD,AMD Threadripper 3970X,CPU,CPU package RAPL plus DRAM RAPL when available,2,2,64,64T,0.001187936896816,0.3022220253537735,0.0003590255450296,3114.11884721165,12.240590871899824,254.094864732625,69.0,-1.0,20260729_005653
AMD,AMD Threadripper 3970X,CPU,CPU package RAPL plus DRAM RAPL when available,2,3,1,1T,0.0307188907424242,2.317047969696969,0.071144329177135,120.42676201276726,1.5965903392829,75.40891184875784,68.0,-1.0,20260729_005653
AMD,AMD Threadripper 3970X,CPU,CPU package RAPL plus DRAM RAPL when available,2,3,2,2T,0.0149551378731343,1.428044052238806,0.021354554499031,247.3649433185691,2.590520467568737,95.38920984159635,75.0,-1.0,20260729_005653
AMD,AMD Threadripper 3970X,CPU,CPU package RAPL plus DRAM RAPL when available,2,3,4,4T,0.007419971537037,0.9717812888888888,0.0072104369054,498.57012395106005,3.806799642605017,130.98802299455963,76.0,-1.0,20260729_005653
AMD,AMD Threadripper 3970X,CPU,CPU package RAPL plus DRAM RAPL when available,2,3,8,8T,0.0037974032677902,0.7415470299625468,0.0028162020543787,974.1857459542776,4.98872892320731,195.294672093597,80.5,-1.0,20260729_005653
AMD,AMD Threadripper 3970X,CPU,CPU package RAPL plus DRAM RAPL when available,2,3,10,10T,0.0031042082962962,0.6967070277777778,0.0021627524008282,1191.7293526842243,5.3098016662147565,224.36415462879364,81.0,-1.0,20260729_005653
AMD,AMD Threadripper 3970X,CPU,CPU package RAPL plus DRAM RAPL when available,2,3,16,16T,0.0019806650098619,0.5681241222879685,0.0011252984175114,1867.744476090849,6.511563204741987,286.78347940458445,88.0,-1.0,20260729_005653
AMD,AMD Threadripper 3970X,CPU,CPU package RAPL plus DRAM RAPL when available,2,3,20,20T,0.0016710450281923,0.479468960199005,0.0008012142315226,2213.809962029483,7.715571220695043,286.9505169963118,83.0,-1.0,20260729_005653
AMD,AMD Threadripper 3970X,CPU,CPU package RAPL plus DRAM RAPL when available,2,3,32,32T,0.001154423556701,0.3083003516609393,0.0003561322160448,3204.523007936544,11.999260213454807,267.1071664290154,78.5,-1.0,20260729_005653
AMD,AMD Threadripper 3970X,CPU,CPU package RAPL plus DRAM RAPL when available,2,3,64,64T,0.0011903794527744,0.2996115106257379,0.0003565254876278,3107.7297923794367,12.347243002729131,251.4020023587956,67.5,-1.0,20260729_005653
AMD,AMD Threadripper 3970X,CPU,CPU package RAPL plus DRAM RAPL when available,2,4,1,1T,0.0306895601515151,2.339389621212121,0.0717535829031511,120.54184432146764,1.5813430481724535,76.3082914006861,75.0,-1.0,20260729_005653
AMD,AMD Threadripper 3970X,CPU,CPU package RAPL plus DRAM RAPL when available,2,4,2,2T,0.0151836089621212,1.427058318181818,0.021659705210691,243.64276644873223,2.592313301951034,94.08926676920868,76.0,-1.0,20260729_005653
AMD,AMD Threadripper 3970X,CPU,CPU package RAPL plus DRAM RAPL when available,2,4,4,4T,0.0075973408947368,0.9698288270676692,0.0073819456075349,486.9304947930751,3.814463276369129,127.55288893220902,77.0,-1.0,20260729_005653
AMD,AMD Threadripper 3970X,CPU,CPU package RAPL plus DRAM RAPL when available,2,4,8,8T,0.0038442772366412,0.7266441393129771,0.0027938341563014,962.3073249871684,5.091042416234277,188.9702227156328,80.0,-1.0,20260729_005653
AMD,AMD Threadripper 3970X,CPU,CPU package RAPL plus DRAM RAPL when available,2,4,10,10T,0.003124990715625,0.6788270140624999,0.0021222542906173,1183.804103513885,5.449659781047329,217.1144036480396,80.5,-1.0,20260729_005653
AMD,AMD Threadripper 3970X,CPU,CPU package RAPL plus DRAM RAPL when available,2,4,16,16T,0.0019965477885375,0.5725017806324111,0.0011432326696927,1852.886342431205,6.461772288686958,286.5546636457722,87.0,-1.0,20260729_005653
AMD,AMD Threadripper 3970X,CPU,CPU package RAPL plus DRAM RAPL when available,2,4,20,20T,0.0016870654521812,0.4834760989932886,0.000816121597811,2192.7875909944605,7.65162274874842,286.8544395640422,87.0,-1.0,20260729_005653
AMD,AMD Threadripper 3970X,CPU,CPU package RAPL plus DRAM RAPL when available,2,4,32,32T,0.0011195053884572,0.3016662647058823,0.0003379254050189,3304.4740351683995,12.263142607862145,269.5977898880709,70.0,-1.0,20260729_005653
AMD,AMD Threadripper 3970X,CPU,CPU package RAPL plus DRAM RAPL when available,2,4,64,64T,0.0012012000131736,0.2911153209580838,0.0003498559164203,3079.734245770126,12.70759685302361,242.27577163341292,69.0,-1.0,20260729_005653
AMD,AMD Threadripper 3970X,CPU,CPU package RAPL plus DRAM RAPL when available,2,5,1,1T,0.0992316674090909,6.98170709090909,0.6931753069014901,76.11374033432153,1.0818117947874764,70.31677434751975,66.0,-1.0,20260729_005653
AMD,AMD Threadripper 3970X,CPU,CPU package RAPL plus DRAM RAPL when available,2,5,2,2T,0.053580251,4.387784,0.2352072772545624,140.9641204431456,1.7213471598721377,81.95951452578106,70.0,-1.0,20260729_005653
AMD,AMD Threadripper 3970X,CPU,CPU package RAPL plus DRAM RAPL when available,2,5,4,4T,0.0282685017916666,2.880747055555556,0.0814444422235644,267.1840727201894,2.6218523506863685,101.90075446721444,68.0,-1.0,20260729_005653
AMD,AMD Threadripper 3970X,CPU,CPU package RAPL plus DRAM RAPL when available,2,5,8,8T,0.0113448121777777,1.7580927055555555,0.019941042501748,665.7574240104917,4.296072144129406,155.05838027208927,73.0,-1.0,20260729_005653
AMD,AMD Threadripper 3970X,CPU,CPU package RAPL plus DRAM RAPL when available,2,5,10,10T,0.0098939574313725,1.7123085588235294,0.0169218661586511,763.384432095417,4.410944551707962,173.0800090253537,72.0,-1.0,20260729_005653
AMD,AMD Threadripper 3970X,CPU,CPU package RAPL plus DRAM RAPL when available,2,5,16,16T,0.0056994272288135,1.384033183615819,0.0078833653608824,1325.2049962617548,5.457164329066841,242.46999679863904,83.0,-1.0,20260729_005653
AMD,AMD Threadripper 3970X,CPU,CPU package RAPL plus DRAM RAPL when available,2,5,20,20T,0.0051316434795918,1.3631909795918369,0.0070004592225405,1471.8272996966557,5.540599148816989,265.28853709497514,83.5,-1.0,20260729_005653
AMD,AMD Threadripper 3970X,CPU,CPU package RAPL plus DRAM RAPL when available,2,5,32,32T,0.0030901042752293,0.8868942293577982,0.0027402481620032,2444.219621582589,8.516115077506715,286.94086732216044,74.0,-1.0,20260729_005653
AMD,AMD Threadripper 3970X,CPU,CPU package RAPL plus DRAM RAPL when available,2,5,64,64T,0.002938409998538,0.7531291710526316,0.0022119276682846,2570.4013211620663,10.028682575537593,256.15525846264416,76.5,-1.0,20260729_005653
AMD,AMD Threadripper 3970X,CPU,CPU package RAPL plus DRAM RAPL when available,2,6,1,1T,0.1218662333333333,9.393431666666666,1.1457454245008625,107.93259418851132,1.4002713448402746,77.01238314080621,71.5,-1.0,20260729_005653
AMD,AMD Threadripper 3970X,CPU,CPU package RAPL plus DRAM RAPL when available,2,6,2,2T,0.0607855283235294,5.459465852941177,0.3319352874950905,216.3892960652045,2.409271841393611,89.78241283132449,70.0,-1.0,20260729_005653
AMD,AMD Threadripper 3970X,CPU,CPU package RAPL plus DRAM RAPL when available,2,6,4,4T,0.0307383907727272,3.668607378787879,0.1127414346034671,427.91236022839513,3.5853761761331864,119.33863896889424,70.5,-1.0,20260729_005653
AMD,AMD Threadripper 3970X,CPU,CPU package RAPL plus DRAM RAPL when available,2,6,8,8T,0.015703890276923,2.7272981384615385,0.042823780240607,837.5847112098913,4.822845456080516,173.63261561117503,73.0,-1.0,20260729_005653
AMD,AMD Threadripper 3970X,CPU,CPU package RAPL plus DRAM RAPL when available,2,6,10,10T,0.01272863524375,2.530228325,0.032194508325261,1033.3658951520008,5.198478458765475,198.66980702971364,74.0,-1.0,20260729_005653
AMD,AMD Threadripper 3970X,CPU,CPU package RAPL plus DRAM RAPL when available,2,6,16,16T,0.0086107524487179,2.24729708974359,0.0193461642786536,1527.5480925150862,5.852959007987419,260.9419033302576,84.0,-1.0,20260729_005653
AMD,AMD Threadripper 3970X,CPU,CPU package RAPL plus DRAM RAPL when available,2,6,20,20T,0.0071805611785714,2.0604684357142857,0.0147965312709442,1831.7979704447748,6.38366392113888,286.8996459448442,83.0,-1.0,20260729_005653
AMD,AMD Threadripper 3970X,CPU,CPU package RAPL plus DRAM RAPL when available,2,6,32,32T,0.0057589592947976,1.599164034682081,0.0092161011662428,2283.9781908855143,8.225144234219997,277.20726051084074,72.0,-1.0,20260729_005653
AMD,AMD Threadripper 3970X,CPU,CPU package RAPL plus DRAM RAPL when available,2,6,64,64T,0.0058329128546511,1.4253440755813953,0.0083092054083803,2255.020844973552,9.228193241600112,244.18373008926076,68.0,-1.0,20260729_005653
AMD,AMD Threadripper 3970X,CPU,CPU package RAPL plus DRAM RAPL when available,3,1,1,1T,0.0580188854166666,4.538060638888889,0.2630888760433618,127.52319329275122,1.630377570538227,78.23551219212084,74.0,-1.0,20260729_005653
AMD,AMD Threadripper 3970X,CPU,CPU package RAPL plus DRAM RAPL when available,3,1,2,2T,0.0291425563285714,2.8051490857142856,0.0818134033654036,253.88137601744373,2.637561194025076,96.45453782434336,75.5,-1.0,20260729_005653
AMD,AMD Threadripper 3970X,CPU,CPU package RAPL plus DRAM RAPL when available,3,1,4,4T,0.0142842697183098,1.9024574859154928,0.0271112539514981,517.9650760043819,3.8890502252790258,133.36721192166976,74.0,-1.0,20260729_005653
AMD,AMD Threadripper 3970X,CPU,CPU package RAPL plus DRAM RAPL when available,3,1,8,8T,0.0071988618273381,1.437703107913669,0.0103512420215695,1027.766991211303,5.146230968554507,199.60327148912717,80.0,-1.0,20260729_005653
AMD,AMD Threadripper 3970X,CPU,CPU package RAPL plus DRAM RAPL when available,3,1,10,10T,0.0058822319649122,1.351070736842105,0.0079467094712031,1257.8138527534957,5.476213863433473,229.7065260424867,81.0,-1.0,20260729_005653
AMD,AMD Threadripper 3970X,CPU,CPU package RAPL plus DRAM RAPL when available,3,1,16,16T,0.0037770876254681,1.083281168539326,0.0040910437414611,1958.8511407763715,6.829946772206899,286.791495932691,85.0,-1.0,20260729_005653
AMD,AMD Threadripper 3970X,CPU,CPU package RAPL plus DRAM RAPL when available,3,1,20,20T,0.0031204395031847,0.8954784156050957,0.0027941020766336,2371.0612637372924,8.262345731178812,286.9631540544509,81.5,-1.0,20260729_005653
AMD,AMD Threadripper 3970X,CPU,CPU package RAPL plus DRAM RAPL when available,3,1,32,32T,0.0021745035450733,0.570695501048218,0.0012417572818275,3403.0918734311485,12.96679459464804,261.3509721353185,62.0,-1.0,20260729_005653
AMD,AMD Threadripper 3970X,CPU,CPU package RAPL plus DRAM RAPL when available,3,1,64,64T,0.0022203146876355,0.5928236908893709,0.0013162554560456,3332.299751709227,12.480530064417056,266.8463417738949,68.5,-1.0,20260729_005653
AMD,AMD Threadripper 3970X,CPU,CPU package RAPL plus DRAM RAPL when available,3,2,1,1T,0.0347679991896551,2.613124551724137,0.0908467993881256,106.40175537701164,1.4156907353937505,75.1673605926797,70.5,-1.0,20260729_005653
AMD,AMD Threadripper 3970X,CPU,CPU package RAPL plus DRAM RAPL when available,3,2,2,2T,0.0167571983333333,1.527667325,0.0256027951451384,220.7634032880455,2.4215849055903647,91.1758411936315,70.0,-1.0,20260729_005653
AMD,AMD Threadripper 3970X,CPU,CPU package RAPL plus DRAM RAPL when available,3,2,4,4T,0.007520627022388,0.9621917388059702,0.0072360285282069,491.89734614347344,3.844739046966851,127.98004154986369,74.0,-1.0,20260729_005653
AMD,AMD Threadripper 3970X,CPU,CPU package RAPL plus DRAM RAPL when available,3,2,8,8T,0.0038291366278195,0.7261409548872181,0.0027802654705793,966.1123610834696,5.094570288495362,189.6201816515054,77.0,-1.0,20260729_005653
AMD,AMD Threadripper 3970X,CPU,CPU package RAPL plus DRAM RAPL when available,3,2,10,10T,0.0030635173039513,0.6749991717325228,0.0020679244296421,1207.5586593411333,5.480563971789443,220.3403525223428,80.0,-1.0,20260729_005653
AMD,AMD Threadripper 3970X,CPU,CPU package RAPL plus DRAM RAPL when available,3,2,16,16T,0.0019999753575697,0.5733243954183267,0.0011466347979778,1849.7135948613263,6.452500874384523,286.55038820481434,90.0,-1.0,20260729_005653
AMD,AMD Threadripper 3970X,CPU,CPU package RAPL plus DRAM RAPL when available,3,2,20,20T,0.0016494285303278,0.4727523704918033,0.0007798094837839,2242.823130996884,7.825188261788885,286.6973324489877,83.0,-1.0,20260729_005653
AMD,AMD Threadripper 3970X,CPU,CPU package RAPL plus DRAM RAPL when available,3,2,32,32T,0.0011609313390022,0.316570077664399,0.0003677867235301,3186.559315788599,11.685829200998963,272.45141762693095,68.0,-1.0,20260729_005653
AMD,AMD Threadripper 3970X,CPU,CPU package RAPL plus DRAM RAPL when available,3,2,64,64T,0.0010936742459283,0.2820796406080347,0.0003085328396785,3382.52102193882,13.114652105842184,257.9065256763939,70.0,-1.0,20260729_005653
AMD,AMD Threadripper 3970X,CPU,CPU package RAPL plus DRAM RAPL when available,3,3,1,1T,0.0310757721666666,2.374160515151515,0.0737907797691992,119.04374865209746,1.5581829891668877,76.42425830628486,73.0,-1.0,20260729_005653
AMD,AMD Threadripper 3970X,CPU,CPU package RAPL plus DRAM RAPL when available,3,3,2,2T,0.0149396222985074,1.4291365895522388,0.0213507602250958,247.6217979143389,2.588540715807746,95.72949998188966,77.0,-1.0,20260729_005653
AMD,AMD Threadripper 3970X,CPU,CPU package RAPL plus DRAM RAPL when available,3,3,4,4T,0.0074868937164179,0.978297302238806,0.0073297275746861,494.1137734075962,3.7814436570724,130.57450632856006,78.0,-1.0,20260729_005653
AMD,AMD Threadripper 3970X,CPU,CPU package RAPL plus DRAM RAPL when available,3,3,8,8T,0.0037686290391791,0.7377910820895522,0.0027809478789805,981.6246877067132,5.014124246878343,195.7016509736878,78.0,-1.0,20260729_005653
AMD,AMD Threadripper 3970X,CPU,CPU package RAPL plus DRAM RAPL when available,3,3,10,10T,0.0031009392708978,0.6962265309597523,0.0021596324389958,1192.9860613638104,5.31346640400375,224.6631695906475,81.0,-1.0,20260729_005653
AMD,AMD Threadripper 3970X,CPU,CPU package RAPL plus DRAM RAPL when available,3,3,16,16T,0.0019841292411417,0.5689209616141733,0.0011293445185177,1864.48346786898,6.502443729077411,286.77465446235294,86.5,-1.0,20260729_005653
AMD,AMD Threadripper 3970X,CPU,CPU package RAPL plus DRAM RAPL when available,3,3,20,20T,0.0016623049852216,0.4770452536945813,0.0007929948552644,2225.450237637964,7.754770976822462,286.8769574226217,82.0,-1.0,20260729_005653
AMD,AMD Threadripper 3970X,CPU,CPU package RAPL plus DRAM RAPL when available,3,3,32,32T,0.0011554848568985,0.3091019224629418,0.0003571627377296,3201.579810046808,11.968152107323853,267.5751818174992,66.5,-1.0,20260729_005653
AMD,AMD Threadripper 3970X,CPU,CPU package RAPL plus DRAM RAPL when available,3,3,64,64T,0.0011279535127635,0.3006038951165372,0.0003389267742504,3279.7240448536795,12.30648107108802,266.6345571804818,73.0,-1.0,20260729_005653
AMD,AMD Threadripper 3970X,CPU,CPU package RAPL plus DRAM RAPL when available,3,4,1,1T,0.03029602775,2.304122029411764,0.069765417385237,122.10763424747756,1.6055469842289876,75.99557492214817,72.0,-1.0,20260729_005653
AMD,AMD Threadripper 3970X,CPU,CPU package RAPL plus DRAM RAPL when available,3,4,2,2T,0.0151129404166666,1.421708181818182,0.0215149332085505,244.78220659329776,2.602064748140977,94.23050861535124,76.0,-1.0,20260729_005653
AMD,AMD Threadripper 3970X,CPU,CPU package RAPL plus DRAM RAPL when available,3,4,4,4T,0.0076097018295454,0.9677290568181818,0.0073641295410768,486.1394333046272,3.822739579062709,127.2426494892352,74.0,-1.0,20260729_005653
AMD,AMD Threadripper 3970X,CPU,CPU package RAPL plus DRAM RAPL when available,3,4,8,8T,0.0038329387137404,0.7275381297709924,0.0027886090580078,965.1540336026416,5.084786593302773,189.91716788149705,79.0,-1.0,20260729_005653
AMD,AMD Threadripper 3970X,CPU,CPU package RAPL plus DRAM RAPL when available,3,4,10,10T,0.003130842965625,0.6793575609375,0.0021275305677772,1181.591094973283,5.445404014012455,216.9982333891517,78.0,-1.0,20260729_005653
AMD,AMD Threadripper 3970X,CPU,CPU package RAPL plus DRAM RAPL when available,3,4,16,16T,0.0019856445891089,0.5694520960396039,0.0011309393467061,1863.0606838580832,6.496378292696178,286.88059820107424,89.0,-1.0,20260729_005653
AMD,AMD Threadripper 3970X,CPU,CPU package RAPL plus DRAM RAPL when available,3,4,20,20T,0.0016550611436781,0.4749939926108374,0.0007862097025182,2235.190008616788,7.788258772659855,286.9596435065244,85.5,-1.0,20260729_005653
AMD,AMD Threadripper 3970X,CPU,CPU package RAPL plus DRAM RAPL when available,3,4,32,32T,0.0011237047167405,0.3031062422394678,0.0003406019140732,3292.124771917622,12.204882686242197,269.7383380566595,69.0,-1.0,20260729_005653
AMD,AMD Threadripper 3970X,CPU,CPU package RAPL plus DRAM RAPL when available,3,4,64,64T,0.0010941619291166,0.2790812993456925,0.0003056234511094,3381.01349792436,13.25555017719625,254.7531255825536,72.5,-1.0,20260729_005653
AMD,AMD Threadripper 3970X,CPU,CPU package RAPL plus DRAM RAPL when available,3,5,1,1T,0.092377496090909,6.683755818181817,0.6161399824000844,81.76118119351322,1.1300387758231496,72.47471665254024,72.5,-1.0,20260729_005653
AMD,AMD Threadripper 3970X,CPU,CPU package RAPL plus DRAM RAPL when available,3,5,2,2T,0.0512577674999999,4.251598975,0.2179105197196872,147.3511922389752,1.776488305091604,82.98764140933295,71.5,-1.0,20260729_005653
AMD,AMD Threadripper 3970X,CPU,CPU package RAPL plus DRAM RAPL when available,3,5,4,4T,0.0246077686341463,2.6674110000000004,0.0656115383630337,306.9312630661208,2.831544636538462,108.29886101568124,67.5,-1.0,20260729_005653
AMD,AMD Threadripper 3970X,CPU,CPU package RAPL plus DRAM RAPL when available,3,5,8,8T,0.0116066258045977,1.7905085057471264,0.0207881334704063,650.7398834020764,4.218294921502665,154.31612957186005,74.0,-1.0,20260729_005653
AMD,AMD Threadripper 3970X,CPU,CPU package RAPL plus DRAM RAPL when available,3,5,10,10T,0.0098095637156862,1.736495774509804,0.0170336091377335,769.9523577469316,4.349502675685384,176.99318215791692,74.0,-1.0,20260729_005653
AMD,AMD Threadripper 3970X,CPU,CPU package RAPL plus DRAM RAPL when available,3,5,16,16T,0.0059614922982456,1.4099855789473683,0.0083964372160376,1266.9467999625522,5.356716921037286,236.58215144604785,81.5,-1.0,20260729_005653
AMD,AMD Threadripper 3970X,CPU,CPU package RAPL plus DRAM RAPL when available,3,5,20,20T,0.004972871593596,1.3380526773399013,0.0066541417270699,1518.819216193344,5.644690569815946,269.05215769747053,85.5,-1.0,20260729_005653
AMD,AMD Threadripper 3970X,CPU,CPU package RAPL plus DRAM RAPL when available,3,5,32,32T,0.0031091635015197,0.8925040030395136,0.0027749494249792,2429.2421261253003,8.46262086338906,287.0154265445906,75.0,-1.0,20260729_005653
AMD,AMD Threadripper 3970X,CPU,CPU package RAPL plus DRAM RAPL when available,3,5,64,64T,0.0027866285359116,0.7339086187845305,0.0020458425718897,2710.405510688939,10.291326541641006,263.2655239985469,72.0,-1.0,20260729_005653
AMD,AMD Threadripper 3970X,CPU,CPU package RAPL plus DRAM RAPL when available,3,6,1,1T,0.1211086398333333,8.941877944444446,1.0837721405764194,108.60776191829513,1.4709815637430892,73.79458159568662,69.5,-1.0,20260729_005653
AMD,AMD Threadripper 3970X,CPU,CPU package RAPL plus DRAM RAPL when available,3,6,2,2T,0.0611698510294117,5.779515882352941,0.3536577675836176,215.0297450650592,2.27585489612809,94.56717630055395,72.5,-1.0,20260729_005653
AMD,AMD Threadripper 3970X,CPU,CPU package RAPL plus DRAM RAPL when available,3,6,4,4T,0.0306471580454545,3.6990145,0.1133563521602688,429.1862057632304,3.555903742830301,120.81566271179598,77.0,-1.0,20260729_005653
AMD,AMD Threadripper 3970X,CPU,CPU package RAPL plus DRAM RAPL when available,3,6,8,8T,0.0157542470078125,2.733006765625,0.0430416297260071,834.9074412515301,4.812771605379477,173.4375767857024,74.0,-1.0,20260729_005653
AMD,AMD Threadripper 3970X,CPU,CPU package RAPL plus DRAM RAPL when available,3,6,10,10T,0.0126962632594936,2.527748917721519,0.0320928786751602,1036.0006781992388,5.2035774809092405,199.06793471811704,73.0,-1.0,20260729_005653
AMD,AMD Threadripper 3970X,CPU,CPU package RAPL plus DRAM RAPL when available,3,6,16,16T,0.0086289993706896,2.2491347543103446,0.0194069738501036,1524.3178057831929,5.848176657476938,260.586742534869,83.0,-1.0,20260729_005653
AMD,AMD Threadripper 3970X,CPU,CPU package RAPL plus DRAM RAPL when available,3,6,20,20T,0.0071966601357142,2.062479985714286,0.0148404587419776,1827.700231771601,6.377438194135031,286.6781524922685,82.5,-1.0,20260729_005653
AMD,AMD Threadripper 3970X,CPU,CPU package RAPL plus DRAM RAPL when available,3,6,32,32T,0.0057522896522988,1.577701448275862,0.0090759053178021,2286.6263969846214,8.337030021992998,274.25824462046626,69.5,-1.0,20260729_005653
AMD,AMD Threadripper 3970X,CPU,CPU package RAPL plus DRAM RAPL when available,3,6,64,64T,0.0057669896742857,1.395515465714286,0.0080501099989204,2280.7978585263654,9.425432951500138,242.15368103600355,65.0,-1.0,20260729_005653
AMD,AMD Threadripper 3970X,CPU,CPU package RAPL plus DRAM RAPL when available,4,1,1,1T,0.0580183657222222,4.543865027777777,0.2636276862991998,127.52432161176029,1.62829636838044,78.31768735115799,75.0,-1.0,20260729_005653
AMD,AMD Threadripper 3970X,CPU,CPU package RAPL plus DRAM RAPL when available,4,1,2,2T,0.0292716401714285,2.8118081,0.0823036775871319,252.76242141176323,2.631317461777913,96.10978708190312,74.5,-1.0,20260729_005653
AMD,AMD Threadripper 3970X,CPU,CPU package RAPL plus DRAM RAPL when available,4,1,4,4T,0.0143660886785714,1.897018307142857,0.0272527302068629,515.015728537481,3.900200804494317,132.06058323329563,74.0,-1.0,20260729_005653
AMD,AMD Threadripper 3970X,CPU,CPU package RAPL plus DRAM RAPL when available,4,1,8,8T,0.0071788566985815,1.4338982517730496,0.0102922759227444,1030.631016038571,5.159886518147293,199.6911385425788,77.0,-1.0,20260729_005653
AMD,AMD Threadripper 3970X,CPU,CPU package RAPL plus DRAM RAPL when available,4,1,10,10T,0.0058939934415204,1.3504036666666668,0.0079591157626208,1255.3037865378217,5.478918969464542,229.12275639337287,80.0,-1.0,20260729_005653
AMD,AMD Threadripper 3970X,CPU,CPU package RAPL plus DRAM RAPL when available,4,1,16,16T,0.0038009634412878,1.0902646098484847,0.0041439288597063,1946.5466046583167,6.786198836012598,286.8976675833723,87.0,-1.0,20260729_005653
AMD,AMD Threadripper 3970X,CPU,CPU package RAPL plus DRAM RAPL when available,4,1,20,20T,0.0031414105815047,0.9009298228840126,0.0028301906321943,2355.23265246464,8.212351702758117,286.9578861795057,81.0,-1.0,20260729_005653
AMD,AMD Threadripper 3970X,CPU,CPU package RAPL plus DRAM RAPL when available,4,1,32,32T,0.0022574656166666,0.6025998933333333,0.0013607995767663,3277.459595482553,12.278051385612606,266.96275147402923,68.0,-1.0,20260729_005653
AMD,AMD Threadripper 3970X,CPU,CPU package RAPL plus DRAM RAPL when available,4,1,64,64T,0.0022112709112554,0.5902663311688312,0.0013048297345362,3345.928148168002,12.534600576376342,266.7928880016506,70.0,-1.0,20260729_005653
AMD,AMD Threadripper 3970X,CPU,CPU package RAPL plus DRAM RAPL when available,4,2,1,1T,0.0333632138064516,2.490429209677419,0.0831738103948168,110.88190768001029,1.4854372048308644,74.65409722663824,68.0,-1.0,20260729_005653
AMD,AMD Threadripper 3970X,CPU,CPU package RAPL plus DRAM RAPL when available,4,2,2,2T,0.0160600796349206,1.4894659761904765,0.0239304901796024,230.34607081579415,2.483693010953564,92.71075473712015,74.0,-1.0,20260729_005653
AMD,AMD Threadripper 3970X,CPU,CPU package RAPL plus DRAM RAPL when available,4,2,4,4T,0.0074775478777777,0.9573860444444444,0.0071589011995488,494.7312279952846,3.8640393772723103,128.1268524451403,74.0,-1.0,20260729_005653
AMD,AMD Threadripper 3970X,CPU,CPU package RAPL plus DRAM RAPL when available,4,2,8,8T,0.0038571076509803,0.732488174509804,0.0028241379974863,959.1062843939096,5.050424389336719,189.8552015004529,80.5,-1.0,20260729_005653
AMD,AMD Threadripper 3970X,CPU,CPU package RAPL plus DRAM RAPL when available,4,2,10,10T,0.0032881111188925,0.6971529560260586,0.0022933131415633,1125.076376807082,5.306406039393869,211.85579463669237,78.0,-1.0,20260729_005653
AMD,AMD Threadripper 3970X,CPU,CPU package RAPL plus DRAM RAPL when available,4,2,16,16T,0.001997031894685,0.572384842519685,0.0011434575112574,1852.4373790788416,6.463092888901658,286.6987311912485,86.5,-1.0,20260729_005653
AMD,AMD Threadripper 3970X,CPU,CPU package RAPL plus DRAM RAPL when available,4,2,20,20T,0.0016444488265802,0.4716930081037277,0.0007756750110339,2249.614623714696,7.842763772974162,286.8811911879128,82.5,-1.0,20260729_005653
AMD,AMD Threadripper 3970X,CPU,CPU package RAPL plus DRAM RAPL when available,4,2,32,32T,0.0011508773915525,0.3126856255707763,0.0003600589368867,3214.3968869864893,11.830976450901233,271.74655016139167,71.0,-1.0,20260729_005653
AMD,AMD Threadripper 3970X,CPU,CPU package RAPL plus DRAM RAPL when available,4,2,64,64T,0.001190527613744,0.302895307464455,0.0003607154305849,3107.341804046895,12.213382106205852,254.4622495593933,70.0,-1.0,20260729_005653
AMD,AMD Threadripper 3970X,CPU,CPU package RAPL plus DRAM RAPL when available,4,3,1,1T,0.0310989583636363,2.372895015151516,0.0737713340939017,118.95499068401634,1.5590141516334757,76.30113404964663,72.0,-1.0,20260729_005653
AMD,AMD Threadripper 3970X,CPU,CPU package RAPL plus DRAM RAPL when available,4,3,2,2T,0.0149174945895522,1.4271104626865672,0.0213005112076088,247.98914873667923,2.592214423551658,95.5717027215932,76.0,-1.0,20260729_005653
AMD,AMD Threadripper 3970X,CPU,CPU package RAPL plus DRAM RAPL when available,4,3,4,4T,0.0074302979555555,0.9802459777777778,0.0072793136741009,497.8773563099388,3.773926718653226,131.8783708268843,76.0,-1.0,20260729_005653
AMD,AMD Threadripper 3970X,CPU,CPU package RAPL plus DRAM RAPL when available,4,3,8,8T,0.0037727315770676,0.7390405582706767,0.0027881788623906,980.5564441434716,5.0056469918987245,195.83796104220528,80.0,-1.0,20260729_005653
AMD,AMD Threadripper 3970X,CPU,CPU package RAPL plus DRAM RAPL when available,4,3,10,10T,0.0031119479006211,0.6967087593167702,0.0021681648052212,1188.7655816915394,5.309788456897319,223.8940232741936,81.5,-1.0,20260729_005653
AMD,AMD Threadripper 3970X,CPU,CPU package RAPL plus DRAM RAPL when available,4,3,16,16T,0.0019721418532289,0.5653788600782779,0.001115067843191,1875.8165478547849,6.543186731467004,286.8867572423347,84.0,-1.0,20260729_005653
AMD,AMD Threadripper 3970X,CPU,CPU package RAPL plus DRAM RAPL when available,4,3,20,20T,0.0016642344595041,0.477626873553719,0.0007948831013302,2222.869771808557,7.745326598745413,286.9102897982358,83.0,-1.0,20260729_005653
AMD,AMD Threadripper 3970X,CPU,CPU package RAPL plus DRAM RAPL when available,4,3,32,32T,0.0011589704425287,0.3106508977011494,0.0003600842998183,3191.9504328765697,11.908468001278138,267.8599332237915,68.0,-1.0,20260729_005653
AMD,AMD Threadripper 3970X,CPU,CPU package RAPL plus DRAM RAPL when available,4,3,64,64T,0.0011930877285714,0.3020654321428571,0.0003604989721195,3100.6740491885303,12.246936377731622,253.067928759784,71.5,-1.0,20260729_005653
AMD,AMD Threadripper 3970X,CPU,CPU package RAPL plus DRAM RAPL when available,4,4,1,1T,0.0304817714848484,2.3210360909090912,0.0707901557717341,121.36356210164524,1.593847218619064,76.08094094411953,74.0,-1.0,20260729_005653
AMD,AMD Threadripper 3970X,CPU,CPU package RAPL plus DRAM RAPL when available,4,4,2,2T,0.0151191900522388,1.4307483582089553,0.0216458119265154,244.68118288927465,2.585629966400972,94.61284947905868,76.0,-1.0,20260729_005653
AMD,AMD Threadripper 3970X,CPU,CPU package RAPL plus DRAM RAPL when available,4,4,4,4T,0.0075250045112781,0.967936030075188,0.0072833433075478,491.6113727007569,3.821922150236301,128.65489424172262,74.0,-1.0,20260729_005653
AMD,AMD Threadripper 3970X,CPU,CPU package RAPL plus DRAM RAPL when available,4,4,8,8T,0.0038679401100386,0.7295719343629343,0.0028224883859052,956.4203817721884,5.070611894380483,188.65687261063377,79.0,-1.0,20260729_005653
AMD,AMD Threadripper 3970X,CPU,CPU package RAPL plus DRAM RAPL when available,4,4,10,10T,0.0031485004922118,0.6820124704049844,0.0021482371531675,1174.9646240626344,5.424205991145718,216.68408163265136,80.5,-1.0,20260729_005653
AMD,AMD Threadripper 3970X,CPU,CPU package RAPL plus DRAM RAPL when available,4,4,16,16T,0.0020073498119999,0.5754803719999999,0.0011552169097179,1842.915523944847,6.428327863109258,286.6338475935993,89.0,-1.0,20260729_005653
AMD,AMD Threadripper 3970X,CPU,CPU package RAPL plus DRAM RAPL when available,4,4,20,20T,0.0017489653608247,0.5016478969072165,0.0008774283478709,2115.1797810579114,7.374447941524799,286.837586175672,82.0,-1.0,20260729_005653
AMD,AMD Threadripper 3970X,CPU,CPU package RAPL plus DRAM RAPL when available,4,4,32,32T,0.0011607068039772,0.3173800539772727,0.0003683663670217,3187.1758990358844,11.65598295237087,273.657142141009,68.0,-1.0,20260729_005653
AMD,AMD Threadripper 3970X,CPU,CPU package RAPL plus DRAM RAPL when available,4,4,64,64T,0.0012026382259215,0.2906151254458977,0.000349502108155,3076.0507343528016,12.729469193347592,241.65379535307216,67.0,-1.0,20260729_005653
AMD,AMD Threadripper 3970X,CPU,CPU package RAPL plus DRAM RAPL when available,4,5,1,1T,0.0930171602727272,6.784058454545454,0.6309676445694801,81.19893034537003,1.113329599091942,72.93972454658137,67.5,-1.0,20260729_005653
AMD,AMD Threadripper 3970X,CPU,CPU package RAPL plus DRAM RAPL when available,4,5,2,2T,0.0470715124772727,3.9353874090909087,0.1852820979064975,160.4557166092481,1.9192250938582969,83.56421087602118,65.0,-1.0,20260729_005653
AMD,AMD Threadripper 3970X,CPU,CPU package RAPL plus DRAM RAPL when available,4,5,4,4T,0.0240459569166666,2.702406142857143,0.0649467836437315,314.10250199910365,2.794877091781321,112.22493727769005,70.0,-1.0,20260729_005653
AMD,AMD Threadripper 3970X,CPU,CPU package RAPL plus DRAM RAPL when available,4,5,8,8T,0.0114582823103448,1.7861128793103451,0.020459934134045,659.1645520501831,4.228676804231212,156.03132996942912,78.0,-1.0,20260729_005653
AMD,AMD Threadripper 3970X,CPU,CPU package RAPL plus DRAM RAPL when available,4,5,10,10T,0.0102303749285714,1.7574518622448978,0.0179780728961008,738.2811461917848,4.29763859077965,171.69679317057177,74.0,-1.0,20260729_005653
AMD,AMD Threadripper 3970X,CPU,CPU package RAPL plus DRAM RAPL when available,4,5,16,16T,0.0063241572888198,1.4494395869565218,0.0091716712692048,1194.292409845804,5.2109064822863385,229.154917995486,79.0,-1.0,20260729_005653
AMD,AMD Threadripper 3970X,CPU,CPU package RAPL plus DRAM RAPL when available,4,5,20,20T,0.0051836133871794,1.3661186128205127,0.0070827543719796,1457.0710447221577,5.528725243776058,263.5189653025898,83.0,-1.0,20260729_005653
AMD,AMD Threadripper 3970X,CPU,CPU package RAPL plus DRAM RAPL when available,4,5,32,32T,0.0031915827034161,0.9162322624223602,0.0029242977263526,2366.505048646704,8.243431241665249,287.005037768271,72.5,-1.0,20260729_005653
AMD,AMD Threadripper 3970X,CPU,CPU package RAPL plus DRAM RAPL when available,4,5,64,64T,0.0028760647464183,0.7394387922636103,0.0021260925572406,2626.120695669787,10.21435874044396,257.1739956556815,72.0,-1.0,20260729_005653
AMD,AMD Threadripper 3970X,CPU,CPU package RAPL plus DRAM RAPL when available,4,6,1,1T,0.1193474521111111,8.944243,1.0674467823987293,110.21046204323,1.470592754568362,74.90033359932586,69.0,-1.0,20260729_005653
AMD,AMD Threadripper 3970X,CPU,CPU package RAPL plus DRAM RAPL when available,4,6,2,2T,0.0608129936764705,5.523399588235295,0.335892076950544,216.2917041872363,2.3813845950902888,90.83491394168053,71.0,-1.0,20260729_005653
AMD,AMD Threadripper 3970X,CPU,CPU package RAPL plus DRAM RAPL when available,4,6,4,4T,0.0307596579242424,3.6725041969696974,0.1129547531189052,427.6165055993594,3.581571805409175,119.38365310682892,70.0,-1.0,20260729_005653
AMD,AMD Threadripper 3970X,CPU,CPU package RAPL plus DRAM RAPL when available,4,6,8,8T,0.0159445929920634,2.806004325396825,0.0447752441207798,824.9404116688461,4.687570162244974,176.07093526175737,75.0,-1.0,20260729_005653
AMD,AMD Threadripper 3970X,CPU,CPU package RAPL plus DRAM RAPL when available,4,6,10,10T,0.01271476694375,2.54486484375,0.0323997735445733,1034.4930920576337,5.168580578368793,200.0898517608104,74.0,-1.0,20260729_005653
AMD,AMD Threadripper 3970X,CPU,CPU package RAPL plus DRAM RAPL when available,4,6,16,16T,0.0086087858135593,2.249133093220339,0.0193618143868958,1527.8970174415622,5.848181620738712,261.2408138104873,80.5,-1.0,20260729_005653
AMD,AMD Threadripper 3970X,CPU,CPU package RAPL plus DRAM RAPL when available,4,6,20,20T,0.0072004802571428,2.064961757142857,0.0148734412628725,1826.7311353517691,6.369772853469367,286.7840851524644,83.0,-1.0,20260729_005653
AMD,AMD Threadripper 3970X,CPU,CPU package RAPL plus DRAM RAPL when available,4,6,32,32T,0.0057471410751445,1.5830548959537571,0.0090899759345915,2288.6779907560326,8.308838873625401,275.4309423403238,70.0,-1.0,20260729_005653
AMD,AMD Threadripper 3970X,CPU,CPU package RAPL plus DRAM RAPL when available,4,6,64,64T,0.0057972896734104,1.397657583815029,0.0080940802625578,2268.8773747222376,9.410988463924722,241.351597610302,63.5,-1.0,20260729_005653
AMD,AMD Threadripper 3970X,CPU,CPU package RAPL plus DRAM RAPL when available,5,1,1,1T,0.0581739188611111,4.513918666666667,0.2629295657354549,127.18332585249416,1.6390987373552943,77.48862506815888,74.5,-1.0,20260729_005653
AMD,AMD Threadripper 3970X,CPU,CPU package RAPL plus DRAM RAPL when available,5,1,2,2T,0.02946561675,2.828553838235294,0.0833267997537521,251.0978247254022,2.615738021853006,96.01935069020467,75.0,-1.0,20260729_005653
AMD,AMD Threadripper 3970X,CPU,CPU package RAPL plus DRAM RAPL when available,5,1,4,4T,0.0144386393,1.90330265,0.0274748132585643,512.4272518550495,3.887323177694,131.88421769179718,72.0,-1.0,20260729_005653
AMD,AMD Threadripper 3970X,CPU,CPU package RAPL plus DRAM RAPL when available,5,1,8,8T,0.0071987811521739,1.436976713768116,0.0103412033443657,1027.7784676891165,5.1488324289637175,199.58041933818768,79.0,-1.0,20260729_005653
AMD,AMD Threadripper 3970X,CPU,CPU package RAPL plus DRAM RAPL when available,5,1,10,10T,0.0058700075906432,1.350584,0.007929114796313,1260.4335303457503,5.478187412302283,230.01987479667312,78.0,-1.0,20260729_005653
AMD,AMD Threadripper 3970X,CPU,CPU package RAPL plus DRAM RAPL when available,5,1,16,16T,0.0037927238890977,1.0872644022556393,0.0041234007463935,1950.775372052148,6.804924832382298,286.69366332944367,83.5,-1.0,20260729_005653
AMD,AMD Threadripper 3970X,CPU,CPU package RAPL plus DRAM RAPL when available,5,1,20,20T,0.0031749605747663,0.9105097881619938,0.0028908332995081,2330.345751419155,8.125945535023003,286.8582663627435,80.0,-1.0,20260729_005653
AMD,AMD Threadripper 3970X,CPU,CPU package RAPL plus DRAM RAPL when available,5,1,32,32T,0.0021923767349137,0.5767146497844827,0.0012643758341514,3374.76319498037,12.829141621227642,263.16936510167466,65.0,-1.0,20260729_005653
AMD,AMD Threadripper 3970X,CPU,CPU package RAPL plus DRAM RAPL when available,5,1,64,64T,0.0022258045065502,0.5940676484716158,0.0013222785952608,3324.080135288764,12.45439738272528,267.0059794801922,72.0,-1.0,20260729_005653
AMD,AMD Threadripper 3970X,CPU,CPU package RAPL plus DRAM RAPL when available,5,2,1,1T,0.034458771137931,2.5638656724137925,0.0885005126904523,107.35659056143112,1.4428914904794286,74.2778435261633,70.5,-1.0,20260729_005653
AMD,AMD Threadripper 3970X,CPU,CPU package RAPL plus DRAM RAPL when available,5,2,2,2T,0.0167736118166666,1.5491266833333337,0.0259844503083564,220.5473795142967,2.388041615683361,92.45447955649546,74.0,-1.0,20260729_005653
AMD,AMD Threadripper 3970X,CPU,CPU package RAPL plus DRAM RAPL when available,5,2,4,4T,0.0075068488571428,0.9613170977443608,0.0072173419232179,492.800213409462,3.84823747299046,128.05986220382755,76.0,-1.0,20260729_005653
AMD,AMD Threadripper 3970X,CPU,CPU package RAPL plus DRAM RAPL when available,5,2,8,8T,0.0038428165137254,0.7277762921568627,0.0027962796257543,962.6733177155356,5.083122726682971,189.3980379849892,80.0,-1.0,20260729_005653
AMD,AMD Threadripper 3970X,CPU,CPU package RAPL plus DRAM RAPL when available,5,2,10,10T,0.0031015350458715,0.6779553776758409,0.0021025790854572,1192.756518704548,5.456666136463364,218.57228149843723,79.0,-1.0,20260729_005653
AMD,AMD Threadripper 3970X,CPU,CPU package RAPL plus DRAM RAPL when available,5,2,16,16T,0.0019994620266798,0.5731080454545454,0.0011457747398418,1850.18573947802,6.454936713772802,286.5396872926084,85.5,-1.0,20260729_005653
AMD,AMD Threadripper 3970X,CPU,CPU package RAPL plus DRAM RAPL when available,5,2,20,20T,0.0016393371103059,0.4704225056360708,0.000771303872239,2256.629376122446,7.863944452736732,286.68657563713043,82.5,-1.0,20260729_005653
AMD,AMD Threadripper 3970X,CPU,CPU package RAPL plus DRAM RAPL when available,5,2,32,32T,0.0011579776864988,0.3157316819221968,0.0003656102609874,3194.686896914987,11.71684319261742,272.60650391432137,70.0,-1.0,20260729_005653
AMD,AMD Threadripper 3970X,CPU,CPU package RAPL plus DRAM RAPL when available,5,2,64,64T,0.0011925363244047,0.3014789345238095,0.0003594420046951,3102.108438966044,12.27076159291913,252.67849770135143,71.0,-1.0,20260729_005653
AMD,AMD Threadripper 3970X,CPU,CPU package RAPL plus DRAM RAPL when available,5,3,1,1T,0.0312685356093749,2.388840171875,0.0746955716964811,118.3098741716499,1.5486114239067128,76.4634052439845,78.0,-1.0,20260729_005653
AMD,AMD Threadripper 3970X,CPU,CPU package RAPL plus DRAM RAPL when available,5,3,2,2T,0.0149275039626865,1.4238543582089551,0.0212708969461608,247.82293222383063,2.598144127460582,95.25023455017254,76.0,-1.0,20260729_005653
AMD,AMD Threadripper 3970X,CPU,CPU package RAPL plus DRAM RAPL when available,5,3,4,4T,0.0073980577335766,0.9672402591240876,0.007156666332248,500.04693956219467,3.8246714524578858,130.7567525363944,73.0,-1.0,20260729_005653
AMD,AMD Threadripper 3970X,CPU,CPU package RAPL plus DRAM RAPL when available,5,3,8,8T,0.0037867532405303,0.7395771931818182,0.0028015701211271,976.9256400471728,5.002014930709821,195.28756246824992,78.5,-1.0,20260729_005653
AMD,AMD Threadripper 3970X,CPU,CPU package RAPL plus DRAM RAPL when available,5,3,10,10T,0.0031052840309597,0.6978329210526315,0.0021686158505787,1191.3165079704204,5.301237235602042,224.5153646989791,81.0,-1.0,20260729_005653
AMD,AMD Threadripper 3970X,CPU,CPU package RAPL plus DRAM RAPL when available,5,3,16,16T,0.001978393064833,0.5670806866404715,0.0011221286427394,1869.889595064649,6.523544563042939,286.6554567474759,88.0,-1.0,20260729_005653
AMD,AMD Threadripper 3970X,CPU,CPU package RAPL plus DRAM RAPL when available,5,3,20,20T,0.0016676845819672,0.4783207778688524,0.0007977468879801,2218.271018849554,7.734090389810984,286.93305624135496,82.0,-1.0,20260729_005653
AMD,AMD Threadripper 3970X,CPU,CPU package RAPL plus DRAM RAPL when available,5,3,32,32T,0.0011556058583715,0.3093346811926606,0.0003574274358058,3201.24383503203,11.959138057633451,267.67971200088,71.5,-1.0,20260729_005653
AMD,AMD Threadripper 3970X,CPU,CPU package RAPL plus DRAM RAPL when available,5,3,64,64T,0.0011875674852594,0.2986646981132075,0.0003545213331255,3115.0870835604355,12.38638568753102,250.94052818415184,66.0,-1.0,20260729_005653
AMD,AMD Threadripper 3970X,CPU,CPU package RAPL plus DRAM RAPL when available,5,4,1,1T,0.0305931924848484,2.325219560606061,0.0712154936177729,120.9215458717074,1.590982560831903,75.91981380826745,73.5,-1.0,20260729_005653
AMD,AMD Threadripper 3970X,CPU,CPU package RAPL plus DRAM RAPL when available,5,4,2,2T,0.0151544456515151,1.428932856060606,0.0216473014571775,244.11166003157712,2.5889089546525628,94.47484398401326,75.0,-1.0,20260729_005653
AMD,AMD Threadripper 3970X,CPU,CPU package RAPL plus DRAM RAPL when available,5,4,4,4T,0.0076136625076335,0.9692942709923664,0.0073798784947528,485.8875743840697,3.816566617386137,127.2627822901928,74.5,-1.0,20260729_005653
AMD,AMD Threadripper 3970X,CPU,CPU package RAPL plus DRAM RAPL when available,5,4,8,8T,0.0039031048158914,0.7333524689922482,0.0028661644809711,947.8034797512346,5.04447222565183,187.8795924966808,80.0,-1.0,20260729_005653
AMD,AMD Threadripper 3970X,CPU,CPU package RAPL plus DRAM RAPL when available,5,4,10,10T,0.0031235080403726,0.6806244565217391,0.0021250362043935,1184.366870195844,5.435268482390439,217.89658846521664,80.0,-1.0,20260729_005653
AMD,AMD Threadripper 3970X,CPU,CPU package RAPL plus DRAM RAPL when available,5,4,16,16T,0.0020041032748015,0.574994626984127,0.0011525239522293,1845.9012407961427,6.4337582979681525,286.7667896118324,88.5,-1.0,20260729_005653
AMD,AMD Threadripper 3970X,CPU,CPU package RAPL plus DRAM RAPL when available,5,4,20,20T,0.0016904456471571,0.4847014974916388,0.0008189545202022,2188.402931154198,7.632277084699647,286.94735951143485,83.0,-1.0,20260729_005653
AMD,AMD Threadripper 3970X,CPU,CPU package RAPL plus DRAM RAPL when available,5,4,32,32T,0.0011694950312862,0.3201949913093859,0.000374503815116,3163.225178103796,11.55351036663382,273.8635371050866,70.5,-1.0,20260729_005653
AMD,AMD Threadripper 3970X,CPU,CPU package RAPL plus DRAM RAPL when available,5,4,64,64T,0.0011965880670225,0.2903272330960854,0.0003476391931357,3091.603929406047,12.742111308671811,242.3507619531657,67.5,-1.0,20260729_005653
AMD,AMD Threadripper 3970X,CPU,CPU package RAPL plus DRAM RAPL when available,5,5,1,1T,0.0935557904090909,6.753459181818182,0.6318490920556734,80.7314320838847,1.118373970054489,72.1837533995615,72.5,-1.0,20260729_005653
AMD,AMD Threadripper 3970X,CPU,CPU package RAPL plus DRAM RAPL when available,5,5,2,2T,0.0469391553636363,3.96543525,0.1863147930745111,160.90815635364137,1.9046823362045324,84.65347581360896,69.5,-1.0,20260729_005653
AMD,AMD Threadripper 3970X,CPU,CPU package RAPL plus DRAM RAPL when available,5,5,4,4T,0.0284452965,2.9086062638888888,0.0827655905767151,265.52343973690984,2.596739631996805,102.25362703091258,67.0,-1.0,20260729_005653
AMD,AMD Threadripper 3970X,CPU,CPU package RAPL plus DRAM RAPL when available,5,5,8,8T,0.0127274852025316,1.876740082278481,0.0238896815974426,593.4316803640968,4.0244747290177365,147.4440888202828,73.0,-1.0,20260729_005653
AMD,AMD Threadripper 3970X,CPU,CPU package RAPL plus DRAM RAPL when available,5,5,10,10T,0.0095322024666666,1.7195312619047618,0.0164032975807692,792.3555091782519,4.392419428412462,180.25572157120035,76.0,-1.0,20260729_005653
AMD,AMD Threadripper 3970X,CPU,CPU package RAPL plus DRAM RAPL when available,5,5,16,16T,0.0064671233757961,1.451581882165605,0.0093885540033031,1167.890790305215,5.20321521014822,224.53720349015344,79.0,-1.0,20260729_005653
AMD,AMD Threadripper 3970X,CPU,CPU package RAPL plus DRAM RAPL when available,5,5,20,20T,0.0051944970765306,1.364837482142857,0.0070875518444733,1454.0182770997153,5.533913770959879,262.73876164958824,82.0,-1.0,20260729_005653
AMD,AMD Threadripper 3970X,CPU,CPU package RAPL plus DRAM RAPL when available,5,5,32,32T,0.0030861513990825,0.885463756880734,0.0027322454542676,2447.3506346060467,8.529872492579447,286.8441426448956,73.0,-1.0,20260729_005653
AMD,AMD Threadripper 3970X,CPU,CPU package RAPL plus DRAM RAPL when available,5,5,64,64T,0.0028799458508522,0.7427797698863636,0.0021387264510902,2622.5815916628867,10.168414965354426,257.6772095096608,71.0,-1.0,20260729_005653
AMD,AMD Threadripper 3970X,CPU,CPU package RAPL plus DRAM RAPL when available,5,6,1,1T,0.1215192778333333,9.190166333333334,1.1167823300801407,108.24074782354197,1.4312405949838067,75.66281907045095,70.5,-1.0,20260729_005653
AMD,AMD Threadripper 3970X,CPU,CPU package RAPL plus DRAM RAPL when available,5,6,2,2T,0.0609881770294117,5.431233176470588,0.3312231881304143,215.67028759751756,2.4217960553698097,89.05451555539403,67.5,-1.0,20260729_005653
AMD,AMD Threadripper 3970X,CPU,CPU package RAPL plus DRAM RAPL when available,5,6,4,4T,0.0305774715294117,3.646047647058824,0.1114954476057708,430.16438975996334,3.607560483934302,119.25695621915476,66.0,-1.0,20260729_005653
AMD,AMD Threadripper 3970X,CPU,CPU package RAPL plus DRAM RAPL when available,5,6,8,8T,0.0158596933333333,2.7747082301587302,0.0440060207069633,829.3563513604647,4.740440315679814,174.9534647675526,76.0,-1.0,20260729_005653
AMD,AMD Threadripper 3970X,CPU,CPU package RAPL plus DRAM RAPL when available,5,6,10,10T,0.0127081307088607,2.568653202531646,0.0326521103566855,1035.0333571813408,5.120713593970219,202.52695684248656,75.5,-1.0,20260729_005653
AMD,AMD Threadripper 3970X,CPU,CPU package RAPL plus DRAM RAPL when available,5,6,16,16T,0.0085804880042735,2.2593735341880343,0.0193806265965718,1532.9358117590573,5.821674534756795,263.2223680665205,82.0,-1.0,20260729_005653
AMD,AMD Threadripper 3970X,CPU,CPU package RAPL plus DRAM RAPL when available,5,6,20,20T,0.0071839707428571,2.060922310714286,0.0148044440333409,1830.9286132541504,6.3822577355860375,286.7288351668099,82.0,-1.0,20260729_005653
AMD,AMD Threadripper 3970X,CPU,CPU package RAPL plus DRAM RAPL when available,5,6,32,32T,0.0057542072267441,1.5716799156976744,0.009047590244408,2285.8644452727417,8.368977129569648,273.055125577412,71.0,-1.0,20260729_005653
AMD,AMD Threadripper 3970X,CPU,CPU package RAPL plus DRAM RAPL when available,5,6,64,64T,0.0058180355289017,1.4056095578034682,0.0081720083071273,2260.786849394755,9.357746947983136,241.70302070880035,65.0,-1.0,20260729_005653
INTEL,Intel Core i9-7900X,CPU,CPU package RAPL plus DRAM RAPL when available,1,1,1,1T,0.0353779411724138,2.337195655172414,0.0826668832584342,209.1347381029026,3.1656538128855534,66.07226038390087,98.0,-1.0,20260729_004307
INTEL,Intel Core i9-7900X,CPU,CPU package RAPL plus DRAM RAPL when available,1,1,2,2T,0.017414970122807,1.383153359649123,0.0240596046447983,424.8501281028461,5.349198050045757,79.51258191382217,98.0,-1.0,20260729_004307
INTEL,Intel Core i9-7900X,CPU,CPU package RAPL plus DRAM RAPL when available,1,1,4,4T,0.0090145173761467,0.980074756880734,0.0088315295417835,821.0745977107977,7.5520384195117,108.73595670702792,91.0,-1.0,20260729_004307
INTEL,Intel Core i9-7900X,CPU,CPU package RAPL plus DRAM RAPL when available,1,1,8,8T,0.0051982158737113,0.7924334819587628,0.0041255337095748,1423.3269038478684,9.336748857498462,151.78078965749,99.0,-1.0,20260729_004307
INTEL,Intel Core i9-7900X,CPU,CPU package RAPL plus DRAM RAPL when available,1,1,10,10T,0.004120256137295,0.6879678811475409,0.002830664235116,1795.7020169956627,10.754502749227466,166.38797026648376,87.0,-1.0,20260729_004307
INTEL,Intel Core i9-7900X,CPU,CPU package RAPL plus DRAM RAPL when available,1,1,16,16T,0.0047784723095238,0.7691401095238095,0.00367557287494,1548.350976419564,9.619512349155784,160.5379061669236,89.0,-1.0,20260729_004307
INTEL,Intel Core i9-7900X,CPU,CPU package RAPL plus DRAM RAPL when available,1,1,20,20T,0.0038411512413793,0.6923664042145594,0.0026596606443858,1926.1809266327275,10.686180929114304,179.5792208700297,92.0,-1.0,20260729_004307
INTEL,Intel Core i9-7900X,CPU,CPU package RAPL plus DRAM RAPL when available,1,2,1,1T,0.0176693781315789,0.9355596140350876,0.0165260976495128,209.36651545582,3.954185897007808,52.96297029657226,92.5,-1.0,20260729_004307
INTEL,Intel Core i9-7900X,CPU,CPU package RAPL plus DRAM RAPL when available,1,2,2,2T,0.0096220208349514,0.7758084805825243,0.0074648893872053,384.4711309065117,4.768460958190664,80.61949951005823,99.0,-1.0,20260729_004307
INTEL,Intel Core i9-7900X,CPU,CPU package RAPL plus DRAM RAPL when available,1,2,4,4T,0.004954258930693,0.5687087079207921,0.0028184945821224,746.7062726815541,6.504871705057729,114.68445003593592,99.0,-1.0,20260729_004307
INTEL,Intel Core i9-7900X,CPU,CPU package RAPL plus DRAM RAPL when available,1,2,8,8T,0.0026972845791666,0.4088007583333333,0.00110264045167,1371.6360434229791,9.049343386185653,151.85892704972443,92.5,-1.0,20260729_004307
INTEL,Intel Core i9-7900X,CPU,CPU package RAPL plus DRAM RAPL when available,1,2,10,10T,0.0022555357972972,0.3724667657657657,0.0008403992536738,1640.1321003285364,9.93210246830932,164.36933674703303,91.5,-1.0,20260729_004307
INTEL,Intel Core i9-7900X,CPU,CPU package RAPL plus DRAM RAPL when available,1,2,16,16T,0.0025880015232558,0.4094768824289406,0.0010598355041343,1429.4336010382203,9.034400084920632,157.6737318858154,98.0,-1.0,20260729_004307
INTEL,Intel Core i9-7900X,CPU,CPU package RAPL plus DRAM RAPL when available,1,2,20,20T,0.0020951828392484,0.3807053726513569,0.0007973461191916,1765.657942012011,9.71716735523754,180.9180521884057,98.5,-1.0,20260729_004307
INTEL,Intel Core i9-7900X,CPU,CPU package RAPL plus DRAM RAPL when available,1,3,1,1T,0.0167359348416666,0.9026094916666668,0.0151091704359082,221.0438974352905,4.098534794211275,53.921100660796895,95.0,-1.0,20260729_004307
INTEL,Intel Core i9-7900X,CPU,CPU package RAPL plus DRAM RAPL when available,1,3,2,2T,0.0088109808201754,0.6621234078947369,0.0058104748422175,419.85987452777,5.587176667161732,75.18075061647747,92.5,-1.0,20260729_004307
INTEL,Intel Core i9-7900X,CPU,CPU package RAPL plus DRAM RAPL when available,1,3,4,4T,0.0045339187239819,0.5232417895927602,0.0023713532776304,815.9335036298125,7.070110250537343,115.25997093319296,99.0,-1.0,20260729_004307
INTEL,Intel Core i9-7900X,CPU,CPU package RAPL plus DRAM RAPL when available,1,3,8,8T,0.0025112928,0.3596553048192771,0.0009037904655883,1473.0963014924396,10.285899045996509,143.19630725179934,89.0,-1.0,20260729_004307
INTEL,Intel Core i9-7900X,CPU,CPU package RAPL plus DRAM RAPL when available,1,3,10,10T,0.0020557199231557,0.3524771290983607,0.0007244841121095,1799.5526115787516,10.495375089002088,171.36757827506332,99.0,-1.0,20260729_004307
INTEL,Intel Core i9-7900X,CPU,CPU package RAPL plus DRAM RAPL when available,1,3,16,16T,0.0025257346486146,0.3921503929471033,0.0009905317986821,1464.6733255693348,9.433564762894378,155.18962424485582,92.0,-1.0,20260729_004307
INTEL,Intel Core i9-7900X,CPU,CPU package RAPL plus DRAM RAPL when available,1,3,20,20T,0.0020827815571725,0.3648813565488565,0.0007604049312106,1776.170997876196,10.138574841084283,174.79753799216428,85.0,-1.0,20260729_004307
INTEL,Intel Core i9-7900X,CPU,CPU package RAPL plus DRAM RAPL when available,1,4,1,1T,0.0211900482765957,1.1475773085106384,0.024335028364206,174.58082600328916,3.2236552786712256,54.11681684663403,98.0,-1.0,20260729_004307
INTEL,Intel Core i9-7900X,CPU,CPU package RAPL plus DRAM RAPL when available,1,4,2,2T,0.0109359589784946,0.7710610698924731,0.0084106167405968,338.2765159059975,4.797775023305885,70.6998558242079,89.0,-1.0,20260729_004307
INTEL,Intel Core i9-7900X,CPU,CPU package RAPL plus DRAM RAPL when available,1,4,4,4T,0.0053860137580645,0.5466792204301075,0.0029442961100274,686.8486881137035,6.766996906995047,101.46903141102932,82.0,-1.0,20260729_004307
INTEL,Intel Core i9-7900X,CPU,CPU package RAPL plus DRAM RAPL when available,1,4,8,8T,0.0029889478204747,0.4171596943620178,0.0012472036032247,1237.685088788614,8.868009649039003,139.52709693555897,82.0,-1.0,20260729_004307
INTEL,Intel Core i9-7900X,CPU,CPU package RAPL plus DRAM RAPL when available,1,4,10,10T,0.00251109474125,0.41144533125,0.001033191390884,1473.2124883853903,8.99117312226226,163.4845729881553,98.0,-1.0,20260729_004307
INTEL,Intel Core i9-7900X,CPU,CPU package RAPL plus DRAM RAPL when available,1,4,16,16T,0.0025653108405063,0.4034465291139241,0.0010352879776949,1442.0771503717665,9.16943353368272,157.27360791663892,94.0,-1.0,20260729_004307
INTEL,Intel Core i9-7900X,CPU,CPU package RAPL plus DRAM RAPL when available,1,4,20,20T,0.002491494742647,0.4418011948529411,0.0011008014039825,1484.8021720849576,8.373395481359545,177.36471149417392,99.0,-1.0,20260729_004307
INTEL,Intel Core i9-7900X,CPU,CPU package RAPL plus DRAM RAPL when available,1,5,1,1T,0.041561907,2.17916916,0.0905666614905519,181.7263324540617,3.4659511180715405,52.42551222256466,91.0,-1.0,20260729_004307
INTEL,Intel Core i9-7900X,CPU,CPU package RAPL plus DRAM RAPL when available,1,5,2,2T,0.0225045849333333,1.9037506777777773,0.0428429074747857,335.6157404630874,3.967375138480193,84.3870548428305,99.0,-1.0,20260729_004307
INTEL,Intel Core i9-7900X,CPU,CPU package RAPL plus DRAM RAPL when available,1,5,4,4T,0.0117058160232558,1.1635311046511627,0.0135924984729023,645.2418293054084,6.492176204861799,98.65345982382829,88.5,-1.0,20260729_004307
INTEL,Intel Core i9-7900X,CPU,CPU package RAPL plus DRAM RAPL when available,1,5,8,8T,0.0065211984358974,0.9779244743589744,0.0063685692814543,1158.2062736901837,7.723392296276553,148.58733484594035,94.0,-1.0,20260729_004307
INTEL,Intel Core i9-7900X,CPU,CPU package RAPL plus DRAM RAPL when available,1,5,10,10T,0.0061804481687116,0.9405640674846626,0.0058172932858825,1222.0623446743514,8.03017417172986,150.12265332733512,86.0,-1.0,20260729_004307
INTEL,Intel Core i9-7900X,CPU,CPU package RAPL plus DRAM RAPL when available,1,5,16,16T,0.0068892084246575,1.0127330958904108,0.0069801630473243,1096.336830382099,7.457930589791078,145.19142327161254,79.0,-1.0,20260729_004307
INTEL,Intel Core i9-7900X,CPU,CPU package RAPL plus DRAM RAPL when available,1,5,20,20T,0.0063126578836477,1.0498521855345913,0.0066273937387764,1196.467964513292,7.194244171400139,164.05343612281575,96.0,-1.0,20260729_004307
INTEL,Intel Core i9-7900X,CPU,CPU package RAPL plus DRAM RAPL when available,1,6,1,1T,0.0656712705625,3.61384284375,0.2374100873445823,200.2905879754792,3.639716306189566,54.98725244313805,98.0,-1.0,20260729_004307
INTEL,Intel Core i9-7900X,CPU,CPU package RAPL plus DRAM RAPL when available,1,6,2,2T,0.0346527139333333,2.619541816666666,0.090789522527419,379.5782507884911,5.021239261225148,75.41476274085598,94.0,-1.0,20260729_004307
INTEL,Intel Core i9-7900X,CPU,CPU package RAPL plus DRAM RAPL when available,1,6,4,4T,0.018785262735849,2.11154491509434,0.0396897657737595,700.1944837834237,6.229249165326635,111.68273724409028,97.0,-1.0,20260729_004307
INTEL,Intel Core i9-7900X,CPU,CPU package RAPL plus DRAM RAPL when available,1,6,8,8T,0.0105147073802083,1.612383041666667,0.0169643576339311,1250.9465903268515,8.157700131998155,151.80385206125237,98.0,-1.0,20260729_004307
INTEL,Intel Core i9-7900X,CPU,CPU package RAPL plus DRAM RAPL when available,1,6,10,10T,0.0098437364803921,1.418371480392157,0.0139652609308517,1336.213883404425,9.273551000733,142.45030734965792,75.0,-1.0,20260729_004307
INTEL,Intel Core i9-7900X,CPU,CPU package RAPL plus DRAM RAPL when available,1,6,16,16T,0.0113454215280898,1.604534651685393,0.0182048480755696,1159.3520211365694,8.1976028502721,140.00970878585943,86.0,-1.0,20260729_004307
INTEL,Intel Core i9-7900X,CPU,CPU package RAPL plus DRAM RAPL when available,1,6,20,20T,0.009657312264423,1.5251115673076925,0.0147381635472835,1362.008091265188,8.624508671200996,156.18698898158786,86.0,-1.0,20260729_004307
INTEL,Intel Core i9-7900X,CPU,CPU package RAPL plus DRAM RAPL when available,2,1,1,1T,0.0369202676481481,2.179030055555556,0.080416076070257,200.39819903980225,3.395433866327462,59.07696736821437,98.0,-1.0,20260729_004307
INTEL,Intel Core i9-7900X,CPU,CPU package RAPL plus DRAM RAPL when available,2,1,2,2T,0.0192089194326923,1.490594461538462,0.0285743880690538,385.17275641634416,4.963625905949671,77.70294067991924,99.0,-1.0,20260729_004307
INTEL,Intel Core i9-7900X,CPU,CPU package RAPL plus DRAM RAPL when available,2,1,4,4T,0.0097176434086538,1.0582391634615385,0.0102845900014028,761.3730975860708,6.991569287150185,108.894903660509,99.0,-1.0,20260729_004307
INTEL,Intel Core i9-7900X,CPU,CPU package RAPL plus DRAM RAPL when available,2,1,8,8T,0.0056321853689839,0.8189757540106952,0.0046082987266813,1313.6557155495082,9.034153102629286,145.12361659450232,99.0,-1.0,20260729_004307
INTEL,Intel Core i9-7900X,CPU,CPU package RAPL plus DRAM RAPL when available,2,1,10,10T,0.0043318495882352,0.7349544012605043,0.0031834828963576,1707.9892381079987,10.066954460804176,169.11334219979,99.0,-1.0,20260729_004307
INTEL,Intel Core i9-7900X,CPU,CPU package RAPL plus DRAM RAPL when available,2,1,16,16T,0.004756197135071,0.7947118127962085,0.0037788599096084,1555.6025325021576,9.30998278489237,166.8046131692944,97.0,-1.0,20260729_004307
INTEL,Intel Core i9-7900X,CPU,CPU package RAPL plus DRAM RAPL when available,2,1,20,20T,0.0045587678445945,0.7182687139639639,0.0032730183438558,1622.971999370065,10.30081491639567,157.03532625176774,99.0,-1.0,20260729_004307
INTEL,Intel Core i9-7900X,CPU,CPU package RAPL plus DRAM RAPL when available,2,2,1,1T,0.0189268651886792,1.2416076698113208,0.0235019279785036,195.45635906466487,2.979505665363055,65.63692480233854,99.0,-1.0,20260729_004307
INTEL,Intel Core i9-7900X,CPU,CPU package RAPL plus DRAM RAPL when available,2,2,2,2T,0.0100035862227722,0.8209341534653465,0.0082231106697024,369.8050398019781,4.50630538057468,82.13301498485201,99.0,-1.0,20260729_004307
INTEL,Intel Core i9-7900X,CPU,CPU package RAPL plus DRAM RAPL when available,2,2,4,4T,0.0053186961329787,0.562641539893617,0.0029908578197429,695.5419702118236,6.575014365686547,105.802438987812,99.0,-1.0,20260729_004307
INTEL,Intel Core i9-7900X,CPU,CPU package RAPL plus DRAM RAPL when available,2,2,8,8T,0.0028264452619047,0.4238389005602241,0.0011968984649051,1308.8444229093782,8.728261398928097,149.31179292281487,98.0,-1.0,20260729_004307
INTEL,Intel Core i9-7900X,CPU,CPU package RAPL plus DRAM RAPL when available,2,2,10,10T,0.0023674438376168,0.3948312091121495,0.00093475275937,1562.6040496452529,9.369521841947186,166.16793459267336,99.0,-1.0,20260729_004307
INTEL,Intel Core i9-7900X,CPU,CPU package RAPL plus DRAM RAPL when available,2,2,16,16T,0.0028047357472067,0.4201816717877095,0.0011781436674479,1318.9749275949075,8.804230295563698,149.39385390911218,100.0,-1.0,20260729_004307
INTEL,Intel Core i9-7900X,CPU,CPU package RAPL plus DRAM RAPL when available,2,2,20,20T,0.0023964655021834,0.3749700480349345,0.000898170818406,1543.6806299475302,9.865818744462407,155.86645019791297,100.0,-1.0,20260729_004307
INTEL,Intel Core i9-7900X,CPU,CPU package RAPL plus DRAM RAPL when available,2,3,1,1T,0.0191953342692307,1.1311252692307692,0.0217190467190791,192.72267292823744,3.270527394622461,58.99019872230921,98.0,-1.0,20260729_004307
INTEL,Intel Core i9-7900X,CPU,CPU package RAPL plus DRAM RAPL when available,2,3,2,2T,0.0091216912318181,0.7761114909090909,0.0070818183184009,405.5581398242326,4.766552579954765,85.12179059012935,100.0,-1.0,20260729_004307
INTEL,Intel Core i9-7900X,CPU,CPU package RAPL plus DRAM RAPL when available,2,3,4,4T,0.0048219119086538,0.5241973701923077,0.0025285642946739,767.2011022699176,7.0572208283723565,108.6692021056348,99.0,-1.0,20260729_004307
INTEL,Intel Core i9-7900X,CPU,CPU package RAPL plus DRAM RAPL when available,2,3,8,8T,0.0025187795763546,0.3773491650246305,0.0009499590310238,1468.7176952247546,9.803590934717178,149.7487066942247,98.5,-1.0,20260729_004307
INTEL,Intel Core i9-7900X,CPU,CPU package RAPL plus DRAM RAPL when available,2,3,10,10T,0.0022424372312373,0.3638136561866125,0.0008168508949091,1649.7123307741408,10.168328921319937,162.34280631687687,100.0,-1.0,20260729_004307
INTEL,Intel Core i9-7900X,CPU,CPU package RAPL plus DRAM RAPL when available,2,3,16,16T,0.002452914112745,0.4088979852941177,0.001003239443079,1508.1556000735784,9.04718694339723,166.59190570860443,98.0,-1.0,20260729_004307
INTEL,Intel Core i9-7900X,CPU,CPU package RAPL plus DRAM RAPL when available,2,3,20,20T,0.0022411155,0.3953779224137931,0.000886046111758,1650.6860670005929,9.356557232527276,176.14509346413243,99.0,-1.0,20260729_004307
INTEL,Intel Core i9-7900X,CPU,CPU package RAPL plus DRAM RAPL when available,2,4,1,1T,0.0227346352386363,1.4958450795454543,0.0339605638898411,162.71983692728332,2.473101111208912,65.84333433415189,99.0,-1.0,20260729_004307
INTEL,Intel Core i9-7900X,CPU,CPU package RAPL plus DRAM RAPL when available,2,4,2,2T,0.0116602563588235,0.9091655176470588,0.0106112829816832,317.2637132638292,4.068981348168027,78.00657085421783,98.5,-1.0,20260729_004307
INTEL,Intel Core i9-7900X,CPU,CPU package RAPL plus DRAM RAPL when available,2,4,4,4T,0.0056259966123595,0.5916,0.0033287869487475,657.5503709855823,6.25319540890056,105.14039366485036,98.0,-1.0,20260729_004307
INTEL,Intel Core i9-7900X,CPU,CPU package RAPL plus DRAM RAPL when available,2,4,8,8T,0.0029515096418128,0.4430674999999999,0.0013085816213232,1253.384400864773,8.34946698802855,150.39657778110544,98.0,-1.0,20260729_004307
INTEL,Intel Core i9-7900X,CPU,CPU package RAPL plus DRAM RAPL when available,2,4,10,10T,0.0025760560875634,0.409815331218274,0.0010562356384894,1436.0627670701242,9.02693450118743,159.16556877608227,99.0,-1.0,20260729_004307
INTEL,Intel Core i9-7900X,CPU,CPU package RAPL plus DRAM RAPL when available,2,4,16,16T,0.002578432683879,0.4145161511335012,0.0010687827401062,1434.7392319905298,8.924565808791105,160.73750773960117,99.0,-1.0,20260729_004307
INTEL,Intel Core i9-7900X,CPU,CPU package RAPL plus DRAM RAPL when available,2,4,20,20T,0.002660714893421,0.4252008157894736,0.0011329165626673,1390.3698008097397,8.700321097386418,159.51954527908833,99.0,-1.0,20260729_004307
INTEL,Intel Core i9-7900X,CPU,CPU package RAPL plus DRAM RAPL when available,2,5,1,1T,0.0456709579318181,3.057611272727273,0.1397167388586166,165.37633474784775,2.4701942119621805,66.7485508451418,98.0,-1.0,20260729_004307
INTEL,Intel Core i9-7900X,CPU,CPU package RAPL plus DRAM RAPL when available,2,5,2,2T,0.0237476061547619,1.838053642857143,0.0435487390583008,318.04861349983133,4.1091926150727724,77.43103937411124,98.5,-1.0,20260729_004307
INTEL,Intel Core i9-7900X,CPU,CPU package RAPL plus DRAM RAPL when available,2,5,4,4T,0.0116603176860465,1.3267185174418603,0.0154700642140515,647.7433509694823,5.692913061841853,112.97490018480056,99.0,-1.0,20260729_004307
INTEL,Intel Core i9-7900X,CPU,CPU package RAPL plus DRAM RAPL when available,2,5,8,8T,0.0068211883456375,1.035304553691275,0.007058870731139,1107.2693992015172,7.295334689220265,150.0592403996052,99.0,-1.0,20260729_004307
INTEL,Intel Core i9-7900X,CPU,CPU package RAPL plus DRAM RAPL when available,2,5,10,10T,0.0063174054813664,1.0198311335403727,0.0064414810911652,1195.5705709724048,7.406023670654572,159.1363206052228,99.0,-1.0,20260729_004307
INTEL,Intel Core i9-7900X,CPU,CPU package RAPL plus DRAM RAPL when available,2,5,16,16T,0.0070215541354166,1.0773361493055558,0.0075643869815337,1075.672550448603,7.0107115283778665,151.64735860125535,100.0,-1.0,20260729_004307
INTEL,Intel Core i9-7900X,CPU,CPU package RAPL plus DRAM RAPL when available,2,5,20,20T,0.0063351175471698,1.069889496855346,0.0067676192761994,1192.2261829007775,7.05950779375574,166.5603640506027,99.0,-1.0,20260729_004307
INTEL,Intel Core i9-7900X,CPU,CPU package RAPL plus DRAM RAPL when available,2,6,1,1T,0.0720983621071428,4.3304015,0.3125443707298765,182.43600843950685,3.0374432677429475,60.03621580843539,99.0,-1.0,20260729_004307
INTEL,Intel Core i9-7900X,CPU,CPU package RAPL plus DRAM RAPL when available,2,6,2,2T,0.0348471754482758,2.801577568965517,0.0976269855490075,377.4577935383812,4.695042238523859,80.24176494706263,99.0,-1.0,20260729_004307
INTEL,Intel Core i9-7900X,CPU,CPU package RAPL plus DRAM RAPL when available,2,6,4,4T,0.0198328235490196,2.074140696078431,0.0411217355569256,663.2106511888594,6.341585357497977,104.06677735067828,99.0,-1.0,20260729_004307
INTEL,Intel Core i9-7900X,CPU,CPU package RAPL plus DRAM RAPL when available,2,6,8,8T,0.0111205165430107,1.68311688172043,0.0187157081445564,1182.8007055067692,7.81486882752214,150.20389327270027,99.0,-1.0,20260729_004307
INTEL,Intel Core i9-7900X,CPU,CPU package RAPL plus DRAM RAPL when available,2,6,10,10T,0.0100854812349999,1.60342825,0.0161636458391337,1304.1854049112362,8.20325926099079,157.37044580540692,99.0,-1.0,20260729_004307
INTEL,Intel Core i9-7900X,CPU,CPU package RAPL plus DRAM RAPL when available,2,6,16,16T,0.0114973877954545,1.7668905113636364,0.0203223597409311,1144.0283556669397,7.444342057098385,152.16517256725675,100.0,-1.0,20260729_004307
INTEL,Intel Core i9-7900X,CPU,CPU package RAPL plus DRAM RAPL when available,2,6,20,20T,0.009698734764423,1.6222180144230771,0.0157401577540354,1356.191063345195,8.108243584697028,165.4301815066153,100.0,-1.0,20260729_004307
INTEL,Intel Core i9-7900X,CPU,CPU package RAPL plus DRAM RAPL when available,3,1,1,1T,0.0365683902321428,2.1777323571428573,0.0795303830905866,202.3266425827645,3.397531859545297,59.60093570672113,98.0,-1.0,20260729_004307
INTEL,Intel Core i9-7900X,CPU,CPU package RAPL plus DRAM RAPL when available,3,1,2,2T,0.0191035402307692,1.476730692307692,0.0282366587261872,387.2974431901884,5.01030320305793,77.24987232280529,98.0,-1.0,20260729_004307
INTEL,Intel Core i9-7900X,CPU,CPU package RAPL plus DRAM RAPL when available,3,1,4,4T,0.01008848058,1.03561042,0.0104508266188496,733.3862427306608,7.144342704303554,102.6344982266746,99.0,-1.0,20260729_004307
INTEL,Intel Core i9-7900X,CPU,CPU package RAPL plus DRAM RAPL when available,3,1,8,8T,0.0054121554144385,0.8087242673796791,0.0043819483901065,1367.062333568541,9.14867143764184,148.95442523664386,99.5,-1.0,20260729_004307
INTEL,Intel Core i9-7900X,CPU,CPU package RAPL plus DRAM RAPL when available,3,1,10,10T,0.0047616160235849,0.7295713301886793,0.0034731371907421,1553.832713673091,10.141232188939444,152.90555676375905,99.0,-1.0,20260729_004307
INTEL,Intel Core i9-7900X,CPU,CPU package RAPL plus DRAM RAPL when available,3,1,16,16T,0.0051019395048309,0.7997979468599035,0.0040843886977572,1450.184969754659,9.250777639942608,156.38492820045775,100.0,-1.0,20260729_004307
INTEL,Intel Core i9-7900X,CPU,CPU package RAPL plus DRAM RAPL when available,3,1,20,20T,0.0043667420281385,0.7262909047619047,0.0031735402022822,1694.3440252804248,10.18703718951902,165.64270652660275,99.0,-1.0,20260729_004307
INTEL,Intel Core i9-7900X,CPU,CPU package RAPL plus DRAM RAPL when available,3,2,1,1T,0.01995695171,1.1776363,0.0235691732801835,185.3678855462582,3.141374264003007,58.89418473259021,99.0,-1.0,20260729_004307
INTEL,Intel Core i9-7900X,CPU,CPU package RAPL plus DRAM RAPL when available,3,2,2,2T,0.0103756071030927,0.8175921597938143,0.0085149738444583,356.5458742237431,4.524776486562075,78.52998820050846,99.0,-1.0,20260729_004307
INTEL,Intel Core i9-7900X,CPU,CPU package RAPL plus DRAM RAPL when available,3,2,4,4T,0.0052931123105263,0.5654326184210526,0.0029935133866173,698.9037734528786,6.542559933613147,106.75965629714466,99.0,-1.0,20260729_004307
INTEL,Intel Core i9-7900X,CPU,CPU package RAPL plus DRAM RAPL when available,3,2,8,8T,0.0030283273222891,0.4369766280120482,0.0013239215478125,1221.590622139253,8.465845012337699,143.8958825919339,99.5,-1.0,20260729_004307
INTEL,Intel Core i9-7900X,CPU,CPU package RAPL plus DRAM RAPL when available,3,2,10,10T,0.0023841931983758,0.39700293387471,0.0009461770471271,1551.6269519868035,9.318260322709216,165.85688960549666,99.0,-1.0,20260729_004307
INTEL,Intel Core i9-7900X,CPU,CPU package RAPL plus DRAM RAPL when available,3,2,16,16T,0.0026421516862244,0.4169628762755102,0.0011030052078951,1400.1378896863644,8.872197919266776,157.3183785511429,99.0,-1.0,20260729_004307
INTEL,Intel Core i9-7900X,CPU,CPU package RAPL plus DRAM RAPL when available,3,2,20,20T,0.002264580613402,0.3787787020618557,0.0008562727930539,1633.581168902335,9.766594161858997,166.6987559573418,99.0,-1.0,20260729_004307
INTEL,Intel Core i9-7900X,CPU,CPU package RAPL plus DRAM RAPL when available,3,3,1,1T,0.019362740826923,1.1450917403846153,0.0221770713272823,191.05643140356037,3.23071323819692,59.17189246060899,99.0,-1.0,20260729_004307
INTEL,Intel Core i9-7900X,CPU,CPU package RAPL plus DRAM RAPL when available,3,3,2,2T,0.0094333546869158,0.7480995887850467,0.0070584752255578,392.15912618373807,4.945033828735413,79.21724526811961,99.0,-1.0,20260729_004307
INTEL,Intel Core i9-7900X,CPU,CPU package RAPL plus DRAM RAPL when available,3,3,4,4T,0.0048679876990291,0.5097060485436893,0.0024805401011548,759.9395592636499,7.257861972118031,104.56362292318651,99.0,-1.0,20260729_004307
INTEL,Intel Core i9-7900X,CPU,CPU package RAPL plus DRAM RAPL when available,3,3,8,8T,0.0027597057898351,0.3955750837912088,0.0010913846608177,1340.4965821237718,9.351893686534652,143.52425257500855,99.0,-1.0,20260729_004307
INTEL,Intel Core i9-7900X,CPU,CPU package RAPL plus DRAM RAPL when available,3,3,10,10T,0.0022233408674321,0.3630880814196242,0.0008070501812696,1663.8832746705805,10.188648051017664,163.39628473160468,99.0,-1.0,20260729_004307
INTEL,Intel Core i9-7900X,CPU,CPU package RAPL plus DRAM RAPL when available,3,3,16,16T,0.0027758054877717,0.4115223845108696,0.0011435124518485,1332.7217487579674,8.989489587657038,148.18972403296556,99.0,-1.0,20260729_004307
INTEL,Intel Core i9-7900X,CPU,CPU package RAPL plus DRAM RAPL when available,3,3,20,20T,0.0023995341583514,0.3810893145336226,0.0009166850995586,1541.7069873851688,9.707395935100356,158.54502504971003,99.0,-1.0,20260729_004307
INTEL,Intel Core i9-7900X,CPU,CPU package RAPL plus DRAM RAPL when available,3,4,1,1T,0.0233433036046511,1.532348976744186,0.0357175793749048,158.47698534505383,2.414186444772651,65.82648956935276,99.0,-1.0,20260729_004307
INTEL,Intel Core i9-7900X,CPU,CPU package RAPL plus DRAM RAPL when available,3,4,2,2T,0.0118339518058823,0.9080137470588234,0.0107578791225186,312.60704335510604,4.074232139274569,76.74314937973125,99.0,-1.0,20260729_004307
INTEL,Intel Core i9-7900X,CPU,CPU package RAPL plus DRAM RAPL when available,3,4,4,4T,0.0057086280932203,0.588651115819209,0.0033634611064772,648.0324379281356,6.284542435922475,103.021847994679,99.0,-1.0,20260729_004307
INTEL,Intel Core i9-7900X,CPU,CPU package RAPL plus DRAM RAPL when available,3,4,8,8T,0.0031337643897515,0.4588074922360248,0.0014382943490776,1180.4895759772985,8.063039110879451,146.45493769873258,100.0,-1.0,20260729_004307
INTEL,Intel Core i9-7900X,CPU,CPU package RAPL plus DRAM RAPL when available,3,4,10,10T,0.0026072597286432,0.4105211444723618,0.0010702105637519,1418.875184875884,9.01141459507847,157.46629657535647,99.0,-1.0,20260729_004307
INTEL,Intel Core i9-7900X,CPU,CPU package RAPL plus DRAM RAPL when available,3,4,16,16T,0.0027438273019125,0.4146873237704918,0.001138389391338,1348.25419925574,8.920883550422381,151.13003900449314,100.0,-1.0,20260729_004307
INTEL,Intel Core i9-7900X,CPU,CPU package RAPL plus DRAM RAPL when available,3,4,20,20T,0.002400714822619,0.4293890904761904,0.0010321736709115,1540.9477837236732,8.615441222575633,178.62077799384946,99.0,-1.0,20260729_004307
INTEL,Intel Core i9-7900X,CPU,CPU package RAPL plus DRAM RAPL when available,3,5,1,1T,0.0457484403636363,2.973580840909091,0.1360388454746481,165.09618656240193,2.5399998472054546,64.99445500767496,99.0,-1.0,20260729_004307
INTEL,Intel Core i9-7900X,CPU,CPU package RAPL plus DRAM RAPL when available,3,5,2,2T,0.0224690973695652,1.8788386739130432,0.0422204664997437,336.1458678451952,4.019979607769638,83.47042158099971,99.0,-1.0,20260729_004307
INTEL,Intel Core i9-7900X,CPU,CPU package RAPL plus DRAM RAPL when available,3,5,4,4T,0.0121015435738636,1.3168951818181818,0.0159434097635113,624.1264682782615,5.735384031078825,108.04931475096548,99.0,-1.0,20260729_004307
INTEL,Intel Core i9-7900X,CPU,CPU package RAPL plus DRAM RAPL when available,3,5,8,8T,0.0067268879019607,1.0133582843137252,0.0068104071602238,1122.7918249796376,7.45333036217731,148.6440910506847,99.0,-1.0,20260729_004307
INTEL,Intel Core i9-7900X,CPU,CPU package RAPL plus DRAM RAPL when available,3,5,10,10T,0.0063970872499999,1.0145453765822785,0.0064903628111922,1180.6768663959117,7.444608297604519,156.53821945095916,99.0,-1.0,20260729_004307
INTEL,Intel Core i9-7900X,CPU,CPU package RAPL plus DRAM RAPL when available,3,5,16,16T,0.0069353040241379,1.0886914103448275,0.0075562741849844,1089.0502317159549,6.937588470812756,155.20558112182903,100.0,-1.0,20260729_004307
INTEL,Intel Core i9-7900X,CPU,CPU package RAPL plus DRAM RAPL when available,3,5,20,20T,0.0064728319299363,1.0572157770700636,0.0068417183247736,1166.8606857781551,7.144137042792865,161.22526787384257,99.0,-1.0,20260729_004307
INTEL,Intel Core i9-7900X,CPU,CPU package RAPL plus DRAM RAPL when available,3,6,1,1T,0.0725753569642857,4.30705525,0.3129682932466006,181.23697147020533,3.0539052213956928,59.36975623046749,98.5,-1.0,20260729_004307
INTEL,Intel Core i9-7900X,CPU,CPU package RAPL plus DRAM RAPL when available,3,6,2,2T,0.0364593991607142,2.9964518571428576,0.1094149368437292,360.7667352166576,4.389641632803718,82.1593905832287,99.0,-1.0,20260729_004307
INTEL,Intel Core i9-7900X,CPU,CPU package RAPL plus DRAM RAPL when available,3,6,4,4T,0.0191116566981132,2.018325679245283,0.0385409498567422,688.2363859291764,6.516973850529386,104.88249542913144,99.0,-1.0,20260729_004307
INTEL,Intel Core i9-7900X,CPU,CPU package RAPL plus DRAM RAPL when available,3,6,8,8T,0.0113555159494382,1.675706033707865,0.0190305410043928,1158.3214328269114,7.8494300957387955,146.18716817448302,100.0,-1.0,20260729_004307
INTEL,Intel Core i9-7900X,CPU,CPU package RAPL plus DRAM RAPL when available,3,6,10,10T,0.0098145501862745,1.5902253284313723,0.0156073062548269,1340.1874863719747,8.271367480690207,160.34908230362998,98.0,-1.0,20260729_004307
INTEL,Intel Core i9-7900X,CPU,CPU package RAPL plus DRAM RAPL when available,3,6,16,16T,0.0113913054602272,1.7798966761363637,0.0202798031772624,1154.6821746118896,7.389944679402507,154.79774836177373,95.0,-1.0,20260729_004307
INTEL,Intel Core i9-7900X,CPU,CPU package RAPL plus DRAM RAPL when available,3,6,20,20T,0.0096999421826923,1.6121503173076923,0.0156355400169085,1356.0222445206996,8.158878088738131,164.45838029139026,100.0,-1.0,20260729_004307
INTEL,Intel Core i9-7900X,CPU,CPU package RAPL plus DRAM RAPL when available,4,1,1,1T,0.0366631094642857,2.1828069464285718,0.0799133954558941,201.8037317865737,3.389558876261545,59.62243591625499,99.0,-1.0,20260729_004307
INTEL,Intel Core i9-7900X,CPU,CPU package RAPL plus DRAM RAPL when available,4,1,2,2T,0.0189302079629629,1.4928549537037037,0.0283762207198502,390.84378719512347,4.956117106164071,78.83650380282948,98.0,-1.0,20260729_004307
INTEL,Intel Core i9-7900X,CPU,CPU package RAPL plus DRAM RAPL when available,4,1,4,4T,0.0100170591,1.0345334350000002,0.010355170688908,738.6152229342721,7.151783951005294,103.17694391029436,99.0,-1.0,20260729_004307
INTEL,Intel Core i9-7900X,CPU,CPU package RAPL plus DRAM RAPL when available,4,1,8,8T,0.0055156144020618,0.8130311546391753,0.0044813889019571,1341.4196519624084,9.100213948200986,146.96468336979586,99.0,-1.0,20260729_004307
INTEL,Intel Core i9-7900X,CPU,CPU package RAPL plus DRAM RAPL when available,4,1,10,10T,0.0046770724694323,0.7351942074235808,0.003439927511101,1581.9243337328598,10.063670501126284,156.80007999594716,99.5,-1.0,20260729_004307
INTEL,Intel Core i9-7900X,CPU,CPU package RAPL plus DRAM RAPL when available,4,1,16,16T,0.0052542570076142,0.8017820913705583,0.0042091993988471,1408.144476568032,9.227884528087667,152.10569395974366,100.0,-1.0,20260729_004307
INTEL,Intel Core i9-7900X,CPU,CPU package RAPL plus DRAM RAPL when available,4,1,20,20T,0.0045496211116071,0.7262936517857143,0.0033041478516557,1626.2350247717154,10.186999354980824,159.03307540352688,99.0,-1.0,20260729_004307
INTEL,Intel Core i9-7900X,CPU,CPU package RAPL plus DRAM RAPL when available,4,2,1,1T,0.0195394670490196,1.1635203823529412,0.0227656920221893,189.32840950491448,3.1794784872397286,59.442952601900856,98.0,-1.0,20260729_004307
INTEL,Intel Core i9-7900X,CPU,CPU package RAPL plus DRAM RAPL when available,4,2,2,2T,0.0101917221938775,0.8055415918367348,0.0082326347016546,362.9785165285471,4.592433495576189,79.39014080846854,99.0,-1.0,20260729_004307
INTEL,Intel Core i9-7900X,CPU,CPU package RAPL plus DRAM RAPL when available,4,2,4,4T,0.0053491066462765,0.5546177446808511,0.0029657621256629,691.5877429795855,6.670141600969052,103.7483352679714,100.0,-1.0,20260729_004307
INTEL,Intel Core i9-7900X,CPU,CPU package RAPL plus DRAM RAPL when available,4,2,8,8T,0.0029310485174418,0.439652851744186,0.0012901167220855,1262.134118954801,8.414311697523036,149.70434486752612,100.0,-1.0,20260729_004307
INTEL,Intel Core i9-7900X,CPU,CPU package RAPL plus DRAM RAPL when available,4,2,10,10T,0.0024310689128878,0.3934565298329355,0.0009578202241874,1521.708302066148,9.402251073301434,161.4032475302595,99.0,-1.0,20260729_004307
INTEL,Intel Core i9-7900X,CPU,CPU package RAPL plus DRAM RAPL when available,4,2,16,16T,0.0027300620365853,0.4207042872628725,0.0011487520495765,1355.0520666132263,8.793293161335697,153.5153824156209,100.0,-1.0,20260729_004307
INTEL,Intel Core i9-7900X,CPU,CPU package RAPL plus DRAM RAPL when available,4,2,20,20T,0.0023610855511727,0.3791731833688699,0.0008969229826298,1566.8118156473274,9.756428710542847,160.1342543945515,99.0,-1.0,20260729_004307
INTEL,Intel Core i9-7900X,CPU,CPU package RAPL plus DRAM RAPL when available,4,3,1,1T,0.0188474338584905,1.2206968396226414,0.0229696562921152,196.2801002141052,3.030548436501737,64.87271553528228,99.0,-1.0,20260729_004307
INTEL,Intel Core i9-7900X,CPU,CPU package RAPL plus DRAM RAPL when available,4,3,2,2T,0.0091348010545454,0.7475416954545455,0.006828648072163,404.9761739747476,4.94872909192129,81.8343627020896,99.0,-1.0,20260729_004307
INTEL,Intel Core i9-7900X,CPU,CPU package RAPL plus DRAM RAPL when available,4,3,4,4T,0.0050858769696969,0.5178184191919192,0.0026332728608748,727.3821506188242,7.144157627312055,101.69935266868008,100.0,-1.0,20260729_004307
INTEL,Intel Core i9-7900X,CPU,CPU package RAPL plus DRAM RAPL when available,4,3,8,8T,0.0027921270083102,0.4012136828254847,0.0011204986284839,1324.931193131481,9.220463529208168,143.65824466360348,99.0,-1.0,20260729_004307
INTEL,Intel Core i9-7900X,CPU,CPU package RAPL plus DRAM RAPL when available,4,3,10,10T,0.0023202954139908,0.358497366972477,0.0008307907222531,1594.355671149876,10.31911672920648,154.27330613490065,100.0,-1.0,20260729_004307
INTEL,Intel Core i9-7900X,CPU,CPU package RAPL plus DRAM RAPL when available,4,3,16,16T,0.0025625471243654,0.4101718705583756,0.0010516477261296,1443.6342033233775,9.01908830936835,160.17157488852956,99.0,-1.0,20260729_004307
INTEL,Intel Core i9-7900X,CPU,CPU package RAPL plus DRAM RAPL when available,4,3,20,20T,0.0022294656153846,0.3947902536382536,0.0008802338008224,1659.3127469018527,9.370486386094072,176.69707008440184,99.0,-1.0,20260729_004307
INTEL,Intel Core i9-7900X,CPU,CPU package RAPL plus DRAM RAPL when available,4,4,1,1T,0.022894172215909,1.4298173636363636,0.032731697945673,161.5859310388953,2.587308407713593,62.45863686969763,100.0,-1.0,20260729_004307
INTEL,Intel Core i9-7900X,CPU,CPU package RAPL plus DRAM RAPL when available,4,4,2,2T,0.0114242974942528,0.8941399540229885,0.01022024768341,323.8165471056127,4.137358369978925,78.11481407277591,98.5,-1.0,20260729_004307
INTEL,Intel Core i9-7900X,CPU,CPU package RAPL plus DRAM RAPL when available,4,4,4,4T,0.0056853353551136,0.5929769147727273,0.0033756865715742,650.6874084284618,6.238665152529817,104.30949510772372,99.0,-1.0,20260729_004307
INTEL,Intel Core i9-7900X,CPU,CPU package RAPL plus DRAM RAPL when available,4,4,8,8T,0.0030915857994011,0.4523873338323353,0.0013973398571071,1196.5952372929987,8.177453178828312,146.5348079192957,100.0,-1.0,20260729_004307
INTEL,Intel Core i9-7900X,CPU,CPU package RAPL plus DRAM RAPL when available,4,4,10,10T,0.0024893680207317,0.410718193902439,0.0010222428271232,1486.070400261428,9.007090980454887,165.08309261970152,100.0,-1.0,20260729_004307
INTEL,Intel Core i9-7900X,CPU,CPU package RAPL plus DRAM RAPL when available,4,4,16,16T,0.002606036418575,0.4171323155216285,0.0010858325138522,1419.54123061908,8.868591589855987,160.0980252371432,98.5,-1.0,20260729_004307
INTEL,Intel Core i9-7900X,CPU,CPU package RAPL plus DRAM RAPL when available,4,4,20,20T,0.002383088528436,0.4313796789099525,0.0010268253308338,1552.345348810895,8.575684770565065,181.1032651897685,99.0,-1.0,20260729_004307
INTEL,Intel Core i9-7900X,CPU,CPU package RAPL plus DRAM RAPL when available,4,5,1,1T,0.0437871146874999,2.674671958333333,0.1171014982222142,172.49126129126364,2.823858411408957,61.11749123926417,99.0,-1.0,20260729_004307
INTEL,Intel Core i9-7900X,CPU,CPU package RAPL plus DRAM RAPL when available,4,5,2,2T,0.0227369961999999,1.906535188888889,0.0433474532327068,332.1852050419598,3.9615814216673257,83.58654544525206,99.0,-1.0,20260729_004307
INTEL,Intel Core i9-7900X,CPU,CPU package RAPL plus DRAM RAPL when available,4,5,4,4T,0.0123235880802469,1.2831532592592594,0.0158280111641947,612.8809954359983,5.886197346542775,103.41622894106126,99.0,-1.0,20260729_004307
INTEL,Intel Core i9-7900X,CPU,CPU package RAPL plus DRAM RAPL when available,4,5,8,8T,0.006939378877551,1.0332531734693875,0.0071626078765708,1088.4107674832894,7.309873779586954,147.54825487992483,100.0,-1.0,20260729_004307
INTEL,Intel Core i9-7900X,CPU,CPU package RAPL plus DRAM RAPL when available,4,5,10,10T,0.0063015891024844,1.0183835745341616,0.0064095721963128,1198.5708990581384,7.416552156352722,159.5652708849733,99.0,-1.0,20260729_004307
INTEL,Intel Core i9-7900X,CPU,CPU package RAPL plus DRAM RAPL when available,4,5,16,16T,0.0068229130472972,1.0726647027027023,0.0073350660988941,1106.9894743855211,7.041280068134292,155.40519158449916,99.0,-1.0,20260729_004307
INTEL,Intel Core i9-7900X,CPU,CPU package RAPL plus DRAM RAPL when available,4,5,20,20T,0.0064635845961538,1.0494792051282051,0.0067783617110328,1168.530064969004,7.196802695565021,160.25177417265795,100.0,-1.0,20260729_004307
INTEL,Intel Core i9-7900X,CPU,CPU package RAPL plus DRAM RAPL when available,4,6,1,1T,0.0712388973928571,4.270159928571429,0.304234234793301,184.63701530661268,3.0802957925061523,59.84318418363152,99.0,-1.0,20260729_004307
INTEL,Intel Core i9-7900X,CPU,CPU package RAPL plus DRAM RAPL when available,4,6,2,2T,0.0372978309629629,2.951530703703704,0.1099731769689283,352.6569319001313,4.456577936228001,79.1110955046208,99.0,-1.0,20260729_004307
INTEL,Intel Core i9-7900X,CPU,CPU package RAPL plus DRAM RAPL when available,4,6,4,4T,0.0186941405803571,1.964301375,0.0366284140758836,703.6076772062938,6.696192849649867,104.69570276402072,97.0,-1.0,20260729_004307
INTEL,Intel Core i9-7900X,CPU,CPU package RAPL plus DRAM RAPL when available,4,6,8,8T,0.0109790088776595,1.6406156861702126,0.0180279760917106,1198.0441774912094,8.017321260539449,148.31094401015952,100.0,-1.0,20260729_004307
INTEL,Intel Core i9-7900X,CPU,CPU package RAPL plus DRAM RAPL when available,4,6,10,10T,0.0098974679660194,1.5926298834951456,0.0157684921038201,1328.9600412031027,8.258879362860139,159.3367905357577,100.0,-1.0,20260729_004307
INTEL,Intel Core i9-7900X,CPU,CPU package RAPL plus DRAM RAPL when available,4,6,16,16T,0.0113350265842696,1.7386595168539325,0.0197096778107248,1160.4152179331063,7.565217466810957,151.9117439239168,100.0,-1.0,20260729_004307
INTEL,Intel Core i9-7900X,CPU,CPU package RAPL plus DRAM RAPL when available,4,6,20,20T,0.0097207903,1.593086923809524,0.015477858900083,1353.1141445561498,8.256519481151507,162.2344268046274,100.0,-1.0,20260729_004307
INTEL,Intel Core i9-7900X,CPU,CPU package RAPL plus DRAM RAPL when available,5,1,1,1T,0.0364230247678571,2.1751846607142857,0.0791260610936324,203.1339362091649,3.401436707258044,59.79599726859264,99.0,-1.0,20260729_004307
INTEL,Intel Core i9-7900X,CPU,CPU package RAPL plus DRAM RAPL when available,5,1,2,2T,0.0187633099537037,1.5281867685185182,0.0287135218119905,394.3214038684682,4.8415254444655655,81.39745913855796,99.0,-1.0,20260729_004307
INTEL,Intel Core i9-7900X,CPU,CPU package RAPL plus DRAM RAPL when available,5,1,4,4T,0.0098639487621359,1.0514863495145632,0.0103798343999819,750.080162371451,7.0364703243295335,106.54885545996136,99.0,-1.0,20260729_004307
INTEL,Intel Core i9-7900X,CPU,CPU package RAPL plus DRAM RAPL when available,5,1,8,8T,0.005496807090909,0.8171491363636363,0.0044913233536963,1346.009955004176,9.054349115949282,148.51810877382383,99.5,-1.0,20260729_004307
INTEL,Intel Core i9-7900X,CPU,CPU package RAPL plus DRAM RAPL when available,5,1,10,10T,0.0045561655357142,0.7489631808035715,0.0034123337262602,1623.8995739465126,9.878660192622355,163.95389988189004,100.0,-1.0,20260729_004307
INTEL,Intel Core i9-7900X,CPU,CPU package RAPL plus DRAM RAPL when available,5,1,16,16T,0.0051878813106796,0.8042928300970873,0.0041712677691642,1426.1621061542703,9.199077767716194,154.52544199865173,99.0,-1.0,20260729_004307
INTEL,Intel Core i9-7900X,CPU,CPU package RAPL plus DRAM RAPL when available,5,1,20,20T,0.0045348652400881,0.7178443678414097,0.0032550984654399,1631.5264917334175,10.30690546869762,157.66799437751098,100.0,-1.0,20260729_004307
INTEL,Intel Core i9-7900X,CPU,CPU package RAPL plus DRAM RAPL when available,5,2,1,1T,0.01997528515,1.18589676,0.023694081578497,185.19766620192564,3.119476126609896,59.4310169075106,98.5,-1.0,20260729_004307
INTEL,Intel Core i9-7900X,CPU,CPU package RAPL plus DRAM RAPL when available,5,2,2,2T,0.0104343854105263,0.8140106789473682,0.0085057000867202,354.5371849330271,4.5446533932875175,77.81482716552446,99.0,-1.0,20260729_004307
INTEL,Intel Core i9-7900X,CPU,CPU package RAPL plus DRAM RAPL when available,5,2,4,4T,0.0053453872058823,0.556923885026738,0.0029754478856621,692.0689316030091,6.6425171663855584,104.211963313726,99.0,-1.0,20260729_004307
INTEL,Intel Core i9-7900X,CPU,CPU package RAPL plus DRAM RAPL when available,5,2,8,8T,0.0028661016988636,0.4258977485795454,0.0012216330060497,1290.73442990502,8.686072021112041,148.20192377707963,99.0,-1.0,20260729_004307
INTEL,Intel Core i9-7900X,CPU,CPU package RAPL plus DRAM RAPL when available,5,2,10,10T,0.0022926251191011,0.3905939831460674,0.0008954143697063,1613.5983594380575,9.47115559925966,169.67712068494637,99.0,-1.0,20260729_004307
INTEL,Intel Core i9-7900X,CPU,CPU package RAPL plus DRAM RAPL when available,5,2,16,16T,0.0027532309010989,0.420279331043956,0.0011569703451469,1343.6506994361507,8.802184315857392,152.11970495148137,99.0,-1.0,20260729_004307
INTEL,Intel Core i9-7900X,CPU,CPU package RAPL plus DRAM RAPL when available,5,2,20,20T,0.0024040887177033,0.3798510633971291,0.0009130663855996,1538.785317133547,9.73901744672984,157.12116318737813,99.0,-1.0,20260729_004307
INTEL,Intel Core i9-7900X,CPU,CPU package RAPL plus DRAM RAPL when available,5,3,1,1T,0.0188871943679245,1.1141305943396227,0.0210246662437425,195.86689960662292,3.320416122981915,58.964415230879965,99.0,-1.0,20260729_004307
INTEL,Intel Core i9-7900X,CPU,CPU package RAPL plus DRAM RAPL when available,5,3,2,2T,0.0096186129855769,0.7392721346153845,0.0071080919984422,384.6060195911557,5.004086272119338,76.78811489270797,98.0,-1.0,20260729_004307
INTEL,Intel Core i9-7900X,CPU,CPU package RAPL plus DRAM RAPL when available,5,3,4,4T,0.0048433920047846,0.5142279090909091,0.0024908104278586,763.7986211742846,7.194040591744255,106.19041886252542,99.0,-1.0,20260729_004307
INTEL,Intel Core i9-7900X,CPU,CPU package RAPL plus DRAM RAPL when available,5,3,8,8T,0.002623572220052,0.3915166341145834,0.001028114452294,1410.055045872215,9.448835201037138,149.32804722245135,100.0,-1.0,20260729_004307
INTEL,Intel Core i9-7900X,CPU,CPU package RAPL plus DRAM RAPL when available,5,3,10,10T,0.0022985475810502,0.3565543413242009,0.0008196667383041,1609.4411827779568,10.375350393627716,155.08767983739216,99.0,-1.0,20260729_004307
INTEL,Intel Core i9-7900X,CPU,CPU package RAPL plus DRAM RAPL when available,5,3,16,16T,0.0027297984864864,0.418286404054054,0.0011412316966677,1355.18318667028,8.8441223377516,153.0325711229952,99.0,-1.0,20260729_004307
INTEL,Intel Core i9-7900X,CPU,CPU package RAPL plus DRAM RAPL when available,5,3,20,20T,0.002357675660215,0.3907400053763441,0.000920817175264,1569.07863549581,9.467615491582269,165.34423924969974,99.0,-1.0,20260729_004307
INTEL,Intel Core i9-7900X,CPU,CPU package RAPL plus DRAM RAPL when available,5,4,1,1T,0.0234794058488372,1.4817138837209305,0.03475324688759,157.55835297376422,2.496702800703821,63.173118173654544,98.0,-1.0,20260729_004307
INTEL,Intel Core i9-7900X,CPU,CPU package RAPL plus DRAM RAPL when available,5,4,2,2T,0.0111206961853932,0.8896772752808988,0.0098938354342818,332.65751487271586,4.158110676881637,80.00190781358319,99.0,-1.0,20260729_004307
INTEL,Intel Core i9-7900X,CPU,CPU package RAPL plus DRAM RAPL when available,5,4,4,4T,0.0056336019353932,0.5920845477528089,0.0033345339900472,656.6627388868401,6.248054149001991,105.08641600398909,99.0,-1.0,20260729_004307
INTEL,Intel Core i9-7900X,CPU,CPU package RAPL plus DRAM RAPL when available,5,4,8,8T,0.0030713290945121,0.451609993902439,0.0013875874031286,1204.4870629806114,8.191528695995695,147.0028445784971,99.5,-1.0,20260729_004307
INTEL,Intel Core i9-7900X,CPU,CPU package RAPL plus DRAM RAPL when available,5,4,10,10T,0.0026006869948717,0.4157949948717948,0.0010813364055933,1422.4619074758011,8.897115822099952,159.76540437193415,99.0,-1.0,20260729_004307
INTEL,Intel Core i9-7900X,CPU,CPU package RAPL plus DRAM RAPL when available,5,4,16,16T,0.0027384954722222,0.4224558584656085,0.0011561182573945,1350.879076079436,8.756834925739803,154.24536360608187,99.0,-1.0,20260729_004307
INTEL,Intel Core i9-7900X,CPU,CPU package RAPL plus DRAM RAPL when available,5,4,20,20T,0.002598190415404,0.430116029040404,0.0011205700135595,1423.8297691696646,8.600879939675576,165.82230583502064,99.0,-1.0,20260729_004307
INTEL,Intel Core i9-7900X,CPU,CPU package RAPL plus DRAM RAPL when available,5,5,1,1T,0.0465320004090909,2.7529857045454547,0.1281601858300956,162.31613481466644,2.743528009576353,59.22166117163556,99.0,-1.0,20260729_004307
INTEL,Intel Core i9-7900X,CPU,CPU package RAPL plus DRAM RAPL when available,5,5,2,2T,0.0228027278863636,1.9248801477272728,0.0438901703762886,331.2276043044449,3.923839511824074,84.09811336388955,99.0,-1.0,20260729_004307
INTEL,Intel Core i9-7900X,CPU,CPU package RAPL plus DRAM RAPL when available,5,5,4,4T,0.0122514458231707,1.297084237804878,0.0158894876143821,616.4901620887404,5.8229782898368185,105.04985169240986,99.0,-1.0,20260729_004307
INTEL,Intel Core i9-7900X,CPU,CPU package RAPL plus DRAM RAPL when available,5,5,8,8T,0.006667135937086,0.9876250761589404,0.0065742446511957,1132.854473498444,7.647531790934591,146.75018549354462,97.0,-1.0,20260729_004307
INTEL,Intel Core i9-7900X,CPU,CPU package RAPL plus DRAM RAPL when available,5,5,10,10T,0.0063320920559006,1.0173943726708077,0.0064295002829032,1192.795943756713,7.423761262966975,158.61705137309923,99.0,-1.0,20260729_004307
INTEL,Intel Core i9-7900X,CPU,CPU package RAPL plus DRAM RAPL when available,5,5,16,16T,0.0068690325646258,1.0832620646258504,0.0074351761578706,1099.5570135886835,6.972361043457173,155.8989470853828,100.0,-1.0,20260729_004307
INTEL,Intel Core i9-7900X,CPU,CPU package RAPL plus DRAM RAPL when available,5,5,20,20T,0.0064945347419354,1.0398370677419355,0.0067498532565146,1162.9613556835625,7.263535516372288,157.832090216814,99.0,-1.0,20260729_004307
INTEL,Intel Core i9-7900X,CPU,CPU package RAPL plus DRAM RAPL when available,5,6,1,1T,0.0712238843928571,4.362005428571429,0.3105792790568735,184.67594883233352,3.0154644721499557,61.18497366237921,99.0,-1.0,20260729_004307
INTEL,Intel Core i9-7900X,CPU,CPU package RAPL plus DRAM RAPL when available,5,6,2,2T,0.0359557475357142,2.9652255,0.1066168913269777,365.82016230146496,4.435870259160498,82.24301856616066,98.5,-1.0,20260729_004307
INTEL,Intel Core i9-7900X,CPU,CPU package RAPL plus DRAM RAPL when available,5,6,4,4T,0.019769303,2.06094969,0.0406988467281152,665.341487732315,6.382182609284749,103.75462145182834,95.0,-1.0,20260729_004307
INTEL,Intel Core i9-7900X,CPU,CPU package RAPL plus DRAM RAPL when available,5,6,8,8T,0.0110582729315789,1.6486653789473684,0.0182439075425047,1189.4567826221976,7.978173268787229,147.70057790554574,100.0,-1.0,20260729_004307
INTEL,Intel Core i9-7900X,CPU,CPU package RAPL plus DRAM RAPL when available,5,6,10,10T,0.0099637380940594,1.599773608910891,0.0159430444507879,1320.1207440180278,8.221999229682513,158.9529923988963,99.5,-1.0,20260729_004307
INTEL,Intel Core i9-7900X,CPU,CPU package RAPL plus DRAM RAPL when available,5,6,16,16T,0.0113505715505617,1.8093721011235957,0.0205462328142688,1158.8259981551623,7.269559568801023,157.91000929275936,98.0,-1.0,20260729_004307
INTEL,Intel Core i9-7900X,CPU,CPU package RAPL plus DRAM RAPL when available,5,6,20,20T,0.0097673687524271,1.6082024466019418,0.015705184179138,1346.6612838625988,8.178906441840255,162.8402089551789,99.5,-1.0,20260729_004307
3090,RTX 3090,GPU,GPU board NVML TotalEnergyConsumption,1,1,-1,gpu_resident,0.0003102849536951,0.1058463661453541,3.285217465986337e-05,23845.02441974497,69.90086893341707,341.103421387955,56.0,1620.0,20260729_093014
3090,RTX 3090,GPU,GPU board NVML TotalEnergyConsumption,1,2,-1,gpu_resident,0.0002893260806451,0.0985547235023041,2.849623088557621e-05,12786.183171417651,37.53626459583161,340.7428271196545,63.0,1710.0,20260729_093014
3090,RTX 3090,GPU,GPU board NVML TotalEnergyConsumption,1,3,-1,gpu_resident,0.0002387750374255,0.0796802145411203,1.903209488456364e-05,15493.14438059698,46.42780208469798,333.51459338478406,62.5,1725.0,20260729_093014
3090,RTX 3090,GPU,GPU board NVML TotalEnergyConsumption,1,4,-1,gpu_resident,0.0003060187135225,0.1000926434676434,3.063022190582772e-05,12088.7251827295,36.9595224557023,327.0801402818447,62.0,1845.0,20260729_093014
3090,RTX 3090,GPU,GPU board NVML TotalEnergyConsumption,1,5,-1,gpu_resident,0.0004733076907677,0.1590018841262364,7.522636486843753e-05,15957.68054811591,47.50191219669477,335.9792905321294,59.0,1620.0,20260729_093014
3090,RTX 3090,GPU,GPU board NVML TotalEnergyConsumption,1,6,-1,gpu_resident,0.0007517900052356,0.2585901271503366,0.0001944338018893,17496.02591980529,50.865644852643904,344.06104886889045,63.0,1455.0,20260729_093014
3090,RTX 3090,GPU,GPU board NVML TotalEnergyConsumption,2,1,-1,gpu_resident,0.0003124439581525,0.1071140731556106,3.346714764932023e-05,23680.253926479207,69.07387510320214,342.82648778516904,61.0,1612.0,20260729_093014
3090,RTX 3090,GPU,GPU board NVML TotalEnergyConsumption,2,2,-1,gpu_resident,0.0002899841917531,0.0983248269896193,2.851610272583151e-05,12757.164826267634,37.62405306130312,339.0285172553895,63.0,1702.0,20260729_093014
3090,RTX 3090,GPU,GPU board NVML TotalEnergyConsumption,2,3,-1,gpu_resident,0.0002372934103684,0.0784748464808691,1.8624658672285805e-05,15589.881466210092,47.140916220792896,331.43452204395624,58.5,1725.0,20260729_093014
3090,RTX 3090,GPU,GPU board NVML TotalEnergyConsumption,2,4,-1,gpu_resident,0.0003027224593483,0.1000491778319123,3.026554875761248e-05,12220.355866654634,36.9755785860507,330.3589096578569,56.0,1860.0,20260729_093014
3090,RTX 3090,GPU,GPU board NVML TotalEnergyConsumption,2,5,-1,gpu_resident,0.0004729195023596,0.158600519112789,7.500652762161848e-05,15970.779219524997,47.62212627168262,335.270425305666,60.0,1635.0,20260729_093014
3090,RTX 3090,GPU,GPU board NVML TotalEnergyConsumption,2,6,-1,gpu_resident,0.0007497810979805,0.2594184741959611,0.0001945304318113,17542.90542053663,50.703166154527125,345.8505883926909,62.0,1425.0,20260729_093014
3090,RTX 3090,GPU,GPU board NVML TotalEnergyConsumption,3,1,-1,gpu_resident,0.0003117660300123,0.107063582920792,3.34035845599598e-05,23731.746326106484,69.10618870245264,343.4968442979882,60.0,1590.0,20260729_093014
3090,RTX 3090,GPU,GPU board NVML TotalEnergyConsumption,3,2,-1,gpu_resident,0.0002893070187211,0.0979851670506912,2.8346523125624988e-05,12787.0251647826,37.75447020705474,338.70446509467223,63.0,1710.0,20260729_093014
3090,RTX 3090,GPU,GPU board NVML TotalEnergyConsumption,3,3,-1,gpu_resident,0.0002380348142352,0.0783677647058823,1.8652604101657136e-05,15541.323829752284,47.20537031243144,329.2573612070339,58.0,1725.0,20260729_093014
3090,RTX 3090,GPU,GPU board NVML TotalEnergyConsumption,3,4,-1,gpu_resident,0.0003062447918572,0.1001294602012808,3.067337682275305e-05,12079.800980829914,36.94596012645064,326.8603557208677,62.0,1860.0,20260729_093014
3090,RTX 3090,GPU,GPU board NVML TotalEnergyConsumption,3,5,-1,gpu_resident,0.0004708557237827,0.1572666198501872,7.404988346349288e-05,16040.7797291409,48.02610660695176,334.1178772507156,55.0,1650.0,20260729_093014
3090,RTX 3090,GPU,GPU board NVML TotalEnergyConsumption,3,6,-1,gpu_resident,0.0007474163896627,0.2526645894428152,0.0001888588882384,17598.406358241613,52.05854039199496,338.0269819394153,62.0,1440.0,20260729_093014
3090,RTX 3090,GPU,GPU board NVML TotalEnergyConsumption,4,1,-1,gpu_resident,0.0003114451813407,0.1065770775409329,3.318029078511065e-05,23756.194603481297,69.42169819262313,341.94324152206013,58.0,1623.5,20260729_093014
3090,RTX 3090,GPU,GPU board NVML TotalEnergyConsumption,4,2,-1,gpu_resident,0.0002885922603388,0.0977021826536473,2.8188476737973017e-05,12818.694873916884,37.86380238092569,338.62452487560347,60.5,1706.0,20260729_093014
3090,RTX 3090,GPU,GPU board NVML TotalEnergyConsumption,4,3,-1,gpu_resident,0.0002389634517627,0.0793948308718437,1.897531711196409e-05,15480.928597733777,46.59471197571376,332.1463388222776,62.0,1713.5,20260729_093014
3090,RTX 3090,GPU,GPU board NVML TotalEnergyConsumption,4,4,-1,gpu_resident,0.0003069818856049,0.1003395099540581,3.0788644213076226e-05,12050.796212118405,36.86863240946345,327.0043278489277,64.0,1830.0,20260729_093014
3090,RTX 3090,GPU,GPU board NVML TotalEnergyConsumption,4,5,-1,gpu_resident,0.0004755983571768,0.1597480988593155,7.596897604628812e-05,15880.822157273617,47.28003660258258,335.88419546366026,63.0,1605.0,20260729_093014
3090,RTX 3090,GPU,GPU board NVML TotalEnergyConsumption,4,6,-1,gpu_resident,0.0007364217845821,0.2499139048991354,0.0001839027098239,17861.147326700593,52.63147462982401,339.9150058830869,54.5,1507.0,20260729_093014
3090,RTX 3090,GPU,GPU board NVML TotalEnergyConsumption,5,1,-1,gpu_resident,0.0003094766104454,0.1059935483870967,3.274171188538101e-05,23907.30675633394,69.80380054433789,342.6201933508904,55.0,1627.0,20260729_093014
3090,RTX 3090,GPU,GPU board NVML TotalEnergyConsumption,5,2,-1,gpu_resident,0.0002878408996559,0.0974230217889908,2.8045537678472e-05,12852.155952649504,37.97247319932666,338.44117889307944,60.0,1713.5,20260729_093014
3090,RTX 3090,GPU,GPU board NVML TotalEnergyConsumption,5,3,-1,gpu_resident,0.000237478404644,0.0782325553983969,1.85724979498897e-05,15577.736995880306,47.2869677676805,329.5376026760952,58.5,1725.0,20260729_093014
3090,RTX 3090,GPU,GPU board NVML TotalEnergyConsumption,5,4,-1,gpu_resident,0.0003064980460385,0.1001823187519119,3.0709299263718306e-05,12069.81965253772,36.92646387720447,326.822811720015,63.0,1830.0,20260729_093014
3090,RTX 3090,GPU,GPU board NVML TotalEnergyConsumption,5,5,-1,gpu_resident,0.0004735562347373,0.1587692853762423,7.516846282475107e-05,15949.305256795113,47.57152202183882,335.31031926043886,62.0,1627.0,20260729_093014
3090,RTX 3090,GPU,GPU board NVML TotalEnergyConsumption,5,6,-1,gpu_resident,0.0007449064265887,0.2517311906501095,0.0001876695106011,17657.708502927344,52.25160712864009,337.93652811331305,63.0,1455.0,20260729_093014
5060ti,RTX 5060 Ti,GPU,GPU board NVML TotalEnergyConsumption,1,1,-1,gpu_resident,0.0007151433660014,0.1177280826799714,8.429858708594096e-05,10345.830891169911,62.84626820581906,164.41440431708895,65.0,2731.5,20260729_100925
5060ti,RTX 5060 Ti,GPU,GPU board NVML TotalEnergyConsumption,1,2,-1,gpu_resident,0.0005827447050087,0.0925390215492137,5.39232707290555e-05,6348.193464829461,39.97642755838145,158.8084400955322,71.0,2730.0,20260729_100925
5060ti,RTX 5060 Ti,GPU,GPU board NVML TotalEnergyConsumption,1,3,-1,gpu_resident,0.0004761207122148,0.0846727661596958,4.031733859974483e-05,7769.828195658015,43.69027143207187,177.82615790765743,77.5,2632.0,20260729_100925
5060ti,RTX 5060 Ti,GPU,GPU board NVML TotalEnergyConsumption,1,4,-1,gpu_resident,0.000484842760985,0.0861506518590053,4.173813000248913e-05,7630.053463613756,42.940779434561065,177.80523568975954,78.0,2647.0,20260729_100925
5060ti,RTX 5060 Ti,GPU,GPU board NVML TotalEnergyConsumption,1,5,-1,gpu_resident,0.001047642428997,0.1862388282025819,0.0001949508020594,7209.418759047723,40.62781954757792,177.96575433464855,73.0,2482.0,20260729_100925
5060ti,RTX 5060 Ti,GPU,GPU board NVML TotalEnergyConsumption,1,6,-1,gpu_resident,0.0012174956776155,0.2177177615571776,0.0002650665103825,10803.60087490439,60.41462842488183,178.82690867520347,72.0,2730.0,20260729_100925
5060ti,RTX 5060 Ti,GPU,GPU board NVML TotalEnergyConsumption,2,1,-1,gpu_resident,0.000716743713467,0.1205365329512894,8.639068709082593e-05,10322.73059021874,61.38188023312928,168.17849618430807,69.0,2700.0,20260729_100925
5060ti,RTX 5060 Ti,GPU,GPU board NVML TotalEnergyConsumption,2,2,-1,gpu_resident,0.0005834592959183,0.0926434402332361,5.4051605435835744e-05,6340.418524356848,39.93133559280309,158.7891237534744,72.0,2730.0,20260729_100925
5060ti,RTX 5060 Ti,GPU,GPU board NVML TotalEnergyConsumption,2,3,-1,gpu_resident,0.0004728469599623,0.0842786151672162,3.983201198982845e-05,7823.622742785072,43.89461444223586,178.32103607672923,76.0,2647.0,20260729_100925
5060ti,RTX 5060 Ti,GPU,GPU board NVML TotalEnergyConsumption,2,4,-1,gpu_resident,0.0004790703322352,0.083955294117647,4.0268241294652575e-05,7721.991723231516,44.06365395961238,175.2933348079355,72.5,2683.0,20260729_100925
5060ti,RTX 5060 Ti,GPU,GPU board NVML TotalEnergyConsumption,2,5,-1,gpu_resident,0.0010489320670157,0.1870575916230366,0.0001962177474057,7200.554893405635,40.37737539791223,178.32506534848417,73.0,2475.0,20260729_100925
5060ti,RTX 5060 Ti,GPU,GPU board NVML TotalEnergyConsumption,2,6,-1,gpu_resident,0.0012177912001216,0.218264598540146,0.0002658452094651,10800.979324698306,60.263272558431055,179.19992531356417,73.0,2730.0,20260729_100925
5060ti,RTX 5060 Ti,GPU,GPU board NVML TotalEnergyConsumption,3,1,-1,gpu_resident,0.000722437168953,0.1216667870036101,8.789658114003284e-05,10241.378177793667,60.811625618160775,168.41163710625415,69.0,2700.0,20260729_100925
5060ti,RTX 5060 Ti,GPU,GPU board NVML TotalEnergyConsumption,3,2,-1,gpu_resident,0.0005828766290792,0.0924463869463869,5.388019495007685e-05,6346.756660743529,40.01645166782499,158.61736335242776,72.0,2730.0,20260729_100925
5060ti,RTX 5060 Ti,GPU,GPU board NVML TotalEnergyConsumption,3,3,-1,gpu_resident,0.0004729339790686,0.084118297271872,3.9770201569154e-05,7822.183466392798,43.97825986625274,177.83766369840404,75.0,2649.0,20260729_100925
5060ti,RTX 5060 Ti,GPU,GPU board NVML TotalEnergyConsumption,3,4,-1,gpu_resident,0.0004846761756821,0.0855971756821445,4.139343780161912e-05,7632.675841516053,43.21850615035032,176.7510681317787,77.0,2647.0,20260729_100925
5060ti,RTX 5060 Ti,GPU,GPU board NVML TotalEnergyConsumption,3,5,-1,gpu_resident,0.0010343215590863,0.1857924528301887,0.0001927934303053,7302.270793298188,40.72707536249944,179.4633656774847,67.5,2512.0,20260729_100925
5060ti,RTX 5060 Ti,GPU,GPU board NVML TotalEnergyConsumption,3,6,-1,gpu_resident,0.0012186889689403,0.2181224116930572,0.0002658100575788,10793.02243092714,60.30258846404151,178.9232831902582,73.0,2726.0,20260729_100925
5060ti,RTX 5060 Ti,GPU,GPU board NVML TotalEnergyConsumption,4,1,-1,gpu_resident,0.0007166533381088,0.1198900429799427,8.592193468997175e-05,10324.032363465896,61.71284466186225,167.28699681777482,67.5,2715.0,20260729_100925
5060ti,RTX 5060 Ti,GPU,GPU board NVML TotalEnergyConsumption,4,2,-1,gpu_resident,0.0005828563919627,0.0918750728013977,5.355089134880765e-05,6346.977023933127,40.26533189070815,157.62630262857724,72.0,2730.0,20260729_100925
5060ti,RTX 5060 Ti,GPU,GPU board NVML TotalEnergyConsumption,4,3,-1,gpu_resident,0.0004761928977379,0.084270028275212,4.014029029502415e-05,7768.650376639385,43.89908734272027,176.93564537620398,78.0,2632.0,20260729_100925
5060ti,RTX 5060 Ti,GPU,GPU board NVML TotalEnergyConsumption,4,4,-1,gpu_resident,0.0004846154214079,0.0865180810028929,4.183785228099099e-05,7633.632727598928,42.75843860519601,178.6972576197564,77.0,2647.0,20260729_100925
5060ti,RTX 5060 Ti,GPU,GPU board NVML TotalEnergyConsumption,4,5,-1,gpu_resident,0.0010506620262605,0.1883697478991596,0.0001979683085542,7188.698880018954,40.0961351270367,179.23657679050785,74.0,2475.0,20260729_100925
5060ti,RTX 5060 Ti,GPU,GPU board NVML TotalEnergyConsumption,4,6,-1,gpu_resident,0.0012107259,0.2099981927710843,0.0002545187018346,10864.009228523251,62.63562962311079,173.26552593112172,66.5,2745.0,20260729_100925
5060ti,RTX 5060 Ti,GPU,GPU board NVML TotalEnergyConsumption,5,1,-1,gpu_resident,0.0007156939394586,0.1175562678062678,8.417593787030442e-05,10337.874046472192,62.93806389020633,164.17371104130112,64.0,2722.5,20260729_100925
5060ti,RTX 5060 Ti,GPU,GPU board NVML TotalEnergyConsumption,5,2,-1,gpu_resident,0.0005828162325174,0.0923613053613053,5.382977483562018e-05,6347.414367985418,40.05333963813577,158.47383264689574,71.0,2730.0,20260729_100925
5060ti,RTX 5060 Ti,GPU,GPU board NVML TotalEnergyConsumption,5,3,-1,gpu_resident,0.0004731176098644,0.0836580177653109,3.953833121762003e-05,7819.147207978272,44.22031440328267,176.87600226192254,76.0,2649.0,20260729_100925
5060ti,RTX 5060 Ti,GPU,GPU board NVML TotalEnergyConsumption,5,4,-1,gpu_resident,0.0004827447253012,0.0861732530120482,4.162082554943685e-05,7663.2141182126525,42.92953135853347,178.2130132767465,77.0,2662.0,20260729_100925
5060ti,RTX 5060 Ti,GPU,GPU board NVML TotalEnergyConsumption,5,5,-1,gpu_resident,0.0010487651956087,0.1794166666666666,0.000188163568768,7201.700619497869,42.097063903637896,171.0763711049965,73.0,2475.0,20260729_100925
5060ti,RTX 5060 Ti,GPU,GPU board NVML TotalEnergyConsumption,5,6,-1,gpu_resident,0.0012199919731707,0.2179719512195121,0.0002658884800879,10781.494990407373,60.34421046079196,178.67913625226984,73.0,2722.0,20260729_100925
