platform,platform_label,device_kind,energy_domain,problem_size,configuration,num_threads,sessions,working_set_bytes,operational_intensity_flop_per_byte,runtime_s_median,runtime_s_ci95_low,runtime_s_ci95_high,runtime_s_session_cv_pct,energy_j_median,energy_j_ci95_low,energy_j_ci95_high,energy_j_session_cv_pct,total_energy_j_median,total_energy_j_ci95_low,total_energy_j_ci95_high,total_energy_j_session_cv_pct,power_w_median,power_w_ci95_low,power_w_ci95_high,power_w_session_cv_pct,edp_j_s_median,edp_j_s_ci95_low,edp_j_s_ci95_high,edp_j_s_session_cv_pct,throughput_gflops_median,throughput_gflops_ci95_low,throughput_gflops_ci95_high,throughput_gflops_session_cv_pct,efficiency_gflop_per_j_median,efficiency_gflop_per_j_ci95_low,efficiency_gflop_per_j_ci95_high,efficiency_gflop_per_j_session_cv_pct,logical_bandwidth_gb_s_median,logical_bandwidth_gb_s_ci95_low,logical_bandwidth_gb_s_ci95_high,logical_bandwidth_gb_s_session_cv_pct,logical_gb_per_j_median,logical_gb_per_j_ci95_low,logical_gb_per_j_ci95_high,logical_gb_per_j_session_cv_pct,temperature_c_median,temperature_c_ci95_low,temperature_c_ci95_high,temperature_c_session_cv_pct,clock_mhz_median,clock_mhz_ci95_low,clock_mhz_ci95_high,clock_mhz_session_cv_pct
3090,RTX 3090,GPU,GPU board NVML,1000000,gpu_resident,-1,5,4000004.0,0.2499995000005,5.658497548303753e-06,5.633382602035967e-06,5.700756277427376e-06,0.4680180057200071,0.0012116827679173,0.0012069691791515,0.0012224280934574,0.5517363573901435,0.0012116827679173,0.0012069691791515,0.0012224280934574,0.5517363573901435,214.1035309688126,211.84355832500495,216.2819062972453,0.9399483871528389,6.867408474650861e-09,6.8563039715819475e-09,6.9115211962921775e-09,0.3159301877040963,176.72518039700657,175.4151469270104,177.5130628689394,0.46774224759402727,0.825297698768835,0.8180432087188846,0.8285207420979878,0.5507911710074485,706.9021353908831,701.6619910306204,710.0536715816806,0.46774224759402244,3.3011973974635325,3.2721793792277523,3.314089596564516,0.5507911710074508,61.5,59.0,62.0,2.203022637930827,1950.0,1950.0,1950.0,0.0
5060ti,RTX 5060 Ti,GPU,GPU board NVML,1000000,gpu_resident,-1,5,4000004.0,0.2499995000005,6.147174095315372e-06,6.14706841610268e-06,6.258617487122562e-06,0.8080120674575985,0.0004058325746143,0.0004004339781535,0.0004093440537001,0.8803145638996969,0.0004058325746143,0.0004004339781535,0.0004093440537001,0.8803145638996969,65.48561848365615,64.82529226219648,66.5902430008259,1.124746367258606,2.5025618159294214e-09,2.4614950598417303e-09,2.53995084832503e-09,1.2646252707148884,162.67621259695207,159.77953630455144,162.67900929497253,0.7993466790052094,2.4640678510107055,2.442930319766254,2.497288078826983,0.8814859244418592,650.7061517988104,639.1194234557744,650.717338613266,0.7993466790052142,9.856291116605343,9.771740822527118,9.98917229363254,0.8814859244418602,55.0,53.0,56.0,2.3792709508038867,2752.0,2752.0,2752.0,0.0
AMD,AMD CPU,CPU,CPU package RAPL,1000000,1T,1,5,4000004.0,0.2499995000005,8.681031800898722e-05,8.661224137931034e-05,8.739309382629928e-05,0.37944526003544826,0.0059160706749215,0.0058654698706896,0.0059772888552915,0.7272391938084101,0.0059160706749215,0.0058654698706896,0.0059772888552915,0.7272391938084101,67.95391223424244,67.7251987172779,68.95486298708474,0.7443304721386623,5.170237195764323e-07,5.080214922432399e-07,5.187425172708106e-07,0.9139391303009066,11.51935648820539,11.442540322323152,11.545700516172955,0.3790113434510177,0.16903094214865325,0.16729976151557965,0.17048915467064374,0.7270620149992375,46.07751810776562,45.77025282970673,46.182894430388316,0.3790113434510163,0.6761251208435024,0.6692003844617491,0.6819579825971762,0.727062014999237,57.5,56.5,58.0,1.1357495479447124,1823.5,1794.0,1831.0,0.8042822044878424
AMD,AMD CPU,CPU,CPU package RAPL,1000000,2T,2,5,4000004.0,0.2499995000005,5.326478480751368e-05,4.5581356779352965e-05,5.491115420331021e-05,7.388644849001241,0.0042050797246163,0.0035532448882224,0.004317464452631,7.53552254075546,0.0042050797246163,0.0035532448882224,0.004317464452631,7.53552254075546,78.82299653697916,76.65832147365512,79.24553833897119,1.4419767203300091,2.2387284847649387e-07,1.6196172297447734e-07,2.3655477233083994e-07,14.11915771904146,18.77411133103719,18.211218003130536,21.9387721352992,8.116782635750594,0.2378073819019559,0.23161719360320732,0.2814326148233129,8.334678566970243,75.09659551718958,72.84501770241187,87.75526405154937,8.116782635750583,0.9512314300687814,0.9264706273522312,1.1257327107564217,8.334678566970242,57.0,56.0,58.0,1.5664224010506405,1869.5,1850.0,1873.0,0.5297874757471718
AMD,AMD CPU,CPU,CPU package RAPL,1000000,4T,4,5,4000004.0,0.2499995000005,3.5350934171468485e-05,3.526383936299117e-05,3.557840345882105e-05,0.3536782986274468,0.0031538506434306,0.0031274624026311,0.0031616962982364,0.43742006034346476,0.0031538506434306,0.0031274624026311,0.0031616962982364,0.43742006034346476,89.18908893572515,88.32061951572882,89.35953868262712,0.49338458991203227,1.115021470086601e-07,1.1028633178017753e-07,1.1176891770913056e-07,0.5375639819089088,28.287767309048732,28.106910450813597,28.357632579550675,0.3524150462745029,0.31707240229748207,0.3162855966140079,0.31974772875245816,0.43826536779950365,113.15129553855971,112.42786665876285,113.4307571794902,0.35241504627450354,1.2682921457716831,1.2651449167433348,1.2789934729942205,0.4382653677994992,56.0,53.0,57.0,2.737500160307419,1942.0,1914.0,1954.0,0.805309280944964
AMD,AMD CPU,CPU,CPU package RAPL,1000000,8T,8,5,4000004.0,0.2499995000005,2.814334881876381e-05,2.767271129141312e-05,2.8746650251946864e-05,1.6757872479162421,0.0029015266273865,0.0028555529546991,0.0029670630821095,1.409353700109022,0.0029015266273865,0.0028555529546991,0.0029670630821095,1.409353700109022,103.17418411513056,101.74146675588744,103.5323184676756,0.6870170534715137,8.16586759814696e-08,7.902089249272989e-08,8.520316406655733e-08,3.017518310308416,35.53233861541303,34.7866270064727,36.136647019126784,1.675131855941138,0.34464581181553094,0.33703327914721254,0.35019452129381834,1.407946350637851,142.1296387206453,139.14678631918514,144.5468771699724,1.6751318559411403,1.3785860044313756,1.3481358128577798,1.4007808867342455,1.4079463506378502,55.0,53.0,56.0,2.201388405629304,2137.0,2102.0,2147.0,0.8894566357979701
AMD,AMD CPU,CPU,CPU package RAPL,1000000,10T,10,5,4000004.0,0.2499995000005,2.8247823811360257e-05,2.7037919454213716e-05,2.8833542749443143e-05,2.7793792460785802,0.0030439909646851,0.0029405674564349,0.0031177199799196,2.491966654588354,0.0030439909646851,0.0029405674564349,0.0031177199799196,2.491966654588354,107.7470581560371,107.7188376402906,108.6694066053158,0.39181403239801954,8.598612045379724e-08,7.950682603676894e-08,8.977790389336523e-08,5.243584284147315,35.40092173747687,34.68179434937154,36.98505728938976,2.8050371176175237,0.32851575829281404,0.3207468940253538,0.3400700765465125,2.5040674048090485,141.6039701575646,138.7274548521184,147.9405250383132,2.8050371176175246,1.3140656612999504,1.2829901420791332,1.360283026749383,2.504067404809051,54.0,53.0,55.0,1.3094570021973104,2182.5,2180.5,2213.0,0.7306688785106947
AMD,AMD CPU,CPU,CPU package RAPL,1000000,16T,16,5,4000004.0,0.2499995000005,3.1788553760726904e-05,8.868301913486365e-06,3.2209240168003055e-05,37.65936182979666,0.0037753449735786,0.0012481601085841,0.003858317710322,34.68253502558415,0.0037753449735786,0.0012481601085841,0.003858317710322,34.68253502558415,120.4397665220341,118.25083373225822,140.736287714892,7.585576994620514,1.2045350266452993e-07,1.1069060679293723e-08,1.2427348177622093e-07,49.76548641069628,31.457832511885034,31.046960275499075,112.76104599903881,75.83269396607777,0.26487619197673323,0.25918005594115373,0.8011784651044397,64.69917754204295,125.83158171045189,124.18808947792688,451.04508608542534,75.83269396607777,1.0595068869185877,1.0367222972071357,3.2047202698518893,64.69917754204295,55.0,53.0,60.0,4.876987756717075,2404.0,2381.5,2423.0,0.6478813873916827
AMD,AMD CPU,CPU,CPU package RAPL,1000000,20T,20,5,4000004.0,0.2499995000005,3.616795002179282e-05,8.214780440504224e-06,3.62689395305232e-05,40.839684091749575,0.0045926555367252,0.0012429948705621,0.0047064672445976,38.30024465682647,0.0045926555367252,0.0012429948705621,0.0047064672445976,38.30024465682647,128.63419885169674,126.7075964280892,151.28646177190143,7.882057666475221,1.663038566439811e-07,1.0210929950340618e-08,1.7027813665224862e-07,51.72021048945125,27.64876083376181,27.571773890946588,121.73167709624386,90.26854835971166,0.21773873350690065,0.21247337929481316,0.8045077447083803,78.68059280709284,110.5952645253551,110.28731613819805,486.92768223936605,90.26854835971166,0.8709566759392124,0.8498952169679869,3.2180374149019144,78.68059280709282,57.0,56.0,60.0,2.632942862517899,2547.0,2538.5,2564.5,0.3777283821967263
AMD,AMD CPU,CPU,CPU package RAPL,1000000,32T,32,5,4000004.0,0.2499995000005,5.032918202650194e-05,5.968118361692302e-06,5.064633414963266e-05,47.842128464669706,0.0073701348143335,0.0011371558263175,0.0074309131712663,45.51806865178856,0.0073701348143335,0.0011371558263175,0.0074309131712663,45.51806865178856,147.13471856623934,145.61785023639425,190.4835867423543,12.602510028444794,3.732703105345753e-07,6.7866805671508535e-09,3.739917816197924e-07,54.75665837129446,19.869168536723453,19.744745928610374,167.55683104723872,133.2805612499089,0.1356825926786568,0.13457282798926723,0.8793860760827645,116.61152632021536,79.47683310040107,78.97914167256688,670.2286646449436,133.2805612499089,0.5427314561764539,0.5382923885407694,3.5175513394267015,116.61152632021536,55.0,53.0,60.0,5.017879539063872,2987.5,2964.0,3002.5,0.5182479169446226
AMD,AMD CPU,CPU,CPU package RAPL,1000000,64T,64,5,4000004.0,0.2499995000005,0.0001113619217466,0.0001083811389759,0.0001131501101321,1.5786817833741913,0.0161962598595353,0.0158335127481713,0.0164259477422907,1.3235160586053352,0.0161962598595353,0.0158335127481713,0.0164259477422907,1.3235160586053352,145.42077378676663,144.95160094387197,146.0912148093512,0.3056532076461647,1.8036232936282019e-06,1.7160541456362382e-06,1.8585977960643122e-06,2.8834583057588214,8.979721113968033,8.837808454914676,9.226688420596531,1.5956372274577029,0.061742588021719454,0.060879226921279846,0.06315711591639672,1.3348295886117902,35.91895629371288,35.35130452219705,36.9068274959673,1.5956372274576949,0.24697084602807595,0.2435173947194218,0.25262896892301945,1.3348295886117845,53.5,53.0,54.0,0.9345794392523363,4174.0,4169.5,4192.5,0.2469462483913651
INTEL,Intel CPU,CPU,CPU package RAPL,1000000,1T,1,5,4000004.0,0.2499995000005,0.0001464603895153,0.0001463853526485,0.0001464945103205,0.03258693698634737,0.0077316271409749,0.0071333204978038,0.0078822732328406,3.8675096386772614,0.0077316271409749,0.0071333204978038,0.0078822732328406,3.8675096386772614,52.77029163264764,48.70684378742599,53.83601976820337,3.873251380355853,1.1326409319978053e-06,1.0447787057005976e-06,1.1539161210691118e-06,3.8532732181641034,6.827777826546986,6.826187532981318,6.831277733102124,0.032588623366777446,0.12933875130893957,0.1268668276853963,0.14018702794972954,4.052309727017088,27.311165928465176,27.304804741480144,27.32516558268501,0.03258862336677598,0.5173560399468035,0.5074683256772217,0.5607492332962632,4.052309727017088,96.0,85.0,98.0,5.734054492679812,1364.0,1362.0,1374.5,0.36296074265472067
INTEL,Intel CPU,CPU,CPU package RAPL,1000000,2T,2,5,4000004.0,0.2499995000005,8.228296997120527e-05,8.171700434746945e-05,8.363926499032882e-05,0.9209196050835357,0.0057573638996937,0.0055828600607005,0.006141189092553,3.911761647347571,0.0057573638996937,0.0055828600607005,0.006141189092553,3.911762459852513,69.21640070736333,68.21738106450186,74.7953040385578,3.871545912846182,4.776198642046446e-07,4.5621459985157626e-07,5.042544194947474e-07,4.1721182794621,12.15317094594358,11.956095024455673,12.237342863767951,0.9174341309997036,0.1736904280191845,0.1628347515325054,0.17911948161468458,3.826286885627219,48.61278100923912,47.82447574667854,48.94946935391262,0.917434130999708,0.6947631016015516,0.6513403088093366,0.7164793594160243,3.826286885627223,95.5,90.5,98.0,3.5686784030676226,1632.5,1615.0,1676.5,1.6440244499541419
INTEL,Intel CPU,CPU,CPU package RAPL,1000000,4T,4,5,4000004.0,0.2499995000005,3.124603622234756e-05,3.107978938212544e-05,3.157778128950695e-05,0.5914977696530646,0.002768624239683,0.0026573286662452,0.0027854675931795,1.8877720149578792,0.002768624239683,0.0026573286662452,0.0027854675931795,1.8877916688780878,88.5353049902299,84.16479243284866,89.20380211249993,2.39982502774524,8.612562038244275e-08,8.391254343702815e-08,8.689556250943203e-08,1.3881529333481921,32.0040274191575,31.667804360032466,32.17521803976953,0.5887342880821334,0.3611898594496511,0.35900579222267703,0.3763173944956521,1.9213394071006498,128.0163657091054,126.6714707828181,128.70112956107985,0.5887342880821288,1.4447623273203698,1.4360260409399181,1.5052725885247749,1.9213394071006438,91.5,86.0,94.0,3.26345367969006,1900.5,1839.5,2007.5,3.50996046519561
INTEL,Intel CPU,CPU,CPU package RAPL,1000000,8T,8,5,4000004.0,0.2499995000005,1.6659152231845433e-05,1.6438170098006973e-05,1.679355700862315e-05,0.9501413563918173,0.0020945261461553,0.0020409929232993,0.0021982313291139,2.786079287734862,0.0020945261461553,0.0020409929232993,0.0021982313291139,2.786079287734862,127.17161925894294,121.67343334458236,131.93557862258112,2.8741782869369525,3.443017706522383e-08,3.427553101162321e-08,3.662067035252038e-08,2.9579794215633584,60.02700414060771,59.546586794359335,60.83396108191165,0.9515945699764475,0.47743447931437494,0.4549107215222415,0.4899571128269688,2.753172713096747,240.1084967789442,238.18682355060807,243.33633099982194,0.9515945699764475,1.9097417367371539,1.8196465253783771,1.9598323709686976,2.7531727130967543,94.0,88.0,96.0,3.3417192065230554,2459.0,2459.0,2460.0,0.018184588927741954
INTEL,Intel CPU,CPU,CPU package RAPL,1000000,10T,10,5,4000004.0,0.2499995000005,1.4282895111668183e-05,1.3881232380741804e-05,1.4323189919043396e-05,1.3227623044681485,0.002149620326401,0.0019300298698247,0.0021903035457253,4.995826469629542,0.0021496214206024,0.0019300298698247,0.0021903058330601,4.995847705306808,150.07475957866717,138.90628215462073,153.32834110386744,3.828233103651572,3.078942018887758e-08,2.6791193124809514e-08,3.1278804446525093e-08,6.195620560354946,70.0137466656229,69.8167800365791,72.03964119117792,1.3460957466428949,0.4651979643652921,0.45655726666363,0.5181261780631548,5.331733305883349,280.05554677302507,279.2676786811152,288.15914108241753,1.3460957466428964,1.860795579048605,1.826232719116306,2.0725088572661887,5.331733305883351,95.5,83.0,98.0,6.509263898389288,2739.0,2739.0,2739.0,0.0
INTEL,Intel CPU,CPU,CPU package RAPL,1000000,16T,16,5,4000004.0,0.2499995000005,1.4006697511042376e-05,1.2446403334371331e-05,1.4210069620896433e-05,6.280969543679606,0.0018099945017497,0.0017520632081347,0.0019541439080459,5.15162529069282,0.0018099967102245,0.0017520632081347,0.0019541439080459,5.151620463248179,138.3770378462429,129.28549172991265,140.76865663102834,3.26268107969315,2.535204548265791e-08,2.180688535575706e-08,2.7545492733552447e-08,10.932513336715603,71.39434539880916,70.37256161852046,80.34441542147808,6.434771616537424,0.5524873136538885,0.5117325269048258,0.5707550933990729,5.088744204895351,285.577952750571,281.4908094551378,321.3783044418784,6.434771616537417,2.209953674518483,2.0469342014836127,2.2830249396416047,5.088744204895352,93.0,84.0,96.0,5.155887489404966,3202.0,3200.0,3339.0,1.909933906303201
INTEL,Intel CPU,CPU,CPU package RAPL,1000000,20T,20,5,4000004.0,0.2499995000005,1.1766524408740494e-05,1.152046731098576e-05,1.7312274956763344e-05,21.835707315174023,0.0015453026383549,0.0013021631342023,0.0022389367965183,23.819073217501526,0.0015453029138073,0.0013021631342023,0.0022389367965183,23.819070467165947,129.3283028785228,111.7376851879908,133.82983206684366,6.8156989563015555,1.8139529036954354e-08,1.517512630170912e-08,3.8761089432139716e-08,45.26029542482795,84.98677819060771,57.762425937518564,86.80194761252564,20.22811972280648,0.6471217839015534,0.44664012023701016,0.7679521664638398,23.15009695386358,339.9477926573363,231.05016584994385,347.2084848663779,20.228119722806483,2.588492312585662,1.7865640540725758,3.0718148094788345,23.15009695386358,91.0,61.0,94.0,16.187438662270893,3599.5,3599.0,3600.0,0.013890818169190166
3090,RTX 3090,GPU,GPU board NVML,2000000,gpu_resident,-1,5,8000004.0,0.249999750000125,1.382743051332375e-05,1.3754204585453044e-05,1.3867925871226304e-05,0.3210263282282247,0.0039716894787203,0.0039622577472398,0.0040023979986731,0.38575857133259395,0.0039716894787203,0.0039622577472398,0.0040023979986731,0.38575857133259395,287.7033896302025,285.97879349329173,289.4754937786929,0.5099309078448148,5.489981878693474e-08,5.460700999124498e-08,5.5342880213318335e-08,0.49220697332972696,144.63996026397336,144.217601000426,145.41000808692877,0.32168014058174804,0.5035637883363456,0.4997001799079082,0.5047624681643302,0.3842112315326731,578.5604196160238,576.8709808723963,581.6406139880382,0.3216801405817489,2.014257167601543,1.9988027184333517,2.019051891708203,0.38421123153267406,62.0,61.0,63.0,1.3451125828522115,1950.0,1950.0,1950.0,0.0
5060ti,RTX 5060 Ti,GPU,GPU board NVML,2000000,gpu_resident,-1,5,8000004.0,0.249999750000125,8.196056425240346e-06,8.1960527370483e-06,8.196145859799527e-06,0.0005407935497443322,0.0007296760128185,0.0007239961970641,0.0007354623763431,0.7179777235025757,0.0007296760128185,0.0007239961970641,0.0007354623763431,0.7179777235025757,89.02767342185064,88.33469796216595,89.73269977121805,0.7174893251136032,5.980464346876632e-09,5.9339136827967925e-09,6.027956910902821e-09,0.7184657608412722,244.01967192915598,244.01700923962315,244.01978173706493,0.0005407922059860566,2.7409411367034764,2.7193763601402527,2.762444068228893,0.7179579716052218,976.0796637957997,976.0690130270175,976.0801030278748,0.0005407922059930086,10.963775510583934,10.87751631807189,11.049787322697371,0.7179579716052222,59.0,57.0,60.0,2.5880120969459215,2752.0,2745.0,2760.0,0.27261054326847944
AMD,AMD CPU,CPU,CPU package RAPL,2000000,1T,1,5,8000004.0,0.249999750000125,0.0001743178830854,0.0001732726879113,0.0001747994591765,0.34110643888437925,0.0118193228913571,0.0118027619501212,0.0121495008712319,1.2668886005412345,0.0118193228913571,0.0118027619501212,0.0121495008712319,1.2668886005412345,68.04722842204325,67.81923399885851,69.58152476915507,1.0522235023886182,2.0595927111495933e-06,2.0450962878747173e-06,2.121118884242468e-06,1.5164663503646303,11.473286415600752,11.441677276475689,11.54249422750237,0.3418431623878345,0.1692143465733137,0.16461573369945443,0.16945177818988905,1.255099781738002,45.89319155557162,45.76675487263475,46.17002308000948,0.341843162387833,0.6768580631509794,0.6584635932610817,0.6778077905670079,1.255099781738006,58.0,57.0,58.0,0.9509072178909133,1807.5,1794.0,1825.0,0.844389473608161
AMD,AMD CPU,CPU,CPU package RAPL,2000000,2T,2,5,8000004.0,0.249999750000125,9.691568328892272e-05,9.675214996618031e-05,9.761338272080046e-05,0.35996479361615974,0.0077561011134373,0.0077417556541236,0.0081156135858537,2.022655918877244,0.0077561011134373,0.0077417556541236,0.0081156135858537,2.022655918877244,80.04227970598774,79.16056983848301,83.82738449109615,2.2738209580953455,7.52607628866879e-07,7.508225650447339e-07,7.852030627260876e-07,1.9213058015612707,20.636484541285757,20.48898362349059,20.671364932966338,0.35907334466635055,0.25786138818317356,0.2464384213026347,0.25833920487205153,1.9746493826459446,82.54602071112247,81.95601644993783,82.68554241736642,0.3590733446663504,1.0314465841787626,0.9857546709647169,1.0333578528455423,1.9746493826459426,58.0,57.0,60.0,1.9523551799642775,1868.0,1853.5,1873.5,0.5063656768979858
AMD,AMD CPU,CPU,CPU package RAPL,2000000,4T,4,5,8000004.0,0.249999750000125,5.731116443834991e-05,5.707127031019202e-05,5.741041761492945e-05,0.22102599592316116,0.005357921853664,0.0053429325928871,0.0053985056943113,0.4004920418924275,0.005357921853664,0.0053429325928871,0.0053985056943113,0.4004920418924275,93.59548368480117,93.32013734949778,94.02603549867608,0.30626164922070453,3.076005311670071e-07,3.0492795025779484e-07,3.0945578711571485e-07,0.5390767939462029,34.89719707495065,34.836865556607705,35.04388441206349,0.2214922655394856,0.3732788671847288,0.3704727036052788,0.37432607752950947,0.3995685395205535,139.58892788866066,139.34760157396272,140.1756778238617,0.22149226553948428,1.4931169618551305,1.4818922963126704,1.497305807423097,0.39956853952055943,57.0,56.0,57.0,0.7873478794013344,1928.0,1914.0,1947.0,0.6988174382721449
AMD,AMD CPU,CPU,CPU package RAPL,2000000,8T,8,5,8000004.0,0.249999750000125,3.992728712871288e-05,3.921111111111111e-05,4.016859298499077e-05,1.0270034765227032,0.0045370924150823,0.0044702567076742,0.0045565422586082,0.7969344283687152,0.0045370924150823,0.0044702567076742,0.0045565422586082,0.7969344283687152,113.74271103107849,113.37944060913722,114.11807528638772,0.28090705250137143,1.8123030573981817e-07,1.752837324598028e-07,1.8302989140494334e-07,1.817793275626948,50.091031568276584,49.79011838296929,51.00592519127232,1.0308723310255392,0.4408107256866888,0.4389291016058527,0.4474013755332109,0.7993224279980788,200.36432663733277,199.16067269245025,204.02390478889203,1.0308723310255388,1.7632446659905396,1.7557181621406948,1.7896072917392407,0.7993224279980834,57.0,57.0,58.0,0.7818419501747516,2115.0,2083.0,2142.0,1.0373778461922427
AMD,AMD CPU,CPU,CPU package RAPL,2000000,10T,10,5,8000004.0,0.249999750000125,3.795804026645826e-05,3.758046787968808e-05,3.834281822309672e-05,0.7293788534454196,0.0045667839678463,0.0045264165800222,0.004612781557439,0.8137908579773782,0.0045667839678463,0.0045264165800222,0.004612781557439,0.8137908579773782,120.45808021090166,119.884038220896,120.66853842124355,0.25035918812999325,1.7334616973972586e-07,1.7010485289561184e-07,1.7686704475973656e-07,1.5131014916129237,52.689732819723716,52.16098066561139,53.21910856466432,0.7305850306487325,0.4379447361822989,0.43357765268000076,0.44185040520291463,0.8138881044029964,210.75914203793153,208.64413130647253,212.87664713519794,0.7305850306487296,1.7517806965090161,1.734312345031481,1.767403388214163,0.8138881044029966,56.0,54.0,59.0,3.2209046320186085,2203.5,2174.0,2234.5,1.2446061923028173
AMD,AMD CPU,CPU,CPU package RAPL,2000000,16T,16,5,8000004.0,0.249999750000125,3.9195743932465706e-05,3.82218737087262e-05,3.963057011150073e-05,1.5139386909265964,0.0051504354750459,0.0050753632658427,0.0052284361727276,1.3232525366131531,0.0051504354750459,0.0050753632658427,0.0052284361727276,1.3232525366131531,131.88493269104578,131.2038839224714,132.7982269914416,0.4678171109583188,2.0187515002058646e-07,1.9398989377294783e-07,2.072059063167877e-07,2.8113079535423595,51.025922698290906,50.466066836106485,52.32603234580288,1.5225218274661885,0.3883164850215265,0.3825233652908168,0.394060266278876,1.3229318922546958,204.1038948969565,201.86446920879422,209.30433868744555,1.5225218274661867,1.5532674933528228,1.5300949912574935,1.5762426413573574,1.322931892254699,57.0,56.0,59.0,1.9863683364096478,2416.5,2400.0,2440.0,0.5957816348243274
AMD,AMD CPU,CPU,CPU package RAPL,2000000,20T,20,5,8000004.0,0.249999750000125,4.187089083006288e-05,1.2704325735210268e-05,4.206657064128257e-05,36.17952018849921,0.0057540426686706,0.002159912547673,0.0057580191632533,31.814030525191296,0.0057540426686706,0.002159912547673,0.0057580191632533,31.814030525191296,137.22654824162123,135.86353817876108,169.95250105464646,10.348882993515637,2.409974783201638e-07,2.744023256520567e-08,2.4205284239458586e-07,48.15998034825867,47.76585738567618,47.543666372396785,157.42661528718259,70.26330773003143,0.347581537914121,0.3473414977087353,0.9259629525995002,55.426391162163725,191.0636206062298,190.17485566434772,629.7070908555063,70.26330773003141,1.3903275419833308,1.3893673802016266,3.7038555142516634,55.42639116216373,59.0,56.0,67.0,6.972166887783963,2570.0,2523.5,2577.5,1.1068526133371435
AMD,AMD CPU,CPU,CPU package RAPL,2000000,32T,32,5,8000004.0,0.249999750000125,5.365562058420331e-05,9.03398872875424e-06,5.4133742658836085e-05,44.639168953971634,0.0082160766004883,0.0018993696717339,0.0083278225040042,40.70974473749227,0.0082160766004883,0.0018993696717339,0.0083278225040042,40.70974473749227,153.65406309499718,153.05167913989334,210.05400859282756,15.335010176932023,4.406334804752772e-07,1.7158884206181694e-08,4.508162003402273e-07,53.242970059992324,37.274734281776574,36.94551497398724,221.38604109989785,111.26794726566038,0.2434250673711021,0.240158696830817,1.0529803806829439,89.6749354221475,149.09908622611798,147.7822076780827,885.5450499441986,111.26794726566038,0.9737012431851647,0.9606357479585357,4.211925734655404,89.67493542214747,56.0,54.0,63.0,6.274130169438544,2964.0,2940.0,2988.5,0.6892659605859439
AMD,AMD CPU,CPU,CPU package RAPL,2000000,64T,64,5,8000004.0,0.249999750000125,0.0001131185950872,0.0001122910749399,0.0001139114542828,0.5574690029067771,0.0169242433033233,0.0168218108477168,0.0169899859735055,0.43311007739844903,0.0169242433033233,0.0168218108477168,0.0169899859735055,0.43311007739844903,149.43662120293862,148.92459540946828,149.8766967413722,0.2610953188836949,1.9144466253858844e-06,1.8889392225257898e-06,1.9318156652347266e-06,0.9669628291357183,17.680550208904698,17.55748807345346,17.81084561769875,0.5577133619176441,0.1181736142736304,0.11771634203340929,0.11889320466776364,0.43335426143082817,70.722271557855,70.23002252380124,71.2434537142131,0.557713361917651,0.47269492978921507,0.4708658389992408,0.475573294244111,0.4333542614308213,54.0,53.0,55.0,1.3759180866596776,4181.5,4172.0,4196.5,0.23073059924374
INTEL,Intel CPU,CPU,CPU package RAPL,2000000,1T,1,5,8000004.0,0.249999750000125,0.0002980777248362,0.0002978359630842,0.0002987431947352,0.11905679193080175,0.0155824008338296,0.0149768974664679,0.0160517051816557,2.897163327356038,0.0155824691780821,0.0149769612518628,0.0160517188802858,2.897073769200422,52.27681782336792,50.24161243117585,53.89217948793174,2.890512460692641,4.6447665880336335e-06,4.464883209953019e-06,4.782313492409812e-06,2.920538343883363,6.7096560170641455,6.694709821834634,6.715102431853028,0.11891440133526879,0.1283498622149403,0.12459729214847841,0.13353893918802884,2.8921745721461627,26.83865090689407,26.778866066191213,26.86043658783527,0.11891440133526782,0.5133999622594667,0.4983896669833314,0.5341562909081392,2.892174572146162,95.0,85.0,97.5,6.014369360363646,1363.5,1358.5,1364.5,0.22273095738145252
INTEL,Intel CPU,CPU,CPU package RAPL,2000000,2T,2,5,8000004.0,0.249999750000125,0.000165029646902,0.0001647518690812,0.0001666326666666,0.5561462328600933,0.0115836089166666,0.0110510007476324,0.0117229540306462,2.561733334083886,0.0115836535,0.0110510833194882,0.0117230075782811,2.5615907448860167,69.47556784924919,67.03088990362842,71.01476252435667,2.2767226190876584,1.930207643407161e-06,1.8206730283901766e-06,1.93463496432592e-06,2.9224383976495494,12.11902853544651,12.00244249827445,12.139461671383382,0.5550736985782269,0.17265767641053414,0.17060537768651088,0.18097899418100083,2.5843641376901103,48.47616261792442,48.0098180028918,48.55789524340449,0.5550736985782196,0.6906313962731875,0.6824221931678954,0.723916700640342,2.584364137690105,94.5,87.5,97.0,4.483701711007905,1566.0,1517.0,1657.5,3.662472450108705
INTEL,Intel CPU,CPU,CPU package RAPL,2000000,4T,4,5,8000004.0,0.249999750000125,7.990370636632319e-05,7.813698204151442e-05,8.472839349262838e-05,3.6547613873949536,0.0074874711409923,0.0066590304105423,0.0081088736231147,7.170920595795324,0.0074874801446882,0.006659032353438,0.0081088736231147,7.170909490242935,95.19815493793688,79.23459989902899,97.20986044116724,8.022264194745752,5.936616095815927e-07,5.596381235102229e-07,6.870518351212575e-07,8.063119077745498,25.030115509672207,23.604826169329005,25.59606152868042,3.6220205436821304,0.26711274906295585,0.24664325687588906,0.3003438754137066,7.506632780026674,100.12056215920093,94.41939909666792,102.38434849901898,3.622020543682128,1.068452064703354,0.986574014077077,1.2013767030309288,7.506632780026676,91.0,59.5,93.0,16.976579206772104,1900.0,1845.5,1918.5,1.4580571853551973
INTEL,Intel CPU,CPU,CPU package RAPL,2000000,8T,8,5,8000004.0,0.249999750000125,3.272717167424069e-05,3.215614990390775e-05,3.308030926139168e-05,1.102646322206509,0.0046300725635073,0.0041174852338244,0.0048767708011186,6.572590987105428,0.0046300725635073,0.0041174852338244,0.0048767708011186,6.572592741307667,141.49432410153554,128.01980677596924,147.62667245476285,5.5538331887999055,1.5152917965009505e-07,1.3240247240598404e-07,1.6132508629792813e-07,7.635138958336873,61.11126925074874,60.458896686743394,62.196469601510096,1.1076488333840748,0.431958456928587,0.41010723726061804,0.4857331323426174,6.827757239601269,244.4453214481942,241.83582858268122,248.78612719204315,1.107648833384074,1.7278355555490394,1.6404305894722413,1.9429344723039703,6.8277572396012705,95.0,81.0,99.0,7.97174919356511,2459.5,2459.5,2460.0,0.009091185467148275
INTEL,Intel CPU,CPU,CPU package RAPL,2000000,10T,10,5,8000004.0,0.249999750000125,2.5915628231644263e-05,2.554204487506374e-05,2.6627518109237036e-05,1.5215559897679014,0.0041927107834197,0.0037688949133095,0.0042670872944535,5.140751211876495,0.0041927107834197,0.0037688949133095,0.0042670872944535,5.140760198111626,159.9974750156797,147.51140421014418,163.6560048978524,4.066853158664663,1.0942808017416487e-07,9.626528300515072e-08,1.1362194420675584e-07,6.368427142699762,77.1734716258162,75.110229642702,78.30222716242132,1.5113672766498696,0.4770181162767304,0.4687035586545568,0.5306592637903462,5.3397876260919865,308.69419519730565,300.4412190118768,313.2092218587505,1.511367276649863,1.9080743731803407,1.8748161094333993,2.1226391777995013,5.339787626091986,97.0,85.0,99.0,6.338252246462537,2739.0,2600.0,2739.0,2.292810924110879
INTEL,Intel CPU,CPU,CPU package RAPL,2000000,16T,16,5,8000004.0,0.249999750000125,3.676314923189466e-05,2.382813095238095e-05,3.7710322967853257e-05,17.199381076087775,0.0050328793840729,0.0036282996904761,0.0053178605815592,13.979510818999955,0.0050328793840729,0.0036282996904761,0.0053178608597285,13.979511560764912,140.4383143138071,130.9507840739817,152.26091614381858,5.998303842479421,1.84975213561672e-07,8.645560015914778e-08,1.9792117731627032e-07,27.37995871650111,54.40227624092818,53.03584914149184,83.93436329508489,22.2632285766306,0.39738663444413486,0.3760909052289594,0.5512221069416575,16.690694703845317,217.60932257292652,212.14360870946996,335.73778891796064,22.263228576630606,1.5895481273238719,1.5043651252802108,2.20489063265616,16.690694703845306,92.0,81.5,96.0,6.890317565379016,3200.0,3199.5,3202.0,0.03045587708905091
INTEL,Intel CPU,CPU,CPU package RAPL,2000000,20T,20,5,8000004.0,0.249999750000125,2.721409771343971e-05,2.508923127967982e-05,3.3444122178917794e-05,11.3395645051365,0.0038754635983361,0.0034190598884349,0.0045863895888093,11.472988801454653,0.0038754635983361,0.0034190640150965,0.0045863914468715,11.472975952395927,137.19861124127954,135.19597547953268,142.40714546661872,2.2116242313099432,1.0546724504999729e-07,8.578158430001949e-08,1.5338777376825477e-07,23.491580518980136,73.49128459299602,59.80121078677141,79.71543558689389,10.36682679794029,0.5160670328212305,0.43607263649820727,0.5849558256540263,10.884755729217419,293.9654323372695,239.20508235204844,318.86206120947736,10.36682679794029,2.0642701955540854,1.7442922902842473,2.3398256424405774,10.884755729217414,91.0,88.0,96.0,4.139007122752124,3600.0,3599.0,3603.5,0.049490416845921176
3090,RTX 3090,GPU,GPU board NVML,4000000,gpu_resident,-1,5,16000004.0,0.2499998750000312,2.284362476016446e-05,2.2811331025594237e-05,2.2865760277574538e-05,0.10194710997522799,0.0072513939033864,0.0071412356551299,0.0072977439664218,0.9482738468472162,0.0072513939033864,0.0071412356551299,0.0072977439664218,0.9482738468472162,317.3075097363793,312.88598225695114,319.92983693954363,0.9795008639967446,1.6571425615141264e-07,1.629421717207818e-07,1.6647125335808074e-07,0.9276995628761322,175.103515400732,174.93400400611108,175.3514073997705,0.10195550269609376,0.5516179445350502,0.5481144609080144,0.5601270134709256,0.9498611374646356,700.4144118100464,699.7363658925398,701.4059803019845,0.1019555026960993,2.206472881376366,2.192458939861254,2.2405091741380097,0.9498611374646242,63.0,61.0,64.0,2.150065362980567,1950.0,1950.0,1950.0,0.0
5060ti,RTX 5060 Ti,GPU,GPU board NVML,4000000,gpu_resident,-1,5,16000004.0,0.2499998750000312,1.228461746965751e-05,1.2284477980197534e-05,1.2284663100093362e-05,0.0006731382627804485,0.0010193909390201,0.0010149071298707,0.0010198147511178,0.201389277005335,0.0010193909390201,0.0010149071298707,0.0010198147511178,0.201389277005335,82.98100744883345,82.61715094331143,83.0156917104903,0.20090953359468963,1.2522827737896893e-08,1.2467604288842092e-08,1.252803750869959e-08,0.2018193161765367,325.61038305668285,325.6091736019688,325.61408034170944,0.0006731393768786833,3.923910687145248,3.9222799980248126,3.9412463291193975,0.20191916675044774,1302.4421834476605,1302.4373456263852,1302.4569725951612,0.0006731393768738483,15.695650596404327,15.689127836661209,15.764993198972219,0.20191916675044724,58.0,55.0,59.0,2.872670756145976,2767.0,2767.0,2767.0,0.0
AMD,AMD CPU,CPU,CPU package RAPL,4000000,1T,1,5,16000004.0,0.2499998750000312,0.0006217565789473,0.0005875954653937,0.0006350662729658,3.01200747743825,0.0425067077205882,0.040375558770883,0.0438975862860892,3.020793607089211,0.0425067077205882,0.040375558770883,0.0438975862860892,3.020793607089211,68.66345946548907,67.89973098106239,69.22633484552716,0.9096863049731893,2.6242193397576176e-05,2.3724495246507685e-05,2.7877876514901287e-05,5.896043518530128,6.433384278413947,6.298553663257457,6.807402772109422,3.085765995064889,0.09410277140947788,0.09112116037385791,0.09906981158325456,3.0697358835077115,25.733549980427558,25.194227250140305,27.22962470324664,3.085765995064892,0.37641127384350137,0.364484823737798,0.3962794444726909,3.069735883507705,53.5,53.0,54.0,0.9345794392523363,1834.0,1794.0,1834.0,0.9739299695649134
AMD,AMD CPU,CPU,CPU package RAPL,4000000,2T,2,5,16000004.0,0.2499998750000312,0.000187820745964,0.0001867903643425,0.0001928330177962,1.2952311979057722,0.0152098996636771,0.0151516606399091,0.0154388201405585,0.7949598698376787,0.0152098996636771,0.0151516606399091,0.0154388201405585,0.7949598698376787,80.9661319648368,78.62435072977267,82.66038585210654,1.9734460042872066,2.8838228390732495e-06,2.8552551107046166e-06,2.921740445817575e-06,0.8234457312406465,21.296896567361564,20.743330399089075,21.414375490298717,1.2845076178661046,0.262986547475552,0.2590870910848826,0.2639973990351989,0.7917000221420605,85.18762886325004,82.97336308302746,85.65754478995656,1.2845076178661075,1.0519467158754343,1.036348882513842,1.0559901241357257,0.7917000221420589,59.0,58.0,59.0,0.9346801322613755,1873.0,1865.0,1893.0,0.572183785888348
AMD,AMD CPU,CPU,CPU package RAPL,4000000,4T,4,5,16000004.0,0.2499998750000312,0.0001015551563606,0.0001014764818935,0.0001017091728257,0.09464568215328338,0.0099618066227211,0.0097797302398542,0.0101099582363065,1.3938791017854975,0.0099618066227211,0.0097797302398542,0.0101099582363065,1.3938791017854975,98.58231378479152,96.42139790386908,99.32421251476175,1.2779163723477767,1.0125033938255289e-06,9.931820336728813e-07,1.028275489517107e-06,1.4457210242487144,39.387453511438494,39.32780976259474,39.41799050737703,0.0946166354964238,0.40153349201506455,0.39564940888038047,0.4090091343930192,1.3942029001328262,157.5498928206807,157.31131770601814,157.67204086550885,0.09461663549642173,1.6061347711274427,1.5825984268205373,1.6360373555905499,1.3942029001328258,59.0,57.0,59.0,1.5315534092464314,1940.5,1913.0,1943.0,0.6468393600173079
AMD,AMD CPU,CPU,CPU package RAPL,4000000,8T,8,5,16000004.0,0.2499998750000312,5.3366081362163206e-05,4.776400513600913e-05,6.272568926974663e-05,13.15786896973167,0.0066954178638804,0.006263116939319,0.0076482515524093,9.843108195968382,0.0066954178638804,0.006263116939319,0.0076482515524093,9.843108195968382,125.66774069694142,121.95142755826556,130.86571760068966,3.353321122223595,3.573082144775224e-07,2.9915154965705853e-07,4.79741850333283e-07,22.992464965215436,74.95395760566406,63.76970977231252,83.74505003527047,12.968298853820443,0.5974233544972141,0.5229952195727594,0.6386594787794154,9.662036923216702,299.81598033060897,255.07896662870147,334.9803676312238,12.968298853820457,2.3896946128358643,2.0919819242817383,2.5546391924369383,9.662036923216698,60.0,56.0,62.0,3.8519440037133044,2094.5,2069.0,2110.5,0.7517356866874895
AMD,AMD CPU,CPU,CPU package RAPL,4000000,10T,10,5,16000004.0,0.2499998750000312,5.630532660499019e-05,3.907221964064436e-05,5.6681383514148304e-05,14.605527109652714,0.0074426047378749,0.0056597239196096,0.0074570347556201,11.206562934893407,0.0074426047378749,0.0056597239196096,0.0074570347556201,11.206562934893407,132.10082838634102,131.54778751546706,144.83658633072855,4.290234091387197,4.1905829055789363e-07,2.2113797609239485e-07,4.2267504686163606e-07,23.318514375594756,71.04121832134956,70.56989000632908,102.37450128988971,18.153832492943014,0.5374461147512352,0.5364061092762568,0.7067480776122229,13.18288830179131,284.1650153678704,282.2797011651316,409.49820990861264,18.15383249294301,2.149785533897439,2.145625509917514,2.8269937239454004,13.182888301791307,59.0,57.0,59.0,1.5315534092464314,2174.5,2153.0,2206.0,0.8969159449536256
AMD,AMD CPU,CPU,CPU package RAPL,4000000,16T,16,5,16000004.0,0.2499998750000312,5.096557136347527e-05,2.63445794269114e-05,5.165481598693278e-05,23.96948200548988,0.0076525984760265,0.0048083375808794,0.0077307342402123,17.995817886224266,0.0076525984760265,0.0048083375808794,0.0077307342402123,17.995817886224266,149.94603569588102,149.60868999177848,182.72592484884888,9.30416641867816,3.900190537459507e-07,1.2667363131088039e-07,3.9932965462204695e-07,35.04103455798996,78.48433546389356,77.43709707555415,151.83385299800756,35.20528535066237,0.5226981413608598,0.5174151478644223,0.8318881386170139,23.67211448799702,313.93749882428443,309.74854317644946,607.3357156598123,35.20528535066239,2.090793610839983,2.069661626288244,3.327554218244749,23.67211448799701,60.0,59.0,68.0,6.264800494340135,2429.5,2381.5,2463.5,1.2563533465943089
AMD,AMD CPU,CPU,CPU package RAPL,4000000,20T,20,5,16000004.0,0.2499998750000312,5.040276333382856e-05,2.1839130622184868e-05,5.246719609675076e-05,29.014107935062857,0.0079647874263358,0.0044215604728346,0.0081805379684418,22.14424782198513,0.0079647874263358,0.0044215604728346,0.0081805379684418,22.14424782198513,158.0091904529931,156.0498207528656,202.2229404156862,12.123810365866788,4.014472956538568e-07,9.656303672012432e-08,4.2920988976715105e-07,40.54872481998609,79.36070833075418,76.23809346746692,183.15742825113543,47.33271745995242,0.5022103900442952,0.4889652753194061,0.9046577615697874,31.43620203918513,317.4429920444731,304.9525263460927,732.6300793194898,47.33271745995241,2.008842564598212,1.9558620792084196,3.618632855595125,31.436202039185133,60.5,59.0,69.5,6.817701491148647,2561.5,2527.5,2583.0,0.8316081047180602
AMD,AMD CPU,CPU,CPU package RAPL,4000000,32T,32,5,16000004.0,0.2499998750000312,6.170787612777371e-05,1.5035171399277849e-05,6.220875046347794e-05,39.82628149074196,0.0104366040599853,0.0036608167803384,0.0105806875849709,33.34917118557078,0.0104366040599853,0.0036608167803384,0.0105806875849709,33.34917118557078,170.27212030840664,169.08983697058628,243.48719176199023,17.807841949708344,6.44020670528193e-07,5.504100775374033e-08,6.582113537054737e-07,50.28989137378711,64.8215309131287,64.29961975121739,266.04279351229235,84.95608810841576,0.38326633615778216,0.37804717017462164,1.0926520610054258,60.06134285740394,259.286253295609,257.1986076041412,1064.1717061348893,84.95608810841574,1.5330661111639927,1.5121894367930158,4.370610429326371,60.06134285740394,57.0,56.0,66.5,7.312344810647889,2974.5,2968.5,2996.0,0.3634737333654637
AMD,AMD CPU,CPU,CPU package RAPL,4000000,64T,64,5,16000004.0,0.2499998750000312,1.6054006703229737e-05,1.0792997155417635e-05,0.0001169610829103,104.54728711895017,0.003917191179159,0.0030709011533488,0.0187505295544275,87.86379355547595,0.003917191179159,0.0030709011533488,0.0187505295544275,87.86379355547595,244.05461645607005,160.2588876280845,284.272967436374,27.160104505678618,6.288661344805098e-08,3.3144227412662334e-08,2.193082241827425e-06,130.14516916939345,249.15892175348864,34.199401206533686,370.6105859568551,79.1822724120493,1.0211395913688284,0.2133272550190719,1.3025489262778858,68.02485333909468,996.6361853319227,136.79767322495425,1482.4430850487777,79.18227241204929,4.084560407755006,0.8533094467309044,5.210198310210047,68.02485333909468,66.0,53.5,71.5,12.636359701230077,4119.5,4072.5,4186.0,1.1857639916749327
INTEL,Intel CPU,CPU,CPU package RAPL,4000000,1T,1,5,16000004.0,0.2499998750000312,0.0006711426657736,0.0006648965517241,0.0006878505154639,1.5061204087424003,0.0346551537414965,0.0293307993127147,0.0349568320026613,7.150971968210568,0.0346578023809523,0.0293367350515463,0.0349602628077179,7.147334228889285,50.76754591162816,42.66704745588421,52.5082830204127,8.222795400351698,2.320131010433872e-05,2.017520542621901e-05,2.3651541267740302e-05,6.202730625173235,5.959983180907381,5.815215530226537,6.015971942744872,1.4988625389984247,0.1154229189065854,0.11442681647168358,0.13637538334204305,7.8720232284216065,23.839944643598866,23.260873751340114,24.06389980292638,1.4988625389984265,0.4616919064722372,0.45770749474042444,0.5455018061190071,7.872023228421611,93.0,65.0,96.0,14.93469743399492,1363.5,1362.0,1432.0,2.527697319406696
INTEL,Intel CPU,CPU,CPU package RAPL,4000000,2T,2,5,16000004.0,0.2499998750000312,0.0003774283829626,0.0003713856560415,0.0003815830792682,1.0894333511163934,0.0257200961610839,0.0241616955030487,0.0261450316927665,3.0715267558927812,0.0257759523899134,0.0242137818216463,0.026185726137211,3.0618564975164326,67.98557430586719,63.28781164924111,69.9905706377105,4.0142663310277635,9.643452742905561e-06,9.219694170393943e-06,9.760100203584874e-06,2.282519465857288,10.59803443663209,10.482642489470964,10.770472512683758,1.09021158619293,0.15552037499969562,0.152992700372464,0.16555125444302052,3.1776612005259905,42.39215894260254,41.93059092317408,43.08191159168544,1.0902115861929251,0.6220818110396102,0.6119711074753332,0.6622053488746737,3.177661200525993,93.0,84.0,96.0,5.335520119847654,1647.5,1520.0,1675.5,3.8187177328369875
INTEL,Intel CPU,CPU,CPU package RAPL,4000000,4T,4,5,16000004.0,0.2499998750000312,0.0001881552789217,0.0001850642725598,0.000190024697199,1.0543348741196457,0.0174609873167981,0.0162097908521541,0.0179414279296143,3.9305265591280865,0.01755076052236,0.0162961012526096,0.0180366337514039,3.9226266327373014,92.88846258157358,85.3941921761565,95.84313140533038,4.684963257291694,3.2803478849450904e-06,3.0764592515106234e-06,3.3757743763501572e-06,3.3623280972246308,21.2590314920932,21.049890140390918,21.614107059521583,1.061867160250389,0.22908206319764385,0.22294763915627702,0.24676438064396403,4.048151569390338,85.03616848644641,84.19960266135448,86.45647146631127,1.0618671602503953,0.9163287109548164,0.8917910025204979,0.9870580161047408,4.0481515693903365,91.0,77.5,94.0,7.7696899644773625,1900.0,1778.5,1924.0,3.2220894469624626
INTEL,Intel CPU,CPU,CPU package RAPL,4000000,8T,8,5,16000004.0,0.2499998750000312,0.0001167009400023,0.0001128040548129,0.0001180707124321,1.6980116279860828,0.0165989606628921,0.0157904997674418,0.0167530981780201,2.4777343560435154,0.0166018661240858,0.0157940694767441,0.0167540170593013,2.4709352189697618,140.31848110967798,135.22240182405622,147.50104936201447,3.3385730292675095,1.8776834713631613e-06,1.8427871268996738e-06,1.9598511111000734e-06,2.7498760261409214,34.27563651090699,33.87799495408581,35.45970937511521,1.7264806319943653,0.24097888302984052,0.23876174767768982,0.2533168081384947,2.51184947568818,137.10261459491812,135.51204757235007,141.8389084198973,1.7264806319943617,0.9639160140772487,0.955047468234374,1.0132677391877218,2.5118494756881806,92.0,86.0,96.0,4.3844470147054695,2459.0,2320.0,2460.0,2.5635111494560605
INTEL,Intel CPU,CPU,CPU package RAPL,4000000,10T,10,5,16000004.0,0.2499998750000312,0.000109699770316,0.0001060322563615,0.0001117615967885,2.022993381094117,0.0177628872908235,0.0159060761314655,0.0184009465878679,5.55721333548397,0.0177629182434649,0.0159061865840517,0.018400990912132,5.557092567855713,164.21567573409732,147.28744816852554,166.35222038017093,4.819486210246811,1.9485846559523333e-06,1.7176591102631261e-06,2.056519173080017e-06,6.853795391574814,36.46314835917746,35.79046036331856,37.72435990009157,2.035933091035737,0.2251885594109716,0.21738006688401978,0.2514761633818146,5.904782629921955,145.8526663630248,143.16191303421286,150.89751504910495,2.0359330910357376,0.9007546880211178,0.8695207022963216,1.005905156479711,5.904782629921961,97.0,79.0,98.5,8.786992901152397,2739.0,2739.0,2740.0,0.016325834903075893
INTEL,Intel CPU,CPU,CPU package RAPL,4000000,16T,16,5,16000004.0,0.2499998750000312,0.0001161608529377,0.0001147150451583,0.0001173349742147,1.012443027647354,0.0153404463244541,0.0150308241969273,0.0159256246483825,2.2877137525046543,0.0153418097633474,0.0150312640828677,0.0159265015822784,2.286753570869032,133.7663748463258,128.50855032154686,136.31235557766496,2.397793846773941,1.773224080014702e-06,1.7584437370626962e-06,1.8686327574709513e-06,2.5705513128531208,34.43500025043119,34.09042382095543,34.86900078782375,1.013155375593736,0.2607485411701242,0.2511674793494686,0.26611973818559503,2.276490459446492,137.74006987174246,136.3617634646864,139.47607288931403,1.0131553755937404,1.0429946861777095,1.0046704197329588,1.0644794849819896,2.276490459446494,88.0,81.0,89.5,4.087322434604321,3376.0,3343.5,3385.0,0.4791782747887052
INTEL,Intel CPU,CPU,CPU package RAPL,4000000,20T,20,5,16000004.0,0.2499998750000312,0.0001202804688434,0.0001022194292098,0.0001221687963977,6.9926470485009995,0.0161959582458595,0.0142608066727605,0.0188607806377023,11.363854760195583,0.0161980442617214,0.0142609340849075,0.0188610422903736,11.363232060852228,139.73370944439318,128.02734788731428,154.24576714880533,7.2169865301168565,1.8952312376107148e-06,1.4577315181608855e-06,2.304198869629135e-06,16.855214748343556,33.25559867253117,32.74157655592083,39.13149418776554,7.6318384485494395,0.24697513659141476,0.2120802461380674,0.2804889717522347,11.358252337309429,133.02246120133867,130.9663717068528,156.5260550140701,7.631838448549437,0.9879010403160556,0.848321408712868,1.1219564479870225,11.358252337309423,89.0,74.0,95.0,9.171757150371816,3873.5,3673.5,3968.5,3.0175126767152545
3090,RTX 3090,GPU,GPU board NVML,8000000,gpu_resident,-1,5,32000004.0,0.2499999375000078,4.117687697628459e-05,4.115102366060406e-05,4.126175128935099e-05,0.10396623624124772,0.0138155489687538,0.0134529874084437,0.0138853754940711,1.2606728050938032,0.0138155489687538,0.0134529874084437,0.0138853754940711,1.2606728050938032,335.56514479766827,326.91879276313546,337.2155806424295,1.2104017355986705,5.687821407749438e-07,5.536042031506752e-07,5.717563984888825e-07,1.3167913894114611,194.283772531062,193.88413603434893,194.4058321848941,0.10387738431684795,0.5790576268878892,0.5761456723598083,0.5946633827203941,1.2782029738312373,777.1352844080449,775.536738021556,777.623523145433,0.1038773843168509,2.316231086609256,2.3045832655849776,2.378654125545034,1.2782029738312475,64.0,59.0,65.0,3.958959116091841,1950.0,1950.0,1965.0,0.3434820241935161
5060ti,RTX 5060 Ti,GPU,GPU board NVML,8000000,gpu_resident,-1,5,32000004.0,0.2499999375000078,2.0508436181337272e-05,2.046900967127886e-05,2.0509926092663615e-05,0.08526104877759659,0.0018198622132004,0.0018101359096119,0.0018676395184281,1.2346462736036488,0.0018198622132004,0.0018101359096119,0.0018676395184281,1.2346462736036488,88.74547345929597,88.43261715316386,91.06146592415148,1.1871959288154348,3.732252805824761e-08,3.705168944017514e-08,3.8305148490698196e-08,1.2852012925310283,390.08332616213903,390.0549891723693,390.8346875826249,0.08534893629699844,4.395936649473723,4.283481325525391,4.419557093762772,1.2195701353408126,1560.333694731931,1560.220346744515,1563.3391411652358,0.08534893629699326,17.583750993832087,17.133929585583424,17.678232794608736,1.2195701353408126,60.0,57.0,64.0,4.249182927993987,2767.0,2760.0,2775.0,0.24448429342420622
AMD,AMD CPU,CPU,CPU package RAPL,8000000,1T,1,5,32000004.0,0.2499999375000078,0.0016982568259385,0.0016893112416107,0.0017128794871794,0.5652584197699454,0.1203413565436241,0.1192372999999999,0.1218180627118644,0.9044799986647638,0.1203413565436241,0.1192372999999999,0.1218180627118644,0.9044799986647638,71.25624768924054,70.1918034838217,71.69057342635662,0.823078585439486,0.00020570214395864174,0.0002018010463652504,0.0002077506920973788,1.1879220483446746,4.710712112450363,4.670497288267259,4.735657232927828,0.5643600010966884,0.06647755376681314,0.06567169779183202,0.06709309083650844,0.9047001875662781,18.842853160514153,18.681993823566906,18.942633667369133,0.5643600010966905,0.2659102815448146,0.2626868568390341,0.26837243043913295,0.9047001875662724,53.5,53.0,54.0,0.7833895379532543,1814.5,1813.5,1834.0,0.5941456820703368
AMD,AMD CPU,CPU,CPU package RAPL,8000000,2T,2,5,32000004.0,0.2499999375000078,0.0006623097432521,0.0006402719186785,0.0006667265734265,1.7261919468060576,0.0517301468531468,0.0492001526592252,0.0534381063199473,3.354261416014006,0.0517301468531468,0.0492001526592252,0.0534381063199473,3.354261416014006,77.59128176582664,75.00534488542677,80.87066286098684,3.470485207656642,3.3159201447470154e-05,3.1910547075717956e-05,3.5392578476642716e-05,4.053326894561031,12.078939018348247,11.998920275347208,12.494689781978463,1.7409831261937136,0.1546486814102936,0.14970588501212986,0.16260110116751786,3.3505819809310347,48.31576815233352,47.99569310031061,49.9787716226052,1.7409831261937114,0.6185948802898751,0.5988236897544231,0.650404567271193,3.3505819809310404,54.5,52.5,55.0,1.912955844402926,1869.5,1849.5,1874.0,0.6294457943168296
AMD,AMD CPU,CPU,CPU package RAPL,8000000,4T,4,5,32000004.0,0.2499999375000078,0.0001917896405919,0.0001906691714836,0.0001963509662307,1.191464495406646,0.0189955264932562,0.0189222416794185,0.0191420932622763,0.46084899112670646,0.0189955264932562,0.0189222416794185,0.0191420932622763,0.46084899112670646,98.82624811037816,97.16379920925414,100.2258407081472,1.2133424454896826,3.6383069304532527e-06,3.6218612983639332e-06,3.7457265956207663e-06,1.3601157631495668,41.7123624368368,40.74336456587897,41.95748551143257,1.175672150600473,0.4211517381653077,0.41792707257182554,0.42278283596290317,0.46022315703366123,166.84949145971487,162.97349900688553,167.82998400322106,1.1756721506004786,1.6846073738130216,1.671708708214427,1.6911317666345012,0.4602231570336502,59.0,57.0,61.5,2.8409508541055195,1944.0,1912.5,1953.0,0.8203374254839132
AMD,AMD CPU,CPU,CPU package RAPL,8000000,8T,8,5,32000004.0,0.2499999375000078,0.0001076157060675,9.262074463096688e-05,0.0001077497886281,6.389527742101881,0.0138663881336284,0.0124212018662665,0.0139209552948636,4.817069809798912,0.0138663881336284,0.0124212018662665,0.0139209552948636,4.817069809798912,129.1548471371305,128.6006851502613,134.14351470081948,1.7762073304164256,1.4932005960024735e-06,1.1504609660651585e-06,1.4999799905227823e-06,10.767626082997623,74.33858209304638,74.24607604208039,86.37372795775684,6.986899718962746,0.5769345934143162,0.5746731334559885,0.6440599779419411,5.147961160398545,297.354402710777,296.9843784144069,345.4949982047661,6.986899718962741,2.3077389505919306,2.2986931084971594,2.576240555827823,5.1479611603985465,61.0,56.0,62.0,3.91987320778361,2106.0,2081.5,2107.5,0.5295426989390445
AMD,AMD CPU,CPU,CPU package RAPL,8000000,10T,10,5,32000004.0,0.2499999375000078,9.19757388822392e-05,9.148023822414726e-05,9.243921693894314e-05,0.43818598969713013,0.0130663240953871,0.0129807604421491,0.0130881917951994,0.34955511763504665,0.0130663240953871,0.0129807604421491,0.0130881917951994,0.34955511763504665,141.81873448115908,141.48628944162576,142.03766695408518,0.17734381110517175,1.2017848131480344e-06,1.1902529341818281e-06,1.209862200694933e-06,0.7600284161241059,86.97944802860208,86.54334453399863,87.45057025756965,0.4382999941990953,0.6122608731880681,0.611237910108737,0.6162966365224376,0.3501389225497958,347.9178790938672,346.17346467934993,349.80236848085985,0.4382999941990964,2.4490441050132223,2.4449522516729347,2.465187162386464,0.3501389225497972,60.0,59.0,61.0,1.3990970343379192,2174.0,2164.5,2190.5,0.4392343177564128
AMD,AMD CPU,CPU,CPU package RAPL,8000000,16T,16,5,32000004.0,0.2499999375000078,7.30378000716589e-05,7.2305990881892e-05,7.447721406975887e-05,1.10164632397309,0.0123170325229489,0.0122729105641829,0.0124610880097337,0.5908043745125184,0.0123170325229489,0.0122729105641829,0.0124610880097337,0.5908043745125184,168.87293369495274,167.4020164018161,169.69928452766618,0.49228501797309127,8.994104124827375e-07,8.874049593480849e-07,9.280671192430422e-07,1.6903084782484714,109.53231055906714,107.41539006154049,110.64088746211326,1.09403867661109,0.6495070127560781,0.6419984349481346,0.6518420352012579,0.5886658259774105,438.1293517685928,429.66166766156545,442.5636604893542,1.0940386766110841,2.5980287005314064,2.567994381791053,2.6073687926471485,0.5886658259774177,62.0,62.0,63.0,0.8777605088223817,2420.5,2381.5,2441.0,1.003406545821578
AMD,AMD CPU,CPU,CPU package RAPL,8000000,20T,20,5,32000004.0,0.2499999375000078,6.938635129632144e-05,4.0667469440621706e-05,7.062341507593702e-05,20.396816446376846,0.0124817435523279,0.0088768642839796,0.0126302947610422,13.841128207090827,0.0124817435523279,0.0088768642839796,0.0126302947610422,13.841128207090827,180.1485955487489,179.03231486852945,218.2771324992845,9.230124008363896,8.660626429124188e-07,3.6099960699728666e-07,8.91994549440516e-07,29.80193148971723,115.29643583411952,113.27686421561592,196.71740361619362,28.040198484571587,0.6409360171887176,0.633397648380763,0.9012190278089403,16.980113442636352,461.18585863292833,453.10757013934204,786.8698111822026,28.040198484571583,2.5637447096909676,2.5335912269207794,3.6048770124549017,16.980113442636355,63.5,63.0,73.0,6.522140263601169,2555.5,2519.5,2562.0,0.6771868981339302
AMD,AMD CPU,CPU,CPU package RAPL,8000000,32T,32,5,32000004.0,0.2499999375000078,7.395813902652288e-05,7.32378742084053e-05,7.480701365817645e-05,0.848079123503038,0.0146010832483241,0.0144826101036269,0.0147211645256552,0.6194546832100002,0.0146010832483241,0.0144826101036269,0.0147211645256552,0.6194546832100002,197.450057657297,196.79942129140045,197.89192999118768,0.2539606122742296,1.079868944817388e-06,1.0606755769788065e-06,1.1012463557349513e-06,1.4655032306901523,108.16928475081072,106.94183083628008,109.23308583800844,0.8464649061888321,0.5479044851633342,0.5434352007993702,0.5523865479190486,0.618511176767782,432.6772471725411,427.76743028696455,436.93245258513326,0.8464649061888291,2.19161848855789,2.17374134663275,2.209546744062812,0.6185111767677789,61.0,59.5,61.0,1.1687715391513183,2951.5,2951.0,2984.5,0.5810761218969862
AMD,AMD CPU,CPU,CPU package RAPL,8000000,64T,64,5,32000004.0,0.2499999375000078,0.0001208306989813,2.2643469846749303e-05,0.0001225774033216,65.37157643424433,0.0219441660227139,0.0064694773959586,0.0222864185961934,53.03646965897166,0.0219441660227139,0.0064694773959586,0.0222864185961934,53.03646965897166,181.88517819165023,181.6032801463111,285.0837302949268,25.38037510002838,2.6515289190862147e-06,1.4649141633961475e-07,2.731811320859605e-06,82.79189776725899,66.20833171906169,65.26487577005376,353.3026984885216,86.02556740992293,0.36456154185670053,0.3589629695534135,1.2365757711739587,65.93396259857337,264.83339308458676,261.05956834509897,1413.211147256829,86.02556740992293,1.4582465319883897,1.4358522371766684,4.946304321271761,65.93396259857336,60.0,55.5,69.0,10.47318038100425,4146.5,4001.0,4185.0,2.0465221519721326
INTEL,Intel CPU,CPU,CPU package RAPL,8000000,1T,1,5,32000004.0,0.2499999375000078,0.0016458710217755,0.0016257883642495,0.0016534023508137,0.7650886004686066,0.0833924401349072,0.0729459757118927,0.0852603042016806,6.143899735787926,0.0838333667790893,0.0734252470686767,0.0856959554621848,6.0716888463326155,51.06867490938707,43.98060395644987,51.32808814450775,6.452245653127337,0.0001355784588377051,0.00012005966757934364,0.0001403797295690886,6.110046014972779,4.8606475806165665,4.838507091793421,4.920689049028209,0.7663270493778727,0.0959319452345811,0.09383028919385804,0.10967018977985547,6.657764449542279,19.442595183114452,19.35403320568138,19.682761116802503,0.766327049377875,0.38372787687028165,0.37532125060573307,0.4386808687896254,6.657764449542284,92.0,70.0,94.0,11.436135274518975,1363.5,1358.5,1445.5,2.7088068928436018
INTEL,Intel CPU,CPU,CPU package RAPL,8000000,2T,2,5,32000004.0,0.2499999375000078,0.0008833936170212,0.0008759434706397,0.0008892511091393,0.5854569194073287,0.0596880574057843,0.0567335570918822,0.0603204361702127,2.486800299382549,0.0603110661700262,0.0573345084745762,0.0609377952127659,2.467577190102634,67.56508712408774,64.11839224923963,68.2501948393142,2.5305308276212717,5.228336415976434e-05,5.028865537210357e-05,5.3542867387521566e-05,2.4797618671685537,9.055984609642039,8.996332889304062,9.133008314061197,0.5861811735422555,0.1340301451865433,0.13262501911334887,0.1410100020177422,2.5469529667842568,36.2239474945539,35.985340553550266,36.532042389254244,0.5861811735422554,0.5361207147763352,0.5305002090784311,0.5640401490809884,2.5469529667842608,92.5,83.0,94.0,4.925987497742159,1607.5,1543.0,1683.5,3.274612673529732
INTEL,Intel CPU,CPU,CPU package RAPL,8000000,4T,4,5,32000004.0,0.2499999375000078,0.0005387305825242,0.0005368710455764,0.0005424970238095,0.4446668692571712,0.0468074038668098,0.0452274297297297,0.0480219943699731,2.54906830070788,0.0473999626745435,0.0458240802702702,0.0486065278820375,2.505862997793455,86.87843407128013,83.6740592462328,89.44298525694751,2.8625967510263024,2.521029929644836e-05,2.4510981094765007e-05,2.578388482484521e-05,2.1640978844395127,14.849721288359635,14.746622836421738,14.901155623714022,0.4444435818456913,0.17091311072846405,0.16659031148032016,0.17688378596366042,2.5610452543825164,59.39890000316169,58.98650609231163,59.60463739601357,0.44444358184568855,0.6836526138269884,0.666361412511613,0.7075353207384497,2.561045254382515,87.0,81.0,91.0,4.81123929311548,1915.0,1779.0,1924.0,3.3944012887819506
INTEL,Intel CPU,CPU,CPU package RAPL,8000000,8T,8,5,32000004.0,0.2499999375000078,0.0004597083906464,0.0004579552511415,0.0004614593290441,0.2992686980262051,0.0562434727189362,0.0540402851239669,0.0573532936073059,2.250942296962184,0.0568136380100871,0.0546428859044995,0.0579343757990867,2.209335069116353,122.40243205015474,117.31998370362273,125.2221462235932,2.3871382447158354,2.5855596327986864e-05,2.4888230983143405e-05,2.626524197772596e-05,2.1600021178611577,17.40233409433996,17.336303540708066,17.468953527793797,0.2992699505563973,0.14223870990289222,0.1394863049152059,0.14803769043128154,2.276700890548472,69.60935377969611,69.34523149913797,69.87583158013089,0.29926995055639777,0.5689549818502966,0.5579453591471459,0.592150909762835,2.276700890548464,88.0,83.0,91.0,3.2963067027203508,2459.5,2459.5,2460.0,0.011133930103369643
INTEL,Intel CPU,CPU,CPU package RAPL,8000000,10T,10,5,32000004.0,0.2499999375000078,0.0004302998285469,0.0004272839217354,0.0004324881414402,0.5154369622427817,0.0610045733730327,0.0505375510421097,0.0624422525773195,8.461956485784906,0.061560176307954,0.0511139040833687,0.0630050403780068,8.373624045981543,142.60863770972884,118.37243779896713,144.96408564550143,8.152736946588094,2.6286141079033644e-05,2.1593883004175585e-05,2.691157820329632e-05,8.75567849211051,18.591685306999953,18.497614693803477,18.72291137824297,0.5155124304037729,0.13113769276085832,0.1281183600814841,0.15829811368054053,9.487706857064005,74.36675981968745,73.99047727283092,74.8916642358856,0.515512430403776,0.5245509021811424,0.5124735684443126,0.6331926130202955,9.487706857063998,90.0,63.0,93.0,14.90573636237064,2739.5,2600.0,2740.0,2.3027464147704424
INTEL,Intel CPU,CPU,CPU package RAPL,8000000,16T,16,5,32000004.0,0.2499999375000078,0.0004301337907375,0.0004282632139812,0.0004321208530805,0.31944350197721744,0.0521647459262435,0.0470652347770154,0.0544195231660231,5.354913410649856,0.0528062088336192,0.0477225310891938,0.055075303088803,5.290002160134326,121.38087668474046,109.36467844089807,126.46050029857406,5.4525615875249525,2.242530439553162e-05,2.0244347846588052e-05,2.3419783813375614e-05,5.299635117852711,18.598861964049227,18.513337051358818,18.68009845074199,0.31936563601143664,0.1533602600367558,0.14700604736270106,0.16997682127587835,5.54480634955191,74.3954664550612,74.05336671877463,74.72041248306874,0.31936563601143875,0.6134411935073024,0.5880243364568699,0.6799074550803559,5.544806349551909,85.0,72.0,87.0,7.656218590091021,3353.5,3216.0,3422.0,2.2617030527753803
INTEL,Intel CPU,CPU,CPU package RAPL,8000000,20T,20,5,32000004.0,0.2499999375000078,0.0004587639396709,0.0004576587699316,0.0004637362586605,0.5357722300083797,0.0572232738041002,0.0545150101616628,0.0581902852914389,2.466200326510596,0.057987123690205,0.0552764591224018,0.0589665965391621,2.440887838303471,125.07617194961722,117.55243062666248,127.03496856724328,2.9633919315328954,2.6241380202022187e-05,2.5280586853208646e-05,2.6649587263280192e-05,1.980664712421688,17.438160038774843,17.25118286654565,17.48027029219969,0.5329161961463688,0.13980323858064161,0.13747997556521654,0.1467485556047081,2.530821067661145,69.75265759326159,69.00474871736763,69.92109864907124,0.5329161961463684,0.5592130941258225,0.5499200397408589,0.5869943691674063,2.530821067661148,86.0,77.0,89.0,5.338331908089482,3688.5,3671.5,3726.0,0.5465830815826469
3090,RTX 3090,GPU,GPU board NVML,16000000,gpu_resident,-1,5,64000004.0,0.2499999687500019,7.689482427341227e-05,7.687676447075103e-05,7.691327039913865e-05,0.019364516787987316,0.0265895533861173,0.0262709694779734,0.0266429340304474,0.5667303663689198,0.0265895533861173,0.0262709694779734,0.0266429340304474,0.5667303663689198,345.8734590417281,341.684576519821,346.4855394948482,0.5625609979071472,2.0441188330470002e-06,2.0198749601557932e-06,2.0487037303993686e-06,0.5716791961339149,208.0764102289818,208.026507219997,208.12529130420742,0.019364673772678347,0.6017400430784887,0.6005344224369316,0.609037249783074,0.5697796833547427,832.3057449541388,832.1061328932482,832.5012692794818,0.01936467377267687,2.4069604731839953,2.4021379900149564,2.4361493036509403,0.5697796833547414,64.0,62.5,65.0,1.39972956338015,1950.0,1950.0,1950.0,0.0
5060ti,RTX 5060 Ti,GPU,GPU board NVML,16000000,gpu_resident,-1,5,64000004.0,0.2499999687500019,0.0001578432249814,0.0001577877322487,0.0001578581036144,0.020812796285131222,0.0134059067972692,0.0126077238862703,0.013697242206235,3.1899011704894185,0.0134059067972692,0.0126077238862703,0.013697242206235,3.1899011704894185,84.92620203214521,79.9029411693599,86.80232098027301,3.184873777067994,2.1161634512469065e-06,1.989344160832357e-06,2.1613909886528232e-06,3.1957542559209995,101.3663969542273,101.35684284592192,101.40204673694981,0.020814206053298347,1.1935036728182549,1.1681182795115341,1.2690632460172973,3.2638084470493656,405.46563850011086,405.4274220621123,405.6082376488258,0.0208142060532977,4.774015288024894,4.6724737021053135,5.076253618600852,3.2638084470493616,54.0,52.0,55.0,2.4234953179192007,2790.0,2790.0,2790.0,0.0
AMD,AMD CPU,CPU,CPU package RAPL,16000000,1T,1,5,64000004.0,0.2499999687500019,0.0034272525597269,0.0034010219594594,0.003438018771331,0.5012245581531957,0.2435658513513513,0.2355827389078498,0.2457316006825938,1.6599889008607922,0.2435658513513513,0.2355827389078498,0.2457316006825938,1.6599889008607922,71.55691068204548,68.69721209506575,71.62254559424852,1.8982532157755936,0.0008283728090203698,0.0008074015449494021,0.0008442075594474143,1.5950818577753976,4.6684621927235375,4.65384282756715,4.704468007181946,0.501862621735288,0.06569064961787072,0.06511168671654426,0.06791668640145378,1.6776781464734576,18.673851105125394,18.61537363719016,18.817874380961932,0.5018626217352821,0.2627626313168097,0.2604467794220224,0.27166677956416047,1.6776781464734638,53.0,51.0,53.0,1.706922120228847,1833.0,1809.5,1834.0,0.6578195727968751
AMD,AMD CPU,CPU,CPU package RAPL,16000000,2T,2,5,64000004.0,0.2499999687500019,0.0020083173652694,0.0019968966202783,0.0020169660678642,0.36019518633834935,0.1565199760479041,0.1534594361277445,0.1638448320079523,2.4442077766200816,0.1565199760479041,0.1534594361277445,0.1638448320079523,2.4442077766200816,77.99917477476532,76.12519630642979,82.22731593003965,2.8643706713248145,0.00031464420374651813,0.00030952247546323417,0.00032718119128674573,2.0881067926064163,7.966867825122711,7.9327060851066635,8.012432309976138,0.36072618043288124,0.10222336729148924,0.097653363880427,0.10426207344252911,2.3930160699070924,31.867475283925007,31.730828306779944,32.04973324612096,0.36072618043288424,0.4088935202776438,0.39061350434839304,0.4170483459011564,2.3930160699070875,52.0,51.0,54.0,2.09855386017305,1855.0,1835.0,1874.0,0.7631452932944279
AMD,AMD CPU,CPU,CPU package RAPL,16000000,4T,4,5,64000004.0,0.2499999687500019,0.0007320166795965,0.0007021794961511,0.0007550385496183,2.8838387826230476,0.0674676875,0.062674455913226,0.074875204961832,7.217019079144774,0.0674676875,0.062674455913226,0.074875204961832,7.217019079144774,91.07190450312204,89.24739073115926,100.04064018618251,5.634746213470261,5.071347908912104e-05,4.400871787469336e-05,5.653366615675457e-05,9.319863712657508,21.857424080581705,21.190969663851728,22.786195107806176,2.9257602569446686,0.2371505470674388,0.21368888416607443,0.2552874016513571,7.229454360367963,87.42970725103953,84.76388925089239,91.14479182432297,2.925760256944674,0.948602306845036,0.8547556435087466,1.0211497342491374,7.22945436036796,54.0,53.0,55.0,1.5551301608440067,1944.0,1915.0,1955.0,0.7720480865950867
AMD,AMD CPU,CPU,CPU package RAPL,16000000,8T,8,5,64000004.0,0.2499999687500019,0.0002017037405491,0.0001863378205128,0.0002098967666948,4.992557337164015,0.0266837115996816,0.0251017545787545,0.0281630919273034,4.719924748558138,0.0266837115996816,0.0251017545787545,0.0281630919273034,4.719924748558138,134.04416245207392,132.20331900081803,134.81839437665317,0.7816777744890704,5.382204441389187e-06,4.677406239252311e-06,5.911341935669407e-06,9.680624534884718,79.32425524902537,76.22794410770875,85.86554761651793,5.022292431439346,0.5996166965090014,0.568119403980939,0.637405602457049,4.687263265196398,317.2970606582316,304.91181454480943,343.4622333988482,5.022292431439346,2.398467085844372,2.2724778999834756,2.549622728531017,4.687263265196397,61.0,59.0,63.0,2.43953897601831,2093.5,2068.5,2119.0,0.9838229795180293
AMD,AMD CPU,CPU,CPU package RAPL,16000000,10T,10,5,64000004.0,0.2499999687500019,0.0002047739726027,0.0002014292237442,0.0002185058063102,3.9121580345603464,0.0285077625935666,0.0275786199126464,0.0325307129067245,6.876749058679496,0.0285077625935666,0.0275786199126464,0.0325307129067245,6.876749058679496,140.04294647859558,137.31614522610528,149.86874396427095,3.554443291286839,5.798937127526214e-06,5.555140000940701e-06,7.054934296768893e-06,10.616044140984869,78.13492504266158,73.2245942118615,79.43236191149104,3.864222313283352,0.5612506049005316,0.49184286387688125,0.5801595239601918,6.633705624172018,312.5397392381113,292.89841345974537,317.72948736214767,3.864222313283366,2.245002700227446,1.9673717014289722,2.320638385920547,6.633705624172014,60.0,58.0,61.0,2.180335252576137,2174.0,2159.0,2180.5,0.38252930522302897
AMD,AMD CPU,CPU,CPU package RAPL,16000000,16T,16,5,64000004.0,0.2499999687500019,0.0001201863269185,0.0001200587054098,0.0001216294160495,0.5441935702662557,0.022058575147232,0.0219804673990077,0.0221680058273643,0.4030139932216585,0.022058575147232,0.0219804673990077,0.0221680058273643,0.4030139932216585,183.02017174190183,182.21087327806,183.92096786396365,0.39050430044572765,2.6511354461730844e-06,2.638946460227178e-06,2.6962816037642327e-06,0.8583234442861666,133.12661606548488,131.54711680510263,133.2681286657783,0.5403702428814033,0.7253414553390927,0.721760862235498,0.7279189613921637,0.4028512407569933,532.5065308252517,526.188532993973,533.0725812971817,0.5403702428814062,2.901366184027121,2.8870438098224454,2.9116762095281588,0.40285124075699724,64.0,63.5,65.5,1.2757512985368775,2425.5,2382.0,2431.5,1.0215990634948526
AMD,AMD CPU,CPU,CPU package RAPL,16000000,20T,20,5,64000004.0,0.2499999687500019,0.0001255668597485,0.0001196403239153,0.0001289731732243,2.773760338950817,0.0235109382548681,0.0228765129447925,0.0237831424374041,1.5140959573209862,0.0235109382548681,0.0228765129447925,0.0237831424374041,1.5140959573209862,186.98655309217585,184.36311702807893,191.18870668356303,1.322310787880696,2.9521946864046665e-06,2.7369534187675283e-06,3.0673873493975196e-06,4.257277449634408,127.42214810537327,124.05679879004032,133.7341665116795,2.809787915253718,0.6805342613958459,0.6727453717317257,0.6994072496368885,1.5269803359053618,509.68865613257105,496.2272571885645,534.9367329138054,2.8097879152537177,2.7221373858505356,2.6909818232996097,2.7976293482512005,1.5269803359053595,65.5,64.5,66.5,1.206976206171137,2537.5,2515.0,2539.0,0.4915509085019582
AMD,AMD CPU,CPU,CPU package RAPL,16000000,32T,32,5,64000004.0,0.2499999687500019,9.750555344598444e-05,9.734232305936072e-05,9.814874396135266e-05,0.3360166174402935,0.0223916994480921,0.0223592881146762,0.0224865348736253,0.2474390003249186,0.0223916994480921,0.0223592881146762,0.0224865348736253,0.2474390003249186,230.04374871754032,228.79116810093865,230.23114132364577,0.27709062862477335,2.1808245355421906e-06,2.1778813809810557e-06,2.2041904527616957e-06,0.5431602515349978,164.09320735627213,163.01786812778988,164.3683702744897,0.3351264547873502,0.714550453711243,0.7115368859595426,0.7155862439778622,0.247230210921501,656.3729114716974,652.0715540200987,657.473563282149,0.3351264547873494,2.858202172120221,2.846147899606635,2.8623453337045937,0.24723021092150463,63.0,63.0,64.0,0.7064985710899809,2944.5,2942.0,2975.5,0.5157601655009025
AMD,AMD CPU,CPU,CPU package RAPL,16000000,64T,64,5,64000004.0,0.2499999687500019,0.000135100212089,3.545908422528468e-05,0.0001365758415573,38.73361645581739,0.028805914766702,0.0101140245870806,0.0290674770177098,33.39396192726508,0.028805914766702,0.0101140245870806,0.0290674770177098,33.39396192726508,213.1507972438776,212.92527963115884,285.1899647996205,14.153552359066717,3.891685194399097e-06,3.5863404968989113e-07,3.969915135641193e-06,49.64897323698216,118.43059868373616,117.15101893248995,451.22425887668413,80.61291504905968,0.555441447688205,0.5504433353555852,1.5819616476351062,60.48735188663085,473.72245395024765,468.6041343054729,1804.89726111888,80.61291504905964,2.221766068473561,2.2017736166440254,6.327847381521297,60.48735188663085,62.0,60.5,71.0,6.773484462238288,4147.0,3827.0,4149.5,3.459890827214475
INTEL,Intel CPU,CPU,CPU package RAPL,16000000,1T,1,5,64000004.0,0.2499999687500019,0.003740904494382,0.0037343684210526,0.0037689700374531,0.36475848740686645,0.190956257518797,0.1835688202247191,0.1952529082397003,2.523688304508794,0.1922902894736842,0.1847607883895131,0.1965816292134831,2.548219612438811,50.7020661831689,49.09652885552652,52.15641706464307,2.4183958684687936,0.0007131010178805836,0.0006872974759657692,0.000730422481975051,2.6001833661328377,4.277040224905076,4.2451913496271985,4.284526108832644,0.36327935030512837,0.08378881743859597,0.08194499710272055,0.08716076608442169,2.528071271213018,17.108163038140553,16.980767521104603,17.138106577593764,0.36327935030512576,0.3351553116487952,0.3277800293833833,0.34864310791807257,2.5280712712130193,91.0,85.0,95.0,4.285346839039309,1364.5,1359.0,1388.0,0.8346628104290377
INTEL,Intel CPU,CPU,CPU package RAPL,16000000,2T,2,5,64000004.0,0.2499999687500019,0.0020394061224489,0.0020345867346938,0.0020617433264887,0.5319139622537595,0.1362315616016427,0.1323907305327868,0.1388627204081632,1.9924291651755757,0.1379394907597536,0.1340466885245901,0.1405650948979591,1.9952160617095114,66.01030602922299,64.76175420998922,68.22711878341656,2.0948315318330892,0.0002784646501049457,0.00027061207091764366,0.00028319748218031787,2.094795573602403,7.845420695701034,7.760422354439809,7.864004383380569,0.5293042910743262,0.11744707916353407,0.11522170207360725,0.12085437504280234,1.9928835776026246,31.38168670551473,31.041693297970657,31.45602146552471,0.5293042910743262,0.46978837537767953,0.4608868659052836,0.4834175605984007,1.9928835776026266,91.0,86.0,93.5,3.384672737397759,1634.0,1519.0,1682.0,4.668109145180132
INTEL,Intel CPU,CPU,CPU package RAPL,16000000,4T,4,5,64000004.0,0.2499999687500019,0.0013606474184782,0.0013424564926372,0.0013675532060027,0.7489724450703774,0.1151314966532797,0.0965711358695652,0.1163391630286493,7.469772629544563,0.1166495147255689,0.098055890625,0.1178627135061391,7.384790657013973,84.47551486110957,70.85577213558801,85.79198969743271,7.600495508326263,0.0001545590251892334,0.0001313992667204314,0.00015909999538350013,7.4814560380089405,11.759107306354949,11.699726877001968,11.91844881957304,0.7513892871480841,0.13897151922018566,0.13752891617468396,0.16568096518622874,8.122015520427597,47.03643510497382,46.79891335787168,47.67380123751695,0.7513892871480851,0.5558861463665066,0.5501157334631982,0.6627239435854029,8.122015520427611,86.0,57.0,89.0,16.45291176652496,1899.5,1779.0,1922.5,3.0347573014181917
INTEL,Intel CPU,CPU,CPU package RAPL,16000000,8T,8,5,64000004.0,0.2499999687500019,0.0012906685971685,0.0012897078507078,0.0012930947164948,0.1166057530340675,0.1515380431145431,0.1444347268041237,0.1545798564993565,2.507877123569081,0.1531264369369369,0.1460441842783505,0.1560986821106821,2.4626032075953126,117.47838782755406,111.67276787944658,119.56172208426212,2.55551963985997,0.00019558539352430702,0.0001867677821087822,0.00019977098907745044,2.459729355280692,12.396674897879429,12.373416112449442,12.405909595121948,0.11656428851228845,0.10558404128200387,0.10350636468644028,0.11077667645467648,2.568136728929125,49.58670578985555,49.49367063650621,49.623644583442974,0.11656428851229048,0.42233621792003934,0.4140255104989467,0.4431067612070476,2.568136728929125,88.0,83.0,89.0,2.8718307546936224,2459.0,2319.5,2459.5,2.5889440900979075
INTEL,Intel CPU,CPU,CPU package RAPL,16000000,10T,10,5,64000004.0,0.2499999687500019,0.0013163149606299,0.0013146867627785,0.0013189408672798,0.14276045060135556,0.175891656167979,0.1565558944954128,0.1806433081471747,5.461795212057502,0.1775757099737532,0.1582611022280471,0.1823401097240473,5.4058629959098115,133.73105503472232,119.05716021931612,137.2400031248618,5.407135723909021,0.00023152881846388117,0.000205833452468945,0.000238060819248176,5.554733817879638,12.155144838848809,12.130944909606596,12.170198600147994,0.14271977579717018,0.09096508241823464,0.0885723316524097,0.1021999142962248,5.82044719717795,48.620585432968035,48.52378570389922,48.680800485691655,0.14271977579716327,0.36386037515548264,0.35428937089580737,0.40879970828485956,5.820447197177956,88.0,70.0,91.0,9.87546031877325,2739.0,2669.5,2740.0,1.146686722982424
INTEL,Intel CPU,CPU,CPU package RAPL,16000000,16T,16,5,64000004.0,0.2499999687500019,0.0013282476821192,0.0013264146825396,0.0013326185086551,0.17250719259249836,0.1672605079575596,0.1568092363515313,0.1741398386243386,3.7718181425212496,0.1691567035809018,0.1587228362183755,0.1760829583333333,3.736203071143444,125.8802550454336,117.55463441026404,131.22755987256875,3.9535174958436134,0.00022214447040524622,0.00020896689069012275,0.00023098163876639926,3.6110458690356797,12.045945357474467,12.006436122628564,12.062591895745486,0.17228203646310072,0.09565915586038883,0.09188017587701935,0.10203479955818148,3.855424063296368,48.183787452870924,48.025750493732694,48.25037361427827,0.17228203646309956,0.38263667127113626,0.36752074944816826,0.40813924925012884,3.8554240632963594,86.0,77.0,90.0,5.831334706317907,3519.5,3482.5,3561.5,0.8975769931575873
INTEL,Intel CPU,CPU,CPU package RAPL,16000000,20T,20,5,64000004.0,0.2499999687500019,0.0013473089812332,0.0013444517426273,0.0013496053691275,0.14815672167159974,0.1849413270777479,0.1759777543507363,0.1924114852348993,3.7214621518544426,0.1872484095174262,0.1781860749665328,0.1947280892617449,3.7019365468250305,137.18191535158408,130.77534971651232,142.52048444396718,3.659774751529078,0.0002493242124996529,0.00023684049699953467,0.0002596795735548168,3.7851600287865406,11.875523152347062,11.855316647372085,11.900761100382175,0.14817239275803584,0.08651391905106057,0.08315511405396056,0.09092057720040485,3.718837704298693,47.5020985471502,47.42127251714703,47.60305035190963,0.14817239275804514,0.3460557194612045,0.3326204977934019,0.36368235426191087,3.7188377042986893,89.0,82.0,93.0,5.480950312357393,3974.5,3965.5,3999.0,0.3167909884148744
3090,RTX 3090,GPU,GPU board NVML,32000000,gpu_resident,-1,5,128000004.0,0.2499999843750004,0.0001487715977242,0.0001487201231226,0.0001488180273768,0.024583264103822774,0.0519617843866171,0.0515170336209461,0.0524100847835787,0.6640537611884987,0.0519617843866171,0.0515170336209461,0.0524100847835787,0.6640537611884987,349.1911209809008,346.2395075636053,352.27600373534426,0.6653308566580746,7.727762971647691e-06,7.665195402159927e-06,7.797132050113786e-06,0.6629209558960539,215.09481305244262,215.02770574278318,215.16926107988928,0.024584106336394893,0.6158371845336721,0.6105694950149432,0.6211537573271543,0.6624873536290922,860.3793059834754,860.1108767280608,860.6770981118741,0.024584106336397304,2.463348892093989,2.442278132702151,2.484615184597061,0.6624873536290903,64.0,63.0,65.0,1.3113793519342878,1950.0,1950.0,1950.0,0.0
5060ti,RTX 5060 Ti,GPU,GPU board NVML,32000000,gpu_resident,-1,5,128000004.0,0.2499999843750004,0.0003079890601908,0.00030797253125,0.000308092552048,0.020141629407503053,0.0257298337438423,0.0255780720665229,0.0258104404065291,0.33477277443430875,0.0257298337438423,0.0255780720665229,0.0258104404065291,0.33477277443430875,83.5439007821953,83.02151921942462,83.77856404812434,0.3406501233127283,7.924159228116046e-06,7.880371713523449e-06,7.952004454330369e-06,0.3308178503925842,103.899791051591,103.86488990819383,103.90536737194805,0.020140255702910427,1.243692412418261,1.2398083293419964,1.2510715786856448,0.33562139024272514,415.59919018131257,415.4595855989986,415.62149546413485,0.020140255702910444,4.974769960596156,4.959233627320078,5.004286627510485,0.33562139024273535,54.0,53.0,54.0,0.831252036245275,2790.0,2790.0,2790.0,0.0
AMD,AMD CPU,CPU,CPU package RAPL,32000000,1T,1,5,128000004.0,0.2499999843750004,0.0068613027210884,0.0068077905405405,0.0068870714285714,0.5171921750312685,0.4913248809523809,0.4674649628378379,0.4988831462585034,2.981513474501582,0.4913248809523809,0.4674649628378379,0.4988831462585034,2.981513474501582,71.49237699183628,68.64921537945716,72.3486646272902,2.4276060715648304,0.0033711287426170054,0.003182403552041549,0.0034358438627927457,3.49164636449101,4.663837218790411,4.646386977670395,4.700496998172829,0.5177697296121693,0.06513001934274408,0.0641432753140527,0.06845432608625407,3.005893466486987,18.655350041120982,18.58554907227836,18.801989167815602,0.5177697296121704,0.26052009365348167,0.2565731172920301,0.2738173214585984,3.0058934664869965,53.0,51.0,59.0,5.840476060633779,1833.5,1794.0,1834.0,1.0109037777322951
AMD,AMD CPU,CPU,CPU package RAPL,32000000,2T,2,5,128000004.0,0.2499999843750004,0.004012402,0.0039924581673306,0.0040156374501992,0.25388783801308623,0.3152640179282868,0.3061106175298804,0.3289278605577689,3.0525478833101536,0.3152640179282868,0.3061106175298804,0.3289278605577689,3.0525478833101536,78.55004880537976,76.41568219109121,82.22764920449396,3.105110321858943,0.0012659859970931004,0.0012241808735957472,0.0013161077954495079,3.024197848235156,7.975272417868399,7.968846639382897,8.015111908209558,0.25419146472078463,0.10150222410500094,0.09728576638578754,0.1045373703735591,3.0568312682988314,31.901091665291762,31.875388549743313,32.06044963661627,0.25419146472078114,0.4060089217955606,0.38914308986459245,0.4181495076285798,3.0568312682988297,53.0,51.0,55.0,2.9832808114796032,1869.5,1835.0,1870.0,0.8210995767052679
AMD,AMD CPU,CPU,CPU package RAPL,32000000,4T,4,5,128000004.0,0.2499999843750004,0.00270875606469,0.0026941849865951,0.0027280283783783,0.4501594027931661,0.2424830080645161,0.2349722749326145,0.2460342608108108,2.0593171568456916,0.2424830080645161,0.2349722749326145,0.2460342608108108,2.0593171568456916,89.53410843456933,86.7288604135004,90.74834349132506,1.8162332078391952,0.0006561130653815196,0.0006364825747577255,0.0006711884455452199,2.3691240814000545,11.813540324703323,11.730082888295566,11.877432009760202,0.44946994795729345,0.1319680057395442,0.13006318264189454,0.1361862756326336,2.070855089789416,47.25416425219847,46.92033448570308,47.5097310083989,0.4494699479572914,0.5278720559501792,0.5202527630833748,0.5447451365771043,2.070855089789414,52.0,51.0,53.5,2.039731099576579,1948.5,1915.0,1952.5,0.7933998922779552
AMD,AMD CPU,CPU,CPU package RAPL,32000000,8T,8,5,128000004.0,0.2499999843750004,0.0008772421465968,0.0008609407216494,0.0009255630841121,2.751952426420208,0.1029539803664921,0.099828054964539,0.1131477738317757,6.2744021661871425,0.1029539803664921,0.099828054964539,0.1131477738317757,6.2744021661871425,117.3056785856826,112.31928183060629,129.2030747489861,5.381072031876881,9.031557073738633e-05,8.658069486955897e-05,0.00010472540250815667,8.183017359544012,36.47795437570091,34.573547226873096,37.16864378153009,2.694484536309354,0.3108184733226193,0.2828159840561823,0.32055116180884285,6.166490320129251,145.91182662229252,138.29419755087943,148.6745844182816,2.6944845363093615,1.2432739709950982,1.1312640069287276,1.2822047273731645,6.166490320129249,55.5,53.5,57.5,2.880934746118709,2064.5,2062.0,2098.0,0.8878481690926279
AMD,AMD CPU,CPU,CPU package RAPL,32000000,10T,10,5,128000004.0,0.2499999843750004,0.0011428409350057,0.0011405381548974,0.0011580219146482,0.618503190084339,0.1331309066059225,0.1245865523321956,0.1353840860889395,3.9553154428429096,0.1331309066059225,0.1245865523321956,0.1353840860889395,3.9553154428429096,116.6538785557734,108.3541902326604,118.66706355361548,4.303004744317505,0.00015184087858013693,0.0001423671368793624,0.00015472247553077582,3.7476032112613273,28.000396222979532,27.633327655739055,28.05692984719011,0.6153728477538337,0.2403649146228862,0.2363645530611172,0.25684954275543087,4.005485163700102,112.0015918920174,110.53331753128836,112.22772640299311,0.6153728477538286,0.9614597185827753,0.9454582713356089,1.0273982352341111,4.005485163700094,54.0,51.0,54.0,2.668327476175651,2177.5,2140.0,2182.5,0.8246904376786277
AMD,AMD CPU,CPU,CPU package RAPL,32000000,16T,16,5,128000004.0,0.2499999843750004,0.0006795687669376,0.0006660565535595,0.0007089950035688,2.3316765743051135,0.0938094071856287,0.092053894843962,0.0994187319771591,3.0868469485517367,0.0938094071856287,0.092053894843962,0.0994187319771591,3.0868469485517367,140.2248685698344,135.38216573504326,141.8764368064721,2.2029654895552793,6.425395364975012e-05,6.246128430320208e-05,7.048738423295149e-05,5.080954241386151,47.08868411390415,45.134308195297116,48.043966880871444,2.3050440131441623,0.34111716468561476,0.3218709227487615,0.34762243416470656,3.034823745821593,188.35474822778804,180.53724406476587,192.17587953447787,2.3050440131441614,1.3644687440217529,1.2874837714627791,1.3904898235644376,3.0348237458215936,56.0,55.0,57.0,1.2626906806902636,2379.5,2365.0,2386.0,0.3452145270054006
AMD,AMD CPU,CPU,CPU package RAPL,32000000,20T,20,5,128000004.0,0.2499999843750004,0.0014184262411347,0.0013628904761904,0.0014200361702127,1.7408501823057574,0.168899593877551,0.1615547407932011,0.1735324914893617,3.4289547394499666,0.168899593877551,0.1615547407932011,0.1735324914893617,3.4289547394499666,122.22535565565954,113.86243578039516,123.9185717902854,4.1101753007039505,0.00023019164792814062,0.00022923061667226729,0.00024614303961799464,3.5462942596092764,22.560213617030186,22.53463656155102,23.479508851986065,1.7801944895492552,0.18946166929921332,0.18440350118503163,0.19807527060417096,3.446455152688605,90.24086010817432,90.1385518798634,93.91804127782167,1.780194489549265,0.7578467245622721,0.7376140508410032,0.792301131935503,3.4464551526886065,56.0,55.0,57.0,1.7857142857142856,2550.0,2509.0,2552.0,0.7337221381177826
AMD,AMD CPU,CPU,CPU package RAPL,32000000,32T,32,5,128000004.0,0.2499999843750004,0.0005241095461658,0.0005105318987341,0.0005562619444444,3.2433700075656193,0.0899027944705268,0.0878013460759493,0.0942032391666666,2.715322085602217,0.0899027944705268,0.0878013460759493,0.0942032391666666,2.715322085602217,171.3972062534755,169.3545881433466,171.83058847367823,0.5716911983211886,4.7118912808985e-05,4.482538792356422e-05,5.2401676991810825e-05,5.997914317960439,61.055936176130864,57.526852806660926,62.679724967913394,3.181838017830553,0.3559399814929078,0.3396910688324087,0.36445909351229744,2.6795948103333287,244.223759968508,230.10742560835737,250.7189155415853,3.181838017830549,1.423760014956629,1.3587643602524044,1.4578364651639661,2.679594810333337,57.0,55.0,58.0,2.014444213956074,2976.5,2962.5,2980.0,0.2331117409957408
AMD,AMD CPU,CPU,CPU package RAPL,32000000,64T,64,5,128000004.0,0.2499999843750004,0.0006126756674757,0.0004633690422151,0.0006380725602027,11.989701592191878,0.1077998067354369,0.0885655944167045,0.1115864049429657,8.761248675557566,0.1077998067354369,0.0885655944167045,0.1115864049429657,8.761248675557566,175.91218522617993,174.80109085108262,191.3378017111829,3.9294408835837853,6.604631854538526e-05,4.1038554658079376e-05,7.120022308577335e-05,19.285760316742774,52.22991657534562,50.151034530985605,69.05942366591103,14.157517413606369,0.296846534043745,0.2867732768732527,0.3613141108661088,9.83857442061618,208.91967935886203,200.60415066170145,276.2377119285006,14.15751741360637,1.1873862103866157,1.1470931791863321,1.445256533792966,9.838574420616187,57.0,56.0,59.0,2.1486752129677,4162.5,4145.5,4171.5,0.2548438663574775
INTEL,Intel CPU,CPU,CPU package RAPL,32000000,1T,1,5,128000004.0,0.2499999843750004,0.0078355507812499,0.0077897480620155,0.0079228228346456,0.6357148178570927,0.4000200813953488,0.3842891356589147,0.4093079173228346,2.8024825055230798,0.4031388488372093,0.3872023023255814,0.4119819842519685,2.7690028282021184,51.279168154091465,49.16767090269845,51.743712444886775,2.4248012704302786,0.003116055653816701,0.003005123166939391,0.0032428741137665875,3.1248133185683526,4.083950177002806,4.038964352461304,4.107963280101308,0.6333692432505935,0.07999598142267685,0.07818074766132742,0.08327063148723099,2.817448236087187,16.3358017289988,16.155858419586338,16.431854147396084,0.6333692432505854,0.31998394568970334,0.3127230101904972,0.33308254676658244,2.8174482360871833,93.0,85.0,94.0,4.622431085823622,1362.0,1359.5,1364.0,0.15707754744956623
INTEL,Intel CPU,CPU,CPU package RAPL,32000000,2T,2,5,128000004.0,0.2499999843750004,0.0043583493449781,0.0043403896103896,0.0043999539473684,0.5521252130354077,0.2855206731601731,0.2321778008658008,0.2913813580786025,8.947921374639641,0.2891034567099567,0.2355191601731601,0.2951590895196506,8.891639592022871,65.44448110237397,53.325905186051045,67.07340945181772,8.878521600071078,0.0012528660928711416,0.0010092573009388682,0.0012699417511207063,9.138894497789146,7.342229010823086,7.272803166301118,7.372609805212309,0.5506475070303826,0.11207594408426058,0.10982170997832928,0.13782540312067154,10.137549402179461,29.368917878849654,29.09121448340532,29.490441064001747,0.550647507030389,0.44830380435602923,0.4392868673687455,0.551301646939038,10.137549402179463,89.0,56.0,92.0,18.22629625766805,1626.5,1566.5,1679.0,2.9484461605661276
INTEL,Intel CPU,CPU,CPU package RAPL,32000000,4T,4,5,128000004.0,0.2499999843750004,0.0030085677710843,0.0029899656716417,0.0030117364457831,0.29235164676370445,0.2542132575301205,0.2375231686567164,0.2571715240963855,3.787523249828665,0.2575388418674699,0.2408201313432836,0.2604916927710843,3.738361938649975,84.32594036242953,79.43318747833995,85.49197806867011,3.6065920174661086,0.000765170802478209,0.0007101861205031438,0.0007737179590370148,3.943675141283488,10.636289900980715,10.625099365784473,10.702463678263493,0.2933080837090671,0.12587856082292828,0.12443056871260248,0.13472369529664047,3.841411039402488,42.545162262995426,42.50040011941282,42.80985738866997,0.2933080837090603,0.5035142747613544,0.49772230595805306,0.5388948148674867,3.841411039402486,88.0,79.0,90.0,6.317497752820224,1922.5,1899.5,1924.0,0.6405926560987181
INTEL,Intel CPU,CPU,CPU package RAPL,32000000,8T,8,5,128000004.0,0.2499999843750004,0.0029181511627906,0.0029158183139534,0.0029195218023255,0.05764671648970781,0.3305836584302325,0.3269023953488372,0.3404625450581395,1.5310393539904275,0.3341013691860465,0.330249625,0.3439209898255814,1.5264073134818672,113.36403992222677,112.08856121186896,116.74488770177848,1.5415086170000192,0.0009648016692415314,0.0009539506051062417,0.0009939878231724662,1.549950801155422,10.965846940361619,10.960698760499373,10.97462034821125,0.057652060877778355,0.09679849013696298,0.09398977791972823,0.09788854243742336,1.5164618802063314,43.863390502908295,43.84279778217226,43.898484136500166,0.05765206087777617,0.3871939847474752,0.37595913517635815,0.39155419422182985,1.5164618802063357,85.0,82.0,87.0,2.2683235921782243,2459.0,2382.0,2459.5,1.3899828605135767
INTEL,Intel CPU,CPU,CPU package RAPL,32000000,10T,10,5,128000004.0,0.2499999843750004,0.0030050224550898,0.0030018413173652,0.0030075613772455,0.06922417788049737,0.3998145194610778,0.3304362709580838,0.4143233967065868,8.51629418483454,0.4037405508982036,0.334321371257485,0.4183282410179641,8.435886524923534,133.01304618613992,109.94780987294229,137.6404773253758,8.495647128650054,0.0012017652358098465,0.0009929684142051794,0.0012461030456238959,8.525801132670429,10.648838562187628,10.639849029218304,10.660123443196289,0.06924155248511439,0.08003711081611986,0.0772343518477707,0.09684166604113273,9.501538442286103,42.595356910960234,42.55939877683556,42.640496437816104,0.06924155248511796,0.3201484632737578,0.30893742669967134,0.3873666883749482,9.501538442286103,88.0,59.0,92.0,16.23486716319467,2739.0,2669.5,2739.5,1.1425950129703428
INTEL,Intel CPU,CPU,CPU package RAPL,32000000,16T,16,5,128000004.0,0.2499999843750004,0.0030900679012345,0.0030898676923076,0.0030927592592592,0.041350886355273994,0.3961130184615384,0.3330158132716049,0.3994010215384615,7.336511300827025,0.4004127892307692,0.337293674382716,0.4038255507692307,7.2600399533697555,128.09619284673548,107.68570888030014,129.23375816532862,7.350644212022944,0.0012239386464607163,0.001029937739975489,0.0012347304386559283,7.3071638599377415,10.35575916866287,10.346747456724087,10.3564301732614,0.04133919489490643,0.0807850222249313,0.08011997284518328,0.09609152996557875,8.067960630104436,41.42303926359135,41.38699241358329,41.42572328215322,0.041339194894902814,0.32314010909598134,0.32047991141072696,0.38436614388519824,8.067960630104434,89.0,66.0,90.0,12.093199102776357,3491.0,3416.5,3538.5,1.3480291588490578
INTEL,Intel CPU,CPU,CPU package RAPL,32000000,20T,20,5,128000004.0,0.2499999843750004,0.0030573799392097,0.003051159574468,0.0030619618902439,0.15005296601679757,0.4263591580547112,0.3933510957446808,0.4323784331306991,3.8626325020281813,0.4314899878419452,0.3983929346504559,0.4375994544072948,3.833975403756238,139.23390565356056,128.74682100394216,141.655520281815,3.849283069773378,0.0013049169126214011,0.001201093386270247,0.0013225178513301898,3.913786124043048,10.466477714991374,10.45081557087931,10.487815605507791,0.15008406219538495,0.07505409088900983,0.07400923947177324,0.08135225590110164,4.009170873111605,41.865913476585,41.80326489622122,41.951265043985146,0.15008406219537895,0.3002163823195626,0.29603697638940335,0.32540904394247117,4.009170873111609,91.0,80.0,92.0,5.73292329535002,3999.0,3997.5,3999.0,0.016775962018904567
3090,RTX 3090,GPU,GPU board NVML,64000000,gpu_resident,-1,5,256000004.0,0.2499999921875001,0.0002925112850248,0.0002924800657894,0.0002925818749634,0.013463506971693665,0.1034283625730994,0.1026599415204678,0.1040282246270839,0.5438213370806214,0.1034283625730994,0.1026599415204678,0.1040282246270839,0.5438213370806214,353.62212430792965,350.97972044616574,355.64964431641044,0.5465530142532691,3.0250734289870027e-05,3.0027478516043737e-05,3.042942966451686e-05,0.5425631906214055,218.79497399416192,218.74218629573676,218.81832810473702,0.013462228733672579,0.6187857702452472,0.6152176414566775,0.6234174503912027,0.5442303440073561,875.1799233260198,874.9687725257207,875.2733397712396,0.013462228733676694,2.4751431583292107,2.4608706427289158,2.493669879491993,0.5442303440073647,64.0,64.0,65.0,0.8505008656912515,1950.0,1950.0,1950.0,0.0
5060ti,RTX 5060 Ti,GPU,GPU board NVML,64000000,gpu_resident,-1,5,256000004.0,0.2499999921875001,0.0006085138339416,0.0006080331626243,0.0006085424692822,0.03613900784963496,0.0510550486618004,0.0505450121654501,0.0527866915422885,1.6883341679399058,0.0510550486618004,0.0505450121654501,0.0527866915422885,1.6883341679399058,83.90311594541261,83.05881788908093,86.81588771031224,1.7247285722308145,3.106664062597086e-05,3.0758729081135084e-05,3.2096059002931066e-05,1.6523670720792687,105.17427120012225,105.16932216003025,105.25741511165766,0.03615615894640145,1.2535488786613393,1.212426790353555,1.2661981124963904,1.6571345357237948,420.6970979472731,420.6773017862864,421.0296736038078,0.03615615894640817,5.014195671338969,4.849707312967571,5.064792608260327,1.6571345357237908,54.0,52.0,56.5,2.951704144671222,2790.0,2790.0,2790.0,0.0
AMD,AMD CPU,CPU,CPU package RAPL,64000000,1T,1,5,256000004.0,0.2499999921875001,0.0136037702702702,0.0135758243243243,0.013737331081081,0.5650022749268899,0.9701356013513514,0.9348385878378378,0.9766199391891892,2.0069685580691288,0.9701356013513514,0.9348385878378378,0.9766199391891892,2.0069685580691288,71.14238321876647,68.7743503504972,71.77717211683392,2.0494398528989834,0.013197501851794215,0.012691204440085898,0.013381377076544068,2.079021415766089,4.704578049209355,4.658837922901964,4.714262461788701,0.563895234573575,0.06597015810042549,0.06553214452403477,0.06846101544441359,2.023946180561185,18.818312784909686,18.63535227396261,18.857050436437618,0.563895234573557,0.26388064064797184,0.2621285862876573,0.2738440703352814,2.0239461805611865,52.0,52.0,53.5,1.2441225964127194,1810.0,1794.5,1850.0,1.1737576815729733
AMD,AMD CPU,CPU,CPU package RAPL,64000000,2T,2,5,256000004.0,0.2499999921875001,0.007964968503937,0.007947437007874,0.0079807301587301,0.1547622087745388,0.6273462440944881,0.6167981023622047,0.6301231377952756,0.8638199554775546,0.6273462440944881,0.6167981023622047,0.6301231377952756,0.8638199554775546,78.76239569306418,77.45925996976653,79.12586321609587,0.9102776811259851,0.00499637608108259,0.004907546816427876,0.005019030024529535,0.8628374358061179,8.035185445914252,8.019316243889108,8.052910508959226,0.15471071530146005,0.1020170274429197,0.10156744794982173,0.10376166650787949,0.8689258834764816,32.1407427880552,32.07726597797098,32.21164304245073,0.1547107153014548,0.4080681225238075,0.4062698044952181,0.4150466790017265,0.8689258834764777,53.5,52.0,54.0,1.707321628250465,1871.5,1869.5,1874.5,0.11236410431046753
AMD,AMD CPU,CPU,CPU package RAPL,64000000,4T,4,5,256000004.0,0.2499999921875001,0.0053949705882352,0.0053904086021505,0.0054217108108108,0.2494147548381421,0.4779265810810811,0.472119435483871,0.4868141586021505,1.293974264735381,0.4779265810810811,0.472119435483871,0.4868141586021505,1.293974264735381,88.54279083357471,87.23200912514702,90.30865893002418,1.4778194281736396,0.002591179711421142,0.0025544478946630885,0.002625413621505404,1.1785069651876474,11.862900446494491,11.804391866933418,11.872940202430526,0.2490756609710373,0.13391177961943548,0.13146700413104476,0.13555891621874658,1.2941912142526628,47.45160326884054,47.217568943282686,47.491762293839656,0.2490756609710371,0.5356471352167147,0.5258680329575548,0.5422356818198512,1.294191214252665,53.0,52.0,56.0,2.8294311358401307,1948.0,1914.0,1953.0,1.0273840269789487
AMD,AMD CPU,CPU,CPU package RAPL,64000000,8T,8,5,256000004.0,0.2499999921875001,0.0046495347222222,0.0046349259259259,0.0046634674418604,0.25191769018149945,0.5710911139534883,0.4993922546296296,0.5731876458333334,6.216075467320181,0.5710911139534883,0.4993922546296296,0.5731876458333334,6.216075467320181,122.33517020284684,107.28674776563292,123.28849046710752,6.214002452786536,0.0026485051442155204,0.002322736956314818,0.0026650558616508843,6.2558762312819,13.764817949227364,13.723693753176164,13.808203199539804,0.251775582388084,0.11206617899716154,0.11165627777436322,0.12815577015199225,6.43945212263906,55.05927351751173,54.894776728166406,55.23281452418464,0.25177558238807746,0.44826472999691874,0.4466251250544878,0.5126230966274405,6.4394521226390635,53.0,53.0,54.0,1.025697673230648,2097.5,2059.5,2100.0,0.8065833569445827
AMD,AMD CPU,CPU,CPU package RAPL,64000000,10T,10,5,256000004.0,0.2499999921875001,0.0044621311111111,0.0044500133333333,0.0044708794642857,0.20545240212080018,0.5168047666666666,0.4598973035714285,0.5523864933333333,6.524166419728974,0.5168047666666666,0.4598973035714285,0.5523864933333333,6.524166419728974,116.05828103805273,102.81600346375248,123.66117864999306,6.602204633628099,0.002301011207011333,0.0020561454102178663,0.0024648209572602307,6.431573019770109,14.342922116437673,14.314856732605987,14.381979155118744,0.20549487210135747,0.12383786514352971,0.11586090495043964,0.13916150084593812,6.730044072502733,57.371690258615985,57.25942871978107,57.5279184182224,0.20549487210135922,0.4953514760538522,0.46344363428437196,0.5566460207789403,6.7300440725027295,53.0,51.0,54.0,2.31083937998413,2147.0,2140.0,2170.5,0.6769848590883286
AMD,AMD CPU,CPU,CPU package RAPL,64000000,16T,16,5,256000004.0,0.2499999921875001,0.0044675977777777,0.0044148766519823,0.0044829665178571,0.5999834262562831,0.5317222444444444,0.5167094776785714,0.5626004355555556,3.1236622376836927,0.5317222444444444,0.5167094776785714,0.5626004355555556,3.1236622376836927,119.00937355068946,115.26844017832812,126.10951575980994,3.3531811353324734,0.0023755211176749707,0.002312582862233319,0.0025090804215979,3.041197825340256,14.325371750864125,14.27626076283804,14.496441020897766,0.6036324251645577,0.12036359145904958,0.11375746436598722,0.12386070270577147,3.0615083313583558,57.30148879412799,57.10504483588479,57.985765895646225,0.6036324251645601,0.48145438088164755,0.45502987168363207,0.49544282630567393,3.0615083313583593,52.5,51.0,57.5,5.163736939783447,2400.0,2372.0,2410.0,0.6161381501122656
AMD,AMD CPU,CPU,CPU package RAPL,64000000,20T,20,5,256000004.0,0.2499999921875001,0.0049268431372549,0.0048800509708737,0.0049503004926108,0.5206536299155802,0.5909260461165049,0.5728167720588235,0.6217531650246305,3.1881037207578204,0.5909260461165049,0.5728167720588235,0.6217531650246305,3.1881037207578204,121.10806116201306,116.2705142535128,126.218355838742,3.2406914107796023,0.0028956373539200434,0.0028212629986573584,0.0030638020451273363,3.238043898476421,12.990062240069411,12.928507894729083,13.11461691322084,0.5227328917543883,0.10830458298563808,0.10293473777083975,0.11172857032445226,3.1638707459541586,51.96025058403546,51.71403319497985,52.45846929221049,0.5227328917543795,0.4332183454806254,0.41173896395020143,0.4469142952638805,3.163870745954155,55.0,53.0,55.0,1.6441676305145512,2544.5,2520.0,2548.5,0.4603171068406126
AMD,AMD CPU,CPU,CPU package RAPL,64000000,32T,32,5,256000004.0,0.2499999921875001,0.0045240788288288,0.0045134189189189,0.004537045045045,0.18995644222638908,0.6513359774774774,0.6510756306306307,0.654184481981982,0.20215455105991237,0.6513359774774774,0.6510756306306307,0.654184481981982,0.20215455105991237,143.89789889520347,143.85847583820322,144.58421547006498,0.21760136941995628,0.00294984489702444,0.0029391292308471395,0.002960457524045178,0.30916548757094825,14.146526049053927,14.106097330881852,14.17993768132871,0.189980175870121,0.09825957910057727,0.0978317290653231,0.09829887034477042,0.2018122261252684,56.58610596453149,56.4243910867896,56.71975249780708,0.18998017587012508,0.39303832868475663,0.3913269284902587,0.3931954936664407,0.20181222612527402,54.0,54.0,56.0,1.6441676305145512,2964.0,2952.5,3000.0,0.6496851403381791
AMD,AMD CPU,CPU,CPU package RAPL,64000000,64T,64,5,256000004.0,0.2499999921875001,0.0047706682464454,0.0047678791469194,0.0047722830188679,0.03823356908011966,0.7522755047169811,0.7493331777251184,0.7536818175355451,0.2275640877007082,0.7522755047169811,0.7493331777251184,0.7536818175355451,0.2275640877007082,157.78687863473658,156.9378534576357,158.09987314910933,0.27659415535184034,0.0035898124501881267,0.00357481999698125,0.0035950365685575108,0.22297526871840864,13.415311166876059,13.410771898264814,13.42315881503653,0.03823954225207405,0.08507521326788102,0.08491646940518323,0.08540926907079702,0.22802511565792483,53.66124634441815,53.64308926940577,53.692636938041,0.03823954225207443,0.3403008637059259,0.3396658882352917,0.3416370869593469,0.22802511565793174,54.0,53.0,55.0,1.37083151332637,4173.0,4170.0,4176.0,0.05358418350107332
INTEL,Intel CPU,CPU,CPU package RAPL,64000000,1T,1,5,256000004.0,0.2499999921875001,0.0159650079365079,0.0159455158730158,0.0159698333333333,0.07587556061269794,0.8184992142857143,0.6670946269841269,0.8233999365079365,8.532834869169012,0.8249786428571428,0.6737614206349206,0.8300340634920635,8.453175769385506,51.197303902636,41.75477611281148,51.46040973091651,8.495896194503134,0.013052106776249928,0.0106525693782194,0.013145586521269306,8.512809563200326,4.008767127114815,4.00755585009237,4.0136675106451465,0.0758934542906311,0.07819188813253945,0.07772650465753725,0.09593841175027608,9.561932215045715,16.035069009555162,16.030223901313967,16.054670544289035,0.07589345429063844,0.312767562304144,0.3109060283459622,0.383753658993406,9.56193221504572,92.0,64.0,95.5,14.906517758077126,1359.0,1331.5,1363.5,0.991235874958309
INTEL,Intel CPU,CPU,CPU package RAPL,64000000,2T,2,5,256000004.0,0.2499999921875001,0.0089063539823008,0.0089037256637168,0.0090007098214285,0.4683494109239649,0.5904534026548673,0.4879677410714286,0.6050334734513274,8.425468345525873,0.5983630973451327,0.49501796875,0.6127875221238939,8.369457305032686,66.30607397198179,54.55459840563202,67.95476102308918,8.5484471844684,0.005293668312938175,0.0043634946777573,0.005388642285698515,8.341375339091774,7.185880903362289,7.1105501976779175,7.188002125986846,0.466307244727793,0.1083912781469893,0.10577926975663199,0.1311562089319173,9.453093548801698,28.743524511684285,28.44220167953046,28.752009402447666,0.466307244727793,0.4335651261368672,0.4231170922489369,0.5246248521221955,9.45309354880169,91.0,60.0,95.0,16.860516335292697,1641.0,1629.5,1680.5,1.2956401559061634
INTEL,Intel CPU,CPU,CPU package RAPL,64000000,4T,4,5,256000004.0,0.2499999921875001,0.0062644937499999,0.0062528062499999,0.0062722874999999,0.12702942144273555,0.514445896875,0.5008005656250001,0.5282039468749999,2.115310202693812,0.52143565625,0.5081277375,0.535286653125,2.066523851391794,82.11587562347637,80.11298088630241,83.9660422679874,1.9462323953861587,0.0032227431056865304,0.0031314089067434854,0.003313047013434673,2.199337347071939,10.216308221235119,10.203613753355697,10.235404143539714,0.12709485296986864,0.12440569433786487,0.1211653176365713,0.12779538082215997,2.1303657399842653,40.865234161979025,40.814456288874524,40.9416178535844,0.12709485296987308,0.4976227929021715,0.48466128569195016,0.5111815392630628,2.1303657399842666,85.0,81.0,88.0,3.1493915176053378,1923.5,1881.5,1924.0,1.0039292216077798
INTEL,Intel CPU,CPU,CPU package RAPL,64000000,8T,8,5,256000004.0,0.2499999921875001,0.0061814104938271,0.0061640398773006,0.0061870552147239,0.14137540441808455,0.7037822239263803,0.6741486104294478,0.7259423796296296,3.3434991825869482,0.7111842331288343,0.6813780245398773,0.7333083858024692,3.312751995736233,114.16910646579646,109.04163607174416,117.43116752344434,3.371116170300887,0.004338141693217509,0.0041677997075486636,0.004487347843356409,3.3094153702654014,10.353623831310328,10.344177767751834,10.382800934770612,0.1415600243685782,0.09093722010048207,0.08816126568151637,0.0949345559864472,3.3563645572003824,41.41449661944431,41.37671236402957,41.53120503693258,0.14156002436857745,0.36374889176908093,0.35264507374622395,0.37973823581260846,3.356364557200373,86.0,80.5,90.0,4.791718635290457,2459.0,2320.0,2460.0,2.5635111494560605
INTEL,Intel CPU,CPU,CPU package RAPL,64000000,10T,10,5,256000004.0,0.2499999921875001,0.0063854363057324,0.0063846719745222,0.0063932611464968,0.0553847772796242,0.8490889840764332,0.7260610859872612,0.8816478535031848,7.26761341392011,0.8572815477707006,0.734432949044586,0.8898402993630573,7.187014514341543,132.95354109737613,113.57222430575194,138.08096941290003,7.313767114464806,0.00542115464050833,0.004641898131025629,0.00562953774488761,7.220764412897716,10.022807516307893,10.010540400820156,10.024007381332925,0.055350462476749504,0.07537490204235044,0.07259133989347234,0.08814685187676191,7.935015642640233,40.09123131808253,40.04216285459819,40.09603077833265,0.05535046247675751,0.30149961759126465,0.290365368647807,0.35258741852540426,7.935015642640229,88.0,65.0,93.0,13.27371397665586,2739.0,2669.5,2739.5,1.1446134404507944
INTEL,Intel CPU,CPU,CPU package RAPL,64000000,16T,16,5,256000004.0,0.2499999921875001,0.0063741582278481,0.0063676930379746,0.0063891560509554,0.15474429317025645,0.7963707721518987,0.6962519335443038,0.8013232675159236,5.790500198838144,0.8053843598726114,0.705142490506329,0.8102163662420382,5.732671258508615,124.53456038406546,109.32099385558504,125.43158047480122,5.69512929897421,0.005074028491713049,0.004433518589906417,0.005118901520605328,5.881582303579474,10.040541309500288,10.016972271389395,10.050735583252418,0.15469122783743955,0.08036457544400276,0.07986789051863917,0.09192074867814722,6.271861360967676,40.16216649306883,40.06789033767913,40.20294358935164,0.1546912278374334,0.32145831182158313,0.31947157205804316,0.36768300620268257,6.271861360967668,87.0,68.0,88.0,10.448549187522707,3427.0,3406.0,3555.5,1.7775733937404028
INTEL,Intel CPU,CPU,CPU package RAPL,64000000,20T,20,5,256000004.0,0.2499999921875001,0.0064496666666666,0.0064475801282051,0.0064587307692307,0.0695360613713518,0.8908645128205128,0.753816483974359,0.9174618814102564,7.5545675209846435,0.9013832884615384,0.7643580865384616,0.928730625,7.4867848963296275,137.8673336508591,116.9084582954938,142.23104936264895,7.5392227176141375,0.005753854040169564,0.004860292182386515,0.0059173233144689565,7.57702701148035,9.92299328130663,9.909067475748497,9.926204518192865,0.06949001518775914,0.07184032821935339,0.06975766546466629,0.08490129940190716,8.341066902420295,39.6919743656007,39.63627114162744,39.70481931354705,0.06949001518776515,0.2873613218574547,0.2790306705783735,0.3396052082202912,8.34106690242029,90.0,65.0,94.0,13.75218660089566,3999.0,3994.5,3999.0,0.050335438827188175
3090,RTX 3090,GPU,GPU board NVML,128000000,gpu_resident,-1,5,512000004.0,0.24999999609375,0.0005799773257971,0.0005799535315942,0.0005805002019733,0.04046511369629901,0.2053828985507246,0.2040385507246376,0.2067988972721996,0.5236230388606391,0.2053828985507246,0.2040385507246376,0.2067988972721996,0.5236230388606391,354.11402534202864,351.8156697765661,356.2519003307714,0.49883635729589965,0.00011911742426590635,0.0001183328780741159,0.00012004680163436759,0.5513335977908341,220.69828130622417,220.49949089576256,220.70733606561265,0.04044342496340951,0.6232261785339791,0.6189588082354214,0.6273324258842817,0.524337449375315,882.7931390185395,881.9979773642685,882.8293580566592,0.040443424963411745,2.4929047530875525,2.4758352716266114,2.5093297427454044,0.5243374493753215,64.0,61.0,65.0,2.392074272571467,1950.0,1950.0,1965.0,0.3434820241935161
5060ti,RTX 5060 Ti,GPU,GPU board NVML,128000000,gpu_resident,-1,5,512000004.0,0.24999999609375,0.0012090710458937,0.0012090251129227,0.0012090799166666,0.0018914268184428776,0.1017971014492753,0.1011799516908212,0.1028810386473429,0.6019138419985044,0.1017971014492753,0.1011799516908212,0.1028810386473429,0.6019138419985044,84.19651844569648,83.6841577944486,85.09212981718736,0.602330429834548,0.0001230780165792863,0.0001223337500142952,0.0001243857593682084,0.6004419569073496,105.86640002233054,105.86562330213246,105.87042207136007,0.001891453462833831,1.2574031792425975,1.2441553923144208,1.2650727427814323,0.5998764371647238,423.46560670597216,423.4624998251314,423.4816949023417,0.0018914534628336236,5.029612795558089,4.976621647017396,5.0602910501927765,0.5998764371647255,54.0,52.0,57.0,3.339320243489881,2790.0,2790.0,2790.0,0.0
AMD,AMD CPU,CPU,CPU package RAPL,128000000,1T,1,5,512000004.0,0.24999999609375,0.0273416621621621,0.0271736315789473,0.0273878918918918,0.2992511437969726,1.890911148648649,1.848456302631579,1.973568067567568,2.501083772096183,1.890911148648649,1.848456302631579,1.973568067567568,2.501083772096183,69.24292859483569,68.09099001711046,72.24448649447484,2.311039962929583,0.05170065380501724,0.05022927055749364,0.05389803724591519,2.665078237173978,4.68150027751927,4.6735980814169364,4.710448753532364,0.30011191705173584,0.06769223349890129,0.06485714939528821,0.06924697046815287,2.479570870239146,18.726001402670853,18.694392617767626,18.841795308532504,0.30011191705173146,0.27076893822636977,0.2594286016347247,0.27698788620054715,2.4795708702391472,52.0,49.0,55.0,4.254033549003249,1833.0,1795.0,1834.5,0.991138988465718
AMD,AMD CPU,CPU,CPU package RAPL,128000000,2T,2,5,512000004.0,0.24999999609375,0.0157657187499999,0.0157368125,0.0158316171875,0.22967848830314233,1.299575109375,1.2155490703125,1.3074995078125,3.296504926278839,1.299575109375,1.2155490703125,1.3074995078125,3.296504926278839,82.40562431374023,76.83876138665195,82.93119277296461,3.391689047222362,0.02048873566890661,0.019244107553809023,0.02063780717263031,3.161170314214105,8.118881291092473,8.08508679082157,8.133794502539825,0.2293366674739168,0.09849372927860905,0.09789678560885214,0.10530220632482823,3.353683753791771,32.47552567179998,32.34034766860421,32.53517851852146,0.2293366674739167,0.3939749232702943,0.3915871485539577,0.42120883188070085,3.3536837537917696,54.0,53.0,55.5,2.1075331332701253,1864.0,1835.0,1874.0,0.8872259305314992
AMD,AMD CPU,CPU,CPU package RAPL,128000000,4T,4,5,512000004.0,0.24999999609375,0.0105542315789473,0.0105147552083333,0.0106027947368421,0.38796656218898745,0.9306546354166668,0.9254767157894735,0.9432920421052632,0.8707748322036014,0.9306546354166668,0.9254767157894735,0.9432920421052632,0.8707748322036014,88.49211222470103,87.45101371806254,89.41029148284798,0.979976905755367,0.009823516665525635,0.009767695579365698,0.01000153189933872,0.9607337851618297,12.1278368815901,12.072288691511828,12.173369371315053,0.3878725410004534,0.1375375935700279,0.13569498446560233,0.13830709818648457,0.8688505542463396,48.51134828435022,48.28915552056535,48.6934782460958,0.3878725410004556,0.5501503828762112,0.542779946343346,0.5532284013901321,0.8688505542463358,52.0,51.0,53.0,1.6151737963978292,1944.5,1915.0,1950.0,0.7371835342628008
AMD,AMD CPU,CPU,CPU package RAPL,128000000,8T,8,5,512000004.0,0.24999999609375,0.0093861308411214,0.0093674626168224,0.0094001261682243,0.12633437440613537,0.9976757009345796,0.9584406074766356,1.1547923878504671,7.95480215998373,0.9976757009345796,0.9584406074766356,1.1547923878504671,7.95480215998373,106.27458006687336,102.0864034855738,123.17679602086776,7.923070558001063,0.009364314665979466,0.008997535871769536,0.010817474523380326,7.915104766112234,13.63714198817916,13.61683840294448,13.664319169006701,0.12635840727829054,0.12829820239191464,0.11084243397054205,0.1335502669664592,7.730594025622986,54.548568805038016,54.46735446283032,54.65727753004676,0.1263584072782937,0.5131928175862963,0.4433697428098204,0.5342010762127285,7.730594025622983,52.0,52.0,54.0,1.700431922053072,2080.0,2063.0,2101.0,0.8784410817296053
AMD,AMD CPU,CPU,CPU package RAPL,128000000,10T,10,5,512000004.0,0.24999999609375,0.0094678679245283,0.0094591509433962,0.0094832028301886,0.10407759473024047,1.091855141509434,0.9759701273584904,1.1813032877358491,8.762118088557363,1.091855141509434,0.9759701273584904,1.1813032877358491,8.762118088557363,115.24642555531676,102.92640459126754,124.83726951476812,8.852036208510635,0.010328022591860954,0.00924902950807722,0.011178895899257024,8.680969472587439,13.519411130397355,13.497549434725563,13.531869801629687,0.10405028032936255,0.11723166758462715,0.10835489948168336,0.13115155414278723,8.846923744336827,54.07764536655262,53.9901985824991,54.12748005226062,0.10405028032936352,0.4689266776654879,0.4334196046989147,0.5246062247681211,8.84692374433683,53.0,49.5,54.0,3.400482763588828,2145.5,2137.5,2174.0,0.8081404357537548
AMD,AMD CPU,CPU,CPU package RAPL,128000000,16T,16,5,512000004.0,0.24999999609375,0.0091114272727272,0.009082509009009,0.0091201136363636,0.15986943696773745,1.1677849045454545,1.099498,1.198737768181818,4.258383578100253,1.1677849045454545,1.099498,1.198737768181818,4.258383578100253,128.10838581175148,120.54520322670032,131.5712042328463,4.3776221375918505,0.010639136221540493,0.010027546702954505,0.010922211993859954,4.159528818379121,14.048292892940744,14.03491273284579,14.093021969263777,0.16015407976555818,0.10960922555324723,0.1067789823575373,0.1164167638322216,4.300207988345403,56.19317244978129,56.13965180856521,56.37208875786899,0.16015407976555665,0.4384369090635655,0.4271159361038357,0.46566706260493423,4.300207988345401,54.0,53.0,55.0,1.6532850110904174,2400.0,2356.0,2402.0,0.8212567303618625
AMD,AMD CPU,CPU,CPU package RAPL,128000000,20T,20,5,512000004.0,0.24999999609375,0.0103709793814432,0.0103641546391752,0.010420118556701,0.2549258665127163,1.248094412371134,1.2218850979381444,1.2591563041237115,1.2068642352222316,1.248094412371134,1.2218850979381444,1.2591563041237115,1.2068642352222316,120.34600752408684,117.36249765380865,121.44899878440827,1.2924346942992866,0.012943961416795498,0.012720088401361336,0.013089980186193846,1.176730009756079,12.342132241534534,12.283929237799832,12.35025947183151,0.25467294087284703,0.10255634327921169,0.10165536921889887,0.10475616669357217,1.2157174914951703,49.368529737521406,49.13571771894491,49.40103865921727,0.2546729408728514,0.41022537952661825,0.40662148322905606,0.41902467332154913,1.2157174914951714,54.0,52.0,55.0,2.268046058132572,2550.0,2541.0,2555.0,0.2077684308479912
AMD,AMD CPU,CPU,CPU package RAPL,128000000,32T,32,5,512000004.0,0.24999999609375,0.0093036851851851,0.0092944212962962,0.009336074074074,0.17075158914920568,1.340121226851852,1.3348464166666667,1.342774074074074,0.21817700936414974,1.340121226851852,1.3348464166666667,1.342774074074074,0.21817700936414974,143.90388519014076,143.45060739790745,144.3140786923149,0.2558648338587103,0.012469707645015277,0.012418286328963727,0.01251686569370772,0.2998221993120417,13.757989060487905,13.71025957853657,13.771701854208786,0.1704515031965661,0.09551374639493727,0.09532504497323122,0.0958911807394571,0.21855186951106778,55.031957101825945,54.841039171037515,55.08680827756651,0.1704515031965628,0.3820549915493583,0.38130018585074027,0.3835647289510273,0.2185518695110693,54.0,53.5,55.0,1.2353966726518177,2964.0,2961.0,2983.0,0.34336831741365553
AMD,AMD CPU,CPU,CPU package RAPL,128000000,64T,64,5,512000004.0,0.24999999609375,0.0096810673076923,0.0096801682692307,0.0096925721153846,0.0550162507543419,1.5283930528846152,1.5260593076923077,1.5322588317307693,0.1683707736326801,1.5283930528846152,1.5260593076923077,1.5322588317307693,0.1683707736326801,157.74429379356255,157.47322228516157,158.26276664394717,0.21262969153418484,0.01481405988573696,0.014772510887287246,0.014833075820343634,0.16232369384472004,13.221682582280453,13.20598882074152,13.22291053626203,0.05499218532900963,0.08374809003379005,0.08353679962504577,0.0838761628429503,0.16835506389361846,52.88673115547697,52.82395610834038,52.89164297148003,0.054992185329012115,0.3349923653694159,0.33414720372123313,0.3355046566140614,0.16835506389361718,54.0,53.0,56.5,2.427294780793203,4172.5,4144.5,4176.0,0.31591120746771273
INTEL,Intel CPU,CPU,CPU package RAPL,128000000,1T,1,5,512000004.0,0.24999999609375,0.032047140625,0.03196296875,0.032129109375,0.18648345559149007,1.633364296875,1.586266265625,1.6508870781249998,1.78233254330664,1.6475330625,1.599039140625,1.6653651875,1.8058598322399508,51.13037184513311,49.616423954701474,51.36303132928079,1.6695029670921298,0.052344655313807366,0.05070177907735107,0.05304153149885229,1.9453355482477026,3.9941160585212123,3.9839261495246476,4.004634237863152,0.18654824564568354,0.07836586072371811,0.07753407286062013,0.0806926313531399,1.7914214215707955,15.976464483717104,15.935704847093977,16.01853720174225,0.1865482456456907,0.3134634477927387,0.31013629628836004,0.322770530455849,1.7914214215707962,91.0,86.0,94.0,3.6446426267641754,1363.5,1333.5,1364.5,0.9907165861003878
INTEL,Intel CPU,CPU,CPU package RAPL,128000000,2T,2,5,512000004.0,0.24999999609375,0.0179957857142857,0.0179220982142857,0.0181075357142857,0.46783325429516665,1.1676164464285714,1.0728694107142855,1.2288547142857142,5.040618868588688,1.1825201517857145,1.0878203839285714,1.2448937589285711,5.004630356836259,64.88821332496377,58.96791585731771,68.52736684440478,5.612260764356605,0.02101217536640432,0.01942702117127358,0.022034901095535714,4.645788078792384,7.112776348430789,7.06888010713772,7.1420208431829275,0.4675354482597259,0.10962503944811501,0.10416202787194535,0.11930622471077937,5.224733118617087,28.451105838271683,28.27552087035589,28.56808381910802,0.46753544825972787,0.438500164644025,0.4166481179979082,0.4772249062997566,5.224733118617097,88.0,74.0,96.0,9.351403543113294,1623.5,1581.0,1680.0,2.2404252587909204
INTEL,Intel CPU,CPU,CPU package RAPL,128000000,4T,4,5,512000004.0,0.24999999609375,0.0128203333333333,0.0127945897435897,0.012825532051282,0.09920730046256764,1.0599021153846155,0.8998710897435898,1.079317829113924,7.293407987142829,1.0739424102564104,0.9139172692307692,1.0934248101265822,7.196083870309976,82.70628021313388,70.10515295311774,84.27666445782188,7.380481475993794,0.013588298419935864,0.011541325503528472,0.013842135029252464,7.2720068900863675,9.984139699955826,9.980092715701844,10.004228471970357,0.09931290104765594,0.12076586803824953,0.11859342590966257,0.14224259503266456,8.029790581410587,39.93655942383204,39.92037148656317,40.016914513145714,0.09931290104765841,0.4830634797008649,0.47437371105073944,0.5689703890208206,8.0297905814106,85.0,60.0,88.0,14.484812776869745,1899.0,1893.5,1907.5,0.27825870339877523
INTEL,Intel CPU,CPU,CPU package RAPL,128000000,8T,8,5,512000004.0,0.24999999609375,0.012714582278481,0.0127100063291139,0.0127224493670886,0.0456242454333298,1.4511283797468355,1.3790591708860758,1.5519496962025316,4.766943325452518,1.4664681645569622,1.3946981012658228,1.5677444303797468,4.730407014252923,114.10060489044564,108.59813348298113,121.98398526114582,4.721276706038884,0.018444971382472756,0.017527850790184592,0.019744601430205243,4.789670787455676,10.06718083193623,10.060955662446585,10.070805291953283,0.04562083775695881,0.08820721914509792,0.08247689942090483,0.09281690133553674,4.650456746187085,40.268723956943724,40.24382327859607,40.283221797238475,0.045620837756971656,0.35282888209334295,0.3299076028384256,0.3712676111432034,4.650456746187088,86.5,78.0,90.0,5.562795272439077,2459.0,2385.5,2459.5,1.3128985609408088
INTEL,Intel CPU,CPU,CPU package RAPL,128000000,10T,10,5,512000004.0,0.24999999609375,0.0129985897435897,0.0129973974358974,0.0130017371794871,0.014803794804163752,1.7107715384615385,1.6765864551282053,1.768584192307692,2.1018232619453836,1.7272023653846154,1.6932394294871795,1.7848443653846155,2.0737542130082796,131.62409531462478,128.9422405475638,136.15192000441016,2.134025031027647,0.022235851769511678,0.021798536448264866,0.022989100342805636,2.0916634204210904,9.847222008304682,9.84483821146194,9.848125336729176,0.014803063675572048,0.07482004237404355,0.07237427517260712,0.0763456000783521,2.0971173985160756,39.388888648670104,39.37935346115015,39.39250196242454,0.014803063675573562,0.2992801741724269,0.2894971052138207,0.3053824050850085,2.097117398516085,88.0,84.0,91.0,3.1120599858248075,2739.5,2739.0,2740.0,0.01526974789264994
INTEL,Intel CPU,CPU,CPU package RAPL,128000000,16T,16,5,512000004.0,0.24999999609375,0.0130010448717948,0.0129874935897435,0.0130193246753246,0.08934417041140884,1.5986850576923075,1.3941802564102566,1.6334327564102562,6.27615423755627,1.6177121794871796,1.412475455128205,1.652123967948718,6.216214799671267,122.95629230165476,107.2157817557258,125.74622647336832,6.3027364767004475,0.020784576170925547,0.018133289323311874,0.021214197453155257,6.2355278142273365,9.84536245065121,9.831539053834119,9.85563520132047,0.08932875286279572,0.08006580056785371,0.07836257629686671,0.09181022210827683,6.735824766410535,39.38145041794,39.326156829807665,39.42254142125908,0.08932875286279597,0.32026320727552743,0.3134503100851279,0.3672408941712462,6.735824766410533,87.0,67.0,89.0,11.173034331922535,3432.5,3414.5,3439.0,0.2896328608911657
INTEL,Intel CPU,CPU,CPU package RAPL,128000000,20T,20,5,512000004.0,0.24999999609375,0.013108487012987,0.0131083051948051,0.0131098441558441,0.004979544449377655,1.7878162142857144,1.610519844155844,1.850298220779221,5.285829334183776,1.8102272337662335,1.6322569545454546,1.8724603376623377,5.234692326033295,136.3318624695277,122.84485872906733,141.1736492222957,5.296461221978879,0.02343676137378007,0.02111135296622181,0.02425461019723737,5.287726119879282,9.764666118460985,9.763655271442735,9.764801558841274,0.004979373798005142,0.0715957255433774,0.0691780371199271,0.07947744292905087,5.585381665526816,39.058665084135576,39.05462169599941,39.0592068456652,0.004979373797997969,0.28638290664824245,0.2767121528033357,0.31790977668354375,5.585381665526821,88.0,73.0,93.0,9.098724077330345,3999.0,3998.0,3999.0,0.011183694995997745
3090,RTX 3090,GPU,GPU board NVML,256000000,gpu_resident,-1,5,1024000004.0,0.249999998046875,0.0011548805571593,0.0011548241166281,0.0011555575144341,0.026974550574840925,0.4099105080831409,0.4064543879907621,0.4103868360277136,0.40834832098442103,0.4099105080831409,0.4064543879907621,0.4103868360277136,0.40834832098442103,354.9296864898964,351.9721010385608,355.3470315650102,0.3953709415771392,0.00047341211063243495,0.0004693833295610469,0.0004739687275066725,0.42162734416513575,221.66794428481168,221.53808512540238,221.67877801814416,0.026965105618965764,0.6245265587289515,0.6238016830118601,0.6298369671083939,0.40951678319935714,886.67178406637,886.1523474246746,886.7151190000385,0.026965105618969035,2.4981062544322605,2.495206751541243,2.5193478881159805,0.409516783199358,64.0,62.0,65.0,1.9136638615493577,1950.0,1935.0,1950.0,0.34454052041599226
5060ti,RTX 5060 Ti,GPU,GPU board NVML,256000000,gpu_resident,-1,5,1024000004.0,0.249999998046875,0.0024108137458033,0.002410639353012,0.0024113794471153,0.012251982882852981,0.2025132211538461,0.2011105769230769,0.2035204819277108,0.471479757129271,0.2025132211538461,0.2011105769230769,0.2035204819277108,0.471479757129271,83.99290861668666,83.40203708237543,84.4275433478858,0.4829613451423352,0.00048826566822927914,0.0004849539117898082,0.0004906144828789072,0.46074242994579634,106.18821111570317,106.1632997271538,106.19589308543313,0.012250972910700467,1.2641149923022599,1.2578586517445924,1.2729315529631136,0.4721433592663837,424.75284778119436,424.6532022262183,424.78357566035413,0.012250972910701768,5.056460008712633,5.031434646286454,5.091726251631565,0.47214335926637735,54.0,52.0,55.0,2.0361433364504316,2790.0,2790.0,2790.0,0.0
AMD,AMD CPU,CPU,CPU package RAPL,256000000,1T,1,5,1024000004.0,0.249999998046875,0.0541022894736842,0.0531517105263157,0.0544216315789473,1.056633459426154,3.773802078947369,3.6838196578947366,3.903818736842105,2.4072290378746453,3.773802078947369,3.6838196578947366,3.903818736842105,2.4072290378746453,69.39660838594489,68.22913027697793,71.57065893642006,2.1894019856802243,0.20189241819013473,0.19704033974671867,0.21239270317771186,2.936673526421077,4.731777554894799,4.7040118344969315,4.816401889328717,1.0606708673085778,0.06783609570521154,0.06557681497453048,0.06949308673440904,2.384046634352611,18.92711036744724,18.816047484988093,19.26560770782743,1.0606708673085878,0.27134438494072416,0.2623072619473974,0.2779723491092952,2.3840466343526208,53.0,49.0,53.5,3.630335969444464,1810.0,1794.0,1835.0,0.9096747212841501
AMD,AMD CPU,CPU,CPU package RAPL,256000000,2T,2,5,1024000004.0,0.249999998046875,0.0312111818181818,0.0310758939393939,0.031399803030303,0.45049050480444747,2.462773666666666,2.436413621212121,2.488202727272727,0.8674063129011884,2.462773666666666,2.436413621212121,2.488202727272727,0.8674063129011884,78.9585353692253,78.4335487540473,79.31442552890255,0.45227117309530684,0.07686607668736357,0.07571373128528248,0.07812907553582636,1.3107566931294798,8.2021885775203,8.152917352791741,8.237896534827502,0.4502786098956005,0.10394783835190703,0.10288550695408845,0.10507247077064012,0.8689646162077668,32.80875456639959,32.61166966594563,32.951586396744275,0.4502786098956036,0.4157913566559981,0.41154203103152587,0.42028988636607517,0.8689646162077647,54.0,52.0,54.0,2.0591073590419775,1854.0,1834.0,1865.5,0.6534687894383613
AMD,AMD CPU,CPU,CPU package RAPL,256000000,4T,4,5,1024000004.0,0.249999998046875,0.0206150714285714,0.0205855102040816,0.020756,0.32955736311511913,1.8167373775510205,1.8116645306122448,1.8355224591836732,0.5845811799532152,1.8167373775510205,1.8116645306122448,1.8355224591836732,0.5845811799532152,88.23957941031068,87.29446291345212,89.01962730377885,0.7426766657405531,0.03760290899738775,0.037338351383518875,0.037839426604818455,0.5784369063375727,12.418099053743637,12.33378295432646,12.435931704488018,0.32842636777287254,0.14091194586698627,0.13946982654402001,0.1413065138022467,0.583198422131052,49.67239660304015,49.33513220273656,49.743727206574945,0.3284263677728766,0.5636477878714434,0.5578793105345122,0.5652260596248154,0.5831984221310447,52.0,50.0,53.0,2.3291285452209465,1929.0,1915.0,1954.0,0.8159730327772597
AMD,AMD CPU,CPU,CPU package RAPL,256000000,8T,8,5,1024000004.0,0.249999998046875,0.0185243727272727,0.0185087181818181,0.0185848055555555,0.16481139327360333,1.8764124727272729,1.870375290909091,2.2759536296296297,8.933865855872918,1.8764124727272729,1.870375290909091,2.2759536296296297,8.933865855872918,101.27634047440836,100.95463934667576,122.44829278894908,8.818857362425641,0.0347513235179512,0.03464752902868111,0.04229815566012745,9.052424833179487,13.819631183683825,13.77469343086426,13.831319731880715,0.1646341215260474,0.13643055709809723,0.11248032282698983,0.136870926516342,8.332595288566637,55.278525166598776,55.098774153916224,55.3252793597516,0.1646341215260366,0.5457222326558439,0.44992129482296944,0.5474837103425845,8.332595288566633,52.0,52.0,53.0,1.0452720563075688,2097.0,2066.0,2111.0,0.868644812118387
AMD,AMD CPU,CPU,CPU package RAPL,256000000,10T,10,5,1024000004.0,0.249999998046875,0.018813787037037,0.0187696666666666,0.0188578425925925,0.17047881867575998,2.031794416666667,1.900513453703704,2.329371055555556,9.902856165327245,2.031794416666667,1.900513453703704,2.329371055555556,9.902856165327245,107.99521002842609,100.70210822389916,124.0796996772212,10.076953319720582,0.0382257474582075,0.035839583555048786,0.0437503727999652,9.758057612685638,13.607042457535847,13.575253783301738,13.63902745564657,0.17040153311306944,0.1259969989581869,0.10990091011453043,0.13470044029475794,9.70013242325628,54.42817025536346,54.30101555743364,54.556110248805886,0.17040153311306688,0.5039879997701538,0.43960364389252515,0.5388017653884206,9.700132423256287,53.0,48.0,54.0,5.18008025675627,2162.5,2142.5,2169.5,0.5939463488870522
AMD,AMD CPU,CPU,CPU package RAPL,256000000,16T,16,5,1024000004.0,0.249999998046875,0.018131875,0.0181247053571428,0.0181386339285714,0.03221667579431407,2.3796605714285715,2.096822339285714,2.385530803571428,5.781344197031866,2.3796605714285715,2.096822339285714,2.385530803571428,5.781344197031866,131.1419246851892,115.67784651065789,131.58223314689806,5.746015305687723,0.043161433565795784,0.03801357301333109,0.043254146339006684,5.80464951502473,14.118782475612699,14.113521448644315,14.124367483806433,0.032218024759245956,0.10757836729896172,0.10731364215324196,0.12208950381900587,5.987542985808747,56.47513034366275,56.454086235624814,56.49747037661221,0.0322180247592405,0.4303134725576709,0.42925457196651917,0.4883580190913204,5.987542985808743,54.0,53.0,55.5,1.6758212292052537,2379.5,2379.5,2395.5,0.3227422288960305
AMD,AMD CPU,CPU,CPU package RAPL,256000000,20T,20,5,1024000004.0,0.249999998046875,0.0207948367346938,0.0207738265306122,0.020812887755102,0.06841397897715493,2.4554180918367345,2.4101572653061223,2.502956724489796,1.593346371669304,2.4554180918367345,2.4101572653061223,2.502956724489796,1.593346371669304,118.1030626746774,116.01106922221749,120.33288252582332,1.536393138663999,0.05104934478304481,0.05006818894096407,0.05206096352151819,1.6482850978185013,12.310748204764376,12.30007109115577,12.32319903233811,0.06842300138030322,0.10425922976257924,0.10227903522869865,0.10621713474265115,1.5933919584954377,49.242993203768386,49.200284749000296,49.292796514452405,0.06842300138030402,0.41703692230841793,0.40911614411101443,0.42486854228989007,1.5933919584954368,55.0,52.0,56.0,2.9011721652920914,2523.5,2514.5,2555.0,0.6327642340093292
AMD,AMD CPU,CPU,CPU package RAPL,256000000,32T,32,5,1024000004.0,0.249999998046875,0.0185192727272727,0.0184374454545454,0.0185406545454545,0.21651144145386755,2.6637427454545453,2.6399649545454547,2.670462654545455,0.5074205997231671,2.6637427454545453,2.6399649545454547,2.670462654545455,0.5074205997231671,143.65196112030293,142.84281779831105,144.17223260021217,0.3850844480374156,0.04936511868900158,0.04867420985134325,0.0494550262075239,0.678706361836564,13.82343695511312,13.807495219350924,13.884786785193612,0.21705306584218148,0.09610537633066955,0.09586353831395343,0.09697098386068452,0.5082613339734513,55.29374825243489,55.22998130888792,55.53914757467403,0.21705306584218062,0.3844215083259713,0.3834541562515493,0.3878839384730813,0.5082613339734451,54.0,53.0,55.0,1.8518518518518516,2989.5,2962.0,3002.0,0.6440278621846216
AMD,AMD CPU,CPU,CPU package RAPL,256000000,64T,64,5,1024000004.0,0.249999998046875,0.0191656320754717,0.019157858490566,0.0191684056603773,0.025847044353512812,3.035646754716981,3.016993556603773,3.038420537735849,0.29045248677463964,3.035646754716981,3.016993556603773,3.038420537735849,0.29045248677463964,158.39631485002036,157.5771295667415,158.52688715543798,0.2547577653616035,0.058169837836608285,0.057822588479936717,0.05824167743414249,0.29286440151149906,13.35724269316588,13.355309958259776,13.36266259227582,0.02584885345612421,0.08433128742736977,0.08425430114778136,0.08485268337403377,0.29113446154254263,53.42897119007736,53.42124025039254,53.45065078668649,0.025848853456122256,0.33732515234483185,0.33701720722407236,0.33941073614778144,0.2911344615425381,55.0,53.0,55.5,1.834862385321101,4171.0,4148.0,4174.0,0.2619891836720405
INTEL,Intel CPU,CPU,CPU package RAPL,256000000,1T,1,5,1024000004.0,0.249999998046875,0.0639055,0.0635817187499999,0.0640038749999999,0.27886531957551575,3.28045384375,2.999172125,3.29546275,4.109545516515284,3.30882815625,3.02351821875,3.323104125,4.135275629021563,51.41896720221371,47.235335172481285,51.52889194441983,3.877086783719188,0.209017397108375,0.19069251853458954,0.210598194770125,4.24689287829615,4.005914968195226,3.999757811538761,4.026314545012207,0.2792160280559788,0.07803798230166761,0.07768256491444184,0.0853568879445357,4.22747416447594,16.023659997965748,15.999031371147474,16.105258305871157,0.27921602805597606,0.31215193164535743,0.3107302620853475,0.34142755444554557,4.227474164475944,93.0,80.0,94.0,6.816264055626103,1363.5,1361.5,1408.5,1.4978499731285653
INTEL,Intel CPU,CPU,CPU package RAPL,256000000,2T,2,5,1024000004.0,0.249999998046875,0.0359571964285714,0.0358695,0.0362376249999999,0.44097423300724653,2.366346571428571,2.2340815535714285,2.4747033035714283,3.6580830627984207,2.397830160714286,2.2643630000000003,2.506862535714286,3.6355474585481025,65.338127008139,62.17342057490952,68.99201089030439,3.71251061793937,0.08575077967546403,0.0802505631687795,0.08876637014745535,3.6784620338810763,7.119576174648137,7.064480605448087,7.136982645422992,0.4402857584438584,0.10818364566330281,0.10344674395130413,0.11458847533598558,3.7015524003694926,28.478304921079303,28.257922642557364,28.547930804722675,0.4402857584438574,0.43273458603395015,0.41378697903792727,0.45835390492483225,3.701552400369496,89.0,81.5,96.0,5.840270911715699,1526.0,1493.5,1662.5,4.840147747429422
INTEL,Intel CPU,CPU,CPU package RAPL,256000000,4T,4,5,1024000004.0,0.249999998046875,0.0258005128205128,0.0257339871794871,0.025858282051282,0.18357069088602548,2.126006320512821,1.8076657692307687,2.1530463974358973,7.0140957973030496,2.154565333333333,1.8361067051282047,2.181475756410256,6.9130427952551585,82.21370964343225,69.91043251962043,83.36731225054237,7.072330592647852,0.05493017043291551,0.046638703854240585,0.055546250785336,7.036834317719758,9.922283358510075,9.900116275795208,9.947933727271806,0.18372592745367733,0.12041356440476123,0.1189012922828208,0.14161909981231643,7.7210023317984735,39.68913374411166,39.600465412559466,39.79173521996016,0.18372592745368005,0.4816542613819688,0.47560517284694864,0.5664764036748626,7.721002331798468,85.0,60.0,87.0,14.145389327572847,1821.5,1779.0,1940.0,3.9520472030885436
INTEL,Intel CPU,CPU,CPU package RAPL,256000000,8T,8,5,1024000004.0,0.249999998046875,0.0257376666666666,0.025721141025641,0.0257495384615384,0.04887714363845702,2.9647007948717947,2.80641591025641,3.0413044102564104,3.1527805668303226,2.9953215897435896,2.8380668974358976,3.071827243589744,3.1120412724061266,115.27220273175776,109.1528418525567,118.16009812889403,3.116982936470344,0.0762554872437274,0.07219047987056894,0.07827607914304253,3.1648822461451447,9.946511558934402,9.94192573130514,9.952902118331284,0.048879339231456216,0.08634935418873203,0.08417440823637144,0.09121955090990429,3.1909698001721214,39.78604654656609,39.76770323590574,39.81160878435333,0.04887933923145961,0.34539741945334546,0.33669763557593607,0.3648782064902282,3.190969800172124,85.0,77.0,88.0,4.996599517330791,2458.5,2379.0,2460.0,1.4467163228451678
INTEL,Intel CPU,CPU,CPU package RAPL,256000000,10T,10,5,1024000004.0,0.249999998046875,0.0260669615384615,0.0260537564102564,0.0260704358974359,0.025012024005359196,3.443550102564102,2.8916090256410256,3.5336127307692307,7.876728426389937,3.4751336282051284,2.9237249102564102,3.5660309743589744,7.802715913451307,132.1774555305504,110.88517420803576,135.50537518593327,7.8938207435878605,0.08971741555871855,0.07537724070736089,0.09211054714477945,7.873495984595961,9.820860732934868,9.819551924913473,9.825838353935875,0.0250168913217736,0.07434188304952492,0.07244710116953634,0.08853202377290571,8.73402098329336,39.28344323864137,39.278208006514895,39.30335372280095,0.025016891321767418,0.2973675345212835,0.28978840694211727,0.3541280978582486,8.734020983293366,88.0,63.0,91.0,13.965022844685427,2739.0,2739.0,2739.5,0.008163513480704574
INTEL,Intel CPU,CPU,CPU package RAPL,256000000,16T,16,5,1024000004.0,0.249999998046875,0.0261934487179487,0.0261751025641025,0.0262129358974358,0.054766755419905735,3.230555948717949,2.8092164743589745,3.315981474358974,6.367338099649563,3.2665823589743592,2.846031230769231,3.3534023333333334,6.2940153058124695,123.36148343208708,107.25211851189162,126.62645225461632,6.376402398633386,0.08459861004646081,0.07360608162447067,0.08685699069828971,6.346146738215171,9.773436165531708,9.766170413022772,9.780286376072803,0.05476657956691165,0.07924332624593423,0.07720187853265628,0.09112861231472585,6.875998058021926,39.09374496754671,39.06468195728391,39.121145809925174,0.05476657956692664,0.3169733074600909,0.3088075165431838,0.3645144521066726,6.875998058021934,87.0,67.0,91.0,11.542094898610308,3436.0,3416.0,3550.5,1.5760837635465343
INTEL,Intel CPU,CPU,CPU package RAPL,256000000,20T,20,5,1024000004.0,0.249999998046875,0.0262515,0.0262388974358974,0.0262596153846153,0.029273508068955435,3.6466823974358977,3.349794871794872,3.7067087692307688,4.029340673717707,3.6905524102564105,3.391910269230769,3.75126335897436,4.010668446796238,138.90035752083256,127.56734112042678,141.20455814231113,4.034019650430194,0.09568492540761296,0.08796432495069006,0.09730666525546153,4.014501284847879,9.751823667219016,9.748809921640456,9.756507476177973,0.02927446490685179,0.07020079378999443,0.06906396346134475,0.07642258968019472,4.155664531256511,39.00729497362055,38.99523999121214,39.02603020960275,0.029274464906851667,0.28080317735375254,0.2762558560036279,0.30569036110898484,4.15566453125651,91.0,79.0,93.0,6.478652064830929,3999.0,3996.5,3999.0,0.031139540276603223
