platform,platform_label,device_kind,energy_domain,session_number,problem_size,configuration,num_threads,runtime_s,energy_j,total_energy_j,power_w,edp_j_s,throughput_gflops,efficiency_gflop_per_j,logical_bandwidth_gb_s,logical_gb_per_j,temperature_c,clock_mhz,working_set_bytes,operational_intensity_flop_per_byte
INTEL,Intel CPU,CPU,CPU package RAPL,1,1000000,1T,1,0.0004719349670122,0.0205942360980207,0.0205999538171536,43.6275524113441,9.719140133560857e-06,4.23787203703492,0.09711455139587424,25.427232222209522,0.5826873083752454,74.0,1339.0,12000000.0,0.1666666666666666
INTEL,Intel CPU,CPU,CPU package RAPL,2,1000000,1T,1,0.0004684953205428,0.0220827316331305,0.0220844857276555,47.133648061113306,1.0345656434924103e-05,4.268986075854064,0.09056850543795134,25.613916455124386,0.5434110326277081,83.0,1348.0,12000000.0,0.1666666666666666
INTEL,Intel CPU,CPU,CPU package RAPL,3,1000000,1T,1,0.0004682140851661,0.0221374686476368,0.0221382847449695,47.261920379722994,1.0365074630746485e-05,4.2715502659226825,0.09034456612154265,25.6293015955361,0.542067396729256,82.0,1339.0,12000000.0,0.1666666666666666
INTEL,Intel CPU,CPU,CPU package RAPL,4,1000000,1T,1,0.0004688265449438,0.0227965154494382,0.0227971921816479,48.624563989192325,1.0687611574918067e-05,4.2659700513326255,0.08773270653736198,25.595820307995755,0.5263962392241719,85.0,1338.0,12000000.0,0.1666666666666666
INTEL,Intel CPU,CPU,CPU package RAPL,5,1000000,1T,1,0.0004696037558685,0.0221575819248826,0.02215774342723,47.17093400974251,1.0405283692888857e-05,4.258909719112312,0.09026255693334627,25.553458314673875,0.5415753416000776,85.0,1336.0,12000000.0,0.1666666666666666
INTEL,Intel CPU,CPU,CPU package RAPL,1,1000000,2T,2,0.000261985878661,0.0161446991370292,0.0161638522489539,61.60561573086368,4.229683189132083e-06,7.633999245386527,0.12387966991672425,45.80399547231916,0.7432780195003454,80.0,1467.5,12000000.0,0.1666666666666666
INTEL,Intel CPU,CPU,CPU package RAPL,2,1000000,2T,2,0.0002606108650338,0.0163195471599791,0.0163416758728504,62.7918843257503,4.253051302322048e-06,7.674277124787601,0.12255242013728532,46.045662748725604,0.7353145208237118,83.0,1478.5,12000000.0,0.1666666666666666
INTEL,Intel CPU,CPU,CPU package RAPL,3,1000000,2T,2,0.000262915724428,0.0165721661845911,0.0165839719957927,62.82483981144502,4.357083077762974e-06,7.607000320544555,0.12068428337748702,45.64200192326733,0.7241057002649222,82.0,1478.5,12000000.0,0.1666666666666666
INTEL,Intel CPU,CPU,CPU package RAPL,4,1000000,2T,2,0.0002604632679738,0.0162786168627451,0.0162827928104575,62.33395131170641,4.239981746163996e-06,7.678625917421799,0.12286056099625749,46.0717555045308,0.737163365977545,83.0,1614.5,12000000.0,0.1666666666666666
INTEL,Intel CPU,CPU,CPU package RAPL,5,1000000,2T,2,0.0002678139784946,0.0167897932795698,0.0169227838709677,62.72168454553049,4.496541336303486e-06,7.467870091180944,0.1191199895494631,44.80722054708566,0.7147199372967785,82.0,1616.5,12000000.0,0.1666666666666666
INTEL,Intel CPU,CPU,CPU package RAPL,1,1000000,4T,4,0.0001342502588661,0.0112531681982914,0.0112920638105099,82.13992627002315,1.5107407436843847e-06,14.897550417349898,0.17772772651737895,89.38530250409939,1.0663663591042738,65.0,2043.0,12000000.0,0.1666666666666666
INTEL,Intel CPU,CPU,CPU package RAPL,2,1000000,4T,4,0.0001256629629629,0.0114328861268047,0.0114398811048336,90.95232776038227,1.4366903459117123e-06,15.915588434680378,0.17493395611725265,95.49353060808228,1.0496037367035158,85.0,1784.5,12000000.0,0.1666666666666666
INTEL,Intel CPU,CPU,CPU package RAPL,3,1000000,4T,4,0.0001265717610062,0.0115814027672955,0.0115861044025157,91.54831146331524,1.4658785431786693e-06,15.801312900292443,0.1726906524352785,94.80787740175465,1.036143914611671,85.0,1831.5,12000000.0,0.1666666666666666
INTEL,Intel CPU,CPU,CPU package RAPL,4,1000000,4T,4,0.0001258353997975,0.011434896444838,0.0114356417636639,90.90619242471816,1.438914765779201e-06,15.893778723781148,0.17490320176033167,95.36267234268689,1.04941921056199,85.0,1839.0,12000000.0,0.1666666666666666
INTEL,Intel CPU,CPU,CPU package RAPL,5,1000000,4T,4,0.0001251956386679,0.0114364027708747,0.0114364284294234,91.26983795672024,1.431787748962999e-06,15.974997382339305,0.1748801646872247,95.84998429403585,1.049280988123348,85.0,1840.0,12000000.0,0.1666666666666666
INTEL,Intel CPU,CPU,CPU package RAPL,1,1000000,8T,8,7.479832997837919e-05,0.0097120277342876,0.0097120339968687,129.73697028046882,7.264434552284142e-07,26.73856489280054,0.20593021917957946,160.43138935680327,1.235581315077477,83.0,2187.0,12000000.0,0.1666666666666666
INTEL,Intel CPU,CPU,CPU package RAPL,2,1000000,8T,8,7.348909157241882e-05,0.0099387937978839,0.0099387977015687,135.15779487880656,7.303929275320781e-07,27.21492342886192,0.20123166258121047,163.2895405731715,1.2073899754872628,88.0,2324.5,12000000.0,0.1666666666666666
INTEL,Intel CPU,CPU,CPU package RAPL,3,1000000,8T,8,7.253131577037521e-05,0.0095291054503229,0.0095291132520502,131.35789816604233,6.911585564265737e-07,27.574296409177826,0.20988328971973216,165.44577845506694,1.259299738318393,86.0,2316.5,12000000.0,0.1666666666666666
INTEL,Intel CPU,CPU,CPU package RAPL,4,1000000,8T,8,7.575855828683456e-05,0.0101525430930478,0.0101525430930478,133.96849145561262,7.691420276742614e-07,26.399657612644447,0.19699497767899635,158.3979456758667,1.1819698660739781,88.5,2281.5,12000000.0,0.1666666666666666
INTEL,Intel CPU,CPU,CPU package RAPL,5,1000000,8T,8,7.809590752889722e-05,0.0104269435723211,0.0104269435723211,133.3596551760158,8.143016210330179e-07,25.609536572194333,0.19181076277319759,153.65721943316598,1.1508645766391856,88.0,2249.5,12000000.0,0.1666666666666666
INTEL,Intel CPU,CPU,CPU package RAPL,1,1000000,10T,10,5.098217568947906e-05,0.0071583908580183,0.0071583920071501,140.47364133913945,3.6495034037744975e-07,39.229396802944414,0.2793923997262245,235.37638081766647,1.676354398357347,76.0,2519.0,12000000.0,0.1666666666666666
INTEL,Intel CPU,CPU,CPU package RAPL,2,1000000,10T,10,5.2620882584712367e-05,0.0077692344628316,0.0077692344628316,147.64017935406372,4.088239744417625e-07,38.00772434366291,0.2574256201905218,228.0463460619775,1.5445537211431308,88.0,2399.5,12000000.0,0.1666666666666666
INTEL,Intel CPU,CPU,CPU package RAPL,3,1000000,10T,10,5.129379964130157e-05,0.0076560080450935,0.0076560080450935,149.30843148836982,3.927057427172189e-07,38.99106741918194,0.26123274534458446,233.94640451509164,1.5673964720675067,90.0,2519.0,12000000.0,0.1666666666666666
INTEL,Intel CPU,CPU,CPU package RAPL,4,1000000,10T,10,5.714782857142858e-05,0.0084336419428571,0.0084336427999999,147.63193269560196,4.819643239832074e-07,34.99695526489195,0.2371454720927424,209.9817315893517,1.4228728325564541,90.0,2519.5,12000000.0,0.1666666666666666
INTEL,Intel CPU,CPU,CPU package RAPL,5,1000000,10T,10,5.226265657620041e-05,0.0077999560281837,0.0077999560281837,149.19827128717435,4.0764642321042895e-07,38.26824220242123,0.25641170190875046,229.60945321452738,1.5384702114525026,90.0,2520.0,12000000.0,0.1666666666666666
INTEL,Intel CPU,CPU,CPU package RAPL,1,1000000,16T,16,6.820107768910715e-05,0.00872773647773,0.0087277370233954,128.00062449190426,5.95241033567718e-07,29.32504980517974,0.22915448983860484,175.95029883107847,1.374926939031629,81.0,3120.0,12000000.0,0.1666666666666666
INTEL,Intel CPU,CPU,CPU package RAPL,2,1000000,16T,16,6.791160502205633e-05,0.0089742160841533,0.0089742192059721,132.12879514688746,6.094534180896041e-07,29.450047592755904,0.22286069125654398,176.70028555653542,1.337164147539264,87.0,3126.0,12000000.0,0.1666666666666666
INTEL,Intel CPU,CPU,CPU package RAPL,3,1000000,16T,16,6.71453734147487e-05,0.0088751844259545,0.0088751844259545,132.19090756490766,5.95927572405477e-07,29.786117766390937,0.22534742986874956,178.7167065983456,1.3520845792124971,86.5,3119.5,12000000.0,0.1666666666666666
INTEL,Intel CPU,CPU,CPU package RAPL,4,1000000,16T,16,6.851643111964873e-05,0.0089701245883644,0.0089701319635016,130.85887811951696,6.146009234933368e-07,29.19007845734761,0.22296234353247452,175.14047074408566,1.3377740611948472,86.0,3119.0,12000000.0,0.1666666666666666
INTEL,Intel CPU,CPU,CPU package RAPL,5,1000000,16T,16,0.0001126697562071,0.0140605173014268,0.0142912487922705,124.85287067017386,1.5841950564974693e-06,17.750992522995872,0.14224227723094146,106.50595513797523,0.8534536633856489,83.0,3141.0,12000000.0,0.1666666666666666
INTEL,Intel CPU,CPU,CPU package RAPL,1,1000000,20T,20,5.4815005194947225e-05,0.0074901446656094,0.0074901471810575,136.66515683456714,4.105723187562855e-07,36.48635976384725,0.26701753961881314,218.91815858308345,1.602105237712879,72.5,3600.0,12000000.0,0.1666666666666666
INTEL,Intel CPU,CPU,CPU package RAPL,2,1000000,20T,20,5.49435900252664e-05,0.0081116105130176,0.0081116130396572,147.5245644748693,4.456810024718799e-07,36.4009705059367,0.2465601617324178,218.4058230356202,1.4793609703945068,88.0,3601.0,12000000.0,0.1666666666666666
INTEL,Intel CPU,CPU,CPU package RAPL,3,1000000,20T,20,5.414410209367581e-05,0.0079986117256637,0.0079986117256637,147.74896459339612,4.330776498820078e-07,36.93846462796187,0.2500433911028537,221.6307877677712,1.5002603466171223,88.5,3600.0,12000000.0,0.1666666666666666
INTEL,Intel CPU,CPU,CPU package RAPL,4,1000000,20T,20,5.4597093719386085e-05,0.0082015756503755,0.0082015756503755,149.99947024005303,4.477821944301861e-07,36.63198649875844,0.24385558156845533,219.7919189925506,1.463133489410732,92.0,3599.0,12000000.0,0.1666666666666666
INTEL,Intel CPU,CPU,CPU package RAPL,5,1000000,20T,20,7.271315102277673e-05,0.0104622893152473,0.0105797828231539,143.93309868249509,7.607460230235603e-07,27.505340806555314,0.19116275030602378,165.0320448393319,1.1469765018361426,88.5,3600.0,12000000.0,0.1666666666666666
INTEL,Intel CPU,CPU,CPU package RAPL,1,2000000,1T,1,0.0011073316722037,0.050807919158361,0.0514206904761904,45.88066784088802,5.626121808281829e-05,3.6122871768307703,0.07872788467350086,21.673723060984624,0.4723673080410052,74.0,1338.0,24000000.0,0.1666666666666666
INTEL,Intel CPU,CPU,CPU package RAPL,2,2000000,1T,1,0.0011025269823788,0.0509464118942731,0.0515789102422907,46.21952099595848,5.616979376882032e-05,3.6280291221260135,0.07851387077663151,21.768174732756076,0.471083224659789,81.0,1339.0,24000000.0,0.1666666666666666
INTEL,Intel CPU,CPU,CPU package RAPL,3,2000000,1T,1,0.0010972267250821,0.0507149375684556,0.0512709408543264,46.20388470429455,5.5645784860979695e-05,3.645554659362403,0.0788722256554246,21.873327956174414,0.47323335393254756,80.0,1339.0,24000000.0,0.1666666666666666
INTEL,Intel CPU,CPU,CPU package RAPL,4,2000000,1T,1,0.0011110881374722,0.0531914617516629,0.053804614745011,47.87919391188491,5.9100402167078895e-05,3.6000744361291344,0.07520003903398932,21.600446616774803,0.4512002342039359,83.0,1338.5,24000000.0,0.1666666666666666
INTEL,Intel CPU,CPU,CPU package RAPL,5,2000000,1T,1,0.0011438179223744,0.0529213515981735,0.0535305136986301,46.2776785223746,6.0532390434267954e-05,3.49706008426287,0.07558385942920728,20.982360505577216,0.45350315657524365,81.0,1339.0,24000000.0,0.1666666666666666
INTEL,Intel CPU,CPU,CPU package RAPL,1,2000000,2T,2,0.0006276193609022,0.0377511801378446,0.0385300037593984,60.15707669240035,2.3693371551417852e-05,6.373289686682097,0.10595695248186696,38.23973812009258,0.6357417148912017,75.0,1471.5,24000000.0,0.1666666666666666
INTEL,Intel CPU,CPU,CPU package RAPL,2,2000000,2T,2,0.0006090756200846,0.0389645886267392,0.0397420238959467,63.93512524525517,2.3732380979172532e-05,6.56732902795289,0.1026573137552651,39.40397416771734,0.6159438825315906,83.0,1603.0,24000000.0,0.1666666666666666
INTEL,Intel CPU,CPU,CPU package RAPL,3,2000000,2T,2,0.0006142594077729,0.0385639161011721,0.0392826289327575,62.72649398911543,2.368824826570978e-05,6.511906776491495,0.10372390577518202,39.071440658948966,0.6223434346510922,82.5,1607.5,24000000.0,0.1666666666666666
INTEL,Intel CPU,CPU,CPU package RAPL,4,2000000,2T,2,0.0006077880170316,0.038974059002433,0.0397027542579075,63.903101879777786,2.368796603676133e-05,6.581241959220845,0.10263236887259539,39.487451755325075,0.6157942132355723,83.0,1600.0,24000000.0,0.1666666666666666
INTEL,Intel CPU,CPU,CPU package RAPL,5,2000000,2T,2,0.0006601325857519,0.0418068614775725,0.0425621625989445,63.28187042709671,2.7598071569361436e-05,6.059388805120029,0.0956780743310717,36.35633283072017,0.5740684459864301,82.0,1609.5,24000000.0,0.1666666666666666
INTEL,Intel CPU,CPU,CPU package RAPL,1,2000000,4T,4,0.0004588565536205,0.0342726491750687,0.0350804429422548,74.69261669490815,1.5726229683916494e-05,8.717321281430849,0.11671114128258754,52.3039276885851,0.7002668476955252,69.0,1849.0,24000000.0,0.1666666666666666
INTEL,Intel CPU,CPU,CPU package RAPL,2,2000000,4T,4,0.000445180248007,0.0354380885739592,0.0362763487599645,79.58734534401589,1.577633706024919e-05,8.985124604937782,0.11287290485918873,53.91074762962669,0.6772374291551324,80.0,1849.0,24000000.0,0.1666666666666666
INTEL,Intel CPU,CPU,CPU package RAPL,3,2000000,4T,4,0.0004514294382022,0.0366508593258426,0.0374819415730337,81.0688010685004,1.6545276835092984e-05,8.860742480441335,0.10913795947970016,53.16445488264801,0.654827756878201,81.5,1840.0,24000000.0,0.1666666666666666
INTEL,Intel CPU,CPU,CPU package RAPL,4,2000000,4T,4,0.0004460491985752,0.0366974432324131,0.0375033532947462,82.24122889274824,1.636886514357676e-05,8.967620640900298,0.10899941924201932,53.80572384540179,0.6539965154521159,84.0,1780.0,24000000.0,0.1666666666666666
INTEL,Intel CPU,CPU,CPU package RAPL,5,2000000,4T,4,0.0004684749766136,0.0376394251637044,0.0384721375116931,80.45440039616287,1.7633128823315766e-05,8.538342920499712,0.10627154858510404,51.23005752299827,0.6376292915106243,81.0,1799.0,24000000.0,0.1666666666666666
INTEL,Intel CPU,CPU,CPU package RAPL,1,2000000,8T,8,0.0003321923714759,0.0351194883913764,0.0357635066334991,105.58731105541126,1.1666426133751666e-05,12.041215703504479,0.11389687558723666,72.24729422102688,0.6833812535234199,73.5,2324.0,24000000.0,0.1666666666666666
INTEL,Intel CPU,CPU,CPU package RAPL,2,2000000,8T,8,0.0003185559273422,0.036090804652645,0.0367822031548757,113.30502099611536,1.1496939744649513e-05,12.556664800975778,0.11083155497634078,75.33998880585467,0.6649893298580447,82.0,2197.5,24000000.0,0.1666666666666666
INTEL,Intel CPU,CPU,CPU package RAPL,3,2000000,8T,8,0.000306168685645,0.034647778316172,0.0352313628104179,113.2818887584388,1.0608064747581712e-05,13.064693378335779,0.11544751768782192,78.38816027001468,0.6926851061269316,82.0,2193.0,24000000.0,0.1666666666666666
INTEL,Intel CPU,CPU,CPU package RAPL,4,2000000,8T,8,0.0003167631997455,0.0358165281488549,0.0364605176526717,113.09248902088606,1.1345358060206048e-05,12.627729493873522,0.11168028300721507,75.76637696324113,0.6700816980432904,83.0,2200.0,24000000.0,0.1666666666666666
INTEL,Intel CPU,CPU,CPU package RAPL,5,2000000,8T,8,0.0003731360924683,0.0400885706562267,0.0408370997390007,107.42603614840856,1.4958492607303784e-05,10.719949318062344,0.09977906257375393,64.31969590837406,0.5986743754425236,82.0,2325.5,24000000.0,0.1666666666666666
INTEL,Intel CPU,CPU,CPU package RAPL,1,2000000,10T,10,0.0002806352298206,0.0339082012331838,0.0344411325672645,120.88032585321534,9.515835845877688e-06,14.25337796169446,0.11796556156112034,85.52026777016677,0.7077933693667221,77.0,2519.5,24000000.0,0.1666666666666666
INTEL,Intel CPU,CPU,CPU package RAPL,2,2000000,10T,10,0.000243084667637,0.0320214308588064,0.0325633545608927,131.6147912791277,7.783918877574129e-06,16.455171932000365,0.1249163417349271,98.73103159200218,0.7494980504095626,85.0,2519.0,24000000.0,0.1666666666666666
INTEL,Intel CPU,CPU,CPU package RAPL,3,2000000,10T,10,0.0002398038581356,0.0315301573208722,0.0320219408099688,131.42215687570996,7.561053373167587e-06,16.68029877041491,0.1268626717999944,100.08179262248946,0.7611760307999663,85.0,2401.5,24000000.0,0.1666666666666666
INTEL,Intel CPU,CPU,CPU package RAPL,4,2000000,10T,10,0.0002424371822803,0.0322702283950617,0.0327942190752844,133.08928562034424,7.823503243640486e-06,16.499119328054626,0.12395325967423641,98.99471596832774,0.7437195580454184,87.0,2519.0,24000000.0,0.1666666666666666
INTEL,Intel CPU,CPU,CPU package RAPL,5,2000000,10T,10,0.0002419220826286,0.031755504832085,0.0322875300797294,131.1544448647503,7.682357863900575e-06,16.534249195187446,0.1259624125376365,99.20549517112467,0.755774475225819,85.0,2519.5,24000000.0,0.1666666666666666
INTEL,Intel CPU,CPU,CPU package RAPL,1,2000000,16T,16,0.0003034902971497,0.033412192995755,0.0340136782898726,110.0891014170835,1.0140276380704809e-05,13.179993026356804,0.11971677526549059,79.07995815814083,0.7183006515929435,70.0,3240.0,24000000.0,0.1666666666666666
INTEL,Intel CPU,CPU,CPU package RAPL,2,2000000,16T,16,0.0002624411379129,0.0326027317776612,0.0332050579444153,124.27678729363518,8.55629802679847e-06,15.241512941951715,0.12268910554117207,91.44907765171028,0.7361346332470325,84.0,3240.0,24000000.0,0.1666666666666666
INTEL,Intel CPU,CPU,CPU package RAPL,3,2000000,16T,16,0.0002611140396659,0.0327251608820459,0.033302837552192,125.30582681981252,8.544998956627493e-06,15.318977122479014,0.12223010956057764,91.91386273487409,0.7333806573634659,85.0,3240.0,24000000.0,0.1666666666666666
INTEL,Intel CPU,CPU,CPU package RAPL,4,2000000,16T,16,0.0002625433586586,0.0322415348441184,0.032843389572963,122.6725097270812,8.464800846283127e-06,15.235578688552645,0.12406357263508788,91.41347213131587,0.7443814358105272,83.0,3239.0,24000000.0,0.1666666666666666
INTEL,Intel CPU,CPU,CPU package RAPL,5,2000000,16T,16,0.0003639022173754,0.0406766217739004,0.0414426786623046,111.76624629743948,1.4802312858862831e-05,10.991963799642411,0.09833658316646506,65.95178279785446,0.5900194989987904,82.0,3239.0,24000000.0,0.1666666666666666
INTEL,Intel CPU,CPU,CPU package RAPL,1,2000000,20T,20,0.0003044949893713,0.0341651986030974,0.0347844886122077,112.28932334269476,1.0403131785518496e-05,13.13650516305349,0.11707820131440307,78.81903097832094,0.7024692078864184,65.0,3600.0,24000000.0,0.1666666666666666
INTEL,Intel CPU,CPU,CPU package RAPL,2,2000000,20T,20,0.000234537128133,0.031322113961115,0.031787373506676,133.38796269893103,7.346198655494456e-06,17.05486901729138,0.12770530127582772,102.32921410374827,0.7662318076549662,84.0,3999.5,24000000.0,0.1666666666666666
INTEL,Intel CPU,CPU,CPU package RAPL,3,2000000,20T,20,0.0002339992979171,0.0316457618769014,0.0321670575707933,135.08561781124888,7.405086061246657e-06,17.094068382278216,0.1263992320854707,102.5644102936693,0.7583953925128241,86.0,3999.0,24000000.0,0.1666666666666666
INTEL,Intel CPU,CPU,CPU package RAPL,4,2000000,20T,20,0.0002728740811325,0.0358419188674108,0.0364994337054179,131.31141934473789,9.780330676970338e-06,14.658775884462665,0.11160116774989388,87.95265530677598,0.6696070064993633,86.0,3600.0,24000000.0,0.1666666666666666
INTEL,Intel CPU,CPU,CPU package RAPL,5,2000000,20T,20,0.0004046097413096,0.0472158765157639,0.0481060440582053,116.69171190122732,1.9104003582749252e-05,9.88606944324475,0.0847172666309504,59.31641665946851,0.5083035997857024,82.0,3600.0,24000000.0,0.1666666666666666
INTEL,Intel CPU,CPU,CPU package RAPL,1,4000000,1T,1,0.0026650853333333,0.118735212,0.120952692,44.55814434682044,0.00031643947205142004,3.0017800555729925,0.06737681152243194,18.010680333437953,0.40426086913459164,76.0,1339.0,48000000.0,0.1666666666666666
INTEL,Intel CPU,CPU,CPU package RAPL,2,4000000,1T,1,0.0026569124668435,0.1224885835543766,0.1247129880636604,46.12897815810145,0.0003254414446916249,3.0110137612114354,0.0653122092513099,18.066082567268612,0.39187325550785934,82.0,1339.0,48000000.0,0.1666666666666666
INTEL,Intel CPU,CPU,CPU package RAPL,3,4000000,1T,1,0.0026437203166226,0.1263241715039577,0.1283928799472295,47.791092626730936,0.0003339657786855307,3.0260387037537098,0.06332913095534819,18.15623222252226,0.3799747857320891,81.0,1338.5,48000000.0,0.1666666666666666
INTEL,Intel CPU,CPU,CPU package RAPL,4,4000000,1T,1,0.0026753729946524,0.1240331564171123,0.1261711069518716,46.32820834697219,0.00033183495711983926,2.990237255138103,0.06449888264632017,17.941423530828622,0.38699329587792103,83.0,1339.0,48000000.0,0.1666666666666666
INTEL,Intel CPU,CPU,CPU package RAPL,5,4000000,1T,1,0.0026711066666666,0.1269190266666666,0.1290300813333333,47.51361965656521,0.0003390142582561691,2.995013302850828,0.06303231446149343,17.97007981710497,0.3781938867689606,81.0,1338.5,48000000.0,0.1666666666666666
INTEL,Intel CPU,CPU,CPU package RAPL,1,4000000,2T,2,0.0016446710743801,0.0962851338842975,0.0989928041322314,58.43288204660856,0.00015835737459231935,4.864194503460404,0.08308655425055878,29.185167020762425,0.4985193255033527,73.0,1592.0,48000000.0,0.1666666666666666
INTEL,Intel CPU,CPU,CPU package RAPL,2,4000000,2T,2,0.0016305024793388,0.0978253338842975,0.1004052669421487,59.832686814600265,0.000159504449440493,4.90646294708129,0.0817784073138147,29.438777682487743,0.4906704438828883,79.0,1617.5,48000000.0,0.1666666666666666
INTEL,Intel CPU,CPU,CPU package RAPL,3,4000000,2T,2,0.001648908496732,0.1039322826797385,0.1063720326797385,63.21180966726449,0.0001713748239953729,4.85169432740224,0.07697319633257312,29.11016596441344,0.4618391779954387,83.5,1666.5,48000000.0,0.1666666666666666
INTEL,Intel CPU,CPU,CPU package RAPL,4,4000000,2T,2,0.0016534685430463,0.1029760496688741,0.1053889660596026,62.37938212005445,0.00017026765881465668,4.838313999769868,0.0776879675004479,29.02988399861921,0.46612780500268747,84.0,1606.5,48000000.0,0.1666666666666666
INTEL,Intel CPU,CPU,CPU package RAPL,5,4000000,2T,2,0.0016338701298701,0.1015006599025974,0.1039781550324675,62.01488531675991,0.00016583889637695768,4.896349993641193,0.07881722155971203,29.37809996184716,0.47290332935827223,82.0,1609.0,48000000.0,0.1666666666666666
INTEL,Intel CPU,CPU,CPU package RAPL,1,4000000,4T,4,0.0013379772727272,0.094651739973262,0.0971169725935828,70.73827289660595,0.0001266418769083092,5.9791748059319385,0.08452036911587579,35.87504883559163,0.5071222146952548,69.0,1850.0,48000000.0,0.1666666666666666
INTEL,Intel CPU,CPU,CPU package RAPL,2,4000000,4T,4,0.0013335315860215,0.1027659583333333,0.1053918407258064,76.79883090818927,0.00013704165140526934,5.999107995534962,0.07784679021871302,35.99464797320978,0.4670807413122781,79.0,1833.5,48000000.0,0.1666666666666666
INTEL,Intel CPU,CPU,CPU package RAPL,3,4000000,4T,4,0.0013462916666666,0.104096504704301,0.1065528642473118,77.12472115452297,0.00014014425681252096,5.942248769769103,0.07685176387742307,35.653492618614614,0.4611105832645384,81.0,1965.5,48000000.0,0.1666666666666666
INTEL,Intel CPU,CPU,CPU package RAPL,4,4000000,4T,4,0.0013419651941097,0.1035915923694779,0.1061831378848728,76.9350484007199,0.00013901631136223932,5.961406476944762,0.07722634450358261,35.76843886166857,0.4633580670214956,81.0,1831.0,48000000.0,0.1666666666666666
INTEL,Intel CPU,CPU,CPU package RAPL,5,4000000,4T,4,0.0013588731343283,0.1039402862957937,0.106581684531886,76.39919895991127,0.00014124166262174603,5.887230969471225,0.07696726923796963,35.32338581682735,0.46180361542781784,80.0,1778.5,48000000.0,0.1666666666666666
INTEL,Intel CPU,CPU,CPU package RAPL,1,4000000,8T,8,0.001306448366013,0.1190007777777777,0.1216056980392156,91.0749104454804,0.0001554683716820538,6.123472008629229,0.06722645136773153,36.74083205177538,0.4033587082063892,59.0,2420.0,48000000.0,0.1666666666666666
INTEL,Intel CPU,CPU,CPU package RAPL,2,4000000,8T,8,0.0013175978975032,0.1395433745072273,0.1421774776609723,105.6582075598235,0.00018386205686122436,6.0716551044591895,0.057329844775866876,36.42993062675514,0.34397906865520117,80.0,2312.0,48000000.0,0.1666666666666666
INTEL,Intel CPU,CPU,CPU package RAPL,3,4000000,8T,8,0.00131494921875,0.1374305546874999,0.140139384765625,104.46600338533946,0.00018071420051870714,6.083885131020388,0.058211218154441795,36.50331078612232,0.34926730892665075,81.0,2249.5,48000000.0,0.1666666666666666
INTEL,Intel CPU,CPU,CPU package RAPL,4,4000000,8T,8,0.0013064954545454,0.1366386974025974,0.1395120201298701,104.54962478469866,0.00017851783707149786,6.123251307279618,0.058548567514724606,36.739507843677714,0.35129140508834766,81.0,2189.5,48000000.0,0.1666666666666666
INTEL,Intel CPU,CPU,CPU package RAPL,5,4000000,8T,8,0.0013218133245382,0.1408963588390501,0.1435652697889182,106.62591271567716,0.00018623868449237202,6.052291841433017,0.05677932393653002,36.3137510485981,0.3406759436191801,82.0,2323.5,48000000.0,0.1666666666666666
INTEL,Intel CPU,CPU,CPU package RAPL,1,4000000,10T,10,0.0013120183486238,0.1441273125819135,0.1470056671035386,109.76791395838728,0.00018909767864530838,6.097475701000177,0.05550648143427548,36.58485420600106,0.3330388886056529,72.0,2519.0,48000000.0,0.1666666666666666
INTEL,Intel CPU,CPU,CPU package RAPL,2,4000000,10T,10,0.0013241957671957,0.1539358406084656,0.1570053505291005,116.230345766736,0.0002038411885534421,6.041402788155641,0.05196970353608506,36.24841672893385,0.3118182212165103,82.0,2400.0,48000000.0,0.1666666666666666
INTEL,Intel CPU,CPU,CPU package RAPL,3,4000000,10T,10,0.0013028580729166,0.1512343587239583,0.1539888072916666,116.04756582667106,0.00019703690516587407,6.140346493836482,0.05289803234860183,36.84207896301889,0.317388194091611,82.0,2520.0,48000000.0,0.1666666666666666
INTEL,Intel CPU,CPU,CPU package RAPL,4,4000000,10T,10,0.00133691188251,0.1581782730307076,0.1612853377837116,118.26791980468028,0.00021147041276966408,5.983939633313986,0.05057584614321169,35.90363779988391,0.30345507685927015,84.0,2519.5,48000000.0,0.1666666666666666
INTEL,Intel CPU,CPU,CPU package RAPL,5,4000000,10T,10,0.001231422509225,0.1429996377613775,0.1456951291512915,116.143859610261,0.00017609297275038155,6.496551703472456,0.05594419765838529,38.97931022083473,0.3356651859503117,82.0,2519.0,48000000.0,0.1666666666666666
INTEL,Intel CPU,CPU,CPU package RAPL,1,4000000,16T,16,0.0013469576612903,0.1420858293010752,0.1452617103494623,105.4003775373066,0.00019138359633786903,5.939310662769094,0.05630399624897331,35.635863976614566,0.33782397749383986,75.0,3243.5,48000000.0,0.1666666666666666
INTEL,Intel CPU,CPU,CPU package RAPL,2,4000000,16T,16,0.0013479320323014,0.1469063580080753,0.1501374959623149,108.96042805246368,0.000198019785707822,5.935017351239254,0.054456458579963216,35.610104107435525,0.3267387514797793,80.0,3244.5,48000000.0,0.1666666666666666
INTEL,Intel CPU,CPU,CPU package RAPL,3,4000000,16T,16,0.0012869562982005,0.1471781760925449,0.1501645083547557,114.33716849995312,0.00018941188067996294,6.216217295945544,0.05435588490354466,37.297303775673264,0.326135309421268,82.0,3163.5,48000000.0,0.1666666666666666
INTEL,Intel CPU,CPU,CPU package RAPL,4,4000000,16T,16,0.001318326745718,0.1537133096179183,0.1568088577075098,116.57153064316712,0.00020264436724213357,6.068298338014042,0.05204494015440445,36.40979002808425,0.31226964092642673,83.0,3152.5,48000000.0,0.1666666666666666
INTEL,Intel CPU,CPU,CPU package RAPL,5,4000000,16T,16,0.0012880965250965,0.1420948610038609,0.1450095167310167,110.24216396011856,0.00018303189669314338,6.2107146818059045,0.05630041750618012,37.26428809083543,0.33780250503708065,81.0,3124.0,48000000.0,0.1666666666666666
INTEL,Intel CPU,CPU,CPU package RAPL,1,4000000,20T,20,0.001452470289855,0.163192552173913,0.166630518115942,112.33108328921956,0.00023703233355822065,5.507857927199764,0.04902184501333408,33.04714756319858,0.2941310700800045,74.0,3600.0,48000000.0,0.1666666666666666
INTEL,Intel CPU,CPU,CPU package RAPL,2,4000000,20T,20,0.0014879769687964,0.1727523573551262,0.1764200037147102,116.10156994404218,0.00025705152904971317,5.376427302145051,0.04630906415681748,32.25856381287031,0.2778543849409049,81.0,3605.5,48000000.0,0.1666666666666666
INTEL,Intel CPU,CPU,CPU package RAPL,3,4000000,20T,20,0.0013698123287671,0.1622272671232876,0.1654446369863013,118.42836119667125,0.000222220910567673,5.840216087995356,0.04931353490606639,35.04129652797213,0.29588120943639834,83.0,3999.0,48000000.0,0.1666666666666666
INTEL,Intel CPU,CPU,CPU package RAPL,4,4000000,20T,20,0.0014527300435413,0.1734378178519593,0.1770285428156748,119.35877938217727,0.00025195832867978493,5.506873101143079,0.04612604159277725,33.04123860685848,0.2767562495566635,84.0,3600.0,48000000.0,0.1666666666666666
INTEL,Intel CPU,CPU,CPU package RAPL,5,4000000,20T,20,0.0014489761215629,0.1727668545586107,0.1762508256150506,119.18779105814116,0.00025033504685295735,5.521139983570613,0.04630517827298882,33.12683990142368,0.2778310696379329,84.0,3600.0,48000000.0,0.1666666666666666
INTEL,Intel CPU,CPU,CPU package RAPL,1,8000000,1T,1,0.0058477368421052,0.2702363888888889,0.2754837953216374,46.20970920024744,0.001580271287383024,2.7361012357457524,0.059207422308246584,16.416607414474512,0.3552445338494795,78.0,1339.5,96000000.0,0.1666666666666666
INTEL,Intel CPU,CPU,CPU package RAPL,2,8000000,1T,1,0.0058291686046511,0.269099590116279,0.2744211540697674,46.139458506544536,0.001568626882230293,2.7448168143967533,0.05945754132544883,16.46890088638052,0.35674524795269297,80.0,1339.0,96000000.0,0.1666666666666666
INTEL,Intel CPU,CPU,CPU package RAPL,3,8000000,1T,1,0.0059636994047619,0.2843833184523809,0.2897437351190476,47.7146123646269,0.0016959766269786778,2.6828984685620316,0.05626209050190526,16.09739081137219,0.3375725430114316,81.5,1338.0,96000000.0,0.1666666666666666
INTEL,Intel CPU,CPU,CPU package RAPL,4,8000000,1T,1,0.0058433976608187,0.2797002017543859,0.2846912777777778,47.88515199473749,0.0016343995046620972,2.738133005611377,0.057204106037971804,16.428798033668265,0.34322463622783084,82.0,1339.0,96000000.0,0.1666666666666666
INTEL,Intel CPU,CPU,CPU package RAPL,5,8000000,1T,1,0.0058402660818713,0.2739222251461988,0.278871865497076,46.94203763594196,0.0015997786805920585,2.7396012057850254,0.058410740462773406,16.437607234710153,0.3504644427766404,83.0,1394.5,96000000.0,0.1666666666666666
INTEL,Intel CPU,CPU,CPU package RAPL,1,8000000,2T,2,0.0038557065637065,0.2030252702702702,0.2086495154440154,52.62595174799953,0.000782805867179367,4.14969337931649,0.07880792365748641,24.898160275898945,0.47284754194491846,58.0,1609.5,96000000.0,0.1666666666666666
INTEL,Intel CPU,CPU,CPU package RAPL,2,8000000,2T,2,0.0038216311787072,0.2300634258555133,0.2360036349809885,60.28763881933628,0.0008792175613296217,4.18669391466828,0.0695460390564143,25.12016348800968,0.4172762343384857,80.0,1537.5,96000000.0,0.1666666666666666
INTEL,Intel CPU,CPU,CPU package RAPL,3,8000000,2T,2,0.0037685545112781,0.2299276766917293,0.2358022725563909,60.99103193140042,0.0008664949832643089,4.245659695810961,0.06958709899657563,25.47395817486576,0.41752259397945374,80.0,1604.0,96000000.0,0.1666666666666666
INTEL,Intel CPU,CPU,CPU package RAPL,4,8000000,2T,2,0.0038589478764478,0.2361209671814672,0.2419909382239382,61.18716644872359,0.0009111785048897235,4.146207855683234,0.0677618772741323,24.8772471340994,0.4065712636447938,84.0,1680.5,96000000.0,0.1666666666666666
INTEL,Intel CPU,CPU,CPU package RAPL,5,8000000,2T,2,0.0037318643122676,0.2269078234200743,0.2326822657992565,60.65813894779967,0.0008467892083956935,4.287401325767359,0.07051321439181589,25.724407954604153,0.4230792863508953,82.0,1604.5,96000000.0,0.1666666666666666
INTEL,Intel CPU,CPU,CPU package RAPL,1,8000000,4T,4,0.0031260390625,0.2214736031249999,0.2271792359375,70.8393553123338,0.0006923351346813717,5.118298165859851,0.07224337245721146,30.70978899515911,0.4334602347432688,70.0,1844.0,96000000.0,0.1666666666666666
INTEL,Intel CPU,CPU,CPU package RAPL,2,8000000,4T,4,0.0031338915094339,0.2386214198113207,0.2447755314465408,76.12083724061647,0.0007478136415157603,5.105473482995653,0.06705181794933283,30.632840897973917,0.402310907695997,82.0,1844.0,96000000.0,0.1666666666666666
INTEL,Intel CPU,CPU,CPU package RAPL,3,8000000,4T,4,0.0031881555555555,0.2432144968253968,0.2490015523809523,76.19833139095806,0.0007754056492455243,5.018575700335357,0.06578555229578427,30.111454202012137,0.39471331377470564,81.0,1837.0,96000000.0,0.1666666666666666
INTEL,Intel CPU,CPU,CPU package RAPL,4,8000000,4T,4,0.0031523264984227,0.2420498864353312,0.2478907712933754,76.80943421521624,0.0007630202709502997,5.075616376668397,0.06610207604569457,30.453698260010384,0.39661245627416747,81.0,1841.0,96000000.0,0.1666666666666666
INTEL,Intel CPU,CPU,CPU package RAPL,5,8000000,4T,4,0.0031650205047318,0.2424128249211356,0.2486396750788643,76.66436881816153,0.0007672415614853541,5.055259508138896,0.06600310856162538,30.33155704883338,0.3960186513697523,80.0,1849.5,96000000.0,0.1666666666666666
INTEL,Intel CPU,CPU,CPU package RAPL,1,8000000,8T,8,0.0031114378881987,0.3015076878881987,0.307924849378882,96.9151119515509,0.0009381224436785297,5.142317017056977,0.05306664023085514,30.853902102341866,0.31839984138513083,68.0,2325.0,96000000.0,0.1666666666666666
INTEL,Intel CPU,CPU,CPU package RAPL,2,8000000,8T,8,0.003153121835443,0.3293178180379746,0.3360511503164557,104.4471294283994,0.0010383792028559823,5.074336113546361,0.04858528486349619,30.446016681278163,0.29151170918097713,81.0,2300.0,96000000.0,0.1666666666666666
INTEL,Intel CPU,CPU,CPU package RAPL,3,8000000,8T,8,0.0030976795665634,0.3221364953560371,0.3286542956656346,104.0064038140992,0.0009978756393087416,5.165156581302106,0.04966838663317613,30.990939487812636,0.29801031979905684,80.0,2199.0,96000000.0,0.1666666666666666
INTEL,Intel CPU,CPU,CPU package RAPL,4,8000000,8T,8,0.0031249561128526,0.3300942147335423,0.3367625689655172,105.56294566569171,0.0010315299341488618,5.120071905712137,0.04847101005061684,30.720431434272815,0.29082606030370106,82.5,2246.0,96000000.0,0.1666666666666666
INTEL,Intel CPU,CPU,CPU package RAPL,5,8000000,8T,8,0.0031378348909657,0.3285688021806853,0.335402945482866,104.53972102392304,0.0010309946515653613,5.099057329646762,0.04869604141905519,30.59434397788057,0.2921762485143311,81.0,2296.5,96000000.0,0.1666666666666666
INTEL,Intel CPU,CPU,CPU package RAPL,1,8000000,10T,10,0.0032134631410256,0.347694483974359,0.3548054038461538,108.17136422282596,0.0011173034085895186,4.979051975338197,0.04601741108202319,29.874311852029184,0.2761044664921391,69.0,2520.0,96000000.0,0.1666666666666666
INTEL,Intel CPU,CPU,CPU package RAPL,2,8000000,10T,10,0.0031881958598726,0.3699131146496816,0.3773296671974522,115.9997982164016,0.0011793554606386932,5.018512256847155,0.04325340023468068,30.11107354108293,0.2595204014080841,81.0,2520.0,96000000.0,0.1666666666666666
INTEL,Intel CPU,CPU,CPU package RAPL,3,8000000,10T,10,0.0032195530546623,0.3730097106109324,0.3800898729903537,115.8597340790358,0.001200924553216128,4.969633898975536,0.04289432565654783,29.81780339385321,0.25736595393928696,81.0,2519.5,96000000.0,0.1666666666666666
INTEL,Intel CPU,CPU,CPU package RAPL,4,8000000,10T,10,0.0032171746794871,0.3883022259615384,0.3955865705128205,120.68821688813576,0.0012492360893519398,4.9733078225490726,0.04120501745870705,29.83984693529444,0.2472301047522423,86.0,2519.0,96000000.0,0.1666666666666666
INTEL,Intel CPU,CPU,CPU package RAPL,5,8000000,10T,10,0.0032383899676375,0.3785525016181229,0.3860434870550162,116.76992035054376,0.0012259006234642078,4.94072676851592,0.04226626407594188,29.64436061109552,0.2535975844556513,83.0,2520.0,96000000.0,0.1666666666666666
INTEL,Intel CPU,CPU,CPU package RAPL,1,8000000,16T,16,0.0032741029411764,0.3313732761437908,0.3383547303921568,101.22407897834805,0.0010849502180496449,4.886834741442531,0.04828391772020028,29.32100844865518,0.2897035063212016,66.5,3209.5,96000000.0,0.1666666666666666
INTEL,Intel CPU,CPU,CPU package RAPL,2,8000000,16T,16,0.0032671433224755,0.3599973534201954,0.3675315570032573,110.24242398038405,0.001176162949335644,4.897244602014236,0.044444771185094,29.38346761208542,0.26666862711056394,80.0,3129.0,96000000.0,0.1666666666666666
INTEL,Intel CPU,CPU,CPU package RAPL,3,8000000,16T,16,0.0032928519736842,0.3815850986842105,0.3892947878289474,115.87240771318436,0.0012565032453307828,4.85900979693856,0.04193035853646153,29.15405878163136,0.2515821512187692,82.5,3439.0,96000000.0,0.1666666666666666
INTEL,Intel CPU,CPU,CPU package RAPL,4,8000000,16T,16,0.0032470550161812,0.3640399012944983,0.3714145016181229,112.0544033708291,0.0011820575875884096,4.927542009687689,0.043951226069189706,29.56525205812613,0.2637073564151382,83.0,3262.0,96000000.0,0.1666666666666666
INTEL,Intel CPU,CPU,CPU package RAPL,5,8000000,16T,16,0.0031980445859872,0.3550019140127388,0.3620437133757961,111.034433463845,0.0011353119491235328,5.003057202550221,0.04507017953549924,30.018343215301325,0.2704210772129954,81.0,3248.5,96000000.0,0.1666666666666666
INTEL,Intel CPU,CPU,CPU package RAPL,1,8000000,20T,20,0.0035683932384341,0.3859462437722419,0.3940900729537366,108.16934142930816,0.001377207966675907,4.483810760447803,0.04145655064191288,26.902864562686815,0.2487393038514773,69.0,3599.0,96000000.0,0.1666666666666666
INTEL,Intel CPU,CPU,CPU package RAPL,2,8000000,20T,20,0.0035181122807017,0.4147630210526316,0.4232064210526315,117.84108101463428,0.0014591828779462008,4.547893507483151,0.038576245199954,27.2873610448989,0.231457471199724,83.0,3599.0,96000000.0,0.1666666666666666
INTEL,Intel CPU,CPU,CPU package RAPL,3,8000000,20T,20,0.0035084825174825,0.4207576835664335,0.4290063636363636,119.8080216137646,0.0014762209768892658,4.5603761513056496,0.038026637717891505,27.3622569078339,0.22815982630734905,84.0,3599.0,96000000.0,0.1666666666666666
INTEL,Intel CPU,CPU,CPU package RAPL,4,8000000,20T,20,0.003506173076923,0.4167623461538461,0.4251022919580419,118.90117884445162,0.0014612409175598791,4.563379972685638,0.03839118420283983,27.380279836113832,0.23034710521703897,84.0,3599.5,96000000.0,0.1666666666666666
INTEL,Intel CPU,CPU,CPU package RAPL,5,8000000,20T,20,0.0033483327759197,0.3989590551839465,0.4066200367892977,119.12937979006291,0.0013358476807223641,4.778497560059638,0.04010436607993004,28.670985360357825,0.24062619647958025,84.0,3599.0,96000000.0,0.1666666666666666
INTEL,Intel CPU,CPU,CPU package RAPL,1,16000000,1T,1,0.0123905061728395,0.5507086296296296,0.561233987654321,44.4443030123625,0.006823558674861908,2.582622497710813,0.05810695216728507,15.49573498626488,0.34864171300371044,70.0,1339.0,192000000.0,0.1666666666666666
INTEL,Intel CPU,CPU,CPU package RAPL,2,16000000,1T,1,0.0123982654320987,0.5780459074074074,0.589228413580247,46.60278580764303,0.007166766591975384,2.5810062040737614,0.05535892493992932,15.486037224442569,0.33215354963957594,83.0,1339.5,192000000.0,0.1666666666666666
INTEL,Intel CPU,CPU,CPU package RAPL,3,16000000,1T,1,0.0126769493670886,0.5948540696202531,0.606246082278481,46.9180644220869,0.007540934921382546,2.5242666096842785,0.053794706356179715,15.145599658105668,0.3227682381370783,82.0,1338.0,192000000.0,0.1666666666666666
INTEL,Intel CPU,CPU,CPU package RAPL,4,16000000,1T,1,0.0124029876543209,0.5950000740740742,0.6057728827160493,47.962483537340574,0.007379778573060763,2.580023530770183,0.05378150590955419,15.480141184621097,0.3226890354573251,84.0,1339.0,192000000.0,0.1666666666666666
INTEL,Intel CPU,CPU,CPU package RAPL,5,16000000,1T,1,0.0124159259259259,0.5941636666666668,0.6054448641975309,47.85605685889291,0.007377092073209862,2.5773349640545353,0.05385721442632809,15.464009784327212,0.32314328655796853,82.0,1339.0,192000000.0,0.1666666666666666
INTEL,Intel CPU,CPU,CPU package RAPL,1,16000000,2T,2,0.008000492,0.429142208,0.441283308,53.500332783304245,0.003433348801966336,3.9997540151280697,0.07456735646939673,23.998524090768417,0.44740413881638036,64.0,1469.0,192000000.0,0.1666666666666666
INTEL,Intel CPU,CPU,CPU package RAPL,2,16000000,2T,2,0.0079598253968253,0.4794340396825396,0.4922805753968253,60.25914867219811,0.003816211245167628,4.020188685641634,0.06674536505832795,24.121132113849804,0.4004721903499678,80.5,1604.0,192000000.0,0.1666666666666666
INTEL,Intel CPU,CPU,CPU package RAPL,3,16000000,2T,2,0.0079724166666666,0.4811020912698412,0.4937373452380952,60.35273331324661,0.0038355463308078377,4.013839383708445,0.06651394907791369,24.08303630225067,0.3990836944674821,81.0,1615.5,192000000.0,0.1666666666666666
INTEL,Intel CPU,CPU,CPU package RAPL,4,16000000,2T,2,0.008132581300813,0.4896942235772358,0.5021685569105692,59.89805344349351,0.003982478085780368,3.9347900520589962,0.065346901105426,23.608740312353977,0.39208140663255603,82.0,1603.0,192000000.0,0.1666666666666666
INTEL,Intel CPU,CPU,CPU package RAPL,5,16000000,2T,2,0.0079681587301587,0.4811854087301587,0.4937930317460317,60.21890958527919,0.0038341617153981964,4.015984254791905,0.06650243215904558,24.09590552875143,0.3990145929542735,81.5,1600.5,192000000.0,0.1666666666666666
INTEL,Intel CPU,CPU,CPU package RAPL,1,16000000,4T,4,0.0068140136054421,0.4867196632653061,0.4992755510204082,71.33264776500553,0.003316514407525993,4.696204300860624,0.0657462650785841,28.177225805163747,0.3944775904715045,69.0,1849.0,192000000.0,0.1666666666666666
INTEL,Intel CPU,CPU,CPU package RAPL,2,16000000,4T,4,0.006743110738255,0.5195897281879194,0.532628768456376,76.99995763491641,0.0035036510756309555,4.745584232876034,0.06158705275333426,28.473505397256204,0.3695223165200056,80.5,1846.0,192000000.0,0.1666666666666666
INTEL,Intel CPU,CPU,CPU package RAPL,3,16000000,4T,4,0.0067023758389261,0.5116990067114094,0.5241689194630872,76.33632988259339,0.003429599059385035,4.774426377904713,0.0625367639575027,28.64655826742828,0.37522058374501616,81.0,1849.5,192000000.0,0.1666666666666666
INTEL,Intel CPU,CPU,CPU package RAPL,4,16000000,4T,4,0.0067363724832214,0.5139101912751678,0.5263724530201342,76.33324721853103,0.003461890471353087,4.750331143312503,0.062267689069559505,28.501986859875018,0.373606134417357,82.0,1849.5,192000000.0,0.1666666666666666
INTEL,Intel CPU,CPU,CPU package RAPL,5,16000000,4T,4,0.0067128523489932,0.5032997315436241,0.5158949127516779,74.98787809449576,0.0033785767851402635,4.766975100353487,0.06358040347419967,28.601850602120923,0.381482420845198,79.0,1849.0,192000000.0,0.1666666666666666
INTEL,Intel CPU,CPU,CPU package RAPL,1,16000000,8T,8,0.0067184966442953,0.6856370805369127,0.699718365771812,101.89661488324522,0.004606450424791675,4.762970303359653,0.04667192149955083,28.577821820157922,0.280031528997305,75.0,2296.0,192000000.0,0.1666666666666666
INTEL,Intel CPU,CPU,CPU package RAPL,2,16000000,8T,8,0.0067680067114093,0.7179653523489933,0.7324418758389262,106.02014351153171,0.00485919432325733,4.728127699113443,0.04457039590462749,28.36876619468066,0.2674223754277649,82.0,2199.5,192000000.0,0.1666666666666666
INTEL,Intel CPU,CPU,CPU package RAPL,3,16000000,8T,8,0.0067398523489932,0.7149285604026845,0.729032744966443,106.1127873597747,0.00481851293719236,4.747878490955394,0.044759716945670706,28.487270945732362,0.2685583016740242,81.0,2309.5,192000000.0,0.1666666666666666
INTEL,Intel CPU,CPU,CPU package RAPL,4,16000000,8T,8,0.0067555067114093,0.72756177852349,0.7418126510067113,107.619813681066,0.004915048477780324,4.736876353916658,0.04398251934693522,28.42125812349995,0.2638951160816113,84.0,2198.0,192000000.0,0.1666666666666666
INTEL,Intel CPU,CPU,CPU package RAPL,5,16000000,8T,8,0.0067648209459459,0.7132950135135135,0.7276765506756757,105.33138652713036,0.0048253130480549805,4.730354322116586,0.044862223054632014,28.382125932699516,0.26917333832779206,80.0,2181.5,192000000.0,0.1666666666666666
INTEL,Intel CPU,CPU,CPU package RAPL,1,16000000,10T,10,0.0069309137931034,0.7994284310344828,0.8144372586206896,115.34242530736996,0.005540769539255907,4.616995818335178,0.04002859888106694,27.701974910011064,0.24017159328640167,79.0,2400.5,192000000.0,0.1666666666666666
INTEL,Intel CPU,CPU,CPU package RAPL,2,16000000,10T,10,0.0069456275862068,0.8245394931034482,0.8400975379310345,118.69484409426796,0.005726944249216282,4.607215057649828,0.03880954189296209,27.64329034589897,0.23285725135777252,82.0,2519.0,192000000.0,0.1666666666666666
INTEL,Intel CPU,CPU,CPU package RAPL,3,16000000,10T,10,0.0069254344827586,0.817099324137931,0.8323295793103449,117.98117276282905,0.005658767835223574,4.620648723147473,0.03916292555224072,27.723892338884834,0.2349775533134443,82.0,2522.0,192000000.0,0.1666666666666666
INTEL,Intel CPU,CPU,CPU package RAPL,4,16000000,10T,10,0.0069396551724137,0.8195640896551724,0.8342497689655173,117.96560264110164,0.0056874921739000425,4.611180124223664,0.03904514656500366,27.667080745341988,0.23427087939002192,82.0,2520.5,192000000.0,0.1666666666666666
INTEL,Intel CPU,CPU,CPU package RAPL,5,16000000,10T,10,0.0069410793103448,0.8226657206896552,0.8383151,118.50172296780951,0.00571018801320886,4.6102340240239075,0.038897937759183446,27.661404144143447,0.23338762655510067,83.0,2519.5,192000000.0,0.1666666666666666
INTEL,Intel CPU,CPU,CPU package RAPL,1,16000000,16T,16,0.0070641373239436,0.7268157429577464,0.7423857535211268,102.903446801568,0.005134326217457614,4.5299232634588416,0.04402766493441286,27.179539580753048,0.26416598960647714,60.0,3321.5,192000000.0,0.1666666666666666
INTEL,Intel CPU,CPU,CPU package RAPL,2,16000000,16T,16,0.0069549618055555,0.7608788402777777,0.7769843715277778,109.3892874057043,0.005291883272787308,4.6010317374336935,0.042056630183483094,27.60619042460216,0.25233978110089855,79.0,3230.0,192000000.0,0.1666666666666666
INTEL,Intel CPU,CPU,CPU package RAPL,3,16000000,16T,16,0.0070141853146853,0.7756594545454546,0.791642013986014,110.55558011926922,0.0054406191552695375,4.562183427489857,0.04125521814048198,27.373100564939136,0.2475313088428919,80.0,3178.5,192000000.0,0.1666666666666666
INTEL,Intel CPU,CPU,CPU package RAPL,4,16000000,16T,16,0.0069749618055555,0.7802629652777778,0.7964956249999999,111.85061437818436,0.0054423043811019775,4.587838742645481,0.041011814508725056,27.527032455872888,0.2460708870523503,82.0,3179.5,192000000.0,0.1666666666666666
INTEL,Intel CPU,CPU,CPU package RAPL,5,16000000,16T,16,0.0069711527777777,0.7771478472222222,0.7929616805555555,111.51491912700322,0.0054176163739071545,4.590345531087489,0.04117620619342684,27.542073186524934,0.24705723716056102,82.0,3177.0,192000000.0,0.1666666666666666
INTEL,Intel CPU,CPU,CPU package RAPL,1,16000000,20T,20,0.0073898235294117,0.8536911617647058,0.8710201102941177,115.47818208243778,0.0063086270340596325,4.330279318936254,0.03748428170891598,25.981675913617522,0.2249056902534959,77.0,3599.0,192000000.0,0.1666666666666666
INTEL,Intel CPU,CPU,CPU package RAPL,2,16000000,20T,20,0.0074449185185185,0.889916974074074,0.9078673888888888,119.4238694063155,0.006625359360228021,4.298233744318781,0.035958410652066536,25.78940246591268,0.21575046391239922,82.0,3599.0,192000000.0,0.1666666666666666
INTEL,Intel CPU,CPU,CPU package RAPL,3,16000000,20T,20,0.0073655294117647,0.8929000882352942,0.9104639227941176,121.2236723543924,0.006576681861664355,4.344562109668252,0.035838276221076444,26.06737265800951,0.21502965732645862,84.0,3615.5,192000000.0,0.1666666666666666
INTEL,Intel CPU,CPU,CPU package RAPL,4,16000000,20T,20,0.0074020955882352,0.9053238529411765,0.9228310477941176,122.31517620757576,0.006701293697779975,4.323100075992048,0.03534646733988042,25.93860045595229,0.21207880403928253,86.0,3887.5,192000000.0,0.1666666666666666
INTEL,Intel CPU,CPU,CPU package RAPL,5,16000000,20T,20,0.0073600772058823,0.8810678272058824,0.8982288602941176,119.7050017568265,0.006484727231854261,4.3477804790451176,0.036319564750742446,26.086682874270707,0.21791738850445466,83.0,3599.5,192000000.0,0.1666666666666666
INTEL,Intel CPU,CPU,CPU package RAPL,1,32000000,1T,1,0.0251664375,1.1360299625,1.15792445,45.13553436551904,0.028589827049383596,2.543069514705846,0.05633654226791575,15.258417088235076,0.33801925360749446,78.0,1338.0,384000000.0,0.1666666666666666
INTEL,Intel CPU,CPU,CPU package RAPL,2,32000000,1T,1,0.0253474125,1.1774849375,1.2000660124999998,46.45025354625231,0.02984619642334922,2.5249125527112484,0.05435313689522249,15.14947531626749,0.3261188213713349,80.0,1339.0,384000000.0,0.1666666666666666
INTEL,Intel CPU,CPU,CPU package RAPL,3,32000000,1T,1,0.025288825,1.1695107125,1.1910427875,46.24616783454946,0.029575551744037813,2.530762105396356,0.054723739864845404,15.184572632378135,0.3283424391890724,80.0,1338.0,384000000.0,0.1666666666666666
INTEL,Intel CPU,CPU,CPU package RAPL,4,32000000,1T,1,0.0251715,1.1974830625,1.2185028875,47.56822275310383,0.030142444907718748,2.542558051764893,0.05344543234405873,15.255348310589357,0.3206725940643524,81.0,1339.0,384000000.0,0.1666666666666666
INTEL,Intel CPU,CPU,CPU package RAPL,5,32000000,1T,1,0.025127575,1.1629891125,1.183127925,46.27060489302747,0.029223096148527188,2.5470026455000134,0.055030609755600784,15.282015873000082,0.3301836585336047,82.0,1354.5,384000000.0,0.1666666666666666
INTEL,Intel CPU,CPU,CPU package RAPL,1,32000000,2T,2,0.0162416370967741,0.914346137096774,0.9386024354838708,56.39682912004589,0.014850478139563061,3.9404894727460467,0.0699953741842366,23.64293683647628,0.41997224510541964,70.0,1601.0,384000000.0,0.1666666666666666
INTEL,Intel CPU,CPU,CPU package RAPL,2,32000000,2T,2,0.016123193548387,0.957881314516129,0.9824317661290324,59.432852548295095,0.01544410583032691,3.9694369361709176,0.0668141230339475,23.816621617025504,0.400884738203685,81.0,1610.5,384000000.0,0.1666666666666666
INTEL,Intel CPU,CPU,CPU package RAPL,3,32000000,2T,2,0.0161604919354838,0.9793557983870969,1.0031020161290325,60.498154404839966,0.015826871481803978,3.9602754826710673,0.0653490795739421,23.761652896026405,0.39209447744365267,82.0,1612.5,384000000.0,0.1666666666666666
INTEL,Intel CPU,CPU,CPU package RAPL,4,32000000,2T,2,0.0162259193548387,0.9906388951612904,1.0142039838709678,60.982833093689166,0.016074026822653607,3.9443065505508437,0.06460477204418656,23.665839303305063,0.3876286322651194,83.0,1606.5,384000000.0,0.1666666666666666
INTEL,Intel CPU,CPU,CPU package RAPL,5,32000000,2T,2,0.0162467822580645,0.991620387096774,1.015675927419355,61.026354562767,0.016110640511818923,3.939241566940554,0.06454082714795387,23.635449401643324,0.3872449628877232,82.0,1604.5,384000000.0,0.1666666666666666
INTEL,Intel CPU,CPU,CPU package RAPL,1,32000000,4T,4,0.0138260821917808,1.0233717602739725,1.0472608150684932,74.02940601386968,0.01414922207029534,4.628932412831028,0.06253836824935076,27.77359447698617,0.3752302094961046,74.0,1846.5,384000000.0,0.1666666666666666
INTEL,Intel CPU,CPU,CPU package RAPL,2,32000000,4T,4,0.0139019791666666,1.0423680208333337,1.0669141111111111,74.98769643171599,0.014490978509624502,4.603661049460905,0.061398660282032086,27.62196629676543,0.3683919616921925,79.0,1854.0,384000000.0,0.1666666666666666
INTEL,Intel CPU,CPU,CPU package RAPL,3,32000000,4T,4,0.0137448219178082,1.046522828767123,1.0707865342465754,76.14102615498211,0.014384269914324992,4.6562989599071996,0.06115490101195065,27.937793759443196,0.36692940607170393,81.0,1849.5,384000000.0,0.1666666666666666
INTEL,Intel CPU,CPU,CPU package RAPL,4,32000000,4T,4,0.013775602739726,1.0635131369863011,1.0879594931506849,77.21781934791838,0.014650534483603083,4.645894717581916,0.060177912029707605,27.8753683054915,0.3610674721782456,83.0,1721.5,384000000.0,0.1666666666666666
INTEL,Intel CPU,CPU,CPU package RAPL,5,32000000,4T,4,0.0138840273972602,1.057367828767123,1.0829643013698629,76.00532763302465,0.014680523903584269,4.609613491012659,0.06052765958902226,27.657680946075953,0.36316595753413355,80.0,1720.0,384000000.0,0.1666666666666666
INTEL,Intel CPU,CPU,CPU package RAPL,1,32000000,8T,8,0.0139010555555555,1.4339253402777778,1.462699326388889,102.81455278624313,0.019933075817720216,4.603966924973742,0.04463272821972866,27.62380154984245,0.267796369318372,76.5,2296.0,384000000.0,0.1666666666666666
INTEL,Intel CPU,CPU,CPU package RAPL,2,32000000,8T,8,0.0138601164383561,1.454062308219178,1.4816225342465752,104.87622828227086,0.020153472900542643,4.61756582526884,0.04401462003260521,27.70539495161304,0.26408772019563126,79.0,2260.5,384000000.0,0.1666666666666666
INTEL,Intel CPU,CPU,CPU package RAPL,3,32000000,8T,8,0.0139394652777777,1.4760225486111112,1.5038934027777775,105.90902657118929,0.02057496506558153,4.591280850781903,0.04335977120418784,27.54768510469142,0.260158627225127,81.0,2179.0,384000000.0,0.1666666666666666
INTEL,Intel CPU,CPU,CPU package RAPL,4,32000000,8T,8,0.0138771164383561,1.4921272465753423,1.5201458150684932,107.34403800173064,0.020706423541569707,4.611909129990806,0.04289178429446261,27.67145477994484,0.25735070576677566,83.0,2325.0,384000000.0,0.1666666666666666
INTEL,Intel CPU,CPU,CPU package RAPL,5,32000000,8T,8,0.0139068333333333,1.4823621319444444,1.511178298611111,106.16752703568764,0.020614963108596018,4.602054146043322,0.04317433548848816,27.612324876259937,0.259046012930929,82.0,2324.0,384000000.0,0.1666666666666666
INTEL,Intel CPU,CPU,CPU package RAPL,1,32000000,10T,10,0.0142621830985915,1.6292983873239435,1.659141676056338,114.23666367425308,0.023237351922253936,4.487391555527042,0.039280711561445414,26.92434933316225,0.23568426936867248,77.0,2520.0,384000000.0,0.1666666666666666
INTEL,Intel CPU,CPU,CPU package RAPL,2,32000000,10T,10,0.0142637957746478,1.6917801619718311,1.721935323943662,118.600904563128,0.024131206725966775,4.4868842074809,0.03782997427124673,26.9213052448854,0.2269798456274804,83.0,2520.0,384000000.0,0.1666666666666666
INTEL,Intel CPU,CPU,CPU package RAPL,3,32000000,10T,10,0.0142510563380281,1.6999468169014085,1.7300475211267607,119.32624322904088,0.02422603785931351,4.490895164677708,0.03764823661757637,26.94537098806625,0.22588941970545823,83.0,2520.0,384000000.0,0.1666666666666666
INTEL,Intel CPU,CPU,CPU package RAPL,4,32000000,10T,10,0.0142416408450704,1.6818482253521123,1.7112209929577464,118.11655463432704,0.02395227838138381,4.493864204007992,0.03805337427912138,26.96318522404795,0.22832024567472825,83.0,2519.5,384000000.0,0.1666666666666666
INTEL,Intel CPU,CPU,CPU package RAPL,5,32000000,10T,10,0.0142540915492957,1.666159218309859,1.6964871549295777,116.92160077802056,0.023749586033491688,4.48993889078552,0.03841169517095802,26.939633344713126,0.2304701710257481,81.0,2519.0,384000000.0,0.1666666666666666
INTEL,Intel CPU,CPU,CPU package RAPL,1,32000000,16T,16,0.0142096056338028,1.5281350140845071,1.559555443661972,107.56143945878472,0.021714195905346536,4.503995511863632,0.04188111613838118,27.023973071181793,0.2512866968302871,78.0,3178.0,384000000.0,0.1666666666666666
INTEL,Intel CPU,CPU,CPU package RAPL,2,32000000,16T,16,0.0142612816901408,1.569307422535211,1.6013893239436618,110.05101812338192,0.022380335211203455,4.487675188706558,0.04078232160312363,26.926051132239355,0.24469392961874178,81.0,3180.0,384000000.0,0.1666666666666666
INTEL,Intel CPU,CPU,CPU package RAPL,3,32000000,16T,16,0.0143106857142857,1.5643305357142858,1.59622295,109.3076993856658,0.022386642649867325,4.472182624771903,0.04091206975690536,26.833095748631422,0.24547241854143217,80.5,3178.5,384000000.0,0.1666666666666666
INTEL,Intel CPU,CPU,CPU package RAPL,4,32000000,16T,16,0.0142626126760563,1.5870097112676056,1.619497218309859,111.27463511616747,0.0226349048249498,4.487256399203879,0.04032741548183769,26.923538395223275,0.24196449289102614,83.0,3185.0,384000000.0,0.1666666666666666
INTEL,Intel CPU,CPU,CPU package RAPL,5,32000000,16T,16,0.0142657957746478,1.5581732535211268,1.5903068098591548,109.2266269461388,0.022228581416250906,4.486255166622842,0.0410737380168567,26.91753099973705,0.2464424281011402,80.0,3175.5,384000000.0,0.1666666666666666
INTEL,Intel CPU,CPU,CPU package RAPL,1,32000000,20T,20,0.0149278455882352,1.7498079264705884,1.7853500514705885,117.19295893853403,0.026120862535422958,4.287289791531546,0.03657544295681058,25.723738749189273,0.21945265774086348,79.0,3601.0,384000000.0,0.1666666666666666
INTEL,Intel CPU,CPU,CPU package RAPL,2,32000000,20T,20,0.0151069253731343,1.816557828358209,1.8523847164179104,120.23814068803756,0.027442603548990366,4.236467608016101,0.035231468550518265,25.418805648096605,0.2113888113031096,83.0,3600.0,384000000.0,0.1666666666666666
INTEL,Intel CPU,CPU,CPU package RAPL,3,32000000,20T,20,0.0150509104477611,1.8154218507462687,1.8505951791044777,120.61281938629617,0.027323751700490808,4.252234455990689,0.03525351420315416,25.513406735944134,0.21152108521892496,83.0,3599.5,384000000.0,0.1666666666666666
INTEL,Intel CPU,CPU,CPU package RAPL,4,32000000,20T,20,0.0149366641791044,1.8395944402985076,1.875014276119403,123.15429369134978,0.027477404380486327,4.284758580134151,0.03479027692082763,25.708551480804903,0.20874166152496582,86.0,3601.0,384000000.0,0.1666666666666666
INTEL,Intel CPU,CPU,CPU package RAPL,5,32000000,20T,20,0.0149968283582089,1.821299895522388,1.855985343283582,121.46611064494836,0.027313721921973056,4.267569013348609,0.03513973736963479,25.605414080091656,0.21083842421780874,84.0,3600.0,384000000.0,0.1666666666666666
INTEL,Intel CPU,CPU,CPU package RAPL,1,64000000,1T,1,0.050807675,2.260003975,2.304278425,44.4738201012881,0.11482554746050812,2.5193044161142977,0.05663706852551,15.115826496685788,0.33982241115306,74.0,1338.5,768000000.0,0.1666666666666666
INTEL,Intel CPU,CPU,CPU package RAPL,2,64000000,1T,1,0.050992725,2.3729767,2.41917695,46.52763855133148,0.12100454829450752,2.5101619887934996,0.05394068976741322,15.060971932760996,0.3236441386044793,81.0,1317.5,768000000.0,0.1666666666666666
INTEL,Intel CPU,CPU,CPU package RAPL,3,64000000,1T,1,0.0504499999999999,2.331880325,2.375776125,46.2241041172228,0.11764336239624977,2.537165510406348,0.054891324665214104,15.222993062438087,0.3293479479912847,83.0,1336.5,768000000.0,0.1666666666666666
INTEL,Intel CPU,CPU,CPU package RAPL,4,64000000,1T,1,0.0505276,2.413651975,2.45682895,47.77759540989463,0.12195604153201,2.5332689460809537,0.05303167205785747,15.199613676485724,0.3181900323471448,83.0,1374.0,768000000.0,0.1666666666666666
INTEL,Intel CPU,CPU,CPU package RAPL,5,64000000,1T,1,0.050292975,2.3238939,2.3653783,46.20131686390217,0.11687553781535248,2.545087062358113,0.05507996729110568,15.270522374148676,0.33047980374663405,81.0,1339.0,768000000.0,0.1666666666666666
INTEL,Intel CPU,CPU,CPU package RAPL,1,64000000,2T,2,0.0329826129032258,1.7417065645161292,1.788323935483871,52.79009042983351,0.05744603340844276,3.8808326185546447,0.07349113944205649,23.28499571132787,0.4409468366523389,60.0,1605.0,768000000.0,0.1666666666666666
INTEL,Intel CPU,CPU,CPU package RAPL,2,64000000,2T,2,0.0324945483870967,1.933271822580645,1.9811198548387097,59.506852610994464,0.0628207947842574,3.939122294459328,0.06620900305117884,23.634733766755968,0.3972540183070731,80.5,1479.5,768000000.0,0.1666666666666666
INTEL,Intel CPU,CPU,CPU package RAPL,3,64000000,2T,2,0.0326543387096774,1.9753091612903224,2.0211341451612905,60.34553183160144,0.06450241440910297,3.9198466439029764,0.06479998296387544,23.519079863417858,0.3887998977832527,81.0,1581.0,768000000.0,0.1666666666666666
INTEL,Intel CPU,CPU,CPU package RAPL,4,64000000,2T,2,0.0330326451612903,1.9997773225806448,2.04519685483871,60.45801406761375,0.06605793469840161,3.8749545903758964,0.06400712647087144,23.24972754225538,0.38404275882522865,82.0,1468.5,768000000.0,0.1666666666666666
INTEL,Intel CPU,CPU,CPU package RAPL,5,64000000,2T,2,0.0327417096774193,2.008743564516129,2.054414064516129,61.37294702816296,0.06576969860577148,3.909386567198007,0.06372142380992915,23.45631940318804,0.38232854285957485,82.0,1604.0,768000000.0,0.1666666666666666
INTEL,Intel CPU,CPU,CPU package RAPL,1,64000000,4T,4,0.0281593333333333,2.0920992361111117,2.139628263888889,74.25771956797362,0.058912119756064765,4.545562158195039,0.061182566195058775,27.27337294917023,0.3670953971703527,76.0,1837.5,768000000.0,0.1666666666666666
INTEL,Intel CPU,CPU,CPU package RAPL,2,64000000,4T,4,0.0280301388888888,2.144187527777777,2.191107319444445,76.52635334233506,0.0601018742074342,4.566513227329724,0.059696271124503,27.399079363978345,0.35817762674701803,80.0,1840.0,768000000.0,0.1666666666666666
INTEL,Intel CPU,CPU,CPU package RAPL,3,64000000,4T,4,0.0281220416666666,2.1337217083333333,2.180585388888889,75.83243706196984,0.06000461078682104,4.551589870934583,0.059989078941312265,27.309539225607498,0.35993447364787357,79.0,1839.0,768000000.0,0.1666666666666666
INTEL,Intel CPU,CPU,CPU package RAPL,4,64000000,4T,4,0.0280764305555555,2.16172575,2.2076495416666666,76.81949654406243,0.06069354290003113,4.558984082635553,0.059211951377273454,27.353904495813318,0.35527170826364074,81.0,1834.5,768000000.0,0.1666666666666666
INTEL,Intel CPU,CPU,CPU package RAPL,5,64000000,4T,4,0.0280920833333333,2.1382840833333336,2.1865885416666666,76.13078106385102,0.06006885465934021,4.556443837973337,0.059861082537014,27.338663027840024,0.359166495222084,81.0,1784.5,768000000.0,0.1666666666666666
INTEL,Intel CPU,CPU,CPU package RAPL,1,64000000,8T,8,0.0281966388888888,2.808959541666667,2.861917305555555,99.551277915229,0.0792032178498736,4.539548153394972,0.04556847405643036,27.23728892036983,0.2734108443385821,71.5,2300.0,768000000.0,0.1666666666666666
INTEL,Intel CPU,CPU,CPU package RAPL,2,64000000,8T,8,0.0281951388888888,3.000579763888889,3.0555681805555555,106.42738219569802,0.0846017631900364,4.5397896603532075,0.04265842272898159,27.238737962119245,0.25595053637388954,82.0,2324.5,768000000.0,0.1666666666666666
INTEL,Intel CPU,CPU,CPU package RAPL,3,64000000,8T,8,0.0281910833333333,3.000418708333333,3.0556308750000003,106.43551673328378,0.08458505384151725,4.540442752288702,0.04266071253471859,27.24265651373221,0.25596427520831155,82.0,2324.5,768000000.0,0.1666666666666666
INTEL,Intel CPU,CPU,CPU package RAPL,4,64000000,8T,8,0.0282366388888888,3.065610875,3.121931027777777,108.56854622487884,0.08656254725122542,4.533117433122268,0.04175350532705818,27.198704598733606,0.2505210319623491,85.0,2262.5,768000000.0,0.1666666666666666
INTEL,Intel CPU,CPU,CPU package RAPL,5,64000000,8T,8,0.0281751805555555,2.987025763888889,3.0420889722222224,105.83011348899332,0.08415999022166554,4.543005491929717,0.042851990614688695,27.2580329515783,0.25711194368813217,81.0,2302.5,768000000.0,0.1666666666666666
INTEL,Intel CPU,CPU,CPU package RAPL,1,64000000,10T,10,0.028592,3.207547942857143,3.264894742857143,112.17746488000446,0.09171021078217143,4.476776720761052,0.039905872735290504,26.860660324566314,0.23943523641174302,74.0,2519.0,768000000.0,0.1666666666666666
INTEL,Intel CPU,CPU,CPU package RAPL,2,64000000,10T,10,0.0286041,3.3426916285714285,3.4023088,116.82661713729804,0.09561468561282,4.474882971322293,0.03829249425999358,26.849297827933757,0.22975496555996144,81.0,2593.5,768000000.0,0.1666666666666666
INTEL,Intel CPU,CPU,CPU package RAPL,3,64000000,10T,10,0.0286067857142857,3.4608205285714284,3.5201743857142853,120.98325188344889,0.09900295125644382,4.4744628522203795,0.03698544866550372,26.846777113322275,0.2219126919930223,85.0,2399.5,768000000.0,0.1666666666666666
INTEL,Intel CPU,CPU,CPU package RAPL,4,64000000,10T,10,0.0285934857142857,3.462172014285714,3.5221104142857143,121.1143750385967,0.09899556603087831,4.4765441079486665,0.03697101110858811,26.859264647691997,0.22182606665152863,86.0,2519.0,768000000.0,0.1666666666666666
INTEL,Intel CPU,CPU,CPU package RAPL,5,64000000,10T,10,0.0286151142857142,3.3682008000000003,3.426413142857143,117.71028849251704,0.09638145082923401,4.473160537538117,0.03800248488748058,26.838963225228706,0.22801490932488347,82.5,2459.5,768000000.0,0.1666666666666666
INTEL,Intel CPU,CPU,CPU package RAPL,1,64000000,16T,16,0.0287682142857142,3.0213414857142853,3.084222557142857,105.02057765405472,0.08691859929134667,4.4493550669762145,0.04236528727560867,26.69613040185729,0.254191723653652,75.0,3191.5,768000000.0,0.1666666666666666
INTEL,Intel CPU,CPU,CPU package RAPL,2,64000000,16T,16,0.0286912714285714,3.0943402142857144,3.1577132000000003,107.83788242338494,0.08878055498041522,4.461287131128485,0.0413658457493004,26.767722786770914,0.24819507449580236,78.5,3177.5,768000000.0,0.1666666666666666
INTEL,Intel CPU,CPU,CPU package RAPL,3,64000000,16T,16,0.0288618285714285,3.486552871428572,3.5515064,120.78370615337693,0.10062829128039324,4.4349234381744065,0.03671247926538787,26.609540629046435,0.22027487559232722,86.0,3355.0,768000000.0,0.1666666666666666
INTEL,Intel CPU,CPU,CPU package RAPL,4,64000000,16T,16,0.0288528571428571,3.4832779285714284,3.546616642857143,120.70896839340062,0.10050252046193862,4.436302421151662,0.036746995968965274,26.617814526909978,0.22048197581379167,85.0,3209.0,768000000.0,0.1666666666666666
INTEL,Intel CPU,CPU,CPU package RAPL,5,64000000,16T,16,0.0289191285714285,3.1747869714285715,3.2384942,109.78493400799572,0.09181207261363895,4.426136136289436,0.04031766576842267,26.55681681773662,0.24190599461053605,82.0,3177.5,768000000.0,0.1666666666666666
INTEL,Intel CPU,CPU,CPU package RAPL,1,64000000,20T,20,0.0295495,3.457221661764706,3.525060058823529,117.00940020636916,0.10215917149431618,4.331714580618962,0.03702394943767176,25.990287483713768,0.22214369662603053,79.0,3604.0,768000000.0,0.1666666666666666
INTEL,Intel CPU,CPU,CPU package RAPL,2,64000000,20T,20,0.0298944705882352,3.5879774852941178,3.656804088235294,120.00959628013908,0.1072606874053751,4.281728275541822,0.03567469431584447,25.690369653250926,0.21404816589506684,82.0,3612.5,768000000.0,0.1666666666666666
INTEL,Intel CPU,CPU,CPU package RAPL,3,64000000,20T,20,0.0296262205882352,3.573033779411765,3.643135691176471,120.6068793856,0.10585548691806866,4.320497095428696,0.03582389865372974,25.922982572572174,0.2149433919223784,83.0,3999.0,768000000.0,0.1666666666666666
INTEL,Intel CPU,CPU,CPU package RAPL,4,64000000,20T,20,0.0296184264705882,3.6144882058823526,3.685290764705882,121.9894025106256,0.10705545315473472,4.321634038428984,0.03541303573537411,25.929804230573904,0.21247821441224465,85.0,3604.0,768000000.0,0.1666666666666666
INTEL,Intel CPU,CPU,CPU package RAPL,5,64000000,20T,20,0.0298999117647058,3.601582,3.6710982352941177,120.45572818298604,0.10768698401335265,4.280949087986697,0.03553993772736536,25.68569452792018,0.2132396263641922,83.0,3607.0,768000000.0,0.1666666666666666
INTEL,Intel CPU,CPU,CPU package RAPL,1,128000000,1T,1,0.1004912,4.47609325,4.5649266,44.54500132963281,0.44980798200440003,2.547486745108029,0.057192731630423474,15.284920470648176,0.34315638978254087,71.0,1377.0,1536000000.0,0.1666666666666666
INTEL,Intel CPU,CPU,CPU package RAPL,2,128000000,1T,1,0.10047905,4.6529575,4.7438142,46.30653964930914,0.467524749290375,2.5477947890629937,0.055018770319737495,15.286768734377961,0.33011262191842494,79.0,1339.0,1536000000.0,0.1666666666666666
INTEL,Intel CPU,CPU,CPU package RAPL,3,128000000,1T,1,0.1004392,4.68708825,4.7719007,46.6460368080765,0.47076739415940005,2.548805645604505,0.05461813098995948,15.29283387362703,0.32770878593975694,81.0,1439.0,1536000000.0,0.1666666666666666
INTEL,Intel CPU,CPU,CPU package RAPL,4,128000000,1T,1,0.10063845,4.705587899999999,4.79195945,46.75542868742936,0.47356307259475494,2.5437593683130055,0.05440340408899811,15.262556209878033,0.3264204245339887,83.0,1339.0,1536000000.0,0.1666666666666666
INTEL,Intel CPU,CPU,CPU package RAPL,5,128000000,1T,1,0.10063005,4.71695875,4.8019824,46.87370537067134,0.4746677948604375,2.5439717062646796,0.05427225752186194,15.263830237588076,0.32563354513117165,82.0,1338.5,1536000000.0,0.1666666666666666
INTEL,Intel CPU,CPU,CPU package RAPL,1,128000000,2T,2,0.0656673124999999,3.88305621875,3.9753305,59.06742502893318,0.2549898661717242,3.8984388161157106,0.06592745136263035,23.390632896694264,0.39556470817578215,78.0,1570.5,1536000000.0,0.1666666666666666
INTEL,Intel CPU,CPU,CPU package RAPL,2,128000000,2T,2,0.06581509375,3.96762975,4.06298221875,60.34538608610319,0.26112992396153906,3.8896852593178903,0.06452214952768716,23.33811155590734,0.3871328971661229,81.0,1613.0,1536000000.0,0.1666666666666666
INTEL,Intel CPU,CPU,CPU package RAPL,3,128000000,2T,2,0.06591825,3.98362475,4.073429031250001,60.46672193980108,0.2625935721766875,3.883598244795637,0.06426308100430393,23.301589468773823,0.3855784860258236,80.0,1604.5,1536000000.0,0.1666666666666666
INTEL,Intel CPU,CPU,CPU package RAPL,4,128000000,2T,2,0.065759875,3.98619584375,4.0806575625,60.62271087321746,0.2621317404105195,3.89295143885234,0.06422163135847557,23.35770863311404,0.38532978815085345,82.5,1542.0,1536000000.0,0.1666666666666666
INTEL,Intel CPU,CPU,CPU package RAPL,5,128000000,2T,2,0.0659459375,3.99469309375,4.084962625,60.52702289501438,0.2634337810921191,3.881967710292996,0.0640850233026741,23.291806261757976,0.3845101398160445,81.0,1529.5,1536000000.0,0.1666666666666666
INTEL,Intel CPU,CPU,CPU package RAPL,1,128000000,4T,4,0.056623,4.018508805555555,4.110324111111111,70.98650944256376,0.22754002409697222,4.521130989174011,0.0637052231031775,27.126785935044065,0.38223133861906505,70.0,1719.5,1536000000.0,0.1666666666666666
INTEL,Intel CPU,CPU,CPU package RAPL,2,128000000,4T,4,0.0567057222222222,4.328580166666667,4.422804333333334,76.2781890967982,0.2454552645476203,4.51453557009238,0.059141794801767365,27.087213420554274,0.35485076881060423,80.0,1816.0,1536000000.0,0.1666666666666666
INTEL,Intel CPU,CPU,CPU package RAPL,3,128000000,4T,4,0.0566616111111111,4.349794888888889,4.442803944444444,76.77883658721149,0.24646638640732094,4.5180501397673725,0.058853349764589155,27.108300838604233,0.3531200985875349,81.0,1852.0,1536000000.0,0.1666666666666666
INTEL,Intel CPU,CPU,CPU package RAPL,4,128000000,4T,4,0.0566531388888889,4.3370012777777776,4.429251333333333,76.53465696375193,0.24570473575123306,4.518725793853728,0.059026959782490784,27.11235476312237,0.3541617586949447,82.0,1847.5,1536000000.0,0.1666666666666666
INTEL,Intel CPU,CPU,CPU package RAPL,5,128000000,4T,4,0.0568896388888888,4.322552972222223,4.413289194444444,75.96255125805727,0.24590847766781523,4.4999406746102535,0.05922425974768113,26.999644047661523,0.3553455584860868,80.0,1712.5,1536000000.0,0.1666666666666666
INTEL,Intel CPU,CPU,CPU package RAPL,1,128000000,8T,8,0.0571779166666666,5.913748972222223,6.022035972222222,103.4312934719463,0.3381358459213075,4.477253018720811,0.043288952778088974,26.86351811232487,0.25973371666853384,78.0,2300.0,1536000000.0,0.1666666666666666
INTEL,Intel CPU,CPU,CPU package RAPL,2,128000000,8T,8,0.0571006944444444,5.997721277777778,6.105865055555555,104.97505936392125,0.34247405004533155,4.483307996351479,0.04268287707008133,26.899847978108866,0.25609726242048797,80.0,2321.5,1536000000.0,0.1666666666666666
INTEL,Intel CPU,CPU,CPU package RAPL,3,128000000,8T,8,0.0569447777777777,5.954459305555556,6.0601304166666665,104.5912624575022,0.33907536194168164,4.4955834404871835,0.04299298842485161,26.973500642923103,0.2579579305491097,79.0,2308.0,1536000000.0,0.1666666666666666
INTEL,Intel CPU,CPU,CPU package RAPL,4,128000000,8T,8,0.0571490555555555,6.087988638888889,6.195162722222221,106.49017672520765,0.3479228009454518,4.4795140971514105,0.042050012768539306,26.877084582908463,0.2523000766112358,83.0,2305.5,1536000000.0,0.1666666666666666
INTEL,Intel CPU,CPU,CPU package RAPL,5,128000000,8T,8,0.0571964444444444,6.000272861111111,6.108634222222221,104.91387199073372,0.3431942733520491,4.475802691698012,0.04266472640922446,26.854816150188068,0.25598835845534673,80.0,2198.0,1536000000.0,0.1666666666666666
INTEL,Intel CPU,CPU,CPU package RAPL,1,128000000,10T,10,0.0574219166666666,6.453913777777778,6.569114277777778,112.3604483103905,0.370596099121407,4.458228057521596,0.039665853746212634,26.74936834512958,0.23799512247727578,74.0,2523.0,1536000000.0,0.1666666666666666
INTEL,Intel CPU,CPU,CPU package RAPL,2,128000000,10T,10,0.0574268055555555,6.757557861111112,6.876860472222223,117.65793733459968,0.3880649613204433,4.457848517315524,0.03788350840075637,26.747091103893148,0.22730105040453819,83.0,2579.5,1536000000.0,0.1666666666666666
INTEL,Intel CPU,CPU,CPU package RAPL,3,128000000,10T,10,0.0574366388888888,6.740040805555555,6.857573722222222,117.35444757190524,0.3871252898450696,4.457085319620323,0.03798196589388437,26.742511917721934,0.2278917953633062,82.0,2399.0,1536000000.0,0.1666666666666666
INTEL,Intel CPU,CPU,CPU package RAPL,4,128000000,10T,10,0.0575219166666666,6.935245972222223,7.05140825,120.5568337422101,0.3989286408770019,4.450477571592282,0.036912894081242126,26.702865429553693,0.22147736448745278,85.0,2519.0,1536000000.0,0.1666666666666666
INTEL,Intel CPU,CPU,CPU package RAPL,5,128000000,10T,10,0.0573348611111111,6.715492833333332,6.831715444444445,117.05534258307472,0.38503184889182857,4.464997299006083,0.03812080607536449,26.7899837940365,0.22872483645218694,83.0,2520.0,1536000000.0,0.1666666666666666
INTEL,Intel CPU,CPU,CPU package RAPL,1,128000000,16T,16,0.0576669444444444,6.183562638888889,6.307418805555555,107.22632461130128,0.35658716316554756,4.439284974542515,0.041400081951138784,26.63570984725509,0.2484004917068327,78.0,2819.0,1536000000.0,0.1666666666666666
INTEL,Intel CPU,CPU,CPU package RAPL,2,128000000,16T,16,0.0576650277777777,6.337682833333334,6.463590222222223,109.91288135259472,0.36546265663091154,4.439432527225009,0.04039331199307675,26.636595163350055,0.2423598719584605,82.0,2837.0,1536000000.0,0.1666666666666666
INTEL,Intel CPU,CPU,CPU package RAPL,3,128000000,16T,16,0.0576346944444444,6.33430725,6.459922361111111,109.89964238840606,0.3650758628709789,4.441769015480166,0.04041483778672087,26.650614092880996,0.24248902672032527,82.0,2697.0,1536000000.0,0.1666666666666666
INTEL,Intel CPU,CPU,CPU package RAPL,4,128000000,16T,16,0.0575453611111111,6.270481583333334,6.393816694444444,108.97095676266493,0.3608371270534884,4.448664411119151,0.040826210331346285,26.69198646671491,0.24495726198807774,81.0,2699.0,1536000000.0,0.1666666666666666
INTEL,Intel CPU,CPU,CPU package RAPL,5,128000000,16T,16,0.0575635,6.305781833333334,6.430794305555555,109.53076021026068,0.36298287256308337,4.447262588272082,0.04059766207684899,26.683575529632495,0.24358597246109392,81.0,2698.0,1536000000.0,0.1666666666666666
INTEL,Intel CPU,CPU,CPU package RAPL,1,128000000,20T,20,0.0595385882352941,6.223848470588235,6.350180117647058,104.25083528046773,0.3705591513292179,4.299732452309724,0.04113210680012019,25.798394713858347,0.24679264080072114,63.0,3620.5,1536000000.0,0.1666666666666666
INTEL,Intel CPU,CPU,CPU package RAPL,2,128000000,20T,20,0.0589646764705882,7.158795147058823,7.297265558823529,121.4005691903995,0.4221160397655404,4.3415823730957595,0.035760207512737265,26.049494238574553,0.21456124507642357,83.0,3600.5,1536000000.0,0.1666666666666666
INTEL,Intel CPU,CPU,CPU package RAPL,3,128000000,20T,20,0.0587428333333333,7.12253525,7.2579955,121.25676798702368,0.41839790110154146,4.357978420062592,0.035942258060428695,26.147870520375548,0.21565354836257217,84.0,3999.0,1536000000.0,0.1666666666666666
INTEL,Intel CPU,CPU,CPU package RAPL,4,128000000,20T,20,0.0591837647058823,7.18357355882353,7.3197746176470595,121.36534170543062,0.4251509272528093,4.325510573249425,0.03563685927396917,25.953063439496546,0.21382115564381501,84.0,3599.5,1536000000.0,0.1666666666666666
INTEL,Intel CPU,CPU,CPU package RAPL,5,128000000,20T,20,0.0589364411764705,7.057846852941177,7.191702970588235,119.76566249792316,0.41596437588090507,4.3436623401381125,0.03627168530772506,26.06197404082867,0.21763011184635034,82.0,3599.5,1536000000.0,0.1666666666666666
INTEL,Intel CPU,CPU,CPU package RAPL,1,256000000,1T,1,0.1999323,9.222181,9.3994147,46.12873609361293,1.8438118583463003,2.5608668534298857,0.05551832044936007,15.365201120579314,0.3331099226961604,77.0,1339.0,3072000000.0,0.1666666666666666
INTEL,Intel CPU,CPU,CPU package RAPL,2,256000000,1T,1,0.2001581,9.2563484,9.4378342,46.24347623585879,1.85273310868204,2.557977918455461,0.05531338902498527,15.347867510732765,0.33188033414991164,82.0,1339.0,3072000000.0,0.1666666666666666
INTEL,Intel CPU,CPU,CPU package RAPL,3,256000000,1T,1,0.2007078,9.2933356,9.4704332,46.307634978261376,1.86524494293768,2.5509721097037588,0.055093243377544655,15.30583265822255,0.3305594602652679,82.0,1368.5,3072000000.0,0.1666666666666666
INTEL,Intel CPU,CPU,CPU package RAPL,4,256000000,1T,1,0.2010681,9.5221436,9.6946175,47.3486586182435,1.91459932157916,2.5464009457492263,0.05376940545194047,15.278405674495357,0.3226164327116428,85.0,1339.0,3072000000.0,0.1666666666666666
INTEL,Intel CPU,CPU,CPU package RAPL,5,256000000,1T,1,0.2006293,9.303394099999998,9.4764416,46.37566409699658,1.8665334459071299,2.551970225684882,0.0550336785152421,15.311821354109295,0.3302020710914526,82.0,1336.0,3072000000.0,0.1666666666666666
INTEL,Intel CPU,CPU,CPU package RAPL,1,256000000,2T,2,0.135046875,7.8770550625,8.0581315,58.22823500992679,1.0637716703935547,3.7912761772532684,0.06499891087945533,22.747657063519608,0.389993465276732,75.0,1559.5,3072000000.0,0.1666666666666666
INTEL,Intel CPU,CPU,CPU package RAPL,2,256000000,2T,2,0.1345499375,8.0917723125,8.2699169375,59.91352415301225,1.0887474589111055,3.805278616350156,0.06327414813798865,22.831671698100937,0.37964488882793196,81.0,1470.5,3072000000.0,0.1666666666666666
INTEL,Intel CPU,CPU,CPU package RAPL,3,256000000,2T,2,0.1341823125,7.96736775,8.1481659375,59.37549459232415,1.069079829232922,3.8157041003448193,0.06426212722514282,22.89422460206892,0.385572763350857,82.0,1616.0,3072000000.0,0.1666666666666666
INTEL,Intel CPU,CPU,CPU package RAPL,4,256000000,2T,2,0.1340774375,8.125505625,8.2971954375,60.57623984758433,1.089446972591836,3.8186887335164053,0.06301146336354914,22.91213240109843,0.37806878018129486,83.0,1556.5,3072000000.0,0.1666666666666666
INTEL,Intel CPU,CPU,CPU package RAPL,5,256000000,2T,2,0.1352796875,8.1295683125,8.298509,60.11514607574624,1.0997654608249023,3.784751498631308,0.06297997388283832,22.70850899178785,0.3778798432970299,81.0,1478.0,3072000000.0,0.1666666666666666
INTEL,Intel CPU,CPU,CPU package RAPL,1,256000000,4T,4,0.1173511666666666,7.821570833333332,7.991359999999999,66.70991649295149,0.9178704624576381,4.3629732412829325,0.0654599965799709,26.177839447697593,0.3927599794798254,59.0,1893.5,3072000000.0,0.1666666666666666
INTEL,Intel CPU,CPU,CPU package RAPL,2,256000000,4T,4,0.1161355,8.71435688888889,8.889787555555555,75.09130244086316,1.0120461944695558,4.408643351946648,0.05875361848592842,26.45186011167989,0.35252171091557055,79.0,1850.5,3072000000.0,0.1666666666666666
INTEL,Intel CPU,CPU,CPU package RAPL,3,256000000,4T,4,0.1161307777777777,8.84801338888889,9.021134555555555,76.05997670443321,1.0275266766398574,4.408822620474813,0.05786609688486192,26.452935722848878,0.34719658130917147,79.0,1838.0,3072000000.0,0.1666666666666666
INTEL,Intel CPU,CPU,CPU package RAPL,4,256000000,4T,4,0.1167053888888888,9.128960833333334,9.306031222222222,78.28090378413326,1.0653989242056012,4.387115324104336,0.0560852444596423,26.32269194462602,0.33651146675785387,83.0,1854.5,3072000000.0,0.1666666666666666
INTEL,Intel CPU,CPU,CPU package RAPL,5,256000000,4T,4,0.1168386666666666,8.9118865,9.0849915,76.30188207723928,1.041252936144666,4.382110945006792,0.057451360045934166,26.29266567004075,0.34470816027560497,80.0,1834.5,3072000000.0,0.1666666666666666
INTEL,Intel CPU,CPU,CPU package RAPL,1,256000000,8T,8,0.1159213888888889,11.061040722222224,11.269175166666669,95.4008957136102,1.282211203076559,4.416786279974216,0.04628859190178774,26.500717679845295,0.2777315514107264,65.0,2263.0,3072000000.0,0.1666666666666666
INTEL,Intel CPU,CPU,CPU package RAPL,2,256000000,8T,8,0.11609,12.067117944444444,12.276445833333334,103.9219004043613,1.4008717221705556,4.410371263674735,0.042429352423435845,26.462227582048413,0.2545761145406151,79.0,2319.0,3072000000.0,0.1666666666666666
INTEL,Intel CPU,CPU,CPU package RAPL,3,256000000,8T,8,0.1159725,12.165764055555556,12.379323333333332,104.79389566120398,1.4108940719329168,4.414839724934791,0.042085313973041646,26.48903834960874,0.25251188383824985,80.0,2386.0,3072000000.0,0.1666666666666666
INTEL,Intel CPU,CPU,CPU package RAPL,4,256000000,8T,8,0.1164095555555555,12.2797605,12.492407555555555,105.4676346670872,1.429481462133666,4.398264365468282,0.041694624255904665,26.389586192809688,0.250167745535428,82.0,2311.0,3072000000.0,0.1666666666666666
INTEL,Intel CPU,CPU,CPU package RAPL,5,256000000,8T,8,0.115885,12.264515333333334,12.478817333333334,105.84356584330814,1.4212733594033333,4.418173188937308,0.04174645194567547,26.50903913362385,0.25047871167405283,81.0,2262.0,3072000000.0,0.1666666666666666
INTEL,Intel CPU,CPU,CPU package RAPL,1,256000000,10T,10,0.1162583333333333,12.193345111111112,12.412226888888888,104.88302584013758,1.4175779803759256,4.403985377392304,0.04199011799751678,26.423912264353817,0.2519407079851007,64.0,2520.0,3072000000.0,0.1666666666666666
INTEL,Intel CPU,CPU,CPU package RAPL,2,256000000,10T,10,0.1164234444444444,13.495872722222222,13.723886888888888,115.9209788907578,1.5712359881049314,4.397739668699796,0.03793752434823603,26.386438012198777,0.22762514608941617,81.0,2523.5,3072000000.0,0.1666666666666666
INTEL,Intel CPU,CPU,CPU package RAPL,3,256000000,10T,10,0.1163993333333333,13.594339111111111,13.820353277777777,116.82030570468348,1.5823720096405922,4.398650622283061,0.03766273562953312,26.391903733698367,0.2259764137771987,83.0,2520.0,3072000000.0,0.1666666666666666
INTEL,Intel CPU,CPU,CPU package RAPL,4,256000000,10T,10,0.1162913888888889,13.801186722222225,14.029914944444444,118.66871088661472,1.6049591722421146,4.402733554839495,0.03709825903417378,26.416401329036972,0.22258955420504276,84.0,2520.0,3072000000.0,0.1666666666666666
INTEL,Intel CPU,CPU,CPU package RAPL,5,256000000,10T,10,0.1163553888888888,13.6655025,13.890206777777776,117.44685351539708,1.590054857749582,4.400311879743911,0.037466606149316496,26.401871278463464,0.224799636895899,83.0,2520.5,3072000000.0,0.1666666666666666
INTEL,Intel CPU,CPU,CPU package RAPL,1,256000000,16T,16,0.1164224444444444,12.03252127777778,12.272880055555556,103.34006418825533,1.4008555399886788,4.3977774426847835,0.042551347982702964,26.386664656108703,0.2553080878962178,73.0,2699.5,3072000000.0,0.1666666666666666
INTEL,Intel CPU,CPU,CPU package RAPL,2,256000000,16T,16,0.1164225555555555,12.80090788888889,13.04494122222222,109.95757554470856,1.4903144098557155,4.397773245543296,0.03999716304844385,26.386639473259777,0.23998297829066306,79.0,3259.0,3072000000.0,0.1666666666666666
INTEL,Intel CPU,CPU,CPU package RAPL,3,256000000,16T,16,0.1163765,12.840570444444444,13.090841,110.32647105938048,1.4943406463278888,4.399513647514747,0.039873617937396244,26.397081885088486,0.23924170762437746,82.0,2709.5,3072000000.0,0.1666666666666666
INTEL,Intel CPU,CPU,CPU package RAPL,4,256000000,16T,16,0.1164097777777777,13.281565277777778,13.529262055555556,114.10361975519666,1.5461040625271594,4.398255969334385,0.03854967312148511,26.38953581600631,0.2312980387289107,84.0,3240.5,3072000000.0,0.1666666666666666
INTEL,Intel CPU,CPU,CPU package RAPL,5,256000000,16T,16,0.1163552777777777,12.73991361111111,12.985056166666666,109.5046125823013,1.482356187085724,4.400316081732436,0.04018865556148351,26.40189649039462,0.24113193336890107,81.0,2702.0,3072000000.0,0.1666666666666666
INTEL,Intel CPU,CPU,CPU package RAPL,1,256000000,20T,20,0.1177058333333333,13.464242944444443,13.717466444444444,114.3832514949748,1.5848199359782864,4.349826898978387,0.038026645992098596,26.09896139387032,0.22815987595259155,75.0,3600.0,3072000000.0,0.1666666666666666
INTEL,Intel CPU,CPU,CPU package RAPL,2,256000000,20T,20,0.1177607777777777,14.179356166666668,14.44753288888889,120.41669478180935,1.6697720105747953,4.347797370752574,0.03610883272709008,26.08678422451544,0.2166529963625405,83.0,3600.0,3072000000.0,0.1666666666666666
INTEL,Intel CPU,CPU,CPU package RAPL,3,256000000,20T,20,0.1177654444444444,14.262607944444444,14.53093511111111,121.11498476972226,1.6796423635143634,4.347625081494384,0.03589806310278855,26.08575048896631,0.21538837861673135,84.0,3600.0,3072000000.0,0.1666666666666666
INTEL,Intel CPU,CPU,CPU package RAPL,4,256000000,20T,20,0.1177856111111111,14.44996838888889,14.718474055555555,122.68734654397971,1.7019983572215154,4.346880702745715,0.03543260346463426,26.08128421647428,0.21259562078780556,86.0,3600.5,3072000000.0,0.1666666666666666
INTEL,Intel CPU,CPU,CPU package RAPL,5,256000000,20T,20,0.1179828333333333,14.246213277777777,14.514174944444443,120.7624546901136,1.6808086067831753,4.339614378928009,0.03593937490734136,26.037686273568053,0.2156362494440482,84.0,3600.5,3072000000.0,0.1666666666666666
AMD,AMD CPU,CPU,CPU package RAPL,1,1000000,1T,1,0.0001755931877729,0.0131191509170305,0.0131191509170305,74.70076085683581,2.30363353039515e-06,11.389963502380633,0.152448890377785,68.33978101428379,0.91469334226671,59.0,1833.5,12000000.0,0.1666666666666666
AMD,AMD CPU,CPU,CPU package RAPL,2,1000000,1T,1,0.000191934073359,0.0139447117760617,0.0139447117760617,72.59544669379693,2.6764653329967373e-06,10.42024464441565,0.1434235452204409,62.52146786649389,0.8605412713226455,59.0,1813.5,12000000.0,0.1666666666666666
AMD,AMD CPU,CPU,CPU package RAPL,3,1000000,1T,1,0.0001692798032898,0.0125240882652196,0.0125240882652196,73.98323400814641,2.120075197920467e-06,11.814758530739091,0.15969226323277844,70.88855118443456,0.9581535793966707,62.0,1827.0,12000000.0,0.1666666666666666
AMD,AMD CPU,CPU,CPU package RAPL,4,1000000,1T,1,0.0001817408497333,0.0131779518116608,0.0131779518116608,72.44472468938645,2.3949721599957138e-06,11.004680581910717,0.15176865332215408,66.0280834914643,0.9106119199329243,60.0,1807.0,12000000.0,0.1666666666666666
AMD,AMD CPU,CPU,CPU package RAPL,5,1000000,1T,1,0.0001821378180416,0.0134468329799537,0.0134468329799537,74.14887635401332,2.449176818538593e-06,10.980695944997008,0.14873390656235297,65.88417566998204,0.8924034393741178,61.0,1832.0,12000000.0,0.1666666666666666
AMD,AMD CPU,CPU,CPU package RAPL,1,1000000,2T,2,6.612715531589109e-05,0.0062987458558018,0.0062987458558018,95.1083288717102,4.1651814550193094e-07,30.24476087691886,0.31752352703003445,181.4685652615132,1.9051411621802066,68.0,1833.0,12000000.0,0.1666666666666666
AMD,AMD CPU,CPU,CPU package RAPL,2,1000000,2T,2,6.583224308235756e-05,0.0062603777392555,0.0062603777392555,94.89349792791155,4.121347091180482e-07,30.38024995590621,0.31946954054530347,182.28149973543722,1.9168172432718205,67.0,1867.0,12000000.0,0.1666666666666666
AMD,AMD CPU,CPU,CPU package RAPL,3,1000000,2T,2,6.800193862127883e-05,0.0063695657488335,0.0063695657488335,93.97923234660034,4.3314281909637565e-07,29.410926225773363,0.3139931478635373,176.46555735464017,1.8839588871812238,68.0,1946.0,12000000.0,0.1666666666666666
AMD,AMD CPU,CPU,CPU package RAPL,4,1000000,2T,2,6.597086070959265e-05,0.0061983434625492,0.0061983434625492,93.91700178145842,4.0891005319804743e-07,30.31641513370744,0.3226668564083504,181.89849080224462,1.9360011384501024,67.0,1870.0,12000000.0,0.1666666666666666
AMD,AMD CPU,CPU,CPU package RAPL,5,1000000,2T,2,6.58902133825079e-05,0.0062460709299262,0.0062460709299262,94.83553466144885,4.115549463751169e-07,30.35352137030636,0.3202012949320816,182.12112822183818,1.9212077695924892,68.0,1864.0,12000000.0,0.1666666666666666
AMD,AMD CPU,CPU,CPU package RAPL,1,1000000,4T,4,3.757998674862885e-05,0.0045692674936503,0.0045692674936503,121.9996291872061,1.7171301186231883e-07,53.219816531014935,0.4377069197150983,319.3188991860896,2.62624151829059,61.0,1984.5,12000000.0,0.1666666666666666
AMD,AMD CPU,CPU,CPU package RAPL,2,1000000,4T,4,3.770685336125028e-05,0.0046463838704853,0.0046463838704853,123.20173903930846,1.7520051526446772e-07,53.0407557702843,0.43044226558730425,318.24453462170584,2.5826535935238257,66.0,1981.5,12000000.0,0.1666666666666666
AMD,AMD CPU,CPU,CPU package RAPL,3,1000000,4T,4,3.770069263737946e-05,0.0045918014311954,0.0045918014311954,122.51278220404136,1.731140944093769e-07,53.0494232357164,0.4355589042706781,318.2965394142984,2.613353425624069,67.0,1995.5,12000000.0,0.1666666666666666
AMD,AMD CPU,CPU,CPU package RAPL,4,1000000,4T,4,3.743255617112958e-05,0.0046126964835333,0.0046126964835333,123.25652277602312,1.7266502022023212e-07,53.42942626885122,0.4335858661283543,320.57655761310735,2.601515196770126,67.0,1983.0,12000000.0,0.1666666666666666
AMD,AMD CPU,CPU,CPU package RAPL,5,1000000,4T,4,3.731910911472955e-05,0.0045891954519932,0.0045891954519932,122.75535166240915,1.7126468582175482e-07,53.59184737908484,0.43580623682771047,321.55108427450904,2.6148374209662624,67.5,1949.0,12000000.0,0.1666666666666666
AMD,AMD CPU,CPU,CPU package RAPL,1,1000000,8T,8,2.4463061229434716e-05,0.003881867594679,0.003881867594679,158.53756432466275,9.496236465319084e-08,81.75591685939688,0.5152159240932029,490.5355011563813,3.091295544559218,64.0,2170.0,12000000.0,0.1666666666666666
AMD,AMD CPU,CPU,CPU package RAPL,2,1000000,8T,8,2.474093188922004e-05,0.0038983285963509,0.0038983285963509,157.34683487686624,9.644828228411638e-08,80.83769879627805,0.5130403839922925,485.02619277766826,3.0782423039537545,66.5,2197.0,12000000.0,0.1666666666666666
AMD,AMD CPU,CPU,CPU package RAPL,3,1000000,8T,8,2.4239636928453545e-05,0.0038530782569653,0.0038530782569653,159.32290489172254,9.33972180057575e-08,82.50948666860239,0.519065502078644,495.05692001161435,3.114393012471864,67.0,2204.5,12000000.0,0.1666666666666666
AMD,AMD CPU,CPU,CPU package RAPL,4,1000000,8T,8,2.4241636484940904e-05,0.0038473213638963,0.0038473213638963,158.66173956410125,9.326536594432115e-08,82.50268092430211,0.5198421995022893,495.0160855458127,3.119053197013735,64.5,2204.0,12000000.0,0.1666666666666666
AMD,AMD CPU,CPU,CPU package RAPL,5,1000000,8T,8,2.431966914885876e-05,0.0038585049360855,0.0038585049360855,158.57122506213784,9.383756345483778e-08,82.23796087677668,0.5183354778934206,493.4277652606602,3.1100128673605236,66.0,2206.0,12000000.0,0.1666666666666666
AMD,AMD CPU,CPU,CPU package RAPL,1,1000000,10T,10,2.2384571912969763e-05,0.0038055064446714,0.0038055064446714,169.824636344706,8.518463267601684e-08,89.34725255304915,0.5255542275589805,536.0835153182949,3.1533253653538833,63.0,2312.5,12000000.0,0.1666666666666666
AMD,AMD CPU,CPU,CPU package RAPL,2,1000000,10T,10,2.264302467186866e-05,0.0038193342316539,0.0038193342316539,168.73814916893295,8.648127923745179e-08,88.32742219659235,0.523651473972712,529.9645331795541,3.141908843836272,64.0,2284.0,12000000.0,0.1666666666666666
AMD,AMD CPU,CPU,CPU package RAPL,3,1000000,10T,10,2.2895552764403508e-05,0.0038460212360151,0.0038460212360151,167.97832372401336,8.805678214220013e-08,87.35320874669895,0.5200179295089435,524.1192524801937,3.120107577053661,65.5,2444.5,12000000.0,0.1666666666666666
AMD,AMD CPU,CPU,CPU package RAPL,4,1000000,10T,10,2.267500395221211e-05,0.0038283625872309,0.0038283625872309,168.782750899182,8.680813679596162e-08,88.20285121956442,0.5224165565379804,529.2171073173866,3.1344993392278817,63.5,2299.0,12000000.0,0.1666666666666666
AMD,AMD CPU,CPU,CPU package RAPL,5,1000000,10T,10,2.263186245903847e-05,0.0038193172217982,0.0038193172217982,168.78879679199417,8.643826205117378e-08,88.37098597695223,0.5236538061267311,530.2259158617134,3.141922836760387,65.0,2270.0,12000000.0,0.1666666666666666
AMD,AMD CPU,CPU,CPU package RAPL,1,1000000,16T,16,2.195927503477052e-05,0.0039100311087447,0.0039100311087447,178.10498912123174,8.58614485114336e-08,91.07768798529011,0.511504881771156,546.4661279117406,3.069029290626936,64.0,2610.0,12000000.0,0.1666666666666666
AMD,AMD CPU,CPU,CPU package RAPL,2,1000000,16T,16,2.130687980829865e-05,0.0038340479673771,0.0038340479673771,180.1252863532187,8.16915992201556e-08,93.86639517349865,0.5216418826831253,563.1983710409918,3.1298512960987517,65.0,2458.0,12000000.0,0.1666666666666666
AMD,AMD CPU,CPU,CPU package RAPL,3,1000000,16T,16,2.1910510621626327e-05,0.0039019110329966,0.0039019110329966,178.0957266678293,8.549286313311295e-08,91.28039207018482,0.5125693495025782,547.6823524211089,3.075416097015469,67.0,2500.5,12000000.0,0.1666666666666666
AMD,AMD CPU,CPU,CPU package RAPL,4,1000000,16T,16,2.1991949890827288e-05,0.0039202104827859,0.0039202104827859,178.24501032846356,8.621307249892336e-08,90.9423679995828,0.5101766879054664,545.6542079974969,3.0610601274327984,68.0,2562.5,12000000.0,0.1666666666666666
AMD,AMD CPU,CPU,CPU package RAPL,5,1000000,16T,16,2.187716349282089e-05,0.0039046152236151,0.0039046152236151,178.41479800631018,8.542190562358494e-08,91.41952980587776,0.5122143631218785,548.5171788352666,3.073286178731271,65.0,2538.0,12000000.0,0.1666666666666666
AMD,AMD CPU,CPU,CPU package RAPL,1,1000000,20T,20,1.342772e-05,0.002957877205,0.002957877205,220.3152017970081,3.9717546903122595e-08,148.94561399850457,0.676160591325156,893.6736839910275,4.056963547950937,69.0,2501.0,12000000.0,0.1666666666666666
AMD,AMD CPU,CPU,CPU package RAPL,2,1000000,20T,20,2.191727303856525e-05,0.0040175558682532,0.0040175558682532,183.390400750256,8.805386891219547e-08,91.25222816181716,0.49781510589660655,547.513368970903,2.98689063537964,66.0,2677.5,12000000.0,0.1666666666666666
AMD,AMD CPU,CPU,CPU package RAPL,3,1000000,20T,20,2.3032038004322765e-05,0.0041230157263148,0.0041230157263148,179.29735047964215,9.49614549009029e-08,86.83556355823268,0.4850818266918481,521.013381349396,2.9104909601510887,66.0,2749.0,12000000.0,0.1666666666666666
AMD,AMD CPU,CPU,CPU package RAPL,4,1000000,20T,20,2.264972583495717e-05,0.004111769452123,0.004111769452123,181.4155421784522,9.313045078713801e-08,88.30128958617401,0.48640859447198687,529.8077375170441,2.918451566831921,67.0,2696.5,12000000.0,0.1666666666666666
AMD,AMD CPU,CPU,CPU package RAPL,5,1000000,20T,20,2.2823610920251017e-05,0.0041442446635518,0.0041442446635518,181.735034845886,9.458662775923287e-08,87.6285530360769,0.4825969898905321,525.7713182164614,2.895581939343193,69.5,2673.0,12000000.0,0.1666666666666666
AMD,AMD CPU,CPU,CPU package RAPL,1,1000000,32T,32,2.827495378927911e-05,0.005034449457024,0.005034449457024,177.9930115446134,1.423488257518149e-07,70.73397944007715,0.3972629017478019,424.4038766404629,2.3835774104868115,57.5,2993.5,12000000.0,0.1666666666666666
AMD,AMD CPU,CPU,CPU package RAPL,2,1000000,32T,32,2.812249119472242e-05,0.0050173713451109,0.0050173713451109,178.2406869458169,1.411009814735339e-07,71.1174549278667,0.39861510389277227,426.7047295672002,2.3916906233566335,58.0,3029.0,12000000.0,0.1666666666666666
AMD,AMD CPU,CPU,CPU package RAPL,3,1000000,32T,32,2.933496346924346e-05,0.0052034731322177,0.0052034731322177,177.41518050295866,1.5264369424679607e-07,68.17802933679873,0.3843586676016155,409.0681760207924,2.306152005609693,60.0,3039.5,12000000.0,0.1666666666666666
AMD,AMD CPU,CPU,CPU package RAPL,4,1000000,32T,32,2.9283328521939955e-05,0.0052058098152424,0.0052058098152424,177.77384073829188,1.5244343904248274e-07,68.2982468506454,0.38418614413152036,409.7894811038724,2.305116864789122,60.0,3016.5,12000000.0,0.1666666666666666
AMD,AMD CPU,CPU,CPU package RAPL,5,1000000,32T,32,2.867405740011255e-05,0.0050779212155317,0.0050779212155317,176.98353411875772,1.4560460440740525e-07,69.74945931412378,0.3938619594732298,418.49675588474264,2.363171756839378,58.5,3032.5,12000000.0,0.1666666666666666
AMD,AMD CPU,CPU,CPU package RAPL,1,1000000,64T,64,5.803044961413712e-05,0.009533887344816,0.009533887344816,164.35634843261658,5.532557691902044e-07,34.464664900903486,0.2097780189407723,206.78798940542092,1.2586681136446338,59.5,4173.0,12000000.0,0.1666666666666666
AMD,AMD CPU,CPU,CPU package RAPL,2,1000000,64T,64,5.759111009016252e-05,0.0095247418595302,0.0095247418595302,165.3909868348632,5.48540457012583e-07,34.727582032519834,0.2099794440096929,208.36549219511903,1.2598766640581573,58.0,4140.0,12000000.0,0.1666666666666666
AMD,AMD CPU,CPU,CPU package RAPL,3,1000000,64T,64,5.731218128688478e-05,0.0095054153727152,0.0095054153727152,165.84106753551117,5.44776089048195e-07,34.89659536754845,0.2104063759002995,209.37957220529069,1.262438255401797,59.0,4142.0,12000000.0,0.1666666666666666
AMD,AMD CPU,CPU,CPU package RAPL,4,1000000,64T,64,1.0653691993229216e-05,0.0022062852471974,0.0022062852471974,206.872198008664,2.350508347284668e-08,187.72834818869063,0.9065010984144322,1126.3700891321441,5.439006590486593,62.5,4037.0,12000000.0,0.1666666666666666
AMD,AMD CPU,CPU,CPU package RAPL,5,1000000,64T,64,7.774320001326019e-06,0.001584850828485,0.001584850828485,204.03675438331123,1.2321137495009048e-08,257.2572263116095,1.2619484206673581,1543.543357869657,7.57169052400415,65.0,3890.5,12000000.0,0.1666666666666666
AMD,AMD CPU,CPU,CPU package RAPL,1,2000000,1T,1,0.0010158356997971,0.0743941779918864,0.0743941779918864,73.2811471273935,7.557226186121793e-05,3.9376446415487747,0.05376764832909706,23.62586784929265,0.3226058899745824,49.0,1795.0,24000000.0,0.1666666666666666
AMD,AMD CPU,CPU,CPU package RAPL,2,2000000,1T,1,0.001002052342971,0.0726971211365902,0.0726971211365902,72.56755165228986,7.284632056216682e-05,3.991807442054714,0.0550228115977856,23.950844652328282,0.3301368695867136,56.5,1814.0,24000000.0,0.1666666666666666
AMD,AMD CPU,CPU,CPU package RAPL,3,2000000,1T,1,0.0010257592213114,0.0767542981557377,0.0767542981557377,74.80891010545464,7.873142910853252e-05,3.8995506127511383,0.05211434533456136,23.39730367650683,0.3126860720073681,55.0,1829.0,24000000.0,0.1666666666666666
AMD,AMD CPU,CPU,CPU package RAPL,4,2000000,1T,1,0.001026687113402,0.0724172603092783,0.0724172603092783,70.59331076213147,7.434986794741415e-05,3.8960263042025716,0.05523545053923435,23.376157825215426,0.3314127032354061,62.0,1824.0,24000000.0,0.1666666666666666
AMD,AMD CPU,CPU,CPU package RAPL,5,2000000,1T,1,0.0010132659251769,0.0739688094034378,0.0739688094034378,72.91477854635401,7.495007409440819e-05,3.9476310222330464,0.0540768471503084,23.68578613339828,0.3244610829018504,54.0,1813.5,24000000.0,0.1666666666666666
AMD,AMD CPU,CPU,CPU package RAPL,1,2000000,2T,2,0.0001936474741447,0.0167074583333333,0.0167074583333333,86.2117193778558,3.235357105627813e-06,20.656091785690236,0.2394140341514149,123.9365507141414,1.4364842049084894,60.0,1868.5,24000000.0,0.1666666666666666
AMD,AMD CPU,CPU,CPU package RAPL,2,2000000,2T,2,0.0001905910125142,0.0176601123435722,0.0176601123435722,92.57321115390934,3.3658586926759474e-06,20.98734849683418,0.22649912538387057,125.92409098100508,1.3589947523032233,63.0,1870.5,24000000.0,0.1666666666666666
AMD,AMD CPU,CPU,CPU package RAPL,3,2000000,2T,2,0.0001735786317567,0.0157180326013513,0.0157180326013513,90.50482313322432,2.7283145928497627e-06,23.044311154651112,0.25448477563636784,138.26586692790667,1.526908653818207,62.5,1892.0,24000000.0,0.1666666666666666
AMD,AMD CPU,CPU,CPU package RAPL,4,2000000,2T,2,0.0001795868959107,0.0168551865241635,0.0168551865241635,93.77325386279632,3.026970627870384e-06,22.273340043635528,0.23731567694404468,133.64004026181317,1.423894061664268,64.0,1872.0,24000000.0,0.1666666666666666
AMD,AMD CPU,CPU,CPU package RAPL,5,2000000,2T,2,0.0001726615631872,0.0151841389781762,0.0151841389781762,87.979172460276,2.6217171716235966e-06,23.166707900490813,0.26343278375870405,139.0002474029449,1.580596702552224,62.0,1913.0,24000000.0,0.1666666666666666
AMD,AMD CPU,CPU,CPU package RAPL,1,2000000,4T,4,6.871001999862079e-05,0.0086385217226398,0.0086385217226398,125.7098978608083,5.935530003211008e-07,58.21567218406125,0.46304218805363623,349.2940331043675,2.7782531283218175,65.0,2042.0,24000000.0,0.1666666666666666
AMD,AMD CPU,CPU,CPU package RAPL,2,2000000,4T,4,6.909411366711772e-05,0.0086916216508795,0.0086916216508795,125.8975490533931,6.005398942974496e-07,57.89205169157011,0.46021331354146583,347.35231014942065,2.761279881248795,66.0,1988.0,24000000.0,0.1666666666666666
AMD,AMD CPU,CPU,CPU package RAPL,3,2000000,4T,4,6.866334890649333e-05,0.0087733324192565,0.0087733324192565,127.65184148511229,6.024063849760582e-07,58.25524189691438,0.4559270991739057,349.53145138148625,2.7355625950434344,69.0,1986.0,24000000.0,0.1666666666666666
AMD,AMD CPU,CPU,CPU package RAPL,4,2000000,4T,4,6.831632653061224e-05,0.0086479856199905,0.0086479856199905,126.08808550075996,5.907986094473102e-07,58.5511575802838,0.4625354592118753,351.30694548170277,2.7752127552712516,67.0,1988.0,24000000.0,0.1666666666666666
AMD,AMD CPU,CPU,CPU package RAPL,5,2000000,4T,4,6.792291027862951e-05,0.0086305226303159,0.0086305226303159,127.1116049302153,5.862102142766285e-07,58.890291708518184,0.4634713529339983,353.34175025110915,2.78082811760399,68.0,2035.5,24000000.0,0.1666666666666666
AMD,AMD CPU,CPU,CPU package RAPL,1,2000000,8T,8,4.1218098209886686e-05,0.0071013758416817,0.0071013758416817,172.16163805269093,2.92705206867753e-07,97.04474912043732,0.5632711307183463,582.2684947226239,3.3796267843100782,66.5,2244.5,24000000.0,0.1666666666666666
AMD,AMD CPU,CPU,CPU package RAPL,2,2000000,8T,8,4.0943305599099646e-05,0.0070609824751798,0.0070609824751798,172.56912114948636,2.890999633111736e-07,97.6960687826818,0.5664934042904765,586.1764126960908,3.398960425742859,69.0,2228.0,24000000.0,0.1666666666666666
AMD,AMD CPU,CPU,CPU package RAPL,3,2000000,8T,8,4.054964509908505e-05,0.0070177744635457,0.0070177744635457,173.25385892957115,2.845682638822001e-07,98.64451316961721,0.5699812698139942,591.8670790177034,3.419887618883965,70.0,2234.0,24000000.0,0.1666666666666666
AMD,AMD CPU,CPU,CPU package RAPL,4,2000000,8T,8,4.132227042069079e-05,0.0071029049558029,0.0071029049558029,172.17137255442697,2.935081593561522e-07,96.8001022034145,0.5631498696504587,580.800613220487,3.378899217902752,71.5,2244.5,24000000.0,0.1666666666666666
AMD,AMD CPU,CPU,CPU package RAPL,5,2000000,8T,8,4.104921220780251e-05,0.0070631663094812,0.0070631663094812,172.23228450107254,2.899374126968951e-07,97.44401377914122,0.5663182522873097,584.6640826748472,3.397909513723858,69.0,2232.5,24000000.0,0.1666666666666666
AMD,AMD CPU,CPU,CPU package RAPL,1,2000000,10T,10,3.5774813873252226e-05,0.0067987157254403,0.0067987157254403,190.025503175742,2.4322278965477974e-07,111.81050484767671,0.5883464115189124,670.8630290860604,3.5300784691134743,68.0,2285.5,24000000.0,0.1666666666666666
AMD,AMD CPU,CPU,CPU package RAPL,2,2000000,10T,10,3.564489481605937e-05,0.0067826966467149,0.0067826966467149,190.28517851348155,2.417685085413912e-07,112.21803348393804,0.5897359425527813,673.3082009036283,3.5384156553166872,68.0,2275.0,24000000.0,0.1666666666666666
AMD,AMD CPU,CPU,CPU package RAPL,3,2000000,10T,10,3.568459839211993e-05,0.0067890160063735,0.0067890160063735,190.17803409786612,2.422633096651123e-07,112.09317689514201,0.5891870038669546,672.5590613708522,3.5351220232017275,70.0,2325.0,24000000.0,0.1666666666666666
AMD,AMD CPU,CPU,CPU package RAPL,4,2000000,10T,10,3.558148709097954e-05,0.0067871677644323,0.0067871677644323,190.74997322582203,2.4149752219446034e-07,112.41801079792593,0.589347447835566,674.5080647875556,3.536084687013396,68.0,2261.0,24000000.0,0.1666666666666666
AMD,AMD CPU,CPU,CPU package RAPL,5,2000000,10T,10,3.557270927092709e-05,0.0067525140054005,0.0067525140054005,189.8974648059957,2.4020521756197536e-07,112.44575074491514,0.5923719664706946,674.674504469491,3.5542317988241674,70.0,2295.0,24000000.0,0.1666666666666666
AMD,AMD CPU,CPU,CPU package RAPL,1,2000000,16T,16,2.7504384594787576e-05,0.0063241592734737,0.0063241592734737,228.635747790396,1.73942108896313e-07,145.4313579064063,0.6324951392002026,872.5881474384379,3.794970835201216,67.0,2391.0,24000000.0,0.1666666666666666
AMD,AMD CPU,CPU,CPU package RAPL,2,2000000,16T,16,2.9344125146835517e-05,0.006585019554193,0.006585019554193,224.42228652480676,1.9323163789259842e-07,136.31348625949278,0.6074393503437673,817.8809175569567,3.644636102062604,70.5,2509.5,24000000.0,0.1666666666666666
AMD,AMD CPU,CPU,CPU package RAPL,3,2000000,16T,16,3.0283297752475837e-05,0.0066708533772163,0.0066708533772163,220.34749300577403,2.0201543908535022e-07,132.08601099835556,0.5996234325373783,792.5160659901334,3.5977405952242694,73.0,2493.5,24000000.0,0.1666666666666666
AMD,AMD CPU,CPU,CPU package RAPL,4,2000000,16T,16,3.059675011662261e-05,0.0067099912921785,0.0067099912921785,219.2630185200186,2.053039268514992e-07,130.73283877384347,0.596125959904389,784.3970326430609,3.5767557594263337,72.0,2612.0,24000000.0,0.1666666666666666
AMD,AMD CPU,CPU,CPU package RAPL,5,2000000,16T,16,3.047070206204269e-05,0.0066851586442522,0.0066851586442522,219.32513329760428,2.0370147728649803e-07,131.27364088478927,0.5983403256165267,787.6418453087357,3.590041953699161,73.0,2523.0,24000000.0,0.1666666666666666
AMD,AMD CPU,CPU,CPU package RAPL,1,2000000,20T,20,3.0295913825336064e-05,0.0068851726163981,0.0068851726163981,227.4739292826507,2.0859259625896048e-07,132.0310066585565,0.5809585645642904,792.186039951339,3.485751387385742,73.0,2706.5,24000000.0,0.1666666666666666
AMD,AMD CPU,CPU,CPU package RAPL,2,2000000,20T,20,3.01567331193498e-05,0.0068710531523307,0.0068710531523307,227.59547872300263,2.0720851616370408e-07,132.64036207666788,0.5821523878975056,795.8421724600073,3.492914327385033,72.5,2738.0,24000000.0,0.1666666666666666
AMD,AMD CPU,CPU,CPU package RAPL,3,2000000,20T,20,2.8657915371474976e-05,0.006684854378448,0.006684854378448,233.10257957285845,1.9157399104819674e-07,139.57749362263283,0.5983675594932955,837.464961735797,3.5902053569597725,73.0,2611.0,24000000.0,0.1666666666666666
AMD,AMD CPU,CPU,CPU package RAPL,4,2000000,20T,20,3.0216950443982062e-05,0.0068752273979427,0.0068752273979427,227.58498867139448,2.077484055747423e-07,132.37603203590754,0.5817989381990384,794.2561922154451,3.49079362919423,72.0,2721.5,24000000.0,0.1666666666666666
AMD,AMD CPU,CPU,CPU package RAPL,5,2000000,20T,20,2.9866082269671573e-05,0.0068340987354517,0.0068340987354517,228.93152490162703,2.0410775507205892e-07,133.93119204194795,0.5853002941339008,803.5871522516876,3.5118017648034052,74.0,2742.0,24000000.0,0.1666666666666666
AMD,AMD CPU,CPU,CPU package RAPL,1,2000000,32T,32,3.401054232133806e-05,0.0074876793208312,0.0074876793208312,220.03619388581004,2.5466003442973734e-07,117.61059151033938,0.5342109121676386,705.6635490620363,3.2052654730058316,62.5,3032.0,24000000.0,0.1666666666666666
AMD,AMD CPU,CPU,CPU package RAPL,2,2000000,32T,32,3.417744355773822e-05,0.0075406215128572,0.0075406215128572,220.71831241358177,2.5771916614594356e-07,117.03625501546172,0.5304602535984291,702.2175300927704,3.1827615215905745,63.5,3082.5,24000000.0,0.1666666666666666
AMD,AMD CPU,CPU,CPU package RAPL,3,2000000,32T,32,3.2208521319184084e-05,0.0072875497712397,0.0072875497712397,226.5330942702344,2.3472120217158896e-07,124.19073699038503,0.5488813285071469,745.1444219423103,3.2932879710428806,67.0,3088.0,24000000.0,0.1666666666666666
AMD,AMD CPU,CPU,CPU package RAPL,4,2000000,32T,32,3.259261151377758e-05,0.0073335543759379,0.0073335543759379,225.31884314317912,2.3901968879010753e-07,122.72720147967021,0.5454381047646399,736.3632088780213,3.2726286285878396,64.0,3166.5,24000000.0,0.1666666666666666
AMD,AMD CPU,CPU,CPU package RAPL,5,2000000,32T,32,3.4383457242760635e-05,0.0075725779950436,0.0075725779950436,219.95920951393555,2.6037141171005166e-07,116.33501459025595,0.528221697104748,698.0100875415357,3.1693301826284874,63.5,3050.0,24000000.0,0.1666666666666666
AMD,AMD CPU,CPU,CPU package RAPL,1,2000000,64T,64,6.106553147574819e-05,0.0118804477326534,0.0118804477326534,194.52026217921497,7.254858549643274e-07,65.50340107313363,0.3366876476385653,393.02040643880184,2.020125885831392,60.0,4147.5,24000000.0,0.1666666666666666
AMD,AMD CPU,CPU,CPU package RAPL,2,2000000,64T,64,2.353506e-05,0.00510763251,0.00510763251,219.4507742274152,1.202084375808006e-07,169.95920129372942,0.7831416986575647,1019.7552077623766,4.698850191945388,65.5,3896.5,24000000.0,0.1666666666666666
AMD,AMD CPU,CPU,CPU package RAPL,3,2000000,64T,64,6.062340951576916e-05,0.0118162454320689,0.0118162454320689,194.71281364774728,7.163410857671496e-07,65.98111244402268,0.3385170038144377,395.8866746641361,2.0311020228866266,60.5,4115.0,24000000.0,0.1666666666666666
AMD,AMD CPU,CPU,CPU package RAPL,4,2000000,64T,64,5.952744971936389e-05,0.0117161364300748,0.0117161364300748,196.89528804330476,6.974317222464852e-07,67.19589061613749,0.34140947605664423,403.17534369682494,2.0484568563398655,61.5,4129.0,24000000.0,0.1666666666666666
AMD,AMD CPU,CPU,CPU package RAPL,5,2000000,64T,64,6.043162779485326e-05,0.0118585326643765,0.0118585326643765,196.2210175564105,7.166304321667102e-07,66.19050563355279,0.337309860604943,397.1430338013168,2.0238591636296577,62.0,4123.0,24000000.0,0.1666666666666666
AMD,AMD CPU,CPU,CPU package RAPL,1,4000000,1T,1,0.0022624886877828,0.1639915859728506,0.1639915859728506,72.50813882982057,0.00037102910815513496,3.5359292814143806,0.04878299061833836,21.215575688486283,0.2926979437100302,53.0,1810.0,48000000.0,0.1666666666666666
AMD,AMD CPU,CPU,CPU package RAPL,2,4000000,1T,1,0.0022609311512415,0.1603401049661399,0.1603401049661399,70.86642977213236,0.00036251793811127765,3.5383651534931166,0.04989394263954993,21.2301909209587,0.29936365583729957,53.0,1794.0,48000000.0,0.1666666666666666
AMD,AMD CPU,CPU,CPU package RAPL,3,4000000,1T,1,0.0022431830357142,0.1647349720982142,0.1647349720982142,73.52083926561383,0.00036953069479956616,3.566360779584313,0.048562851579751015,21.39816467750588,0.2913771094785061,59.0,1825.0,48000000.0,0.1666666666666666
AMD,AMD CPU,CPU,CPU package RAPL,4,4000000,1T,1,0.0022589370786516,0.165263906741573,0.165263906741573,73.16995166782455,0.00037332076670135937,3.5414886388846845,0.048407423966503375,21.248931833308106,0.29044454379902024,53.0,1807.0,48000000.0,0.1666666666666666
AMD,AMD CPU,CPU,CPU package RAPL,5,4000000,1T,1,0.0022357332589285,0.1671255390625,0.1671255390625,74.70572817408285,0.00037364812609838545,3.5782443938925383,0.047868207605351314,21.46946636335523,0.28720924563210787,54.5,1813.5,48000000.0,0.1666666666666666
AMD,AMD CPU,CPU,CPU package RAPL,1,4000000,2T,2,0.00125223875,0.10229006125,0.10229006125,81.68674401443181,0.00012809157843712344,6.38855809245641,0.07820896675824408,38.33134855473846,0.4692538005494645,52.0,1867.5,48000000.0,0.1666666666666666
AMD,AMD CPU,CPU,CPU package RAPL,2,4000000,2T,2,0.0012449245982694,0.105166519777503,0.105166519777503,84.57401241647389,0.00013092438738539886,6.426091998761206,0.07606983683519536,38.55655199256723,0.45641902101117215,54.0,1868.5,48000000.0,0.1666666666666666
AMD,AMD CPU,CPU,CPU package RAPL,3,4000000,2T,2,0.0012601314465408,0.1012955301886792,0.1012955301886792,80.38707378361087,0.0001276456829847776,6.348544052258106,0.07897683130833823,38.091264313548635,0.47386098785002934,53.0,1871.5,48000000.0,0.1666666666666666
AMD,AMD CPU,CPU,CPU package RAPL,4,4000000,2T,2,0.0012390740049751,0.1012937064676617,0.1012937064676617,81.82997855662914,0.00012551039855165775,6.456434375895705,0.07897825322991832,38.73860625537422,0.4738695193795099,54.5,1864.5,48000000.0,0.1666666666666666
AMD,AMD CPU,CPU,CPU package RAPL,5,4000000,2T,2,0.0012675714285714,0.1012885644753476,0.1012885644753476,79.87938998606757,0.00012839049036996272,6.311281415530402,0.07898226262202682,37.86768849318241,0.47389357573216084,55.5,1849.5,48000000.0,0.1666666666666666
AMD,AMD CPU,CPU,CPU package RAPL,1,4000000,4T,4,0.0002107208376963,0.0249871190575916,0.0249871190575916,118.58243344930617,5.265306659432885e-06,37.96492120788712,0.3201649610569825,227.78952724732272,1.920989766341895,58.0,2024.0,48000000.0,0.1666666666666666
AMD,AMD CPU,CPU,CPU package RAPL,2,4000000,4T,4,0.0002036182576836,0.0250346014654996,0.0250346014654996,122.91065377349469,5.0975019322083275e-06,39.28920761335217,0.31955771339219713,235.735245680113,1.9173462803531829,62.0,1945.0,48000000.0,0.1666666666666666
AMD,AMD CPU,CPU,CPU package RAPL,3,4000000,4T,4,0.0002141374493495,0.0234095873320537,0.0234095873320537,109.2630607666864,5.012869321610346e-06,37.35918226495247,0.34174032572739793,224.15509358971488,2.0504419543643877,60.0,1953.0,48000000.0,0.1666666666666666
AMD,AMD CPU,CPU,CPU package RAPL,4,4000000,4T,4,0.0001807775477133,0.0206274932481094,0.0206274932481094,114.15450670303068,3.728987644865871e-06,44.25328311615011,0.3878319049132756,265.51969869690066,2.3269914294796537,62.0,1947.0,48000000.0,0.1666666666666666
AMD,AMD CPU,CPU,CPU package RAPL,5,4000000,4T,4,0.0001730368874055,0.0201551708238187,0.0201551708238187,116.0356639323505,3.487588024479735e-06,46.23291669164478,0.39692047613637044,277.39750014986873,2.3815228568182225,64.0,1990.0,48000000.0,0.1666666666666666
AMD,AMD CPU,CPU,CPU package RAPL,1,4000000,8T,8,7.203855932203391e-05,0.0132755396892655,0.0132755396892655,184.28378881302945,9.563507534371684e-07,111.05163783519889,0.6026120359135937,666.3098270111932,3.615672215481562,69.0,2149.0,48000000.0,0.1666666666666666
AMD,AMD CPU,CPU,CPU package RAPL,2,4000000,8T,8,7.313223498807718e-05,0.0134068762555097,0.0134068762555097,183.11121701693068,9.804748247740076e-07,109.39088626655877,0.5967087222657338,656.3453175993525,3.5802523335944034,72.0,2234.5,48000000.0,0.1666666666666666
AMD,AMD CPU,CPU,CPU package RAPL,3,4000000,8T,8,7.267587728514393e-05,0.013365328290257,0.013365328290257,183.8723916310272,9.713369586983803e-07,110.0777905798369,0.5985636735785836,660.4667434790215,3.5913820414715016,71.5,2131.0,48000000.0,0.1666666666666666
AMD,AMD CPU,CPU,CPU package RAPL,4,4000000,8T,8,7.287064586357039e-05,0.0133581686139332,0.0133581686139332,183.40012242328137,9.73418374451787e-07,109.78357478781965,0.5988844901729735,658.7014487269179,3.5933069410378407,72.0,2193.5,48000000.0,0.1666666666666666
AMD,AMD CPU,CPU,CPU package RAPL,5,4000000,8T,8,7.155567084078712e-05,0.0132060981395348,0.0132060981395348,184.47416086638736,9.449712115636834e-07,111.80106211009004,0.6057807473087437,670.8063726605403,3.6346844838524617,72.0,2166.5,48000000.0,0.1666666666666666
AMD,AMD CPU,CPU,CPU package RAPL,1,4000000,10T,10,6.205777213307725e-05,0.0128722749519856,0.0128722749519856,207.5314367046844,7.988247058046402e-07,128.91213662721773,0.6214907644406685,773.4728197633063,3.728944586644011,71.0,2202.5,48000000.0,0.1666666666666666
AMD,AMD CPU,CPU,CPU package RAPL,2,4000000,10T,10,7.010488676996424e-05,0.0135610088340461,0.0135610088340461,193.67744155750404,9.506929887972866e-07,114.11472678431774,0.5899266122381175,684.6883607059063,3.5395596734287054,70.0,2336.5,48000000.0,0.1666666666666666
AMD,AMD CPU,CPU,CPU package RAPL,3,4000000,10T,10,6.204730846959398e-05,0.0127302584665319,0.0127302584665319,205.075687266976,7.898782739705652e-07,128.93387638112242,0.6284240041969421,773.6032582867344,3.7705440251816524,71.0,2240.0,48000000.0,0.1666666666666666
AMD,AMD CPU,CPU,CPU package RAPL,4,4000000,10T,10,6.334667127679638e-05,0.013026940277865,0.013026940277865,205.935231435192,8.252133035243727e-07,126.289193082358,0.6141119732922525,757.735158494148,3.6846718397535154,72.0,2233.0,48000000.0,0.1666666666666666
AMD,AMD CPU,CPU,CPU package RAPL,5,4000000,10T,10,6.095314099861471e-05,0.0126444340781786,0.0126444340781786,207.39498657214895,7.707179732149091e-07,131.24836339741404,0.6326894466400966,787.4901803844842,3.7961366798405805,72.0,2239.5,48000000.0,0.1666666666666666
AMD,AMD CPU,CPU,CPU package RAPL,1,4000000,16T,16,4.649324572688844e-05,0.0118554116430803,0.0118554116430803,255.15234441878872,5.511965667151467e-07,172.06800417836521,0.6747973196417346,1032.4080250701911,4.0487839178504075,76.0,2480.5,48000000.0,0.1666666666666666
AMD,AMD CPU,CPU,CPU package RAPL,2,4000000,16T,16,4.626283553708044e-05,0.0118041833900853,0.0118041833900853,255.15995584829136,5.460949948250529e-07,172.92498194555898,0.6777258312268724,1037.549891673354,4.066354987361234,76.5,2619.0,48000000.0,0.1666666666666666
AMD,AMD CPU,CPU,CPU package RAPL,3,4000000,16T,16,4.702981545024575e-05,0.0118555530232773,0.0118555530232773,252.12836799718707,5.575644707453345e-07,170.10485632169744,0.6747892725284707,1020.6291379301846,4.048735635170824,77.0,2546.0,48000000.0,0.1666666666666666
AMD,AMD CPU,CPU,CPU package RAPL,4,4000000,16T,16,4.694924340883773e-05,0.0118766426383215,0.0118766426383215,252.9514552483131,5.575993861063368e-07,170.39678212352362,0.6735910344045363,1022.3806927411417,4.041546206427218,77.0,2678.0,48000000.0,0.1666666666666666
AMD,AMD CPU,CPU,CPU package RAPL,5,4000000,16T,16,4.666662884632841e-05,0.0118531448216392,0.0118531448216392,254.02130643643653,5.531463100532161e-07,171.42871036053884,0.6749263693627646,1028.572262163233,4.049558216176588,77.5,2551.0,48000000.0,0.1666666666666666
AMD,AMD CPU,CPU,CPU package RAPL,1,4000000,20T,20,4.534888536434928e-05,0.0120967690104855,0.0120967690104855,266.69959286872825,5.485749911355198e-07,176.41006908384006,0.6613336166926546,1058.4604145030405,3.9680017001559276,75.5,2638.0,48000000.0,0.1666666666666666
AMD,AMD CPU,CPU,CPU package RAPL,2,4000000,20T,20,4.693318541561828e-05,0.0122914546639827,0.0122914546639827,262.1231127013769,5.768771207723662e-07,170.4550826703057,0.6508586834268015,1022.7304960218343,3.905152100560809,78.0,2702.0,48000000.0,0.1666666666666666
AMD,AMD CPU,CPU,CPU package RAPL,3,4000000,20T,20,4.568780334351969e-05,0.0121584712385403,0.0121584712385403,266.061719281789,5.554938429042694e-07,175.10143658799282,0.6579774581068507,1050.608619527957,3.9478647486411047,79.0,2650.5,48000000.0,0.1666666666666666
AMD,AMD CPU,CPU,CPU package RAPL,4,4000000,20T,20,4.581365818638668e-05,0.0121856671602279,0.0121856671602279,266.0480862071562,5.582699900517583e-07,174.62041488704264,0.6565089867307997,1047.7224893222558,3.9390539203847985,79.5,2612.5,48000000.0,0.1666666666666666
AMD,AMD CPU,CPU,CPU package RAPL,5,4000000,20T,20,4.580419206253199e-05,0.0121430054203694,0.0121430054203694,264.9961294414271,5.56200552490967e-07,174.6565028169994,0.6588154845570869,1047.9390169019964,3.952892907342522,79.5,2789.0,48000000.0,0.1666666666666666
AMD,AMD CPU,CPU,CPU package RAPL,1,4000000,32T,32,4.327333956571623e-05,0.0118868718820379,0.0118868718820379,274.6147643114543,5.143846433255903e-07,184.87133371925117,0.6730113758598423,1109.2280023155072,4.038068255159054,65.5,3048.5,48000000.0,0.1666666666666666
AMD,AMD CPU,CPU,CPU package RAPL,2,4000000,32T,32,2.2380667838312828e-05,0.0064221460017574,0.0064221460017574,286.8773902799211,1.4373191647448117e-07,357.45135300676895,1.2456895246247632,2144.708118040614,7.47413714774858,68.0,2878.0,48000000.0,0.1666666666666666
AMD,AMD CPU,CPU,CPU package RAPL,3,4000000,32T,32,4.335681224017486e-05,0.0119399679852569,0.0119399679852569,275.1354402837597,5.176789500904823e-07,184.51541030470685,0.6700185469406744,1107.0924618282409,4.020111281644047,70.5,3035.5,48000000.0,0.1666666666666666
AMD,AMD CPU,CPU,CPU package RAPL,4,4000000,32T,32,4.363393962683062e-05,0.011997759660134,0.011997759660134,275.14349087414104,5.235095206675108e-07,183.34351810581825,0.6667911532335737,1100.0611086349095,4.0007469194014424,70.0,3089.0,48000000.0,0.1666666666666666
AMD,AMD CPU,CPU,CPU package RAPL,5,4000000,32T,32,4.310296529968454e-05,0.0117776749316508,0.0117776749316508,273.23356517051707,5.076527138899089e-07,185.60207968008527,0.6792512143887718,1113.6124780805114,4.0755072863326305,70.0,3132.5,48000000.0,0.1666666666666666
AMD,AMD CPU,CPU,CPU package RAPL,1,4000000,64T,64,6.616281498890195e-05,0.0158199188209949,0.0158199188209949,239.2029681713705,1.0466903620929333e-06,120.91383961431973,0.5056915961782975,725.4830376859185,3.0341495770697846,62.0,4141.0,48000000.0,0.1666666666666666
AMD,AMD CPU,CPU,CPU package RAPL,2,4000000,64T,64,6.610552598725278e-05,0.0159087463368158,0.0159087463368158,240.63118812308116,1.0516560443929892e-06,121.01862711965488,0.5028680343897691,726.1117627179293,3.0172082063386143,66.0,4105.5,48000000.0,0.1666666666666666
AMD,AMD CPU,CPU,CPU package RAPL,3,4000000,64T,64,6.622646168027391e-05,0.0159636232552014,0.0159636232552014,240.8349659176316,1.057214283788925e-06,120.7976358245161,0.5011393636713002,724.7858149470967,3.006836182027801,66.5,4113.5,48000000.0,0.1666666666666666
AMD,AMD CPU,CPU,CPU package RAPL,4,4000000,64T,64,6.631052457934674e-05,0.0159889724843286,0.0159889724843286,241.10245496942312,1.0602371529205701e-06,120.64449875414954,0.5003448475404598,723.8669925248972,3.002069085242759,67.0,4099.5,48000000.0,0.1666666666666666
AMD,AMD CPU,CPU,CPU package RAPL,5,4000000,64T,64,6.609305828421741e-05,0.0158903551735428,0.0158903551735428,240.4708982811668,1.0502421706418799e-06,121.04145590597291,0.5034500432891442,726.2487354358375,3.020700259734866,66.0,4094.0,48000000.0,0.1666666666666666
AMD,AMD CPU,CPU,CPU package RAPL,1,8000000,1T,1,0.0043431623376623,0.3279794285714286,0.3279794285714286,75.40299372552245,0.0014244679016994313,3.683951636173925,0.048783547400185374,22.103709817043548,0.29270128440111226,54.0,1832.0,96000000.0,0.1666666666666666
AMD,AMD CPU,CPU,CPU package RAPL,2,8000000,1T,1,0.0043711413043478,0.3239960347826087,0.3239960347826087,74.0561436882002,0.0014162324500831673,3.6603712591229756,0.0493833204185215,21.96222755473785,0.29629992251112897,54.0,1808.0,96000000.0,0.1666666666666666
AMD,AMD CPU,CPU,CPU package RAPL,3,8000000,1T,1,0.0043659260869565,0.3297831282608696,0.3297831282608696,75.5415095937447,0.001439808762712252,3.664743672093095,0.048516733055377716,21.988462032558566,0.29110039833226625,55.0,1794.0,96000000.0,0.1666666666666666
AMD,AMD CPU,CPU,CPU package RAPL,4,8000000,1T,1,0.0043166115879828,0.3195433819742489,0.3195433819742489,73.98255559614593,0.001379344665493257,3.7066110012175026,0.05007144851865339,22.239666007305015,0.30042869111192033,54.0,1810.0,96000000.0,0.1666666666666666
AMD,AMD CPU,CPU,CPU package RAPL,5,8000000,1T,1,0.0043493766233766,0.3153312727272727,0.3153312727272727,72.52098252322443,0.001371494466219591,3.678688093830454,0.05074028928884026,22.072128562982723,0.3044417357330415,53.0,1809.5,96000000.0,0.1666666666666666
AMD,AMD CPU,CPU,CPU package RAPL,1,8000000,2T,2,0.0028777808022922,0.2360001633237822,0.2360001633237822,81.99936519347118,0.0006791567393510042,5.55983971651202,0.06779656325088504,33.35903829907212,0.40677937950531023,51.0,1868.5,96000000.0,0.1666666666666666
AMD,AMD CPU,CPU,CPU package RAPL,2,8000000,2T,2,0.0028603071428571,0.2355458771428571,0.2355458771428571,82.32285991052935,0.0006737335548622551,5.593804861116397,0.06792731927248338,33.562829166698386,0.4075639156349003,52.0,1834.0,96000000.0,0.1666666666666666
AMD,AMD CPU,CPU,CPU package RAPL,3,8000000,2T,2,0.0028443579545454,0.2307216363636363,0.2307216363636363,81.06298426255805,0.0006562549216766401,5.6251710423546895,0.06934763575784754,33.75102625412814,0.4160858145470852,54.0,1873.5,96000000.0,0.1666666666666666
AMD,AMD CPU,CPU,CPU package RAPL,4,8000000,2T,2,0.0028857118155619,0.2359768213256484,0.2359768213256484,81.67628129777842,0.000680961101498163,5.544559201551632,0.06780326944873952,33.26735520930979,0.4068196166924371,53.5,1866.5,96000000.0,0.1666666666666666
AMD,AMD CPU,CPU,CPU package RAPL,5,8000000,2T,2,0.0028464602272727,0.2326860170454545,0.2326860170454545,81.74542460139295,0.0006623314929623837,5.621016533693218,0.06876218950825244,33.726099202159304,0.41257313704951465,54.0,1861.0,96000000.0,0.1666666666666666
AMD,AMD CPU,CPU,CPU package RAPL,1,8000000,4T,4,0.0019451834951456,0.1777051854368932,0.1777051854368932,91.36564873514988,0.00034566919371363286,8.225445074940025,0.09003676488484874,49.35267044964015,0.5402205893090924,48.0,1946.5,96000000.0,0.1666666666666666
AMD,AMD CPU,CPU,CPU package RAPL,2,8000000,4T,4,0.0018147092391304,0.1636070697463768,0.1636070697463768,90.1396713829084,0.0002968992610558017,8.816839444575223,0.09779528491527387,52.90103666745133,0.5867717094916431,51.0,1928.0,96000000.0,0.1666666666666666
AMD,AMD CPU,CPU,CPU package RAPL,3,8000000,4T,4,0.0020043276553106,0.1914703947895791,0.1914703947895791,95.58076754458897,0.000383769407449992,7.982726755082649,0.08356383250571753,47.8963605304959,0.5013829950343052,69.5,1947.5,96000000.0,0.1666666666666666
AMD,AMD CPU,CPU,CPU package RAPL,4,8000000,4T,4,0.001954591796875,0.1876571728515625,0.1876571728515625,95.9699015786073,0.000366793170680418,8.185852424828953,0.08526186213332787,49.11511454897372,0.5115711727999672,58.0,1909.0,96000000.0,0.1666666666666666
AMD,AMD CPU,CPU,CPU package RAPL,5,8000000,4T,4,0.0019694078431372,0.1944006970588235,0.1944006970588235,98.72491319926088,0.00038285425749898586,8.124269462902383,0.0823042316312198,48.74561677741429,0.4938253897873188,55.0,1936.5,96000000.0,0.1666666666666666
AMD,AMD CPU,CPU,CPU package RAPL,1,8000000,8T,8,0.0002428136123136,0.0358072141654641,0.0358072141654641,147.3973966669561,8.694479018403046e-06,65.89416403613974,0.44683733076984056,395.3649842168384,2.6810239846190433,59.0,2216.0,96000000.0,0.1666666666666666
AMD,AMD CPU,CPU,CPU package RAPL,2,8000000,8T,8,0.0002159480630055,0.0349117071094082,0.0349117071094082,161.12844291623946,7.539115526492044e-06,74.09188939838971,0.458298986923164,444.5513363903383,2.749793921538984,66.0,2201.5,96000000.0,0.1666666666666666
AMD,AMD CPU,CPU,CPU package RAPL,3,8000000,8T,8,0.0002540548273254,0.0391758016133098,0.0391758016133098,153.90449564260325,9.952801514203548e-06,62.97853171475772,0.40841538248356024,377.8711902885463,2.4504922949013617,63.0,2132.0,96000000.0,0.1666666666666666
AMD,AMD CPU,CPU,CPU package RAPL,4,8000000,8T,8,0.0002365112926477,0.0391683106679481,0.0391683106679481,165.3516054705783,9.263747786903103e-06,67.65004673088954,0.4084934919874651,405.90028038533734,2.4509609519247904,65.0,2214.0,96000000.0,0.1666666666666666
AMD,AMD CPU,CPU,CPU package RAPL,5,8000000,8T,8,0.0002178741326973,0.0376698565698178,0.0376698565698178,172.73754594614246,8.20728732898074e-06,73.4368958899281,0.42474279057435205,440.6213753395686,2.548456743446112,66.0,2128.0,96000000.0,0.1666666666666666
AMD,AMD CPU,CPU,CPU package RAPL,1,8000000,10T,10,0.0005569021134593,0.0645136796440489,0.0645136796440489,115.7981645205584,3.592780454080705e-05,28.730363224181453,0.24800941580575195,172.38217934508876,1.4880564948345119,53.0,2147.0,96000000.0,0.1666666666666666
AMD,AMD CPU,CPU,CPU package RAPL,2,8000000,10T,10,0.0005765049019607,0.0677101773356401,0.0677101773356401,117.43349126076669,3.90352491466248e-05,27.753450049745997,0.23630125676215297,166.520700298476,1.4178075405729178,54.5,2156.5,96000000.0,0.1666666666666666
AMD,AMD CPU,CPU,CPU package RAPL,3,8000000,10T,10,0.0005613791362871,0.0726166043185642,0.0726166043185642,129.3052365636563,4.076544661245767e-05,28.501237338142356,0.22033528213201853,171.00742402885413,1.322011692792111,56.0,2176.5,96000000.0,0.1666666666666666
AMD,AMD CPU,CPU,CPU package RAPL,4,8000000,10T,10,0.0005547421140011,0.0649467874930824,0.0649467874930824,117.07375837509318,3.6028718191492735e-05,28.84223064407234,0.2463555260790103,173.05338386443404,1.4781331564740616,53.0,2157.0,96000000.0,0.1666666666666666
AMD,AMD CPU,CPU,CPU package RAPL,5,8000000,10T,10,0.0005419290357529,0.0657594054712892,0.0657594054712892,121.30787579107982,3.563693119873973e-05,29.52416081151891,0.24331120218210703,177.14496486911347,1.459867213092642,56.0,2171.5,96000000.0,0.1666666666666666
AMD,AMD CPU,CPU,CPU package RAPL,1,8000000,16T,16,0.000124199006828,0.0278970433891992,0.0278970433891992,224.52338254988356,3.4647850823761637e-06,128.82550681067835,0.5735374812584858,772.9530408640701,3.441224887550914,69.0,2486.0,96000000.0,0.1666666666666666
AMD,AMD CPU,CPU,CPU package RAPL,2,8000000,16T,16,0.0001924019664545,0.0344876364950838,0.0344876364950838,179.28223238199348,6.635489080022104e-06,83.15923321804377,0.4639343726056958,498.95539930826266,2.783606235634174,64.0,2397.0,96000000.0,0.1666666666666666
AMD,AMD CPU,CPU,CPU package RAPL,3,8000000,16T,16,0.0002402268152408,0.0393946770908219,0.0393946770908219,164.07299991110665,9.46365781496785e-06,66.60372191989401,0.4061462405977596,399.6223315193641,2.4368774435865572,61.0,2397.0,96000000.0,0.1666666666666666
AMD,AMD CPU,CPU,CPU package RAPL,4,8000000,16T,16,0.0001421031311429,0.0288584428531311,0.0288584428531311,203.33527853843648,4.100875089338374e-06,112.59428185231384,0.554430468803483,675.5656911138831,3.3265828128208987,68.0,2457.0,96000000.0,0.1666666666666666
AMD,AMD CPU,CPU,CPU package RAPL,5,8000000,16T,16,0.0001617795834648,0.0329351164405175,0.0329351164405175,202.996263957448,5.328229419111607e-06,98.89999502614172,0.4858036566804559,593.3999701568504,2.914821940082735,69.0,2465.0,96000000.0,0.1666666666666666
AMD,AMD CPU,CPU,CPU package RAPL,1,8000000,20T,20,0.0006549748036649,0.0818754463350785,0.0818754463350785,124.97246958412772,5.36263543882941e-05,24.42842062087317,0.19541878201823007,146.570523725239,1.1725126921093805,56.0,2544.5,96000000.0,0.1666666666666666
AMD,AMD CPU,CPU,CPU package RAPL,2,8000000,20T,20,0.0006627362673726,0.0835399533421575,0.0835399533421575,126.0048096908054,5.536495685446262e-05,24.142333515912092,0.1915251249239779,144.85400109547257,1.1491507495438673,60.0,2515.5,96000000.0,0.1666666666666666
AMD,AMD CPU,CPU,CPU package RAPL,3,8000000,20T,20,0.0006805183423913,0.0856734782608695,0.0856734782608695,125.925607731203,5.8302373412983984e-05,23.511489703241466,0.18675557856167768,141.0689382194488,1.120533471370066,59.0,2538.0,96000000.0,0.1666666666666666
AMD,AMD CPU,CPU,CPU package RAPL,4,8000000,20T,20,0.0006616596166556,0.0821627518175809,0.0821627518175809,124.2151565061906,5.436377487098978e-05,24.181617854922145,0.194735444542114,145.08970712953285,1.1684126672526838,58.0,2556.0,96000000.0,0.1666666666666666
AMD,AMD CPU,CPU,CPU package RAPL,5,8000000,20T,20,0.0007301119620714,0.0902412706053975,0.0902412706053975,123.59645282475115,6.588623114152291e-05,21.914447141239016,0.17730246806878414,131.4866828474341,1.063814808412705,58.0,2556.0,96000000.0,0.1666666666666666
AMD,AMD CPU,CPU,CPU package RAPL,1,8000000,32T,32,9.78706550474885e-05,0.0262394409086458,0.0262394409086458,268.08331880557864,2.568071269809031e-06,163.48107604099033,0.6097690898104486,980.8864562459419,3.6586145388626914,67.0,2991.5,96000000.0,0.1666666666666666
AMD,AMD CPU,CPU,CPU package RAPL,2,8000000,32T,32,8.491523300484382e-05,0.023155995866043,0.023155995866043,272.86065478099056,1.966296784424242e-06,188.42320080647147,0.6909657478158011,1130.5392048388287,4.145794486894807,69.0,3058.0,96000000.0,0.1666666666666666
AMD,AMD CPU,CPU,CPU package RAPL,3,8000000,32T,32,8.388368542663805e-05,0.0240616173460967,0.0240616173460967,286.71372260129306,2.0183771403161132e-06,190.74030806613857,0.664959456792107,1144.4418483968313,3.9897567407526418,71.0,3068.5,96000000.0,0.1666666666666666
AMD,AMD CPU,CPU,CPU package RAPL,4,8000000,32T,32,7.815402567094517e-05,0.0224100192532088,0.0224100192532088,286.75458231267896,1.7514332200016563e-06,204.72393920391767,0.7139663656339351,1228.343635223506,4.2837981938036105,69.0,3109.0,96000000.0,0.1666666666666666
AMD,AMD CPU,CPU,CPU package RAPL,5,8000000,32T,32,8.050767344355668e-05,0.0230674755557313,0.0230674755557313,286.8769906181344,1.8571087892080417e-06,198.7388197376922,0.6936172951107634,1192.432918426153,4.161703770664581,69.5,3091.5,96000000.0,0.1666666666666666
AMD,AMD CPU,CPU,CPU package RAPL,1,8000000,64T,64,9.91869608329202e-05,0.0222436827466534,0.0222436827466534,224.26015030887788,2.2062832893722136e-06,161.3115258864711,0.7193053498484745,967.8691553188265,4.315832099090847,58.0,3943.5,96000000.0,0.1666666666666666
AMD,AMD CPU,CPU,CPU package RAPL,2,8000000,64T,64,0.0001079141891166,0.0283538127079532,0.0283538127079532,262.81925622743984,3.059778706742718e-06,148.26595215122444,0.5642980069312521,889.5957129073466,3.385788041587513,68.5,4083.5,96000000.0,0.1666666666666666
AMD,AMD CPU,CPU,CPU package RAPL,3,8000000,64T,64,0.0001237398794142,0.0304729671465485,0.0304729671465485,246.18647424615756,3.7707212801067895e-06,129.30350405823887,0.5250555327629863,775.8210243494332,3.1503331965779178,66.0,4090.0,96000000.0,0.1666666666666666
AMD,AMD CPU,CPU,CPU package RAPL,4,8000000,64T,64,0.0001083208907056,0.0284503086811531,0.0284503086811531,262.48779716583255,3.0817627771917677e-06,147.70927284456707,0.5623840563318455,886.2556370674025,3.3743043379910738,68.0,4092.5,96000000.0,0.1666666666666666
AMD,AMD CPU,CPU,CPU package RAPL,5,8000000,64T,64,0.0001080798078998,0.0281881522231815,0.0281881522231815,260.9443356015001,3.046570077331777e-06,148.03875312984903,0.5676143605767053,888.2325187790942,3.405686163460232,67.5,4100.0,96000000.0,0.1666666666666666
AMD,AMD CPU,CPU,CPU package RAPL,1,16000000,1T,1,0.0091727954545454,0.6595918954545454,0.6595918954545454,71.86329354730276,0.006050301540480439,3.488576645862415,0.04851484716613717,20.931459875174493,0.291089082996823,64.0,1829.0,192000000.0,0.1666666666666666
AMD,AMD CPU,CPU,CPU package RAPL,2,16000000,1T,1,0.0091968073394495,0.6883542385321101,0.6883542385321101,74.73785210049545,0.006330661313073281,3.479468343621456,0.046487692250197825,20.876810061728737,0.278926153501187,54.0,1834.0,192000000.0,0.1666666666666666
AMD,AMD CPU,CPU,CPU package RAPL,3,16000000,1T,1,0.0091863256880733,0.6637401467889908,0.6637401467889908,72.27400017710505,0.006097333160653249,3.483438437366305,0.04821163847750962,20.900630624197827,0.28926983086505775,56.5,1848.5,192000000.0,0.1666666666666666
AMD,AMD CPU,CPU,CPU package RAPL,4,16000000,1T,1,0.0092229818181818,0.6921705681818182,0.6921705681818182,75.15113450489883,0.006383876565421475,3.4695937421145664,0.04623137918744082,20.8175624526874,0.2773882751246449,55.5,1814.0,192000000.0,0.1666666666666666
AMD,AMD CPU,CPU,CPU package RAPL,5,16000000,1T,1,0.0091641318181818,0.6663207409090909,0.6663207409090909,72.61486702339334,0.0061062511028794715,3.491874695266979,0.04802491958503495,20.951248171601872,0.28814951751020973,59.0,1826.5,192000000.0,0.1666666666666666
AMD,AMD CPU,CPU,CPU package RAPL,1,16000000,2T,2,0.005833203488372,0.4782188081395349,0.4782188081395349,82.07043673463974,0.002789547619844635,5.485836395693945,0.06691497585486647,32.91501837416367,0.4014898551291988,67.0,1834.0,192000000.0,0.1666666666666666
AMD,AMD CPU,CPU,CPU package RAPL,2,16000000,2T,2,0.0059111411764705,0.4750576941176471,0.4750576941176471,80.28167039559362,0.002808133096897951,5.413506300167064,0.06736023939036605,32.48103780100239,0.40416143634219637,54.0,1865.5,192000000.0,0.1666666666666666
AMD,AMD CPU,CPU,CPU package RAPL,3,16000000,2T,2,0.0058354738372093,0.4741344098837209,0.4741344098837209,81.26588746012303,0.002766798944197124,5.483702076762864,0.06749141031094504,32.90221246057719,0.4049484618656702,57.5,1874.0,192000000.0,0.1666666666666666
AMD,AMD CPU,CPU,CPU package RAPL,4,16000000,2T,2,0.0058140319767441,0.4720481017441861,0.4720481017441861,81.2320118345876,0.0027445027581020505,5.503925697003172,0.06778970168879432,33.023554182019026,0.40673821013276584,60.5,1847.5,192000000.0,0.1666666666666666
AMD,AMD CPU,CPU,CPU package RAPL,5,16000000,2T,2,0.005818239884393,0.4769227861271676,0.4769227861271676,82.04456561870145,0.0027748511760209192,5.499945109832553,0.06709681510471478,32.99967065899532,0.4025808906282887,53.0,1862.5,192000000.0,0.1666666666666666
AMD,AMD CPU,CPU,CPU package RAPL,1,16000000,4T,4,0.0048454806763285,0.4311251111111111,0.4311251111111111,88.96597789148197,0.0020890083949688665,6.604091964772197,0.0742243937439145,39.624551788633184,0.44534636246348697,57.5,1930.0,192000000.0,0.1666666666666666
AMD,AMD CPU,CPU,CPU package RAPL,2,16000000,4T,4,0.0048152727272727,0.4701563277511962,0.4701563277511962,97.64744720944128,0.00226393094257502,6.645521824497847,0.06806246797327845,39.87313094698708,0.40837480783967073,53.0,1945.0,192000000.0,0.1666666666666666
AMD,AMD CPU,CPU,CPU package RAPL,3,16000000,4T,4,0.0048215432692307,0.4471483076923077,0.4471483076923077,92.76152984933476,0.0021559449133017445,6.636879151165586,0.07156462285443756,39.82127490699352,0.42938773712662537,60.5,1914.0,192000000.0,0.1666666666666666
AMD,AMD CPU,CPU,CPU package RAPL,4,16000000,4T,4,0.004808485645933,0.448855533492823,0.448855533492823,93.28465914503975,0.0021583153898978385,6.654901845670577,0.07129242620891443,39.92941107402346,0.4277545572534866,67.0,1910.0,192000000.0,0.1666666666666666
AMD,AMD CPU,CPU,CPU package RAPL,5,16000000,4T,4,0.0048144302884615,0.4464003701923077,0.4464003701923077,92.67422880417874,0.0021491634630342723,6.646684671433039,0.07168452836679888,39.88010802859824,0.4301071702007932,62.0,1910.5,192000000.0,0.1666666666666666
AMD,AMD CPU,CPU,CPU package RAPL,1,16000000,8T,8,0.0039660892857142,0.4175424365079365,0.4175424365079365,105.2340241802741,0.0016560105837651283,8.068401312916372,0.0766389166754593,48.41040787749822,0.4598335000527558,52.0,2066.0,192000000.0,0.1666666666666666
AMD,AMD CPU,CPU,CPU package RAPL,2,16000000,8T,8,0.003887742248062,0.4875454670542636,0.4875454670542636,125.38324716926212,0.0018954511101179807,8.230998342534583,0.0656349041523104,49.38599005520751,0.3938094249138624,54.0,2079.0,192000000.0,0.1666666666666666
AMD,AMD CPU,CPU,CPU package RAPL,3,16000000,8T,8,0.0039392775590551,0.4546010866141732,0.4546010866141732,115.40783025569785,0.001790799858821276,8.123316907802689,0.07039138475962088,48.73990144681614,0.42234830855772526,54.0,2063.0,192000000.0,0.1666666666666666
AMD,AMD CPU,CPU,CPU package RAPL,4,16000000,8T,8,0.0039527252964426,0.433880290513834,0.433880290513834,109.7109765962344,0.001715009599941896,8.095680220631465,0.07375306207641552,48.57408132378879,0.4425183724584932,62.5,2080.0,192000000.0,0.1666666666666666
AMD,AMD CPU,CPU,CPU package RAPL,5,16000000,8T,8,0.0038969591439688,0.4530640486381323,0.4530640486381323,116.27785934056794,0.001765572087143895,8.211530790494784,0.07063019035871192,49.269184742968704,0.42378114215227153,56.0,2062.0,192000000.0,0.1666666666666666
AMD,AMD CPU,CPU,CPU package RAPL,1,16000000,10T,10,0.0035359116607773,0.4171638286219081,0.4171638286219081,117.96996402510425,0.001475054446078708,9.049999850099601,0.07670847231820488,54.29999910059761,0.4602508339092293,51.0,2174.5,192000000.0,0.1666666666666666
AMD,AMD CPU,CPU,CPU package RAPL,2,16000000,10T,10,0.0035483085106382,0.3708325975177304,0.3708325975177304,104.47185755109452,0.001315828461794233,9.01838154829566,0.08629230605453989,54.11028928977397,0.5177538363272394,59.0,2159.5,192000000.0,0.1666666666666666
AMD,AMD CPU,CPU,CPU package RAPL,3,16000000,10T,10,0.0036046187050359,0.4195113273381294,0.4195113273381294,116.36437423843378,0.0015121783774974596,8.877499291476738,0.07627922755517814,53.26499574886043,0.4576753653310689,54.0,2140.0,192000000.0,0.1666666666666666
AMD,AMD CPU,CPU,CPU package RAPL,4,16000000,10T,10,0.0035119,0.4183784543859649,0.4183784543859649,119.12153498076556,0.00146930329395807,9.111876761866794,0.07648577421838071,54.671260571200776,0.4589146453102842,53.0,2151.0,192000000.0,0.1666666666666666
AMD,AMD CPU,CPU,CPU package RAPL,5,16000000,10T,10,0.0037123462962962,0.3915809166666666,0.3915809166666666,105.47862931541157,0.0014536839656877707,8.619885497192525,0.08172001912759198,51.71931298315515,0.49032011476555193,51.0,2144.0,192000000.0,0.1666666666666666
AMD,AMD CPU,CPU,CPU package RAPL,1,16000000,16T,16,0.003917064453125,0.49164851953125,0.49164851953125,125.49108365801357,0.0019258189392873915,8.169383062990113,0.06508714809211588,49.01629837794067,0.39052288855269535,54.0,2404.0,192000000.0,0.1666666666666666
AMD,AMD CPU,CPU,CPU package RAPL,2,16000000,16T,16,0.003906224609375,0.477753251953125,0.477753251953125,122.3362817872322,0.0018662115099882318,8.192053248346115,0.06698018248788329,49.152319490076685,0.4018810949272998,52.5,2371.0,192000000.0,0.1666666666666666
AMD,AMD CPU,CPU,CPU package RAPL,3,16000000,16T,16,0.00392260546875,0.480174296875,0.480174296875,122.40042191498848,0.001883534322875061,8.157843110894685,0.06664246755450617,48.947058665368104,0.399854805327037,54.0,2403.5,192000000.0,0.1666666666666666
AMD,AMD CPU,CPU,CPU package RAPL,4,16000000,16T,16,0.00390745703125,0.50207980859375,0.50207980859375,128.4519832206131,0.0019618552783383023,8.189469453938734,0.06373488726747882,49.1368167236324,0.38240932360487295,56.0,2362.0,192000000.0,0.1666666666666666
AMD,AMD CPU,CPU,CPU package RAPL,5,16000000,16T,16,0.0039382843137254,0.4976326078431372,0.4976326078431372,126.36905183099287,0.0019598186934668906,8.125365629006547,0.06430446778537266,48.75219377403928,0.3858268067122359,55.0,2395.0,192000000.0,0.1666666666666666
AMD,AMD CPU,CPU,CPU package RAPL,1,16000000,20T,20,0.0042063109243697,0.502533161764706,0.502533161764706,119.4795286648504,0.0021138107281889282,7.607616406719881,0.06367738974205828,45.64569844031929,0.38206433845234966,53.0,2496.5,192000000.0,0.1666666666666666
AMD,AMD CPU,CPU,CPU package RAPL,2,16000000,20T,20,0.0041630684647302,0.5025979502074689,0.5025979502074689,120.70910812704102,0.0020923496769467533,7.686637938123329,0.06366918127459657,46.119827628739976,0.3820150876475794,56.0,2506.0,192000000.0,0.1666666666666666
AMD,AMD CPU,CPU,CPU package RAPL,3,16000000,20T,20,0.0042082226890756,0.5426022394957983,0.5426022394957983,128.91610677292772,0.002283391055389451,7.604160322378113,0.058975060681163656,45.624961934268676,0.3538503640869819,57.5,2491.5,192000000.0,0.1666666666666666
AMD,AMD CPU,CPU,CPU package RAPL,4,16000000,20T,20,0.0041981464435146,0.5451314079497908,0.5451314079497908,129.851658670215,0.0022885414815325207,7.622411564378463,0.05870144250236881,45.734469386270774,0.3522086550142129,58.5,2487.0,192000000.0,0.1666666666666666
AMD,AMD CPU,CPU,CPU package RAPL,5,16000000,20T,20,0.0041241893004115,0.4860072366255143,0.4860072366255143,117.84309689279526,0.002004385845213506,7.759100678721786,0.06584264099066724,46.55460407233072,0.3950558459440034,55.0,2499.5,192000000.0,0.1666666666666666
AMD,AMD CPU,CPU,CPU package RAPL,1,16000000,32T,32,0.0037730657894736,0.5789694548872181,0.5789694548872181,153.43705975522147,0.002184489843385141,8.481166718395462,0.05527061873451256,50.88700031037278,0.33162371240707533,52.0,3001.0,192000000.0,0.1666666666666666
AMD,AMD CPU,CPU,CPU package RAPL,2,16000000,32T,32,0.0037178277777777,0.5788720462962962,0.5788720462962962,155.69722229425295,0.002152146573499389,8.607176532294277,0.05527991929259747,51.643059193765666,0.33167951575558485,61.0,2961.5,192000000.0,0.1666666666666666
AMD,AMD CPU,CPU,CPU package RAPL,3,16000000,32T,32,0.003727533457249,0.5770827992565055,0.5770827992565055,154.79875909046024,0.0021510954418315327,8.584765332627407,0.05545131485677228,51.50859199576444,0.3327078891406337,55.0,2975.0,192000000.0,0.1666666666666666
AMD,AMD CPU,CPU,CPU package RAPL,4,16000000,32T,32,0.0037666315789473,0.5861954097744361,0.5861954097744361,155.63973479084365,0.002207982141890344,8.495654361009572,0.05458930497649816,50.97392616605743,0.32753582985898894,58.0,2985.5,192000000.0,0.1666666666666666
AMD,AMD CPU,CPU,CPU package RAPL,5,16000000,32T,32,0.0037954015151515,0.5879191458333333,0.5879191458333333,154.81116910071384,0.0022313892168824086,8.431255526524357,0.0544292531154812,50.58753315914614,0.3265755186928872,54.5,2968.5,192000000.0,0.1666666666666666
AMD,AMD CPU,CPU,CPU package RAPL,1,16000000,64T,64,0.0040024203187251,0.6394262749003984,0.6394262749003984,159.79002139814432,0.002559252714988056,7.9951622897499774,0.05004486249018239,47.970973738499865,0.30026917494109434,55.0,4172.5,192000000.0,0.1666666666666666
AMD,AMD CPU,CPU,CPU package RAPL,2,16000000,64T,64,0.0039448307086614,0.6344854271653544,0.6344854271653544,160.85518789798954,0.0025029375972800364,8.11188169107986,0.05043457048803175,48.67129014647916,0.3026074229281905,57.0,4148.0,192000000.0,0.1666666666666666
AMD,AMD CPU,CPU,CPU package RAPL,3,16000000,64T,64,0.003917501953125,0.630147205078125,0.630147205078125,160.85306720345812,0.002468602906649815,8.16847072009078,0.05078178517991311,49.01082432054467,0.3046907110794787,57.0,4143.5,192000000.0,0.1666666666666666
AMD,AMD CPU,CPU,CPU package RAPL,4,16000000,64T,64,0.0039078501945525,0.6297586031128404,0.6297586031128404,161.11941682634932,0.0024610022796956238,8.188645522954705,0.050813120839996256,49.13187313772823,0.30487872503997754,57.5,4147.5,192000000.0,0.1666666666666666
AMD,AMD CPU,CPU,CPU package RAPL,5,16000000,64T,64,0.0039770853174603,0.6410909047619048,0.6410909047619048,161.24903045525753,0.0025496732244859113,8.046093419095838,0.04991491809088214,48.27656051457502,0.2994895085452929,59.5,4135.5,192000000.0,0.1666666666666666
AMD,AMD CPU,CPU,CPU package RAPL,1,32000000,1T,1,0.0181665714285714,1.345177294642857,1.345177294642857,73.95569793979593,0.024437259407221898,3.5229542487771943,0.04757737158877033,21.137725492663165,0.28546422953262196,50.0,1795.0,384000000.0,0.1666666666666666
AMD,AMD CPU,CPU,CPU package RAPL,2,32000000,1T,1,0.0182592272727272,1.3689645454545454,1.3689645454545454,75.05681294341406,0.02499623476376023,3.5050771341015765,0.04675066290979048,21.03046280460946,0.2805039774587429,54.5,1794.0,384000000.0,0.1666666666666666
AMD,AMD CPU,CPU,CPU package RAPL,3,32000000,1T,1,0.0182108392857142,1.3697742857142856,1.3697742857142856,75.22559860008863,0.024944739374846817,3.5143904680003346,0.04672302631716175,21.086342808002005,0.2803381579029705,55.0,1834.0,384000000.0,0.1666666666666666
AMD,AMD CPU,CPU,CPU package RAPL,4,32000000,1T,1,0.0182429017857142,1.3704954910714284,1.3704954910714284,75.14201550940064,0.025001814641380224,3.508213811144762,0.04669843893464105,21.049282866868573,0.2801906336078463,55.0,1809.0,384000000.0,0.1666666666666666
AMD,AMD CPU,CPU,CPU package RAPL,5,32000000,1T,1,0.0182399272727272,1.362812790909091,1.362812790909091,74.45833318251125,0.024857606192524202,3.5087859201990574,0.046961696006175245,21.052715521194344,0.2817701760370515,64.0,1813.5,384000000.0,0.1666666666666666
AMD,AMD CPU,CPU,CPU package RAPL,1,32000000,2T,2,0.0115539540229885,0.955487264367816,0.955487264367816,82.61993607835679,0.011039655922056803,5.539229243310249,0.066981531190104,33.235375459861494,0.40188918714062394,53.5,1834.0,384000000.0,0.1666666666666666
AMD,AMD CPU,CPU,CPU package RAPL,2,32000000,2T,2,0.0114949829545454,0.9328756875,0.9328756875,81.08225855537489,0.010723390126522321,5.567646359553132,0.0686050680252078,33.40587815731879,0.41163040815124685,53.5,1853.5,384000000.0,0.1666666666666666
AMD,AMD CPU,CPU,CPU package RAPL,3,32000000,2T,2,0.0114891193181818,0.93630925,0.93630925,81.47008649891512,0.010757368691967311,5.5704878875022645,0.0683534847060413,33.42292732501359,0.4101209082362478,54.0,1869.0,384000000.0,0.1666666666666666
AMD,AMD CPU,CPU,CPU package RAPL,4,32000000,2T,2,0.0114242102272727,0.9334641534090908,0.9334641534090908,81.87593484547092,0.010664090728168587,5.6021378044334815,0.06856181864752549,33.61282682660089,0.41137091188515296,55.0,1834.0,384000000.0,0.1666666666666666
AMD,AMD CPU,CPU,CPU package RAPL,5,32000000,2T,2,0.0114834602272727,0.9361870965909092,0.9361870965909092,81.49775398499634,0.01075066728898761,5.573233044165807,0.06836240344804329,33.43939826499484,0.4101744206882597,54.0,1834.0,384000000.0,0.1666666666666666
AMD,AMD CPU,CPU,CPU package RAPL,1,32000000,4T,4,0.0094600235849056,0.9153118773584904,0.9153118773584904,96.7044398643935,0.00865887194735554,6.7653108288353865,0.06992152247024083,40.591864973012314,0.41952913482144494,50.0,1912.0,384000000.0,0.1666666666666666
AMD,AMD CPU,CPU,CPU package RAPL,2,32000000,4T,4,0.0094632264150943,0.945934391509434,0.945934391509434,100.01788766846263,0.008951591320678229,6.763021108521396,0.06765796927826545,40.57812665112837,0.4059478156695926,54.0,1947.0,384000000.0,0.1666666666666666
AMD,AMD CPU,CPU,CPU package RAPL,3,32000000,4T,4,0.0095173537735849,0.9020428820754718,0.9020428820754718,94.7981939573957,0.00858506122765639,6.724558267197115,0.07095006376276164,40.34734960318269,0.42570038257656984,53.0,1949.0,384000000.0,0.1666666666666666
AMD,AMD CPU,CPU,CPU package RAPL,4,32000000,4T,4,0.0094585754716981,0.8429721132075472,0.8429721132075472,89.12812461326007,0.007973315353310419,6.7663466017161324,0.07592184723226145,40.5980796102968,0.4555310833935687,61.5,1915.0,384000000.0,0.1666666666666666
AMD,AMD CPU,CPU,CPU package RAPL,5,32000000,4T,4,0.0094871650943396,0.9132863018867924,0.9132863018867924,96.18923380214405,0.008664497924398874,6.745956180122217,0.07007660124517362,40.47573708073331,0.42045960747104166,54.5,1945.5,384000000.0,0.1666666666666666
AMD,AMD CPU,CPU,CPU package RAPL,1,32000000,8T,8,0.0097784320388349,1.0415754466019418,1.0415754466019418,106.5128588318282,0.010184974717916198,6.545016598348787,0.061445380849553415,39.27009959009273,0.3686722850973205,46.5,2070.5,384000000.0,0.1666666666666666
AMD,AMD CPU,CPU,CPU package RAPL,2,32000000,8T,8,0.009579938095238,1.2020829285714285,1.2020829285714285,125.48267313524263,0.011515880041056687,6.680627720529129,0.05324091914029464,40.08376632317477,0.31944551484176786,55.5,2059.5,384000000.0,0.1666666666666666
AMD,AMD CPU,CPU,CPU package RAPL,3,32000000,8T,8,0.0096191634615384,1.055830639423077,1.055830639423077,109.7632494337217,0.010156207508311187,6.653385219608737,0.06061578212484025,39.92031131765242,0.3636946927490415,61.0,2094.5,384000000.0,0.1666666666666666
AMD,AMD CPU,CPU,CPU package RAPL,4,32000000,8T,8,0.0095685571428571,1.200049180952381,1.200049180952381,125.36527938959078,0.011482739162181716,6.688573736300025,0.053331147602807764,40.131442417800145,0.31998688561684663,55.0,2096.0,384000000.0,0.1666666666666666
AMD,AMD CPU,CPU,CPU package RAPL,5,32000000,8T,8,0.0096072714285714,0.9786391809523808,0.9786391809523808,101.8611493519466,0.009402052242044323,6.661620885371071,0.06539693203139202,39.96972531222642,0.3923815921883521,57.0,2066.5,384000000.0,0.1666666666666666
AMD,AMD CPU,CPU,CPU package RAPL,1,32000000,10T,10,0.0097011490384615,1.0495389134615385,1.0495389134615385,108.21944981350244,0.010181733421155333,6.597156661160802,0.06097915873258886,39.582939966964815,0.36587495239553314,54.0,2143.5,384000000.0,0.1666666666666666
AMD,AMD CPU,CPU,CPU package RAPL,2,32000000,10T,10,0.0097071201923076,1.084962701923077,1.084962701923077,111.74478416196548,0.010531863351738112,6.593098543347258,0.05898820290002702,39.55859126008355,0.3539292174001621,54.0,2176.5,384000000.0,0.1666666666666666
AMD,AMD CPU,CPU,CPU package RAPL,3,32000000,10T,10,0.0097027403846153,1.2497660528846155,1.2497660528846155,128.81071436976322,0.012126155552644818,6.596074661698528,0.05120958426761556,39.57644797019116,0.3072575056056933,61.0,2171.0,384000000.0,0.1666666666666666
AMD,AMD CPU,CPU,CPU package RAPL,4,32000000,10T,10,0.0096787403846153,1.2374239423076925,1.2374239423076925,127.882270662676,0.011976705083303335,6.612430694156262,0.051720350489295804,39.67458416493758,0.3103221029357748,55.0,2151.5,384000000.0,0.1666666666666666
AMD,AMD CPU,CPU,CPU package RAPL,5,32000000,10T,10,0.0097075528846153,1.1264612451923075,1.1264612451923075,116.04222405148138,0.010935182110173929,6.592804670827837,0.05681509263913827,39.556828024967025,0.34089055583482963,66.0,2153.5,384000000.0,0.1666666666666666
AMD,AMD CPU,CPU,CPU package RAPL,1,32000000,16T,16,0.0097460145631067,1.209755417475728,1.209755417475728,124.1016864824364,0.01179029391651567,6.566786821997009,0.052903255546928825,39.40072093198205,0.31741953328157296,52.0,2390.0,384000000.0,0.1666666666666666
AMD,AMD CPU,CPU,CPU package RAPL,2,32000000,16T,16,0.0097303883495145,1.320005432038835,1.320005432038835,135.6477568763789,0.012844165477206534,6.577332548417072,0.048484648961745404,39.46399529050243,0.2909078937704725,55.0,2364.5,384000000.0,0.1666666666666666
AMD,AMD CPU,CPU,CPU package RAPL,3,32000000,16T,16,0.009790354368932,1.229467495145631,1.229467495145631,125.5778709443248,0.012036922462558912,6.53704632011002,0.05205505656123033,39.222277920660126,0.31233033936738197,55.0,2401.5,384000000.0,0.1666666666666666
AMD,AMD CPU,CPU,CPU package RAPL,4,32000000,16T,16,0.0097155339805825,1.3290383106796115,1.3290383106796115,136.7721693770289,0.012912316868903729,6.587388827820542,0.04815512050008042,39.52433296692325,0.28893072300048245,59.5,2374.0,384000000.0,0.1666666666666666
AMD,AMD CPU,CPU,CPU package RAPL,5,32000000,16T,16,0.0097533252427184,1.3201417135922329,1.3201417135922329,135.38257451276385,0.012875771499144649,6.561864636656188,0.04847964376934188,39.371187819937134,0.29087786261605125,55.0,2364.5,384000000.0,0.1666666666666666
AMD,AMD CPU,CPU,CPU package RAPL,1,32000000,20T,20,0.0106724255319148,1.326481414893617,1.326481414893617,124.28495362721006,0.014156774119921106,5.9967623862649155,0.04824794322891645,35.98057431758949,0.2894876593734987,52.0,2543.5,384000000.0,0.1666666666666666
AMD,AMD CPU,CPU,CPU package RAPL,2,32000000,20T,20,0.0107165957446808,1.364215510638298,1.364215510638298,127.304137079318,0.01461974613613393,5.972045743329127,0.04691340884260674,35.832274459974755,0.28148045305564046,55.0,2551.5,384000000.0,0.1666666666666666
AMD,AMD CPU,CPU,CPU package RAPL,3,32000000,20T,20,0.010742909574468,1.329057824468085,1.329057824468085,123.67818371136676,0.014277948027499801,5.957417732725294,0.04815441346625686,35.74450639635176,0.28892648079754113,59.5,2537.5,384000000.0,0.1666666666666666
AMD,AMD CPU,CPU,CPU package RAPL,4,32000000,20T,20,0.0107398457446808,1.347601569148936,1.347601569148936,125.46842053720366,0.01447303297794937,5.959117246325231,0.047491782040902895,35.75470347795139,0.28495069224541736,59.5,2525.5,384000000.0,0.1666666666666666
AMD,AMD CPU,CPU,CPU package RAPL,5,32000000,20T,20,0.0107450744680851,1.307266079787234,1.307266079787234,121.64376606245784,0.014046671376915508,5.956217445499524,0.04895713350905304,35.73730467299715,0.29374280105431827,55.0,2541.0,384000000.0,0.1666666666666666
AMD,AMD CPU,CPU,CPU package RAPL,1,32000000,32T,32,0.0098495931372549,1.504119274509804,1.504119274509804,152.7025410872161,0.014814962883824586,6.49773032328896,0.042549817082064685,38.986381939733754,0.2552989024923881,57.0,2964.0,384000000.0,0.1666666666666666
AMD,AMD CPU,CPU,CPU package RAPL,2,32000000,32T,32,0.0098498480392156,1.5071705,1.5071705,153.0268555966104,0.014845400394188597,6.497562170014623,0.042463676140157995,38.985373020087735,0.254782056840948,56.0,2951.0,384000000.0,0.1666666666666666
AMD,AMD CPU,CPU,CPU package RAPL,3,32000000,32T,32,0.0098660588235294,1.5110784166666669,1.5110784166666669,153.12892848394972,0.014908388545799003,6.48688611579808,0.04235385754577815,38.92131669478847,0.2541231452746689,55.0,2989.0,384000000.0,0.1666666666666666
AMD,AMD CPU,CPU,CPU package RAPL,4,32000000,32T,32,0.0098386323529411,1.5070661666666667,1.5070661666666667,153.18437152517333,0.01482746994538959,6.504969156700752,0.04246661587629917,39.02981494020452,0.25479969525779506,55.5,2964.0,384000000.0,0.1666666666666666
AMD,AMD CPU,CPU,CPU package RAPL,5,32000000,32T,32,0.009849475490196,1.506995343137255,1.506995343137255,153.00610128639306,0.014843113696069903,6.497807935428085,0.0424686116592538,38.98684761256851,0.2548116699555228,55.0,2964.0,384000000.0,0.1666666666666666
AMD,AMD CPU,CPU,CPU package RAPL,1,32000000,64T,64,0.010005202970297,1.579325594059406,1.579325594059406,157.85504146752066,0.015801473124749242,6.396671830646549,0.04052362618622431,38.380030983879294,0.24314175711734584,54.0,4169.5,384000000.0,0.1666666666666666
AMD,AMD CPU,CPU,CPU package RAPL,2,32000000,64T,64,0.010006707920792,1.584919004950495,1.584919004950495,158.36517650240006,0.015859821560651896,6.395709808519584,0.040380612384668224,38.3742588511175,0.24228367430800934,55.5,4174.0,384000000.0,0.1666666666666666
AMD,AMD CPU,CPU,CPU package RAPL,3,32000000,64T,64,0.0100122524752475,1.591760633663366,1.591760633663366,158.8318301965448,0.015937109344397567,6.392168011965553,0.040207050385903095,38.35300807179332,0.24124230231541857,57.0,4145.5,384000000.0,0.1666666666666666
AMD,AMD CPU,CPU,CPU package RAPL,4,32000000,64T,64,0.0099877128712871,1.591865702970297,1.591865702970297,159.35039923244386,0.015899097570916922,6.407873436569109,0.040204396564723396,38.44724061941466,0.24122637938834038,57.0,4149.0,384000000.0,0.1666666666666666
AMD,AMD CPU,CPU,CPU package RAPL,5,32000000,64T,64,0.010032315,1.587847115,1.587847115,158.30346332720734,0.015929782429521224,6.379385017316542,0.040306147484482475,38.27631010389925,0.24183688490689484,56.0,4173.0,384000000.0,0.1666666666666666
AMD,AMD CPU,CPU,CPU package RAPL,1,64000000,1T,1,0.0360720892857142,2.700561107142857,2.700561107142857,74.93633340047235,0.09741488137838432,3.548449855126425,0.04739755736741006,21.290699130758547,0.2843853442044604,54.0,1834.0,768000000.0,0.1666666666666666
AMD,AMD CPU,CPU,CPU package RAPL,2,64000000,1T,1,0.0361837142857142,2.631849160714286,2.631849160714286,72.725537503839,0.09523007807438245,3.537503059782231,0.048635006105464146,21.225018358693386,0.29181003663278493,54.0,1794.0,768000000.0,0.1666666666666666
AMD,AMD CPU,CPU,CPU package RAPL,3,64000000,1T,1,0.035929,2.712001607142857,2.712001607142857,75.50528754333718,0.09743950574303573,3.5625817584680894,0.04719761214848627,21.375490550808536,0.2831856728909176,55.0,1794.0,768000000.0,0.1666666666666666
AMD,AMD CPU,CPU,CPU package RAPL,4,64000000,1T,1,0.036056,2.664960625,2.664960625,73.8271289443166,0.09608782029499999,3.550033281562015,0.048030728408979775,21.30019968937209,0.2881843704538786,53.5,1824.5,768000000.0,0.1666666666666666
AMD,AMD CPU,CPU,CPU package RAPL,5,64000000,1T,1,0.0363334821428571,2.59700125,2.59700125,71.4706306945412,0.09435809854185256,3.5229213510757282,0.04928761586079329,21.137528106454372,0.29572569516475977,53.0,1822.5,768000000.0,0.1666666666666666
AMD,AMD CPU,CPU,CPU package RAPL,1,64000000,2T,2,0.0226051,1.8437038222222224,1.8437038222222224,81.52527571682134,0.04167710927171556,5.662439007126711,0.06942546761427286,33.974634042760265,0.4165528056856372,49.0,1875.0,768000000.0,0.1666666666666666
AMD,AMD CPU,CPU,CPU package RAPL,2,64000000,2T,2,0.022699625,1.8677407954545453,1.8677407954545453,82.30169958735064,0.04239701565401988,5.638859672791951,0.06853199347120814,33.833158036751705,0.41119196082724885,53.0,1834.0,768000000.0,0.1666666666666666
AMD,AMD CPU,CPU,CPU package RAPL,3,64000000,2T,2,0.0225544777777777,1.8245360444444445,1.8245360444444445,80.8542728161435,0.04115145766917665,5.675148024314482,0.07015482121591897,34.05088814588689,0.42092892729551384,53.0,1849.0,768000000.0,0.1666666666666666
AMD,AMD CPU,CPU,CPU package RAPL,4,64000000,2T,2,0.0226422,1.8238102666666665,1.8238102666666665,80.51708475237031,0.04129507681992,5.653160911925519,0.07018273903783998,33.918965471553115,0.42109643422703985,53.0,1848.0,768000000.0,0.1666666666666666
AMD,AMD CPU,CPU,CPU package RAPL,5,64000000,2T,2,0.0225471777777777,1.8410331666666664,1.8410331666666664,81.66802860799078,0.04151010210361837,5.6769854418833585,0.06952617819034404,34.061912651300155,0.41715706914206424,53.0,1834.0,768000000.0,0.1666666666666666
AMD,AMD CPU,CPU,CPU package RAPL,1,64000000,4T,4,0.0186966944444444,1.689338361111111,1.689338361111111,90.361299859327,0.03158504315097292,6.846129960584254,0.07576930882917492,41.07677976350552,0.45461585297504953,50.5,1949.0,768000000.0,0.1666666666666666
AMD,AMD CPU,CPU,CPU package RAPL,2,64000000,4T,4,0.0187142777777777,1.6775143981481482,1.6775143981481482,89.59040292067897,0.03139347042316602,6.8396975571236736,0.07630336892565723,41.03818534274204,0.4578202135539434,63.0,1915.0,768000000.0,0.1666666666666666
AMD,AMD CPU,CPU,CPU package RAPL,3,64000000,4T,4,0.0187555462962962,1.6901122685185186,1.6901122685185186,90.06745616056581,0.03169897889813727,6.824647918961291,0.07573461383852294,40.94788751376774,0.45440768303113765,57.0,1947.0,768000000.0,0.1666666666666666
AMD,AMD CPU,CPU,CPU package RAPL,4,64000000,4T,4,0.0188051666666666,1.7283507962962965,1.7283507962962965,91.94654465593092,0.032501924782817784,6.8066400191437,0.07405903956204535,40.8398401148622,0.4443542373722721,52.0,1915.0,768000000.0,0.1666666666666666
AMD,AMD CPU,CPU,CPU package RAPL,5,64000000,4T,4,0.0187388425925925,1.714866398148148,1.714866398148148,91.49862532448688,0.03213461150222421,6.830731373484008,0.07464138322275414,40.984388240904046,0.44784829933652487,60.0,1913.5,768000000.0,0.1666666666666666
AMD,AMD CPU,CPU,CPU package RAPL,1,64000000,8T,8,0.0189254622641509,2.3478700943396227,2.3478700943396227,123.98336405886448,0.04443452687155294,6.763375087670165,0.054517496648809324,40.580250526021,0.3271049798928559,52.0,2101.0,768000000.0,0.1666666666666666
AMD,AMD CPU,CPU,CPU package RAPL,2,64000000,8T,8,0.0190641509433962,1.9746107641509436,1.9746107641509436,103.58978488197808,0.037644277662228505,6.714172604908956,0.06482290197331032,40.28503562945374,0.3889374118398619,53.0,2062.5,768000000.0,0.1666666666666666
AMD,AMD CPU,CPU,CPU package RAPL,3,64000000,8T,8,0.0189595943396226,2.094157773584906,2.094157773584906,110.45449219223688,0.03970438187033705,6.751199298209664,0.06112242430563474,40.50719578925798,0.3667345458338085,57.0,2063.0,768000000.0,0.1666666666666666
AMD,AMD CPU,CPU,CPU package RAPL,4,64000000,8T,8,0.0189486037735849,1.9247716509433963,1.9247716509433963,101.57044668032532,0.036471735368355275,6.755115127713898,0.06650139508095042,40.530690766283385,0.39900837048570253,52.0,2098.0,768000000.0,0.1666666666666666
AMD,AMD CPU,CPU,CPU package RAPL,5,64000000,8T,8,0.0190116603773584,2.3796945377358494,2.3796945377358494,125.15058839575808,0.04524194435328886,6.732710213592881,0.0537884161056171,40.39626128155729,0.32273049663370257,54.0,2098.0,768000000.0,0.1666666666666666
AMD,AMD CPU,CPU,CPU package RAPL,1,64000000,10T,10,0.0192564519230769,2.0313908557692306,2.0313908557692306,105.4788460258547,0.039117380351098234,6.647122767543953,0.06301101515568751,39.882736605263716,0.378066090934125,48.0,2147.0,768000000.0,0.1666666666666666
AMD,AMD CPU,CPU,CPU package RAPL,2,64000000,10T,10,0.0191532641509433,2.4610260094339624,2.4610260094339624,128.503273997319,0.047136681241030556,6.6829339892801505,0.05201082780487967,40.0976039356809,0.31206496682927803,60.5,2136.0,768000000.0,0.1666666666666666
AMD,AMD CPU,CPU,CPU package RAPL,3,64000000,10T,10,0.0192149245283018,2.3335036698113205,2.3335036698113205,121.43408118882284,0.04483809690193981,6.6614885638227666,0.054853138504106,39.9689313829366,0.329118831024636,54.0,2171.5,768000000.0,0.1666666666666666
AMD,AMD CPU,CPU,CPU package RAPL,4,64000000,10T,10,0.0191900188679245,2.010321254716981,2.010321254716981,104.75554964898204,0.03857810280860852,6.670134140094458,0.06367141555095393,40.02080484056675,0.3820284933057235,54.5,2143.5,768000000.0,0.1666666666666666
AMD,AMD CPU,CPU,CPU package RAPL,5,64000000,10T,10,0.0191703113207547,2.3016461320754718,2.3016461320754718,120.0747524849375,0.04412327290209768,6.676991200524795,0.05561237160491656,40.061947203148776,0.3336742296294994,54.0,2174.5,768000000.0,0.1666666666666666
AMD,AMD CPU,CPU,CPU package RAPL,1,64000000,16T,16,0.019279625,2.403847278846154,2.403847278846154,124.7070590794,0.04634527409342429,6.6391332818973385,0.053247975079947656,39.834799691384035,0.319487850479686,53.0,2386.5,768000000.0,0.1666666666666666
AMD,AMD CPU,CPU,CPU package RAPL,2,64000000,16T,16,0.0192562788461538,2.465902596153846,2.465902596153846,128.03074798715886,0.047484107998993046,6.647182512397321,0.05190797081751974,39.88309507438392,0.3114478249051184,54.0,2383.5,768000000.0,0.1666666666666666
AMD,AMD CPU,CPU,CPU package RAPL,3,64000000,16T,16,0.019339548076923,2.341158028846154,2.341158028846154,121.03841657646672,0.04527693825454448,6.6185621034617945,0.054673797506563517,39.71137262077077,0.3280427850393811,54.0,2408.5,768000000.0,0.1666666666666666
AMD,AMD CPU,CPU,CPU package RAPL,4,64000000,16T,16,0.0192864807692307,2.429244086538461,2.429244086538461,125.94901741476065,0.04685156935879143,6.636773267843082,0.05269128808805415,39.820639607058496,0.3161477285283249,58.5,2378.5,768000000.0,0.1666666666666666
AMD,AMD CPU,CPU,CPU package RAPL,5,64000000,16T,16,0.0192732692307692,2.631097144230769,2.631097144230769,136.53907592652735,0.050709843633067596,6.641322676884096,0.048648906894474334,39.84793606130458,0.29189344136684603,56.0,2359.0,768000000.0,0.1666666666666666
AMD,AMD CPU,CPU,CPU package RAPL,1,64000000,20T,20,0.0213613191489361,2.7414712553191487,2.7414712553191487,128.37474312906377,0.05856144242250682,5.992139301302235,0.04669025792324015,35.95283580781341,0.28014154753944087,55.0,2537.0,768000000.0,0.1666666666666666
AMD,AMD CPU,CPU,CPU package RAPL,2,64000000,20T,20,0.0214029893617021,2.8713200638297875,2.8713200638297875,134.13856757875106,0.06145483278019074,5.98047300014266,0.044578799003435615,35.88283800085596,0.26747279402061364,57.0,2526.5,768000000.0,0.1666666666666666
AMD,AMD CPU,CPU,CPU package RAPL,3,64000000,20T,20,0.0214422872340425,2.656976819148936,2.656976819148936,123.85621791174594,0.056971660130384086,5.969512422013584,0.04817505334540331,35.817074532081506,0.2890503200724199,55.0,2558.5,768000000.0,0.1666666666666666
AMD,AMD CPU,CPU,CPU package RAPL,4,64000000,20T,20,0.0214596808510638,2.7016636063829784,2.7016636063829784,125.89250344738724,0.057976838759912774,5.964673980398678,0.04737821529578511,35.78804388239207,0.28426929177471066,55.0,2517.0,768000000.0,0.1666666666666666
AMD,AMD CPU,CPU,CPU package RAPL,5,64000000,20T,20,0.0214261489361702,2.654723680851064,2.654723680851064,123.91314610273471,0.056880504970292865,5.974008692897626,0.04821594086167384,35.84405215738576,0.289295645170043,56.0,2512.5,768000000.0,0.1666666666666666
AMD,AMD CPU,CPU,CPU package RAPL,1,64000000,32T,32,0.0195801442307692,2.9846430576923075,2.9846430576923075,152.4391617276458,0.05843974154697938,6.53723478700706,0.04288620030127427,39.22340872204236,0.2573172018076456,53.5,2972.5,768000000.0,0.1666666666666666
AMD,AMD CPU,CPU,CPU package RAPL,2,64000000,32T,32,0.0195914423076923,2.986651086538462,2.986651086538462,152.45038342878928,0.058512802455124795,6.533464866430106,0.04285736642519981,39.20078919858064,0.25714419855119885,53.5,2964.0,768000000.0,0.1666666666666666
AMD,AMD CPU,CPU,CPU package RAPL,3,64000000,32T,32,0.0195793557692307,2.999064653846154,2.999064653846154,153.2005271105377,0.05871975383257856,6.537498041746309,0.042679973516358265,39.22498825047785,0.2560798410981496,56.0,2987.0,768000000.0,0.1666666666666666
AMD,AMD CPU,CPU,CPU package RAPL,4,64000000,32T,32,0.0195181057692307,2.9984511153846154,2.9984511153846154,153.59432948570878,0.05852408601394469,6.5580134421540786,0.04268870662698174,39.348080652924466,0.2561322397618904,57.0,2971.5,768000000.0,0.1666666666666666
AMD,AMD CPU,CPU,CPU package RAPL,5,64000000,32T,32,0.019563673076923,3.0058126442307693,3.0058126442307693,153.64219462777822,0.05880473590221223,6.542738651208948,0.04258415781358756,39.25643190725369,0.25550494688152536,65.0,2951.0,768000000.0,0.1666666666666666
AMD,AMD CPU,CPU,CPU package RAPL,1,64000000,64T,64,0.0198448235294117,3.143431019607843,3.143431019607843,158.45116871981654,0.06238083386099633,6.450044759042237,0.040719837401098295,38.70026855425343,0.24431902440658979,55.0,4154.5,768000000.0,0.1666666666666666
AMD,AMD CPU,CPU,CPU package RAPL,2,64000000,64T,64,0.0198461666666666,3.143494147058824,3.143494147058824,158.38323381833354,0.06238630875822038,6.449608236687207,0.04071901966789466,38.69764942012325,0.24431411800736796,55.0,4173.5,768000000.0,0.1666666666666666
AMD,AMD CPU,CPU,CPU package RAPL,3,64000000,64T,64,0.0198492450980392,3.1542592647058822,3.1542592647058822,158.84527883147308,0.06260966524790797,6.448607963062758,0.040580050420153176,38.69164777837655,0.2434803025209191,57.0,4145.0,768000000.0,0.1666666666666666
AMD,AMD CPU,CPU,CPU package RAPL,4,64000000,64T,64,0.0198426862745098,3.166556607843137,3.166556607843137,159.56184559177794,0.06283298933990732,6.450739493091247,0.04042245753098527,38.70443695854748,0.24253474518591164,58.0,4147.0,768000000.0,0.1666666666666666
AMD,AMD CPU,CPU,CPU package RAPL,5,64000000,64T,64,0.0198424607843137,3.153166225490196,3.153166225490196,158.849923523107,0.06256657717571167,6.450812799448211,0.04059411741926195,38.70487679668926,0.24356470451557166,57.0,4146.0,768000000.0,0.1666666666666666
AMD,AMD CPU,CPU,CPU package RAPL,1,128000000,1T,1,0.0712783333333333,5.220936200000001,5.220936200000001,73.26349902600307,0.3721396307756666,3.591554235742513,0.049033351528026715,21.54932541445508,0.29420010916816025,51.0,1795.0,1536000000.0,0.1666666666666666
AMD,AMD CPU,CPU,CPU package RAPL,2,128000000,1T,1,0.0713458333333333,5.308250566666667,5.308250566666667,74.41612358530651,0.37872156022097203,3.5881562810255225,0.04822681159920377,21.52893768615314,0.28936086959522267,55.0,1794.0,1536000000.0,0.1666666666666666
AMD,AMD CPU,CPU,CPU package RAPL,3,128000000,1T,1,0.0717138333333333,5.3092856,5.3092856,73.9915784266839,0.38074922263746647,3.569743633840986,0.04821740989032498,21.418461803045915,0.28930445934194987,53.0,1833.5,1536000000.0,0.1666666666666666
AMD,AMD CPU,CPU,CPU package RAPL,4,128000000,1T,1,0.0713538666666666,5.268939333333334,5.268939333333334,73.84901018255617,0.3759591946654219,3.5877523105498637,0.048586628883814556,21.526513863299183,0.29151977330288736,53.0,1794.0,1536000000.0,0.1666666666666666
AMD,AMD CPU,CPU,CPU package RAPL,5,128000000,1T,1,0.0714708666666666,5.211071866666666,5.211071866666666,72.92005483356971,0.3724398225729507,3.581879050018519,0.04912616953865845,21.491274300111115,0.2947570172319507,53.0,1824.0,1536000000.0,0.1666666666666666
AMD,AMD CPU,CPU,CPU package RAPL,1,128000000,2T,2,0.0449982391304347,3.635843391304348,3.635843391304348,80.77306430095315,0.1636065503627237,5.689111506295668,0.07041007338552081,34.134669037774,0.4224604403131249,50.0,1870.0,1536000000.0,0.1666666666666666
AMD,AMD CPU,CPU,CPU package RAPL,2,128000000,2T,2,0.0444944347826087,3.639394565217392,3.639394565217392,81.77816924466295,0.16193280413024577,5.753528531169506,0.07034137008574347,34.52117118701704,0.4220482205144608,53.0,1869.0,1536000000.0,0.1666666666666666
AMD,AMD CPU,CPU,CPU package RAPL,3,128000000,2T,2,0.0445379130434782,3.806126326086957,3.806126326086957,85.42187409470603,0.16951692334375404,5.747911891383217,0.06725998510490619,34.4874713482993,0.4035599106294371,56.0,1872.5,1536000000.0,0.1666666666666666
AMD,AMD CPU,CPU,CPU package RAPL,4,128000000,2T,2,0.0445027608695652,3.6171934782608695,3.6171934782608695,81.22657218489101,0.16097509638199425,5.752452095058101,0.07077310117320117,34.5147125703486,0.4246386070392071,56.0,1834.0,1536000000.0,0.1666666666666666
AMD,AMD CPU,CPU,CPU package RAPL,5,128000000,2T,2,0.0443898695652173,3.639742847826087,3.639742847826087,81.95824725555032,0.16156771026593258,5.767081600090906,0.07033463920477277,34.60248960054543,0.4220078352286366,53.5,1848.0,1536000000.0,0.1666666666666666
AMD,AMD CPU,CPU,CPU package RAPL,1,128000000,4T,4,0.0370681296296296,3.3898698703703705,3.3898698703703705,91.46780515732758,0.12565613578246457,6.906202243216826,0.07551912309012321,41.437213459300956,0.45311473854073925,58.0,1926.5,1536000000.0,0.1666666666666666
AMD,AMD CPU,CPU,CPU package RAPL,2,128000000,4T,4,0.0370618148148148,3.449959537037037,3.449959537037037,93.12574888918132,0.12786176148027084,6.907378963473439,0.07420376884184068,41.44427378084064,0.4452226130510441,61.0,1913.0,1536000000.0,0.1666666666666666
AMD,AMD CPU,CPU,CPU package RAPL,3,128000000,4T,4,0.0372514814814814,3.4444598703703706,3.4444598703703706,92.46826135641066,0.12831123307480768,6.872209904652079,0.07432224779337412,41.23325942791248,0.44593348676024475,53.0,1942.5,1536000000.0,0.1666666666666666
AMD,AMD CPU,CPU,CPU package RAPL,4,128000000,4T,4,0.0370335178571428,3.4010507142857147,3.4010507142857147,91.841170468432,0.1259528723605483,6.9126568258387655,0.0752708564223115,41.47594095503259,0.451625138533869,54.0,1949.5,1536000000.0,0.1666666666666666
AMD,AMD CPU,CPU,CPU package RAPL,5,128000000,4T,4,0.0371722222222222,3.3496492222222223,3.3496492222222223,90.14634040195804,0.12451390525493819,6.8868629502316585,0.07642591298863366,41.321177701389956,0.458555477931802,52.0,1947.5,1536000000.0,0.1666666666666666
AMD,AMD CPU,CPU,CPU package RAPL,1,128000000,8T,8,0.0374663333333333,4.68970962962963,4.68970962962963,125.15569839070749,0.1757062242202468,6.832801003567653,0.05458760141194874,40.99680602140592,0.32752560847169243,53.5,2098.0,1536000000.0,0.1666666666666666
AMD,AMD CPU,CPU,CPU package RAPL,2,128000000,8T,8,0.0374949814814814,4.748758907407408,4.748758907407408,126.64382717846972,0.17805462729326063,6.827580382362296,0.0539088222821073,40.965482294173775,0.3234529336926438,56.0,2094.5,1536000000.0,0.1666666666666666
AMD,AMD CPU,CPU,CPU package RAPL,3,128000000,8T,8,0.037506537037037,4.72814,4.72814,126.01505765328808,0.1773361580262961,6.825476842802225,0.05414391282830035,40.95286105681335,0.32486347696980206,55.0,2098.0,1536000000.0,0.1666666666666666
AMD,AMD CPU,CPU,CPU package RAPL,4,128000000,8T,8,0.0376503888888888,4.014650203703704,4.014650203703704,106.58585172267922,0.1511531414223011,6.7993985601447395,0.06376645212173851,40.796391360868434,0.382598712730431,53.0,2092.0,1536000000.0,0.1666666666666666
AMD,AMD CPU,CPU,CPU package RAPL,5,128000000,8T,8,0.037591037037037,4.002576611111111,4.002576611111111,106.45549059156748,0.15046100563185583,6.810134015397688,0.06395880076082658,40.86080409238613,0.38375280456495947,53.0,2082.5,1536000000.0,0.1666666666666666
AMD,AMD CPU,CPU,CPU package RAPL,1,128000000,10T,10,0.038085537037037,4.101164759259259,4.101164759259259,107.69618662431586,0.15619506233375943,6.721711702556483,0.06242129127390581,40.330270215338906,0.3745277476434349,51.0,2168.5,1536000000.0,0.1666666666666666
AMD,AMD CPU,CPU,CPU package RAPL,2,128000000,10T,10,0.0381888888888888,4.19694687037037,4.19694687037037,109.90714616292853,0.16027673770514364,6.703520512074499,0.060996721642418275,40.221123072447,0.3659803298545097,51.0,2142.5,1536000000.0,0.1666666666666666
AMD,AMD CPU,CPU,CPU package RAPL,3,128000000,10T,10,0.0380623148148148,4.539616962962963,4.539616962962963,119.281939433807,0.17278832998296975,6.725812690203447,0.05639242299264635,40.35487614122067,0.33835453795587805,54.0,2172.5,1536000000.0,0.1666666666666666
AMD,AMD CPU,CPU,CPU package RAPL,4,128000000,10T,10,0.0381026666666666,4.062395888888888,4.062395888888888,106.5981831644636,0.15478811642237006,6.718689855478194,0.06301699957411559,40.31213913286916,0.3781019974446936,50.0,2144.5,1536000000.0,0.1666666666666666
AMD,AMD CPU,CPU,CPU package RAPL,5,128000000,10T,10,0.0380292962962963,4.849263388888889,4.849263388888889,127.51276916551797,0.18441407423483744,6.731652303146404,0.052791523056176425,40.389913818878426,0.31674913833705853,54.0,2175.0,1536000000.0,0.1666666666666666
AMD,AMD CPU,CPU,CPU package RAPL,1,128000000,16T,16,0.0382425185185185,5.167723555555555,5.167723555555555,135.09969773395176,0.1976267637719176,6.6941197891042385,0.049538253594232515,40.164718734625424,0.2972295215653951,53.0,2384.0,1536000000.0,0.1666666666666666
AMD,AMD CPU,CPU,CPU package RAPL,2,128000000,16T,16,0.0382350925925926,5.233194203703704,5.233194203703704,136.86490522134025,0.20009166493363,6.695419904634824,0.0489184979641727,40.17251942780894,0.2935109877850362,56.5,2359.0,1536000000.0,0.1666666666666666
AMD,AMD CPU,CPU,CPU package RAPL,3,128000000,16T,16,0.0382753333333333,5.224619777777778,5.224619777777778,136.51054103390294,0.1999740635343702,6.688380680333728,0.04899878094265573,40.13028408200236,0.2939926856559344,56.0,2378.0,1536000000.0,0.1666666666666666
AMD,AMD CPU,CPU,CPU package RAPL,4,128000000,16T,16,0.0382949629629629,4.80917012962963,4.80917012962963,125.60077498804137,0.18416699199675415,6.684952280737058,0.053231637288680286,40.109713684422346,0.3193898237320817,70.0,2392.5,1536000000.0,0.1666666666666666
AMD,AMD CPU,CPU,CPU package RAPL,5,128000000,16T,16,0.0383222777777777,4.807842703703703,4.807842703703703,125.47979290880988,0.18424748360319507,6.6801874743585605,0.05324633432844868,40.08112484615137,0.31947800597069204,55.0,2401.0,1536000000.0,0.1666666666666666
AMD,AMD CPU,CPU,CPU package RAPL,1,128000000,20T,20,0.0426216458333333,5.2444975625,5.2444975625,123.05296017603742,0.22352911768265477,6.006337742119498,0.04881306492169811,36.03802645271698,0.2928783895301887,55.5,2516.0,1536000000.0,0.1666666666666666
AMD,AMD CPU,CPU,CPU package RAPL,2,128000000,20T,20,0.0426433125,5.2340690625,5.2340690625,122.74181465754496,0.22319804267876953,6.00328597831137,0.04891032138535142,36.01971586986822,0.29346192831210854,55.0,2521.0,1536000000.0,0.1666666666666666
AMD,AMD CPU,CPU,CPU package RAPL,3,128000000,20T,20,0.0425882916666666,5.7564193333333336,5.7564193333333336,135.16178373710255,0.2451560655236385,6.011041767152367,0.044472090231091575,36.0662506029142,0.26683254138654944,60.0,2504.5,1536000000.0,0.1666666666666666
AMD,AMD CPU,CPU,CPU package RAPL,4,128000000,20T,20,0.0426277291666666,5.210107291666667,5.210107291666667,122.22174259931629,0.22209504255844148,6.005480587508824,0.049135264528901455,36.032883525052945,0.2948115871734088,55.5,2519.5,1536000000.0,0.1666666666666666
AMD,AMD CPU,CPU,CPU package RAPL,5,128000000,20T,20,0.0426758124999999,5.726279083333333,5.726279083333333,134.17043189480177,0.24437361248300463,5.998714142818033,0.04470616892304513,35.99228485690819,0.2682370135382708,58.0,2510.0,1536000000.0,0.1666666666666666
AMD,AMD CPU,CPU,CPU package RAPL,1,128000000,32T,32,0.038872173076923,5.875691173076923,5.875691173076923,151.0688084874758,0.22840088422639487,6.5856879031025395,0.0435693423052969,39.51412741861523,0.26141605383178146,48.0,3024.5,1536000000.0,0.1666666666666666
AMD,AMD CPU,CPU,CPU package RAPL,2,128000000,32T,32,0.0388793269230769,5.9566645192307695,5.9566645192307695,153.19069992660636,0.23159110721426576,6.584476128058964,0.042977072012955884,39.506856768353785,0.2578624320777353,54.0,2994.0,1536000000.0,0.1666666666666666
AMD,AMD CPU,CPU,CPU package RAPL,3,128000000,32T,32,0.0389303461538461,5.963969288461538,5.963969288461538,153.17009032510117,0.2321793888507149,6.575847000905966,0.0429244329770916,39.4550820054358,0.25754659786254963,68.0,2984.5,1536000000.0,0.1666666666666666
AMD,AMD CPU,CPU,CPU package RAPL,4,128000000,32T,32,0.0388798846153846,5.959221423076923,5.959221423076923,153.28322521595095,0.2316938413267588,6.584381680461621,0.04295863197978295,39.50629008276973,0.25775179187869773,55.0,2971.5,1536000000.0,0.1666666666666666
AMD,AMD CPU,CPU,CPU package RAPL,5,128000000,32T,32,0.0389004423076923,5.963786480769231,5.963786480769231,153.30222222539322,0.23199393193055878,6.580902036411492,0.04292574873790253,39.48541221846895,0.2575544924274152,54.5,2994.0,1536000000.0,0.1666666666666666
AMD,AMD CPU,CPU,CPU package RAPL,1,128000000,64T,64,0.0394644807692307,6.207047711538461,6.207047711538461,157.30711353715947,0.24495791504570705,6.4868457663731816,0.04124344002127037,38.92107459823908,0.2474606401276222,52.5,4193.5,1536000000.0,0.1666666666666666
AMD,AMD CPU,CPU,CPU package RAPL,2,128000000,64T,64,0.0394322692307692,6.283972980769231,6.283972980769231,159.34347493707827,0.24779131441657157,6.492144758441695,0.04073855835845155,38.952868550650166,0.24443135015070927,58.0,4146.5,1536000000.0,0.1666666666666666
AMD,AMD CPU,CPU,CPU package RAPL,3,128000000,64T,64,0.0394575576923076,6.270669173076923,6.270669173076923,158.95153181628064,0.24742529066605748,6.487983924304271,0.0408249889978464,38.92790354582562,0.24494993398707843,57.0,4144.5,1536000000.0,0.1666666666666666
AMD,AMD CPU,CPU,CPU package RAPL,4,128000000,64T,64,0.0394191153846153,6.291334653846154,6.291334653846154,159.62495367236707,0.24799884664319033,6.494311135655597,0.04069088899022349,38.96586681393358,0.24414533394134094,57.0,4145.0,1536000000.0,0.1666666666666666
AMD,AMD CPU,CPU,CPU package RAPL,5,128000000,64T,64,0.0394210192307692,6.305840615384616,6.305840615384616,159.94260017393128,0.2485826641652424,6.493997491576395,0.040597283631848606,38.96398494945837,0.24358370179109162,58.0,4147.5,1536000000.0,0.1666666666666666
AMD,AMD CPU,CPU,CPU package RAPL,1,256000000,1T,1,0.1412108125,10.43848225,10.43848225,73.92780279755623,1.474026559789328,3.625784675660017,0.04904927629684862,21.7547080539601,0.2942956577810917,49.0,1795.0,3072000000.0,0.1666666666666666
AMD,AMD CPU,CPU,CPU package RAPL,2,256000000,1T,1,0.1417988124999999,10.3277339375,10.3277339375,72.92920438409385,1.464460408153448,3.610749561107928,0.049575250785743825,21.664497366647566,0.2974515047144629,54.0,1823.0,3072000000.0,0.1666666666666666
AMD,AMD CPU,CPU,CPU package RAPL,3,256000000,1T,1,0.1415390625,10.742044,10.742044,76.01940909870126,1.5204188370937501,3.6173759452447976,0.047663182165330914,21.704255671468783,0.2859790929919855,56.0,1827.0,3072000000.0,0.1666666666666666
AMD,AMD CPU,CPU,CPU package RAPL,4,256000000,1T,1,0.141884625,10.5154255,10.5154255,74.12813858525621,1.4919772037829373,3.6085657624989325,0.04869037396537116,21.651394574993592,0.292142243792227,54.0,1794.0,3072000000.0,0.1666666666666666
AMD,AMD CPU,CPU,CPU package RAPL,5,256000000,1T,1,0.1421753125,10.3818998125,10.3818998125,73.03067770880129,1.476049850185879,3.6011877941186166,0.04931659997176456,21.6071267647117,0.29589959983058733,53.0,1823.5,3072000000.0,0.1666666666666666
AMD,AMD CPU,CPU,CPU package RAPL,1,256000000,2T,2,0.0879552916666666,7.136900291666667,7.136900291666667,81.11371992303671,0.6277281467494596,5.821139243564562,0.07173982808724846,34.92683546138737,0.43043896852349073,49.0,1867.5,3072000000.0,0.1666666666666666
AMD,AMD CPU,CPU,CPU package RAPL,2,256000000,2T,2,0.0881099166666666,7.253376041666666,7.253376041666666,82.3229175916746,0.6390943585832459,5.810923666367487,0.07058781966615833,34.865541998204925,0.42352691799695,65.0,1834.0,3072000000.0,0.1666666666666666
AMD,AMD CPU,CPU,CPU package RAPL,3,256000000,2T,2,0.0881127083333333,7.242619083333333,7.242619083333333,82.2093424903778,0.6381667828591837,5.810739559418455,0.07069265884467278,34.864437356510734,0.42415595306803666,54.0,1834.5,3072000000.0,0.1666666666666666
AMD,AMD CPU,CPU,CPU package RAPL,4,256000000,2T,2,0.0880863333333333,7.256365291666666,7.256365291666666,82.35711735237419,0.6391866118701802,5.812479423595793,0.07055874110802961,34.87487654157476,0.4233524466481776,54.0,1849.0,3072000000.0,0.1666666666666666
AMD,AMD CPU,CPU,CPU package RAPL,5,256000000,2T,2,0.088169,7.247583041666667,7.247583041666667,82.23281064670545,0.6390121492007084,5.807029681634134,0.07064424057737455,34.84217808980481,0.42386544346424726,54.0,1852.5,3072000000.0,0.1666666666666666
AMD,AMD CPU,CPU,CPU package RAPL,1,256000000,4T,4,0.0734626785714285,6.900678964285714,6.900678964285714,93.89151370833945,0.5069423606779395,6.969525342071175,0.07419559765783089,41.81715205242705,0.44517358594698536,58.5,1913.0,3072000000.0,0.1666666666666666
AMD,AMD CPU,CPU,CPU package RAPL,2,256000000,4T,4,0.0734132142857142,6.7506132857142855,6.7506132857142855,91.95365467345948,0.49558421970413213,6.974221262228975,0.07584496079541386,41.84532757337386,0.45506976477248323,62.5,1914.0,3072000000.0,0.1666666666666666
AMD,AMD CPU,CPU,CPU package RAPL,3,256000000,4T,4,0.0734426428571428,6.802282857142857,6.802282857142857,92.60604802645864,0.4995776304904078,6.971426681851829,0.07526884881924094,41.82856009111098,0.4516130929154456,53.0,1954.0,3072000000.0,0.1666666666666666
AMD,AMD CPU,CPU,CPU package RAPL,4,256000000,4T,4,0.0734019642857143,6.815670107142857,6.815670107142857,92.8142946255412,0.5002835737877106,6.975290170806054,0.07512100673174034,41.85174102483633,0.45072604039044206,53.0,1914.5,3072000000.0,0.1666666666666666
AMD,AMD CPU,CPU,CPU package RAPL,5,256000000,4T,4,0.0733902857142857,6.899713357142857,6.899713357142857,93.9732475347221,0.5063719346273876,6.9764001463798255,0.07420598124847567,41.85840087827896,0.4452358874908541,56.5,1952.0,3072000000.0,0.1666666666666666
AMD,AMD CPU,CPU,CPU package RAPL,1,256000000,8T,8,0.07426875,9.329672464285714,9.329672464285714,125.63341264407909,0.6929031118319195,6.893882016325843,0.054878668244780555,41.36329209795506,0.32927200946868335,54.0,2061.5,3072000000.0,0.1666666666666666
AMD,AMD CPU,CPU,CPU package RAPL,2,256000000,8T,8,0.0743474285714285,8.079975785714286,8.079975785714286,108.67877155391872,0.6007254225872647,6.886586528115111,0.06336652653158145,41.31951916869067,0.3801991591894887,59.0,2077.0,3072000000.0,0.1666666666666666
AMD,AMD CPU,CPU,CPU package RAPL,3,256000000,8T,8,0.0742649285714285,8.48479832142857,8.48479832142857,114.21925954805594,0.6301229412838691,6.894236752783719,0.06034321389901881,41.36542051670231,0.36205928339411286,55.0,2075.5,3072000000.0,0.1666666666666666
AMD,AMD CPU,CPU,CPU package RAPL,4,256000000,8T,8,0.0743592499999999,7.609909535714285,7.609909535714285,102.3354018962522,0.5658671656435618,6.885491717573815,0.06728069467805341,41.31295030544289,0.40368416806832047,53.0,2092.0,3072000000.0,0.1666666666666666
AMD,AMD CPU,CPU,CPU package RAPL,5,256000000,8T,8,0.0743985714285714,7.718308892857142,7.718308892857142,103.76701857510828,0.57423115547301,6.881852570133837,0.06633577472829923,41.29111542080303,0.3980146483697954,54.0,2077.0,3072000000.0,0.1666666666666666
AMD,AMD CPU,CPU,CPU package RAPL,1,256000000,10T,10,0.0755665,8.934942571428572,8.934942571428572,118.25293034015375,0.6751823378238571,6.775489138705644,0.05730311033416507,40.65293483223386,0.3438186620049904,58.0,2141.5,3072000000.0,0.1666666666666666
AMD,AMD CPU,CPU,CPU package RAPL,2,256000000,10T,10,0.0755287857142857,8.03152292857143,8.03152292857143,106.33126190311866,0.606611174231444,6.77887238829472,0.06374880636630015,40.67323432976832,0.3824928381978009,51.0,2143.0,3072000000.0,0.1666666666666666
AMD,AMD CPU,CPU,CPU package RAPL,3,256000000,10T,10,0.0755032857142857,8.919615392857143,8.919615392857143,118.12511672511008,0.6734602694684335,6.781161841584947,0.05740157814539978,40.68697104950967,0.34440946887239865,54.0,2174.0,3072000000.0,0.1666666666666666
AMD,AMD CPU,CPU,CPU package RAPL,4,256000000,10T,10,0.07542475,9.713872178571428,9.713872178571428,128.79006067576577,0.7326663806007053,6.788222698782561,0.05270812613011935,40.729336192695364,0.31624875678071607,56.0,2173.5,3072000000.0,0.1666666666666666
AMD,AMD CPU,CPU,CPU package RAPL,5,256000000,10T,10,0.0755288214285714,8.456496964285716,8.456496964285716,111.96236512195202,0.638709249126792,6.778869182861607,0.0605451645240727,40.67321509716964,0.3632709871444362,56.0,2138.0,3072000000.0,0.1666666666666666
AMD,AMD CPU,CPU,CPU package RAPL,1,256000000,16T,16,0.0760061071428571,9.13893332142857,9.13893332142857,120.22917397602198,0.6946147451999268,6.736300795377818,0.05602404372504664,40.41780477226691,0.3361442623502799,57.0,2373.0,3072000000.0,0.1666666666666666
AMD,AMD CPU,CPU,CPU package RAPL,2,256000000,16T,16,0.0760059642857142,9.873677428571428,9.873677428571428,129.89291577885618,0.7504583740046623,6.736313456603742,0.0518550462787479,40.417880739622454,0.31113027767248747,56.0,2385.0,3072000000.0,0.1666666666666666
AMD,AMD CPU,CPU,CPU package RAPL,3,256000000,16T,16,0.0760007142857142,9.282217392857142,9.282217392857142,122.12980266334668,0.7054551520124226,6.7367787896730364,0.0551592338694841,40.42067273803822,0.3309554032169046,55.5,2365.0,3072000000.0,0.1666666666666666
AMD,AMD CPU,CPU,CPU package RAPL,4,256000000,16T,16,0.0760018214285714,9.7765275,9.7765275,128.68808955136151,0.7430338972465176,6.736680652860296,0.0523703329224001,40.420083917161776,0.31422199753440067,62.0,2378.5,3072000000.0,0.1666666666666666
AMD,AMD CPU,CPU,CPU package RAPL,5,256000000,16T,16,0.076037,9.243031535714287,9.243031535714287,121.55745687070808,0.7028123888811072,6.733563922827045,0.05539308159035004,40.40138353696227,0.33235848954210023,54.0,2368.0,3072000000.0,0.1666666666666666
AMD,AMD CPU,CPU,CPU package RAPL,1,256000000,20T,20,0.084852125,10.600780916666668,10.600780916666668,124.94769276379604,0.8994987874386147,6.03402684375907,0.048298328587757886,36.20416106255441,0.2897899715265473,53.0,2136.5,3072000000.0,0.1666666666666666
AMD,AMD CPU,CPU,CPU package RAPL,2,256000000,20T,20,0.084710125,11.33108475,11.33108475,133.75031778309193,0.9598576055580937,6.0441417126937305,0.045185435578001476,36.264850276162385,0.27111261346800886,56.0,2133.5,3072000000.0,0.1666666666666666
AMD,AMD CPU,CPU,CPU package RAPL,3,256000000,20T,20,0.0848165,10.635306625,10.635306625,125.38585127891209,0.9020494843593125,6.036561282297666,0.04814153630478896,36.219367693786,0.28884921782873374,56.0,2131.0,3072000000.0,0.1666666666666666
AMD,AMD CPU,CPU,CPU package RAPL,4,256000000,20T,20,0.0848620833333333,10.524754166666668,10.524754166666668,124.01855420746308,0.8931525651545136,6.033318767215436,0.04864721701734125,36.19991260329261,0.29188330210404756,56.0,2129.5,3072000000.0,0.1666666666666666
AMD,AMD CPU,CPU,CPU package RAPL,5,256000000,20T,20,0.0849248333333333,10.60525025,10.60525025,124.88843391524532,0.9006491099395412,6.028860816133486,0.04827797439291921,36.17316489680091,0.2896678463575153,56.0,2109.5,3072000000.0,0.1666666666666666
AMD,AMD CPU,CPU,CPU package RAPL,1,256000000,32T,32,0.0773376923076923,11.864059192307693,11.864059192307693,153.40641008816505,0.9175389593349408,6.620316494096819,0.043155550027259286,39.72189896458091,0.2589333001635557,63.0,2988.0,3072000000.0,0.1666666666666666
AMD,AMD CPU,CPU,CPU package RAPL,2,256000000,32T,32,0.0773273076923077,11.84765096153846,11.84765096153846,153.23422598140644,0.9161469513339495,6.6212055647572,0.0432153176745439,39.727233388543205,0.2592919060472634,68.5,2982.5,3072000000.0,0.1666666666666666
AMD,AMD CPU,CPU,CPU package RAPL,3,256000000,32T,32,0.0773405384615384,11.875579576923077,11.875579576923077,153.59233633986577,0.9184637190220791,6.620072864564016,0.043113685246565246,39.72043718738409,0.25868211147939146,55.0,2963.0,3072000000.0,0.1666666666666666
AMD,AMD CPU,CPU,CPU package RAPL,4,256000000,32T,32,0.0773886538461538,11.8760185,11.8760185,153.50939308890622,0.9190690847670188,6.615956920737242,0.04311209181764073,39.69574152442345,0.2586725509058444,55.0,2964.0,3072000000.0,0.1666666666666666
AMD,AMD CPU,CPU,CPU package RAPL,5,256000000,32T,32,0.0774080384615384,11.92733823076923,11.92733823076923,154.04187877590346,0.923271856511162,6.614300144737507,0.042926593519347155,39.68580086842504,0.2575595611160829,56.0,2953.0,3072000000.0,0.1666666666666666
AMD,AMD CPU,CPU,CPU package RAPL,1,256000000,64T,64,0.0784703846153846,12.435063423076924,12.435063423076924,158.40953670717516,0.9757842095255471,6.52475456198566,0.04117389534578755,39.148527371913964,0.24704337207472532,56.5,4162.5,3072000000.0,0.1666666666666666
AMD,AMD CPU,CPU,CPU package RAPL,2,256000000,64T,64,0.0784502692307692,12.557253,12.557253,160.05858442449204,0.9851198786488842,6.526427570234355,0.04077324873521303,39.15856542140613,0.2446394924112782,59.5,4132.5,3072000000.0,0.1666666666666666
AMD,AMD CPU,CPU,CPU package RAPL,3,256000000,64T,64,0.0784824615384615,12.517155576923075,12.517155576923075,159.48127705561313,0.9823771811368042,6.523750529270629,0.04090386165239771,39.14250317562377,0.2454231699143863,63.0,4143.5,3072000000.0,0.1666666666666666
AMD,AMD CPU,CPU,CPU package RAPL,4,256000000,64T,64,0.0785115,12.490496307692307,12.490496307692307,159.05810514823867,0.9806476008613846,6.521337638435134,0.040991165393858955,39.1280258306108,0.24594699236315376,56.0,4146.0,3072000000.0,0.1666666666666666
AMD,AMD CPU,CPU,CPU package RAPL,5,256000000,64T,64,0.078347423076923,12.475258307692307,12.475258307692307,159.14451404787846,0.9774043406266676,6.534994769353277,0.04104123436741171,39.20996861611966,0.24624740620447028,57.0,4150.5,3072000000.0,0.1666666666666666
3090,RTX 3090,GPU,GPU board NVML,1,1000000,gpu_resident,-1,1.538917117033889e-05,0.0053173818652131,0.0053173818652131,345.5401208811676,8.183009970182028e-08,129.96151500704616,0.37612495222211156,779.769090042277,2.25674971333267,64.0,1935.0,12000000.0,0.1666666666666666
3090,RTX 3090,GPU,GPU board NVML,2,1000000,gpu_resident,-1,1.539784871723798e-05,0.0053469386183744,0.0053469386183744,347.25422541854607,8.233135194608648e-08,129.88827444193475,0.3740458125191736,779.3296466516086,2.2442748751150416,65.0,1920.0,12000000.0,0.1666666666666666
3090,RTX 3090,GPU,GPU board NVML,3,1000000,gpu_resident,-1,1.5354165067767732e-05,0.0053339498687623,0.0053339498687623,347.3848412608596,8.189834674817439e-08,130.25781546392938,0.3749566548633656,781.5468927835763,2.2497399291801936,65.0,1935.0,12000000.0,0.1666666666666666
3090,RTX 3090,GPU,GPU board NVML,4,1000000,gpu_resident,-1,1.5482835740044266e-05,0.0053807478602714,0.0053807478602714,347.52986818440445,8.330923527917674e-08,129.17530312791925,0.37169554343308736,775.0518187675156,2.2301732605985243,65.0,1935.0,12000000.0,0.1666666666666666
3090,RTX 3090,GPU,GPU board NVML,5,1000000,gpu_resident,-1,1.5353986374516665e-05,0.0053500352912293,0.0053500352912293,348.424119322583,8.214436896471797e-08,130.2593314345675,0.3738293097390861,781.5559886074052,2.2429758584345167,65.0,1935.0,12000000.0,0.1666666666666666
3090,RTX 3090,GPU,GPU board NVML,1,2000000,gpu_resident,-1,3.152441523233088e-05,0.0109568911165752,0.0109568911165752,347.556771342065,3.454095852143541e-07,126.88577949885875,0.36506705756607727,761.3146769931525,2.190402345396464,59.0,1950.0,24000000.0,0.1666666666666666
3090,RTX 3090,GPU,GPU board NVML,2,2000000,gpu_resident,-1,3.1579489122541125e-05,0.0110269805184553,0.0110269805184553,349.2259217965061,3.48226411337032e-07,126.66449366797512,0.3627466279917156,759.9869620078508,2.1764797679502936,65.0,1935.0,24000000.0,0.1666666666666666
3090,RTX 3090,GPU,GPU board NVML,3,2000000,gpu_resident,-1,3.1424124391393124e-05,0.0109481702528663,0.0109481702528663,348.4040266727402,3.440366638842205e-07,127.2907384842066,0.36535785502173523,763.7444309052396,2.1921471301304116,65.0,1912.5,24000000.0,0.1666666666666666
3090,RTX 3090,GPU,GPU board NVML,4,2000000,gpu_resident,-1,3.165143508116832e-05,0.011062434733078,0.011062434733078,349.51967729346256,3.501419347936799e-07,126.37657628294662,0.3615840541901253,758.2594576976795,2.169504325140752,65.0,1920.0,24000000.0,0.1666666666666666
3090,RTX 3090,GPU,GPU board NVML,5,2000000,gpu_resident,-1,3.127744598355273e-05,0.0109349770176042,0.0109349770176042,349.61116113266183,3.4201815299950593e-07,127.88767989890871,0.3657986654713958,767.3260793934522,2.194791992828375,64.0,1905.0,24000000.0,0.1666666666666666
3090,RTX 3090,GPU,GPU board NVML,1,4000000,gpu_resident,-1,5.958870487310854e-05,0.0209661324913618,0.0209661324913618,351.85395346104974,1.2493446813582503e-06,134.25363107044598,0.3815677499556038,805.5217864226757,2.289406499733623,62.0,1920.0,48000000.0,0.1666666666666666
3090,RTX 3090,GPU,GPU board NVML,2,4000000,gpu_resident,-1,5.967008710177783e-05,0.0211038062283737,0.0211038062283737,353.68328527666483,1.2592659558261002e-06,134.070526599946,0.37907853746515824,804.4231595996761,2.2744712247909495,65.0,1905.0,48000000.0,0.1666666666666666
3090,RTX 3090,GPU,GPU board NVML,3,4000000,gpu_resident,-1,5.968340494092373e-05,0.0211188686000716,0.0211188686000716,353.8413584819177,1.2604459865522324e-06,134.0406099135701,0.3788081715690432,804.2436594814205,2.272849029414259,65.0,1905.0,48000000.0,0.1666666666666666
3090,RTX 3090,GPU,GPU board NVML,4,4000000,gpu_resident,-1,5.9670525059665874e-05,0.021067661097852,0.021067661097852,353.05623215309873,1.2571183994879256e-06,134.0695425756791,0.37972891071499426,804.4172554540746,2.278373464289966,65.0,1920.0,48000000.0,0.1666666666666666
3090,RTX 3090,GPU,GPU board NVML,5,4000000,gpu_resident,-1,6.055664547381168e-05,0.0213322434150772,0.0213322434150772,352.2671165679684,1.2918091016478838e-06,132.10771398259962,0.37501915969821353,792.6462838955978,2.250114958189281,65.0,1920.0,48000000.0,0.1666666666666666
3090,RTX 3090,GPU,GPU board NVML,1,8000000,gpu_resident,-1,0.0001164360228198,0.0414299685644428,0.0414299685644428,355.8088939314524,4.823940765193059e-06,137.4145183983319,0.3861938725614185,824.4871103899915,2.317163235368511,65.0,1890.0,96000000.0,0.1666666666666666
3090,RTX 3090,GPU,GPU board NVML,2,8000000,gpu_resident,-1,0.0001162032884034,0.0413121078317453,0.0413121078317453,355.51634714887314,4.800602780924658e-06,137.68973511709893,0.3872956583373648,826.1384107025937,2.323773950024189,65.0,1905.0,96000000.0,0.1666666666666666
3090,RTX 3090,GPU,GPU board NVML,3,8000000,gpu_resident,-1,0.0001159728601252,0.0411414405010438,0.0411414405010438,354.7474027147856,4.77129052457679e-06,137.96331299173787,0.38890227967574603,827.779877950427,2.3334136780544763,65.0,1905.0,96000000.0,0.1666666666666666
3090,RTX 3090,GPU,GPU board NVML,4,8000000,gpu_resident,-1,0.0001164227770018,0.0412695530726257,0.0412695530726257,354.469966342573,4.804715974338251e-06,137.43015251863153,0.3876950150597313,824.5809151117892,2.3261700903583877,65.0,1920.0,96000000.0,0.1666666666666666
3090,RTX 3090,GPU,GPU board NVML,5,8000000,gpu_resident,-1,0.000116463029809,0.0411891592920354,0.0411891592920354,353.68488146273086,4.797014286435967e-06,137.38265290058217,0.38845172552705787,824.2959174034929,2.330710353162347,65.0,1905.0,96000000.0,0.1666666666666666
3090,RTX 3090,GPU,GPU board NVML,1,16000000,gpu_resident,-1,0.0002298244485294,0.0816012178308823,0.0816012178308823,355.0511183482729,1.8753954887309968e-05,139.23670960492456,0.39215101012732034,835.4202576295473,2.3529060607639223,64.0,1905.0,192000000.0,0.1666666666666666
3090,RTX 3090,GPU,GPU board NVML,2,16000000,gpu_resident,-1,0.0002296336394948,0.0812964408725602,0.0812964408725602,354.0238751630151,1.8668397595539813e-05,139.3524052939318,0.393621167870842,836.1144317635909,2.361727007225052,65.0,1897.5,192000000.0,0.1666666666666666
3090,RTX 3090,GPU,GPU board NVML,3,16000000,gpu_resident,-1,0.0002295168655346,0.0810485314364387,0.0810485314364387,353.1233356950424,1.86020048914739e-05,139.42330523495212,0.39482516749974184,836.5398314097127,2.3689510049984506,65.0,1905.0,192000000.0,0.1666666666666666
3090,RTX 3090,GPU,GPU board NVML,4,16000000,gpu_resident,-1,0.000229310522696,0.0810063044475011,0.0810063044475011,353.2641814670719,1.8575598014527787e-05,139.54876393711257,0.39503098207299026,837.2925836226756,2.3701858924379415,65.0,1905.0,192000000.0,0.1666666666666666
3090,RTX 3090,GPU,GPU board NVML,5,16000000,gpu_resident,-1,0.0002298289292279,0.0813908547794117,0.0813908547794117,354.1363358879273,1.87059730028957e-05,139.2339950740865,0.3931645648239904,835.4039704445189,2.3589873889439423,65.0,1905.0,192000000.0,0.1666666666666666
3090,RTX 3090,GPU,GPU board NVML,1,32000000,gpu_resident,-1,0.0004555765027322,0.1615334699453552,0.1615334699453552,354.5677608514436,7.359085331190186e-05,140.48134531999975,0.3962027189885194,842.8880719199985,2.377216313931116,57.0,1942.5,384000000.0,0.1666666666666666
3090,RTX 3090,GPU,GPU board NVML,2,32000000,gpu_resident,-1,0.0004557681093394,0.1612892938496583,0.1612892938496583,353.897484554019,7.351051651454567e-05,140.42228644027543,0.39680253085896683,842.5337186416526,2.380815185153801,65.0,1905.0,384000000.0,0.1666666666666666
3090,RTX 3090,GPU,GPU board NVML,3,32000000,gpu_resident,-1,0.0004553024578971,0.1614977241693218,0.1614977241693218,354.7035923535383,7.35303107590801e-05,140.56590051280642,0.39629041417883637,843.3954030768386,2.377742485073018,65.0,1882.5,384000000.0,0.1666666666666666
3090,RTX 3090,GPU,GPU board NVML,4,32000000,gpu_resident,-1,0.0004557578587699,0.1612697038724373,0.1612697038724373,353.8504135248165,7.349993492135788e-05,140.42544471473806,0.3968507318065354,842.5526682884284,2.381104390839212,65.0,1905.0,384000000.0,0.1666666666666666
3090,RTX 3090,GPU,GPU board NVML,5,32000000,gpu_resident,-1,0.0004557906605922,0.1612389521640091,0.1612389521640091,353.77748560935584,7.349120852002784e-05,140.4153387365288,0.39692641970843656,842.492032419173,2.3815585182506194,65.0,1905.0,384000000.0,0.1666666666666666
3090,RTX 3090,GPU,GPU board NVML,1,64000000,gpu_resident,-1,0.0009091030881017,0.322758855585831,0.322758855585831,355.0225503441334,0.00029342107232524956,140.79811374007878,0.39658090795888656,844.7886824404727,2.379485447753319,61.0,1935.0,768000000.0,0.1666666666666666
3090,RTX 3090,GPU,GPU board NVML,2,64000000,gpu_resident,-1,0.0009094963636363,0.3206759090909091,0.3206759090909091,352.6119689794658,0.0002916535732239465,140.73723119489694,0.39915689445730396,844.4233871693816,2.3949413667438235,65.0,1905.0,768000000.0,0.1666666666666666
3090,RTX 3090,GPU,GPU board NVML,3,64000000,gpu_resident,-1,0.0009083574023614,0.3215694822888283,0.3215694822888283,354.03260426074013,0.0002921000196105803,140.91369725974204,0.3980477223427332,845.4821835584521,2.3882863340563993,65.0,1905.0,768000000.0,0.1666666666666666
3090,RTX 3090,GPU,GPU board NVML,4,64000000,gpu_resident,-1,0.0009089736603088,0.3208197093551317,0.3208197093551317,352.95532371436866,0.00029161666551173943,140.81816183377123,0.3989779813007382,844.9089710026275,2.3938678878044293,65.0,1905.0,768000000.0,0.1666666666666666
3090,RTX 3090,GPU,GPU board NVML,5,64000000,gpu_resident,-1,0.0009099363636363,0.319825,0.319825,351.4602406385512,0.00029102039749997967,140.6691776647816,0.40021886969436404,844.0150659886896,2.4013132181661843,65.0,1890.0,768000000.0,0.1666666666666666
3090,RTX 3090,GPU,GPU board NVML,1,128000000,gpu_resident,-1,0.0018097649186256,0.6414566003616637,0.6414566003616637,354.44480540901645,0.0011608856521553804,141.45483613110122,0.39909169202665157,848.7290167866074,2.3945501521599093,63.0,1905.0,1536000000.0,0.1666666666666666
3090,RTX 3090,GPU,GPU board NVML,2,128000000,gpu_resident,-1,0.0018104330922242,0.6405578661844485,0.6405578661844485,353.8072976113017,0.0011596871584248465,141.40262962465644,0.3996516372906188,848.4157777479385,2.3979098237437135,65.0,1905.0,1536000000.0,0.1666666666666666
3090,RTX 3090,GPU,GPU board NVML,3,128000000,gpu_resident,-1,0.0018103218806509,0.6378363471971067,0.6378363471971067,352.34050782949464,0.0011546890956053667,141.41131626158955,0.4013568701830187,848.4678975695374,2.408141221098112,65.0,1875.0,1536000000.0,0.1666666666666666
3090,RTX 3090,GPU,GPU board NVML,4,128000000,gpu_resident,-1,0.0018103182640144,0.6377576853526221,0.6377576853526221,352.2831555407929,0.0011545443858094009,141.41159877176364,0.40140637405013035,848.4695926305818,2.408438244300782,65.0,1897.5,1536000000.0,0.1666666666666666
3090,RTX 3090,GPU,GPU board NVML,5,128000000,gpu_resident,-1,0.001811459312839,0.639745931283906,0.639745931283906,353.13204646241934,0.0011588737250750904,141.32252277793938,0.40015885601059414,847.9351366676364,2.4009531360635648,65.0,1890.0,1536000000.0,0.1666666666666666
3090,RTX 3090,GPU,GPU board NVML,1,256000000,gpu_resident,-1,0.0036186895306859,1.2798429602888088,1.2798429602888088,353.6758127036532,0.004631354321319163,141.48768377566606,0.40004908093135294,848.9261026539962,2.4002944855881174,64.0,1882.5,3072000000.0,0.1666666666666666
3090,RTX 3090,GPU,GPU board NVML,2,256000000,gpu_resident,-1,0.0036179855595667,1.2764314079422383,1.2764314079422383,352.8085661032584,0.00461811040171241,141.5152138034842,0.40111830280438326,849.0912828209052,2.4067098168262997,65.0,1905.0,3072000000.0,0.1666666666666666
3090,RTX 3090,GPU,GPU board NVML,3,256000000,gpu_resident,-1,0.0036189025270758,1.2723303249097473,1.2723303249097473,351.6027504168741,0.004604439428091058,141.4793562880827,0.4024112213440474,848.8761377284964,2.4144673280642843,65.0,1905.0,3072000000.0,0.1666666666666666
3090,RTX 3090,GPU,GPU board NVML,4,256000000,gpu_resident,-1,0.0036226823104693,1.277,1.277,352.5017636217118,0.004626165310469296,141.3317415442021,0.4009397024275646,847.9904492652126,2.405638214565388,65.0,1905.0,3072000000.0,0.1666666666666666
3090,RTX 3090,GPU,GPU board NVML,5,256000000,gpu_resident,-1,0.0036244438405797,1.2799094202898549,1.2799094202898549,353.12346426371784,0.004638959814869499,141.26305235236032,0.4000283081626588,847.5783141141619,2.4001698489759526,65.0,1890.0,3072000000.0,0.1666666666666666
5060ti,RTX 5060 Ti,GPU,GPU board NVML,1,1000000,gpu_resident,-1,8.188119217227545e-06,0.0011522025710308,0.0011522025710308,140.7151929643303,9.43437201399628e-09,244.25633615495767,1.735805881955923,1465.5380169297462,10.414835291735539,69.0,2745.0,12000000.0,0.1666666666666666
5060ti,RTX 5060 Ti,GPU,GPU board NVML,2,1000000,gpu_resident,-1,8.188016867272578e-06,0.0011647752394988,0.0011647752394988,142.2140030080568,9.537199307597631e-09,244.2593893515266,1.7170694672910416,1465.5563361091597,10.302416803746251,70.0,2745.0,12000000.0,0.1666666666666666
5060ti,RTX 5060 Ti,GPU,GPU board NVML,3,1000000,gpu_resident,-1,8.188328011135675e-06,0.0011795218210103,0.0011795218210103,144.0495981328944,9.658311566724401e-09,244.2501078706312,1.6956023740933701,1465.5006472237874,10.173614244560222,70.0,2745.0,12000000.0,0.1666666666666666
5060ti,RTX 5060 Ti,GPU,GPU board NVML,4,1000000,gpu_resident,-1,8.18810284123475e-06,0.0011807213624826,0.0011807213624826,144.19976957440963,9.667867942850342e-09,244.25682466127938,1.693879744662851,1465.5409479676762,10.163278467977106,70.0,2737.0,12000000.0,0.1666666666666666
5060ti,RTX 5060 Ti,GPU,GPU board NVML,5,1000000,gpu_resident,-1,8.188082371243758e-06,0.0011669327765495,0.0011669327765495,142.51507646584383,9.55494169609149e-09,244.25743529692934,1.7138947848510984,1465.5446117815761,10.28336870910659,69.5,2745.0,12000000.0,0.1666666666666666
5060ti,RTX 5060 Ti,GPU,GPU board NVML,1,2000000,gpu_resident,-1,1.4329450199888234e-05,0.0021343406554041,0.0021343406554041,148.9481378670368,3.0583928131209865e-08,279.14539247508594,1.8741150761815337,1674.8723548505156,11.244690457089202,70.5,2752.0,24000000.0,0.1666666666666666
5060ti,RTX 5060 Ti,GPU,GPU board NVML,2,2000000,gpu_resident,-1,1.4328955852641532e-05,0.0021426227628995,0.0021426227628995,149.53105146849492,3.070154697845176e-08,279.1550229574197,1.866870859986108,1674.930137744518,11.201225159916646,72.0,2745.0,24000000.0,0.1666666666666666
5060ti,RTX 5060 Ti,GPU,GPU board NVML,3,2000000,gpu_resident,-1,1.4329471693246788e-05,0.0021713880410953,0.0021713880410953,151.5329386824527,3.1114843469929694e-08,279.14497377353587,1.8421396472195288,1674.8698426412157,11.052837883317173,73.0,2745.0,24000000.0,0.1666666666666666
5060ti,RTX 5060 Ti,GPU,GPU board NVML,4,2000000,gpu_resident,-1,1.4329228101849862e-05,0.0021629841379013,0.0021629841379013,150.89656707086343,3.0993893092670806e-08,279.1497191313195,1.8492969642769177,1674.8983147879173,11.095781785661506,73.0,2745.0,24000000.0,0.1666666666666666
5060ti,RTX 5060 Ti,GPU,GPU board NVML,5,2000000,gpu_resident,-1,1.4329084812792848e-05,0.0021483758185387,0.0021483758185387,149.9313507551417,3.078425931359429e-08,279.15251059361754,1.8618716359974454,1674.9150635617052,11.17122981598467,71.5,2745.0,24000000.0,0.1666666666666666
5060ti,RTX 5060 Ti,GPU,GPU board NVML,1,4000000,gpu_resident,-1,9.577781501340484e-05,0.0104092301800076,0.0104092301800076,108.65600512577817,9.969733226127186e-07,83.52664966182762,0.7685486689846798,501.1598979709657,4.611292013908079,56.0,2782.0,48000000.0,0.1666666666666666
5060ti,RTX 5060 Ti,GPU,GPU board NVML,2,4000000,gpu_resident,-1,9.548744630071598e-05,0.0104462052505966,0.0104462052505966,109.3987289840214,9.974814629126001e-07,83.78064667061909,0.7658283374762435,502.6838800237146,4.594970024857461,58.0,2790.0,48000000.0,0.1666666666666666
5060ti,RTX 5060 Ti,GPU,GPU board NVML,3,4000000,gpu_resident,-1,9.549694569056028e-05,0.0104232127517419,0.0104232127517419,109.15074077040724,9.953849820742517e-07,83.77231273890666,0.7675176733452995,502.6338764334399,4.605106040071797,57.0,2782.0,48000000.0,0.1666666666666666
5060ti,RTX 5060 Ti,GPU,GPU board NVML,4,4000000,gpu_resident,-1,9.559780324737344e-05,0.0105152817574021,0.0105152817574021,110.00808917732022,1.0052378365348212e-06,83.68393130644245,0.7607974930741633,502.10358783865473,4.56478495844498,58.0,2782.0,48000000.0,0.1666666666666666
5060ti,RTX 5060 Ti,GPU,GPU board NVML,5,4000000,gpu_resident,-1,9.55852901870943e-05,0.0104175735013363,0.0104175735013363,109.01094443153588,9.957667861706143e-07,83.69488636108301,0.7679331467134656,502.16931816649804,4.6075988802807935,57.0,2782.0,48000000.0,0.1666666666666666
5060ti,RTX 5060 Ti,GPU,GPU board NVML,1,8000000,gpu_resident,-1,0.0002429059995142,0.0245104444984211,0.0245104444984211,100.90622096642456,5.953734019426302e-06,65.86910175952512,0.6527829391682668,395.21461055715076,3.9166976350096006,55.0,2790.0,96000000.0,0.1666666666666666
5060ti,RTX 5060 Ti,GPU,GPU board NVML,2,8000000,gpu_resident,-1,0.0002428610235265,0.0244504001940334,0.0244504001940334,100.69840449525032,5.938049216755486e-06,65.88130020894089,0.654386017121489,395.2878012536453,3.926316102728934,55.0,2782.0,96000000.0,0.1666666666666666
5060ti,RTX 5060 Ti,GPU,GPU board NVML,3,8000000,gpu_resident,-1,0.0002427168163067,0.024787915554477,0.024787915554477,102.09077214020456,6.016443946261985e-06,65.92044277551086,0.6454758152147329,395.5226566530652,3.872854891288398,57.0,2790.0,96000000.0,0.1666666666666666
5060ti,RTX 5060 Ti,GPU,GPU board NVML,4,8000000,gpu_resident,-1,0.0002426877729257,0.0246636341581756,0.0246636341581756,101.58502777795654,5.9855624461018585e-06,65.92833172892676,0.6487284030158328,395.56999037356053,3.8923704180949965,56.0,2790.0,96000000.0,0.1666666666666666
5060ti,RTX 5060 Ti,GPU,GPU board NVML,5,8000000,gpu_resident,-1,0.0002428559980573,0.0248203011170471,0.0248203011170471,102.19891157121666,6.027758999863191e-06,65.8826635042587,0.644633597495353,395.2959810255522,3.867801584972118,57.0,2790.0,96000000.0,0.1666666666666666
5060ti,RTX 5060 Ti,GPU,GPU board NVML,1,16000000,gpu_resident,-1,0.0004848536112457,0.0489721279689772,0.0489721279689772,101.00258301468008,2.3744313096145142e-05,65.99930217655731,0.6534329082099785,395.99581305934385,3.920597449259871,55.0,2790.0,192000000.0,0.1666666666666666
5060ti,RTX 5060 Ti,GPU,GPU board NVML,2,16000000,gpu_resident,-1,0.000484838826951,0.0494774600096946,0.0494774600096946,102.04995855201072,2.398859367161534e-05,66.00131470748333,0.646759150403637,396.00788824489996,3.8805549024218218,56.5,2790.0,192000000.0,0.1666666666666666
5060ti,RTX 5060 Ti,GPU,GPU board NVML,3,16000000,gpu_resident,-1,0.0004848441589917,0.0493795443528841,0.0493795443528841,101.84637164740604,2.3941383653167442e-05,66.0005888625087,0.648041621674684,396.00353317505227,3.8882497300481043,56.0,2790.0,192000000.0,0.1666666666666666
5060ti,RTX 5060 Ti,GPU,GPU board NVML,4,16000000,gpu_resident,-1,0.0004849182832201,0.0492696411251212,0.0492696411251212,101.5894306362236,2.389174978926421e-05,65.99050006426648,0.6494871744394359,395.94300038559885,3.8969230466366156,56.0,2790.0,192000000.0,0.1666666666666666
5060ti,RTX 5060 Ti,GPU,GPU board NVML,5,16000000,gpu_resident,-1,0.0004848553078041,0.0495196316044595,0.0495196316044595,102.13551229941544,2.4009856223925846e-05,65.99907123823675,0.6462083614757391,395.99442742942045,3.877250168854435,56.5,2790.0,192000000.0,0.1666666666666666
5060ti,RTX 5060 Ti,GPU,GPU board NVML,1,32000000,gpu_resident,-1,0.000970083899127,0.0970882638215324,0.0970882638215324,100.08288647923725,9.418376152746301e-05,65.9736751198479,0.6591939898899084,395.8420507190874,3.955163939339451,53.5,2790.0,384000000.0,0.1666666666666666
5060ti,RTX 5060 Ti,GPU,GPU board NVML,2,32000000,gpu_resident,-1,0.0009704689621726,0.0977298739088263,0.0977298739088263,100.70416435866989,9.484380930555772e-05,65.94749805982714,0.6548662905234748,395.68498835896287,3.9291977431408487,55.0,2790.0,384000000.0,0.1666666666666666
5060ti,RTX 5060 Ti,GPU,GPU board NVML,3,32000000,gpu_resident,-1,0.0009713820388349,0.0978553398058252,0.0978553398058252,100.73447387319968,9.505491949146443e-05,65.88550893607545,0.6540266492047904,395.3130536164527,3.9241598952287426,55.0,2790.0,384000000.0,0.1666666666666666
5060ti,RTX 5060 Ti,GPU,GPU board NVML,4,32000000,gpu_resident,-1,0.0009704762366634,0.0982754607177497,0.0982754607177497,101.24430156642124,9.537399927372352e-05,65.94700373090924,0.65123072975267,395.68202238545547,3.9073843785160203,56.0,2790.0,384000000.0,0.1666666666666666
5060ti,RTX 5060 Ti,GPU,GPU board NVML,5,32000000,gpu_resident,-1,0.0009692320736434,0.097985465116279,0.097985465116279,101.09163299838364,9.497065554156411e-05,66.03165716485243,0.6531580977245087,396.1899429891146,3.9189485863470526,55.0,2790.0,384000000.0,0.1666666666666666
5060ti,RTX 5060 Ti,GPU,GPU board NVML,1,64000000,gpu_resident,-1,0.0019394835271317,0.1977422480620155,0.1977422480620155,101.8916918024456,0.0003835178327342694,65.99695135812732,0.6473072965159014,395.9817081487639,3.8838437790954083,56.0,2790.0,768000000.0,0.1666666666666666
5060ti,RTX 5060 Ti,GPU,GPU board NVML,2,64000000,gpu_resident,-1,0.0019409815891472,0.1951065891472868,0.1951065891472868,100.53681036663907,0.00037869829745619055,65.94601448859633,0.656051651353365,395.6760869315781,3.9363099081201893,55.0,2790.0,768000000.0,0.1666666666666666
5060ti,RTX 5060 Ti,GPU,GPU board NVML,3,64000000,gpu_resident,-1,0.0019405116279069,0.1960968992248062,0.1960968992248062,101.03495380272314,0.000380528313142224,65.96198557081826,0.6527385211392881,395.77191342490954,3.916431126835729,55.0,2790.0,768000000.0,0.1666666666666666
5060ti,RTX 5060 Ti,GPU,GPU board NVML,4,64000000,gpu_resident,-1,0.0019404166666666,0.1964176356589147,0.1964176356589147,101.19541584205272,0.00038113205385980595,65.9652136568629,0.6516726442134552,395.79128194117743,3.910035865280731,56.0,2790.0,768000000.0,0.1666666666666666
5060ti,RTX 5060 Ti,GPU,GPU board NVML,5,64000000,gpu_resident,-1,0.0019407868217054,0.1957567829457364,0.1957567829457364,100.85793282514284,0.0003799221846005296,65.95263249341542,0.6538726172031621,395.7157949604925,3.9232357032189733,55.0,2790.0,768000000.0,0.1666666666666666
5060ti,RTX 5060 Ti,GPU,GPU board NVML,1,128000000,gpu_resident,-1,0.0038822480620155,0.3917674418604651,0.3917674418604651,100.91413228672027,0.0015209383919235606,65.94117529602052,0.6534488899442005,395.64705177612313,3.9206933396652026,55.0,2790.0,1536000000.0,0.1666666666666666
5060ti,RTX 5060 Ti,GPU,GPU board NVML,2,128000000,gpu_resident,-1,0.0038817848837209,0.3903100775193798,0.3903100775193798,100.5491260754912,0.001515099758878661,65.94904346028835,0.655888778550149,395.6942607617301,3.9353326713008943,55.0,2790.0,1536000000.0,0.1666666666666666
5060ti,RTX 5060 Ti,GPU,GPU board NVML,3,128000000,gpu_resident,-1,0.0038824748062015,0.394265503875969,0.394265503875969,101.54791695531917,0.0015307258857527894,65.93732420132892,0.6493086447667874,395.6239452079736,3.8958518686007246,56.0,2790.0,1536000000.0,0.1666666666666666
5060ti,RTX 5060 Ti,GPU,GPU board NVML,4,128000000,gpu_resident,-1,0.0038822364341085,0.3972693798449612,0.3972693798449612,102.36810756662308,0.0015422936605897972,65.94137280018258,0.6443990223961052,395.6482368010954,3.8663941343766317,57.0,2790.0,1536000000.0,0.1666666666666666
5060ti,RTX 5060 Ti,GPU,GPU board NVML,5,128000000,gpu_resident,-1,0.00388246124031,0.3926027131782945,0.3926027131782945,101.14146825348834,0.0015242648167552724,65.93755459605293,0.6520586623754216,395.62532757631755,3.9123519742525295,55.0,2790.0,1536000000.0,0.1666666666666666
5060ti,RTX 5060 Ti,GPU,GPU board NVML,1,256000000,gpu_resident,-1,0.0077620465116279,0.7899728682170541,0.7899728682170541,101.76637473625264,0.006131806146024872,65.96198557081571,0.6481235249959523,395.7719134248943,3.8887411499757136,56.0,2790.0,3072000000.0,0.1666666666666666
5060ti,RTX 5060 Ti,GPU,GPU board NVML,2,256000000,gpu_resident,-1,0.0077617945736434,0.7845620155038759,0.7845620155038759,101.06968068425056,0.006089609194624713,65.96412661301164,0.6525934086563876,395.78475967806986,3.9155604519383256,55.5,2790.0,3072000000.0,0.1666666666666666
5060ti,RTX 5060 Ti,GPU,GPU board NVML,3,256000000,gpu_resident,-1,0.0077617015503875,0.7856279069767442,0.7856279069767442,101.21806094722388,0.006097809343609082,65.96491718680404,0.6517080101829377,395.7895031208243,3.910248061097626,55.0,2790.0,3072000000.0,0.1666666666666666
5060ti,RTX 5060 Ti,GPU,GPU board NVML,4,256000000,gpu_resident,-1,0.0077745348837209,0.7856627906976743,0.7856627906976743,101.07869294507404,0.006108162773120581,65.856029673502,0.6516790741042225,395.13617804101204,3.910074444625335,55.0,2790.0,3072000000.0,0.1666666666666666
5060ti,RTX 5060 Ti,GPU,GPU board NVML,5,256000000,gpu_resident,-1,0.0077660930232558,0.7849069767441861,0.7849069767441861,101.07778078134368,0.006095660595997826,65.92761617286847,0.6523065983230126,395.5656970372108,3.9138395899380756,56.0,2790.0,3072000000.0,0.1666666666666666
