objective,context_level,holdout_session,workload,size,selected_platform,selected_value,oracle_value,regret_pct
edp,L1,1,AXPY,1000000,3090,6.278925760540241e-08,9.057179283401682e-09,593.2539992939184
edp,L1,1,AXPY,2000000,3090,3.394930957565454e-07,2.823988056301405e-08,1102.1761033974826
edp,L1,1,AXPY,4000000,3090,1.2572760307142503e-06,1.2696094060591431e-07,890.285693154105
edp,L1,1,AXPY,8000000,3090,4.785134613149163e-06,4.785134613149163e-06,0.0
edp,L1,1,AXPY,16000000,3090,1.8779461291658088e-05,1.8779461291658088e-05,0.0
edp,L1,1,AXPY,32000000,3090,7.359157106888748e-05,7.359157106888748e-05,0.0
edp,L1,1,AXPY,64000000,3090,0.0002941970559887489,0.0002941970559887489,0.0
edp,L1,1,AXPY,128000000,3090,0.0011582701125356029,0.0011582701125356029,0.0
edp,L1,1,AXPY,256000000,3090,0.0046359987183019645,0.0046359987183019645,0.0
edp,L1,1,CONV2D,1,3090,3.28425348182058e-05,3.28425348182058e-05,0.0
edp,L1,1,CONV2D,2,3090,2.8514451879983168e-05,2.8514451879983168e-05,0.0
edp,L1,1,CONV2D,3,3090,1.902564620912787e-05,1.902564620912787e-05,0.0
edp,L1,1,CONV2D,4,3090,3.06302219870345e-05,3.06302219870345e-05,0.0
edp,L1,1,CONV2D,5,3090,7.525681460350237e-05,7.525681460350237e-05,0.0
edp,L1,1,CONV2D,6,3090,0.00019440547304422603,0.00019440547304422603,0.0
edp,L1,1,GEMM,64,3090,4.388945450646253e-09,3.2196572837301353e-09,36.31716247641854
edp,L1,1,GEMM,128,3090,4.715168794591461e-09,3.9880664086007704e-09,18.23195281860408
edp,L1,1,GEMM,256,3090,1.4219059172952523e-08,1.4219059172952523e-08,0.0
edp,L1,1,GEMM,512,3090,1.6439557435146534e-07,1.6439557435146534e-07,0.0
edp,L1,1,GEMM,1024,3090,4.85357252115436e-06,4.85357252115436e-06,0.0
edp,L1,1,GEMM,2048,3090,0.00018654187247042487,0.00018654187247042487,0.0
edp,L1,1,GEMM,4096,3090,0.009484102459021381,0.009484102459021381,0.0
edp,L1,1,GEMM,8192,3090,0.5492014127291662,0.5492014127291662,0.0
edp,L1,1,GEMM,16384,3090,34.490732235375,34.490732235375,0.0
edp,L1,1,REDUCTION,1000000,3090,6.880637124709281e-09,2.53995084832503e-09,170.89646751419286
edp,L1,1,REDUCTION,2000000,3090,5.507909527442256e-08,5.937504859192506e-09,827.6471612338731
edp,L1,1,REDUCTION,4000000,3090,1.6358748153037888e-07,1.2523458227704728e-08,1206.2484703185762
edp,L1,1,REDUCTION,8000000,3090,5.536042031506752e-07,3.830514849069819e-08,1345.2475057892266
edp,L1,1,REDUCTION,16000000,3090,2.0464620195041385e-06,2.0464620195041385e-06,0.0
edp,L1,1,REDUCTION,32000000,3090,7.665195402159927e-06,7.665195402159927e-06,0.0
edp,L1,1,REDUCTION,64000000,3090,3.0250734289870027e-05,3.0250734289870027e-05,0.0
edp,L1,1,REDUCTION,128000000,3090,0.0001183328780741159,0.0001183328780741159,0.0
edp,L1,1,REDUCTION,256000000,3090,0.0004693833295610469,0.0004693833295610469,0.0
edp,L1,1,STREAM,1000000,3090,8.183009970182028e-08,9.43437201399628e-09,767.3613843128292
edp,L1,1,STREAM,2000000,3090,3.454095852143541e-07,3.0583928131209865e-08,1029.382673581015
edp,L1,1,STREAM,4000000,3090,1.2493446813582503e-06,9.969733226127186e-07,25.313752436640378
edp,L1,1,STREAM,8000000,3090,4.823940765193059e-06,4.823940765193059e-06,0.0
edp,L1,1,STREAM,16000000,3090,1.8753954887309968e-05,1.8753954887309968e-05,0.0
edp,L1,1,STREAM,32000000,3090,7.359085331190186e-05,7.359085331190186e-05,0.0
edp,L1,1,STREAM,64000000,3090,0.00029342107232524956,0.00029342107232524956,0.0
edp,L1,1,STREAM,128000000,3090,0.0011608856521553804,0.0011608856521553804,0.0
edp,L1,1,STREAM,256000000,3090,0.004631354321319163,0.004631354321319163,0.0
edp,L1,1,STRIDED_GEMM,64,3090,4.848661624867946e-09,3.24423910027237e-09,49.4545092086732
edp,L1,1,STRIDED_GEMM,128,3090,5.216434685917996e-09,4.204998524883306e-09,24.05318705938806
edp,L1,1,STRIDED_GEMM,256,3090,1.556595186251065e-08,1.556595186251065e-08,0.0
edp,L1,1,STRIDED_GEMM,512,3090,1.7169369096292428e-07,1.7169369096292428e-07,0.0
edp,L1,1,STRIDED_GEMM,1024,3090,4.870540304469664e-06,4.870540304469664e-06,0.0
edp,L1,1,STRIDED_GEMM,2048,3090,0.0001964703150806863,0.0001964703150806863,0.0
edp,L1,1,STRIDED_GEMM,4096,3090,0.009962700571296156,0.009962700571296156,0.0
edp,L1,1,STRIDED_GEMM,8192,3090,0.571710555453125,0.571710555453125,0.0
edp,L1,1,STRIDED_GEMM,16384,3090,37.9637149863611,37.9637149863611,0.0
edp,L1,2,AXPY,1000000,3090,6.282778862821483e-08,9.112375445065539e-09,589.477612143789
edp,L1,2,AXPY,2000000,3090,3.4443871106183644e-07,2.9072993730717436e-08,1084.7376787273042
edp,L1,2,AXPY,4000000,3090,1.2475270480338042e-06,1.263443511807673e-07,887.4023146859204
edp,L1,2,AXPY,8000000,3090,4.806421703778365e-06,4.806421703778365e-06,0.0
edp,L1,2,AXPY,16000000,3090,1.873445541201579e-05,1.873445541201579e-05,0.0
edp,L1,2,AXPY,32000000,3090,7.411884083258852e-05,7.411884083258852e-05,0.0
edp,L1,2,AXPY,64000000,3090,0.00029461973074649747,0.00029461973074649747,0.0
edp,L1,2,AXPY,128000000,3090,0.0011589860015389323,0.0011589860015389323,0.0
edp,L1,2,AXPY,256000000,3090,0.004631429746746476,0.004631429746746476,0.0
edp,L1,2,CONV2D,1,3090,3.3467144990575423e-05,3.3467144990575423e-05,0.0
edp,L1,2,CONV2D,2,3090,2.8512645483848145e-05,2.8512645483848145e-05,0.0
edp,L1,2,CONV2D,3,3090,1.862156394958206e-05,1.862156394958206e-05,0.0
edp,L1,2,CONV2D,4,3090,3.0287133169051913e-05,3.0287133169051913e-05,0.0
edp,L1,2,CONV2D,5,3090,7.500527857279441e-05,7.500527857279441e-05,0.0
edp,L1,2,CONV2D,6,3090,0.00019450706841907372,0.00019450706841907372,0.0
edp,L1,2,GEMM,64,3090,4.374002281744054e-09,3.3379631010000002e-09,31.038065712400286
edp,L1,2,GEMM,128,3090,4.803473295167879e-09,4.019357669449647e-09,19.50848096147657
edp,L1,2,GEMM,256,3090,1.4290900717852761e-08,1.4290900717852761e-08,0.0
edp,L1,2,GEMM,512,3090,1.6368433593846343e-07,1.6368433593846343e-07,0.0
edp,L1,2,GEMM,1024,3090,4.836524439846497e-06,4.836524439846497e-06,0.0
edp,L1,2,GEMM,2048,3090,0.00018872663058169332,0.00018872663058169332,0.0
edp,L1,2,GEMM,4096,3090,0.009579676570462927,0.009579676570462927,0.0
edp,L1,2,GEMM,8192,3090,0.5482023031145821,0.5482023031145821,0.0
edp,L1,2,GEMM,16384,3090,34.171646829328125,34.171646829328125,0.0
edp,L1,2,REDUCTION,1000000,3090,6.9115211962921775e-09,2.4614950598417303e-09,180.7854993922505
edp,L1,2,REDUCTION,2000000,3090,5.489981878693474e-08,5.9339136827967925e-09,825.1873505692648
edp,L1,2,REDUCTION,4000000,3090,1.6571425615141264e-07,1.2467604288842092e-08,1229.1587727059878
edp,L1,2,REDUCTION,8000000,3090,5.717563984888825e-07,3.705168944017514e-08,1443.1317900147546
edp,L1,2,REDUCTION,16000000,3090,2.0487037303993686e-06,2.0487037303993686e-06,0.0
edp,L1,2,REDUCTION,32000000,3090,7.797132050113786e-06,7.797132050113786e-06,0.0
edp,L1,2,REDUCTION,64000000,3090,3.042942966451686e-05,3.042942966451686e-05,0.0
edp,L1,2,REDUCTION,128000000,3090,0.00012004680163436759,0.00012004680163436759,0.0
edp,L1,2,REDUCTION,256000000,3090,0.0004714539072159894,0.0004714539072159894,0.0
edp,L1,2,STREAM,1000000,3090,8.233135194608648e-08,9.537199307597631e-09,763.2655068925607
edp,L1,2,STREAM,2000000,3090,3.48226411337032e-07,3.070154697845176e-08,1034.2308307182007
edp,L1,2,STREAM,4000000,3090,1.2592659558261002e-06,9.974814629126001e-07,26.24454715670619
edp,L1,2,STREAM,8000000,3090,4.800602780924658e-06,4.800602780924658e-06,0.0
edp,L1,2,STREAM,16000000,3090,1.8668397595539813e-05,1.8668397595539813e-05,0.0
edp,L1,2,STREAM,32000000,3090,7.351051651454567e-05,7.351051651454567e-05,0.0
edp,L1,2,STREAM,64000000,3090,0.0002916535732239465,0.0002916535732239465,0.0
edp,L1,2,STREAM,128000000,3090,0.0011596871584248465,0.0011596871584248465,0.0
edp,L1,2,STREAM,256000000,3090,0.00461811040171241,0.00461811040171241,0.0
edp,L1,2,STRIDED_GEMM,64,3090,4.932569726618869e-09,3.2326099709307595e-09,52.587839887118946
edp,L1,2,STRIDED_GEMM,128,3090,5.234177071190658e-09,4.177239042164778e-09,25.30231136780099
edp,L1,2,STRIDED_GEMM,256,3090,1.581828235968984e-08,1.581828235968984e-08,0.0
edp,L1,2,STRIDED_GEMM,512,3090,1.7294079940719417e-07,1.7294079940719417e-07,0.0
edp,L1,2,STRIDED_GEMM,1024,3090,4.942276928455132e-06,4.942276928455132e-06,0.0
edp,L1,2,STRIDED_GEMM,2048,3090,0.00019813824104102288,0.00019813824104102288,0.0
edp,L1,2,STRIDED_GEMM,4096,3090,0.009970166522702276,0.009970166522702276,0.0
edp,L1,2,STRIDED_GEMM,8192,3090,0.5728548647439231,0.5728548647439231,0.0
edp,L1,2,STRIDED_GEMM,16384,3090,37.3632447165625,37.3632447165625,0.0
edp,L1,3,AXPY,1000000,3090,5.454511302894363e-08,9.091925439104617e-09,499.9291722558967
edp,L1,3,AXPY,2000000,3090,3.435716708929544e-07,2.9155213077533744e-08,1078.4227746141971
edp,L1,3,AXPY,4000000,3090,1.2547827548520842e-06,1.2636851814568563e-07,892.9551863585923
edp,L1,3,AXPY,8000000,3090,4.776480459250303e-06,4.776480459250303e-06,0.0
edp,L1,3,AXPY,16000000,3090,1.8589046762381857e-05,1.8589046762381857e-05,0.0
edp,L1,3,AXPY,32000000,3090,7.361609623578297e-05,7.361609623578297e-05,0.0
edp,L1,3,AXPY,64000000,3090,0.00029529421983274384,0.00029529421983274384,0.0
edp,L1,3,AXPY,128000000,3090,0.0011622709961895035,0.0011622709961895035,0.0
edp,L1,3,AXPY,256000000,3090,0.004602056072770264,0.004602056072770264,0.0
edp,L1,3,CONV2D,1,3090,3.3378788206108005e-05,3.3378788206108005e-05,0.0
edp,L1,3,CONV2D,2,3090,2.8347796558324433e-05,2.8347796558324433e-05,0.0
edp,L1,3,CONV2D,3,3090,1.8654256313792556e-05,1.8654256313792556e-05,0.0
edp,L1,3,CONV2D,4,3090,3.0664125698115026e-05,3.0664125698115026e-05,0.0
edp,L1,3,CONV2D,5,3090,7.404988811641863e-05,7.404988811641863e-05,0.0
edp,L1,3,CONV2D,6,3090,0.0001888456552369573,0.0001888456552369573,0.0
edp,L1,3,GEMM,64,3090,4.4014542102429585e-09,3.3063817853684274e-09,33.11996302787848
edp,L1,3,GEMM,128,3090,4.834801372387535e-09,4.21239092436194e-09,14.775704800472035
edp,L1,3,GEMM,256,3090,1.4626701804604294e-08,1.4626701804604294e-08,0.0
edp,L1,3,GEMM,512,3090,1.638252432855722e-07,1.638252432855722e-07,0.0
edp,L1,3,GEMM,1024,3090,4.7792938101188475e-06,4.7792938101188475e-06,0.0
edp,L1,3,GEMM,2048,3090,0.00018870074383308674,0.00018870074383308674,0.0
edp,L1,3,GEMM,4096,3090,0.009586389181975213,0.009586389181975213,0.0
edp,L1,3,GEMM,8192,3090,0.5519611838732631,0.5519611838732631,0.0
edp,L1,3,GEMM,16384,3090,34.61250786581249,34.61250786581249,0.0
edp,L1,3,REDUCTION,1000000,3090,6.8563039715819475e-09,2.474535993631169e-09,177.07432784280942
edp,L1,3,REDUCTION,2000000,3090,5.460700999124498e-08,5.980464346876632e-09,813.0898007905378
edp,L1,3,REDUCTION,4000000,3090,1.6572011416919183e-07,1.2520686060739825e-08,1223.5705564795521
edp,L1,3,REDUCTION,8000000,3090,5.664828955045245e-07,3.728527220003208e-08,1419.320799015213
edp,L1,3,REDUCTION,16000000,3090,2.037456991504796e-06,2.037456991504796e-06,0.0
edp,L1,3,REDUCTION,32000000,3090,7.733533276266238e-06,7.733533276266238e-06,0.0
edp,L1,3,REDUCTION,64000000,3090,3.013640378525834e-05,3.013640378525834e-05,0.0
edp,L1,3,REDUCTION,128000000,3090,0.00011911742426590635,0.00011911742426590635,0.0
edp,L1,3,REDUCTION,256000000,3090,0.00047341211063243495,0.00047341211063243495,0.0
edp,L1,3,STREAM,1000000,3090,8.189834674817439e-08,9.658311566724401e-09,747.957183637948
edp,L1,3,STREAM,2000000,3090,3.440366638842205e-07,3.1114843469929694e-08,1005.699484609999
edp,L1,3,STREAM,4000000,3090,1.2604459865522324e-06,9.953849820742517e-07,26.628993731212258
edp,L1,3,STREAM,8000000,3090,4.77129052457679e-06,4.77129052457679e-06,0.0
edp,L1,3,STREAM,16000000,3090,1.86020048914739e-05,1.86020048914739e-05,0.0
edp,L1,3,STREAM,32000000,3090,7.35303107590801e-05,7.35303107590801e-05,0.0
edp,L1,3,STREAM,64000000,3090,0.0002921000196105803,0.0002921000196105803,0.0
edp,L1,3,STREAM,128000000,3090,0.0011546890956053667,0.0011546890956053667,0.0
edp,L1,3,STREAM,256000000,3090,0.004604439428091058,0.004604439428091058,0.0
edp,L1,3,STRIDED_GEMM,64,3090,4.859665954730526e-09,3.237613049447247e-09,50.10027080167008
edp,L1,3,STRIDED_GEMM,128,3090,5.254947561097379e-09,4.1285733098116655e-09,27.28240887981461
edp,L1,3,STRIDED_GEMM,256,3090,1.5793902250375102e-08,1.5793902250375102e-08,0.0
edp,L1,3,STRIDED_GEMM,512,3090,1.7394991964630863e-07,1.7394991964630863e-07,0.0
edp,L1,3,STRIDED_GEMM,1024,3090,5.039506289485348e-06,5.039506289485348e-06,0.0
edp,L1,3,STRIDED_GEMM,2048,3090,0.00019715618085984927,0.00019715618085984927,0.0
edp,L1,3,STRIDED_GEMM,4096,3090,0.010086198379814693,0.010086198379814693,0.0
edp,L1,3,STRIDED_GEMM,8192,3090,0.5672881434609375,0.5672881434609375,0.0
edp,L1,3,STRIDED_GEMM,16384,3090,37.21716666729688,37.21716666729688,0.0
edp,L1,4,AXPY,1000000,3090,5.589749684055662e-08,8.783485184422363e-09,536.39313628822
edp,L1,4,AXPY,2000000,3090,3.427257856993314e-07,2.87020907119081e-08,1094.079515458918
edp,L1,4,AXPY,4000000,3090,1.2597029957950215e-06,1.263988448125162e-07,896.6095795127738
edp,L1,4,AXPY,8000000,3090,4.8077072324350324e-06,4.8077072324350324e-06,0.0
edp,L1,4,AXPY,16000000,3090,1.8794338298742965e-05,1.8794338298742965e-05,0.0
edp,L1,4,AXPY,32000000,3090,7.300177561453408e-05,7.300177561453408e-05,0.0
edp,L1,4,AXPY,64000000,3090,0.0002919382094604739,0.0002919382094604739,0.0
edp,L1,4,AXPY,128000000,3090,0.001166415844527228,0.001166415844527228,0.0
edp,L1,4,AXPY,256000000,3090,0.004639165408237017,0.004639165408237017,0.0
edp,L1,4,CONV2D,1,3090,3.319291724149769e-05,3.319291724149769e-05,0.0
edp,L1,4,CONV2D,2,3090,2.8196093732050373e-05,2.8196093732050373e-05,0.0
edp,L1,4,CONV2D,3,3090,1.8972462837251544e-05,1.8972462837251544e-05,0.0
edp,L1,4,CONV2D,4,3090,3.080241196636839e-05,3.080241196636839e-05,0.0
edp,L1,4,CONV2D,5,3090,7.59759333796075e-05,7.59759333796075e-05,0.0
edp,L1,4,CONV2D,6,3090,0.00018404204383770252,0.00018404204383770252,0.0
edp,L1,4,GEMM,64,3090,4.371891841861353e-09,3.2844421905941844e-09,33.109112237729455
edp,L1,4,GEMM,128,3090,4.763676951908083e-09,4.3726100295591845e-09,8.943558188479095
edp,L1,4,GEMM,256,3090,1.4299735543458652e-08,1.4299735543458652e-08,0.0
edp,L1,4,GEMM,512,3090,1.634364022584921e-07,1.634364022584921e-07,0.0
edp,L1,4,GEMM,1024,3090,4.822784860205309e-06,4.822784860205309e-06,0.0
edp,L1,4,GEMM,2048,3090,0.00018893034838697963,0.00018893034838697963,0.0
edp,L1,4,GEMM,4096,3090,0.00955991487689809,0.00955991487689809,0.0
edp,L1,4,GEMM,8192,3090,0.5480867763012148,0.5480867763012148,0.0
edp,L1,4,GEMM,16384,3090,34.33796961271875,34.33796961271875,0.0
edp,L1,4,REDUCTION,1000000,3090,6.867408474650861e-09,2.5025618159294214e-09,174.41513855674282
edp,L1,4,REDUCTION,2000000,3090,5.489749132689258e-08,6.027956910902821e-09,810.7147270346107
edp,L1,4,REDUCTION,4000000,3090,1.629421717207818e-07,1.2522827737896893e-08,1201.1611684770057
edp,L1,4,REDUCTION,8000000,3090,5.687821407749438e-07,3.732252805824761e-08,1423.9646679004993
edp,L1,4,REDUCTION,16000000,3090,2.0198749601557932e-06,1.989344160832357e-06,1.5347168139404177
edp,L1,4,REDUCTION,32000000,3090,7.684000031201492e-06,7.684000031201492e-06,0.0
edp,L1,4,REDUCTION,64000000,3090,3.0027478516043737e-05,3.0027478516043737e-05,0.0
edp,L1,4,REDUCTION,128000000,3090,0.00011905212612667781,0.00011905212612667781,0.0
edp,L1,4,REDUCTION,256000000,3090,0.0004739477778425282,0.0004739477778425282,0.0
edp,L1,4,STREAM,1000000,3090,8.330923527917674e-08,9.667867942850342e-09,761.7125903212843
edp,L1,4,STREAM,2000000,3090,3.501419347936799e-07,3.0993893092670806e-08,1029.712662255
edp,L1,4,STREAM,4000000,3090,1.2571183994879256e-06,1.0052378365348212e-06,25.05681280575032
edp,L1,4,STREAM,8000000,3090,4.804715974338251e-06,4.804715974338251e-06,0.0
edp,L1,4,STREAM,16000000,3090,1.8575598014527787e-05,1.8575598014527787e-05,0.0
edp,L1,4,STREAM,32000000,3090,7.349993492135788e-05,7.349993492135788e-05,0.0
edp,L1,4,STREAM,64000000,3090,0.00029161666551173943,0.00029161666551173943,0.0
edp,L1,4,STREAM,128000000,3090,0.0011545443858094009,0.0011545443858094009,0.0
edp,L1,4,STREAM,256000000,3090,0.004626165310469296,0.004626165310469296,0.0
edp,L1,4,STRIDED_GEMM,64,3090,4.918910034468208e-09,3.2437848487625957e-09,51.64106942372029
edp,L1,4,STRIDED_GEMM,128,3090,5.253117951909642e-09,4.2178040432306886e-09,24.54627806478036
edp,L1,4,STRIDED_GEMM,256,3090,1.574277490292042e-08,1.574277490292042e-08,0.0
edp,L1,4,STRIDED_GEMM,512,3090,1.718793547800583e-07,1.718793547800583e-07,0.0
edp,L1,4,STRIDED_GEMM,1024,3090,4.94647526296028e-06,4.94647526296028e-06,0.0
edp,L1,4,STRIDED_GEMM,2048,3090,0.00019809931283841766,0.00019809931283841766,0.0
edp,L1,4,STRIDED_GEMM,4096,3090,0.010039428765632677,0.010039428765632677,0.0
edp,L1,4,STRIDED_GEMM,8192,3090,0.568547874328125,0.568547874328125,0.0
edp,L1,4,STRIDED_GEMM,16384,3090,37.0868129004375,37.0868129004375,0.0
edp,L1,5,AXPY,1000000,3090,5.605277877460105e-08,9.140420603739137e-09,513.2406943250635
edp,L1,5,AXPY,2000000,3090,3.427689109537542e-07,2.9193506750664908e-08,1074.127225897407
edp,L1,5,AXPY,4000000,3090,1.2637220438530453e-06,1.2655383311615713e-07,898.5648105128045
edp,L1,5,AXPY,8000000,3090,4.7843745086359165e-06,4.7843745086359165e-06,0.0
edp,L1,5,AXPY,16000000,3090,1.858593980395894e-05,1.858593980395894e-05,0.0
edp,L1,5,AXPY,32000000,3090,7.327531327903157e-05,7.327531327903157e-05,0.0
edp,L1,5,AXPY,64000000,3090,0.0002941215359939776,0.0002941215359939776,0.0
edp,L1,5,AXPY,128000000,3090,0.0011630574049897213,0.0011630574049897213,0.0
edp,L1,5,AXPY,256000000,3090,0.004614236869702479,0.004614236869702479,0.0
edp,L1,5,CONV2D,1,3090,3.280252408391918e-05,3.280252408391918e-05,0.0
edp,L1,5,CONV2D,2,3090,2.804233023893946e-05,2.804233023893946e-05,0.0
edp,L1,5,CONV2D,3,3090,1.8578542447234646e-05,1.8578542447234646e-05,0.0
edp,L1,5,CONV2D,4,3090,3.0705684945067174e-05,3.0705684945067174e-05,0.0
edp,L1,5,CONV2D,5,3090,7.518618497470517e-05,7.518618497470517e-05,0.0
edp,L1,5,CONV2D,6,3090,0.00018751618168809183,0.00018751618168809183,0.0
edp,L1,5,GEMM,64,3090,4.393267157328785e-09,3.373158628874671e-09,30.241937622555113
edp,L1,5,GEMM,128,3090,4.738609875035385e-09,4.199609285424243e-09,12.834541334163486
edp,L1,5,GEMM,256,3090,1.4445281614905575e-08,1.4445281614905575e-08,0.0
edp,L1,5,GEMM,512,3090,1.6239211457100646e-07,1.6239211457100646e-07,0.0
edp,L1,5,GEMM,1024,3090,4.850644877261717e-06,4.850644877261717e-06,0.0
edp,L1,5,GEMM,2048,3090,0.0001866946736102065,0.0001866946736102065,0.0
edp,L1,5,GEMM,4096,3090,0.009535163917515412,0.009535163917515412,0.0
edp,L1,5,GEMM,8192,3090,0.5457316104552947,0.5457316104552947,0.0
edp,L1,5,GEMM,16384,3090,34.51393928132813,34.51393928132813,0.0
edp,L1,5,REDUCTION,1000000,3090,6.864058287847124e-09,2.516324764908057e-09,172.7810966045127
edp,L1,5,REDUCTION,2000000,3090,5.5342880213318335e-08,6.01403412785864e-09,820.2289018772786
edp,L1,5,REDUCTION,4000000,3090,1.6647125335808077e-07,1.252803750869959e-08,1228.7895509770108
edp,L1,5,REDUCTION,8000000,3090,5.713391462261987e-07,3.7549309793353085e-08,1421.5703014795126
edp,L1,5,REDUCTION,16000000,3090,2.0441188330470002e-06,2.0441188330470002e-06,0.0
edp,L1,5,REDUCTION,32000000,3090,7.727762971647691e-06,7.727762971647691e-06,0.0
edp,L1,5,REDUCTION,64000000,3090,3.0365754141664557e-05,3.0365754141664557e-05,0.0
edp,L1,5,REDUCTION,128000000,3090,0.0001196930279719105,0.0001196930279719105,0.0
edp,L1,5,REDUCTION,256000000,3090,0.0004739687275066725,0.0004739687275066725,0.0
edp,L1,5,STREAM,1000000,3090,8.214436896471797e-08,9.55494169609149e-09,759.7056013258525
edp,L1,5,STREAM,2000000,3090,3.4201815299950593e-07,3.078425931359429e-08,1011.0163460989012
edp,L1,5,STREAM,4000000,3090,1.2918091016478838e-06,9.957667861706143e-07,29.73008535620565
edp,L1,5,STREAM,8000000,3090,4.797014286435967e-06,4.797014286435967e-06,0.0
edp,L1,5,STREAM,16000000,3090,1.87059730028957e-05,1.87059730028957e-05,0.0
edp,L1,5,STREAM,32000000,3090,7.349120852002784e-05,7.349120852002784e-05,0.0
edp,L1,5,STREAM,64000000,3090,0.00029102039749997967,0.00029102039749997967,0.0
edp,L1,5,STREAM,128000000,3090,0.0011588737250750904,0.0011588737250750904,0.0
edp,L1,5,STREAM,256000000,3090,0.004638959814869499,0.004638959814869499,0.0
edp,L1,5,STRIDED_GEMM,64,3090,4.9288667817980846e-09,3.2460180902697464e-09,51.84347852443707
edp,L1,5,STRIDED_GEMM,128,3090,5.22616838839052e-09,4.1444304771370295e-09,26.101002712458452
edp,L1,5,STRIDED_GEMM,256,3090,1.5739236461990383e-08,1.5739236461990383e-08,0.0
edp,L1,5,STRIDED_GEMM,512,3090,1.5844725457458367e-07,1.5844725457458367e-07,0.0
edp,L1,5,STRIDED_GEMM,1024,3090,4.972230922411697e-06,4.972230922411697e-06,0.0
edp,L1,5,STRIDED_GEMM,2048,3090,0.00019624524503312522,0.00019624524503312522,0.0
edp,L1,5,STRIDED_GEMM,4096,3090,0.009977926523701811,0.009977926523701811,0.0
edp,L1,5,STRIDED_GEMM,8192,3090,0.5735141139461797,0.5735141139461797,0.0
edp,L1,5,STRIDED_GEMM,16384,3090,37.0002582333125,37.0002582333125,0.0
edp,L2,1,AXPY,1000000,5060ti,9.057179283401682e-09,9.057179283401682e-09,0.0
edp,L2,1,AXPY,2000000,5060ti,2.823988056301405e-08,2.823988056301405e-08,0.0
edp,L2,1,AXPY,4000000,5060ti,1.2696094060591431e-07,1.2696094060591431e-07,0.0
edp,L2,1,AXPY,8000000,5060ti,5.6431195210328964e-06,4.785134613149163e-06,17.930214659501132
edp,L2,1,AXPY,16000000,5060ti,2.2406273301795378e-05,1.8779461291658088e-05,19.312652018129683
edp,L2,1,AXPY,32000000,5060ti,9.007256996581244e-05,7.359157106888748e-05,22.395226324897234
edp,L2,1,AXPY,64000000,5060ti,0.00035970532886700816,0.0002941970559887489,22.26680095696285
edp,L2,1,AXPY,128000000,5060ti,0.0014387344466159967,0.0011582701125356029,24.2140698482171
edp,L2,1,AXPY,256000000,5060ti,0.00566932976007011,0.0046359987183019645,22.28928661452749
edp,L2,1,CONV2D,1,3090,3.28425348182058e-05,3.28425348182058e-05,0.0
edp,L2,1,CONV2D,2,3090,2.8514451879983168e-05,2.8514451879983168e-05,0.0
edp,L2,1,CONV2D,3,3090,1.902564620912787e-05,1.902564620912787e-05,0.0
edp,L2,1,CONV2D,4,3090,3.06302219870345e-05,3.06302219870345e-05,0.0
edp,L2,1,CONV2D,5,3090,7.525681460350237e-05,7.525681460350237e-05,0.0
edp,L2,1,CONV2D,6,3090,0.00019440547304422603,0.00019440547304422603,0.0
edp,L2,1,GEMM,64,3090,4.388945450646253e-09,3.2196572837301353e-09,36.31716247641854
edp,L2,1,GEMM,128,3090,4.715168794591461e-09,3.9880664086007704e-09,18.23195281860408
edp,L2,1,GEMM,256,3090,1.4219059172952523e-08,1.4219059172952523e-08,0.0
edp,L2,1,GEMM,512,3090,1.6439557435146534e-07,1.6439557435146534e-07,0.0
edp,L2,1,GEMM,1024,3090,4.85357252115436e-06,4.85357252115436e-06,0.0
edp,L2,1,GEMM,2048,3090,0.00018654187247042487,0.00018654187247042487,0.0
edp,L2,1,GEMM,4096,3090,0.009484102459021381,0.009484102459021381,0.0
edp,L2,1,GEMM,8192,3090,0.5492014127291662,0.5492014127291662,0.0
edp,L2,1,GEMM,16384,3090,34.490732235375,34.490732235375,0.0
edp,L2,1,REDUCTION,1000000,5060ti,2.53995084832503e-09,2.53995084832503e-09,0.0
edp,L2,1,REDUCTION,2000000,5060ti,5.937504859192506e-09,5.937504859192506e-09,0.0
edp,L2,1,REDUCTION,4000000,5060ti,1.2523458227704728e-08,1.2523458227704728e-08,0.0
edp,L2,1,REDUCTION,8000000,5060ti,3.830514849069819e-08,3.830514849069819e-08,0.0
edp,L2,1,REDUCTION,16000000,5060ti,2.133993459525472e-06,2.0464620195041385e-06,4.27720813712158
edp,L2,1,REDUCTION,32000000,5060ti,7.952004454330369e-06,7.665195402159927e-06,3.7417056855409525
edp,L2,1,REDUCTION,64000000,5060ti,3.2096059002931066e-05,3.0250734289870027e-05,6.100098911248497
edp,L2,1,REDUCTION,128000000,5060ti,0.0001243857593682084,0.0001183328780741159,5.115130631996756
edp,L2,1,REDUCTION,256000000,5060ti,0.00048698148598830276,0.0004693833295610469,3.749207804996635
edp,L2,1,STREAM,1000000,5060ti,9.43437201399628e-09,9.43437201399628e-09,0.0
edp,L2,1,STREAM,2000000,5060ti,3.0583928131209865e-08,3.0583928131209865e-08,0.0
edp,L2,1,STREAM,4000000,5060ti,9.969733226127186e-07,9.969733226127186e-07,0.0
edp,L2,1,STREAM,8000000,5060ti,5.953734019426302e-06,4.823940765193059e-06,23.42054575763488
edp,L2,1,STREAM,16000000,5060ti,2.3744313096145142e-05,1.8753954887309968e-05,26.609631082198803
edp,L2,1,STREAM,32000000,5060ti,9.418376152746301e-05,7.359085331190186e-05,27.98297246028898
edp,L2,1,STREAM,64000000,5060ti,0.0003835178327342694,0.00029342107232524956,30.70562032066666
edp,L2,1,STREAM,128000000,5060ti,0.0015209383919235606,0.0011608856521553804,31.01534928092886
edp,L2,1,STREAM,256000000,5060ti,0.006131806146024872,0.004631354321319163,32.39769019180399
edp,L2,1,STRIDED_GEMM,64,3090,4.848661624867946e-09,3.24423910027237e-09,49.4545092086732
edp,L2,1,STRIDED_GEMM,128,3090,5.216434685917996e-09,4.204998524883306e-09,24.05318705938806
edp,L2,1,STRIDED_GEMM,256,3090,1.556595186251065e-08,1.556595186251065e-08,0.0
edp,L2,1,STRIDED_GEMM,512,3090,1.7169369096292428e-07,1.7169369096292428e-07,0.0
edp,L2,1,STRIDED_GEMM,1024,3090,4.870540304469664e-06,4.870540304469664e-06,0.0
edp,L2,1,STRIDED_GEMM,2048,3090,0.0001964703150806863,0.0001964703150806863,0.0
edp,L2,1,STRIDED_GEMM,4096,3090,0.009962700571296156,0.009962700571296156,0.0
edp,L2,1,STRIDED_GEMM,8192,3090,0.571710555453125,0.571710555453125,0.0
edp,L2,1,STRIDED_GEMM,16384,3090,37.9637149863611,37.9637149863611,0.0
edp,L2,2,AXPY,1000000,5060ti,9.112375445065539e-09,9.112375445065539e-09,0.0
edp,L2,2,AXPY,2000000,5060ti,2.9072993730717436e-08,2.9072993730717436e-08,0.0
edp,L2,2,AXPY,4000000,5060ti,1.263443511807673e-07,1.263443511807673e-07,0.0
edp,L2,2,AXPY,8000000,5060ti,5.57887002106533e-06,4.806421703778365e-06,16.071172379230415
edp,L2,2,AXPY,16000000,5060ti,2.269905000594204e-05,1.873445541201579e-05,21.162048785167563
edp,L2,2,AXPY,32000000,5060ti,8.758213358867951e-05,7.411884083258852e-05,18.164467502264902
edp,L2,2,AXPY,64000000,5060ti,0.0003538935129388894,0.00029461973074649747,20.11874155278266
edp,L2,2,AXPY,128000000,5060ti,0.0014277945705843602,0.0011589860015389323,23.193426727199196
edp,L2,2,AXPY,256000000,5060ti,0.0057147595519455256,0.004631429746746476,23.390828846320645
edp,L2,2,CONV2D,1,3090,3.3467144990575423e-05,3.3467144990575423e-05,0.0
edp,L2,2,CONV2D,2,3090,2.8512645483848145e-05,2.8512645483848145e-05,0.0
edp,L2,2,CONV2D,3,3090,1.862156394958206e-05,1.862156394958206e-05,0.0
edp,L2,2,CONV2D,4,3090,3.0287133169051913e-05,3.0287133169051913e-05,0.0
edp,L2,2,CONV2D,5,3090,7.500527857279441e-05,7.500527857279441e-05,0.0
edp,L2,2,CONV2D,6,3090,0.00019450706841907372,0.00019450706841907372,0.0
edp,L2,2,GEMM,64,3090,4.374002281744054e-09,3.3379631010000002e-09,31.038065712400286
edp,L2,2,GEMM,128,3090,4.803473295167879e-09,4.019357669449647e-09,19.50848096147657
edp,L2,2,GEMM,256,3090,1.4290900717852761e-08,1.4290900717852761e-08,0.0
edp,L2,2,GEMM,512,3090,1.6368433593846343e-07,1.6368433593846343e-07,0.0
edp,L2,2,GEMM,1024,3090,4.836524439846497e-06,4.836524439846497e-06,0.0
edp,L2,2,GEMM,2048,3090,0.00018872663058169332,0.00018872663058169332,0.0
edp,L2,2,GEMM,4096,3090,0.009579676570462927,0.009579676570462927,0.0
edp,L2,2,GEMM,8192,3090,0.5482023031145821,0.5482023031145821,0.0
edp,L2,2,GEMM,16384,3090,34.171646829328125,34.171646829328125,0.0
edp,L2,2,REDUCTION,1000000,5060ti,2.4614950598417303e-09,2.4614950598417303e-09,0.0
edp,L2,2,REDUCTION,2000000,5060ti,5.9339136827967925e-09,5.9339136827967925e-09,0.0
edp,L2,2,REDUCTION,4000000,5060ti,1.2467604288842092e-08,1.2467604288842092e-08,0.0
edp,L2,2,REDUCTION,8000000,5060ti,3.705168944017514e-08,3.705168944017514e-08,0.0
edp,L2,2,REDUCTION,16000000,5060ti,2.1161634512469065e-06,2.0487037303993686e-06,3.2928002154019476
edp,L2,2,REDUCTION,32000000,5060ti,7.880371713523449e-06,7.797132050113786e-06,1.0675677014915896
edp,L2,2,REDUCTION,64000000,5060ti,3.0758729081135084e-05,3.042942966451686e-05,1.082174132899416
edp,L2,2,REDUCTION,128000000,5060ti,0.0001223337500142952,0.00012004680163436759,1.9050473222044673
edp,L2,2,REDUCTION,256000000,5060ti,0.0004849539117898082,0.0004714539072159894,2.8634834428541422
edp,L2,2,STREAM,1000000,5060ti,9.537199307597631e-09,9.537199307597631e-09,0.0
edp,L2,2,STREAM,2000000,5060ti,3.070154697845176e-08,3.070154697845176e-08,0.0
edp,L2,2,STREAM,4000000,5060ti,9.974814629126001e-07,9.974814629126001e-07,0.0
edp,L2,2,STREAM,8000000,5060ti,5.938049216755486e-06,4.800602780924658e-06,23.693825291076067
edp,L2,2,STREAM,16000000,5060ti,2.398859367161534e-05,1.8668397595539813e-05,28.498407797713774
edp,L2,2,STREAM,32000000,5060ti,9.484380930555772e-05,7.351051651454567e-05,29.02073581103295
edp,L2,2,STREAM,64000000,5060ti,0.00037869829745619055,0.0002916535732239465,29.845245257943965
edp,L2,2,STREAM,128000000,5060ti,0.001515099758878661,0.0011596871584248465,30.64728257718714
edp,L2,2,STREAM,256000000,5060ti,0.006089609194624713,0.00461811040171241,31.863655584471662
edp,L2,2,STRIDED_GEMM,64,3090,4.932569726618869e-09,3.2326099709307595e-09,52.587839887118946
edp,L2,2,STRIDED_GEMM,128,3090,5.234177071190658e-09,4.177239042164778e-09,25.30231136780099
edp,L2,2,STRIDED_GEMM,256,3090,1.581828235968984e-08,1.581828235968984e-08,0.0
edp,L2,2,STRIDED_GEMM,512,3090,1.7294079940719417e-07,1.7294079940719417e-07,0.0
edp,L2,2,STRIDED_GEMM,1024,3090,4.942276928455132e-06,4.942276928455132e-06,0.0
edp,L2,2,STRIDED_GEMM,2048,3090,0.00019813824104102288,0.00019813824104102288,0.0
edp,L2,2,STRIDED_GEMM,4096,3090,0.009970166522702276,0.009970166522702276,0.0
edp,L2,2,STRIDED_GEMM,8192,3090,0.5728548647439231,0.5728548647439231,0.0
edp,L2,2,STRIDED_GEMM,16384,3090,37.3632447165625,37.3632447165625,0.0
edp,L2,3,AXPY,1000000,5060ti,9.091925439104617e-09,9.091925439104617e-09,0.0
edp,L2,3,AXPY,2000000,5060ti,2.9155213077533744e-08,2.9155213077533744e-08,0.0
edp,L2,3,AXPY,4000000,5060ti,1.2636851814568563e-07,1.2636851814568563e-07,0.0
edp,L2,3,AXPY,8000000,5060ti,5.6028329908257195e-06,4.776480459250303e-06,17.300448282481142
edp,L2,3,AXPY,16000000,5060ti,2.256541550574682e-05,1.8589046762381857e-05,21.390923344234245
edp,L2,3,AXPY,32000000,5060ti,9.06645361614912e-05,7.361609623578297e-05,23.158576449237756
edp,L2,3,AXPY,64000000,5060ti,0.00035527613443102026,0.00029529421983274384,20.31259353205439
edp,L2,3,AXPY,128000000,5060ti,0.0014232121634477465,0.0011622709961895035,22.450974696412175
edp,L2,3,AXPY,256000000,5060ti,0.005761074626295718,0.004602056072770264,25.184798603024603
edp,L2,3,CONV2D,1,3090,3.3378788206108005e-05,3.3378788206108005e-05,0.0
edp,L2,3,CONV2D,2,3090,2.8347796558324433e-05,2.8347796558324433e-05,0.0
edp,L2,3,CONV2D,3,3090,1.8654256313792556e-05,1.8654256313792556e-05,0.0
edp,L2,3,CONV2D,4,3090,3.0664125698115026e-05,3.0664125698115026e-05,0.0
edp,L2,3,CONV2D,5,3090,7.404988811641863e-05,7.404988811641863e-05,0.0
edp,L2,3,CONV2D,6,3090,0.0001888456552369573,0.0001888456552369573,0.0
edp,L2,3,GEMM,64,3090,4.4014542102429585e-09,3.3063817853684274e-09,33.11996302787848
edp,L2,3,GEMM,128,3090,4.834801372387535e-09,4.21239092436194e-09,14.775704800472035
edp,L2,3,GEMM,256,3090,1.4626701804604294e-08,1.4626701804604294e-08,0.0
edp,L2,3,GEMM,512,3090,1.638252432855722e-07,1.638252432855722e-07,0.0
edp,L2,3,GEMM,1024,3090,4.7792938101188475e-06,4.7792938101188475e-06,0.0
edp,L2,3,GEMM,2048,3090,0.00018870074383308674,0.00018870074383308674,0.0
edp,L2,3,GEMM,4096,3090,0.009586389181975213,0.009586389181975213,0.0
edp,L2,3,GEMM,8192,3090,0.5519611838732631,0.5519611838732631,0.0
edp,L2,3,GEMM,16384,3090,34.61250786581249,34.61250786581249,0.0
edp,L2,3,REDUCTION,1000000,5060ti,2.474535993631169e-09,2.474535993631169e-09,0.0
edp,L2,3,REDUCTION,2000000,5060ti,5.980464346876632e-09,5.980464346876632e-09,0.0
edp,L2,3,REDUCTION,4000000,5060ti,1.2520686060739825e-08,1.2520686060739825e-08,0.0
edp,L2,3,REDUCTION,8000000,5060ti,3.728527220003208e-08,3.728527220003208e-08,0.0
edp,L2,3,REDUCTION,16000000,5060ti,2.075144622016573e-06,2.037456991504796e-06,1.8497387021623624
edp,L2,3,REDUCTION,32000000,5060ti,7.932330311619737e-06,7.733533276266238e-06,2.5705848575527046
edp,L2,3,REDUCTION,64000000,5060ti,3.108008509173395e-05,3.013640378525834e-05,3.1313666793156836
edp,L2,3,REDUCTION,128000000,5060ti,0.0001230780165792863,0.00011911742426590635,3.324947914033727
edp,L2,3,REDUCTION,256000000,5060ti,0.0004897531734769572,0.00047341211063243495,3.4517627406472684
edp,L2,3,STREAM,1000000,5060ti,9.658311566724401e-09,9.658311566724401e-09,0.0
edp,L2,3,STREAM,2000000,5060ti,3.1114843469929694e-08,3.1114843469929694e-08,0.0
edp,L2,3,STREAM,4000000,5060ti,9.953849820742517e-07,9.953849820742517e-07,0.0
edp,L2,3,STREAM,8000000,5060ti,6.016443946261985e-06,4.77129052457679e-06,26.09678482732174
edp,L2,3,STREAM,16000000,5060ti,2.3941383653167442e-05,1.86020048914739e-05,28.70324350974023
edp,L2,3,STREAM,32000000,5060ti,9.505491949146443e-05,7.35303107590801e-05,29.27310997353061
edp,L2,3,STREAM,64000000,5060ti,0.000380528313142224,0.0002921000196105803,30.273292569282905
edp,L2,3,STREAM,128000000,5060ti,0.0015307258857527894,0.0011546890956053667,32.566064023517825
edp,L2,3,STREAM,256000000,5060ti,0.006097809343609082,0.004604439428091058,32.433262264395914
edp,L2,3,STRIDED_GEMM,64,3090,4.859665954730526e-09,3.237613049447247e-09,50.10027080167008
edp,L2,3,STRIDED_GEMM,128,3090,5.254947561097379e-09,4.1285733098116655e-09,27.28240887981461
edp,L2,3,STRIDED_GEMM,256,3090,1.5793902250375102e-08,1.5793902250375102e-08,0.0
edp,L2,3,STRIDED_GEMM,512,3090,1.7394991964630863e-07,1.7394991964630863e-07,0.0
edp,L2,3,STRIDED_GEMM,1024,3090,5.039506289485348e-06,5.039506289485348e-06,0.0
edp,L2,3,STRIDED_GEMM,2048,3090,0.00019715618085984927,0.00019715618085984927,0.0
edp,L2,3,STRIDED_GEMM,4096,3090,0.010086198379814693,0.010086198379814693,0.0
edp,L2,3,STRIDED_GEMM,8192,3090,0.5672881434609375,0.5672881434609375,0.0
edp,L2,3,STRIDED_GEMM,16384,3090,37.21716666729688,37.21716666729688,0.0
edp,L2,4,AXPY,1000000,5060ti,8.783485184422363e-09,8.783485184422363e-09,0.0
edp,L2,4,AXPY,2000000,5060ti,2.87020907119081e-08,2.87020907119081e-08,0.0
edp,L2,4,AXPY,4000000,5060ti,1.263988448125162e-07,1.263988448125162e-07,0.0
edp,L2,4,AXPY,8000000,5060ti,5.692905888470016e-06,4.8077072324350324e-06,18.412074888067664
edp,L2,4,AXPY,16000000,5060ti,2.2462849470549508e-05,1.8794338298742965e-05,19.519235599009654
edp,L2,4,AXPY,32000000,5060ti,8.992605753331265e-05,7.300177561453408e-05,23.183383933210912
edp,L2,4,AXPY,64000000,5060ti,0.0003593373351308345,0.0002919382094604739,23.08677777907857
edp,L2,4,AXPY,128000000,5060ti,0.0014153547393381033,0.001166415844527228,21.342207925148294
edp,L2,4,AXPY,256000000,5060ti,0.005752101304263548,0.004639165408237017,23.990002470066507
edp,L2,4,CONV2D,1,3090,3.319291724149769e-05,3.319291724149769e-05,0.0
edp,L2,4,CONV2D,2,3090,2.8196093732050373e-05,2.8196093732050373e-05,0.0
edp,L2,4,CONV2D,3,3090,1.8972462837251544e-05,1.8972462837251544e-05,0.0
edp,L2,4,CONV2D,4,3090,3.080241196636839e-05,3.080241196636839e-05,0.0
edp,L2,4,CONV2D,5,3090,7.59759333796075e-05,7.59759333796075e-05,0.0
edp,L2,4,CONV2D,6,3090,0.00018404204383770252,0.00018404204383770252,0.0
edp,L2,4,GEMM,64,3090,4.371891841861353e-09,3.2844421905941844e-09,33.109112237729455
edp,L2,4,GEMM,128,3090,4.763676951908083e-09,4.3726100295591845e-09,8.943558188479095
edp,L2,4,GEMM,256,3090,1.4299735543458652e-08,1.4299735543458652e-08,0.0
edp,L2,4,GEMM,512,3090,1.634364022584921e-07,1.634364022584921e-07,0.0
edp,L2,4,GEMM,1024,3090,4.822784860205309e-06,4.822784860205309e-06,0.0
edp,L2,4,GEMM,2048,3090,0.00018893034838697963,0.00018893034838697963,0.0
edp,L2,4,GEMM,4096,3090,0.00955991487689809,0.00955991487689809,0.0
edp,L2,4,GEMM,8192,3090,0.5480867763012148,0.5480867763012148,0.0
edp,L2,4,GEMM,16384,3090,34.33796961271875,34.33796961271875,0.0
edp,L2,4,REDUCTION,1000000,5060ti,2.5025618159294214e-09,2.5025618159294214e-09,0.0
edp,L2,4,REDUCTION,2000000,5060ti,6.027956910902821e-09,6.027956910902821e-09,0.0
edp,L2,4,REDUCTION,4000000,5060ti,1.2522827737896893e-08,1.2522827737896893e-08,0.0
edp,L2,4,REDUCTION,8000000,5060ti,3.732252805824761e-08,3.732252805824761e-08,0.0
edp,L2,4,REDUCTION,16000000,5060ti,1.989344160832357e-06,1.989344160832357e-06,0.0
edp,L2,4,REDUCTION,32000000,5060ti,7.924159228116046e-06,7.684000031201492e-06,3.1254450278418666
edp,L2,4,REDUCTION,64000000,5060ti,3.101662377487057e-05,3.0027478516043737e-05,3.294133599324134
edp,L2,4,REDUCTION,128000000,5060ti,0.00012320933218437315,0.00011905212612667781,3.4919208862106865
edp,L2,4,REDUCTION,256000000,5060ti,0.00048826566822927914,0.0004739477778425282,3.020984812277816
edp,L2,4,STREAM,1000000,5060ti,9.667867942850342e-09,9.667867942850342e-09,0.0
edp,L2,4,STREAM,2000000,5060ti,3.0993893092670806e-08,3.0993893092670806e-08,0.0
edp,L2,4,STREAM,4000000,5060ti,1.0052378365348212e-06,1.0052378365348212e-06,0.0
edp,L2,4,STREAM,8000000,5060ti,5.9855624461018585e-06,4.804715974338251e-06,24.576821565945828
edp,L2,4,STREAM,16000000,5060ti,2.389174978926421e-05,1.8575598014527787e-05,28.61900742349568
edp,L2,4,STREAM,32000000,5060ti,9.537399927372352e-05,7.349993492135788e-05,29.76065812271813
edp,L2,4,STREAM,64000000,5060ti,0.00038113205385980595,0.00029161666551173943,30.696252627051223
edp,L2,4,STREAM,128000000,5060ti,0.0015422936605897972,0.0011545443858094009,33.584613943496166
edp,L2,4,STREAM,256000000,5060ti,0.006108162773120581,0.004626165310469296,32.035116844991116
edp,L2,4,STRIDED_GEMM,64,3090,4.918910034468208e-09,3.2437848487625957e-09,51.64106942372029
edp,L2,4,STRIDED_GEMM,128,3090,5.253117951909642e-09,4.2178040432306886e-09,24.54627806478036
edp,L2,4,STRIDED_GEMM,256,3090,1.574277490292042e-08,1.574277490292042e-08,0.0
edp,L2,4,STRIDED_GEMM,512,3090,1.718793547800583e-07,1.718793547800583e-07,0.0
edp,L2,4,STRIDED_GEMM,1024,3090,4.94647526296028e-06,4.94647526296028e-06,0.0
edp,L2,4,STRIDED_GEMM,2048,3090,0.00019809931283841766,0.00019809931283841766,0.0
edp,L2,4,STRIDED_GEMM,4096,3090,0.010039428765632677,0.010039428765632677,0.0
edp,L2,4,STRIDED_GEMM,8192,3090,0.568547874328125,0.568547874328125,0.0
edp,L2,4,STRIDED_GEMM,16384,3090,37.0868129004375,37.0868129004375,0.0
edp,L2,5,AXPY,1000000,5060ti,9.140420603739137e-09,9.140420603739137e-09,0.0
edp,L2,5,AXPY,2000000,5060ti,2.9193506750664908e-08,2.9193506750664908e-08,0.0
edp,L2,5,AXPY,4000000,5060ti,1.2655383311615713e-07,1.2655383311615713e-07,0.0
edp,L2,5,AXPY,8000000,5060ti,5.586385076297608e-06,4.7843745086359165e-06,16.763122665544717
edp,L2,5,AXPY,16000000,5060ti,2.2491394893370565e-05,1.858593980395894e-05,21.012954580751053
edp,L2,5,AXPY,32000000,5060ti,8.980005568009325e-05,7.327531327903157e-05,22.551582056204445
edp,L2,5,AXPY,64000000,5060ti,0.00035388724649629006,0.0002941215359939776,20.320072891070517
edp,L2,5,AXPY,128000000,5060ti,0.0014296732467736436,0.0011630574049897213,22.923704422506862
edp,L2,5,AXPY,256000000,5060ti,0.005784138629840693,0.004614236869702479,25.354176501425417
edp,L2,5,CONV2D,1,3090,3.280252408391918e-05,3.280252408391918e-05,0.0
edp,L2,5,CONV2D,2,3090,2.804233023893946e-05,2.804233023893946e-05,0.0
edp,L2,5,CONV2D,3,3090,1.8578542447234646e-05,1.8578542447234646e-05,0.0
edp,L2,5,CONV2D,4,3090,3.0705684945067174e-05,3.0705684945067174e-05,0.0
edp,L2,5,CONV2D,5,3090,7.518618497470517e-05,7.518618497470517e-05,0.0
edp,L2,5,CONV2D,6,3090,0.00018751618168809183,0.00018751618168809183,0.0
edp,L2,5,GEMM,64,3090,4.393267157328785e-09,3.373158628874671e-09,30.241937622555113
edp,L2,5,GEMM,128,3090,4.738609875035385e-09,4.199609285424243e-09,12.834541334163486
edp,L2,5,GEMM,256,3090,1.4445281614905575e-08,1.4445281614905575e-08,0.0
edp,L2,5,GEMM,512,3090,1.6239211457100646e-07,1.6239211457100646e-07,0.0
edp,L2,5,GEMM,1024,3090,4.850644877261717e-06,4.850644877261717e-06,0.0
edp,L2,5,GEMM,2048,3090,0.0001866946736102065,0.0001866946736102065,0.0
edp,L2,5,GEMM,4096,3090,0.009535163917515412,0.009535163917515412,0.0
edp,L2,5,GEMM,8192,3090,0.5457316104552947,0.5457316104552947,0.0
edp,L2,5,GEMM,16384,3090,34.51393928132813,34.51393928132813,0.0
edp,L2,5,REDUCTION,1000000,5060ti,2.516324764908057e-09,2.516324764908057e-09,0.0
edp,L2,5,REDUCTION,2000000,5060ti,6.01403412785864e-09,6.01403412785864e-09,0.0
edp,L2,5,REDUCTION,4000000,5060ti,1.252803750869959e-08,1.252803750869959e-08,0.0
edp,L2,5,REDUCTION,8000000,5060ti,3.7549309793353085e-08,3.7549309793353085e-08,0.0
edp,L2,5,REDUCTION,16000000,5060ti,2.1613909886528232e-06,2.0441188330470002e-06,5.737051765773082
edp,L2,5,REDUCTION,32000000,5060ti,7.920336671134158e-06,7.727762971647691e-06,2.4919721294894615
edp,L2,5,REDUCTION,64000000,5060ti,3.106664062597086e-05,3.0365754141664557e-05,2.308147793848536
edp,L2,5,REDUCTION,128000000,5060ti,0.00012306232229632785,0.0001196930279719105,2.8149461848421486
edp,L2,5,REDUCTION,256000000,5060ti,0.0004906144828789072,0.0004739687275066725,3.5119944431355687
edp,L2,5,STREAM,1000000,5060ti,9.55494169609149e-09,9.55494169609149e-09,0.0
edp,L2,5,STREAM,2000000,5060ti,3.078425931359429e-08,3.078425931359429e-08,0.0
edp,L2,5,STREAM,4000000,5060ti,9.957667861706143e-07,9.957667861706143e-07,0.0
edp,L2,5,STREAM,8000000,5060ti,6.027758999863191e-06,4.797014286435967e-06,25.656473796779732
edp,L2,5,STREAM,16000000,5060ti,2.4009856223925846e-05,1.87059730028957e-05,28.353955285881693
edp,L2,5,STREAM,32000000,5060ti,9.497065554156411e-05,7.349120852002784e-05,29.227233371298666
edp,L2,5,STREAM,64000000,5060ti,0.0003799221846005296,0.00029102039749997967,30.548301034657264
edp,L2,5,STREAM,128000000,5060ti,0.0015242648167552724,0.0011588737250750904,31.529845208675013
edp,L2,5,STREAM,256000000,5060ti,0.006095660595997826,0.004638959814869499,31.401452895950687
edp,L2,5,STRIDED_GEMM,64,3090,4.9288667817980846e-09,3.2460180902697464e-09,51.84347852443707
edp,L2,5,STRIDED_GEMM,128,3090,5.22616838839052e-09,4.1444304771370295e-09,26.101002712458452
edp,L2,5,STRIDED_GEMM,256,3090,1.5739236461990383e-08,1.5739236461990383e-08,0.0
edp,L2,5,STRIDED_GEMM,512,3090,1.5844725457458367e-07,1.5844725457458367e-07,0.0
edp,L2,5,STRIDED_GEMM,1024,3090,4.972230922411697e-06,4.972230922411697e-06,0.0
edp,L2,5,STRIDED_GEMM,2048,3090,0.00019624524503312522,0.00019624524503312522,0.0
edp,L2,5,STRIDED_GEMM,4096,3090,0.009977926523701811,0.009977926523701811,0.0
edp,L2,5,STRIDED_GEMM,8192,3090,0.5735141139461797,0.5735141139461797,0.0
edp,L2,5,STRIDED_GEMM,16384,3090,37.0002582333125,37.0002582333125,0.0
edp,L3,1,AXPY,1000000,5060ti,9.057179283401682e-09,9.057179283401682e-09,0.0
edp,L3,1,AXPY,2000000,5060ti,2.823988056301405e-08,2.823988056301405e-08,0.0
edp,L3,1,AXPY,4000000,5060ti,1.2696094060591431e-07,1.2696094060591431e-07,0.0
edp,L3,1,AXPY,8000000,3090,4.785134613149163e-06,4.785134613149163e-06,0.0
edp,L3,1,AXPY,16000000,3090,1.8779461291658088e-05,1.8779461291658088e-05,0.0
edp,L3,1,AXPY,32000000,3090,7.359157106888748e-05,7.359157106888748e-05,0.0
edp,L3,1,AXPY,64000000,3090,0.0002941970559887489,0.0002941970559887489,0.0
edp,L3,1,AXPY,128000000,3090,0.0011582701125356029,0.0011582701125356029,0.0
edp,L3,1,AXPY,256000000,3090,0.0046359987183019645,0.0046359987183019645,0.0
edp,L3,1,CONV2D,1,3090,3.28425348182058e-05,3.28425348182058e-05,0.0
edp,L3,1,CONV2D,2,3090,2.8514451879983168e-05,2.8514451879983168e-05,0.0
edp,L3,1,CONV2D,3,3090,1.902564620912787e-05,1.902564620912787e-05,0.0
edp,L3,1,CONV2D,4,3090,3.06302219870345e-05,3.06302219870345e-05,0.0
edp,L3,1,CONV2D,5,3090,7.525681460350237e-05,7.525681460350237e-05,0.0
edp,L3,1,CONV2D,6,3090,0.00019440547304422603,0.00019440547304422603,0.0
edp,L3,1,GEMM,64,5060ti,3.2196572837301353e-09,3.2196572837301353e-09,0.0
edp,L3,1,GEMM,128,5060ti,3.9880664086007704e-09,3.9880664086007704e-09,0.0
edp,L3,1,GEMM,256,3090,1.4219059172952523e-08,1.4219059172952523e-08,0.0
edp,L3,1,GEMM,512,3090,1.6439557435146534e-07,1.6439557435146534e-07,0.0
edp,L3,1,GEMM,1024,3090,4.85357252115436e-06,4.85357252115436e-06,0.0
edp,L3,1,GEMM,2048,3090,0.00018654187247042487,0.00018654187247042487,0.0
edp,L3,1,GEMM,4096,3090,0.009484102459021381,0.009484102459021381,0.0
edp,L3,1,GEMM,8192,3090,0.5492014127291662,0.5492014127291662,0.0
edp,L3,1,GEMM,16384,3090,34.490732235375,34.490732235375,0.0
edp,L3,1,REDUCTION,1000000,5060ti,2.53995084832503e-09,2.53995084832503e-09,0.0
edp,L3,1,REDUCTION,2000000,5060ti,5.937504859192506e-09,5.937504859192506e-09,0.0
edp,L3,1,REDUCTION,4000000,5060ti,1.2523458227704728e-08,1.2523458227704728e-08,0.0
edp,L3,1,REDUCTION,8000000,5060ti,3.830514849069819e-08,3.830514849069819e-08,0.0
edp,L3,1,REDUCTION,16000000,3090,2.0464620195041385e-06,2.0464620195041385e-06,0.0
edp,L3,1,REDUCTION,32000000,3090,7.665195402159927e-06,7.665195402159927e-06,0.0
edp,L3,1,REDUCTION,64000000,3090,3.0250734289870027e-05,3.0250734289870027e-05,0.0
edp,L3,1,REDUCTION,128000000,3090,0.0001183328780741159,0.0001183328780741159,0.0
edp,L3,1,REDUCTION,256000000,3090,0.0004693833295610469,0.0004693833295610469,0.0
edp,L3,1,STREAM,1000000,5060ti,9.43437201399628e-09,9.43437201399628e-09,0.0
edp,L3,1,STREAM,2000000,5060ti,3.0583928131209865e-08,3.0583928131209865e-08,0.0
edp,L3,1,STREAM,4000000,5060ti,9.969733226127186e-07,9.969733226127186e-07,0.0
edp,L3,1,STREAM,8000000,3090,4.823940765193059e-06,4.823940765193059e-06,0.0
edp,L3,1,STREAM,16000000,3090,1.8753954887309968e-05,1.8753954887309968e-05,0.0
edp,L3,1,STREAM,32000000,3090,7.359085331190186e-05,7.359085331190186e-05,0.0
edp,L3,1,STREAM,64000000,3090,0.00029342107232524956,0.00029342107232524956,0.0
edp,L3,1,STREAM,128000000,3090,0.0011608856521553804,0.0011608856521553804,0.0
edp,L3,1,STREAM,256000000,3090,0.004631354321319163,0.004631354321319163,0.0
edp,L3,1,STRIDED_GEMM,64,5060ti,3.24423910027237e-09,3.24423910027237e-09,0.0
edp,L3,1,STRIDED_GEMM,128,5060ti,4.204998524883306e-09,4.204998524883306e-09,0.0
edp,L3,1,STRIDED_GEMM,256,3090,1.556595186251065e-08,1.556595186251065e-08,0.0
edp,L3,1,STRIDED_GEMM,512,3090,1.7169369096292428e-07,1.7169369096292428e-07,0.0
edp,L3,1,STRIDED_GEMM,1024,3090,4.870540304469664e-06,4.870540304469664e-06,0.0
edp,L3,1,STRIDED_GEMM,2048,3090,0.0001964703150806863,0.0001964703150806863,0.0
edp,L3,1,STRIDED_GEMM,4096,3090,0.009962700571296156,0.009962700571296156,0.0
edp,L3,1,STRIDED_GEMM,8192,3090,0.571710555453125,0.571710555453125,0.0
edp,L3,1,STRIDED_GEMM,16384,3090,37.9637149863611,37.9637149863611,0.0
edp,L3,2,AXPY,1000000,5060ti,9.112375445065539e-09,9.112375445065539e-09,0.0
edp,L3,2,AXPY,2000000,5060ti,2.9072993730717436e-08,2.9072993730717436e-08,0.0
edp,L3,2,AXPY,4000000,5060ti,1.263443511807673e-07,1.263443511807673e-07,0.0
edp,L3,2,AXPY,8000000,3090,4.806421703778365e-06,4.806421703778365e-06,0.0
edp,L3,2,AXPY,16000000,3090,1.873445541201579e-05,1.873445541201579e-05,0.0
edp,L3,2,AXPY,32000000,3090,7.411884083258852e-05,7.411884083258852e-05,0.0
edp,L3,2,AXPY,64000000,3090,0.00029461973074649747,0.00029461973074649747,0.0
edp,L3,2,AXPY,128000000,3090,0.0011589860015389323,0.0011589860015389323,0.0
edp,L3,2,AXPY,256000000,3090,0.004631429746746476,0.004631429746746476,0.0
edp,L3,2,CONV2D,1,3090,3.3467144990575423e-05,3.3467144990575423e-05,0.0
edp,L3,2,CONV2D,2,3090,2.8512645483848145e-05,2.8512645483848145e-05,0.0
edp,L3,2,CONV2D,3,3090,1.862156394958206e-05,1.862156394958206e-05,0.0
edp,L3,2,CONV2D,4,3090,3.0287133169051913e-05,3.0287133169051913e-05,0.0
edp,L3,2,CONV2D,5,3090,7.500527857279441e-05,7.500527857279441e-05,0.0
edp,L3,2,CONV2D,6,3090,0.00019450706841907372,0.00019450706841907372,0.0
edp,L3,2,GEMM,64,5060ti,3.3379631010000002e-09,3.3379631010000002e-09,0.0
edp,L3,2,GEMM,128,5060ti,4.019357669449647e-09,4.019357669449647e-09,0.0
edp,L3,2,GEMM,256,3090,1.4290900717852761e-08,1.4290900717852761e-08,0.0
edp,L3,2,GEMM,512,3090,1.6368433593846343e-07,1.6368433593846343e-07,0.0
edp,L3,2,GEMM,1024,3090,4.836524439846497e-06,4.836524439846497e-06,0.0
edp,L3,2,GEMM,2048,3090,0.00018872663058169332,0.00018872663058169332,0.0
edp,L3,2,GEMM,4096,3090,0.009579676570462927,0.009579676570462927,0.0
edp,L3,2,GEMM,8192,3090,0.5482023031145821,0.5482023031145821,0.0
edp,L3,2,GEMM,16384,3090,34.171646829328125,34.171646829328125,0.0
edp,L3,2,REDUCTION,1000000,5060ti,2.4614950598417303e-09,2.4614950598417303e-09,0.0
edp,L3,2,REDUCTION,2000000,5060ti,5.9339136827967925e-09,5.9339136827967925e-09,0.0
edp,L3,2,REDUCTION,4000000,5060ti,1.2467604288842092e-08,1.2467604288842092e-08,0.0
edp,L3,2,REDUCTION,8000000,5060ti,3.705168944017514e-08,3.705168944017514e-08,0.0
edp,L3,2,REDUCTION,16000000,3090,2.0487037303993686e-06,2.0487037303993686e-06,0.0
edp,L3,2,REDUCTION,32000000,3090,7.797132050113786e-06,7.797132050113786e-06,0.0
edp,L3,2,REDUCTION,64000000,3090,3.042942966451686e-05,3.042942966451686e-05,0.0
edp,L3,2,REDUCTION,128000000,3090,0.00012004680163436759,0.00012004680163436759,0.0
edp,L3,2,REDUCTION,256000000,3090,0.0004714539072159894,0.0004714539072159894,0.0
edp,L3,2,STREAM,1000000,5060ti,9.537199307597631e-09,9.537199307597631e-09,0.0
edp,L3,2,STREAM,2000000,5060ti,3.070154697845176e-08,3.070154697845176e-08,0.0
edp,L3,2,STREAM,4000000,5060ti,9.974814629126001e-07,9.974814629126001e-07,0.0
edp,L3,2,STREAM,8000000,3090,4.800602780924658e-06,4.800602780924658e-06,0.0
edp,L3,2,STREAM,16000000,3090,1.8668397595539813e-05,1.8668397595539813e-05,0.0
edp,L3,2,STREAM,32000000,3090,7.351051651454567e-05,7.351051651454567e-05,0.0
edp,L3,2,STREAM,64000000,3090,0.0002916535732239465,0.0002916535732239465,0.0
edp,L3,2,STREAM,128000000,3090,0.0011596871584248465,0.0011596871584248465,0.0
edp,L3,2,STREAM,256000000,3090,0.00461811040171241,0.00461811040171241,0.0
edp,L3,2,STRIDED_GEMM,64,5060ti,3.2326099709307595e-09,3.2326099709307595e-09,0.0
edp,L3,2,STRIDED_GEMM,128,5060ti,4.177239042164778e-09,4.177239042164778e-09,0.0
edp,L3,2,STRIDED_GEMM,256,3090,1.581828235968984e-08,1.581828235968984e-08,0.0
edp,L3,2,STRIDED_GEMM,512,3090,1.7294079940719417e-07,1.7294079940719417e-07,0.0
edp,L3,2,STRIDED_GEMM,1024,3090,4.942276928455132e-06,4.942276928455132e-06,0.0
edp,L3,2,STRIDED_GEMM,2048,3090,0.00019813824104102288,0.00019813824104102288,0.0
edp,L3,2,STRIDED_GEMM,4096,3090,0.009970166522702276,0.009970166522702276,0.0
edp,L3,2,STRIDED_GEMM,8192,3090,0.5728548647439231,0.5728548647439231,0.0
edp,L3,2,STRIDED_GEMM,16384,3090,37.3632447165625,37.3632447165625,0.0
edp,L3,3,AXPY,1000000,5060ti,9.091925439104617e-09,9.091925439104617e-09,0.0
edp,L3,3,AXPY,2000000,5060ti,2.9155213077533744e-08,2.9155213077533744e-08,0.0
edp,L3,3,AXPY,4000000,5060ti,1.2636851814568563e-07,1.2636851814568563e-07,0.0
edp,L3,3,AXPY,8000000,3090,4.776480459250303e-06,4.776480459250303e-06,0.0
edp,L3,3,AXPY,16000000,3090,1.8589046762381857e-05,1.8589046762381857e-05,0.0
edp,L3,3,AXPY,32000000,3090,7.361609623578297e-05,7.361609623578297e-05,0.0
edp,L3,3,AXPY,64000000,3090,0.00029529421983274384,0.00029529421983274384,0.0
edp,L3,3,AXPY,128000000,3090,0.0011622709961895035,0.0011622709961895035,0.0
edp,L3,3,AXPY,256000000,3090,0.004602056072770264,0.004602056072770264,0.0
edp,L3,3,CONV2D,1,3090,3.3378788206108005e-05,3.3378788206108005e-05,0.0
edp,L3,3,CONV2D,2,3090,2.8347796558324433e-05,2.8347796558324433e-05,0.0
edp,L3,3,CONV2D,3,3090,1.8654256313792556e-05,1.8654256313792556e-05,0.0
edp,L3,3,CONV2D,4,3090,3.0664125698115026e-05,3.0664125698115026e-05,0.0
edp,L3,3,CONV2D,5,3090,7.404988811641863e-05,7.404988811641863e-05,0.0
edp,L3,3,CONV2D,6,3090,0.0001888456552369573,0.0001888456552369573,0.0
edp,L3,3,GEMM,64,5060ti,3.3063817853684274e-09,3.3063817853684274e-09,0.0
edp,L3,3,GEMM,128,5060ti,4.21239092436194e-09,4.21239092436194e-09,0.0
edp,L3,3,GEMM,256,3090,1.4626701804604294e-08,1.4626701804604294e-08,0.0
edp,L3,3,GEMM,512,3090,1.638252432855722e-07,1.638252432855722e-07,0.0
edp,L3,3,GEMM,1024,3090,4.7792938101188475e-06,4.7792938101188475e-06,0.0
edp,L3,3,GEMM,2048,3090,0.00018870074383308674,0.00018870074383308674,0.0
edp,L3,3,GEMM,4096,3090,0.009586389181975213,0.009586389181975213,0.0
edp,L3,3,GEMM,8192,3090,0.5519611838732631,0.5519611838732631,0.0
edp,L3,3,GEMM,16384,3090,34.61250786581249,34.61250786581249,0.0
edp,L3,3,REDUCTION,1000000,5060ti,2.474535993631169e-09,2.474535993631169e-09,0.0
edp,L3,3,REDUCTION,2000000,5060ti,5.980464346876632e-09,5.980464346876632e-09,0.0
edp,L3,3,REDUCTION,4000000,5060ti,1.2520686060739825e-08,1.2520686060739825e-08,0.0
edp,L3,3,REDUCTION,8000000,5060ti,3.728527220003208e-08,3.728527220003208e-08,0.0
edp,L3,3,REDUCTION,16000000,3090,2.037456991504796e-06,2.037456991504796e-06,0.0
edp,L3,3,REDUCTION,32000000,3090,7.733533276266238e-06,7.733533276266238e-06,0.0
edp,L3,3,REDUCTION,64000000,3090,3.013640378525834e-05,3.013640378525834e-05,0.0
edp,L3,3,REDUCTION,128000000,3090,0.00011911742426590635,0.00011911742426590635,0.0
edp,L3,3,REDUCTION,256000000,3090,0.00047341211063243495,0.00047341211063243495,0.0
edp,L3,3,STREAM,1000000,5060ti,9.658311566724401e-09,9.658311566724401e-09,0.0
edp,L3,3,STREAM,2000000,5060ti,3.1114843469929694e-08,3.1114843469929694e-08,0.0
edp,L3,3,STREAM,4000000,5060ti,9.953849820742517e-07,9.953849820742517e-07,0.0
edp,L3,3,STREAM,8000000,3090,4.77129052457679e-06,4.77129052457679e-06,0.0
edp,L3,3,STREAM,16000000,3090,1.86020048914739e-05,1.86020048914739e-05,0.0
edp,L3,3,STREAM,32000000,3090,7.35303107590801e-05,7.35303107590801e-05,0.0
edp,L3,3,STREAM,64000000,3090,0.0002921000196105803,0.0002921000196105803,0.0
edp,L3,3,STREAM,128000000,3090,0.0011546890956053667,0.0011546890956053667,0.0
edp,L3,3,STREAM,256000000,3090,0.004604439428091058,0.004604439428091058,0.0
edp,L3,3,STRIDED_GEMM,64,5060ti,3.237613049447247e-09,3.237613049447247e-09,0.0
edp,L3,3,STRIDED_GEMM,128,5060ti,4.1285733098116655e-09,4.1285733098116655e-09,0.0
edp,L3,3,STRIDED_GEMM,256,3090,1.5793902250375102e-08,1.5793902250375102e-08,0.0
edp,L3,3,STRIDED_GEMM,512,3090,1.7394991964630863e-07,1.7394991964630863e-07,0.0
edp,L3,3,STRIDED_GEMM,1024,3090,5.039506289485348e-06,5.039506289485348e-06,0.0
edp,L3,3,STRIDED_GEMM,2048,3090,0.00019715618085984927,0.00019715618085984927,0.0
edp,L3,3,STRIDED_GEMM,4096,3090,0.010086198379814693,0.010086198379814693,0.0
edp,L3,3,STRIDED_GEMM,8192,3090,0.5672881434609375,0.5672881434609375,0.0
edp,L3,3,STRIDED_GEMM,16384,3090,37.21716666729688,37.21716666729688,0.0
edp,L3,4,AXPY,1000000,5060ti,8.783485184422363e-09,8.783485184422363e-09,0.0
edp,L3,4,AXPY,2000000,5060ti,2.87020907119081e-08,2.87020907119081e-08,0.0
edp,L3,4,AXPY,4000000,5060ti,1.263988448125162e-07,1.263988448125162e-07,0.0
edp,L3,4,AXPY,8000000,3090,4.8077072324350324e-06,4.8077072324350324e-06,0.0
edp,L3,4,AXPY,16000000,3090,1.8794338298742965e-05,1.8794338298742965e-05,0.0
edp,L3,4,AXPY,32000000,3090,7.300177561453408e-05,7.300177561453408e-05,0.0
edp,L3,4,AXPY,64000000,3090,0.0002919382094604739,0.0002919382094604739,0.0
edp,L3,4,AXPY,128000000,3090,0.001166415844527228,0.001166415844527228,0.0
edp,L3,4,AXPY,256000000,3090,0.004639165408237017,0.004639165408237017,0.0
edp,L3,4,CONV2D,1,3090,3.319291724149769e-05,3.319291724149769e-05,0.0
edp,L3,4,CONV2D,2,3090,2.8196093732050373e-05,2.8196093732050373e-05,0.0
edp,L3,4,CONV2D,3,3090,1.8972462837251544e-05,1.8972462837251544e-05,0.0
edp,L3,4,CONV2D,4,3090,3.080241196636839e-05,3.080241196636839e-05,0.0
edp,L3,4,CONV2D,5,3090,7.59759333796075e-05,7.59759333796075e-05,0.0
edp,L3,4,CONV2D,6,3090,0.00018404204383770252,0.00018404204383770252,0.0
edp,L3,4,GEMM,64,5060ti,3.2844421905941844e-09,3.2844421905941844e-09,0.0
edp,L3,4,GEMM,128,5060ti,4.3726100295591845e-09,4.3726100295591845e-09,0.0
edp,L3,4,GEMM,256,3090,1.4299735543458652e-08,1.4299735543458652e-08,0.0
edp,L3,4,GEMM,512,3090,1.634364022584921e-07,1.634364022584921e-07,0.0
edp,L3,4,GEMM,1024,3090,4.822784860205309e-06,4.822784860205309e-06,0.0
edp,L3,4,GEMM,2048,3090,0.00018893034838697963,0.00018893034838697963,0.0
edp,L3,4,GEMM,4096,3090,0.00955991487689809,0.00955991487689809,0.0
edp,L3,4,GEMM,8192,3090,0.5480867763012148,0.5480867763012148,0.0
edp,L3,4,GEMM,16384,3090,34.33796961271875,34.33796961271875,0.0
edp,L3,4,REDUCTION,1000000,5060ti,2.5025618159294214e-09,2.5025618159294214e-09,0.0
edp,L3,4,REDUCTION,2000000,5060ti,6.027956910902821e-09,6.027956910902821e-09,0.0
edp,L3,4,REDUCTION,4000000,5060ti,1.2522827737896893e-08,1.2522827737896893e-08,0.0
edp,L3,4,REDUCTION,8000000,5060ti,3.732252805824761e-08,3.732252805824761e-08,0.0
edp,L3,4,REDUCTION,16000000,3090,2.0198749601557932e-06,1.989344160832357e-06,1.5347168139404177
edp,L3,4,REDUCTION,32000000,3090,7.684000031201492e-06,7.684000031201492e-06,0.0
edp,L3,4,REDUCTION,64000000,3090,3.0027478516043737e-05,3.0027478516043737e-05,0.0
edp,L3,4,REDUCTION,128000000,3090,0.00011905212612667781,0.00011905212612667781,0.0
edp,L3,4,REDUCTION,256000000,3090,0.0004739477778425282,0.0004739477778425282,0.0
edp,L3,4,STREAM,1000000,5060ti,9.667867942850342e-09,9.667867942850342e-09,0.0
edp,L3,4,STREAM,2000000,5060ti,3.0993893092670806e-08,3.0993893092670806e-08,0.0
edp,L3,4,STREAM,4000000,5060ti,1.0052378365348212e-06,1.0052378365348212e-06,0.0
edp,L3,4,STREAM,8000000,3090,4.804715974338251e-06,4.804715974338251e-06,0.0
edp,L3,4,STREAM,16000000,3090,1.8575598014527787e-05,1.8575598014527787e-05,0.0
edp,L3,4,STREAM,32000000,3090,7.349993492135788e-05,7.349993492135788e-05,0.0
edp,L3,4,STREAM,64000000,3090,0.00029161666551173943,0.00029161666551173943,0.0
edp,L3,4,STREAM,128000000,3090,0.0011545443858094009,0.0011545443858094009,0.0
edp,L3,4,STREAM,256000000,3090,0.004626165310469296,0.004626165310469296,0.0
edp,L3,4,STRIDED_GEMM,64,5060ti,3.2437848487625957e-09,3.2437848487625957e-09,0.0
edp,L3,4,STRIDED_GEMM,128,5060ti,4.2178040432306886e-09,4.2178040432306886e-09,0.0
edp,L3,4,STRIDED_GEMM,256,3090,1.574277490292042e-08,1.574277490292042e-08,0.0
edp,L3,4,STRIDED_GEMM,512,3090,1.718793547800583e-07,1.718793547800583e-07,0.0
edp,L3,4,STRIDED_GEMM,1024,3090,4.94647526296028e-06,4.94647526296028e-06,0.0
edp,L3,4,STRIDED_GEMM,2048,3090,0.00019809931283841766,0.00019809931283841766,0.0
edp,L3,4,STRIDED_GEMM,4096,3090,0.010039428765632677,0.010039428765632677,0.0
edp,L3,4,STRIDED_GEMM,8192,3090,0.568547874328125,0.568547874328125,0.0
edp,L3,4,STRIDED_GEMM,16384,3090,37.0868129004375,37.0868129004375,0.0
edp,L3,5,AXPY,1000000,5060ti,9.140420603739137e-09,9.140420603739137e-09,0.0
edp,L3,5,AXPY,2000000,5060ti,2.9193506750664908e-08,2.9193506750664908e-08,0.0
edp,L3,5,AXPY,4000000,5060ti,1.2655383311615713e-07,1.2655383311615713e-07,0.0
edp,L3,5,AXPY,8000000,3090,4.7843745086359165e-06,4.7843745086359165e-06,0.0
edp,L3,5,AXPY,16000000,3090,1.858593980395894e-05,1.858593980395894e-05,0.0
edp,L3,5,AXPY,32000000,3090,7.327531327903157e-05,7.327531327903157e-05,0.0
edp,L3,5,AXPY,64000000,3090,0.0002941215359939776,0.0002941215359939776,0.0
edp,L3,5,AXPY,128000000,3090,0.0011630574049897213,0.0011630574049897213,0.0
edp,L3,5,AXPY,256000000,3090,0.004614236869702479,0.004614236869702479,0.0
edp,L3,5,CONV2D,1,3090,3.280252408391918e-05,3.280252408391918e-05,0.0
edp,L3,5,CONV2D,2,3090,2.804233023893946e-05,2.804233023893946e-05,0.0
edp,L3,5,CONV2D,3,3090,1.8578542447234646e-05,1.8578542447234646e-05,0.0
edp,L3,5,CONV2D,4,3090,3.0705684945067174e-05,3.0705684945067174e-05,0.0
edp,L3,5,CONV2D,5,3090,7.518618497470517e-05,7.518618497470517e-05,0.0
edp,L3,5,CONV2D,6,3090,0.00018751618168809183,0.00018751618168809183,0.0
edp,L3,5,GEMM,64,5060ti,3.373158628874671e-09,3.373158628874671e-09,0.0
edp,L3,5,GEMM,128,5060ti,4.199609285424243e-09,4.199609285424243e-09,0.0
edp,L3,5,GEMM,256,3090,1.4445281614905575e-08,1.4445281614905575e-08,0.0
edp,L3,5,GEMM,512,3090,1.6239211457100646e-07,1.6239211457100646e-07,0.0
edp,L3,5,GEMM,1024,3090,4.850644877261717e-06,4.850644877261717e-06,0.0
edp,L3,5,GEMM,2048,3090,0.0001866946736102065,0.0001866946736102065,0.0
edp,L3,5,GEMM,4096,3090,0.009535163917515412,0.009535163917515412,0.0
edp,L3,5,GEMM,8192,3090,0.5457316104552947,0.5457316104552947,0.0
edp,L3,5,GEMM,16384,3090,34.51393928132813,34.51393928132813,0.0
edp,L3,5,REDUCTION,1000000,5060ti,2.516324764908057e-09,2.516324764908057e-09,0.0
edp,L3,5,REDUCTION,2000000,5060ti,6.01403412785864e-09,6.01403412785864e-09,0.0
edp,L3,5,REDUCTION,4000000,5060ti,1.252803750869959e-08,1.252803750869959e-08,0.0
edp,L3,5,REDUCTION,8000000,5060ti,3.7549309793353085e-08,3.7549309793353085e-08,0.0
edp,L3,5,REDUCTION,16000000,3090,2.0441188330470002e-06,2.0441188330470002e-06,0.0
edp,L3,5,REDUCTION,32000000,3090,7.727762971647691e-06,7.727762971647691e-06,0.0
edp,L3,5,REDUCTION,64000000,3090,3.0365754141664557e-05,3.0365754141664557e-05,0.0
edp,L3,5,REDUCTION,128000000,3090,0.0001196930279719105,0.0001196930279719105,0.0
edp,L3,5,REDUCTION,256000000,3090,0.0004739687275066725,0.0004739687275066725,0.0
edp,L3,5,STREAM,1000000,5060ti,9.55494169609149e-09,9.55494169609149e-09,0.0
edp,L3,5,STREAM,2000000,5060ti,3.078425931359429e-08,3.078425931359429e-08,0.0
edp,L3,5,STREAM,4000000,5060ti,9.957667861706143e-07,9.957667861706143e-07,0.0
edp,L3,5,STREAM,8000000,3090,4.797014286435967e-06,4.797014286435967e-06,0.0
edp,L3,5,STREAM,16000000,3090,1.87059730028957e-05,1.87059730028957e-05,0.0
edp,L3,5,STREAM,32000000,3090,7.349120852002784e-05,7.349120852002784e-05,0.0
edp,L3,5,STREAM,64000000,3090,0.00029102039749997967,0.00029102039749997967,0.0
edp,L3,5,STREAM,128000000,3090,0.0011588737250750904,0.0011588737250750904,0.0
edp,L3,5,STREAM,256000000,3090,0.004638959814869499,0.004638959814869499,0.0
edp,L3,5,STRIDED_GEMM,64,5060ti,3.2460180902697464e-09,3.2460180902697464e-09,0.0
edp,L3,5,STRIDED_GEMM,128,5060ti,4.1444304771370295e-09,4.1444304771370295e-09,0.0
edp,L3,5,STRIDED_GEMM,256,3090,1.5739236461990383e-08,1.5739236461990383e-08,0.0
edp,L3,5,STRIDED_GEMM,512,3090,1.5844725457458367e-07,1.5844725457458367e-07,0.0
edp,L3,5,STRIDED_GEMM,1024,3090,4.972230922411697e-06,4.972230922411697e-06,0.0
edp,L3,5,STRIDED_GEMM,2048,3090,0.00019624524503312522,0.00019624524503312522,0.0
edp,L3,5,STRIDED_GEMM,4096,3090,0.009977926523701811,0.009977926523701811,0.0
edp,L3,5,STRIDED_GEMM,8192,3090,0.5735141139461797,0.5735141139461797,0.0
edp,L3,5,STRIDED_GEMM,16384,3090,37.0002582333125,37.0002582333125,0.0
energy,L1,1,AXPY,1000000,5060ti,0.0011061409972979,0.0011061409972979,0.0
energy,L1,1,AXPY,2000000,5060ti,0.0019707976901804,0.0019707976901804,0.0
energy,L1,1,AXPY,4000000,5060ti,0.0047706775918486,0.0047706775918486,0.0
energy,L1,1,AXPY,8000000,5060ti,0.0232590303030303,0.0232590303030303,0.0
energy,L1,1,AXPY,16000000,5060ti,0.0461752302472127,0.0461752302472127,0.0
energy,L1,1,AXPY,32000000,5060ti,0.0928637245392822,0.0928637245392822,0.0
energy,L1,1,AXPY,64000000,5060ti,0.1854641472868217,0.1854641472868217,0.0
energy,L1,1,AXPY,128000000,5060ti,0.3707046332046332,0.3707046332046332,0.0
energy,L1,1,AXPY,256000000,5060ti,0.7298769230769231,0.7298769230769231,0.0
energy,L1,1,CONV2D,1,5060ti,0.1177280826799714,0.1058463661453541,11.225436420085178
energy,L1,1,CONV2D,2,5060ti,0.0925390215492137,0.0925390215492137,0.0
energy,L1,1,CONV2D,3,5060ti,0.0846727661596958,0.0796802145411203,6.2657356626455885
energy,L1,1,CONV2D,4,5060ti,0.0861506518590053,0.0861506518590053,0.0
energy,L1,1,CONV2D,5,5060ti,0.1862388282025819,0.1590018841262364,17.129950519782057
energy,L1,1,CONV2D,6,5060ti,0.2177177615571776,0.2177177615571776,0.0
energy,L1,1,GEMM,64,5060ti,0.0003295783996954,0.0003295783996954,0.0
energy,L1,1,GEMM,128,5060ti,0.0004074502386389,0.0004074502386389,0.0
energy,L1,1,GEMM,256,5060ti,0.0012379650248886,0.0012379650248886,0.0
energy,L1,1,GEMM,512,5060ti,0.0074969028396436,0.007248085481284,3.432870086895301
energy,L1,1,GEMM,1024,5060ti,0.0553448121645796,0.0400796513739256,38.087059810567546
energy,L1,1,GEMM,2048,5060ti,0.4665137931034482,0.2480520989505247,88.0708911866522
energy,L1,1,GEMM,4096,5060ti,3.784932432432433,1.7094088397790057,121.41762370444704
energy,L1,1,GEMM,8192,5060ti,31.164,13.157,136.86250665045225
energy,L1,1,GEMM,16384,5060ti,298.9175,103.701,188.2493900733841
energy,L1,1,REDUCTION,1000000,5060ti,0.0004058325746143,0.0004058325746143,0.0
energy,L1,1,REDUCTION,2000000,5060ti,0.0007244346821188,0.0007244346821188,0.0
energy,L1,1,REDUCTION,4000000,5060ti,0.0010194523610633,0.0010194523610633,0.0
energy,L1,1,REDUCTION,8000000,5060ti,0.0018676395184281,0.0018676395184281,0.0
energy,L1,1,REDUCTION,16000000,5060ti,0.0135197026022304,0.0135197026022304,0.0
energy,L1,1,REDUCTION,32000000,5060ti,0.0258104404065291,0.0258104404065291,0.0
energy,L1,1,REDUCTION,64000000,5060ti,0.0527866915422885,0.0527866915422885,0.0
energy,L1,1,REDUCTION,128000000,5060ti,0.1028810386473429,0.1028810386473429,0.0
energy,L1,1,REDUCTION,256000000,5060ti,0.2019988009592326,0.2019988009592326,0.0
energy,L1,1,STREAM,1000000,5060ti,0.0011522025710308,0.0011522025710308,0.0
energy,L1,1,STREAM,2000000,5060ti,0.0021343406554041,0.0021343406554041,0.0
energy,L1,1,STREAM,4000000,5060ti,0.0104092301800076,0.0104092301800076,0.0
energy,L1,1,STREAM,8000000,5060ti,0.0245104444984211,0.0245104444984211,0.0
energy,L1,1,STREAM,16000000,5060ti,0.0489721279689772,0.0489721279689772,0.0
energy,L1,1,STREAM,32000000,5060ti,0.0970882638215324,0.0970882638215324,0.0
energy,L1,1,STREAM,64000000,5060ti,0.1977422480620155,0.1977422480620155,0.0
energy,L1,1,STREAM,128000000,5060ti,0.3917674418604651,0.3917674418604651,0.0
energy,L1,1,STREAM,256000000,5060ti,0.7899728682170541,0.7899728682170541,0.0
energy,L1,1,STRIDED_GEMM,64,5060ti,0.0003328917247089,0.0003328917247089,0.0
energy,L1,1,STRIDED_GEMM,128,5060ti,0.0004304749907228,0.0004304749907228,0.0
energy,L1,1,STRIDED_GEMM,256,5060ti,0.001246295174311,0.001246295174311,0.0
energy,L1,1,STRIDED_GEMM,512,5060ti,0.0072855162620866,0.0072855162620866,0.0
energy,L1,1,STRIDED_GEMM,1024,5060ti,0.0542160848431285,0.0398911938534278,35.909907941924835
energy,L1,1,STRIDED_GEMM,2048,5060ti,0.4697951388888889,0.2573864844343204,82.52517801056906
energy,L1,1,STRIDED_GEMM,4096,5060ti,3.880527777777778,1.7928916666666668,116.43961260595468
energy,L1,1,STRIDED_GEMM,8192,5060ti,30.8585,13.693625,125.34938703228691
energy,L1,1,STRIDED_GEMM,16384,5060ti,290.4395,114.07783333333332,154.5976650444799
energy,L1,2,AXPY,1000000,5060ti,0.0011128838123311,0.0011128838123311,0.0
energy,L1,2,AXPY,2000000,5060ti,0.0020289443895169,0.0020289443895169,0.0
energy,L1,2,AXPY,4000000,5060ti,0.0047473189813459,0.0047473189813459,0.0
energy,L1,2,AXPY,8000000,5060ti,0.0230670511896178,0.0230670511896178,0.0
energy,L1,2,AXPY,16000000,5060ti,0.0467765390208434,0.0467765390208434,0.0
energy,L1,2,AXPY,32000000,5060ti,0.0903144379844961,0.0903144379844961,0.0
energy,L1,2,AXPY,64000000,5060ti,0.1824980657640232,0.1824980657640232,0.0
energy,L1,2,AXPY,128000000,5060ti,0.368027027027027,0.368027027027027,0.0
energy,L1,2,AXPY,256000000,5060ti,0.7360658914728682,0.7360658914728682,0.0
energy,L1,2,CONV2D,1,5060ti,0.1205365329512894,0.1071140731556106,12.53099560146429
energy,L1,2,CONV2D,2,5060ti,0.0926434402332361,0.0926434402332361,0.0
energy,L1,2,CONV2D,3,5060ti,0.0842786151672162,0.0784748464808691,7.395705689926979
energy,L1,2,CONV2D,4,5060ti,0.083955294117647,0.083955294117647,0.0
energy,L1,2,CONV2D,5,5060ti,0.1870575916230366,0.158600519112789,17.94260994190713
energy,L1,2,CONV2D,6,5060ti,0.218264598540146,0.218264598540146,0.0
energy,L1,2,GEMM,64,5060ti,0.000336495,0.000336495,0.0
energy,L1,2,GEMM,128,5060ti,0.000407041659308,0.000407041659308,0.0
energy,L1,2,GEMM,256,5060ti,0.0012409696751375,0.0012409696751375,0.0
energy,L1,2,GEMM,512,5060ti,0.0073917039586919,0.0072134093990058,2.4717099754614447
energy,L1,2,GEMM,1024,5060ti,0.0550062333036509,0.0399124833676061,37.81711550500824
energy,L1,2,GEMM,2048,5060ti,0.4714739583333333,0.250474416854778,88.2323808769213
energy,L1,2,GEMM,4096,5060ti,3.898097222222222,1.7220583333333337,126.36266999601568
energy,L1,2,GEMM,8192,5060ti,31.1611,13.143166666666668,137.08974245171763
energy,L1,2,GEMM,16384,5060ti,300.281,103.080375,191.30763251491857
energy,L1,2,REDUCTION,1000000,5060ti,0.0004004339781535,0.0004004339781535,0.0
energy,L1,2,REDUCTION,2000000,5060ti,0.0007239961970641,0.0007239961970641,0.0
energy,L1,2,REDUCTION,4000000,5060ti,0.0010149071298707,0.0010149071298707,0.0
energy,L1,2,REDUCTION,8000000,5060ti,0.0018101359096119,0.0018101359096119,0.0
energy,L1,2,REDUCTION,16000000,5060ti,0.0134059067972692,0.0134059067972692,0.0
energy,L1,2,REDUCTION,32000000,5060ti,0.0255780720665229,0.0255780720665229,0.0
energy,L1,2,REDUCTION,64000000,5060ti,0.0505450121654501,0.0505450121654501,0.0
energy,L1,2,REDUCTION,128000000,5060ti,0.1011799516908212,0.1011799516908212,0.0
energy,L1,2,REDUCTION,256000000,5060ti,0.2011105769230769,0.2011105769230769,0.0
energy,L1,2,STREAM,1000000,5060ti,0.0011647752394988,0.0011647752394988,0.0
energy,L1,2,STREAM,2000000,5060ti,0.0021426227628995,0.0021426227628995,0.0
energy,L1,2,STREAM,4000000,5060ti,0.0104462052505966,0.0104462052505966,0.0
energy,L1,2,STREAM,8000000,5060ti,0.0244504001940334,0.0244504001940334,0.0
energy,L1,2,STREAM,16000000,5060ti,0.0494774600096946,0.0494774600096946,0.0
energy,L1,2,STREAM,32000000,5060ti,0.0977298739088263,0.0977298739088263,0.0
energy,L1,2,STREAM,64000000,5060ti,0.1951065891472868,0.1951065891472868,0.0
energy,L1,2,STREAM,128000000,5060ti,0.3903100775193798,0.3903100775193798,0.0
energy,L1,2,STREAM,256000000,5060ti,0.7845620155038759,0.7845620155038759,0.0
energy,L1,2,STRIDED_GEMM,64,5060ti,0.000328479789707,0.000328479789707,0.0
energy,L1,2,STRIDED_GEMM,128,5060ti,0.0004243214979824,0.0004243214979824,0.0
energy,L1,2,STRIDED_GEMM,256,5060ti,0.0012476624035895,0.0012476624035895,0.0
energy,L1,2,STRIDED_GEMM,512,5060ti,0.007332893847194,0.007332893847194,0.0
energy,L1,2,STRIDED_GEMM,1024,5060ti,0.0549960035523978,0.0405251289432649,35.708398681203704
energy,L1,2,STRIDED_GEMM,2048,5060ti,0.4810404929577464,0.2585576335877863,86.0476854938503
energy,L1,2,STRIDED_GEMM,4096,5060ti,3.884069444444444,1.7959088397790053,116.27319596702894
energy,L1,2,STRIDED_GEMM,8192,5060ti,31.0421,13.703958333333333,126.51922346037492
energy,L1,2,STRIDED_GEMM,16384,5060ti,289.402,112.3175,157.66421083090347
energy,L1,3,AXPY,1000000,5060ti,0.0011103864734299,0.0011103864734299,0.0
energy,L1,3,AXPY,2000000,5060ti,0.0020346831162504,0.0020346831162504,0.0
energy,L1,3,AXPY,4000000,5060ti,0.004748283570174,0.004748283570174,0.0
energy,L1,3,AXPY,8000000,5060ti,0.023050826848249,0.023050826848249,0.0
energy,L1,3,AXPY,16000000,5060ti,0.0464936923823386,0.0464936923823386,0.0
energy,L1,3,AXPY,32000000,5060ti,0.0934747817652764,0.0934747817652764,0.0
energy,L1,3,AXPY,64000000,5060ti,0.1831434108527131,0.1831434108527131,0.0
energy,L1,3,AXPY,128000000,5060ti,0.3667567567567568,0.3667567567567568,0.0
energy,L1,3,AXPY,256000000,5060ti,0.7419147286821706,0.7419147286821706,0.0
energy,L1,3,CONV2D,1,5060ti,0.1216667870036101,0.107063582920792,13.639749095284692
energy,L1,3,CONV2D,2,5060ti,0.0924463869463869,0.0924463869463869,0.0
energy,L1,3,CONV2D,3,5060ti,0.084118297271872,0.0783677647058823,7.33788004235123
energy,L1,3,CONV2D,4,5060ti,0.0855971756821445,0.0855971756821445,0.0
energy,L1,3,CONV2D,5,5060ti,0.1857924528301887,0.1572666198501872,18.138517256348052
energy,L1,3,CONV2D,6,5060ti,0.2181224116930572,0.2181224116930572,0.0
energy,L1,3,GEMM,64,5060ti,0.0003328180970606,0.0003328180970606,0.0
energy,L1,3,GEMM,128,5060ti,0.0004245956397689,0.0004245956397689,0.0
energy,L1,3,GEMM,256,5060ti,0.0012479899127188,0.0012479899127188,0.0
energy,L1,3,GEMM,512,5060ti,0.0075697383073496,0.0071977680989348,5.167854858644971
energy,L1,3,GEMM,1024,5060ti,0.0555321715817694,0.0395013713331743,40.58289549844567
energy,L1,3,GEMM,2048,5060ti,0.4751625874125874,0.2509823175319789,89.32114106088152
energy,L1,3,GEMM,4096,5060ti,3.8879305555555552,1.7268555555555556,125.1450935225876
energy,L1,3,GEMM,8192,5060ti,31.1496,13.206083333333334,135.8731140320433
energy,L1,3,GEMM,16384,5060ti,302.8565,104.2845,190.4137239954164
energy,L1,3,REDUCTION,1000000,5060ti,0.0004025485459273,0.0004025485459273,0.0
energy,L1,3,REDUCTION,2000000,5060ti,0.0007296760128185,0.0007296760128185,0.0
energy,L1,3,REDUCTION,4000000,5060ti,0.001019212815095,0.001019212815095,0.0
energy,L1,3,REDUCTION,8000000,5060ti,0.0018187064370643,0.0018187064370643,0.0
energy,L1,3,REDUCTION,16000000,5060ti,0.0131456325301204,0.0131456325301204,0.0
energy,L1,3,REDUCTION,32000000,5060ti,0.0257552339901477,0.0257552339901477,0.0
energy,L1,3,REDUCTION,64000000,5060ti,0.0510729927007299,0.0510729927007299,0.0
energy,L1,3,REDUCTION,128000000,5060ti,0.1017971014492753,0.1017971014492753,0.0
energy,L1,3,REDUCTION,256000000,5060ti,0.203155421686747,0.203155421686747,0.0
energy,L1,3,STREAM,1000000,5060ti,0.0011795218210103,0.0011795218210103,0.0
energy,L1,3,STREAM,2000000,5060ti,0.0021713880410953,0.0021713880410953,0.0
energy,L1,3,STREAM,4000000,5060ti,0.0104232127517419,0.0104232127517419,0.0
energy,L1,3,STREAM,8000000,5060ti,0.024787915554477,0.024787915554477,0.0
energy,L1,3,STREAM,16000000,5060ti,0.0493795443528841,0.0493795443528841,0.0
energy,L1,3,STREAM,32000000,5060ti,0.0978553398058252,0.0978553398058252,0.0
energy,L1,3,STREAM,64000000,5060ti,0.1960968992248062,0.1960968992248062,0.0
energy,L1,3,STREAM,128000000,5060ti,0.394265503875969,0.394265503875969,0.0
energy,L1,3,STREAM,256000000,5060ti,0.7856279069767442,0.7856279069767442,0.0
energy,L1,3,STRIDED_GEMM,64,5060ti,0.00032838672915,0.00032838672915,0.0
energy,L1,3,STRIDED_GEMM,128,5060ti,0.0004190262752675,0.0004190262752675,0.0
energy,L1,3,STRIDED_GEMM,256,5060ti,0.0012450789335778,0.0012450789335778,0.0
energy,L1,3,STRIDED_GEMM,512,5060ti,0.0074883421492204,0.0074883421492204,0.0
energy,L1,3,STRIDED_GEMM,1024,5060ti,0.0567052726453357,0.0411330347415567,37.85822758184767
energy,L1,3,STRIDED_GEMM,2048,5060ti,0.4682439446366782,0.2575174506828528,81.82998604368248
energy,L1,3,STRIDED_GEMM,4096,5060ti,3.938194444444444,1.8130888888888888,117.20912132762993
energy,L1,3,STRIDED_GEMM,8192,5060ti,30.8521,13.5970625,126.90268578231513
energy,L1,3,STRIDED_GEMM,16384,5060ti,292.225,111.708625,161.59573622896178
energy,L1,4,AXPY,1000000,5060ti,0.0010727175960042,0.0010727175960042,0.0
energy,L1,4,AXPY,2000000,5060ti,0.0020030592213672,0.0020030592213672,0.0
energy,L1,4,AXPY,4000000,5060ti,0.0047480771789753,0.0047480771789753,0.0
energy,L1,4,AXPY,8000000,5060ti,0.0233667478684531,0.0233667478684531,0.0
energy,L1,4,AXPY,16000000,5060ti,0.0462867540029112,0.0462867540029112,0.0
energy,L1,4,AXPY,32000000,5060ti,0.0926299709020368,0.0926299709020368,0.0
energy,L1,4,AXPY,64000000,5060ti,0.1852732558139534,0.1852732558139534,0.0
energy,L1,4,AXPY,128000000,5060ti,0.3646143410852713,0.3646143410852713,0.0
energy,L1,4,AXPY,256000000,5060ti,0.7406666666666666,0.7406666666666666,0.0
energy,L1,4,CONV2D,1,5060ti,0.1198900429799427,0.1065770775409329,12.49139659876366
energy,L1,4,CONV2D,2,5060ti,0.0918750728013977,0.0918750728013977,0.0
energy,L1,4,CONV2D,3,5060ti,0.084270028275212,0.0793948308718437,6.140446865158866
energy,L1,4,CONV2D,4,5060ti,0.0865180810028929,0.0865180810028929,0.0
energy,L1,4,CONV2D,5,5060ti,0.1883697478991596,0.1597480988593155,17.916738442721723
energy,L1,4,CONV2D,6,5060ti,0.2099981927710843,0.2099981927710843,0.0
energy,L1,4,GEMM,64,5060ti,0.0003318445800536,0.0003318445800536,0.0
energy,L1,4,GEMM,128,5060ti,0.0004407619205195,0.0004407619205195,0.0
energy,L1,4,GEMM,256,5060ti,0.0012582528246274,0.0012582528246274,0.0
energy,L1,4,GEMM,512,5060ti,0.0072531440162271,0.0072255863346739,0.38139024678118805
energy,L1,4,GEMM,1024,5060ti,0.0567845876520955,0.0398839458413926,42.37454808988075
energy,L1,4,GEMM,2048,5060ti,0.4695865051903114,0.2509364661654135,87.1336248438149
energy,L1,4,GEMM,4096,5060ti,3.898458333333333,1.717661111111111,126.96318313986397
energy,L1,4,GEMM,8192,5060ti,31.1857,13.133895833333334,137.44439879637133
energy,L1,4,GEMM,16384,5060ti,298.19500000000005,103.273875,188.74194950078135
energy,L1,4,REDUCTION,1000000,5060ti,0.0004071096194392,0.0004071096194392,0.0
energy,L1,4,REDUCTION,2000000,5060ti,0.0007354623763431,0.0007354623763431,0.0
energy,L1,4,REDUCTION,4000000,5060ti,0.0010193909390201,0.0010193909390201,0.0
energy,L1,4,REDUCTION,8000000,5060ti,0.0018198622132004,0.0018198622132004,0.0
energy,L1,4,REDUCTION,16000000,5060ti,0.0126077238862703,0.0126077238862703,0.0
energy,L1,4,REDUCTION,32000000,5060ti,0.0257298337438423,0.0257298337438423,0.0
energy,L1,4,REDUCTION,64000000,5060ti,0.050971107055961,0.050971107055961,0.0
energy,L1,4,REDUCTION,128000000,5060ti,0.101903381642512,0.101903381642512,0.0
energy,L1,4,REDUCTION,256000000,5060ti,0.2025132211538461,0.2025132211538461,0.0
energy,L1,4,STREAM,1000000,5060ti,0.0011807213624826,0.0011807213624826,0.0
energy,L1,4,STREAM,2000000,5060ti,0.0021629841379013,0.0021629841379013,0.0
energy,L1,4,STREAM,4000000,5060ti,0.0105152817574021,0.0105152817574021,0.0
energy,L1,4,STREAM,8000000,5060ti,0.0246636341581756,0.0246636341581756,0.0
energy,L1,4,STREAM,16000000,5060ti,0.0492696411251212,0.0492696411251212,0.0
energy,L1,4,STREAM,32000000,5060ti,0.0982754607177497,0.0982754607177497,0.0
energy,L1,4,STREAM,64000000,5060ti,0.1964176356589147,0.1964176356589147,0.0
energy,L1,4,STREAM,128000000,5060ti,0.3972693798449612,0.3972693798449612,0.0
energy,L1,4,STREAM,256000000,5060ti,0.7856627906976743,0.7856627906976743,0.0
energy,L1,4,STRIDED_GEMM,64,5060ti,0.0003301833153612,0.0003301833153612,0.0
energy,L1,4,STRIDED_GEMM,128,5060ti,0.0004277205107757,0.0004277205107757,0.0
energy,L1,4,STRIDED_GEMM,256,5060ti,0.0012573772639439,0.0012573772639439,0.0
energy,L1,4,STRIDED_GEMM,512,5060ti,0.0072599729546991,0.0072599729546991,0.0
energy,L1,4,STRIDED_GEMM,1024,5060ti,0.0562879675529517,0.0404943806791009,39.00192226424606
energy,L1,4,STRIDED_GEMM,2048,5060ti,0.4785807017543859,0.2590519877675841,84.74311117186187
energy,L1,4,STRIDED_GEMM,4096,5060ti,3.9108333333333336,1.8068722222222224,116.4421637144605
energy,L1,4,STRIDED_GEMM,8192,5060ti,31.0508,13.599875,128.3168043823932
energy,L1,4,STRIDED_GEMM,16384,5060ti,291.865,111.51975,161.71597407634076
energy,L1,5,AXPY,1000000,5060ti,0.0011163104888233,0.0011163104888233,0.0
energy,L1,5,AXPY,2000000,5060ti,0.0020373554571637,0.0020373554571637,0.0
energy,L1,5,AXPY,4000000,5060ti,0.0047548633472602,0.0047548633472602,0.0
energy,L1,5,AXPY,8000000,5060ti,0.0229790957705396,0.0229790957705396,0.0
energy,L1,5,AXPY,16000000,5060ti,0.0463498062015503,0.0463498062015503,0.0
energy,L1,5,AXPY,32000000,5060ti,0.092560620756547,0.092560620756547,0.0
energy,L1,5,AXPY,64000000,5060ti,0.1824071566731141,0.1824071566731141,0.0
energy,L1,5,AXPY,128000000,5060ti,0.3683474903474903,0.3683474903474903,0.0
energy,L1,5,AXPY,256000000,5060ti,0.7448449612403101,0.7448449612403101,0.0
energy,L1,5,CONV2D,1,5060ti,0.1175562678062678,0.1059935483870967,10.908889828787638
energy,L1,5,CONV2D,2,5060ti,0.0923613053613053,0.0923613053613053,0.0
energy,L1,5,CONV2D,3,5060ti,0.0836580177653109,0.0782325553983969,6.9350442910691035
energy,L1,5,CONV2D,4,5060ti,0.0861732530120482,0.0861732530120482,0.0
energy,L1,5,CONV2D,5,5060ti,0.1794166666666666,0.1587692853762423,13.00464459577011
energy,L1,5,CONV2D,6,5060ti,0.2179719512195121,0.2179719512195121,0.0
energy,L1,5,GEMM,64,5060ti,0.0003347796931087,0.0003347796931087,0.0
energy,L1,5,GEMM,128,5060ti,0.0004186242111759,0.0004186242111759,0.0
energy,L1,5,GEMM,256,5060ti,0.0012592353037497,0.0012592353037497,0.0
energy,L1,5,GEMM,512,5060ti,0.0074871589643652,0.0071338785469004,4.952150714961334
energy,L1,5,GEMM,1024,5060ti,0.0550929144385026,0.0401171231216674,37.33017263330809
energy,L1,5,GEMM,2048,5060ti,0.4812526315789474,0.2481971407072987,93.89934557968711
energy,L1,5,GEMM,4096,5060ti,3.9579583333333335,1.7184388888888886,130.32290289312976
energy,L1,5,GEMM,8192,5060ti,30.9106,13.074854166666666,136.412579490211
energy,L1,5,GEMM,16384,5060ti,298.9525,103.623875,188.49770383514416
energy,L1,5,REDUCTION,1000000,5060ti,0.0004093440537001,0.0004093440537001,0.0
energy,L1,5,REDUCTION,2000000,5060ti,0.0007337658080009,0.0007337658080009,0.0
energy,L1,5,REDUCTION,4000000,5060ti,0.0010198147511178,0.0010198147511178,0.0
energy,L1,5,REDUCTION,8000000,5060ti,0.001830818280606,0.001830818280606,0.0
energy,L1,5,REDUCTION,16000000,5060ti,0.013697242206235,0.013697242206235,0.0
energy,L1,5,REDUCTION,32000000,5060ti,0.0257176724137931,0.0257176724137931,0.0
energy,L1,5,REDUCTION,64000000,5060ti,0.0510550486618004,0.0510550486618004,0.0
energy,L1,5,REDUCTION,128000000,5060ti,0.1017820048309178,0.1017820048309178,0.0
energy,L1,5,REDUCTION,256000000,5060ti,0.2035204819277108,0.2035204819277108,0.0
energy,L1,5,STREAM,1000000,5060ti,0.0011669327765495,0.0011669327765495,0.0
energy,L1,5,STREAM,2000000,5060ti,0.0021483758185387,0.0021483758185387,0.0
energy,L1,5,STREAM,4000000,5060ti,0.0104175735013363,0.0104175735013363,0.0
energy,L1,5,STREAM,8000000,5060ti,0.0248203011170471,0.0248203011170471,0.0
energy,L1,5,STREAM,16000000,5060ti,0.0495196316044595,0.0495196316044595,0.0
energy,L1,5,STREAM,32000000,5060ti,0.097985465116279,0.097985465116279,0.0
energy,L1,5,STREAM,64000000,5060ti,0.1957567829457364,0.1957567829457364,0.0
energy,L1,5,STREAM,128000000,5060ti,0.3926027131782945,0.3926027131782945,0.0
energy,L1,5,STREAM,256000000,5060ti,0.7849069767441861,0.7849069767441861,0.0
energy,L1,5,STRIDED_GEMM,64,5060ti,0.0003306468934275,0.0003306468934275,0.0
energy,L1,5,STRIDED_GEMM,128,5060ti,0.0004241905507189,0.0004241905507189,0.0
energy,L1,5,STRIDED_GEMM,256,5060ti,0.0012522025349621,0.0012522025349621,0.0
energy,L1,5,STRIDED_GEMM,512,5060ti,0.007356186612576,0.0069264347185788,6.204518073987986
energy,L1,5,STRIDED_GEMM,1024,5060ti,0.056675304191077,0.0406902180460185,39.28483776366154
energy,L1,5,STRIDED_GEMM,2048,5060ti,0.47328125,0.2570708333333333,84.10538599931927
energy,L1,5,STRIDED_GEMM,4096,5060ti,3.7996891891891895,1.798779005524862,111.23713238361294
energy,L1,5,STRIDED_GEMM,8192,5060ti,31.1218,13.750395833333332,126.33384796498284
energy,L1,5,STRIDED_GEMM,16384,5060ti,291.9185,111.2755,162.33852015942415
energy,L2,1,AXPY,1000000,5060ti,0.0011061409972979,0.0011061409972979,0.0
energy,L2,1,AXPY,2000000,5060ti,0.0019707976901804,0.0019707976901804,0.0
energy,L2,1,AXPY,4000000,5060ti,0.0047706775918486,0.0047706775918486,0.0
energy,L2,1,AXPY,8000000,5060ti,0.0232590303030303,0.0232590303030303,0.0
energy,L2,1,AXPY,16000000,5060ti,0.0461752302472127,0.0461752302472127,0.0
energy,L2,1,AXPY,32000000,5060ti,0.0928637245392822,0.0928637245392822,0.0
energy,L2,1,AXPY,64000000,5060ti,0.1854641472868217,0.1854641472868217,0.0
energy,L2,1,AXPY,128000000,5060ti,0.3707046332046332,0.3707046332046332,0.0
energy,L2,1,AXPY,256000000,5060ti,0.7298769230769231,0.7298769230769231,0.0
energy,L2,1,CONV2D,1,5060ti,0.1177280826799714,0.1058463661453541,11.225436420085178
energy,L2,1,CONV2D,2,5060ti,0.0925390215492137,0.0925390215492137,0.0
energy,L2,1,CONV2D,3,5060ti,0.0846727661596958,0.0796802145411203,6.2657356626455885
energy,L2,1,CONV2D,4,5060ti,0.0861506518590053,0.0861506518590053,0.0
energy,L2,1,CONV2D,5,5060ti,0.1862388282025819,0.1590018841262364,17.129950519782057
energy,L2,1,CONV2D,6,5060ti,0.2177177615571776,0.2177177615571776,0.0
energy,L2,1,GEMM,64,3090,0.0008412728598968,0.0003295783996954,155.25728041470975
energy,L2,1,GEMM,128,3090,0.000913588911308,0.0004074502386389,124.22097833587524
energy,L2,1,GEMM,256,3090,0.0019802297612636,0.0012379650248886,59.95845774736597
energy,L2,1,GEMM,512,3090,0.007248085481284,0.007248085481284,0.0
energy,L2,1,GEMM,1024,3090,0.0400796513739256,0.0400796513739256,0.0
energy,L2,1,GEMM,2048,3090,0.2480520989505247,0.2480520989505247,0.0
energy,L2,1,GEMM,4096,3090,1.7094088397790057,1.7094088397790057,0.0
energy,L2,1,GEMM,8192,3090,13.157,13.157,0.0
energy,L2,1,GEMM,16384,3090,103.701,103.701,0.0
energy,L2,1,REDUCTION,1000000,5060ti,0.0004058325746143,0.0004058325746143,0.0
energy,L2,1,REDUCTION,2000000,5060ti,0.0007244346821188,0.0007244346821188,0.0
energy,L2,1,REDUCTION,4000000,5060ti,0.0010194523610633,0.0010194523610633,0.0
energy,L2,1,REDUCTION,8000000,5060ti,0.0018676395184281,0.0018676395184281,0.0
energy,L2,1,REDUCTION,16000000,5060ti,0.0135197026022304,0.0135197026022304,0.0
energy,L2,1,REDUCTION,32000000,5060ti,0.0258104404065291,0.0258104404065291,0.0
energy,L2,1,REDUCTION,64000000,5060ti,0.0527866915422885,0.0527866915422885,0.0
energy,L2,1,REDUCTION,128000000,5060ti,0.1028810386473429,0.1028810386473429,0.0
energy,L2,1,REDUCTION,256000000,5060ti,0.2019988009592326,0.2019988009592326,0.0
energy,L2,1,STREAM,1000000,5060ti,0.0011522025710308,0.0011522025710308,0.0
energy,L2,1,STREAM,2000000,5060ti,0.0021343406554041,0.0021343406554041,0.0
energy,L2,1,STREAM,4000000,5060ti,0.0104092301800076,0.0104092301800076,0.0
energy,L2,1,STREAM,8000000,5060ti,0.0245104444984211,0.0245104444984211,0.0
energy,L2,1,STREAM,16000000,5060ti,0.0489721279689772,0.0489721279689772,0.0
energy,L2,1,STREAM,32000000,5060ti,0.0970882638215324,0.0970882638215324,0.0
energy,L2,1,STREAM,64000000,5060ti,0.1977422480620155,0.1977422480620155,0.0
energy,L2,1,STREAM,128000000,5060ti,0.3917674418604651,0.3917674418604651,0.0
energy,L2,1,STREAM,256000000,5060ti,0.7899728682170541,0.7899728682170541,0.0
energy,L2,1,STRIDED_GEMM,64,3090,0.0009206785817693,0.0003328917247089,176.56998159818937
energy,L2,1,STRIDED_GEMM,128,3090,0.0010043627799364,0.0004304749907228,133.31501285359204
energy,L2,1,STRIDED_GEMM,256,3090,0.0021376285056935,0.001246295174311,71.51863777979108
energy,L2,1,STRIDED_GEMM,512,3090,0.0075070639873808,0.0072855162620866,3.0409337831983185
energy,L2,1,STRIDED_GEMM,1024,3090,0.0398911938534278,0.0398911938534278,0.0
energy,L2,1,STRIDED_GEMM,2048,3090,0.2573864844343204,0.2573864844343204,0.0
energy,L2,1,STRIDED_GEMM,4096,3090,1.7928916666666668,1.7928916666666668,0.0
energy,L2,1,STRIDED_GEMM,8192,3090,13.693625,13.693625,0.0
energy,L2,1,STRIDED_GEMM,16384,3090,114.07783333333332,114.07783333333332,0.0
energy,L2,2,AXPY,1000000,5060ti,0.0011128838123311,0.0011128838123311,0.0
energy,L2,2,AXPY,2000000,5060ti,0.0020289443895169,0.0020289443895169,0.0
energy,L2,2,AXPY,4000000,5060ti,0.0047473189813459,0.0047473189813459,0.0
energy,L2,2,AXPY,8000000,5060ti,0.0230670511896178,0.0230670511896178,0.0
energy,L2,2,AXPY,16000000,5060ti,0.0467765390208434,0.0467765390208434,0.0
energy,L2,2,AXPY,32000000,5060ti,0.0903144379844961,0.0903144379844961,0.0
energy,L2,2,AXPY,64000000,5060ti,0.1824980657640232,0.1824980657640232,0.0
energy,L2,2,AXPY,128000000,5060ti,0.368027027027027,0.368027027027027,0.0
energy,L2,2,AXPY,256000000,5060ti,0.7360658914728682,0.7360658914728682,0.0
energy,L2,2,CONV2D,1,5060ti,0.1205365329512894,0.1071140731556106,12.53099560146429
energy,L2,2,CONV2D,2,5060ti,0.0926434402332361,0.0926434402332361,0.0
energy,L2,2,CONV2D,3,5060ti,0.0842786151672162,0.0784748464808691,7.395705689926979
energy,L2,2,CONV2D,4,5060ti,0.083955294117647,0.083955294117647,0.0
energy,L2,2,CONV2D,5,5060ti,0.1870575916230366,0.158600519112789,17.94260994190713
energy,L2,2,CONV2D,6,5060ti,0.218264598540146,0.218264598540146,0.0
energy,L2,2,GEMM,64,3090,0.0008383713225895,0.000336495,149.14822585461894
energy,L2,2,GEMM,128,3090,0.000930721794338,0.000407041659308,128.65516908522184
energy,L2,2,GEMM,256,3090,0.0019903793687717,0.0012409696751375,60.38904162192078
energy,L2,2,GEMM,512,3090,0.0072134093990058,0.0072134093990058,0.0
energy,L2,2,GEMM,1024,3090,0.0399124833676061,0.0399124833676061,0.0
energy,L2,2,GEMM,2048,3090,0.250474416854778,0.250474416854778,0.0
energy,L2,2,GEMM,4096,3090,1.7220583333333337,1.7220583333333337,0.0
energy,L2,2,GEMM,8192,3090,13.143166666666668,13.143166666666668,0.0
energy,L2,2,GEMM,16384,3090,103.080375,103.080375,0.0
energy,L2,2,REDUCTION,1000000,5060ti,0.0004004339781535,0.0004004339781535,0.0
energy,L2,2,REDUCTION,2000000,5060ti,0.0007239961970641,0.0007239961970641,0.0
energy,L2,2,REDUCTION,4000000,5060ti,0.0010149071298707,0.0010149071298707,0.0
energy,L2,2,REDUCTION,8000000,5060ti,0.0018101359096119,0.0018101359096119,0.0
energy,L2,2,REDUCTION,16000000,5060ti,0.0134059067972692,0.0134059067972692,0.0
energy,L2,2,REDUCTION,32000000,5060ti,0.0255780720665229,0.0255780720665229,0.0
energy,L2,2,REDUCTION,64000000,5060ti,0.0505450121654501,0.0505450121654501,0.0
energy,L2,2,REDUCTION,128000000,5060ti,0.1011799516908212,0.1011799516908212,0.0
energy,L2,2,REDUCTION,256000000,5060ti,0.2011105769230769,0.2011105769230769,0.0
energy,L2,2,STREAM,1000000,5060ti,0.0011647752394988,0.0011647752394988,0.0
energy,L2,2,STREAM,2000000,5060ti,0.0021426227628995,0.0021426227628995,0.0
energy,L2,2,STREAM,4000000,5060ti,0.0104462052505966,0.0104462052505966,0.0
energy,L2,2,STREAM,8000000,5060ti,0.0244504001940334,0.0244504001940334,0.0
energy,L2,2,STREAM,16000000,5060ti,0.0494774600096946,0.0494774600096946,0.0
energy,L2,2,STREAM,32000000,5060ti,0.0977298739088263,0.0977298739088263,0.0
energy,L2,2,STREAM,64000000,5060ti,0.1951065891472868,0.1951065891472868,0.0
energy,L2,2,STREAM,128000000,5060ti,0.3903100775193798,0.3903100775193798,0.0
energy,L2,2,STREAM,256000000,5060ti,0.7845620155038759,0.7845620155038759,0.0
energy,L2,2,STRIDED_GEMM,64,3090,0.0009366275794162,0.000328479789707,185.1400934747494
energy,L2,2,STRIDED_GEMM,128,3090,0.0010086930828564,0.0004243214979824,137.71906152589955
energy,L2,2,STRIDED_GEMM,256,3090,0.0021720491964435,0.0012476624035895,74.08949650118153
energy,L2,2,STRIDED_GEMM,512,3090,0.0075459808251149,0.007332893847194,2.905905667820896
energy,L2,2,STRIDED_GEMM,1024,3090,0.0405251289432649,0.0405251289432649,0.0
energy,L2,2,STRIDED_GEMM,2048,3090,0.2585576335877863,0.2585576335877863,0.0
energy,L2,2,STRIDED_GEMM,4096,3090,1.7959088397790053,1.7959088397790053,0.0
energy,L2,2,STRIDED_GEMM,8192,3090,13.703958333333333,13.703958333333333,0.0
energy,L2,2,STRIDED_GEMM,16384,3090,112.3175,112.3175,0.0
energy,L2,3,AXPY,1000000,5060ti,0.0011103864734299,0.0011103864734299,0.0
energy,L2,3,AXPY,2000000,5060ti,0.0020346831162504,0.0020346831162504,0.0
energy,L2,3,AXPY,4000000,5060ti,0.004748283570174,0.004748283570174,0.0
energy,L2,3,AXPY,8000000,5060ti,0.023050826848249,0.023050826848249,0.0
energy,L2,3,AXPY,16000000,5060ti,0.0464936923823386,0.0464936923823386,0.0
energy,L2,3,AXPY,32000000,5060ti,0.0934747817652764,0.0934747817652764,0.0
energy,L2,3,AXPY,64000000,5060ti,0.1831434108527131,0.1831434108527131,0.0
energy,L2,3,AXPY,128000000,5060ti,0.3667567567567568,0.3667567567567568,0.0
energy,L2,3,AXPY,256000000,5060ti,0.7419147286821706,0.7419147286821706,0.0
energy,L2,3,CONV2D,1,5060ti,0.1216667870036101,0.107063582920792,13.639749095284692
energy,L2,3,CONV2D,2,5060ti,0.0924463869463869,0.0924463869463869,0.0
energy,L2,3,CONV2D,3,5060ti,0.084118297271872,0.0783677647058823,7.33788004235123
energy,L2,3,CONV2D,4,5060ti,0.0855971756821445,0.0855971756821445,0.0
energy,L2,3,CONV2D,5,5060ti,0.1857924528301887,0.1572666198501872,18.138517256348052
energy,L2,3,CONV2D,6,5060ti,0.2181224116930572,0.2181224116930572,0.0
energy,L2,3,GEMM,64,3090,0.0008424448040085,0.0003328180970606,153.12469828078684
energy,L2,3,GEMM,128,3090,0.0009327962864666,0.0004245956397689,119.6905005841098
energy,L2,3,GEMM,256,3090,0.0020196103990151,0.0012479899127188,61.829064356401034
energy,L2,3,GEMM,512,3090,0.0071977680989348,0.0071977680989348,0.0
energy,L2,3,GEMM,1024,3090,0.0395013713331743,0.0395013713331743,0.0
energy,L2,3,GEMM,2048,3090,0.2509823175319789,0.2509823175319789,0.0
energy,L2,3,GEMM,4096,3090,1.7268555555555556,1.7268555555555556,0.0
energy,L2,3,GEMM,8192,3090,13.206083333333334,13.206083333333334,0.0
energy,L2,3,GEMM,16384,3090,104.2845,104.2845,0.0
energy,L2,3,REDUCTION,1000000,5060ti,0.0004025485459273,0.0004025485459273,0.0
energy,L2,3,REDUCTION,2000000,5060ti,0.0007296760128185,0.0007296760128185,0.0
energy,L2,3,REDUCTION,4000000,5060ti,0.001019212815095,0.001019212815095,0.0
energy,L2,3,REDUCTION,8000000,5060ti,0.0018187064370643,0.0018187064370643,0.0
energy,L2,3,REDUCTION,16000000,5060ti,0.0131456325301204,0.0131456325301204,0.0
energy,L2,3,REDUCTION,32000000,5060ti,0.0257552339901477,0.0257552339901477,0.0
energy,L2,3,REDUCTION,64000000,5060ti,0.0510729927007299,0.0510729927007299,0.0
energy,L2,3,REDUCTION,128000000,5060ti,0.1017971014492753,0.1017971014492753,0.0
energy,L2,3,REDUCTION,256000000,5060ti,0.203155421686747,0.203155421686747,0.0
energy,L2,3,STREAM,1000000,5060ti,0.0011795218210103,0.0011795218210103,0.0
energy,L2,3,STREAM,2000000,5060ti,0.0021713880410953,0.0021713880410953,0.0
energy,L2,3,STREAM,4000000,5060ti,0.0104232127517419,0.0104232127517419,0.0
energy,L2,3,STREAM,8000000,5060ti,0.024787915554477,0.024787915554477,0.0
energy,L2,3,STREAM,16000000,5060ti,0.0493795443528841,0.0493795443528841,0.0
energy,L2,3,STREAM,32000000,5060ti,0.0978553398058252,0.0978553398058252,0.0
energy,L2,3,STREAM,64000000,5060ti,0.1960968992248062,0.1960968992248062,0.0
energy,L2,3,STREAM,128000000,5060ti,0.394265503875969,0.394265503875969,0.0
energy,L2,3,STREAM,256000000,5060ti,0.7856279069767442,0.7856279069767442,0.0
energy,L2,3,STRIDED_GEMM,64,3090,0.0009229584664873,0.00032838672915,181.05839382617455
energy,L2,3,STRIDED_GEMM,128,3090,0.0010143157840029,0.0004190262752675,142.06495961509242
energy,L2,3,STRIDED_GEMM,256,3090,0.0021686073608016,0.0012450789335778,74.17428745420919
energy,L2,3,STRIDED_GEMM,512,3090,0.0076243319203833,0.0074883421492204,1.8160197337812267
energy,L2,3,STRIDED_GEMM,1024,3090,0.0411330347415567,0.0411330347415567,0.0
energy,L2,3,STRIDED_GEMM,2048,3090,0.2575174506828528,0.2575174506828528,0.0
energy,L2,3,STRIDED_GEMM,4096,3090,1.8130888888888888,1.8130888888888888,0.0
energy,L2,3,STRIDED_GEMM,8192,3090,13.5970625,13.5970625,0.0
energy,L2,3,STRIDED_GEMM,16384,3090,111.708625,111.708625,0.0
energy,L2,4,AXPY,1000000,5060ti,0.0010727175960042,0.0010727175960042,0.0
energy,L2,4,AXPY,2000000,5060ti,0.0020030592213672,0.0020030592213672,0.0
energy,L2,4,AXPY,4000000,5060ti,0.0047480771789753,0.0047480771789753,0.0
energy,L2,4,AXPY,8000000,5060ti,0.0233667478684531,0.0233667478684531,0.0
energy,L2,4,AXPY,16000000,5060ti,0.0462867540029112,0.0462867540029112,0.0
energy,L2,4,AXPY,32000000,5060ti,0.0926299709020368,0.0926299709020368,0.0
energy,L2,4,AXPY,64000000,5060ti,0.1852732558139534,0.1852732558139534,0.0
energy,L2,4,AXPY,128000000,5060ti,0.3646143410852713,0.3646143410852713,0.0
energy,L2,4,AXPY,256000000,5060ti,0.7406666666666666,0.7406666666666666,0.0
energy,L2,4,CONV2D,1,5060ti,0.1198900429799427,0.1065770775409329,12.49139659876366
energy,L2,4,CONV2D,2,5060ti,0.0918750728013977,0.0918750728013977,0.0
energy,L2,4,CONV2D,3,5060ti,0.084270028275212,0.0793948308718437,6.140446865158866
energy,L2,4,CONV2D,4,5060ti,0.0865180810028929,0.0865180810028929,0.0
energy,L2,4,CONV2D,5,5060ti,0.1883697478991596,0.1597480988593155,17.916738442721723
energy,L2,4,CONV2D,6,5060ti,0.2099981927710843,0.2099981927710843,0.0
energy,L2,4,GEMM,64,3090,0.0008382078325822,0.0003318445800536,152.5904845113973
energy,L2,4,GEMM,128,3090,0.0009229959547593,0.0004407619205195,109.40918708935183
energy,L2,4,GEMM,256,3090,0.0019915961861547,0.0012582528246274,58.282671588236745
energy,L2,4,GEMM,512,3090,0.0072255863346739,0.0072255863346739,0.0
energy,L2,4,GEMM,1024,3090,0.0398839458413926,0.0398839458413926,0.0
energy,L2,4,GEMM,2048,3090,0.2509364661654135,0.2509364661654135,0.0
energy,L2,4,GEMM,4096,3090,1.717661111111111,1.717661111111111,0.0
energy,L2,4,GEMM,8192,3090,13.133895833333334,13.133895833333334,0.0
energy,L2,4,GEMM,16384,3090,103.273875,103.273875,0.0
energy,L2,4,REDUCTION,1000000,5060ti,0.0004071096194392,0.0004071096194392,0.0
energy,L2,4,REDUCTION,2000000,5060ti,0.0007354623763431,0.0007354623763431,0.0
energy,L2,4,REDUCTION,4000000,5060ti,0.0010193909390201,0.0010193909390201,0.0
energy,L2,4,REDUCTION,8000000,5060ti,0.0018198622132004,0.0018198622132004,0.0
energy,L2,4,REDUCTION,16000000,5060ti,0.0126077238862703,0.0126077238862703,0.0
energy,L2,4,REDUCTION,32000000,5060ti,0.0257298337438423,0.0257298337438423,0.0
energy,L2,4,REDUCTION,64000000,5060ti,0.050971107055961,0.050971107055961,0.0
energy,L2,4,REDUCTION,128000000,5060ti,0.101903381642512,0.101903381642512,0.0
energy,L2,4,REDUCTION,256000000,5060ti,0.2025132211538461,0.2025132211538461,0.0
energy,L2,4,STREAM,1000000,5060ti,0.0011807213624826,0.0011807213624826,0.0
energy,L2,4,STREAM,2000000,5060ti,0.0021629841379013,0.0021629841379013,0.0
energy,L2,4,STREAM,4000000,5060ti,0.0105152817574021,0.0105152817574021,0.0
energy,L2,4,STREAM,8000000,5060ti,0.0246636341581756,0.0246636341581756,0.0
energy,L2,4,STREAM,16000000,5060ti,0.0492696411251212,0.0492696411251212,0.0
energy,L2,4,STREAM,32000000,5060ti,0.0982754607177497,0.0982754607177497,0.0
energy,L2,4,STREAM,64000000,5060ti,0.1964176356589147,0.1964176356589147,0.0
energy,L2,4,STREAM,128000000,5060ti,0.3972693798449612,0.3972693798449612,0.0
energy,L2,4,STREAM,256000000,5060ti,0.7856627906976743,0.7856627906976743,0.0
energy,L2,4,STRIDED_GEMM,64,3090,0.0009341966020311,0.0003301833153612,182.93270997329074
energy,L2,4,STRIDED_GEMM,128,3090,0.0010128198496893,0.0004277205107757,136.79478167939217
energy,L2,4,STRIDED_GEMM,256,3090,0.0021616795683107,0.0012573772639439,71.9197276981419
energy,L2,4,STRIDED_GEMM,512,3090,0.0075230361588889,0.0072599729546991,3.6234736111451893
energy,L2,4,STRIDED_GEMM,1024,3090,0.0404943806791009,0.0404943806791009,0.0
energy,L2,4,STRIDED_GEMM,2048,3090,0.2590519877675841,0.2590519877675841,0.0
energy,L2,4,STRIDED_GEMM,4096,3090,1.8068722222222224,1.8068722222222224,0.0
energy,L2,4,STRIDED_GEMM,8192,3090,13.599875,13.599875,0.0
energy,L2,4,STRIDED_GEMM,16384,3090,111.51975,111.51975,0.0
energy,L2,5,AXPY,1000000,5060ti,0.0011163104888233,0.0011163104888233,0.0
energy,L2,5,AXPY,2000000,5060ti,0.0020373554571637,0.0020373554571637,0.0
energy,L2,5,AXPY,4000000,5060ti,0.0047548633472602,0.0047548633472602,0.0
energy,L2,5,AXPY,8000000,5060ti,0.0229790957705396,0.0229790957705396,0.0
energy,L2,5,AXPY,16000000,5060ti,0.0463498062015503,0.0463498062015503,0.0
energy,L2,5,AXPY,32000000,5060ti,0.092560620756547,0.092560620756547,0.0
energy,L2,5,AXPY,64000000,5060ti,0.1824071566731141,0.1824071566731141,0.0
energy,L2,5,AXPY,128000000,5060ti,0.3683474903474903,0.3683474903474903,0.0
energy,L2,5,AXPY,256000000,5060ti,0.7448449612403101,0.7448449612403101,0.0
energy,L2,5,CONV2D,1,5060ti,0.1175562678062678,0.1059935483870967,10.908889828787638
energy,L2,5,CONV2D,2,5060ti,0.0923613053613053,0.0923613053613053,0.0
energy,L2,5,CONV2D,3,5060ti,0.0836580177653109,0.0782325553983969,6.9350442910691035
energy,L2,5,CONV2D,4,5060ti,0.0861732530120482,0.0861732530120482,0.0
energy,L2,5,CONV2D,5,5060ti,0.1794166666666666,0.1587692853762423,13.00464459577011
energy,L2,5,CONV2D,6,5060ti,0.2179719512195121,0.2179719512195121,0.0
energy,L2,5,GEMM,64,3090,0.0008423632879622,0.0003347796931087,151.6171994006495
energy,L2,5,GEMM,128,3090,0.0009182465066358,0.0004186242111759,119.348638258757
energy,L2,5,GEMM,256,3090,0.001994293700622,0.0012592353037497,58.37339492336919
energy,L2,5,GEMM,512,3090,0.0071338785469004,0.0071338785469004,0.0
energy,L2,5,GEMM,1024,3090,0.0401171231216674,0.0401171231216674,0.0
energy,L2,5,GEMM,2048,3090,0.2481971407072987,0.2481971407072987,0.0
energy,L2,5,GEMM,4096,3090,1.7184388888888886,1.7184388888888886,0.0
energy,L2,5,GEMM,8192,3090,13.074854166666666,13.074854166666666,0.0
energy,L2,5,GEMM,16384,3090,103.623875,103.623875,0.0
energy,L2,5,REDUCTION,1000000,5060ti,0.0004093440537001,0.0004093440537001,0.0
energy,L2,5,REDUCTION,2000000,5060ti,0.0007337658080009,0.0007337658080009,0.0
energy,L2,5,REDUCTION,4000000,5060ti,0.0010198147511178,0.0010198147511178,0.0
energy,L2,5,REDUCTION,8000000,5060ti,0.001830818280606,0.001830818280606,0.0
energy,L2,5,REDUCTION,16000000,5060ti,0.013697242206235,0.013697242206235,0.0
energy,L2,5,REDUCTION,32000000,5060ti,0.0257176724137931,0.0257176724137931,0.0
energy,L2,5,REDUCTION,64000000,5060ti,0.0510550486618004,0.0510550486618004,0.0
energy,L2,5,REDUCTION,128000000,5060ti,0.1017820048309178,0.1017820048309178,0.0
energy,L2,5,REDUCTION,256000000,5060ti,0.2035204819277108,0.2035204819277108,0.0
energy,L2,5,STREAM,1000000,5060ti,0.0011669327765495,0.0011669327765495,0.0
energy,L2,5,STREAM,2000000,5060ti,0.0021483758185387,0.0021483758185387,0.0
energy,L2,5,STREAM,4000000,5060ti,0.0104175735013363,0.0104175735013363,0.0
energy,L2,5,STREAM,8000000,5060ti,0.0248203011170471,0.0248203011170471,0.0
energy,L2,5,STREAM,16000000,5060ti,0.0495196316044595,0.0495196316044595,0.0
energy,L2,5,STREAM,32000000,5060ti,0.097985465116279,0.097985465116279,0.0
energy,L2,5,STREAM,64000000,5060ti,0.1957567829457364,0.1957567829457364,0.0
energy,L2,5,STREAM,128000000,5060ti,0.3926027131782945,0.3926027131782945,0.0
energy,L2,5,STREAM,256000000,5060ti,0.7849069767441861,0.7849069767441861,0.0
energy,L2,5,STRIDED_GEMM,64,3090,0.0009361078206849,0.0003306468934275,183.1140528740996
energy,L2,5,STRIDED_GEMM,128,3090,0.0010082849891225,0.0004241905507189,137.69623991239354
energy,L2,5,STRIDED_GEMM,256,3090,0.0021610055931018,0.0012522025349621,72.57636306950988
energy,L2,5,STRIDED_GEMM,512,3090,0.0069264347185788,0.0069264347185788,0.0
energy,L2,5,STRIDED_GEMM,1024,3090,0.0406902180460185,0.0406902180460185,0.0
energy,L2,5,STRIDED_GEMM,2048,3090,0.2570708333333333,0.2570708333333333,0.0
energy,L2,5,STRIDED_GEMM,4096,3090,1.798779005524862,1.798779005524862,0.0
energy,L2,5,STRIDED_GEMM,8192,3090,13.750395833333332,13.750395833333332,0.0
energy,L2,5,STRIDED_GEMM,16384,3090,111.2755,111.2755,0.0
energy,L3,1,AXPY,1000000,5060ti,0.0011061409972979,0.0011061409972979,0.0
energy,L3,1,AXPY,2000000,5060ti,0.0019707976901804,0.0019707976901804,0.0
energy,L3,1,AXPY,4000000,5060ti,0.0047706775918486,0.0047706775918486,0.0
energy,L3,1,AXPY,8000000,5060ti,0.0232590303030303,0.0232590303030303,0.0
energy,L3,1,AXPY,16000000,5060ti,0.0461752302472127,0.0461752302472127,0.0
energy,L3,1,AXPY,32000000,5060ti,0.0928637245392822,0.0928637245392822,0.0
energy,L3,1,AXPY,64000000,5060ti,0.1854641472868217,0.1854641472868217,0.0
energy,L3,1,AXPY,128000000,5060ti,0.3707046332046332,0.3707046332046332,0.0
energy,L3,1,AXPY,256000000,5060ti,0.7298769230769231,0.7298769230769231,0.0
energy,L3,1,CONV2D,1,3090,0.1058463661453541,0.1058463661453541,0.0
energy,L3,1,CONV2D,2,5060ti,0.0925390215492137,0.0925390215492137,0.0
energy,L3,1,CONV2D,3,3090,0.0796802145411203,0.0796802145411203,0.0
energy,L3,1,CONV2D,4,5060ti,0.0861506518590053,0.0861506518590053,0.0
energy,L3,1,CONV2D,5,3090,0.1590018841262364,0.1590018841262364,0.0
energy,L3,1,CONV2D,6,5060ti,0.2177177615571776,0.2177177615571776,0.0
energy,L3,1,GEMM,64,5060ti,0.0003295783996954,0.0003295783996954,0.0
energy,L3,1,GEMM,128,5060ti,0.0004074502386389,0.0004074502386389,0.0
energy,L3,1,GEMM,256,5060ti,0.0012379650248886,0.0012379650248886,0.0
energy,L3,1,GEMM,512,3090,0.007248085481284,0.007248085481284,0.0
energy,L3,1,GEMM,1024,3090,0.0400796513739256,0.0400796513739256,0.0
energy,L3,1,GEMM,2048,3090,0.2480520989505247,0.2480520989505247,0.0
energy,L3,1,GEMM,4096,3090,1.7094088397790057,1.7094088397790057,0.0
energy,L3,1,GEMM,8192,3090,13.157,13.157,0.0
energy,L3,1,GEMM,16384,3090,103.701,103.701,0.0
energy,L3,1,REDUCTION,1000000,5060ti,0.0004058325746143,0.0004058325746143,0.0
energy,L3,1,REDUCTION,2000000,5060ti,0.0007244346821188,0.0007244346821188,0.0
energy,L3,1,REDUCTION,4000000,5060ti,0.0010194523610633,0.0010194523610633,0.0
energy,L3,1,REDUCTION,8000000,5060ti,0.0018676395184281,0.0018676395184281,0.0
energy,L3,1,REDUCTION,16000000,5060ti,0.0135197026022304,0.0135197026022304,0.0
energy,L3,1,REDUCTION,32000000,5060ti,0.0258104404065291,0.0258104404065291,0.0
energy,L3,1,REDUCTION,64000000,5060ti,0.0527866915422885,0.0527866915422885,0.0
energy,L3,1,REDUCTION,128000000,5060ti,0.1028810386473429,0.1028810386473429,0.0
energy,L3,1,REDUCTION,256000000,5060ti,0.2019988009592326,0.2019988009592326,0.0
energy,L3,1,STREAM,1000000,5060ti,0.0011522025710308,0.0011522025710308,0.0
energy,L3,1,STREAM,2000000,5060ti,0.0021343406554041,0.0021343406554041,0.0
energy,L3,1,STREAM,4000000,5060ti,0.0104092301800076,0.0104092301800076,0.0
energy,L3,1,STREAM,8000000,5060ti,0.0245104444984211,0.0245104444984211,0.0
energy,L3,1,STREAM,16000000,5060ti,0.0489721279689772,0.0489721279689772,0.0
energy,L3,1,STREAM,32000000,5060ti,0.0970882638215324,0.0970882638215324,0.0
energy,L3,1,STREAM,64000000,5060ti,0.1977422480620155,0.1977422480620155,0.0
energy,L3,1,STREAM,128000000,5060ti,0.3917674418604651,0.3917674418604651,0.0
energy,L3,1,STREAM,256000000,5060ti,0.7899728682170541,0.7899728682170541,0.0
energy,L3,1,STRIDED_GEMM,64,5060ti,0.0003328917247089,0.0003328917247089,0.0
energy,L3,1,STRIDED_GEMM,128,5060ti,0.0004304749907228,0.0004304749907228,0.0
energy,L3,1,STRIDED_GEMM,256,5060ti,0.001246295174311,0.001246295174311,0.0
energy,L3,1,STRIDED_GEMM,512,5060ti,0.0072855162620866,0.0072855162620866,0.0
energy,L3,1,STRIDED_GEMM,1024,3090,0.0398911938534278,0.0398911938534278,0.0
energy,L3,1,STRIDED_GEMM,2048,3090,0.2573864844343204,0.2573864844343204,0.0
energy,L3,1,STRIDED_GEMM,4096,3090,1.7928916666666668,1.7928916666666668,0.0
energy,L3,1,STRIDED_GEMM,8192,3090,13.693625,13.693625,0.0
energy,L3,1,STRIDED_GEMM,16384,3090,114.07783333333332,114.07783333333332,0.0
energy,L3,2,AXPY,1000000,5060ti,0.0011128838123311,0.0011128838123311,0.0
energy,L3,2,AXPY,2000000,5060ti,0.0020289443895169,0.0020289443895169,0.0
energy,L3,2,AXPY,4000000,5060ti,0.0047473189813459,0.0047473189813459,0.0
energy,L3,2,AXPY,8000000,5060ti,0.0230670511896178,0.0230670511896178,0.0
energy,L3,2,AXPY,16000000,5060ti,0.0467765390208434,0.0467765390208434,0.0
energy,L3,2,AXPY,32000000,5060ti,0.0903144379844961,0.0903144379844961,0.0
energy,L3,2,AXPY,64000000,5060ti,0.1824980657640232,0.1824980657640232,0.0
energy,L3,2,AXPY,128000000,5060ti,0.368027027027027,0.368027027027027,0.0
energy,L3,2,AXPY,256000000,5060ti,0.7360658914728682,0.7360658914728682,0.0
energy,L3,2,CONV2D,1,3090,0.1071140731556106,0.1071140731556106,0.0
energy,L3,2,CONV2D,2,5060ti,0.0926434402332361,0.0926434402332361,0.0
energy,L3,2,CONV2D,3,3090,0.0784748464808691,0.0784748464808691,0.0
energy,L3,2,CONV2D,4,5060ti,0.083955294117647,0.083955294117647,0.0
energy,L3,2,CONV2D,5,3090,0.158600519112789,0.158600519112789,0.0
energy,L3,2,CONV2D,6,5060ti,0.218264598540146,0.218264598540146,0.0
energy,L3,2,GEMM,64,5060ti,0.000336495,0.000336495,0.0
energy,L3,2,GEMM,128,5060ti,0.000407041659308,0.000407041659308,0.0
energy,L3,2,GEMM,256,5060ti,0.0012409696751375,0.0012409696751375,0.0
energy,L3,2,GEMM,512,3090,0.0072134093990058,0.0072134093990058,0.0
energy,L3,2,GEMM,1024,3090,0.0399124833676061,0.0399124833676061,0.0
energy,L3,2,GEMM,2048,3090,0.250474416854778,0.250474416854778,0.0
energy,L3,2,GEMM,4096,3090,1.7220583333333337,1.7220583333333337,0.0
energy,L3,2,GEMM,8192,3090,13.143166666666668,13.143166666666668,0.0
energy,L3,2,GEMM,16384,3090,103.080375,103.080375,0.0
energy,L3,2,REDUCTION,1000000,5060ti,0.0004004339781535,0.0004004339781535,0.0
energy,L3,2,REDUCTION,2000000,5060ti,0.0007239961970641,0.0007239961970641,0.0
energy,L3,2,REDUCTION,4000000,5060ti,0.0010149071298707,0.0010149071298707,0.0
energy,L3,2,REDUCTION,8000000,5060ti,0.0018101359096119,0.0018101359096119,0.0
energy,L3,2,REDUCTION,16000000,5060ti,0.0134059067972692,0.0134059067972692,0.0
energy,L3,2,REDUCTION,32000000,5060ti,0.0255780720665229,0.0255780720665229,0.0
energy,L3,2,REDUCTION,64000000,5060ti,0.0505450121654501,0.0505450121654501,0.0
energy,L3,2,REDUCTION,128000000,5060ti,0.1011799516908212,0.1011799516908212,0.0
energy,L3,2,REDUCTION,256000000,5060ti,0.2011105769230769,0.2011105769230769,0.0
energy,L3,2,STREAM,1000000,5060ti,0.0011647752394988,0.0011647752394988,0.0
energy,L3,2,STREAM,2000000,5060ti,0.0021426227628995,0.0021426227628995,0.0
energy,L3,2,STREAM,4000000,5060ti,0.0104462052505966,0.0104462052505966,0.0
energy,L3,2,STREAM,8000000,5060ti,0.0244504001940334,0.0244504001940334,0.0
energy,L3,2,STREAM,16000000,5060ti,0.0494774600096946,0.0494774600096946,0.0
energy,L3,2,STREAM,32000000,5060ti,0.0977298739088263,0.0977298739088263,0.0
energy,L3,2,STREAM,64000000,5060ti,0.1951065891472868,0.1951065891472868,0.0
energy,L3,2,STREAM,128000000,5060ti,0.3903100775193798,0.3903100775193798,0.0
energy,L3,2,STREAM,256000000,5060ti,0.7845620155038759,0.7845620155038759,0.0
energy,L3,2,STRIDED_GEMM,64,5060ti,0.000328479789707,0.000328479789707,0.0
energy,L3,2,STRIDED_GEMM,128,5060ti,0.0004243214979824,0.0004243214979824,0.0
energy,L3,2,STRIDED_GEMM,256,5060ti,0.0012476624035895,0.0012476624035895,0.0
energy,L3,2,STRIDED_GEMM,512,5060ti,0.007332893847194,0.007332893847194,0.0
energy,L3,2,STRIDED_GEMM,1024,3090,0.0405251289432649,0.0405251289432649,0.0
energy,L3,2,STRIDED_GEMM,2048,3090,0.2585576335877863,0.2585576335877863,0.0
energy,L3,2,STRIDED_GEMM,4096,3090,1.7959088397790053,1.7959088397790053,0.0
energy,L3,2,STRIDED_GEMM,8192,3090,13.703958333333333,13.703958333333333,0.0
energy,L3,2,STRIDED_GEMM,16384,3090,112.3175,112.3175,0.0
energy,L3,3,AXPY,1000000,5060ti,0.0011103864734299,0.0011103864734299,0.0
energy,L3,3,AXPY,2000000,5060ti,0.0020346831162504,0.0020346831162504,0.0
energy,L3,3,AXPY,4000000,5060ti,0.004748283570174,0.004748283570174,0.0
energy,L3,3,AXPY,8000000,5060ti,0.023050826848249,0.023050826848249,0.0
energy,L3,3,AXPY,16000000,5060ti,0.0464936923823386,0.0464936923823386,0.0
energy,L3,3,AXPY,32000000,5060ti,0.0934747817652764,0.0934747817652764,0.0
energy,L3,3,AXPY,64000000,5060ti,0.1831434108527131,0.1831434108527131,0.0
energy,L3,3,AXPY,128000000,5060ti,0.3667567567567568,0.3667567567567568,0.0
energy,L3,3,AXPY,256000000,5060ti,0.7419147286821706,0.7419147286821706,0.0
energy,L3,3,CONV2D,1,3090,0.107063582920792,0.107063582920792,0.0
energy,L3,3,CONV2D,2,5060ti,0.0924463869463869,0.0924463869463869,0.0
energy,L3,3,CONV2D,3,3090,0.0783677647058823,0.0783677647058823,0.0
energy,L3,3,CONV2D,4,5060ti,0.0855971756821445,0.0855971756821445,0.0
energy,L3,3,CONV2D,5,3090,0.1572666198501872,0.1572666198501872,0.0
energy,L3,3,CONV2D,6,5060ti,0.2181224116930572,0.2181224116930572,0.0
energy,L3,3,GEMM,64,5060ti,0.0003328180970606,0.0003328180970606,0.0
energy,L3,3,GEMM,128,5060ti,0.0004245956397689,0.0004245956397689,0.0
energy,L3,3,GEMM,256,5060ti,0.0012479899127188,0.0012479899127188,0.0
energy,L3,3,GEMM,512,3090,0.0071977680989348,0.0071977680989348,0.0
energy,L3,3,GEMM,1024,3090,0.0395013713331743,0.0395013713331743,0.0
energy,L3,3,GEMM,2048,3090,0.2509823175319789,0.2509823175319789,0.0
energy,L3,3,GEMM,4096,3090,1.7268555555555556,1.7268555555555556,0.0
energy,L3,3,GEMM,8192,3090,13.206083333333334,13.206083333333334,0.0
energy,L3,3,GEMM,16384,3090,104.2845,104.2845,0.0
energy,L3,3,REDUCTION,1000000,5060ti,0.0004025485459273,0.0004025485459273,0.0
energy,L3,3,REDUCTION,2000000,5060ti,0.0007296760128185,0.0007296760128185,0.0
energy,L3,3,REDUCTION,4000000,5060ti,0.001019212815095,0.001019212815095,0.0
energy,L3,3,REDUCTION,8000000,5060ti,0.0018187064370643,0.0018187064370643,0.0
energy,L3,3,REDUCTION,16000000,5060ti,0.0131456325301204,0.0131456325301204,0.0
energy,L3,3,REDUCTION,32000000,5060ti,0.0257552339901477,0.0257552339901477,0.0
energy,L3,3,REDUCTION,64000000,5060ti,0.0510729927007299,0.0510729927007299,0.0
energy,L3,3,REDUCTION,128000000,5060ti,0.1017971014492753,0.1017971014492753,0.0
energy,L3,3,REDUCTION,256000000,5060ti,0.203155421686747,0.203155421686747,0.0
energy,L3,3,STREAM,1000000,5060ti,0.0011795218210103,0.0011795218210103,0.0
energy,L3,3,STREAM,2000000,5060ti,0.0021713880410953,0.0021713880410953,0.0
energy,L3,3,STREAM,4000000,5060ti,0.0104232127517419,0.0104232127517419,0.0
energy,L3,3,STREAM,8000000,5060ti,0.024787915554477,0.024787915554477,0.0
energy,L3,3,STREAM,16000000,5060ti,0.0493795443528841,0.0493795443528841,0.0
energy,L3,3,STREAM,32000000,5060ti,0.0978553398058252,0.0978553398058252,0.0
energy,L3,3,STREAM,64000000,5060ti,0.1960968992248062,0.1960968992248062,0.0
energy,L3,3,STREAM,128000000,5060ti,0.394265503875969,0.394265503875969,0.0
energy,L3,3,STREAM,256000000,5060ti,0.7856279069767442,0.7856279069767442,0.0
energy,L3,3,STRIDED_GEMM,64,5060ti,0.00032838672915,0.00032838672915,0.0
energy,L3,3,STRIDED_GEMM,128,5060ti,0.0004190262752675,0.0004190262752675,0.0
energy,L3,3,STRIDED_GEMM,256,5060ti,0.0012450789335778,0.0012450789335778,0.0
energy,L3,3,STRIDED_GEMM,512,5060ti,0.0074883421492204,0.0074883421492204,0.0
energy,L3,3,STRIDED_GEMM,1024,3090,0.0411330347415567,0.0411330347415567,0.0
energy,L3,3,STRIDED_GEMM,2048,3090,0.2575174506828528,0.2575174506828528,0.0
energy,L3,3,STRIDED_GEMM,4096,3090,1.8130888888888888,1.8130888888888888,0.0
energy,L3,3,STRIDED_GEMM,8192,3090,13.5970625,13.5970625,0.0
energy,L3,3,STRIDED_GEMM,16384,3090,111.708625,111.708625,0.0
energy,L3,4,AXPY,1000000,5060ti,0.0010727175960042,0.0010727175960042,0.0
energy,L3,4,AXPY,2000000,5060ti,0.0020030592213672,0.0020030592213672,0.0
energy,L3,4,AXPY,4000000,5060ti,0.0047480771789753,0.0047480771789753,0.0
energy,L3,4,AXPY,8000000,5060ti,0.0233667478684531,0.0233667478684531,0.0
energy,L3,4,AXPY,16000000,5060ti,0.0462867540029112,0.0462867540029112,0.0
energy,L3,4,AXPY,32000000,5060ti,0.0926299709020368,0.0926299709020368,0.0
energy,L3,4,AXPY,64000000,5060ti,0.1852732558139534,0.1852732558139534,0.0
energy,L3,4,AXPY,128000000,5060ti,0.3646143410852713,0.3646143410852713,0.0
energy,L3,4,AXPY,256000000,5060ti,0.7406666666666666,0.7406666666666666,0.0
energy,L3,4,CONV2D,1,3090,0.1065770775409329,0.1065770775409329,0.0
energy,L3,4,CONV2D,2,5060ti,0.0918750728013977,0.0918750728013977,0.0
energy,L3,4,CONV2D,3,3090,0.0793948308718437,0.0793948308718437,0.0
energy,L3,4,CONV2D,4,5060ti,0.0865180810028929,0.0865180810028929,0.0
energy,L3,4,CONV2D,5,3090,0.1597480988593155,0.1597480988593155,0.0
energy,L3,4,CONV2D,6,5060ti,0.2099981927710843,0.2099981927710843,0.0
energy,L3,4,GEMM,64,5060ti,0.0003318445800536,0.0003318445800536,0.0
energy,L3,4,GEMM,128,5060ti,0.0004407619205195,0.0004407619205195,0.0
energy,L3,4,GEMM,256,5060ti,0.0012582528246274,0.0012582528246274,0.0
energy,L3,4,GEMM,512,3090,0.0072255863346739,0.0072255863346739,0.0
energy,L3,4,GEMM,1024,3090,0.0398839458413926,0.0398839458413926,0.0
energy,L3,4,GEMM,2048,3090,0.2509364661654135,0.2509364661654135,0.0
energy,L3,4,GEMM,4096,3090,1.717661111111111,1.717661111111111,0.0
energy,L3,4,GEMM,8192,3090,13.133895833333334,13.133895833333334,0.0
energy,L3,4,GEMM,16384,3090,103.273875,103.273875,0.0
energy,L3,4,REDUCTION,1000000,5060ti,0.0004071096194392,0.0004071096194392,0.0
energy,L3,4,REDUCTION,2000000,5060ti,0.0007354623763431,0.0007354623763431,0.0
energy,L3,4,REDUCTION,4000000,5060ti,0.0010193909390201,0.0010193909390201,0.0
energy,L3,4,REDUCTION,8000000,5060ti,0.0018198622132004,0.0018198622132004,0.0
energy,L3,4,REDUCTION,16000000,5060ti,0.0126077238862703,0.0126077238862703,0.0
energy,L3,4,REDUCTION,32000000,5060ti,0.0257298337438423,0.0257298337438423,0.0
energy,L3,4,REDUCTION,64000000,5060ti,0.050971107055961,0.050971107055961,0.0
energy,L3,4,REDUCTION,128000000,5060ti,0.101903381642512,0.101903381642512,0.0
energy,L3,4,REDUCTION,256000000,5060ti,0.2025132211538461,0.2025132211538461,0.0
energy,L3,4,STREAM,1000000,5060ti,0.0011807213624826,0.0011807213624826,0.0
energy,L3,4,STREAM,2000000,5060ti,0.0021629841379013,0.0021629841379013,0.0
energy,L3,4,STREAM,4000000,5060ti,0.0105152817574021,0.0105152817574021,0.0
energy,L3,4,STREAM,8000000,5060ti,0.0246636341581756,0.0246636341581756,0.0
energy,L3,4,STREAM,16000000,5060ti,0.0492696411251212,0.0492696411251212,0.0
energy,L3,4,STREAM,32000000,5060ti,0.0982754607177497,0.0982754607177497,0.0
energy,L3,4,STREAM,64000000,5060ti,0.1964176356589147,0.1964176356589147,0.0
energy,L3,4,STREAM,128000000,5060ti,0.3972693798449612,0.3972693798449612,0.0
energy,L3,4,STREAM,256000000,5060ti,0.7856627906976743,0.7856627906976743,0.0
energy,L3,4,STRIDED_GEMM,64,5060ti,0.0003301833153612,0.0003301833153612,0.0
energy,L3,4,STRIDED_GEMM,128,5060ti,0.0004277205107757,0.0004277205107757,0.0
energy,L3,4,STRIDED_GEMM,256,5060ti,0.0012573772639439,0.0012573772639439,0.0
energy,L3,4,STRIDED_GEMM,512,5060ti,0.0072599729546991,0.0072599729546991,0.0
energy,L3,4,STRIDED_GEMM,1024,3090,0.0404943806791009,0.0404943806791009,0.0
energy,L3,4,STRIDED_GEMM,2048,3090,0.2590519877675841,0.2590519877675841,0.0
energy,L3,4,STRIDED_GEMM,4096,3090,1.8068722222222224,1.8068722222222224,0.0
energy,L3,4,STRIDED_GEMM,8192,3090,13.599875,13.599875,0.0
energy,L3,4,STRIDED_GEMM,16384,3090,111.51975,111.51975,0.0
energy,L3,5,AXPY,1000000,5060ti,0.0011163104888233,0.0011163104888233,0.0
energy,L3,5,AXPY,2000000,5060ti,0.0020373554571637,0.0020373554571637,0.0
energy,L3,5,AXPY,4000000,5060ti,0.0047548633472602,0.0047548633472602,0.0
energy,L3,5,AXPY,8000000,5060ti,0.0229790957705396,0.0229790957705396,0.0
energy,L3,5,AXPY,16000000,5060ti,0.0463498062015503,0.0463498062015503,0.0
energy,L3,5,AXPY,32000000,5060ti,0.092560620756547,0.092560620756547,0.0
energy,L3,5,AXPY,64000000,5060ti,0.1824071566731141,0.1824071566731141,0.0
energy,L3,5,AXPY,128000000,5060ti,0.3683474903474903,0.3683474903474903,0.0
energy,L3,5,AXPY,256000000,5060ti,0.7448449612403101,0.7448449612403101,0.0
energy,L3,5,CONV2D,1,3090,0.1059935483870967,0.1059935483870967,0.0
energy,L3,5,CONV2D,2,5060ti,0.0923613053613053,0.0923613053613053,0.0
energy,L3,5,CONV2D,3,3090,0.0782325553983969,0.0782325553983969,0.0
energy,L3,5,CONV2D,4,5060ti,0.0861732530120482,0.0861732530120482,0.0
energy,L3,5,CONV2D,5,3090,0.1587692853762423,0.1587692853762423,0.0
energy,L3,5,CONV2D,6,5060ti,0.2179719512195121,0.2179719512195121,0.0
energy,L3,5,GEMM,64,5060ti,0.0003347796931087,0.0003347796931087,0.0
energy,L3,5,GEMM,128,5060ti,0.0004186242111759,0.0004186242111759,0.0
energy,L3,5,GEMM,256,5060ti,0.0012592353037497,0.0012592353037497,0.0
energy,L3,5,GEMM,512,3090,0.0071338785469004,0.0071338785469004,0.0
energy,L3,5,GEMM,1024,3090,0.0401171231216674,0.0401171231216674,0.0
energy,L3,5,GEMM,2048,3090,0.2481971407072987,0.2481971407072987,0.0
energy,L3,5,GEMM,4096,3090,1.7184388888888886,1.7184388888888886,0.0
energy,L3,5,GEMM,8192,3090,13.074854166666666,13.074854166666666,0.0
energy,L3,5,GEMM,16384,3090,103.623875,103.623875,0.0
energy,L3,5,REDUCTION,1000000,5060ti,0.0004093440537001,0.0004093440537001,0.0
energy,L3,5,REDUCTION,2000000,5060ti,0.0007337658080009,0.0007337658080009,0.0
energy,L3,5,REDUCTION,4000000,5060ti,0.0010198147511178,0.0010198147511178,0.0
energy,L3,5,REDUCTION,8000000,5060ti,0.001830818280606,0.001830818280606,0.0
energy,L3,5,REDUCTION,16000000,5060ti,0.013697242206235,0.013697242206235,0.0
energy,L3,5,REDUCTION,32000000,5060ti,0.0257176724137931,0.0257176724137931,0.0
energy,L3,5,REDUCTION,64000000,5060ti,0.0510550486618004,0.0510550486618004,0.0
energy,L3,5,REDUCTION,128000000,5060ti,0.1017820048309178,0.1017820048309178,0.0
energy,L3,5,REDUCTION,256000000,5060ti,0.2035204819277108,0.2035204819277108,0.0
energy,L3,5,STREAM,1000000,5060ti,0.0011669327765495,0.0011669327765495,0.0
energy,L3,5,STREAM,2000000,5060ti,0.0021483758185387,0.0021483758185387,0.0
energy,L3,5,STREAM,4000000,5060ti,0.0104175735013363,0.0104175735013363,0.0
energy,L3,5,STREAM,8000000,5060ti,0.0248203011170471,0.0248203011170471,0.0
energy,L3,5,STREAM,16000000,5060ti,0.0495196316044595,0.0495196316044595,0.0
energy,L3,5,STREAM,32000000,5060ti,0.097985465116279,0.097985465116279,0.0
energy,L3,5,STREAM,64000000,5060ti,0.1957567829457364,0.1957567829457364,0.0
energy,L3,5,STREAM,128000000,5060ti,0.3926027131782945,0.3926027131782945,0.0
energy,L3,5,STREAM,256000000,5060ti,0.7849069767441861,0.7849069767441861,0.0
energy,L3,5,STRIDED_GEMM,64,5060ti,0.0003306468934275,0.0003306468934275,0.0
energy,L3,5,STRIDED_GEMM,128,5060ti,0.0004241905507189,0.0004241905507189,0.0
energy,L3,5,STRIDED_GEMM,256,5060ti,0.0012522025349621,0.0012522025349621,0.0
energy,L3,5,STRIDED_GEMM,512,5060ti,0.007356186612576,0.0069264347185788,6.204518073987986
energy,L3,5,STRIDED_GEMM,1024,3090,0.0406902180460185,0.0406902180460185,0.0
energy,L3,5,STRIDED_GEMM,2048,3090,0.2570708333333333,0.2570708333333333,0.0
energy,L3,5,STRIDED_GEMM,4096,3090,1.798779005524862,1.798779005524862,0.0
energy,L3,5,STRIDED_GEMM,8192,3090,13.750395833333332,13.750395833333332,0.0
energy,L3,5,STRIDED_GEMM,16384,3090,111.2755,111.2755,0.0
runtime,L1,1,AXPY,1000000,3090,1.361253730647888e-05,8.188087509211496e-06,66.24806819864769
runtime,L1,1,AXPY,2000000,3090,3.123123084129661e-05,1.4329162604421902e-05,117.95572919005623
runtime,L1,1,AXPY,4000000,3090,5.956369406229528e-05,2.661276897496608e-05,123.81622189831228
runtime,L1,1,AXPY,8000000,3090,0.0001162878445529,0.0001162878445529,0.0
runtime,L1,1,AXPY,16000000,3090,0.0002304997519013,0.0002304997519013,0.0
runtime,L1,1,AXPY,32000000,3090,0.0004571638276965,0.0004571638276965,0.0
runtime,L1,1,AXPY,64000000,3090,0.0009120088422727,0.0009120088422727,0.0
runtime,L1,1,AXPY,128000000,3090,0.0018179540099457,0.0018179540099457,0.0
runtime,L1,1,AXPY,256000000,3090,0.0036254914855072,0.0036254914855072,0.0
runtime,L1,1,CONV2D,1,3090,0.0003102849536951,0.0003102849536951,0.0
runtime,L1,1,CONV2D,2,3090,0.0002893260806451,0.0002893260806451,0.0
runtime,L1,1,CONV2D,3,3090,0.0002387750374255,0.0002387750374255,0.0
runtime,L1,1,CONV2D,4,3090,0.0003060187135225,0.0003060187135225,0.0
runtime,L1,1,CONV2D,5,3090,0.0004733076907677,0.0004733076907677,0.0
runtime,L1,1,CONV2D,6,3090,0.0007517900052356,0.0007517900052356,0.0
runtime,L1,1,GEMM,64,3090,5.217029646225186e-06,5.217029646225186e-06,0.0
runtime,L1,1,GEMM,128,3090,5.161149326824335e-06,5.161149326824335e-06,0.0
runtime,L1,1,GEMM,256,3090,7.180509782803805e-06,7.180509782803805e-06,0.0
runtime,L1,1,GEMM,512,3090,2.268124110511216e-05,2.268124110511216e-05,0.0
runtime,L1,1,GEMM,1024,3090,0.0001210981721341,0.0001210981721341,0.0
runtime,L1,1,GEMM,2048,3090,0.0007520269865067,0.0007520269865067,0.0
runtime,L1,1,GEMM,4096,3090,0.0055481767955801,0.0055481767955801,0.0
runtime,L1,1,GEMM,8192,3090,0.0417421458333333,0.0417421458333333,0.0
runtime,L1,1,GEMM,16384,3090,0.332597875,0.332597875,0.0
runtime,L1,1,REDUCTION,1000000,3090,5.700756277427376e-06,5.700756277427376e-06,0.0
runtime,L1,1,REDUCTION,2000000,3090,1.3867925871226304e-05,8.1960527370483e-06,69.20249681337035
runtime,L1,1,REDUCTION,4000000,3090,2.2865760277574538e-05,1.2284495780305637e-05,86.13511442799845
runtime,L1,1,REDUCTION,8000000,3090,4.115102366060406e-05,2.050992609266361e-05,100.63955118455428
runtime,L1,1,REDUCTION,16000000,3090,7.691327039913865e-05,7.691327039913865e-05,0.0
runtime,L1,1,REDUCTION,32000000,3090,0.0001487895335465,0.0001487895335465,0.0
runtime,L1,1,REDUCTION,64000000,3090,0.0002924800657894,0.0002924800657894,0.0
runtime,L1,1,REDUCTION,128000000,3090,0.0005799535315942,0.0005799535315942,0.0
runtime,L1,1,REDUCTION,256000000,3090,0.0011548241166281,0.0011548241166281,0.0
runtime,L1,1,STREAM,1000000,3090,1.538917117033889e-05,8.188119217227545e-06,87.94512832642395
runtime,L1,1,STREAM,2000000,3090,3.152441523233088e-05,1.4329450199888234e-05,119.99738156441451
runtime,L1,1,STREAM,4000000,3090,5.958870487310854e-05,5.958870487310854e-05,0.0
runtime,L1,1,STREAM,8000000,3090,0.0001164360228198,0.0001164360228198,0.0
runtime,L1,1,STREAM,16000000,3090,0.0002298244485294,0.0002298244485294,0.0
runtime,L1,1,STREAM,32000000,3090,0.0004555765027322,0.0004555765027322,0.0
runtime,L1,1,STREAM,64000000,3090,0.0009091030881017,0.0009091030881017,0.0
runtime,L1,1,STREAM,128000000,3090,0.0018097649186256,0.0018097649186256,0.0
runtime,L1,1,STREAM,256000000,3090,0.0036186895306859,0.0036186895306859,0.0
runtime,L1,1,STRIDED_GEMM,64,3090,5.266399936827144e-06,5.266399936827144e-06,0.0
runtime,L1,1,STRIDED_GEMM,128,3090,5.1937753868660095e-06,5.1937753868660095e-06,0.0
runtime,L1,1,STRIDED_GEMM,256,3090,7.281878877013135e-06,7.281878877013135e-06,0.0
runtime,L1,1,STRIDED_GEMM,512,3090,2.2870950780696337e-05,2.2870950780696337e-05,0.0
runtime,L1,1,STRIDED_GEMM,1024,3090,0.0001220956264775,0.0001220956264775,0.0
runtime,L1,1,STRIDED_GEMM,2048,3090,0.0007633280182232,0.0007633280182232,0.0
runtime,L1,1,STRIDED_GEMM,4096,3090,0.0055567777777777,0.0055567777777777,0.0
runtime,L1,1,STRIDED_GEMM,8192,3090,0.041750125,0.041750125,0.0
runtime,L1,1,STRIDED_GEMM,16384,3090,0.3327878333333333,0.3327878333333333,0.0
runtime,L1,2,AXPY,1000000,3090,1.3588478707684937e-05,8.188074392041267e-06,65.95450965727439
runtime,L1,2,AXPY,2000000,3090,3.124808022434696e-05,1.4329123006490994e-05,118.07391987766307
runtime,L1,2,AXPY,4000000,3090,5.950264510947168e-05,2.6613832286649455e-05,123.57789163389504
runtime,L1,2,AXPY,8000000,3090,0.0001164095165871,0.0001164095165871,0.0
runtime,L1,2,AXPY,16000000,3090,0.0002302442396408,0.0002302442396408,0.0
runtime,L1,2,AXPY,32000000,3090,0.0004571387360603,0.0004571387360603,0.0
runtime,L1,2,AXPY,64000000,3090,0.0009121405378304,0.0009121405378304,0.0
runtime,L1,2,AXPY,128000000,3090,0.0018178801125226,0.0018178801125226,0.0
runtime,L1,2,AXPY,256000000,3090,0.0036274377717391,0.0036274377717391,0.0
runtime,L1,2,CONV2D,1,3090,0.0003124439581525,0.0003124439581525,0.0
runtime,L1,2,CONV2D,2,3090,0.0002899841917531,0.0002899841917531,0.0
runtime,L1,2,CONV2D,3,3090,0.0002372934103684,0.0002372934103684,0.0
runtime,L1,2,CONV2D,4,3090,0.0003027224593483,0.0003027224593483,0.0
runtime,L1,2,CONV2D,5,3090,0.0004729195023596,0.0004729195023596,0.0
runtime,L1,2,CONV2D,6,3090,0.0007497810979805,0.0007497810979805,0.0
runtime,L1,2,GEMM,64,3090,5.217261330258716e-06,5.217261330258716e-06,0.0
runtime,L1,2,GEMM,128,3090,5.161019462947544e-06,5.161019462947544e-06,0.0
runtime,L1,2,GEMM,256,3090,7.179988369087619e-06,7.179988369087619e-06,0.0
runtime,L1,2,GEMM,512,3090,2.269167419792137e-05,2.269167419792137e-05,0.0
runtime,L1,2,GEMM,1024,3090,0.0001211782387806,0.0001211782387806,0.0
runtime,L1,2,GEMM,2048,3090,0.0007534766741911,0.0007534766741911,0.0
runtime,L1,2,GEMM,4096,3090,0.0055629222222222,0.0055629222222222,0.0
runtime,L1,2,GEMM,8192,3090,0.0417100624999999,0.0417100624999999,0.0
runtime,L1,2,GEMM,16384,3090,0.331504875,0.331504875,0.0
runtime,L1,2,REDUCTION,1000000,3090,5.653928630472067e-06,5.653928630472067e-06,0.0
runtime,L1,2,REDUCTION,2000000,3090,1.381411013988428e-05,8.196056425240346e-06,68.54581548929718
runtime,L1,2,REDUCTION,4000000,3090,2.2852745052785523e-05,1.2284477980197534e-05,86.02943559851659
runtime,L1,2,REDUCTION,8000000,3090,4.117687697628459e-05,2.046900967127886e-05,101.16692325404499
runtime,L1,2,REDUCTION,16000000,3090,7.689482427341227e-05,7.689482427341227e-05,0.0
runtime,L1,2,REDUCTION,32000000,3090,0.0001487715977242,0.0001487715977242,0.0
runtime,L1,2,REDUCTION,64000000,3090,0.0002925112850248,0.0002925112850248,0.0
runtime,L1,2,REDUCTION,128000000,3090,0.0005805002019733,0.0005805002019733,0.0
runtime,L1,2,REDUCTION,256000000,3090,0.0011548411726327,0.0011548411726327,0.0
runtime,L1,2,STREAM,1000000,3090,1.539784871723798e-05,8.188016867272578e-06,88.05345624998684
runtime,L1,2,STREAM,2000000,3090,3.1579489122541125e-05,1.4328955852641532e-05,120.38932527466382
runtime,L1,2,STREAM,4000000,3090,5.967008710177783e-05,5.967008710177783e-05,0.0
runtime,L1,2,STREAM,8000000,3090,0.0001162032884034,0.0001162032884034,0.0
runtime,L1,2,STREAM,16000000,3090,0.0002296336394948,0.0002296336394948,0.0
runtime,L1,2,STREAM,32000000,3090,0.0004557681093394,0.0004557681093394,0.0
runtime,L1,2,STREAM,64000000,3090,0.0009094963636363,0.0009094963636363,0.0
runtime,L1,2,STREAM,128000000,3090,0.0018104330922242,0.0018104330922242,0.0
runtime,L1,2,STREAM,256000000,3090,0.0036179855595667,0.0036179855595667,0.0
runtime,L1,2,STRIDED_GEMM,64,3090,5.2663084400027385e-06,5.2663084400027385e-06,0.0
runtime,L1,2,STRIDED_GEMM,128,3090,5.18906807248901e-06,5.18906807248901e-06,0.0
runtime,L1,2,STRIDED_GEMM,256,3090,7.282653811704909e-06,7.282653811704909e-06,0.0
runtime,L1,2,STRIDED_GEMM,512,3090,2.291826648056197e-05,2.291826648056197e-05,0.0
runtime,L1,2,STRIDED_GEMM,1024,3090,0.0001219558594218,0.0001219558594218,0.0
runtime,L1,2,STRIDED_GEMM,2048,3090,0.0007663213740458,0.0007663213740458,0.0
runtime,L1,2,STRIDED_GEMM,4096,3090,0.0055515994475138,0.0055515994475138,0.0
runtime,L1,2,STRIDED_GEMM,8192,3090,0.0418021458333333,0.0418021458333333,0.0
runtime,L1,2,STRIDED_GEMM,16384,3090,0.332657375,0.332657375,0.0
runtime,L1,3,AXPY,1000000,3090,1.2708235546380604e-05,8.188072942765906e-06,55.20422980120401
runtime,L1,3,AXPY,2000000,3090,3.1247946161297376e-05,1.432911731791543e-05,118.07307085293135
runtime,L1,3,AXPY,4000000,3090,5.964291639833036e-05,2.6613515447868437e-05,124.10762123914508
runtime,L1,3,AXPY,8000000,3090,0.0001163761774287,0.0001163761774287,0.0
runtime,L1,3,AXPY,16000000,3090,0.0002299871108555,0.0002299871108555,0.0
runtime,L1,3,AXPY,32000000,3090,0.0004572038971663,0.0004572038971663,0.0
runtime,L1,3,AXPY,64000000,3090,0.0009122411909753,0.0009122411909753,0.0
runtime,L1,3,AXPY,128000000,3090,0.0018176927259528,0.0018176927259528,0.0
runtime,L1,3,AXPY,256000000,3090,0.0036263515072202,0.0036263515072202,0.0
runtime,L1,3,CONV2D,1,3090,0.0003117660300123,0.0003117660300123,0.0
runtime,L1,3,CONV2D,2,3090,0.0002893070187211,0.0002893070187211,0.0
runtime,L1,3,CONV2D,3,3090,0.0002380348142352,0.0002380348142352,0.0
runtime,L1,3,CONV2D,4,3090,0.0003062447918572,0.0003062447918572,0.0
runtime,L1,3,CONV2D,5,3090,0.0004708557237827,0.0004708557237827,0.0
runtime,L1,3,CONV2D,6,3090,0.0007474163896627,0.0007474163896627,0.0
runtime,L1,3,GEMM,64,3090,5.224620282895767e-06,5.224620282895767e-06,0.0
runtime,L1,3,GEMM,128,3090,5.183126736815811e-06,5.183126736815811e-06,0.0
runtime,L1,3,GEMM,256,3090,7.24233833007459e-06,7.24233833007459e-06,0.0
runtime,L1,3,GEMM,512,3090,2.2760561473190104e-05,2.2760561473190104e-05,0.0
runtime,L1,3,GEMM,1024,3090,0.0001209905795373,0.0001209905795373,0.0
runtime,L1,3,GEMM,2048,3090,0.000751848758465,0.000751848758465,0.0
runtime,L1,3,GEMM,4096,3090,0.0055513555555555,0.0055513555555555,0.0
runtime,L1,3,GEMM,8192,3090,0.0417959791666666,0.0417959791666666,0.0
runtime,L1,3,GEMM,16384,3090,0.3319046249999999,0.3319046249999999,0.0
runtime,L1,3,REDUCTION,1000000,3090,5.658497548303753e-06,5.658497548303753e-06,0.0
runtime,L1,3,REDUCTION,2000000,3090,1.3754204585453044e-05,8.19605447049856e-06,67.81494846039482
runtime,L1,3,REDUCTION,4000000,3090,2.284362476016446e-05,1.2284663100093362e-05,85.95239099386332
runtime,L1,3,REDUCTION,8000000,3090,4.120014467559217e-05,2.0500984348093484e-05,100.96666567829283
runtime,L1,3,REDUCTION,16000000,3090,7.6907040525992e-05,7.6907040525992e-05,0.0
runtime,L1,3,REDUCTION,32000000,3090,0.0001488180273768,0.0001488180273768,0.0
runtime,L1,3,REDUCTION,64000000,3090,0.0002925818749634,0.0002925818749634,0.0
runtime,L1,3,REDUCTION,128000000,3090,0.0005799773257971,0.0005799773257971,0.0
runtime,L1,3,REDUCTION,256000000,3090,0.0011549157713625,0.0011549157713625,0.0
runtime,L1,3,STREAM,1000000,3090,1.5354165067767732e-05,8.188328011135675e-06,87.51282370328732
runtime,L1,3,STREAM,2000000,3090,3.1424124391393124e-05,1.4329471693246788e-05,119.29715947729412
runtime,L1,3,STREAM,4000000,3090,5.968340494092373e-05,5.968340494092373e-05,0.0
runtime,L1,3,STREAM,8000000,3090,0.0001159728601252,0.0001159728601252,0.0
runtime,L1,3,STREAM,16000000,3090,0.0002295168655346,0.0002295168655346,0.0
runtime,L1,3,STREAM,32000000,3090,0.0004553024578971,0.0004553024578971,0.0
runtime,L1,3,STREAM,64000000,3090,0.0009083574023614,0.0009083574023614,0.0
runtime,L1,3,STREAM,128000000,3090,0.0018103218806509,0.0018103218806509,0.0
runtime,L1,3,STREAM,256000000,3090,0.0036189025270758,0.0036189025270758,0.0
runtime,L1,3,STRIDED_GEMM,64,3090,5.265313804667716e-06,5.265313804667716e-06,0.0
runtime,L1,3,STRIDED_GEMM,128,3090,5.180780624707656e-06,5.180780624707656e-06,0.0
runtime,L1,3,STRIDED_GEMM,256,3090,7.282969953831142e-06,7.282969953831142e-06,0.0
runtime,L1,3,STRIDED_GEMM,512,3090,2.281510320678216e-05,2.281510320678216e-05,0.0
runtime,L1,3,STRIDED_GEMM,1024,3090,0.0001225172497276,0.0001225172497276,0.0
runtime,L1,3,STRIDED_GEMM,2048,3090,0.0007656031866464,0.0007656031866464,0.0
runtime,L1,3,STRIDED_GEMM,4096,3090,0.0055629916666666,0.0055629916666666,0.0
runtime,L1,3,STRIDED_GEMM,8192,3090,0.041721375,0.041721375,0.0
runtime,L1,3,STRIDED_GEMM,16384,3090,0.333162875,0.333162875,0.0
runtime,L1,4,AXPY,1000000,3090,1.2696793542484658e-05,8.18806852534185e-06,55.06457357053654
runtime,L1,4,AXPY,2000000,3090,3.116942993829085e-05,1.432912736964278e-05,117.52496948506005
runtime,L1,4,AXPY,4000000,3090,5.962062718330849e-05,2.6621059441117764e-05,123.96038487942742
runtime,L1,4,AXPY,8000000,3090,0.000116457609455,0.000116457609455,0.0
runtime,L1,4,AXPY,16000000,3090,0.0002304711519585,0.0002304711519585,0.0
runtime,L1,4,AXPY,32000000,3090,0.0004567316458904,0.0004567316458904,0.0
runtime,L1,4,AXPY,64000000,3090,0.0009130319256386,0.0009130319256386,0.0
runtime,L1,4,AXPY,128000000,3090,0.0018174522708333,0.0018174522708333,0.0
runtime,L1,4,AXPY,256000000,3090,0.0036274231938405,0.0036274231938405,0.0
runtime,L1,4,CONV2D,1,3090,0.0003114451813407,0.0003114451813407,0.0
runtime,L1,4,CONV2D,2,3090,0.0002885922603388,0.0002885922603388,0.0
runtime,L1,4,CONV2D,3,3090,0.0002389634517627,0.0002389634517627,0.0
runtime,L1,4,CONV2D,4,3090,0.0003069818856049,0.0003069818856049,0.0
runtime,L1,4,CONV2D,5,3090,0.0004755983571768,0.0004755983571768,0.0
runtime,L1,4,CONV2D,6,3090,0.0007364217845821,0.0007364217845821,0.0
runtime,L1,4,GEMM,64,3090,5.215761141712569e-06,5.215761141712569e-06,0.0
runtime,L1,4,GEMM,128,3090,5.161102740856931e-06,5.161102740856931e-06,0.0
runtime,L1,4,GEMM,256,3090,7.1800376215160615e-06,7.1800376215160615e-06,0.0
runtime,L1,4,GEMM,512,3090,2.2619119707171586e-05,2.2619119707171586e-05,0.0
runtime,L1,4,GEMM,1024,3090,0.0001209204545454,0.0001209204545454,0.0
runtime,L1,4,GEMM,2048,3090,0.0007529011278195,0.0007529011278195,0.0
runtime,L1,4,GEMM,4096,3090,0.0055656583333333,0.0055656583333333,0.0
runtime,L1,4,GEMM,8192,3090,0.0417307083333333,0.0417307083333333,0.0
runtime,L1,4,GEMM,16384,3090,0.33249425,0.33249425,0.0
runtime,L1,4,REDUCTION,1000000,3090,5.684419756909063e-06,5.684419756909063e-06,0.0
runtime,L1,4,REDUCTION,2000000,3090,1.3855103536647872e-05,8.196145859799527e-06,69.04413090797239
runtime,L1,4,REDUCTION,4000000,3090,2.2817083707877983e-05,1.228461746965751e-05,85.73703059322133
runtime,L1,4,REDUCTION,8000000,3090,4.116970972788275e-05,2.0508436181337272e-05,100.7452414404336
runtime,L1,4,REDUCTION,16000000,3090,7.688619797032367e-05,7.688619797032367e-05,0.0
runtime,L1,4,REDUCTION,32000000,3090,0.0001487566275472,0.0001487566275472,0.0
runtime,L1,4,REDUCTION,64000000,3090,0.0002924945998538,0.0002924945998538,0.0
runtime,L1,4,REDUCTION,128000000,3090,0.0005799999084057,0.0005799999084057,0.0
runtime,L1,4,REDUCTION,256000000,3090,0.0011548805571593,0.0011548805571593,0.0
runtime,L1,4,STREAM,1000000,3090,1.5482835740044266e-05,8.18810284123475e-06,89.08941473076911
runtime,L1,4,STREAM,2000000,3090,3.165143508116832e-05,1.4329228101849862e-05,120.88723032528326
runtime,L1,4,STREAM,4000000,3090,5.9670525059665874e-05,5.9670525059665874e-05,0.0
runtime,L1,4,STREAM,8000000,3090,0.0001164227770018,0.0001164227770018,0.0
runtime,L1,4,STREAM,16000000,3090,0.000229310522696,0.000229310522696,0.0
runtime,L1,4,STREAM,32000000,3090,0.0004557578587699,0.0004557578587699,0.0
runtime,L1,4,STREAM,64000000,3090,0.0009089736603088,0.0009089736603088,0.0
runtime,L1,4,STREAM,128000000,3090,0.0018103182640144,0.0018103182640144,0.0
runtime,L1,4,STREAM,256000000,3090,0.0036226823104693,0.0036226823104693,0.0
runtime,L1,4,STRIDED_GEMM,64,3090,5.265390629524527e-06,5.265390629524527e-06,0.0
runtime,L1,4,STRIDED_GEMM,128,3090,5.186626183838249e-06,5.186626183838249e-06,0.0
runtime,L1,4,STRIDED_GEMM,256,3090,7.282658879559572e-06,7.282658879559572e-06,0.0
runtime,L1,4,STRIDED_GEMM,512,3090,2.2847072797459968e-05,2.2847072797459968e-05,0.0
runtime,L1,4,STRIDED_GEMM,1024,3090,0.0001221521401243,0.0001221521401243,0.0
runtime,L1,4,STRIDED_GEMM,2048,3090,0.0007647087155963,0.0007647087155963,0.0
runtime,L1,4,STRIDED_GEMM,4096,3090,0.0055562472222222,0.0055562472222222,0.0
runtime,L1,4,STRIDED_GEMM,8192,3090,0.041805375,0.041805375,0.0
runtime,L1,4,STRIDED_GEMM,16384,3090,0.33255825,0.33255825,0.0
runtime,L1,5,AXPY,1000000,3090,1.2711648954017435e-05,8.188062994350283e-06,55.24610598121193
runtime,L1,5,AXPY,2000000,3090,3.119256242787187e-05,1.4329117998538452e-05,117.68654868396968
runtime,L1,5,AXPY,4000000,3090,5.970121484001911e-05,2.6615661455145436e-05,124.30858966489242
runtime,L1,5,AXPY,8000000,3090,0.0001163913953095,0.0001163913953095,0.0
runtime,L1,5,AXPY,16000000,3090,0.000230460056682,0.000230460056682,0.0
runtime,L1,5,AXPY,32000000,3090,0.0004571128379798,0.0004571128379798,0.0
runtime,L1,5,AXPY,64000000,3090,0.0009122768090246,0.0009122768090246,0.0
runtime,L1,5,AXPY,128000000,3090,0.0018180892105263,0.0018180892105263,0.0
runtime,L1,5,AXPY,256000000,3090,0.003627064298913,0.003627064298913,0.0
runtime,L1,5,CONV2D,1,3090,0.0003094766104454,0.0003094766104454,0.0
runtime,L1,5,CONV2D,2,3090,0.0002878408996559,0.0002878408996559,0.0
runtime,L1,5,CONV2D,3,3090,0.000237478404644,0.000237478404644,0.0
runtime,L1,5,CONV2D,4,3090,0.0003064980460385,0.0003064980460385,0.0
runtime,L1,5,CONV2D,5,3090,0.0004735562347373,0.0004735562347373,0.0
runtime,L1,5,CONV2D,6,3090,0.0007449064265887,0.0007449064265887,0.0
runtime,L1,5,GEMM,64,3090,5.215406725472023e-06,5.215406725472023e-06,0.0
runtime,L1,5,GEMM,128,3090,5.160498668703173e-06,5.160498668703173e-06,0.0
runtime,L1,5,GEMM,256,3090,7.2433070467004125e-06,7.2433070467004125e-06,0.0
runtime,L1,5,GEMM,512,3090,2.2763509849990964e-05,2.2763509849990964e-05,0.0
runtime,L1,5,GEMM,1024,3090,0.0001209120819195,0.0001209120819195,0.0
runtime,L1,5,GEMM,2048,3090,0.0007522031602708,0.0007522031602708,0.0
runtime,L1,5,GEMM,4096,3090,0.0055487361111111,0.0055487361111111,0.0
runtime,L1,5,GEMM,8192,3090,0.0417390208333333,0.0417390208333333,0.0
runtime,L1,5,GEMM,16384,3090,0.333069375,0.333069375,0.0
runtime,L1,5,REDUCTION,1000000,3090,5.633382602035967e-06,5.633382602035967e-06,0.0
runtime,L1,5,REDUCTION,2000000,3090,1.382743051332375e-05,8.196122062764833e-06,68.70698615070752
runtime,L1,5,REDUCTION,4000000,3090,2.281133102559424e-05,1.2284620804874453e-05,85.69015184044477
runtime,L1,5,REDUCTION,8000000,3090,4.126175128935099e-05,2.050957770692801e-05,101.18284188471138
runtime,L1,5,REDUCTION,16000000,3090,7.687676447075103e-05,7.687676447075103e-05,0.0
runtime,L1,5,REDUCTION,32000000,3090,0.0001487201231226,0.0001487201231226,0.0
runtime,L1,5,REDUCTION,64000000,3090,0.0002925279605147,0.0002925279605147,0.0
runtime,L1,5,REDUCTION,128000000,3090,0.0005799756831884,0.0005799756831884,0.0
runtime,L1,5,REDUCTION,256000000,3090,0.0011555575144341,0.0011555575144341,0.0
runtime,L1,5,STREAM,1000000,3090,1.5353986374516665e-05,8.188082371243758e-06,87.51626667117196
runtime,L1,5,STREAM,2000000,3090,3.127744598355273e-05,1.4329084812792848e-05,118.27943928162514
runtime,L1,5,STREAM,4000000,3090,6.055664547381168e-05,6.055664547381168e-05,0.0
runtime,L1,5,STREAM,8000000,3090,0.000116463029809,0.000116463029809,0.0
runtime,L1,5,STREAM,16000000,3090,0.0002298289292279,0.0002298289292279,0.0
runtime,L1,5,STREAM,32000000,3090,0.0004557906605922,0.0004557906605922,0.0
runtime,L1,5,STREAM,64000000,3090,0.0009099363636363,0.0009099363636363,0.0
runtime,L1,5,STREAM,128000000,3090,0.001811459312839,0.001811459312839,0.0
runtime,L1,5,STREAM,256000000,3090,0.0036244438405797,0.0036244438405797,0.0
runtime,L1,5,STRIDED_GEMM,64,3090,5.265276790649924e-06,5.265276790649924e-06,0.0
runtime,L1,5,STRIDED_GEMM,128,3090,5.183225422148554e-06,5.183225422148554e-06,0.0
runtime,L1,5,STRIDED_GEMM,256,3090,7.283292793055231e-06,7.283292793055231e-06,0.0
runtime,L1,5,STRIDED_GEMM,512,3090,2.2875730590455152e-05,2.2875730590455152e-05,0.0
runtime,L1,5,STRIDED_GEMM,1024,3090,0.000122197205156,0.000122197205156,0.0
runtime,L1,5,STRIDED_GEMM,2048,3090,0.0007633897727272,0.0007633897727272,0.0
runtime,L1,5,STRIDED_GEMM,4096,3090,0.0055470552486187,0.0055470552486187,0.0
runtime,L1,5,STRIDED_GEMM,8192,3090,0.0417089166666666,0.0417089166666666,0.0
runtime,L1,5,STRIDED_GEMM,16384,3090,0.332510375,0.332510375,0.0
runtime,L2,1,AXPY,1000000,3090,1.361253730647888e-05,8.188087509211496e-06,66.24806819864769
runtime,L2,1,AXPY,2000000,3090,3.123123084129661e-05,1.4329162604421902e-05,117.95572919005623
runtime,L2,1,AXPY,4000000,3090,5.956369406229528e-05,2.661276897496608e-05,123.81622189831228
runtime,L2,1,AXPY,8000000,3090,0.0001162878445529,0.0001162878445529,0.0
runtime,L2,1,AXPY,16000000,3090,0.0002304997519013,0.0002304997519013,0.0
runtime,L2,1,AXPY,32000000,3090,0.0004571638276965,0.0004571638276965,0.0
runtime,L2,1,AXPY,64000000,3090,0.0009120088422727,0.0009120088422727,0.0
runtime,L2,1,AXPY,128000000,3090,0.0018179540099457,0.0018179540099457,0.0
runtime,L2,1,AXPY,256000000,3090,0.0036254914855072,0.0036254914855072,0.0
runtime,L2,1,CONV2D,1,3090,0.0003102849536951,0.0003102849536951,0.0
runtime,L2,1,CONV2D,2,3090,0.0002893260806451,0.0002893260806451,0.0
runtime,L2,1,CONV2D,3,3090,0.0002387750374255,0.0002387750374255,0.0
runtime,L2,1,CONV2D,4,3090,0.0003060187135225,0.0003060187135225,0.0
runtime,L2,1,CONV2D,5,3090,0.0004733076907677,0.0004733076907677,0.0
runtime,L2,1,CONV2D,6,3090,0.0007517900052356,0.0007517900052356,0.0
runtime,L2,1,GEMM,64,3090,5.217029646225186e-06,5.217029646225186e-06,0.0
runtime,L2,1,GEMM,128,3090,5.161149326824335e-06,5.161149326824335e-06,0.0
runtime,L2,1,GEMM,256,3090,7.180509782803805e-06,7.180509782803805e-06,0.0
runtime,L2,1,GEMM,512,3090,2.268124110511216e-05,2.268124110511216e-05,0.0
runtime,L2,1,GEMM,1024,3090,0.0001210981721341,0.0001210981721341,0.0
runtime,L2,1,GEMM,2048,3090,0.0007520269865067,0.0007520269865067,0.0
runtime,L2,1,GEMM,4096,3090,0.0055481767955801,0.0055481767955801,0.0
runtime,L2,1,GEMM,8192,3090,0.0417421458333333,0.0417421458333333,0.0
runtime,L2,1,GEMM,16384,3090,0.332597875,0.332597875,0.0
runtime,L2,1,REDUCTION,1000000,3090,5.700756277427376e-06,5.700756277427376e-06,0.0
runtime,L2,1,REDUCTION,2000000,3090,1.3867925871226304e-05,8.1960527370483e-06,69.20249681337035
runtime,L2,1,REDUCTION,4000000,3090,2.2865760277574538e-05,1.2284495780305637e-05,86.13511442799845
runtime,L2,1,REDUCTION,8000000,3090,4.115102366060406e-05,2.050992609266361e-05,100.63955118455428
runtime,L2,1,REDUCTION,16000000,3090,7.691327039913865e-05,7.691327039913865e-05,0.0
runtime,L2,1,REDUCTION,32000000,3090,0.0001487895335465,0.0001487895335465,0.0
runtime,L2,1,REDUCTION,64000000,3090,0.0002924800657894,0.0002924800657894,0.0
runtime,L2,1,REDUCTION,128000000,3090,0.0005799535315942,0.0005799535315942,0.0
runtime,L2,1,REDUCTION,256000000,3090,0.0011548241166281,0.0011548241166281,0.0
runtime,L2,1,STREAM,1000000,3090,1.538917117033889e-05,8.188119217227545e-06,87.94512832642395
runtime,L2,1,STREAM,2000000,3090,3.152441523233088e-05,1.4329450199888234e-05,119.99738156441451
runtime,L2,1,STREAM,4000000,3090,5.958870487310854e-05,5.958870487310854e-05,0.0
runtime,L2,1,STREAM,8000000,3090,0.0001164360228198,0.0001164360228198,0.0
runtime,L2,1,STREAM,16000000,3090,0.0002298244485294,0.0002298244485294,0.0
runtime,L2,1,STREAM,32000000,3090,0.0004555765027322,0.0004555765027322,0.0
runtime,L2,1,STREAM,64000000,3090,0.0009091030881017,0.0009091030881017,0.0
runtime,L2,1,STREAM,128000000,3090,0.0018097649186256,0.0018097649186256,0.0
runtime,L2,1,STREAM,256000000,3090,0.0036186895306859,0.0036186895306859,0.0
runtime,L2,1,STRIDED_GEMM,64,3090,5.266399936827144e-06,5.266399936827144e-06,0.0
runtime,L2,1,STRIDED_GEMM,128,3090,5.1937753868660095e-06,5.1937753868660095e-06,0.0
runtime,L2,1,STRIDED_GEMM,256,3090,7.281878877013135e-06,7.281878877013135e-06,0.0
runtime,L2,1,STRIDED_GEMM,512,3090,2.2870950780696337e-05,2.2870950780696337e-05,0.0
runtime,L2,1,STRIDED_GEMM,1024,3090,0.0001220956264775,0.0001220956264775,0.0
runtime,L2,1,STRIDED_GEMM,2048,3090,0.0007633280182232,0.0007633280182232,0.0
runtime,L2,1,STRIDED_GEMM,4096,3090,0.0055567777777777,0.0055567777777777,0.0
runtime,L2,1,STRIDED_GEMM,8192,3090,0.041750125,0.041750125,0.0
runtime,L2,1,STRIDED_GEMM,16384,3090,0.3327878333333333,0.3327878333333333,0.0
runtime,L2,2,AXPY,1000000,3090,1.3588478707684937e-05,8.188074392041267e-06,65.95450965727439
runtime,L2,2,AXPY,2000000,3090,3.124808022434696e-05,1.4329123006490994e-05,118.07391987766307
runtime,L2,2,AXPY,4000000,3090,5.950264510947168e-05,2.6613832286649455e-05,123.57789163389504
runtime,L2,2,AXPY,8000000,3090,0.0001164095165871,0.0001164095165871,0.0
runtime,L2,2,AXPY,16000000,3090,0.0002302442396408,0.0002302442396408,0.0
runtime,L2,2,AXPY,32000000,3090,0.0004571387360603,0.0004571387360603,0.0
runtime,L2,2,AXPY,64000000,3090,0.0009121405378304,0.0009121405378304,0.0
runtime,L2,2,AXPY,128000000,3090,0.0018178801125226,0.0018178801125226,0.0
runtime,L2,2,AXPY,256000000,3090,0.0036274377717391,0.0036274377717391,0.0
runtime,L2,2,CONV2D,1,3090,0.0003124439581525,0.0003124439581525,0.0
runtime,L2,2,CONV2D,2,3090,0.0002899841917531,0.0002899841917531,0.0
runtime,L2,2,CONV2D,3,3090,0.0002372934103684,0.0002372934103684,0.0
runtime,L2,2,CONV2D,4,3090,0.0003027224593483,0.0003027224593483,0.0
runtime,L2,2,CONV2D,5,3090,0.0004729195023596,0.0004729195023596,0.0
runtime,L2,2,CONV2D,6,3090,0.0007497810979805,0.0007497810979805,0.0
runtime,L2,2,GEMM,64,3090,5.217261330258716e-06,5.217261330258716e-06,0.0
runtime,L2,2,GEMM,128,3090,5.161019462947544e-06,5.161019462947544e-06,0.0
runtime,L2,2,GEMM,256,3090,7.179988369087619e-06,7.179988369087619e-06,0.0
runtime,L2,2,GEMM,512,3090,2.269167419792137e-05,2.269167419792137e-05,0.0
runtime,L2,2,GEMM,1024,3090,0.0001211782387806,0.0001211782387806,0.0
runtime,L2,2,GEMM,2048,3090,0.0007534766741911,0.0007534766741911,0.0
runtime,L2,2,GEMM,4096,3090,0.0055629222222222,0.0055629222222222,0.0
runtime,L2,2,GEMM,8192,3090,0.0417100624999999,0.0417100624999999,0.0
runtime,L2,2,GEMM,16384,3090,0.331504875,0.331504875,0.0
runtime,L2,2,REDUCTION,1000000,3090,5.653928630472067e-06,5.653928630472067e-06,0.0
runtime,L2,2,REDUCTION,2000000,3090,1.381411013988428e-05,8.196056425240346e-06,68.54581548929718
runtime,L2,2,REDUCTION,4000000,3090,2.2852745052785523e-05,1.2284477980197534e-05,86.02943559851659
runtime,L2,2,REDUCTION,8000000,3090,4.117687697628459e-05,2.046900967127886e-05,101.16692325404499
runtime,L2,2,REDUCTION,16000000,3090,7.689482427341227e-05,7.689482427341227e-05,0.0
runtime,L2,2,REDUCTION,32000000,3090,0.0001487715977242,0.0001487715977242,0.0
runtime,L2,2,REDUCTION,64000000,3090,0.0002925112850248,0.0002925112850248,0.0
runtime,L2,2,REDUCTION,128000000,3090,0.0005805002019733,0.0005805002019733,0.0
runtime,L2,2,REDUCTION,256000000,3090,0.0011548411726327,0.0011548411726327,0.0
runtime,L2,2,STREAM,1000000,3090,1.539784871723798e-05,8.188016867272578e-06,88.05345624998684
runtime,L2,2,STREAM,2000000,3090,3.1579489122541125e-05,1.4328955852641532e-05,120.38932527466382
runtime,L2,2,STREAM,4000000,3090,5.967008710177783e-05,5.967008710177783e-05,0.0
runtime,L2,2,STREAM,8000000,3090,0.0001162032884034,0.0001162032884034,0.0
runtime,L2,2,STREAM,16000000,3090,0.0002296336394948,0.0002296336394948,0.0
runtime,L2,2,STREAM,32000000,3090,0.0004557681093394,0.0004557681093394,0.0
runtime,L2,2,STREAM,64000000,3090,0.0009094963636363,0.0009094963636363,0.0
runtime,L2,2,STREAM,128000000,3090,0.0018104330922242,0.0018104330922242,0.0
runtime,L2,2,STREAM,256000000,3090,0.0036179855595667,0.0036179855595667,0.0
runtime,L2,2,STRIDED_GEMM,64,3090,5.2663084400027385e-06,5.2663084400027385e-06,0.0
runtime,L2,2,STRIDED_GEMM,128,3090,5.18906807248901e-06,5.18906807248901e-06,0.0
runtime,L2,2,STRIDED_GEMM,256,3090,7.282653811704909e-06,7.282653811704909e-06,0.0
runtime,L2,2,STRIDED_GEMM,512,3090,2.291826648056197e-05,2.291826648056197e-05,0.0
runtime,L2,2,STRIDED_GEMM,1024,3090,0.0001219558594218,0.0001219558594218,0.0
runtime,L2,2,STRIDED_GEMM,2048,3090,0.0007663213740458,0.0007663213740458,0.0
runtime,L2,2,STRIDED_GEMM,4096,3090,0.0055515994475138,0.0055515994475138,0.0
runtime,L2,2,STRIDED_GEMM,8192,3090,0.0418021458333333,0.0418021458333333,0.0
runtime,L2,2,STRIDED_GEMM,16384,3090,0.332657375,0.332657375,0.0
runtime,L2,3,AXPY,1000000,3090,1.2708235546380604e-05,8.188072942765906e-06,55.20422980120401
runtime,L2,3,AXPY,2000000,3090,3.1247946161297376e-05,1.432911731791543e-05,118.07307085293135
runtime,L2,3,AXPY,4000000,3090,5.964291639833036e-05,2.6613515447868437e-05,124.10762123914508
runtime,L2,3,AXPY,8000000,3090,0.0001163761774287,0.0001163761774287,0.0
runtime,L2,3,AXPY,16000000,3090,0.0002299871108555,0.0002299871108555,0.0
runtime,L2,3,AXPY,32000000,3090,0.0004572038971663,0.0004572038971663,0.0
runtime,L2,3,AXPY,64000000,3090,0.0009122411909753,0.0009122411909753,0.0
runtime,L2,3,AXPY,128000000,3090,0.0018176927259528,0.0018176927259528,0.0
runtime,L2,3,AXPY,256000000,3090,0.0036263515072202,0.0036263515072202,0.0
runtime,L2,3,CONV2D,1,3090,0.0003117660300123,0.0003117660300123,0.0
runtime,L2,3,CONV2D,2,3090,0.0002893070187211,0.0002893070187211,0.0
runtime,L2,3,CONV2D,3,3090,0.0002380348142352,0.0002380348142352,0.0
runtime,L2,3,CONV2D,4,3090,0.0003062447918572,0.0003062447918572,0.0
runtime,L2,3,CONV2D,5,3090,0.0004708557237827,0.0004708557237827,0.0
runtime,L2,3,CONV2D,6,3090,0.0007474163896627,0.0007474163896627,0.0
runtime,L2,3,GEMM,64,3090,5.224620282895767e-06,5.224620282895767e-06,0.0
runtime,L2,3,GEMM,128,3090,5.183126736815811e-06,5.183126736815811e-06,0.0
runtime,L2,3,GEMM,256,3090,7.24233833007459e-06,7.24233833007459e-06,0.0
runtime,L2,3,GEMM,512,3090,2.2760561473190104e-05,2.2760561473190104e-05,0.0
runtime,L2,3,GEMM,1024,3090,0.0001209905795373,0.0001209905795373,0.0
runtime,L2,3,GEMM,2048,3090,0.000751848758465,0.000751848758465,0.0
runtime,L2,3,GEMM,4096,3090,0.0055513555555555,0.0055513555555555,0.0
runtime,L2,3,GEMM,8192,3090,0.0417959791666666,0.0417959791666666,0.0
runtime,L2,3,GEMM,16384,3090,0.3319046249999999,0.3319046249999999,0.0
runtime,L2,3,REDUCTION,1000000,3090,5.658497548303753e-06,5.658497548303753e-06,0.0
runtime,L2,3,REDUCTION,2000000,3090,1.3754204585453044e-05,8.19605447049856e-06,67.81494846039482
runtime,L2,3,REDUCTION,4000000,3090,2.284362476016446e-05,1.2284663100093362e-05,85.95239099386332
runtime,L2,3,REDUCTION,8000000,3090,4.120014467559217e-05,2.0500984348093484e-05,100.96666567829283
runtime,L2,3,REDUCTION,16000000,3090,7.6907040525992e-05,7.6907040525992e-05,0.0
runtime,L2,3,REDUCTION,32000000,3090,0.0001488180273768,0.0001488180273768,0.0
runtime,L2,3,REDUCTION,64000000,3090,0.0002925818749634,0.0002925818749634,0.0
runtime,L2,3,REDUCTION,128000000,3090,0.0005799773257971,0.0005799773257971,0.0
runtime,L2,3,REDUCTION,256000000,3090,0.0011549157713625,0.0011549157713625,0.0
runtime,L2,3,STREAM,1000000,3090,1.5354165067767732e-05,8.188328011135675e-06,87.51282370328732
runtime,L2,3,STREAM,2000000,3090,3.1424124391393124e-05,1.4329471693246788e-05,119.29715947729412
runtime,L2,3,STREAM,4000000,3090,5.968340494092373e-05,5.968340494092373e-05,0.0
runtime,L2,3,STREAM,8000000,3090,0.0001159728601252,0.0001159728601252,0.0
runtime,L2,3,STREAM,16000000,3090,0.0002295168655346,0.0002295168655346,0.0
runtime,L2,3,STREAM,32000000,3090,0.0004553024578971,0.0004553024578971,0.0
runtime,L2,3,STREAM,64000000,3090,0.0009083574023614,0.0009083574023614,0.0
runtime,L2,3,STREAM,128000000,3090,0.0018103218806509,0.0018103218806509,0.0
runtime,L2,3,STREAM,256000000,3090,0.0036189025270758,0.0036189025270758,0.0
runtime,L2,3,STRIDED_GEMM,64,3090,5.265313804667716e-06,5.265313804667716e-06,0.0
runtime,L2,3,STRIDED_GEMM,128,3090,5.180780624707656e-06,5.180780624707656e-06,0.0
runtime,L2,3,STRIDED_GEMM,256,3090,7.282969953831142e-06,7.282969953831142e-06,0.0
runtime,L2,3,STRIDED_GEMM,512,3090,2.281510320678216e-05,2.281510320678216e-05,0.0
runtime,L2,3,STRIDED_GEMM,1024,3090,0.0001225172497276,0.0001225172497276,0.0
runtime,L2,3,STRIDED_GEMM,2048,3090,0.0007656031866464,0.0007656031866464,0.0
runtime,L2,3,STRIDED_GEMM,4096,3090,0.0055629916666666,0.0055629916666666,0.0
runtime,L2,3,STRIDED_GEMM,8192,3090,0.041721375,0.041721375,0.0
runtime,L2,3,STRIDED_GEMM,16384,3090,0.333162875,0.333162875,0.0
runtime,L2,4,AXPY,1000000,3090,1.2696793542484658e-05,8.18806852534185e-06,55.06457357053654
runtime,L2,4,AXPY,2000000,3090,3.116942993829085e-05,1.432912736964278e-05,117.52496948506005
runtime,L2,4,AXPY,4000000,3090,5.962062718330849e-05,2.6621059441117764e-05,123.96038487942742
runtime,L2,4,AXPY,8000000,3090,0.000116457609455,0.000116457609455,0.0
runtime,L2,4,AXPY,16000000,3090,0.0002304711519585,0.0002304711519585,0.0
runtime,L2,4,AXPY,32000000,3090,0.0004567316458904,0.0004567316458904,0.0
runtime,L2,4,AXPY,64000000,3090,0.0009130319256386,0.0009130319256386,0.0
runtime,L2,4,AXPY,128000000,3090,0.0018174522708333,0.0018174522708333,0.0
runtime,L2,4,AXPY,256000000,3090,0.0036274231938405,0.0036274231938405,0.0
runtime,L2,4,CONV2D,1,3090,0.0003114451813407,0.0003114451813407,0.0
runtime,L2,4,CONV2D,2,3090,0.0002885922603388,0.0002885922603388,0.0
runtime,L2,4,CONV2D,3,3090,0.0002389634517627,0.0002389634517627,0.0
runtime,L2,4,CONV2D,4,3090,0.0003069818856049,0.0003069818856049,0.0
runtime,L2,4,CONV2D,5,3090,0.0004755983571768,0.0004755983571768,0.0
runtime,L2,4,CONV2D,6,3090,0.0007364217845821,0.0007364217845821,0.0
runtime,L2,4,GEMM,64,3090,5.215761141712569e-06,5.215761141712569e-06,0.0
runtime,L2,4,GEMM,128,3090,5.161102740856931e-06,5.161102740856931e-06,0.0
runtime,L2,4,GEMM,256,3090,7.1800376215160615e-06,7.1800376215160615e-06,0.0
runtime,L2,4,GEMM,512,3090,2.2619119707171586e-05,2.2619119707171586e-05,0.0
runtime,L2,4,GEMM,1024,3090,0.0001209204545454,0.0001209204545454,0.0
runtime,L2,4,GEMM,2048,3090,0.0007529011278195,0.0007529011278195,0.0
runtime,L2,4,GEMM,4096,3090,0.0055656583333333,0.0055656583333333,0.0
runtime,L2,4,GEMM,8192,3090,0.0417307083333333,0.0417307083333333,0.0
runtime,L2,4,GEMM,16384,3090,0.33249425,0.33249425,0.0
runtime,L2,4,REDUCTION,1000000,3090,5.684419756909063e-06,5.684419756909063e-06,0.0
runtime,L2,4,REDUCTION,2000000,3090,1.3855103536647872e-05,8.196145859799527e-06,69.04413090797239
runtime,L2,4,REDUCTION,4000000,3090,2.2817083707877983e-05,1.228461746965751e-05,85.73703059322133
runtime,L2,4,REDUCTION,8000000,3090,4.116970972788275e-05,2.0508436181337272e-05,100.7452414404336
runtime,L2,4,REDUCTION,16000000,3090,7.688619797032367e-05,7.688619797032367e-05,0.0
runtime,L2,4,REDUCTION,32000000,3090,0.0001487566275472,0.0001487566275472,0.0
runtime,L2,4,REDUCTION,64000000,3090,0.0002924945998538,0.0002924945998538,0.0
runtime,L2,4,REDUCTION,128000000,3090,0.0005799999084057,0.0005799999084057,0.0
runtime,L2,4,REDUCTION,256000000,3090,0.0011548805571593,0.0011548805571593,0.0
runtime,L2,4,STREAM,1000000,3090,1.5482835740044266e-05,8.18810284123475e-06,89.08941473076911
runtime,L2,4,STREAM,2000000,3090,3.165143508116832e-05,1.4329228101849862e-05,120.88723032528326
runtime,L2,4,STREAM,4000000,3090,5.9670525059665874e-05,5.9670525059665874e-05,0.0
runtime,L2,4,STREAM,8000000,3090,0.0001164227770018,0.0001164227770018,0.0
runtime,L2,4,STREAM,16000000,3090,0.000229310522696,0.000229310522696,0.0
runtime,L2,4,STREAM,32000000,3090,0.0004557578587699,0.0004557578587699,0.0
runtime,L2,4,STREAM,64000000,3090,0.0009089736603088,0.0009089736603088,0.0
runtime,L2,4,STREAM,128000000,3090,0.0018103182640144,0.0018103182640144,0.0
runtime,L2,4,STREAM,256000000,3090,0.0036226823104693,0.0036226823104693,0.0
runtime,L2,4,STRIDED_GEMM,64,3090,5.265390629524527e-06,5.265390629524527e-06,0.0
runtime,L2,4,STRIDED_GEMM,128,3090,5.186626183838249e-06,5.186626183838249e-06,0.0
runtime,L2,4,STRIDED_GEMM,256,3090,7.282658879559572e-06,7.282658879559572e-06,0.0
runtime,L2,4,STRIDED_GEMM,512,3090,2.2847072797459968e-05,2.2847072797459968e-05,0.0
runtime,L2,4,STRIDED_GEMM,1024,3090,0.0001221521401243,0.0001221521401243,0.0
runtime,L2,4,STRIDED_GEMM,2048,3090,0.0007647087155963,0.0007647087155963,0.0
runtime,L2,4,STRIDED_GEMM,4096,3090,0.0055562472222222,0.0055562472222222,0.0
runtime,L2,4,STRIDED_GEMM,8192,3090,0.041805375,0.041805375,0.0
runtime,L2,4,STRIDED_GEMM,16384,3090,0.33255825,0.33255825,0.0
runtime,L2,5,AXPY,1000000,3090,1.2711648954017435e-05,8.188062994350283e-06,55.24610598121193
runtime,L2,5,AXPY,2000000,3090,3.119256242787187e-05,1.4329117998538452e-05,117.68654868396968
runtime,L2,5,AXPY,4000000,3090,5.970121484001911e-05,2.6615661455145436e-05,124.30858966489242
runtime,L2,5,AXPY,8000000,3090,0.0001163913953095,0.0001163913953095,0.0
runtime,L2,5,AXPY,16000000,3090,0.000230460056682,0.000230460056682,0.0
runtime,L2,5,AXPY,32000000,3090,0.0004571128379798,0.0004571128379798,0.0
runtime,L2,5,AXPY,64000000,3090,0.0009122768090246,0.0009122768090246,0.0
runtime,L2,5,AXPY,128000000,3090,0.0018180892105263,0.0018180892105263,0.0
runtime,L2,5,AXPY,256000000,3090,0.003627064298913,0.003627064298913,0.0
runtime,L2,5,CONV2D,1,3090,0.0003094766104454,0.0003094766104454,0.0
runtime,L2,5,CONV2D,2,3090,0.0002878408996559,0.0002878408996559,0.0
runtime,L2,5,CONV2D,3,3090,0.000237478404644,0.000237478404644,0.0
runtime,L2,5,CONV2D,4,3090,0.0003064980460385,0.0003064980460385,0.0
runtime,L2,5,CONV2D,5,3090,0.0004735562347373,0.0004735562347373,0.0
runtime,L2,5,CONV2D,6,3090,0.0007449064265887,0.0007449064265887,0.0
runtime,L2,5,GEMM,64,3090,5.215406725472023e-06,5.215406725472023e-06,0.0
runtime,L2,5,GEMM,128,3090,5.160498668703173e-06,5.160498668703173e-06,0.0
runtime,L2,5,GEMM,256,3090,7.2433070467004125e-06,7.2433070467004125e-06,0.0
runtime,L2,5,GEMM,512,3090,2.2763509849990964e-05,2.2763509849990964e-05,0.0
runtime,L2,5,GEMM,1024,3090,0.0001209120819195,0.0001209120819195,0.0
runtime,L2,5,GEMM,2048,3090,0.0007522031602708,0.0007522031602708,0.0
runtime,L2,5,GEMM,4096,3090,0.0055487361111111,0.0055487361111111,0.0
runtime,L2,5,GEMM,8192,3090,0.0417390208333333,0.0417390208333333,0.0
runtime,L2,5,GEMM,16384,3090,0.333069375,0.333069375,0.0
runtime,L2,5,REDUCTION,1000000,3090,5.633382602035967e-06,5.633382602035967e-06,0.0
runtime,L2,5,REDUCTION,2000000,3090,1.382743051332375e-05,8.196122062764833e-06,68.70698615070752
runtime,L2,5,REDUCTION,4000000,3090,2.281133102559424e-05,1.2284620804874453e-05,85.69015184044477
runtime,L2,5,REDUCTION,8000000,3090,4.126175128935099e-05,2.050957770692801e-05,101.18284188471138
runtime,L2,5,REDUCTION,16000000,3090,7.687676447075103e-05,7.687676447075103e-05,0.0
runtime,L2,5,REDUCTION,32000000,3090,0.0001487201231226,0.0001487201231226,0.0
runtime,L2,5,REDUCTION,64000000,3090,0.0002925279605147,0.0002925279605147,0.0
runtime,L2,5,REDUCTION,128000000,3090,0.0005799756831884,0.0005799756831884,0.0
runtime,L2,5,REDUCTION,256000000,3090,0.0011555575144341,0.0011555575144341,0.0
runtime,L2,5,STREAM,1000000,3090,1.5353986374516665e-05,8.188082371243758e-06,87.51626667117196
runtime,L2,5,STREAM,2000000,3090,3.127744598355273e-05,1.4329084812792848e-05,118.27943928162514
runtime,L2,5,STREAM,4000000,3090,6.055664547381168e-05,6.055664547381168e-05,0.0
runtime,L2,5,STREAM,8000000,3090,0.000116463029809,0.000116463029809,0.0
runtime,L2,5,STREAM,16000000,3090,0.0002298289292279,0.0002298289292279,0.0
runtime,L2,5,STREAM,32000000,3090,0.0004557906605922,0.0004557906605922,0.0
runtime,L2,5,STREAM,64000000,3090,0.0009099363636363,0.0009099363636363,0.0
runtime,L2,5,STREAM,128000000,3090,0.001811459312839,0.001811459312839,0.0
runtime,L2,5,STREAM,256000000,3090,0.0036244438405797,0.0036244438405797,0.0
runtime,L2,5,STRIDED_GEMM,64,3090,5.265276790649924e-06,5.265276790649924e-06,0.0
runtime,L2,5,STRIDED_GEMM,128,3090,5.183225422148554e-06,5.183225422148554e-06,0.0
runtime,L2,5,STRIDED_GEMM,256,3090,7.283292793055231e-06,7.283292793055231e-06,0.0
runtime,L2,5,STRIDED_GEMM,512,3090,2.2875730590455152e-05,2.2875730590455152e-05,0.0
runtime,L2,5,STRIDED_GEMM,1024,3090,0.000122197205156,0.000122197205156,0.0
runtime,L2,5,STRIDED_GEMM,2048,3090,0.0007633897727272,0.0007633897727272,0.0
runtime,L2,5,STRIDED_GEMM,4096,3090,0.0055470552486187,0.0055470552486187,0.0
runtime,L2,5,STRIDED_GEMM,8192,3090,0.0417089166666666,0.0417089166666666,0.0
runtime,L2,5,STRIDED_GEMM,16384,3090,0.332510375,0.332510375,0.0
runtime,L3,1,AXPY,1000000,5060ti,8.188087509211496e-06,8.188087509211496e-06,0.0
runtime,L3,1,AXPY,2000000,5060ti,1.4329162604421902e-05,1.4329162604421902e-05,0.0
runtime,L3,1,AXPY,4000000,5060ti,2.661276897496608e-05,2.661276897496608e-05,0.0
runtime,L3,1,AXPY,8000000,3090,0.0001162878445529,0.0001162878445529,0.0
runtime,L3,1,AXPY,16000000,3090,0.0002304997519013,0.0002304997519013,0.0
runtime,L3,1,AXPY,32000000,3090,0.0004571638276965,0.0004571638276965,0.0
runtime,L3,1,AXPY,64000000,3090,0.0009120088422727,0.0009120088422727,0.0
runtime,L3,1,AXPY,128000000,3090,0.0018179540099457,0.0018179540099457,0.0
runtime,L3,1,AXPY,256000000,3090,0.0036254914855072,0.0036254914855072,0.0
runtime,L3,1,CONV2D,1,3090,0.0003102849536951,0.0003102849536951,0.0
runtime,L3,1,CONV2D,2,3090,0.0002893260806451,0.0002893260806451,0.0
runtime,L3,1,CONV2D,3,3090,0.0002387750374255,0.0002387750374255,0.0
runtime,L3,1,CONV2D,4,3090,0.0003060187135225,0.0003060187135225,0.0
runtime,L3,1,CONV2D,5,3090,0.0004733076907677,0.0004733076907677,0.0
runtime,L3,1,CONV2D,6,3090,0.0007517900052356,0.0007517900052356,0.0
runtime,L3,1,GEMM,64,3090,5.217029646225186e-06,5.217029646225186e-06,0.0
runtime,L3,1,GEMM,128,3090,5.161149326824335e-06,5.161149326824335e-06,0.0
runtime,L3,1,GEMM,256,3090,7.180509782803805e-06,7.180509782803805e-06,0.0
runtime,L3,1,GEMM,512,3090,2.268124110511216e-05,2.268124110511216e-05,0.0
runtime,L3,1,GEMM,1024,3090,0.0001210981721341,0.0001210981721341,0.0
runtime,L3,1,GEMM,2048,3090,0.0007520269865067,0.0007520269865067,0.0
runtime,L3,1,GEMM,4096,3090,0.0055481767955801,0.0055481767955801,0.0
runtime,L3,1,GEMM,8192,3090,0.0417421458333333,0.0417421458333333,0.0
runtime,L3,1,GEMM,16384,3090,0.332597875,0.332597875,0.0
runtime,L3,1,REDUCTION,1000000,3090,5.700756277427376e-06,5.700756277427376e-06,0.0
runtime,L3,1,REDUCTION,2000000,5060ti,8.1960527370483e-06,8.1960527370483e-06,0.0
runtime,L3,1,REDUCTION,4000000,5060ti,1.2284495780305637e-05,1.2284495780305637e-05,0.0
runtime,L3,1,REDUCTION,8000000,5060ti,2.050992609266361e-05,2.050992609266361e-05,0.0
runtime,L3,1,REDUCTION,16000000,3090,7.691327039913865e-05,7.691327039913865e-05,0.0
runtime,L3,1,REDUCTION,32000000,3090,0.0001487895335465,0.0001487895335465,0.0
runtime,L3,1,REDUCTION,64000000,3090,0.0002924800657894,0.0002924800657894,0.0
runtime,L3,1,REDUCTION,128000000,3090,0.0005799535315942,0.0005799535315942,0.0
runtime,L3,1,REDUCTION,256000000,3090,0.0011548241166281,0.0011548241166281,0.0
runtime,L3,1,STREAM,1000000,5060ti,8.188119217227545e-06,8.188119217227545e-06,0.0
runtime,L3,1,STREAM,2000000,5060ti,1.4329450199888234e-05,1.4329450199888234e-05,0.0
runtime,L3,1,STREAM,4000000,3090,5.958870487310854e-05,5.958870487310854e-05,0.0
runtime,L3,1,STREAM,8000000,3090,0.0001164360228198,0.0001164360228198,0.0
runtime,L3,1,STREAM,16000000,3090,0.0002298244485294,0.0002298244485294,0.0
runtime,L3,1,STREAM,32000000,3090,0.0004555765027322,0.0004555765027322,0.0
runtime,L3,1,STREAM,64000000,3090,0.0009091030881017,0.0009091030881017,0.0
runtime,L3,1,STREAM,128000000,3090,0.0018097649186256,0.0018097649186256,0.0
runtime,L3,1,STREAM,256000000,3090,0.0036186895306859,0.0036186895306859,0.0
runtime,L3,1,STRIDED_GEMM,64,3090,5.266399936827144e-06,5.266399936827144e-06,0.0
runtime,L3,1,STRIDED_GEMM,128,3090,5.1937753868660095e-06,5.1937753868660095e-06,0.0
runtime,L3,1,STRIDED_GEMM,256,3090,7.281878877013135e-06,7.281878877013135e-06,0.0
runtime,L3,1,STRIDED_GEMM,512,3090,2.2870950780696337e-05,2.2870950780696337e-05,0.0
runtime,L3,1,STRIDED_GEMM,1024,3090,0.0001220956264775,0.0001220956264775,0.0
runtime,L3,1,STRIDED_GEMM,2048,3090,0.0007633280182232,0.0007633280182232,0.0
runtime,L3,1,STRIDED_GEMM,4096,3090,0.0055567777777777,0.0055567777777777,0.0
runtime,L3,1,STRIDED_GEMM,8192,3090,0.041750125,0.041750125,0.0
runtime,L3,1,STRIDED_GEMM,16384,3090,0.3327878333333333,0.3327878333333333,0.0
runtime,L3,2,AXPY,1000000,5060ti,8.188074392041267e-06,8.188074392041267e-06,0.0
runtime,L3,2,AXPY,2000000,5060ti,1.4329123006490994e-05,1.4329123006490994e-05,0.0
runtime,L3,2,AXPY,4000000,5060ti,2.6613832286649455e-05,2.6613832286649455e-05,0.0
runtime,L3,2,AXPY,8000000,3090,0.0001164095165871,0.0001164095165871,0.0
runtime,L3,2,AXPY,16000000,3090,0.0002302442396408,0.0002302442396408,0.0
runtime,L3,2,AXPY,32000000,3090,0.0004571387360603,0.0004571387360603,0.0
runtime,L3,2,AXPY,64000000,3090,0.0009121405378304,0.0009121405378304,0.0
runtime,L3,2,AXPY,128000000,3090,0.0018178801125226,0.0018178801125226,0.0
runtime,L3,2,AXPY,256000000,3090,0.0036274377717391,0.0036274377717391,0.0
runtime,L3,2,CONV2D,1,3090,0.0003124439581525,0.0003124439581525,0.0
runtime,L3,2,CONV2D,2,3090,0.0002899841917531,0.0002899841917531,0.0
runtime,L3,2,CONV2D,3,3090,0.0002372934103684,0.0002372934103684,0.0
runtime,L3,2,CONV2D,4,3090,0.0003027224593483,0.0003027224593483,0.0
runtime,L3,2,CONV2D,5,3090,0.0004729195023596,0.0004729195023596,0.0
runtime,L3,2,CONV2D,6,3090,0.0007497810979805,0.0007497810979805,0.0
runtime,L3,2,GEMM,64,3090,5.217261330258716e-06,5.217261330258716e-06,0.0
runtime,L3,2,GEMM,128,3090,5.161019462947544e-06,5.161019462947544e-06,0.0
runtime,L3,2,GEMM,256,3090,7.179988369087619e-06,7.179988369087619e-06,0.0
runtime,L3,2,GEMM,512,3090,2.269167419792137e-05,2.269167419792137e-05,0.0
runtime,L3,2,GEMM,1024,3090,0.0001211782387806,0.0001211782387806,0.0
runtime,L3,2,GEMM,2048,3090,0.0007534766741911,0.0007534766741911,0.0
runtime,L3,2,GEMM,4096,3090,0.0055629222222222,0.0055629222222222,0.0
runtime,L3,2,GEMM,8192,3090,0.0417100624999999,0.0417100624999999,0.0
runtime,L3,2,GEMM,16384,3090,0.331504875,0.331504875,0.0
runtime,L3,2,REDUCTION,1000000,3090,5.653928630472067e-06,5.653928630472067e-06,0.0
runtime,L3,2,REDUCTION,2000000,5060ti,8.196056425240346e-06,8.196056425240346e-06,0.0
runtime,L3,2,REDUCTION,4000000,5060ti,1.2284477980197534e-05,1.2284477980197534e-05,0.0
runtime,L3,2,REDUCTION,8000000,5060ti,2.046900967127886e-05,2.046900967127886e-05,0.0
runtime,L3,2,REDUCTION,16000000,3090,7.689482427341227e-05,7.689482427341227e-05,0.0
runtime,L3,2,REDUCTION,32000000,3090,0.0001487715977242,0.0001487715977242,0.0
runtime,L3,2,REDUCTION,64000000,3090,0.0002925112850248,0.0002925112850248,0.0
runtime,L3,2,REDUCTION,128000000,3090,0.0005805002019733,0.0005805002019733,0.0
runtime,L3,2,REDUCTION,256000000,3090,0.0011548411726327,0.0011548411726327,0.0
runtime,L3,2,STREAM,1000000,5060ti,8.188016867272578e-06,8.188016867272578e-06,0.0
runtime,L3,2,STREAM,2000000,5060ti,1.4328955852641532e-05,1.4328955852641532e-05,0.0
runtime,L3,2,STREAM,4000000,3090,5.967008710177783e-05,5.967008710177783e-05,0.0
runtime,L3,2,STREAM,8000000,3090,0.0001162032884034,0.0001162032884034,0.0
runtime,L3,2,STREAM,16000000,3090,0.0002296336394948,0.0002296336394948,0.0
runtime,L3,2,STREAM,32000000,3090,0.0004557681093394,0.0004557681093394,0.0
runtime,L3,2,STREAM,64000000,3090,0.0009094963636363,0.0009094963636363,0.0
runtime,L3,2,STREAM,128000000,3090,0.0018104330922242,0.0018104330922242,0.0
runtime,L3,2,STREAM,256000000,3090,0.0036179855595667,0.0036179855595667,0.0
runtime,L3,2,STRIDED_GEMM,64,3090,5.2663084400027385e-06,5.2663084400027385e-06,0.0
runtime,L3,2,STRIDED_GEMM,128,3090,5.18906807248901e-06,5.18906807248901e-06,0.0
runtime,L3,2,STRIDED_GEMM,256,3090,7.282653811704909e-06,7.282653811704909e-06,0.0
runtime,L3,2,STRIDED_GEMM,512,3090,2.291826648056197e-05,2.291826648056197e-05,0.0
runtime,L3,2,STRIDED_GEMM,1024,3090,0.0001219558594218,0.0001219558594218,0.0
runtime,L3,2,STRIDED_GEMM,2048,3090,0.0007663213740458,0.0007663213740458,0.0
runtime,L3,2,STRIDED_GEMM,4096,3090,0.0055515994475138,0.0055515994475138,0.0
runtime,L3,2,STRIDED_GEMM,8192,3090,0.0418021458333333,0.0418021458333333,0.0
runtime,L3,2,STRIDED_GEMM,16384,3090,0.332657375,0.332657375,0.0
runtime,L3,3,AXPY,1000000,5060ti,8.188072942765906e-06,8.188072942765906e-06,0.0
runtime,L3,3,AXPY,2000000,5060ti,1.432911731791543e-05,1.432911731791543e-05,0.0
runtime,L3,3,AXPY,4000000,5060ti,2.6613515447868437e-05,2.6613515447868437e-05,0.0
runtime,L3,3,AXPY,8000000,3090,0.0001163761774287,0.0001163761774287,0.0
runtime,L3,3,AXPY,16000000,3090,0.0002299871108555,0.0002299871108555,0.0
runtime,L3,3,AXPY,32000000,3090,0.0004572038971663,0.0004572038971663,0.0
runtime,L3,3,AXPY,64000000,3090,0.0009122411909753,0.0009122411909753,0.0
runtime,L3,3,AXPY,128000000,3090,0.0018176927259528,0.0018176927259528,0.0
runtime,L3,3,AXPY,256000000,3090,0.0036263515072202,0.0036263515072202,0.0
runtime,L3,3,CONV2D,1,3090,0.0003117660300123,0.0003117660300123,0.0
runtime,L3,3,CONV2D,2,3090,0.0002893070187211,0.0002893070187211,0.0
runtime,L3,3,CONV2D,3,3090,0.0002380348142352,0.0002380348142352,0.0
runtime,L3,3,CONV2D,4,3090,0.0003062447918572,0.0003062447918572,0.0
runtime,L3,3,CONV2D,5,3090,0.0004708557237827,0.0004708557237827,0.0
runtime,L3,3,CONV2D,6,3090,0.0007474163896627,0.0007474163896627,0.0
runtime,L3,3,GEMM,64,3090,5.224620282895767e-06,5.224620282895767e-06,0.0
runtime,L3,3,GEMM,128,3090,5.183126736815811e-06,5.183126736815811e-06,0.0
runtime,L3,3,GEMM,256,3090,7.24233833007459e-06,7.24233833007459e-06,0.0
runtime,L3,3,GEMM,512,3090,2.2760561473190104e-05,2.2760561473190104e-05,0.0
runtime,L3,3,GEMM,1024,3090,0.0001209905795373,0.0001209905795373,0.0
runtime,L3,3,GEMM,2048,3090,0.000751848758465,0.000751848758465,0.0
runtime,L3,3,GEMM,4096,3090,0.0055513555555555,0.0055513555555555,0.0
runtime,L3,3,GEMM,8192,3090,0.0417959791666666,0.0417959791666666,0.0
runtime,L3,3,GEMM,16384,3090,0.3319046249999999,0.3319046249999999,0.0
runtime,L3,3,REDUCTION,1000000,3090,5.658497548303753e-06,5.658497548303753e-06,0.0
runtime,L3,3,REDUCTION,2000000,5060ti,8.19605447049856e-06,8.19605447049856e-06,0.0
runtime,L3,3,REDUCTION,4000000,5060ti,1.2284663100093362e-05,1.2284663100093362e-05,0.0
runtime,L3,3,REDUCTION,8000000,5060ti,2.0500984348093484e-05,2.0500984348093484e-05,0.0
runtime,L3,3,REDUCTION,16000000,3090,7.6907040525992e-05,7.6907040525992e-05,0.0
runtime,L3,3,REDUCTION,32000000,3090,0.0001488180273768,0.0001488180273768,0.0
runtime,L3,3,REDUCTION,64000000,3090,0.0002925818749634,0.0002925818749634,0.0
runtime,L3,3,REDUCTION,128000000,3090,0.0005799773257971,0.0005799773257971,0.0
runtime,L3,3,REDUCTION,256000000,3090,0.0011549157713625,0.0011549157713625,0.0
runtime,L3,3,STREAM,1000000,5060ti,8.188328011135675e-06,8.188328011135675e-06,0.0
runtime,L3,3,STREAM,2000000,5060ti,1.4329471693246788e-05,1.4329471693246788e-05,0.0
runtime,L3,3,STREAM,4000000,3090,5.968340494092373e-05,5.968340494092373e-05,0.0
runtime,L3,3,STREAM,8000000,3090,0.0001159728601252,0.0001159728601252,0.0
runtime,L3,3,STREAM,16000000,3090,0.0002295168655346,0.0002295168655346,0.0
runtime,L3,3,STREAM,32000000,3090,0.0004553024578971,0.0004553024578971,0.0
runtime,L3,3,STREAM,64000000,3090,0.0009083574023614,0.0009083574023614,0.0
runtime,L3,3,STREAM,128000000,3090,0.0018103218806509,0.0018103218806509,0.0
runtime,L3,3,STREAM,256000000,3090,0.0036189025270758,0.0036189025270758,0.0
runtime,L3,3,STRIDED_GEMM,64,3090,5.265313804667716e-06,5.265313804667716e-06,0.0
runtime,L3,3,STRIDED_GEMM,128,3090,5.180780624707656e-06,5.180780624707656e-06,0.0
runtime,L3,3,STRIDED_GEMM,256,3090,7.282969953831142e-06,7.282969953831142e-06,0.0
runtime,L3,3,STRIDED_GEMM,512,3090,2.281510320678216e-05,2.281510320678216e-05,0.0
runtime,L3,3,STRIDED_GEMM,1024,3090,0.0001225172497276,0.0001225172497276,0.0
runtime,L3,3,STRIDED_GEMM,2048,3090,0.0007656031866464,0.0007656031866464,0.0
runtime,L3,3,STRIDED_GEMM,4096,3090,0.0055629916666666,0.0055629916666666,0.0
runtime,L3,3,STRIDED_GEMM,8192,3090,0.041721375,0.041721375,0.0
runtime,L3,3,STRIDED_GEMM,16384,3090,0.333162875,0.333162875,0.0
runtime,L3,4,AXPY,1000000,5060ti,8.18806852534185e-06,8.18806852534185e-06,0.0
runtime,L3,4,AXPY,2000000,5060ti,1.432912736964278e-05,1.432912736964278e-05,0.0
runtime,L3,4,AXPY,4000000,5060ti,2.6621059441117764e-05,2.6621059441117764e-05,0.0
runtime,L3,4,AXPY,8000000,3090,0.000116457609455,0.000116457609455,0.0
runtime,L3,4,AXPY,16000000,3090,0.0002304711519585,0.0002304711519585,0.0
runtime,L3,4,AXPY,32000000,3090,0.0004567316458904,0.0004567316458904,0.0
runtime,L3,4,AXPY,64000000,3090,0.0009130319256386,0.0009130319256386,0.0
runtime,L3,4,AXPY,128000000,3090,0.0018174522708333,0.0018174522708333,0.0
runtime,L3,4,AXPY,256000000,3090,0.0036274231938405,0.0036274231938405,0.0
runtime,L3,4,CONV2D,1,3090,0.0003114451813407,0.0003114451813407,0.0
runtime,L3,4,CONV2D,2,3090,0.0002885922603388,0.0002885922603388,0.0
runtime,L3,4,CONV2D,3,3090,0.0002389634517627,0.0002389634517627,0.0
runtime,L3,4,CONV2D,4,3090,0.0003069818856049,0.0003069818856049,0.0
runtime,L3,4,CONV2D,5,3090,0.0004755983571768,0.0004755983571768,0.0
runtime,L3,4,CONV2D,6,3090,0.0007364217845821,0.0007364217845821,0.0
runtime,L3,4,GEMM,64,3090,5.215761141712569e-06,5.215761141712569e-06,0.0
runtime,L3,4,GEMM,128,3090,5.161102740856931e-06,5.161102740856931e-06,0.0
runtime,L3,4,GEMM,256,3090,7.1800376215160615e-06,7.1800376215160615e-06,0.0
runtime,L3,4,GEMM,512,3090,2.2619119707171586e-05,2.2619119707171586e-05,0.0
runtime,L3,4,GEMM,1024,3090,0.0001209204545454,0.0001209204545454,0.0
runtime,L3,4,GEMM,2048,3090,0.0007529011278195,0.0007529011278195,0.0
runtime,L3,4,GEMM,4096,3090,0.0055656583333333,0.0055656583333333,0.0
runtime,L3,4,GEMM,8192,3090,0.0417307083333333,0.0417307083333333,0.0
runtime,L3,4,GEMM,16384,3090,0.33249425,0.33249425,0.0
runtime,L3,4,REDUCTION,1000000,3090,5.684419756909063e-06,5.684419756909063e-06,0.0
runtime,L3,4,REDUCTION,2000000,5060ti,8.196145859799527e-06,8.196145859799527e-06,0.0
runtime,L3,4,REDUCTION,4000000,5060ti,1.228461746965751e-05,1.228461746965751e-05,0.0
runtime,L3,4,REDUCTION,8000000,5060ti,2.0508436181337272e-05,2.0508436181337272e-05,0.0
runtime,L3,4,REDUCTION,16000000,3090,7.688619797032367e-05,7.688619797032367e-05,0.0
runtime,L3,4,REDUCTION,32000000,3090,0.0001487566275472,0.0001487566275472,0.0
runtime,L3,4,REDUCTION,64000000,3090,0.0002924945998538,0.0002924945998538,0.0
runtime,L3,4,REDUCTION,128000000,3090,0.0005799999084057,0.0005799999084057,0.0
runtime,L3,4,REDUCTION,256000000,3090,0.0011548805571593,0.0011548805571593,0.0
runtime,L3,4,STREAM,1000000,5060ti,8.18810284123475e-06,8.18810284123475e-06,0.0
runtime,L3,4,STREAM,2000000,5060ti,1.4329228101849862e-05,1.4329228101849862e-05,0.0
runtime,L3,4,STREAM,4000000,3090,5.9670525059665874e-05,5.9670525059665874e-05,0.0
runtime,L3,4,STREAM,8000000,3090,0.0001164227770018,0.0001164227770018,0.0
runtime,L3,4,STREAM,16000000,3090,0.000229310522696,0.000229310522696,0.0
runtime,L3,4,STREAM,32000000,3090,0.0004557578587699,0.0004557578587699,0.0
runtime,L3,4,STREAM,64000000,3090,0.0009089736603088,0.0009089736603088,0.0
runtime,L3,4,STREAM,128000000,3090,0.0018103182640144,0.0018103182640144,0.0
runtime,L3,4,STREAM,256000000,3090,0.0036226823104693,0.0036226823104693,0.0
runtime,L3,4,STRIDED_GEMM,64,3090,5.265390629524527e-06,5.265390629524527e-06,0.0
runtime,L3,4,STRIDED_GEMM,128,3090,5.186626183838249e-06,5.186626183838249e-06,0.0
runtime,L3,4,STRIDED_GEMM,256,3090,7.282658879559572e-06,7.282658879559572e-06,0.0
runtime,L3,4,STRIDED_GEMM,512,3090,2.2847072797459968e-05,2.2847072797459968e-05,0.0
runtime,L3,4,STRIDED_GEMM,1024,3090,0.0001221521401243,0.0001221521401243,0.0
runtime,L3,4,STRIDED_GEMM,2048,3090,0.0007647087155963,0.0007647087155963,0.0
runtime,L3,4,STRIDED_GEMM,4096,3090,0.0055562472222222,0.0055562472222222,0.0
runtime,L3,4,STRIDED_GEMM,8192,3090,0.041805375,0.041805375,0.0
runtime,L3,4,STRIDED_GEMM,16384,3090,0.33255825,0.33255825,0.0
runtime,L3,5,AXPY,1000000,5060ti,8.188062994350283e-06,8.188062994350283e-06,0.0
runtime,L3,5,AXPY,2000000,5060ti,1.4329117998538452e-05,1.4329117998538452e-05,0.0
runtime,L3,5,AXPY,4000000,5060ti,2.6615661455145436e-05,2.6615661455145436e-05,0.0
runtime,L3,5,AXPY,8000000,3090,0.0001163913953095,0.0001163913953095,0.0
runtime,L3,5,AXPY,16000000,3090,0.000230460056682,0.000230460056682,0.0
runtime,L3,5,AXPY,32000000,3090,0.0004571128379798,0.0004571128379798,0.0
runtime,L3,5,AXPY,64000000,3090,0.0009122768090246,0.0009122768090246,0.0
runtime,L3,5,AXPY,128000000,3090,0.0018180892105263,0.0018180892105263,0.0
runtime,L3,5,AXPY,256000000,3090,0.003627064298913,0.003627064298913,0.0
runtime,L3,5,CONV2D,1,3090,0.0003094766104454,0.0003094766104454,0.0
runtime,L3,5,CONV2D,2,3090,0.0002878408996559,0.0002878408996559,0.0
runtime,L3,5,CONV2D,3,3090,0.000237478404644,0.000237478404644,0.0
runtime,L3,5,CONV2D,4,3090,0.0003064980460385,0.0003064980460385,0.0
runtime,L3,5,CONV2D,5,3090,0.0004735562347373,0.0004735562347373,0.0
runtime,L3,5,CONV2D,6,3090,0.0007449064265887,0.0007449064265887,0.0
runtime,L3,5,GEMM,64,3090,5.215406725472023e-06,5.215406725472023e-06,0.0
runtime,L3,5,GEMM,128,3090,5.160498668703173e-06,5.160498668703173e-06,0.0
runtime,L3,5,GEMM,256,3090,7.2433070467004125e-06,7.2433070467004125e-06,0.0
runtime,L3,5,GEMM,512,3090,2.2763509849990964e-05,2.2763509849990964e-05,0.0
runtime,L3,5,GEMM,1024,3090,0.0001209120819195,0.0001209120819195,0.0
runtime,L3,5,GEMM,2048,3090,0.0007522031602708,0.0007522031602708,0.0
runtime,L3,5,GEMM,4096,3090,0.0055487361111111,0.0055487361111111,0.0
runtime,L3,5,GEMM,8192,3090,0.0417390208333333,0.0417390208333333,0.0
runtime,L3,5,GEMM,16384,3090,0.333069375,0.333069375,0.0
runtime,L3,5,REDUCTION,1000000,3090,5.633382602035967e-06,5.633382602035967e-06,0.0
runtime,L3,5,REDUCTION,2000000,5060ti,8.196122062764833e-06,8.196122062764833e-06,0.0
runtime,L3,5,REDUCTION,4000000,5060ti,1.2284620804874453e-05,1.2284620804874453e-05,0.0
runtime,L3,5,REDUCTION,8000000,5060ti,2.050957770692801e-05,2.050957770692801e-05,0.0
runtime,L3,5,REDUCTION,16000000,3090,7.687676447075103e-05,7.687676447075103e-05,0.0
runtime,L3,5,REDUCTION,32000000,3090,0.0001487201231226,0.0001487201231226,0.0
runtime,L3,5,REDUCTION,64000000,3090,0.0002925279605147,0.0002925279605147,0.0
runtime,L3,5,REDUCTION,128000000,3090,0.0005799756831884,0.0005799756831884,0.0
runtime,L3,5,REDUCTION,256000000,3090,0.0011555575144341,0.0011555575144341,0.0
runtime,L3,5,STREAM,1000000,5060ti,8.188082371243758e-06,8.188082371243758e-06,0.0
runtime,L3,5,STREAM,2000000,5060ti,1.4329084812792848e-05,1.4329084812792848e-05,0.0
runtime,L3,5,STREAM,4000000,3090,6.055664547381168e-05,6.055664547381168e-05,0.0
runtime,L3,5,STREAM,8000000,3090,0.000116463029809,0.000116463029809,0.0
runtime,L3,5,STREAM,16000000,3090,0.0002298289292279,0.0002298289292279,0.0
runtime,L3,5,STREAM,32000000,3090,0.0004557906605922,0.0004557906605922,0.0
runtime,L3,5,STREAM,64000000,3090,0.0009099363636363,0.0009099363636363,0.0
runtime,L3,5,STREAM,128000000,3090,0.001811459312839,0.001811459312839,0.0
runtime,L3,5,STREAM,256000000,3090,0.0036244438405797,0.0036244438405797,0.0
runtime,L3,5,STRIDED_GEMM,64,3090,5.265276790649924e-06,5.265276790649924e-06,0.0
runtime,L3,5,STRIDED_GEMM,128,3090,5.183225422148554e-06,5.183225422148554e-06,0.0
runtime,L3,5,STRIDED_GEMM,256,3090,7.283292793055231e-06,7.283292793055231e-06,0.0
runtime,L3,5,STRIDED_GEMM,512,3090,2.2875730590455152e-05,2.2875730590455152e-05,0.0
runtime,L3,5,STRIDED_GEMM,1024,3090,0.000122197205156,0.000122197205156,0.0
runtime,L3,5,STRIDED_GEMM,2048,3090,0.0007633897727272,0.0007633897727272,0.0
runtime,L3,5,STRIDED_GEMM,4096,3090,0.0055470552486187,0.0055470552486187,0.0
runtime,L3,5,STRIDED_GEMM,8192,3090,0.0417089166666666,0.0417089166666666,0.0
runtime,L3,5,STRIDED_GEMM,16384,3090,0.332510375,0.332510375,0.0
