selection_objective,evaluation_objective,holdout_session,workload,size,selected_platform,selected_value,oracle_value,regret_pct
edp,edp,1,AXPY,1000000,5060ti,9.057179283401682e-09,9.057179283401682e-09,0.0
edp,edp,1,AXPY,2000000,5060ti,2.823988056301405e-08,2.823988056301405e-08,0.0
edp,edp,1,AXPY,4000000,5060ti,1.2696094060591431e-07,1.2696094060591431e-07,0.0
edp,edp,1,AXPY,8000000,3090,4.785134613149163e-06,4.785134613149163e-06,0.0
edp,edp,1,AXPY,16000000,3090,1.8779461291658088e-05,1.8779461291658088e-05,0.0
edp,edp,1,AXPY,32000000,3090,7.359157106888748e-05,7.359157106888748e-05,0.0
edp,edp,1,AXPY,64000000,3090,0.0002941970559887489,0.0002941970559887489,0.0
edp,edp,1,AXPY,128000000,3090,0.0011582701125356029,0.0011582701125356029,0.0
edp,edp,1,AXPY,256000000,3090,0.0046359987183019645,0.0046359987183019645,0.0
edp,edp,1,CONV2D,1,3090,3.28425348182058e-05,3.28425348182058e-05,0.0
edp,edp,1,CONV2D,2,3090,2.8514451879983168e-05,2.8514451879983168e-05,0.0
edp,edp,1,CONV2D,3,3090,1.902564620912787e-05,1.902564620912787e-05,0.0
edp,edp,1,CONV2D,4,3090,3.06302219870345e-05,3.06302219870345e-05,0.0
edp,edp,1,CONV2D,5,3090,7.525681460350237e-05,7.525681460350237e-05,0.0
edp,edp,1,CONV2D,6,3090,0.00019440547304422603,0.00019440547304422603,0.0
edp,edp,1,GEMM,64,5060ti,3.2196572837301353e-09,3.2196572837301353e-09,0.0
edp,edp,1,GEMM,128,5060ti,3.9880664086007704e-09,3.9880664086007704e-09,0.0
edp,edp,1,GEMM,256,3090,1.4219059172952523e-08,1.4219059172952523e-08,0.0
edp,edp,1,GEMM,512,3090,1.6439557435146534e-07,1.6439557435146534e-07,0.0
edp,edp,1,GEMM,1024,3090,4.85357252115436e-06,4.85357252115436e-06,0.0
edp,edp,1,GEMM,2048,3090,0.00018654187247042487,0.00018654187247042487,0.0
edp,edp,1,GEMM,4096,3090,0.009484102459021381,0.009484102459021381,0.0
edp,edp,1,GEMM,8192,3090,0.5492014127291662,0.5492014127291662,0.0
edp,edp,1,GEMM,16384,3090,34.490732235375,34.490732235375,0.0
edp,edp,1,REDUCTION,1000000,5060ti,2.53995084832503e-09,2.53995084832503e-09,0.0
edp,edp,1,REDUCTION,2000000,5060ti,5.937504859192506e-09,5.937504859192506e-09,0.0
edp,edp,1,REDUCTION,4000000,5060ti,1.2523458227704728e-08,1.2523458227704728e-08,0.0
edp,edp,1,REDUCTION,8000000,5060ti,3.830514849069819e-08,3.830514849069819e-08,0.0
edp,edp,1,REDUCTION,16000000,3090,2.0464620195041385e-06,2.0464620195041385e-06,0.0
edp,edp,1,REDUCTION,32000000,3090,7.665195402159927e-06,7.665195402159927e-06,0.0
edp,edp,1,REDUCTION,64000000,3090,3.0250734289870027e-05,3.0250734289870027e-05,0.0
edp,edp,1,REDUCTION,128000000,3090,0.0001183328780741159,0.0001183328780741159,0.0
edp,edp,1,REDUCTION,256000000,3090,0.0004693833295610469,0.0004693833295610469,0.0
edp,edp,1,STREAM,1000000,5060ti,9.43437201399628e-09,9.43437201399628e-09,0.0
edp,edp,1,STREAM,2000000,5060ti,3.0583928131209865e-08,3.0583928131209865e-08,0.0
edp,edp,1,STREAM,4000000,5060ti,9.969733226127186e-07,9.969733226127186e-07,0.0
edp,edp,1,STREAM,8000000,3090,4.823940765193059e-06,4.823940765193059e-06,0.0
edp,edp,1,STREAM,16000000,3090,1.8753954887309968e-05,1.8753954887309968e-05,0.0
edp,edp,1,STREAM,32000000,3090,7.359085331190186e-05,7.359085331190186e-05,0.0
edp,edp,1,STREAM,64000000,3090,0.00029342107232524956,0.00029342107232524956,0.0
edp,edp,1,STREAM,128000000,3090,0.0011608856521553804,0.0011608856521553804,0.0
edp,edp,1,STREAM,256000000,3090,0.004631354321319163,0.004631354321319163,0.0
edp,edp,1,STRIDED_GEMM,64,5060ti,3.24423910027237e-09,3.24423910027237e-09,0.0
edp,edp,1,STRIDED_GEMM,128,5060ti,4.204998524883306e-09,4.204998524883306e-09,0.0
edp,edp,1,STRIDED_GEMM,256,3090,1.556595186251065e-08,1.556595186251065e-08,0.0
edp,edp,1,STRIDED_GEMM,512,3090,1.7169369096292428e-07,1.7169369096292428e-07,0.0
edp,edp,1,STRIDED_GEMM,1024,3090,4.870540304469664e-06,4.870540304469664e-06,0.0
edp,edp,1,STRIDED_GEMM,2048,3090,0.0001964703150806863,0.0001964703150806863,0.0
edp,edp,1,STRIDED_GEMM,4096,3090,0.009962700571296156,0.009962700571296156,0.0
edp,edp,1,STRIDED_GEMM,8192,3090,0.571710555453125,0.571710555453125,0.0
edp,edp,1,STRIDED_GEMM,16384,3090,37.9637149863611,37.9637149863611,0.0
edp,edp,2,AXPY,1000000,5060ti,9.112375445065539e-09,9.112375445065539e-09,0.0
edp,edp,2,AXPY,2000000,5060ti,2.9072993730717436e-08,2.9072993730717436e-08,0.0
edp,edp,2,AXPY,4000000,5060ti,1.263443511807673e-07,1.263443511807673e-07,0.0
edp,edp,2,AXPY,8000000,3090,4.806421703778365e-06,4.806421703778365e-06,0.0
edp,edp,2,AXPY,16000000,3090,1.873445541201579e-05,1.873445541201579e-05,0.0
edp,edp,2,AXPY,32000000,3090,7.411884083258852e-05,7.411884083258852e-05,0.0
edp,edp,2,AXPY,64000000,3090,0.00029461973074649747,0.00029461973074649747,0.0
edp,edp,2,AXPY,128000000,3090,0.0011589860015389323,0.0011589860015389323,0.0
edp,edp,2,AXPY,256000000,3090,0.004631429746746476,0.004631429746746476,0.0
edp,edp,2,CONV2D,1,3090,3.3467144990575423e-05,3.3467144990575423e-05,0.0
edp,edp,2,CONV2D,2,3090,2.8512645483848145e-05,2.8512645483848145e-05,0.0
edp,edp,2,CONV2D,3,3090,1.862156394958206e-05,1.862156394958206e-05,0.0
edp,edp,2,CONV2D,4,3090,3.0287133169051913e-05,3.0287133169051913e-05,0.0
edp,edp,2,CONV2D,5,3090,7.500527857279441e-05,7.500527857279441e-05,0.0
edp,edp,2,CONV2D,6,3090,0.00019450706841907372,0.00019450706841907372,0.0
edp,edp,2,GEMM,64,5060ti,3.3379631010000002e-09,3.3379631010000002e-09,0.0
edp,edp,2,GEMM,128,5060ti,4.019357669449647e-09,4.019357669449647e-09,0.0
edp,edp,2,GEMM,256,3090,1.4290900717852761e-08,1.4290900717852761e-08,0.0
edp,edp,2,GEMM,512,3090,1.6368433593846343e-07,1.6368433593846343e-07,0.0
edp,edp,2,GEMM,1024,3090,4.836524439846497e-06,4.836524439846497e-06,0.0
edp,edp,2,GEMM,2048,3090,0.00018872663058169332,0.00018872663058169332,0.0
edp,edp,2,GEMM,4096,3090,0.009579676570462927,0.009579676570462927,0.0
edp,edp,2,GEMM,8192,3090,0.5482023031145821,0.5482023031145821,0.0
edp,edp,2,GEMM,16384,3090,34.171646829328125,34.171646829328125,0.0
edp,edp,2,REDUCTION,1000000,5060ti,2.4614950598417303e-09,2.4614950598417303e-09,0.0
edp,edp,2,REDUCTION,2000000,5060ti,5.9339136827967925e-09,5.9339136827967925e-09,0.0
edp,edp,2,REDUCTION,4000000,5060ti,1.2467604288842092e-08,1.2467604288842092e-08,0.0
edp,edp,2,REDUCTION,8000000,5060ti,3.705168944017514e-08,3.705168944017514e-08,0.0
edp,edp,2,REDUCTION,16000000,3090,2.0487037303993686e-06,2.0487037303993686e-06,0.0
edp,edp,2,REDUCTION,32000000,3090,7.797132050113786e-06,7.797132050113786e-06,0.0
edp,edp,2,REDUCTION,64000000,3090,3.042942966451686e-05,3.042942966451686e-05,0.0
edp,edp,2,REDUCTION,128000000,3090,0.00012004680163436759,0.00012004680163436759,0.0
edp,edp,2,REDUCTION,256000000,3090,0.0004714539072159894,0.0004714539072159894,0.0
edp,edp,2,STREAM,1000000,5060ti,9.537199307597631e-09,9.537199307597631e-09,0.0
edp,edp,2,STREAM,2000000,5060ti,3.070154697845176e-08,3.070154697845176e-08,0.0
edp,edp,2,STREAM,4000000,5060ti,9.974814629126001e-07,9.974814629126001e-07,0.0
edp,edp,2,STREAM,8000000,3090,4.800602780924658e-06,4.800602780924658e-06,0.0
edp,edp,2,STREAM,16000000,3090,1.8668397595539813e-05,1.8668397595539813e-05,0.0
edp,edp,2,STREAM,32000000,3090,7.351051651454567e-05,7.351051651454567e-05,0.0
edp,edp,2,STREAM,64000000,3090,0.0002916535732239465,0.0002916535732239465,0.0
edp,edp,2,STREAM,128000000,3090,0.0011596871584248465,0.0011596871584248465,0.0
edp,edp,2,STREAM,256000000,3090,0.00461811040171241,0.00461811040171241,0.0
edp,edp,2,STRIDED_GEMM,64,5060ti,3.2326099709307595e-09,3.2326099709307595e-09,0.0
edp,edp,2,STRIDED_GEMM,128,5060ti,4.177239042164778e-09,4.177239042164778e-09,0.0
edp,edp,2,STRIDED_GEMM,256,3090,1.581828235968984e-08,1.581828235968984e-08,0.0
edp,edp,2,STRIDED_GEMM,512,3090,1.7294079940719417e-07,1.7294079940719417e-07,0.0
edp,edp,2,STRIDED_GEMM,1024,3090,4.942276928455132e-06,4.942276928455132e-06,0.0
edp,edp,2,STRIDED_GEMM,2048,3090,0.00019813824104102288,0.00019813824104102288,0.0
edp,edp,2,STRIDED_GEMM,4096,3090,0.009970166522702276,0.009970166522702276,0.0
edp,edp,2,STRIDED_GEMM,8192,3090,0.5728548647439231,0.5728548647439231,0.0
edp,edp,2,STRIDED_GEMM,16384,3090,37.3632447165625,37.3632447165625,0.0
edp,edp,3,AXPY,1000000,5060ti,9.091925439104617e-09,9.091925439104617e-09,0.0
edp,edp,3,AXPY,2000000,5060ti,2.9155213077533744e-08,2.9155213077533744e-08,0.0
edp,edp,3,AXPY,4000000,5060ti,1.2636851814568563e-07,1.2636851814568563e-07,0.0
edp,edp,3,AXPY,8000000,3090,4.776480459250303e-06,4.776480459250303e-06,0.0
edp,edp,3,AXPY,16000000,3090,1.8589046762381857e-05,1.8589046762381857e-05,0.0
edp,edp,3,AXPY,32000000,3090,7.361609623578297e-05,7.361609623578297e-05,0.0
edp,edp,3,AXPY,64000000,3090,0.00029529421983274384,0.00029529421983274384,0.0
edp,edp,3,AXPY,128000000,3090,0.0011622709961895035,0.0011622709961895035,0.0
edp,edp,3,AXPY,256000000,3090,0.004602056072770264,0.004602056072770264,0.0
edp,edp,3,CONV2D,1,3090,3.3378788206108005e-05,3.3378788206108005e-05,0.0
edp,edp,3,CONV2D,2,3090,2.8347796558324433e-05,2.8347796558324433e-05,0.0
edp,edp,3,CONV2D,3,3090,1.8654256313792556e-05,1.8654256313792556e-05,0.0
edp,edp,3,CONV2D,4,3090,3.0664125698115026e-05,3.0664125698115026e-05,0.0
edp,edp,3,CONV2D,5,3090,7.404988811641863e-05,7.404988811641863e-05,0.0
edp,edp,3,CONV2D,6,3090,0.0001888456552369573,0.0001888456552369573,0.0
edp,edp,3,GEMM,64,5060ti,3.3063817853684274e-09,3.3063817853684274e-09,0.0
edp,edp,3,GEMM,128,5060ti,4.21239092436194e-09,4.21239092436194e-09,0.0
edp,edp,3,GEMM,256,3090,1.4626701804604294e-08,1.4626701804604294e-08,0.0
edp,edp,3,GEMM,512,3090,1.638252432855722e-07,1.638252432855722e-07,0.0
edp,edp,3,GEMM,1024,3090,4.7792938101188475e-06,4.7792938101188475e-06,0.0
edp,edp,3,GEMM,2048,3090,0.00018870074383308674,0.00018870074383308674,0.0
edp,edp,3,GEMM,4096,3090,0.009586389181975213,0.009586389181975213,0.0
edp,edp,3,GEMM,8192,3090,0.5519611838732631,0.5519611838732631,0.0
edp,edp,3,GEMM,16384,3090,34.61250786581249,34.61250786581249,0.0
edp,edp,3,REDUCTION,1000000,5060ti,2.474535993631169e-09,2.474535993631169e-09,0.0
edp,edp,3,REDUCTION,2000000,5060ti,5.980464346876632e-09,5.980464346876632e-09,0.0
edp,edp,3,REDUCTION,4000000,5060ti,1.2520686060739825e-08,1.2520686060739825e-08,0.0
edp,edp,3,REDUCTION,8000000,5060ti,3.728527220003208e-08,3.728527220003208e-08,0.0
edp,edp,3,REDUCTION,16000000,3090,2.037456991504796e-06,2.037456991504796e-06,0.0
edp,edp,3,REDUCTION,32000000,3090,7.733533276266238e-06,7.733533276266238e-06,0.0
edp,edp,3,REDUCTION,64000000,3090,3.013640378525834e-05,3.013640378525834e-05,0.0
edp,edp,3,REDUCTION,128000000,3090,0.00011911742426590635,0.00011911742426590635,0.0
edp,edp,3,REDUCTION,256000000,3090,0.00047341211063243495,0.00047341211063243495,0.0
edp,edp,3,STREAM,1000000,5060ti,9.658311566724401e-09,9.658311566724401e-09,0.0
edp,edp,3,STREAM,2000000,5060ti,3.1114843469929694e-08,3.1114843469929694e-08,0.0
edp,edp,3,STREAM,4000000,5060ti,9.953849820742517e-07,9.953849820742517e-07,0.0
edp,edp,3,STREAM,8000000,3090,4.77129052457679e-06,4.77129052457679e-06,0.0
edp,edp,3,STREAM,16000000,3090,1.86020048914739e-05,1.86020048914739e-05,0.0
edp,edp,3,STREAM,32000000,3090,7.35303107590801e-05,7.35303107590801e-05,0.0
edp,edp,3,STREAM,64000000,3090,0.0002921000196105803,0.0002921000196105803,0.0
edp,edp,3,STREAM,128000000,3090,0.0011546890956053667,0.0011546890956053667,0.0
edp,edp,3,STREAM,256000000,3090,0.004604439428091058,0.004604439428091058,0.0
edp,edp,3,STRIDED_GEMM,64,5060ti,3.237613049447247e-09,3.237613049447247e-09,0.0
edp,edp,3,STRIDED_GEMM,128,5060ti,4.1285733098116655e-09,4.1285733098116655e-09,0.0
edp,edp,3,STRIDED_GEMM,256,3090,1.5793902250375102e-08,1.5793902250375102e-08,0.0
edp,edp,3,STRIDED_GEMM,512,3090,1.7394991964630863e-07,1.7394991964630863e-07,0.0
edp,edp,3,STRIDED_GEMM,1024,3090,5.039506289485348e-06,5.039506289485348e-06,0.0
edp,edp,3,STRIDED_GEMM,2048,3090,0.00019715618085984927,0.00019715618085984927,0.0
edp,edp,3,STRIDED_GEMM,4096,3090,0.010086198379814693,0.010086198379814693,0.0
edp,edp,3,STRIDED_GEMM,8192,3090,0.5672881434609375,0.5672881434609375,0.0
edp,edp,3,STRIDED_GEMM,16384,3090,37.21716666729688,37.21716666729688,0.0
edp,edp,4,AXPY,1000000,5060ti,8.783485184422363e-09,8.783485184422363e-09,0.0
edp,edp,4,AXPY,2000000,5060ti,2.87020907119081e-08,2.87020907119081e-08,0.0
edp,edp,4,AXPY,4000000,5060ti,1.263988448125162e-07,1.263988448125162e-07,0.0
edp,edp,4,AXPY,8000000,3090,4.8077072324350324e-06,4.8077072324350324e-06,0.0
edp,edp,4,AXPY,16000000,3090,1.8794338298742965e-05,1.8794338298742965e-05,0.0
edp,edp,4,AXPY,32000000,3090,7.300177561453408e-05,7.300177561453408e-05,0.0
edp,edp,4,AXPY,64000000,3090,0.0002919382094604739,0.0002919382094604739,0.0
edp,edp,4,AXPY,128000000,3090,0.001166415844527228,0.001166415844527228,0.0
edp,edp,4,AXPY,256000000,3090,0.004639165408237017,0.004639165408237017,0.0
edp,edp,4,CONV2D,1,3090,3.319291724149769e-05,3.319291724149769e-05,0.0
edp,edp,4,CONV2D,2,3090,2.8196093732050373e-05,2.8196093732050373e-05,0.0
edp,edp,4,CONV2D,3,3090,1.8972462837251544e-05,1.8972462837251544e-05,0.0
edp,edp,4,CONV2D,4,3090,3.080241196636839e-05,3.080241196636839e-05,0.0
edp,edp,4,CONV2D,5,3090,7.59759333796075e-05,7.59759333796075e-05,0.0
edp,edp,4,CONV2D,6,3090,0.00018404204383770252,0.00018404204383770252,0.0
edp,edp,4,GEMM,64,5060ti,3.2844421905941844e-09,3.2844421905941844e-09,0.0
edp,edp,4,GEMM,128,5060ti,4.3726100295591845e-09,4.3726100295591845e-09,0.0
edp,edp,4,GEMM,256,3090,1.4299735543458652e-08,1.4299735543458652e-08,0.0
edp,edp,4,GEMM,512,3090,1.634364022584921e-07,1.634364022584921e-07,0.0
edp,edp,4,GEMM,1024,3090,4.822784860205309e-06,4.822784860205309e-06,0.0
edp,edp,4,GEMM,2048,3090,0.00018893034838697963,0.00018893034838697963,0.0
edp,edp,4,GEMM,4096,3090,0.00955991487689809,0.00955991487689809,0.0
edp,edp,4,GEMM,8192,3090,0.5480867763012148,0.5480867763012148,0.0
edp,edp,4,GEMM,16384,3090,34.33796961271875,34.33796961271875,0.0
edp,edp,4,REDUCTION,1000000,5060ti,2.5025618159294214e-09,2.5025618159294214e-09,0.0
edp,edp,4,REDUCTION,2000000,5060ti,6.027956910902821e-09,6.027956910902821e-09,0.0
edp,edp,4,REDUCTION,4000000,5060ti,1.2522827737896893e-08,1.2522827737896893e-08,0.0
edp,edp,4,REDUCTION,8000000,5060ti,3.732252805824761e-08,3.732252805824761e-08,0.0
edp,edp,4,REDUCTION,16000000,3090,2.0198749601557932e-06,1.989344160832357e-06,1.5347168139404177
edp,edp,4,REDUCTION,32000000,3090,7.684000031201492e-06,7.684000031201492e-06,0.0
edp,edp,4,REDUCTION,64000000,3090,3.0027478516043737e-05,3.0027478516043737e-05,0.0
edp,edp,4,REDUCTION,128000000,3090,0.00011905212612667781,0.00011905212612667781,0.0
edp,edp,4,REDUCTION,256000000,3090,0.0004739477778425282,0.0004739477778425282,0.0
edp,edp,4,STREAM,1000000,5060ti,9.667867942850342e-09,9.667867942850342e-09,0.0
edp,edp,4,STREAM,2000000,5060ti,3.0993893092670806e-08,3.0993893092670806e-08,0.0
edp,edp,4,STREAM,4000000,5060ti,1.0052378365348212e-06,1.0052378365348212e-06,0.0
edp,edp,4,STREAM,8000000,3090,4.804715974338251e-06,4.804715974338251e-06,0.0
edp,edp,4,STREAM,16000000,3090,1.8575598014527787e-05,1.8575598014527787e-05,0.0
edp,edp,4,STREAM,32000000,3090,7.349993492135788e-05,7.349993492135788e-05,0.0
edp,edp,4,STREAM,64000000,3090,0.00029161666551173943,0.00029161666551173943,0.0
edp,edp,4,STREAM,128000000,3090,0.0011545443858094009,0.0011545443858094009,0.0
edp,edp,4,STREAM,256000000,3090,0.004626165310469296,0.004626165310469296,0.0
edp,edp,4,STRIDED_GEMM,64,5060ti,3.2437848487625957e-09,3.2437848487625957e-09,0.0
edp,edp,4,STRIDED_GEMM,128,5060ti,4.2178040432306886e-09,4.2178040432306886e-09,0.0
edp,edp,4,STRIDED_GEMM,256,3090,1.574277490292042e-08,1.574277490292042e-08,0.0
edp,edp,4,STRIDED_GEMM,512,3090,1.718793547800583e-07,1.718793547800583e-07,0.0
edp,edp,4,STRIDED_GEMM,1024,3090,4.94647526296028e-06,4.94647526296028e-06,0.0
edp,edp,4,STRIDED_GEMM,2048,3090,0.00019809931283841766,0.00019809931283841766,0.0
edp,edp,4,STRIDED_GEMM,4096,3090,0.010039428765632677,0.010039428765632677,0.0
edp,edp,4,STRIDED_GEMM,8192,3090,0.568547874328125,0.568547874328125,0.0
edp,edp,4,STRIDED_GEMM,16384,3090,37.0868129004375,37.0868129004375,0.0
edp,edp,5,AXPY,1000000,5060ti,9.140420603739137e-09,9.140420603739137e-09,0.0
edp,edp,5,AXPY,2000000,5060ti,2.9193506750664908e-08,2.9193506750664908e-08,0.0
edp,edp,5,AXPY,4000000,5060ti,1.2655383311615713e-07,1.2655383311615713e-07,0.0
edp,edp,5,AXPY,8000000,3090,4.7843745086359165e-06,4.7843745086359165e-06,0.0
edp,edp,5,AXPY,16000000,3090,1.858593980395894e-05,1.858593980395894e-05,0.0
edp,edp,5,AXPY,32000000,3090,7.327531327903157e-05,7.327531327903157e-05,0.0
edp,edp,5,AXPY,64000000,3090,0.0002941215359939776,0.0002941215359939776,0.0
edp,edp,5,AXPY,128000000,3090,0.0011630574049897213,0.0011630574049897213,0.0
edp,edp,5,AXPY,256000000,3090,0.004614236869702479,0.004614236869702479,0.0
edp,edp,5,CONV2D,1,3090,3.280252408391918e-05,3.280252408391918e-05,0.0
edp,edp,5,CONV2D,2,3090,2.804233023893946e-05,2.804233023893946e-05,0.0
edp,edp,5,CONV2D,3,3090,1.8578542447234646e-05,1.8578542447234646e-05,0.0
edp,edp,5,CONV2D,4,3090,3.0705684945067174e-05,3.0705684945067174e-05,0.0
edp,edp,5,CONV2D,5,3090,7.518618497470517e-05,7.518618497470517e-05,0.0
edp,edp,5,CONV2D,6,3090,0.00018751618168809183,0.00018751618168809183,0.0
edp,edp,5,GEMM,64,5060ti,3.373158628874671e-09,3.373158628874671e-09,0.0
edp,edp,5,GEMM,128,5060ti,4.199609285424243e-09,4.199609285424243e-09,0.0
edp,edp,5,GEMM,256,3090,1.4445281614905575e-08,1.4445281614905575e-08,0.0
edp,edp,5,GEMM,512,3090,1.6239211457100646e-07,1.6239211457100646e-07,0.0
edp,edp,5,GEMM,1024,3090,4.850644877261717e-06,4.850644877261717e-06,0.0
edp,edp,5,GEMM,2048,3090,0.0001866946736102065,0.0001866946736102065,0.0
edp,edp,5,GEMM,4096,3090,0.009535163917515412,0.009535163917515412,0.0
edp,edp,5,GEMM,8192,3090,0.5457316104552947,0.5457316104552947,0.0
edp,edp,5,GEMM,16384,3090,34.51393928132813,34.51393928132813,0.0
edp,edp,5,REDUCTION,1000000,5060ti,2.516324764908057e-09,2.516324764908057e-09,0.0
edp,edp,5,REDUCTION,2000000,5060ti,6.01403412785864e-09,6.01403412785864e-09,0.0
edp,edp,5,REDUCTION,4000000,5060ti,1.252803750869959e-08,1.252803750869959e-08,0.0
edp,edp,5,REDUCTION,8000000,5060ti,3.7549309793353085e-08,3.7549309793353085e-08,0.0
edp,edp,5,REDUCTION,16000000,3090,2.0441188330470002e-06,2.0441188330470002e-06,0.0
edp,edp,5,REDUCTION,32000000,3090,7.727762971647691e-06,7.727762971647691e-06,0.0
edp,edp,5,REDUCTION,64000000,3090,3.0365754141664557e-05,3.0365754141664557e-05,0.0
edp,edp,5,REDUCTION,128000000,3090,0.0001196930279719105,0.0001196930279719105,0.0
edp,edp,5,REDUCTION,256000000,3090,0.0004739687275066725,0.0004739687275066725,0.0
edp,edp,5,STREAM,1000000,5060ti,9.55494169609149e-09,9.55494169609149e-09,0.0
edp,edp,5,STREAM,2000000,5060ti,3.078425931359429e-08,3.078425931359429e-08,0.0
edp,edp,5,STREAM,4000000,5060ti,9.957667861706143e-07,9.957667861706143e-07,0.0
edp,edp,5,STREAM,8000000,3090,4.797014286435967e-06,4.797014286435967e-06,0.0
edp,edp,5,STREAM,16000000,3090,1.87059730028957e-05,1.87059730028957e-05,0.0
edp,edp,5,STREAM,32000000,3090,7.349120852002784e-05,7.349120852002784e-05,0.0
edp,edp,5,STREAM,64000000,3090,0.00029102039749997967,0.00029102039749997967,0.0
edp,edp,5,STREAM,128000000,3090,0.0011588737250750904,0.0011588737250750904,0.0
edp,edp,5,STREAM,256000000,3090,0.004638959814869499,0.004638959814869499,0.0
edp,edp,5,STRIDED_GEMM,64,5060ti,3.2460180902697464e-09,3.2460180902697464e-09,0.0
edp,edp,5,STRIDED_GEMM,128,5060ti,4.1444304771370295e-09,4.1444304771370295e-09,0.0
edp,edp,5,STRIDED_GEMM,256,3090,1.5739236461990383e-08,1.5739236461990383e-08,0.0
edp,edp,5,STRIDED_GEMM,512,3090,1.5844725457458367e-07,1.5844725457458367e-07,0.0
edp,edp,5,STRIDED_GEMM,1024,3090,4.972230922411697e-06,4.972230922411697e-06,0.0
edp,edp,5,STRIDED_GEMM,2048,3090,0.00019624524503312522,0.00019624524503312522,0.0
edp,edp,5,STRIDED_GEMM,4096,3090,0.009977926523701811,0.009977926523701811,0.0
edp,edp,5,STRIDED_GEMM,8192,3090,0.5735141139461797,0.5735141139461797,0.0
edp,edp,5,STRIDED_GEMM,16384,3090,37.0002582333125,37.0002582333125,0.0
edp,energy,1,AXPY,1000000,5060ti,0.0011061409972979,0.0011061409972979,0.0
edp,energy,1,AXPY,2000000,5060ti,0.0019707976901804,0.0019707976901804,0.0
edp,energy,1,AXPY,4000000,5060ti,0.0047706775918486,0.0047706775918486,0.0
edp,energy,1,AXPY,8000000,3090,0.0411490524357632,0.0232590303030303,76.91645739161406
edp,energy,1,AXPY,16000000,3090,0.0814728047937312,0.0461752302472127,76.44266061596778
edp,energy,1,AXPY,32000000,3090,0.1609741773308958,0.0928637245392822,73.34451975679941
edp,energy,1,AXPY,64000000,3090,0.3225813636363637,0.1854641472868217,73.93192611911627
edp,energy,1,AXPY,128000000,3090,0.6371283905967451,0.3707046332046332,71.86955153189115
edp,energy,1,AXPY,256000000,3090,1.2787228260869563,0.7298769230769231,75.19704838677154
edp,energy,1,CONV2D,1,3090,0.1058463661453541,0.1058463661453541,0.0
edp,energy,1,CONV2D,2,3090,0.0985547235023041,0.0925390215492137,6.500719212695749
edp,energy,1,CONV2D,3,3090,0.0796802145411203,0.0796802145411203,0.0
edp,energy,1,CONV2D,4,3090,0.1000926434676434,0.0861506518590053,16.183268852632303
edp,energy,1,CONV2D,5,3090,0.1590018841262364,0.1590018841262364,0.0
edp,energy,1,CONV2D,6,3090,0.2585901271503366,0.2177177615571776,18.7730965543778
edp,energy,1,GEMM,64,5060ti,0.0003295783996954,0.0003295783996954,0.0
edp,energy,1,GEMM,128,5060ti,0.0004074502386389,0.0004074502386389,0.0
edp,energy,1,GEMM,256,3090,0.0019802297612636,0.0012379650248886,59.95845774736597
edp,energy,1,GEMM,512,3090,0.007248085481284,0.007248085481284,0.0
edp,energy,1,GEMM,1024,3090,0.0400796513739256,0.0400796513739256,0.0
edp,energy,1,GEMM,2048,3090,0.2480520989505247,0.2480520989505247,0.0
edp,energy,1,GEMM,4096,3090,1.7094088397790057,1.7094088397790057,0.0
edp,energy,1,GEMM,8192,3090,13.157,13.157,0.0
edp,energy,1,GEMM,16384,3090,103.701,103.701,0.0
edp,energy,1,REDUCTION,1000000,5060ti,0.0004058325746143,0.0004058325746143,0.0
edp,energy,1,REDUCTION,2000000,5060ti,0.0007244346821188,0.0007244346821188,0.0
edp,energy,1,REDUCTION,4000000,5060ti,0.0010194523610633,0.0010194523610633,0.0
edp,energy,1,REDUCTION,8000000,5060ti,0.0018676395184281,0.0018676395184281,0.0
edp,energy,1,REDUCTION,16000000,3090,0.0266073982927016,0.0135197026022304,96.80461231678328
edp,energy,1,REDUCTION,32000000,3090,0.0515170336209461,0.0258104404065291,99.59765431942868
edp,energy,1,REDUCTION,64000000,3090,0.1034283625730994,0.0527866915422885,95.93643691467348
edp,energy,1,REDUCTION,128000000,3090,0.2040385507246376,0.1028810386473429,98.32473836509747
edp,energy,1,REDUCTION,256000000,3090,0.4064543879907621,0.2019988009592326,101.21623794826027
edp,energy,1,STREAM,1000000,5060ti,0.0011522025710308,0.0011522025710308,0.0
edp,energy,1,STREAM,2000000,5060ti,0.0021343406554041,0.0021343406554041,0.0
edp,energy,1,STREAM,4000000,5060ti,0.0104092301800076,0.0104092301800076,0.0
edp,energy,1,STREAM,8000000,3090,0.0414299685644428,0.0245104444984211,69.02985405716171
edp,energy,1,STREAM,16000000,3090,0.0816012178308823,0.0489721279689772,66.6278783772168
edp,energy,1,STREAM,32000000,3090,0.1615334699453552,0.0970882638215324,66.37795711568799
edp,energy,1,STREAM,64000000,3090,0.322758855585831,0.1977422480620155,63.22200174674257
edp,energy,1,STREAM,128000000,3090,0.6414566003616637,0.3917674418604651,63.73402478660539
edp,energy,1,STREAM,256000000,3090,1.2798429602888088,0.7899728682170541,62.01100212180417
edp,energy,1,STRIDED_GEMM,64,5060ti,0.0003328917247089,0.0003328917247089,0.0
edp,energy,1,STRIDED_GEMM,128,5060ti,0.0004304749907228,0.0004304749907228,0.0
edp,energy,1,STRIDED_GEMM,256,3090,0.0021376285056935,0.001246295174311,71.51863777979108
edp,energy,1,STRIDED_GEMM,512,3090,0.0075070639873808,0.0072855162620866,3.0409337831983185
edp,energy,1,STRIDED_GEMM,1024,3090,0.0398911938534278,0.0398911938534278,0.0
edp,energy,1,STRIDED_GEMM,2048,3090,0.2573864844343204,0.2573864844343204,0.0
edp,energy,1,STRIDED_GEMM,4096,3090,1.7928916666666668,1.7928916666666668,0.0
edp,energy,1,STRIDED_GEMM,8192,3090,13.693625,13.693625,0.0
edp,energy,1,STRIDED_GEMM,16384,3090,114.07783333333332,114.07783333333332,0.0
edp,energy,2,AXPY,1000000,5060ti,0.0011128838123311,0.0011128838123311,0.0
edp,energy,2,AXPY,2000000,5060ti,0.0020289443895169,0.0020289443895169,0.0
edp,energy,2,AXPY,4000000,5060ti,0.0047473189813459,0.0047473189813459,0.0
edp,energy,2,AXPY,8000000,3090,0.0412889069956931,0.0230670511896178,78.99516785343042
edp,energy,2,AXPY,16000000,3090,0.0813677486187845,0.0467765390208434,73.94991233217878
edp,energy,2,AXPY,32000000,3090,0.1621364259597806,0.0903144379844961,79.52437016506029
edp,energy,2,AXPY,64000000,3090,0.3229981768459434,0.1824980657640232,76.98717818937988
edp,energy,2,AXPY,128000000,3090,0.6375480943738657,0.368027027027027,73.23404194633937
edp,energy,2,AXPY,256000000,3090,1.2767771739130436,0.7360658914728682,73.45963027280233
edp,energy,2,CONV2D,1,3090,0.1071140731556106,0.1071140731556106,0.0
edp,energy,2,CONV2D,2,3090,0.0983248269896193,0.0926434402332361,6.132529990337043
edp,energy,2,CONV2D,3,3090,0.0784748464808691,0.0784748464808691,0.0
edp,energy,2,CONV2D,4,3090,0.1000491778319123,0.083955294117647,19.16958767568946
edp,energy,2,CONV2D,5,3090,0.158600519112789,0.158600519112789,0.0
edp,energy,2,CONV2D,6,3090,0.2594184741959611,0.218264598540146,18.855039218943958
edp,energy,2,GEMM,64,5060ti,0.000336495,0.000336495,0.0
edp,energy,2,GEMM,128,5060ti,0.000407041659308,0.000407041659308,0.0
edp,energy,2,GEMM,256,3090,0.0019903793687717,0.0012409696751375,60.38904162192078
edp,energy,2,GEMM,512,3090,0.0072134093990058,0.0072134093990058,0.0
edp,energy,2,GEMM,1024,3090,0.0399124833676061,0.0399124833676061,0.0
edp,energy,2,GEMM,2048,3090,0.250474416854778,0.250474416854778,0.0
edp,energy,2,GEMM,4096,3090,1.7220583333333337,1.7220583333333337,0.0
edp,energy,2,GEMM,8192,3090,13.143166666666668,13.143166666666668,0.0
edp,energy,2,GEMM,16384,3090,103.080375,103.080375,0.0
edp,energy,2,REDUCTION,1000000,5060ti,0.0004004339781535,0.0004004339781535,0.0
edp,energy,2,REDUCTION,2000000,5060ti,0.0007239961970641,0.0007239961970641,0.0
edp,energy,2,REDUCTION,4000000,5060ti,0.0010149071298707,0.0010149071298707,0.0
edp,energy,2,REDUCTION,8000000,5060ti,0.0018101359096119,0.0018101359096119,0.0
edp,energy,2,REDUCTION,16000000,3090,0.0266429340304474,0.0134059067972692,98.74026004622529
edp,energy,2,REDUCTION,32000000,3090,0.0524100847835787,0.0255780720665229,104.90240486957609
edp,energy,2,REDUCTION,64000000,3090,0.1040282246270839,0.0505450121654501,105.81303707389766
edp,energy,2,REDUCTION,128000000,3090,0.2067988972721996,0.1011799516908212,104.38722673452303
edp,energy,2,REDUCTION,256000000,3090,0.4082413394919168,0.2011105769230769,102.9934704270008
edp,energy,2,STREAM,1000000,5060ti,0.0011647752394988,0.0011647752394988,0.0
edp,energy,2,STREAM,2000000,5060ti,0.0021426227628995,0.0021426227628995,0.0
edp,energy,2,STREAM,4000000,5060ti,0.0104462052505966,0.0104462052505966,0.0
edp,energy,2,STREAM,8000000,3090,0.0413121078317453,0.0244504001940334,68.96291064318301
edp,energy,2,STREAM,16000000,3090,0.0812964408725602,0.0494774600096946,64.31005321742668
edp,energy,2,STREAM,32000000,3090,0.1612892938496583,0.0977298739088263,65.03581494449439
edp,energy,2,STREAM,64000000,3090,0.3206759090909091,0.1951065891472868,64.35934352213471
edp,energy,2,STREAM,128000000,3090,0.6405578661844485,0.3903100775193798,64.11512361031552
edp,energy,2,STREAM,256000000,3090,1.2764314079422383,0.7845620155038759,62.693500668964305
edp,energy,2,STRIDED_GEMM,64,5060ti,0.000328479789707,0.000328479789707,0.0
edp,energy,2,STRIDED_GEMM,128,5060ti,0.0004243214979824,0.0004243214979824,0.0
edp,energy,2,STRIDED_GEMM,256,3090,0.0021720491964435,0.0012476624035895,74.08949650118153
edp,energy,2,STRIDED_GEMM,512,3090,0.0075459808251149,0.007332893847194,2.905905667820896
edp,energy,2,STRIDED_GEMM,1024,3090,0.0405251289432649,0.0405251289432649,0.0
edp,energy,2,STRIDED_GEMM,2048,3090,0.2585576335877863,0.2585576335877863,0.0
edp,energy,2,STRIDED_GEMM,4096,3090,1.7959088397790053,1.7959088397790053,0.0
edp,energy,2,STRIDED_GEMM,8192,3090,13.703958333333333,13.703958333333333,0.0
edp,energy,2,STRIDED_GEMM,16384,3090,112.3175,112.3175,0.0
edp,energy,3,AXPY,1000000,5060ti,0.0011103864734299,0.0011103864734299,0.0
edp,energy,3,AXPY,2000000,5060ti,0.0020346831162504,0.0020346831162504,0.0
edp,energy,3,AXPY,4000000,5060ti,0.004748283570174,0.004748283570174,0.0
edp,energy,3,AXPY,8000000,3090,0.0410434554973822,0.023050826848249,78.0563264284811
edp,energy,3,AXPY,16000000,3090,0.0808264719411223,0.0464936923823386,73.84395129655388
edp,energy,3,AXPY,32000000,3090,0.1610137111517367,0.0934747817652764,72.25363687508428
edp,energy,3,AXPY,64000000,3090,0.3237019143117593,0.1831434108527131,76.7477807716957
edp,energy,3,AXPY,128000000,3090,0.6394210526315789,0.3667567567567568,74.3447232672691
edp,energy,3,AXPY,256000000,3090,1.2690595667870035,0.7419147286821706,71.05194407464808
edp,energy,3,CONV2D,1,3090,0.107063582920792,0.107063582920792,0.0
edp,energy,3,CONV2D,2,3090,0.0979851670506912,0.0924463869463869,5.991342968889035
edp,energy,3,CONV2D,3,3090,0.0783677647058823,0.0783677647058823,0.0
edp,energy,3,CONV2D,4,3090,0.1001294602012808,0.0855971756821445,16.977528058986778
edp,energy,3,CONV2D,5,3090,0.1572666198501872,0.1572666198501872,0.0
edp,energy,3,CONV2D,6,3090,0.2526645894428152,0.2181224116930572,15.836143329629927
edp,energy,3,GEMM,64,5060ti,0.0003328180970606,0.0003328180970606,0.0
edp,energy,3,GEMM,128,5060ti,0.0004245956397689,0.0004245956397689,0.0
edp,energy,3,GEMM,256,3090,0.0020196103990151,0.0012479899127188,61.829064356401034
edp,energy,3,GEMM,512,3090,0.0071977680989348,0.0071977680989348,0.0
edp,energy,3,GEMM,1024,3090,0.0395013713331743,0.0395013713331743,0.0
edp,energy,3,GEMM,2048,3090,0.2509823175319789,0.2509823175319789,0.0
edp,energy,3,GEMM,4096,3090,1.7268555555555556,1.7268555555555556,0.0
edp,energy,3,GEMM,8192,3090,13.206083333333334,13.206083333333334,0.0
edp,energy,3,GEMM,16384,3090,104.2845,104.2845,0.0
edp,energy,3,REDUCTION,1000000,5060ti,0.0004025485459273,0.0004025485459273,0.0
edp,energy,3,REDUCTION,2000000,5060ti,0.0007296760128185,0.0007296760128185,0.0
edp,energy,3,REDUCTION,4000000,5060ti,0.001019212815095,0.001019212815095,0.0
edp,energy,3,REDUCTION,8000000,5060ti,0.0018187064370643,0.0018187064370643,0.0
edp,energy,3,REDUCTION,16000000,3090,0.0264924638572746,0.0131456325301204,101.53053720749301
edp,energy,3,REDUCTION,32000000,3090,0.0519663740514804,0.0257552339901477,101.77014921067848
edp,energy,3,REDUCTION,64000000,3090,0.1030016086575021,0.0510729927007299,101.67529492750886
edp,energy,3,REDUCTION,128000000,3090,0.2053828985507246,0.1017971014492753,101.75711845102518
edp,energy,3,REDUCTION,256000000,3090,0.4099105080831409,0.203155421686747,101.77187725523633
edp,energy,3,STREAM,1000000,5060ti,0.0011795218210103,0.0011795218210103,0.0
edp,energy,3,STREAM,2000000,5060ti,0.0021713880410953,0.0021713880410953,0.0
edp,energy,3,STREAM,4000000,5060ti,0.0104232127517419,0.0104232127517419,0.0
edp,energy,3,STREAM,8000000,3090,0.0411414405010438,0.024787915554477,65.97378029074798
edp,energy,3,STREAM,16000000,3090,0.0810485314364387,0.0493795443528841,64.13381795756669
edp,energy,3,STREAM,32000000,3090,0.1614977241693218,0.0978553398058252,65.03721155103285
edp,energy,3,STREAM,64000000,3090,0.3215694822888283,0.1960968992248062,63.98499086932521
edp,energy,3,STREAM,128000000,3090,0.6378363471971067,0.394265503875969,61.77838053966853
edp,energy,3,STREAM,256000000,3090,1.2723303249097473,0.7856279069767442,61.95075475436364
edp,energy,3,STRIDED_GEMM,64,5060ti,0.00032838672915,0.00032838672915,0.0
edp,energy,3,STRIDED_GEMM,128,5060ti,0.0004190262752675,0.0004190262752675,0.0
edp,energy,3,STRIDED_GEMM,256,3090,0.0021686073608016,0.0012450789335778,74.17428745420919
edp,energy,3,STRIDED_GEMM,512,3090,0.0076243319203833,0.0074883421492204,1.8160197337812267
edp,energy,3,STRIDED_GEMM,1024,3090,0.0411330347415567,0.0411330347415567,0.0
edp,energy,3,STRIDED_GEMM,2048,3090,0.2575174506828528,0.2575174506828528,0.0
edp,energy,3,STRIDED_GEMM,4096,3090,1.8130888888888888,1.8130888888888888,0.0
edp,energy,3,STRIDED_GEMM,8192,3090,13.5970625,13.5970625,0.0
edp,energy,3,STRIDED_GEMM,16384,3090,111.708625,111.708625,0.0
edp,energy,4,AXPY,1000000,5060ti,0.0010727175960042,0.0010727175960042,0.0
edp,energy,4,AXPY,2000000,5060ti,0.0020030592213672,0.0020030592213672,0.0
edp,energy,4,AXPY,4000000,5060ti,0.0047480771789753,0.0047480771789753,0.0
edp,energy,4,AXPY,8000000,3090,0.0412828947368421,0.0233667478684531,76.67368591149635
edp,energy,4,AXPY,16000000,3090,0.081547465437788,0.0462867540029112,76.17883818912661
edp,energy,4,AXPY,32000000,3090,0.1598351598173515,0.0926299709020368,72.55231569314566
edp,energy,4,AXPY,64000000,3090,0.3197458941605839,0.1852732558139534,72.58070667342535
edp,energy,4,AXPY,128000000,3090,0.6417862318840579,0.3646143410852713,76.01782474430023
edp,energy,4,AXPY,256000000,3090,1.2789148550724638,0.7406666666666666,72.67077251203385
edp,energy,4,CONV2D,1,3090,0.1065770775409329,0.1065770775409329,0.0
edp,energy,4,CONV2D,2,3090,0.0977021826536473,0.0918750728013977,6.342427466529266
edp,energy,4,CONV2D,3,3090,0.0793948308718437,0.0793948308718437,0.0
edp,energy,4,CONV2D,4,3090,0.1003395099540581,0.0865180810028929,15.975191302154567
edp,energy,4,CONV2D,5,3090,0.1597480988593155,0.1597480988593155,0.0
edp,energy,4,CONV2D,6,3090,0.2499139048991354,0.2099981927710843,19.007645542722628
edp,energy,4,GEMM,64,5060ti,0.0003318445800536,0.0003318445800536,0.0
edp,energy,4,GEMM,128,5060ti,0.0004407619205195,0.0004407619205195,0.0
edp,energy,4,GEMM,256,3090,0.0019915961861547,0.0012582528246274,58.282671588236745
edp,energy,4,GEMM,512,3090,0.0072255863346739,0.0072255863346739,0.0
edp,energy,4,GEMM,1024,3090,0.0398839458413926,0.0398839458413926,0.0
edp,energy,4,GEMM,2048,3090,0.2509364661654135,0.2509364661654135,0.0
edp,energy,4,GEMM,4096,3090,1.717661111111111,1.717661111111111,0.0
edp,energy,4,GEMM,8192,3090,13.133895833333334,13.133895833333334,0.0
edp,energy,4,GEMM,16384,3090,103.273875,103.273875,0.0
edp,energy,4,REDUCTION,1000000,5060ti,0.0004071096194392,0.0004071096194392,0.0
edp,energy,4,REDUCTION,2000000,5060ti,0.0007354623763431,0.0007354623763431,0.0
edp,energy,4,REDUCTION,4000000,5060ti,0.0010193909390201,0.0010193909390201,0.0
edp,energy,4,REDUCTION,8000000,5060ti,0.0018198622132004,0.0018198622132004,0.0
edp,energy,4,REDUCTION,16000000,3090,0.0262709694779734,0.0126077238862703,108.37202428411565
edp,energy,4,REDUCTION,32000000,3090,0.0516548415885765,0.0257298337438423,100.75855173739163
edp,energy,4,REDUCTION,64000000,3090,0.1026599415204678,0.050971107055961,101.40810637633946
edp,energy,4,REDUCTION,128000000,3090,0.2052623188405797,0.101903381642512,101.42836825637636
edp,energy,4,REDUCTION,256000000,3090,0.4103868360277136,0.2025132211538461,102.64693519241845
edp,energy,4,STREAM,1000000,5060ti,0.0011807213624826,0.0011807213624826,0.0
edp,energy,4,STREAM,2000000,5060ti,0.0021629841379013,0.0021629841379013,0.0
edp,energy,4,STREAM,4000000,5060ti,0.0105152817574021,0.0105152817574021,0.0
edp,energy,4,STREAM,8000000,3090,0.0412695530726257,0.0246636341581756,67.32957036238514
edp,energy,4,STREAM,16000000,3090,0.0810063044475011,0.0492696411251212,64.41423683558813
edp,energy,4,STREAM,32000000,3090,0.1612697038724373,0.0982754607177497,64.09966709350678
edp,energy,4,STREAM,64000000,3090,0.3208197093551317,0.1964176356589147,63.335490868164726
edp,energy,4,STREAM,128000000,3090,0.6377576853526221,0.3972693798449612,60.535323815168994
edp,energy,4,STREAM,256000000,3090,1.277,0.7856627906976743,62.5379253185727
edp,energy,4,STRIDED_GEMM,64,5060ti,0.0003301833153612,0.0003301833153612,0.0
edp,energy,4,STRIDED_GEMM,128,5060ti,0.0004277205107757,0.0004277205107757,0.0
edp,energy,4,STRIDED_GEMM,256,3090,0.0021616795683107,0.0012573772639439,71.9197276981419
edp,energy,4,STRIDED_GEMM,512,3090,0.0075230361588889,0.0072599729546991,3.6234736111451893
edp,energy,4,STRIDED_GEMM,1024,3090,0.0404943806791009,0.0404943806791009,0.0
edp,energy,4,STRIDED_GEMM,2048,3090,0.2590519877675841,0.2590519877675841,0.0
edp,energy,4,STRIDED_GEMM,4096,3090,1.8068722222222224,1.8068722222222224,0.0
edp,energy,4,STRIDED_GEMM,8192,3090,13.599875,13.599875,0.0
edp,energy,4,STRIDED_GEMM,16384,3090,111.51975,111.51975,0.0
edp,energy,5,AXPY,1000000,5060ti,0.0011163104888233,0.0011163104888233,0.0
edp,energy,5,AXPY,2000000,5060ti,0.0020373554571637,0.0020373554571637,0.0
edp,energy,5,AXPY,4000000,5060ti,0.0047548633472602,0.0047548633472602,0.0
edp,energy,5,AXPY,8000000,3090,0.0411059124767225,0.0229790957705396,78.88394255017828
edp,energy,5,AXPY,16000000,3090,0.0806471198156682,0.0463498062015503,73.99667102161635
edp,energy,5,AXPY,32000000,3090,0.1603002742230347,0.092560620756547,73.1840959068939
edp,energy,5,AXPY,64000000,3090,0.3224038286235187,0.1824071566731141,76.74955001973306
edp,energy,5,AXPY,128000000,3090,0.6397141560798547,0.3683474903474903,73.67137630729165
edp,energy,5,AXPY,256000000,3090,1.2721684782608695,0.7448449612403101,70.79641327538344
edp,energy,5,CONV2D,1,3090,0.1059935483870967,0.1059935483870967,0.0
edp,energy,5,CONV2D,2,3090,0.0974230217889908,0.0923613053613053,5.4803431024331495
edp,energy,5,CONV2D,3,3090,0.0782325553983969,0.0782325553983969,0.0
edp,energy,5,CONV2D,4,3090,0.1001823187519119,0.0861732530120482,16.25686074297907
edp,energy,5,CONV2D,5,3090,0.1587692853762423,0.1587692853762423,0.0
edp,energy,5,CONV2D,6,3090,0.2517311906501095,0.2179719512195121,15.487882381985774
edp,energy,5,GEMM,64,5060ti,0.0003347796931087,0.0003347796931087,0.0
edp,energy,5,GEMM,128,5060ti,0.0004186242111759,0.0004186242111759,0.0
edp,energy,5,GEMM,256,3090,0.001994293700622,0.0012592353037497,58.37339492336919
edp,energy,5,GEMM,512,3090,0.0071338785469004,0.0071338785469004,0.0
edp,energy,5,GEMM,1024,3090,0.0401171231216674,0.0401171231216674,0.0
edp,energy,5,GEMM,2048,3090,0.2481971407072987,0.2481971407072987,0.0
edp,energy,5,GEMM,4096,3090,1.7184388888888886,1.7184388888888886,0.0
edp,energy,5,GEMM,8192,3090,13.074854166666666,13.074854166666666,0.0
edp,energy,5,GEMM,16384,3090,103.623875,103.623875,0.0
edp,energy,5,REDUCTION,1000000,5060ti,0.0004093440537001,0.0004093440537001,0.0
edp,energy,5,REDUCTION,2000000,5060ti,0.0007337658080009,0.0007337658080009,0.0
edp,energy,5,REDUCTION,4000000,5060ti,0.0010198147511178,0.0010198147511178,0.0
edp,energy,5,REDUCTION,8000000,5060ti,0.001830818280606,0.001830818280606,0.0
edp,energy,5,REDUCTION,16000000,3090,0.0265895533861173,0.013697242206235,94.12340809753445
edp,energy,5,REDUCTION,32000000,3090,0.0519617843866171,0.0257176724137931,102.0469953523032
edp,energy,5,REDUCTION,64000000,3090,0.103804621234279,0.0510550486618004,103.3190134082588
edp,energy,5,REDUCTION,128000000,3090,0.2063759420289855,0.1017820048309178,102.76270090358422
edp,energy,5,REDUCTION,256000000,3090,0.4101645496535797,0.2035204819277108,101.53477712344822
edp,energy,5,STREAM,1000000,5060ti,0.0011669327765495,0.0011669327765495,0.0
edp,energy,5,STREAM,2000000,5060ti,0.0021483758185387,0.0021483758185387,0.0
edp,energy,5,STREAM,4000000,5060ti,0.0104175735013363,0.0104175735013363,0.0
edp,energy,5,STREAM,8000000,3090,0.0411891592920354,0.0248203011170471,65.94947457646202
edp,energy,5,STREAM,16000000,3090,0.0813908547794117,0.0495196316044595,64.36078408160459
edp,energy,5,STREAM,32000000,3090,0.1612389521640091,0.097985465116279,64.55394886646447
edp,energy,5,STREAM,64000000,3090,0.319825,0.1957567829457364,63.3787576539073
edp,energy,5,STREAM,128000000,3090,0.639745931283906,0.3926027131782945,62.94995164574302
edp,energy,5,STREAM,256000000,3090,1.2799094202898549,0.7849069767441861,63.065109396651245
edp,energy,5,STRIDED_GEMM,64,5060ti,0.0003306468934275,0.0003306468934275,0.0
edp,energy,5,STRIDED_GEMM,128,5060ti,0.0004241905507189,0.0004241905507189,0.0
edp,energy,5,STRIDED_GEMM,256,3090,0.0021610055931018,0.0012522025349621,72.57636306950988
edp,energy,5,STRIDED_GEMM,512,3090,0.0069264347185788,0.0069264347185788,0.0
edp,energy,5,STRIDED_GEMM,1024,3090,0.0406902180460185,0.0406902180460185,0.0
edp,energy,5,STRIDED_GEMM,2048,3090,0.2570708333333333,0.2570708333333333,0.0
edp,energy,5,STRIDED_GEMM,4096,3090,1.798779005524862,1.798779005524862,0.0
edp,energy,5,STRIDED_GEMM,8192,3090,13.750395833333332,13.750395833333332,0.0
edp,energy,5,STRIDED_GEMM,16384,3090,111.2755,111.2755,0.0
edp,runtime,1,AXPY,1000000,5060ti,8.188087509211496e-06,8.188087509211496e-06,0.0
edp,runtime,1,AXPY,2000000,5060ti,1.4329162604421902e-05,1.4329162604421902e-05,0.0
edp,runtime,1,AXPY,4000000,5060ti,2.661276897496608e-05,2.661276897496608e-05,0.0
edp,runtime,1,AXPY,8000000,3090,0.0001162878445529,0.0001162878445529,0.0
edp,runtime,1,AXPY,16000000,3090,0.0002304997519013,0.0002304997519013,0.0
edp,runtime,1,AXPY,32000000,3090,0.0004571638276965,0.0004571638276965,0.0
edp,runtime,1,AXPY,64000000,3090,0.0009120088422727,0.0009120088422727,0.0
edp,runtime,1,AXPY,128000000,3090,0.0018179540099457,0.0018179540099457,0.0
edp,runtime,1,AXPY,256000000,3090,0.0036254914855072,0.0036254914855072,0.0
edp,runtime,1,CONV2D,1,3090,0.0003102849536951,0.0003102849536951,0.0
edp,runtime,1,CONV2D,2,3090,0.0002893260806451,0.0002893260806451,0.0
edp,runtime,1,CONV2D,3,3090,0.0002387750374255,0.0002387750374255,0.0
edp,runtime,1,CONV2D,4,3090,0.0003060187135225,0.0003060187135225,0.0
edp,runtime,1,CONV2D,5,3090,0.0004733076907677,0.0004733076907677,0.0
edp,runtime,1,CONV2D,6,3090,0.0007517900052356,0.0007517900052356,0.0
edp,runtime,1,GEMM,64,5060ti,9.769017892877015e-06,5.217029646225186e-06,87.25248954537663
edp,runtime,1,GEMM,128,5060ti,9.78786126601135e-06,5.161149326824335e-06,89.64499273718629
edp,runtime,1,GEMM,256,3090,7.180509782803805e-06,7.180509782803805e-06,0.0
edp,runtime,1,GEMM,512,3090,2.268124110511216e-05,2.268124110511216e-05,0.0
edp,runtime,1,GEMM,1024,3090,0.0001210981721341,0.0001210981721341,0.0
edp,runtime,1,GEMM,2048,3090,0.0007520269865067,0.0007520269865067,0.0
edp,runtime,1,GEMM,4096,3090,0.0055481767955801,0.0055481767955801,0.0
edp,runtime,1,GEMM,8192,3090,0.0417421458333333,0.0417421458333333,0.0
edp,runtime,1,GEMM,16384,3090,0.332597875,0.332597875,0.0
edp,runtime,1,REDUCTION,1000000,5060ti,6.258617487122562e-06,5.700756277427376e-06,9.785740392096475
edp,runtime,1,REDUCTION,2000000,5060ti,8.1960527370483e-06,8.1960527370483e-06,0.0
edp,runtime,1,REDUCTION,4000000,5060ti,1.2284495780305637e-05,1.2284495780305637e-05,0.0
edp,runtime,1,REDUCTION,8000000,5060ti,2.050992609266361e-05,2.050992609266361e-05,0.0
edp,runtime,1,REDUCTION,16000000,3090,7.691327039913865e-05,7.691327039913865e-05,0.0
edp,runtime,1,REDUCTION,32000000,3090,0.0001487895335465,0.0001487895335465,0.0
edp,runtime,1,REDUCTION,64000000,3090,0.0002924800657894,0.0002924800657894,0.0
edp,runtime,1,REDUCTION,128000000,3090,0.0005799535315942,0.0005799535315942,0.0
edp,runtime,1,REDUCTION,256000000,3090,0.0011548241166281,0.0011548241166281,0.0
edp,runtime,1,STREAM,1000000,5060ti,8.188119217227545e-06,8.188119217227545e-06,0.0
edp,runtime,1,STREAM,2000000,5060ti,1.4329450199888234e-05,1.4329450199888234e-05,0.0
edp,runtime,1,STREAM,4000000,5060ti,9.577781501340484e-05,5.958870487310854e-05,60.73149301928844
edp,runtime,1,STREAM,8000000,3090,0.0001164360228198,0.0001164360228198,0.0
edp,runtime,1,STREAM,16000000,3090,0.0002298244485294,0.0002298244485294,0.0
edp,runtime,1,STREAM,32000000,3090,0.0004555765027322,0.0004555765027322,0.0
edp,runtime,1,STREAM,64000000,3090,0.0009091030881017,0.0009091030881017,0.0
edp,runtime,1,STREAM,128000000,3090,0.0018097649186256,0.0018097649186256,0.0
edp,runtime,1,STREAM,256000000,3090,0.0036186895306859,0.0036186895306859,0.0
edp,runtime,1,STRIDED_GEMM,64,5060ti,9.745628561687204e-06,5.266399936827144e-06,85.05295227461718
edp,runtime,1,STRIDED_GEMM,128,5060ti,9.768276010234174e-06,5.1937753868660095e-06,88.07659713079114
edp,runtime,1,STRIDED_GEMM,256,3090,7.281878877013135e-06,7.281878877013135e-06,0.0
edp,runtime,1,STRIDED_GEMM,512,3090,2.2870950780696337e-05,2.2870950780696337e-05,0.0
edp,runtime,1,STRIDED_GEMM,1024,3090,0.0001220956264775,0.0001220956264775,0.0
edp,runtime,1,STRIDED_GEMM,2048,3090,0.0007633280182232,0.0007633280182232,0.0
edp,runtime,1,STRIDED_GEMM,4096,3090,0.0055567777777777,0.0055567777777777,0.0
edp,runtime,1,STRIDED_GEMM,8192,3090,0.041750125,0.041750125,0.0
edp,runtime,1,STRIDED_GEMM,16384,3090,0.3327878333333333,0.3327878333333333,0.0
edp,runtime,2,AXPY,1000000,5060ti,8.188074392041267e-06,8.188074392041267e-06,0.0
edp,runtime,2,AXPY,2000000,5060ti,1.4329123006490994e-05,1.4329123006490994e-05,0.0
edp,runtime,2,AXPY,4000000,5060ti,2.6613832286649455e-05,2.6613832286649455e-05,0.0
edp,runtime,2,AXPY,8000000,3090,0.0001164095165871,0.0001164095165871,0.0
edp,runtime,2,AXPY,16000000,3090,0.0002302442396408,0.0002302442396408,0.0
edp,runtime,2,AXPY,32000000,3090,0.0004571387360603,0.0004571387360603,0.0
edp,runtime,2,AXPY,64000000,3090,0.0009121405378304,0.0009121405378304,0.0
edp,runtime,2,AXPY,128000000,3090,0.0018178801125226,0.0018178801125226,0.0
edp,runtime,2,AXPY,256000000,3090,0.0036274377717391,0.0036274377717391,0.0
edp,runtime,2,CONV2D,1,3090,0.0003124439581525,0.0003124439581525,0.0
edp,runtime,2,CONV2D,2,3090,0.0002899841917531,0.0002899841917531,0.0
edp,runtime,2,CONV2D,3,3090,0.0002372934103684,0.0002372934103684,0.0
edp,runtime,2,CONV2D,4,3090,0.0003027224593483,0.0003027224593483,0.0
edp,runtime,2,CONV2D,5,3090,0.0004729195023596,0.0004729195023596,0.0
edp,runtime,2,CONV2D,6,3090,0.0007497810979805,0.0007497810979805,0.0
edp,runtime,2,GEMM,64,5060ti,9.9198e-06,5.217261330258716e-06,90.13423656713955
edp,runtime,2,GEMM,128,5060ti,9.874560938757087e-06,5.161019462947544e-06,91.32965898790782
edp,runtime,2,GEMM,256,3090,7.179988369087619e-06,7.179988369087619e-06,0.0
edp,runtime,2,GEMM,512,3090,2.269167419792137e-05,2.269167419792137e-05,0.0
edp,runtime,2,GEMM,1024,3090,0.0001211782387806,0.0001211782387806,0.0
edp,runtime,2,GEMM,2048,3090,0.0007534766741911,0.0007534766741911,0.0
edp,runtime,2,GEMM,4096,3090,0.0055629222222222,0.0055629222222222,0.0
edp,runtime,2,GEMM,8192,3090,0.0417100624999999,0.0417100624999999,0.0
edp,runtime,2,GEMM,16384,3090,0.331504875,0.331504875,0.0
edp,runtime,2,REDUCTION,1000000,5060ti,6.14706841610268e-06,5.653928630472067e-06,8.722073055057988
edp,runtime,2,REDUCTION,2000000,5060ti,8.196056425240346e-06,8.196056425240346e-06,0.0
edp,runtime,2,REDUCTION,4000000,5060ti,1.2284477980197534e-05,1.2284477980197534e-05,0.0
edp,runtime,2,REDUCTION,8000000,5060ti,2.046900967127886e-05,2.046900967127886e-05,0.0
edp,runtime,2,REDUCTION,16000000,3090,7.689482427341227e-05,7.689482427341227e-05,0.0
edp,runtime,2,REDUCTION,32000000,3090,0.0001487715977242,0.0001487715977242,0.0
edp,runtime,2,REDUCTION,64000000,3090,0.0002925112850248,0.0002925112850248,0.0
edp,runtime,2,REDUCTION,128000000,3090,0.0005805002019733,0.0005805002019733,0.0
edp,runtime,2,REDUCTION,256000000,3090,0.0011548411726327,0.0011548411726327,0.0
edp,runtime,2,STREAM,1000000,5060ti,8.188016867272578e-06,8.188016867272578e-06,0.0
edp,runtime,2,STREAM,2000000,5060ti,1.4328955852641532e-05,1.4328955852641532e-05,0.0
edp,runtime,2,STREAM,4000000,5060ti,9.548744630071598e-05,5.967008710177783e-05,60.025652615263226
edp,runtime,2,STREAM,8000000,3090,0.0001162032884034,0.0001162032884034,0.0
edp,runtime,2,STREAM,16000000,3090,0.0002296336394948,0.0002296336394948,0.0
edp,runtime,2,STREAM,32000000,3090,0.0004557681093394,0.0004557681093394,0.0
edp,runtime,2,STREAM,64000000,3090,0.0009094963636363,0.0009094963636363,0.0
edp,runtime,2,STREAM,128000000,3090,0.0018104330922242,0.0018104330922242,0.0
edp,runtime,2,STREAM,256000000,3090,0.0036179855595667,0.0036179855595667,0.0
edp,runtime,2,STRIDED_GEMM,64,5060ti,9.841122870342216e-06,5.2663084400027385e-06,86.8694737966601
edp,runtime,2,STRIDED_GEMM,128,5060ti,9.844514270493175e-06,5.18906807248901e-06,89.71642177303553
edp,runtime,2,STRIDED_GEMM,256,3090,7.282653811704909e-06,7.282653811704909e-06,0.0
edp,runtime,2,STRIDED_GEMM,512,3090,2.291826648056197e-05,2.291826648056197e-05,0.0
edp,runtime,2,STRIDED_GEMM,1024,3090,0.0001219558594218,0.0001219558594218,0.0
edp,runtime,2,STRIDED_GEMM,2048,3090,0.0007663213740458,0.0007663213740458,0.0
edp,runtime,2,STRIDED_GEMM,4096,3090,0.0055515994475138,0.0055515994475138,0.0
edp,runtime,2,STRIDED_GEMM,8192,3090,0.0418021458333333,0.0418021458333333,0.0
edp,runtime,2,STRIDED_GEMM,16384,3090,0.332657375,0.332657375,0.0
edp,runtime,3,AXPY,1000000,5060ti,8.188072942765906e-06,8.188072942765906e-06,0.0
edp,runtime,3,AXPY,2000000,5060ti,1.432911731791543e-05,1.432911731791543e-05,0.0
edp,runtime,3,AXPY,4000000,5060ti,2.6613515447868437e-05,2.6613515447868437e-05,0.0
edp,runtime,3,AXPY,8000000,3090,0.0001163761774287,0.0001163761774287,0.0
edp,runtime,3,AXPY,16000000,3090,0.0002299871108555,0.0002299871108555,0.0
edp,runtime,3,AXPY,32000000,3090,0.0004572038971663,0.0004572038971663,0.0
edp,runtime,3,AXPY,64000000,3090,0.0009122411909753,0.0009122411909753,0.0
edp,runtime,3,AXPY,128000000,3090,0.0018176927259528,0.0018176927259528,0.0
edp,runtime,3,AXPY,256000000,3090,0.0036263515072202,0.0036263515072202,0.0
edp,runtime,3,CONV2D,1,3090,0.0003117660300123,0.0003117660300123,0.0
edp,runtime,3,CONV2D,2,3090,0.0002893070187211,0.0002893070187211,0.0
edp,runtime,3,CONV2D,3,3090,0.0002380348142352,0.0002380348142352,0.0
edp,runtime,3,CONV2D,4,3090,0.0003062447918572,0.0003062447918572,0.0
edp,runtime,3,CONV2D,5,3090,0.0004708557237827,0.0004708557237827,0.0
edp,runtime,3,CONV2D,6,3090,0.0007474163896627,0.0007474163896627,0.0
edp,runtime,3,GEMM,64,5060ti,9.93450120221797e-06,5.224620282895767e-06,90.14781293755058
edp,runtime,3,GEMM,128,5060ti,9.920947202035968e-06,5.183126736815811e-06,91.40853978289516
edp,runtime,3,GEMM,256,3090,7.24233833007459e-06,7.24233833007459e-06,0.0
edp,runtime,3,GEMM,512,3090,2.2760561473190104e-05,2.2760561473190104e-05,0.0
edp,runtime,3,GEMM,1024,3090,0.0001209905795373,0.0001209905795373,0.0
edp,runtime,3,GEMM,2048,3090,0.000751848758465,0.000751848758465,0.0
edp,runtime,3,GEMM,4096,3090,0.0055513555555555,0.0055513555555555,0.0
edp,runtime,3,GEMM,8192,3090,0.0417959791666666,0.0417959791666666,0.0
edp,runtime,3,GEMM,16384,3090,0.3319046249999999,0.3319046249999999,0.0
edp,runtime,3,REDUCTION,1000000,5060ti,6.147174095315372e-06,5.658497548303753e-06,8.636153728795204
edp,runtime,3,REDUCTION,2000000,5060ti,8.19605447049856e-06,8.19605447049856e-06,0.0
edp,runtime,3,REDUCTION,4000000,5060ti,1.2284663100093362e-05,1.2284663100093362e-05,0.0
edp,runtime,3,REDUCTION,8000000,5060ti,2.0500984348093484e-05,2.0500984348093484e-05,0.0
edp,runtime,3,REDUCTION,16000000,3090,7.6907040525992e-05,7.6907040525992e-05,0.0
edp,runtime,3,REDUCTION,32000000,3090,0.0001488180273768,0.0001488180273768,0.0
edp,runtime,3,REDUCTION,64000000,3090,0.0002925818749634,0.0002925818749634,0.0
edp,runtime,3,REDUCTION,128000000,3090,0.0005799773257971,0.0005799773257971,0.0
edp,runtime,3,REDUCTION,256000000,3090,0.0011549157713625,0.0011549157713625,0.0
edp,runtime,3,STREAM,1000000,5060ti,8.188328011135675e-06,8.188328011135675e-06,0.0
edp,runtime,3,STREAM,2000000,5060ti,1.4329471693246788e-05,1.4329471693246788e-05,0.0
edp,runtime,3,STREAM,4000000,5060ti,9.549694569056028e-05,5.968340494092373e-05,60.00586056557224
edp,runtime,3,STREAM,8000000,3090,0.0001159728601252,0.0001159728601252,0.0
edp,runtime,3,STREAM,16000000,3090,0.0002295168655346,0.0002295168655346,0.0
edp,runtime,3,STREAM,32000000,3090,0.0004553024578971,0.0004553024578971,0.0
edp,runtime,3,STREAM,64000000,3090,0.0009083574023614,0.0009083574023614,0.0
edp,runtime,3,STREAM,128000000,3090,0.0018103218806509,0.0018103218806509,0.0
edp,runtime,3,STREAM,256000000,3090,0.0036189025270758,0.0036189025270758,0.0
edp,runtime,3,STRIDED_GEMM,64,5060ti,9.859147042353149e-06,5.265313804667716e-06,87.24709310987289
edp,runtime,3,STRIDED_GEMM,128,5060ti,9.852779058248905e-06,5.180780624707656e-06,90.1794299349412
edp,runtime,3,STRIDED_GEMM,256,3090,7.282969953831142e-06,7.282969953831142e-06,0.0
edp,runtime,3,STRIDED_GEMM,512,3090,2.281510320678216e-05,2.281510320678216e-05,0.0
edp,runtime,3,STRIDED_GEMM,1024,3090,0.0001225172497276,0.0001225172497276,0.0
edp,runtime,3,STRIDED_GEMM,2048,3090,0.0007656031866464,0.0007656031866464,0.0
edp,runtime,3,STRIDED_GEMM,4096,3090,0.0055629916666666,0.0055629916666666,0.0
edp,runtime,3,STRIDED_GEMM,8192,3090,0.041721375,0.041721375,0.0
edp,runtime,3,STRIDED_GEMM,16384,3090,0.333162875,0.333162875,0.0
edp,runtime,4,AXPY,1000000,5060ti,8.18806852534185e-06,8.18806852534185e-06,0.0
edp,runtime,4,AXPY,2000000,5060ti,1.432912736964278e-05,1.432912736964278e-05,0.0
edp,runtime,4,AXPY,4000000,5060ti,2.6621059441117764e-05,2.6621059441117764e-05,0.0
edp,runtime,4,AXPY,8000000,3090,0.000116457609455,0.000116457609455,0.0
edp,runtime,4,AXPY,16000000,3090,0.0002304711519585,0.0002304711519585,0.0
edp,runtime,4,AXPY,32000000,3090,0.0004567316458904,0.0004567316458904,0.0
edp,runtime,4,AXPY,64000000,3090,0.0009130319256386,0.0009130319256386,0.0
edp,runtime,4,AXPY,128000000,3090,0.0018174522708333,0.0018174522708333,0.0
edp,runtime,4,AXPY,256000000,3090,0.0036274231938405,0.0036274231938405,0.0
edp,runtime,4,CONV2D,1,3090,0.0003114451813407,0.0003114451813407,0.0
edp,runtime,4,CONV2D,2,3090,0.0002885922603388,0.0002885922603388,0.0
edp,runtime,4,CONV2D,3,3090,0.0002389634517627,0.0002389634517627,0.0
edp,runtime,4,CONV2D,4,3090,0.0003069818856049,0.0003069818856049,0.0
edp,runtime,4,CONV2D,5,3090,0.0004755983571768,0.0004755983571768,0.0
edp,runtime,4,CONV2D,6,3090,0.0007364217845821,0.0007364217845821,0.0
edp,runtime,4,GEMM,64,5060ti,9.897531519314483e-06,5.215761141712569e-06,89.76197817342302
edp,runtime,4,GEMM,128,5060ti,9.920571233570831e-06,5.161102740856931e-06,92.21805361548867
edp,runtime,4,GEMM,256,3090,7.1800376215160615e-06,7.1800376215160615e-06,0.0
edp,runtime,4,GEMM,512,3090,2.2619119707171586e-05,2.2619119707171586e-05,0.0
edp,runtime,4,GEMM,1024,3090,0.0001209204545454,0.0001209204545454,0.0
edp,runtime,4,GEMM,2048,3090,0.0007529011278195,0.0007529011278195,0.0
edp,runtime,4,GEMM,4096,3090,0.0055656583333333,0.0055656583333333,0.0
edp,runtime,4,GEMM,8192,3090,0.0417307083333333,0.0417307083333333,0.0
edp,runtime,4,GEMM,16384,3090,0.33249425,0.33249425,0.0
edp,runtime,4,REDUCTION,1000000,5060ti,6.147144887847997e-06,5.684419756909063e-06,8.140235076350933
edp,runtime,4,REDUCTION,2000000,5060ti,8.196145859799527e-06,8.196145859799527e-06,0.0
edp,runtime,4,REDUCTION,4000000,5060ti,1.228461746965751e-05,1.228461746965751e-05,0.0
edp,runtime,4,REDUCTION,8000000,5060ti,2.0508436181337272e-05,2.0508436181337272e-05,0.0
edp,runtime,4,REDUCTION,16000000,3090,7.688619797032367e-05,7.688619797032367e-05,0.0
edp,runtime,4,REDUCTION,32000000,3090,0.0001487566275472,0.0001487566275472,0.0
edp,runtime,4,REDUCTION,64000000,3090,0.0002924945998538,0.0002924945998538,0.0
edp,runtime,4,REDUCTION,128000000,3090,0.0005799999084057,0.0005799999084057,0.0
edp,runtime,4,REDUCTION,256000000,3090,0.0011548805571593,0.0011548805571593,0.0
edp,runtime,4,STREAM,1000000,5060ti,8.18810284123475e-06,8.18810284123475e-06,0.0
edp,runtime,4,STREAM,2000000,5060ti,1.4329228101849862e-05,1.4329228101849862e-05,0.0
edp,runtime,4,STREAM,4000000,5060ti,9.559780324737344e-05,5.9670525059665874e-05,60.20942190768908
edp,runtime,4,STREAM,8000000,3090,0.0001164227770018,0.0001164227770018,0.0
edp,runtime,4,STREAM,16000000,3090,0.000229310522696,0.000229310522696,0.0
edp,runtime,4,STREAM,32000000,3090,0.0004557578587699,0.0004557578587699,0.0
edp,runtime,4,STREAM,64000000,3090,0.0009089736603088,0.0009089736603088,0.0
edp,runtime,4,STREAM,128000000,3090,0.0018103182640144,0.0018103182640144,0.0
edp,runtime,4,STREAM,256000000,3090,0.0036226823104693,0.0036226823104693,0.0
edp,runtime,4,STRIDED_GEMM,64,5060ti,9.824193706499364e-06,5.265390629524527e-06,86.5805293041763
edp,runtime,4,STRIDED_GEMM,128,5060ti,9.861121776885136e-06,5.186626183838249e-06,90.12593981831229
edp,runtime,4,STRIDED_GEMM,256,3090,7.282658879559572e-06,7.282658879559572e-06,0.0
edp,runtime,4,STRIDED_GEMM,512,3090,2.2847072797459968e-05,2.2847072797459968e-05,0.0
edp,runtime,4,STRIDED_GEMM,1024,3090,0.0001221521401243,0.0001221521401243,0.0
edp,runtime,4,STRIDED_GEMM,2048,3090,0.0007647087155963,0.0007647087155963,0.0
edp,runtime,4,STRIDED_GEMM,4096,3090,0.0055562472222222,0.0055562472222222,0.0
edp,runtime,4,STRIDED_GEMM,8192,3090,0.041805375,0.041805375,0.0
edp,runtime,4,STRIDED_GEMM,16384,3090,0.33255825,0.33255825,0.0
edp,runtime,5,AXPY,1000000,5060ti,8.188062994350283e-06,8.188062994350283e-06,0.0
edp,runtime,5,AXPY,2000000,5060ti,1.4329117998538452e-05,1.4329117998538452e-05,0.0
edp,runtime,5,AXPY,4000000,5060ti,2.6615661455145436e-05,2.6615661455145436e-05,0.0
edp,runtime,5,AXPY,8000000,3090,0.0001163913953095,0.0001163913953095,0.0
edp,runtime,5,AXPY,16000000,3090,0.000230460056682,0.000230460056682,0.0
edp,runtime,5,AXPY,32000000,3090,0.0004571128379798,0.0004571128379798,0.0
edp,runtime,5,AXPY,64000000,3090,0.0009122768090246,0.0009122768090246,0.0
edp,runtime,5,AXPY,128000000,3090,0.0018180892105263,0.0018180892105263,0.0
edp,runtime,5,AXPY,256000000,3090,0.003627064298913,0.003627064298913,0.0
edp,runtime,5,CONV2D,1,3090,0.0003094766104454,0.0003094766104454,0.0
edp,runtime,5,CONV2D,2,3090,0.0002878408996559,0.0002878408996559,0.0
edp,runtime,5,CONV2D,3,3090,0.000237478404644,0.000237478404644,0.0
edp,runtime,5,CONV2D,4,3090,0.0003064980460385,0.0003064980460385,0.0
edp,runtime,5,CONV2D,5,3090,0.0004735562347373,0.0004735562347373,0.0
edp,runtime,5,CONV2D,6,3090,0.0007449064265887,0.0007449064265887,0.0
edp,runtime,5,GEMM,64,5060ti,1.0075756380418918e-05,5.215406725472023e-06,93.19214992780846
edp,runtime,5,GEMM,128,5060ti,1.003193120060518e-05,5.160498668703173e-06,94.39848442255665
edp,runtime,5,GEMM,256,3090,7.2433070467004125e-06,7.2433070467004125e-06,0.0
edp,runtime,5,GEMM,512,3090,2.2763509849990964e-05,2.2763509849990964e-05,0.0
edp,runtime,5,GEMM,1024,3090,0.0001209120819195,0.0001209120819195,0.0
edp,runtime,5,GEMM,2048,3090,0.0007522031602708,0.0007522031602708,0.0
edp,runtime,5,GEMM,4096,3090,0.0055487361111111,0.0055487361111111,0.0
edp,runtime,5,GEMM,8192,3090,0.0417390208333333,0.0417390208333333,0.0
edp,runtime,5,GEMM,16384,3090,0.333069375,0.333069375,0.0
edp,runtime,5,REDUCTION,1000000,5060ti,6.147212209784794e-06,5.633382602035967e-06,9.121155867579866
edp,runtime,5,REDUCTION,2000000,5060ti,8.196122062764833e-06,8.196122062764833e-06,0.0
edp,runtime,5,REDUCTION,4000000,5060ti,1.2284620804874453e-05,1.2284620804874453e-05,0.0
edp,runtime,5,REDUCTION,8000000,5060ti,2.050957770692801e-05,2.050957770692801e-05,0.0
edp,runtime,5,REDUCTION,16000000,3090,7.687676447075103e-05,7.687676447075103e-05,0.0
edp,runtime,5,REDUCTION,32000000,3090,0.0001487201231226,0.0001487201231226,0.0
edp,runtime,5,REDUCTION,64000000,3090,0.0002925279605147,0.0002925279605147,0.0
edp,runtime,5,REDUCTION,128000000,3090,0.0005799756831884,0.0005799756831884,0.0
edp,runtime,5,REDUCTION,256000000,3090,0.0011555575144341,0.0011555575144341,0.0
edp,runtime,5,STREAM,1000000,5060ti,8.188082371243758e-06,8.188082371243758e-06,0.0
edp,runtime,5,STREAM,2000000,5060ti,1.4329084812792848e-05,1.4329084812792848e-05,0.0
edp,runtime,5,STREAM,4000000,5060ti,9.55852901870943e-05,6.055664547381168e-05,57.84442721225551
edp,runtime,5,STREAM,8000000,3090,0.000116463029809,0.000116463029809,0.0
edp,runtime,5,STREAM,16000000,3090,0.0002298289292279,0.0002298289292279,0.0
edp,runtime,5,STREAM,32000000,3090,0.0004557906605922,0.0004557906605922,0.0
edp,runtime,5,STREAM,64000000,3090,0.0009099363636363,0.0009099363636363,0.0
edp,runtime,5,STREAM,128000000,3090,0.001811459312839,0.001811459312839,0.0
edp,runtime,5,STREAM,256000000,3090,0.0036244438405797,0.0036244438405797,0.0
edp,runtime,5,STRIDED_GEMM,64,5060ti,9.817174014917796e-06,5.265276790649924e-06,86.45124283591564
edp,runtime,5,STRIDED_GEMM,128,5060ti,9.77020933189866e-06,5.183225422148554e-06,88.49670882823975
edp,runtime,5,STRIDED_GEMM,256,3090,7.283292793055231e-06,7.283292793055231e-06,0.0
edp,runtime,5,STRIDED_GEMM,512,3090,2.2875730590455152e-05,2.2875730590455152e-05,0.0
edp,runtime,5,STRIDED_GEMM,1024,3090,0.000122197205156,0.000122197205156,0.0
edp,runtime,5,STRIDED_GEMM,2048,3090,0.0007633897727272,0.0007633897727272,0.0
edp,runtime,5,STRIDED_GEMM,4096,3090,0.0055470552486187,0.0055470552486187,0.0
edp,runtime,5,STRIDED_GEMM,8192,3090,0.0417089166666666,0.0417089166666666,0.0
edp,runtime,5,STRIDED_GEMM,16384,3090,0.332510375,0.332510375,0.0
energy,edp,1,AXPY,1000000,5060ti,9.057179283401682e-09,9.057179283401682e-09,0.0
energy,edp,1,AXPY,2000000,5060ti,2.823988056301405e-08,2.823988056301405e-08,0.0
energy,edp,1,AXPY,4000000,5060ti,1.2696094060591431e-07,1.2696094060591431e-07,0.0
energy,edp,1,AXPY,8000000,5060ti,5.6431195210328964e-06,4.785134613149163e-06,17.930214659501132
energy,edp,1,AXPY,16000000,5060ti,2.2406273301795378e-05,1.8779461291658088e-05,19.312652018129683
energy,edp,1,AXPY,32000000,5060ti,9.007256996581244e-05,7.359157106888748e-05,22.395226324897234
energy,edp,1,AXPY,64000000,5060ti,0.00035970532886700816,0.0002941970559887489,22.26680095696285
energy,edp,1,AXPY,128000000,5060ti,0.0014387344466159967,0.0011582701125356029,24.2140698482171
energy,edp,1,AXPY,256000000,5060ti,0.00566932976007011,0.0046359987183019645,22.28928661452749
energy,edp,1,CONV2D,1,3090,3.28425348182058e-05,3.28425348182058e-05,0.0
energy,edp,1,CONV2D,2,5060ti,5.392662481449027e-05,2.8514451879983168e-05,89.12032762006612
energy,edp,1,CONV2D,3,3090,1.902564620912787e-05,1.902564620912787e-05,0.0
energy,edp,1,CONV2D,4,5060ti,4.176951990797765e-05,3.06302219870345e-05,36.36701662057271
energy,edp,1,CONV2D,5,3090,7.525681460350237e-05,7.525681460350237e-05,0.0
energy,edp,1,CONV2D,6,5060ti,0.0002650704336359858,0.00019440547304422603,36.34926501049893
energy,edp,1,GEMM,64,5060ti,3.2196572837301353e-09,3.2196572837301353e-09,0.0
energy,edp,1,GEMM,128,5060ti,3.9880664086007704e-09,3.9880664086007704e-09,0.0
energy,edp,1,GEMM,256,5060ti,2.026325485545099e-08,1.4219059172952523e-08,42.507704686929856
energy,edp,1,GEMM,512,3090,1.6439557435146534e-07,1.6439557435146534e-07,0.0
energy,edp,1,GEMM,1024,3090,4.85357252115436e-06,4.85357252115436e-06,0.0
energy,edp,1,GEMM,2048,3090,0.00018654187247042487,0.00018654187247042487,0.0
energy,edp,1,GEMM,4096,3090,0.009484102459021381,0.009484102459021381,0.0
energy,edp,1,GEMM,8192,3090,0.5492014127291662,0.5492014127291662,0.0
energy,edp,1,GEMM,16384,3090,34.490732235375,34.490732235375,0.0
energy,edp,1,REDUCTION,1000000,5060ti,2.53995084832503e-09,2.53995084832503e-09,0.0
energy,edp,1,REDUCTION,2000000,5060ti,5.937504859192506e-09,5.937504859192506e-09,0.0
energy,edp,1,REDUCTION,4000000,5060ti,1.2523458227704728e-08,1.2523458227704728e-08,0.0
energy,edp,1,REDUCTION,8000000,5060ti,3.830514849069819e-08,3.830514849069819e-08,0.0
energy,edp,1,REDUCTION,16000000,5060ti,2.133993459525472e-06,2.0464620195041385e-06,4.27720813712158
energy,edp,1,REDUCTION,32000000,5060ti,7.952004454330369e-06,7.665195402159927e-06,3.7417056855409525
energy,edp,1,REDUCTION,64000000,5060ti,3.2096059002931066e-05,3.0250734289870027e-05,6.100098911248497
energy,edp,1,REDUCTION,128000000,5060ti,0.0001243857593682084,0.0001183328780741159,5.115130631996756
energy,edp,1,REDUCTION,256000000,5060ti,0.00048698148598830276,0.0004693833295610469,3.749207804996635
energy,edp,1,STREAM,1000000,5060ti,9.43437201399628e-09,9.43437201399628e-09,0.0
energy,edp,1,STREAM,2000000,5060ti,3.0583928131209865e-08,3.0583928131209865e-08,0.0
energy,edp,1,STREAM,4000000,5060ti,9.969733226127186e-07,9.969733226127186e-07,0.0
energy,edp,1,STREAM,8000000,5060ti,5.953734019426302e-06,4.823940765193059e-06,23.42054575763488
energy,edp,1,STREAM,16000000,5060ti,2.3744313096145142e-05,1.8753954887309968e-05,26.609631082198803
energy,edp,1,STREAM,32000000,5060ti,9.418376152746301e-05,7.359085331190186e-05,27.98297246028898
energy,edp,1,STREAM,64000000,5060ti,0.0003835178327342694,0.00029342107232524956,30.70562032066666
energy,edp,1,STREAM,128000000,5060ti,0.0015209383919235606,0.0011608856521553804,31.01534928092886
energy,edp,1,STREAM,256000000,5060ti,0.006131806146024872,0.004631354321319163,32.39769019180399
energy,edp,1,STRIDED_GEMM,64,5060ti,3.24423910027237e-09,3.24423910027237e-09,0.0
energy,edp,1,STRIDED_GEMM,128,5060ti,4.204998524883306e-09,4.204998524883306e-09,0.0
energy,edp,1,STRIDED_GEMM,256,5060ti,2.04068513473092e-08,1.556595186251065e-08,31.099283407508604
energy,edp,1,STRIDED_GEMM,512,5060ti,4.926494767533005e-07,1.7169369096292428e-07,186.9351075105513
energy,edp,1,STRIDED_GEMM,1024,3090,4.870540304469664e-06,4.870540304469664e-06,0.0
energy,edp,1,STRIDED_GEMM,2048,3090,0.0001964703150806863,0.0001964703150806863,0.0
energy,edp,1,STRIDED_GEMM,4096,3090,0.009962700571296156,0.009962700571296156,0.0
energy,edp,1,STRIDED_GEMM,8192,3090,0.571710555453125,0.571710555453125,0.0
energy,edp,1,STRIDED_GEMM,16384,3090,37.9637149863611,37.9637149863611,0.0
energy,edp,2,AXPY,1000000,5060ti,9.112375445065539e-09,9.112375445065539e-09,0.0
energy,edp,2,AXPY,2000000,5060ti,2.9072993730717436e-08,2.9072993730717436e-08,0.0
energy,edp,2,AXPY,4000000,5060ti,1.263443511807673e-07,1.263443511807673e-07,0.0
energy,edp,2,AXPY,8000000,5060ti,5.57887002106533e-06,4.806421703778365e-06,16.071172379230415
energy,edp,2,AXPY,16000000,5060ti,2.269905000594204e-05,1.873445541201579e-05,21.162048785167563
energy,edp,2,AXPY,32000000,5060ti,8.758213358867951e-05,7.411884083258852e-05,18.164467502264902
energy,edp,2,AXPY,64000000,5060ti,0.0003538935129388894,0.00029461973074649747,20.11874155278266
energy,edp,2,AXPY,128000000,5060ti,0.0014277945705843602,0.0011589860015389323,23.193426727199196
energy,edp,2,AXPY,256000000,5060ti,0.0057147595519455256,0.004631429746746476,23.390828846320645
energy,edp,2,CONV2D,1,3090,3.3467144990575423e-05,3.3467144990575423e-05,0.0
energy,edp,2,CONV2D,2,5060ti,5.405367640993304e-05,2.8512645483848145e-05,89.57790654870446
energy,edp,2,CONV2D,3,3090,1.862156394958206e-05,1.862156394958206e-05,0.0
energy,edp,2,CONV2D,4,5060ti,4.0220490645845083e-05,3.0287133169051913e-05,32.79728530709305
energy,edp,2,CONV2D,5,3090,7.500527857279441e-05,7.500527857279441e-05,0.0
energy,edp,2,CONV2D,6,5060ti,0.0002658007074002636,0.00019450706841907372,36.65349519719494
energy,edp,2,GEMM,64,5060ti,3.3379631010000002e-09,3.3379631010000002e-09,0.0
energy,edp,2,GEMM,128,5060ti,4.019357669449647e-09,4.019357669449647e-09,0.0
energy,edp,2,GEMM,256,5060ti,2.0322209376042684e-08,1.4290900717852761e-08,42.203838493226485
energy,edp,2,GEMM,512,3090,1.6368433593846343e-07,1.6368433593846343e-07,0.0
energy,edp,2,GEMM,1024,3090,4.836524439846497e-06,4.836524439846497e-06,0.0
energy,edp,2,GEMM,2048,3090,0.00018872663058169332,0.00018872663058169332,0.0
energy,edp,2,GEMM,4096,3090,0.009579676570462927,0.009579676570462927,0.0
energy,edp,2,GEMM,8192,3090,0.5482023031145821,0.5482023031145821,0.0
energy,edp,2,GEMM,16384,3090,34.171646829328125,34.171646829328125,0.0
energy,edp,2,REDUCTION,1000000,5060ti,2.4614950598417303e-09,2.4614950598417303e-09,0.0
energy,edp,2,REDUCTION,2000000,5060ti,5.9339136827967925e-09,5.9339136827967925e-09,0.0
energy,edp,2,REDUCTION,4000000,5060ti,1.2467604288842092e-08,1.2467604288842092e-08,0.0
energy,edp,2,REDUCTION,8000000,5060ti,3.705168944017514e-08,3.705168944017514e-08,0.0
energy,edp,2,REDUCTION,16000000,5060ti,2.1161634512469065e-06,2.0487037303993686e-06,3.2928002154019476
energy,edp,2,REDUCTION,32000000,5060ti,7.880371713523449e-06,7.797132050113786e-06,1.0675677014915896
energy,edp,2,REDUCTION,64000000,5060ti,3.0758729081135084e-05,3.042942966451686e-05,1.082174132899416
energy,edp,2,REDUCTION,128000000,5060ti,0.0001223337500142952,0.00012004680163436759,1.9050473222044673
energy,edp,2,REDUCTION,256000000,5060ti,0.0004849539117898082,0.0004714539072159894,2.8634834428541422
energy,edp,2,STREAM,1000000,5060ti,9.537199307597631e-09,9.537199307597631e-09,0.0
energy,edp,2,STREAM,2000000,5060ti,3.070154697845176e-08,3.070154697845176e-08,0.0
energy,edp,2,STREAM,4000000,5060ti,9.974814629126001e-07,9.974814629126001e-07,0.0
energy,edp,2,STREAM,8000000,5060ti,5.938049216755486e-06,4.800602780924658e-06,23.693825291076067
energy,edp,2,STREAM,16000000,5060ti,2.398859367161534e-05,1.8668397595539813e-05,28.498407797713774
energy,edp,2,STREAM,32000000,5060ti,9.484380930555772e-05,7.351051651454567e-05,29.02073581103295
energy,edp,2,STREAM,64000000,5060ti,0.00037869829745619055,0.0002916535732239465,29.845245257943965
energy,edp,2,STREAM,128000000,5060ti,0.001515099758878661,0.0011596871584248465,30.64728257718714
energy,edp,2,STREAM,256000000,5060ti,0.006089609194624713,0.00461811040171241,31.863655584471662
energy,edp,2,STRIDED_GEMM,64,5060ti,3.2326099709307595e-09,3.2326099709307595e-09,0.0
energy,edp,2,STRIDED_GEMM,128,5060ti,4.177239042164778e-09,4.177239042164778e-09,0.0
energy,edp,2,STRIDED_GEMM,256,5060ti,2.0431000511973616e-08,1.581828235968984e-08,29.160676534884033
energy,edp,2,STRIDED_GEMM,512,5060ti,5.079803956049523e-07,1.7294079940719417e-07,193.73080114478802
energy,edp,2,STRIDED_GEMM,1024,3090,4.942276928455132e-06,4.942276928455132e-06,0.0
energy,edp,2,STRIDED_GEMM,2048,3090,0.00019813824104102288,0.00019813824104102288,0.0
energy,edp,2,STRIDED_GEMM,4096,3090,0.009970166522702276,0.009970166522702276,0.0
energy,edp,2,STRIDED_GEMM,8192,3090,0.5728548647439231,0.5728548647439231,0.0
energy,edp,2,STRIDED_GEMM,16384,3090,37.3632447165625,37.3632447165625,0.0
energy,edp,3,AXPY,1000000,5060ti,9.091925439104617e-09,9.091925439104617e-09,0.0
energy,edp,3,AXPY,2000000,5060ti,2.9155213077533744e-08,2.9155213077533744e-08,0.0
energy,edp,3,AXPY,4000000,5060ti,1.2636851814568563e-07,1.2636851814568563e-07,0.0
energy,edp,3,AXPY,8000000,5060ti,5.6028329908257195e-06,4.776480459250303e-06,17.300448282481142
energy,edp,3,AXPY,16000000,5060ti,2.256541550574682e-05,1.8589046762381857e-05,21.390923344234245
energy,edp,3,AXPY,32000000,5060ti,9.06645361614912e-05,7.361609623578297e-05,23.158576449237756
energy,edp,3,AXPY,64000000,5060ti,0.00035527613443102026,0.00029529421983274384,20.31259353205439
energy,edp,3,AXPY,128000000,5060ti,0.0014232121634477465,0.0011622709961895035,22.450974696412175
energy,edp,3,AXPY,256000000,5060ti,0.005761074626295718,0.004602056072770264,25.184798603024603
energy,edp,3,CONV2D,1,3090,3.3378788206108005e-05,3.3378788206108005e-05,0.0
energy,edp,3,CONV2D,2,5060ti,5.388483839386136e-05,2.8347796558324433e-05,90.08475061896084
energy,edp,3,CONV2D,3,3090,1.8654256313792556e-05,1.8654256313792556e-05,0.0
energy,edp,3,CONV2D,4,5060ti,4.148691175881065e-05,3.0664125698115026e-05,35.294618106006915
energy,edp,3,CONV2D,5,3090,7.404988811641863e-05,7.404988811641863e-05,0.0
energy,edp,3,CONV2D,6,5060ti,0.00026582337700898354,0.0001888456552369573,40.762241352832376
energy,edp,3,GEMM,64,5060ti,3.3063817853684274e-09,3.3063817853684274e-09,0.0
energy,edp,3,GEMM,128,5060ti,4.21239092436194e-09,4.21239092436194e-09,0.0
energy,edp,3,GEMM,256,5060ti,2.043368644374881e-08,1.4626701804604294e-08,39.70125812858613
energy,edp,3,GEMM,512,3090,1.638252432855722e-07,1.638252432855722e-07,0.0
energy,edp,3,GEMM,1024,3090,4.7792938101188475e-06,4.7792938101188475e-06,0.0
energy,edp,3,GEMM,2048,3090,0.00018870074383308674,0.00018870074383308674,0.0
energy,edp,3,GEMM,4096,3090,0.009586389181975213,0.009586389181975213,0.0
energy,edp,3,GEMM,8192,3090,0.5519611838732631,0.5519611838732631,0.0
energy,edp,3,GEMM,16384,3090,34.61250786581249,34.61250786581249,0.0
energy,edp,3,REDUCTION,1000000,5060ti,2.474535993631169e-09,2.474535993631169e-09,0.0
energy,edp,3,REDUCTION,2000000,5060ti,5.980464346876632e-09,5.980464346876632e-09,0.0
energy,edp,3,REDUCTION,4000000,5060ti,1.2520686060739825e-08,1.2520686060739825e-08,0.0
energy,edp,3,REDUCTION,8000000,5060ti,3.728527220003208e-08,3.728527220003208e-08,0.0
energy,edp,3,REDUCTION,16000000,5060ti,2.075144622016573e-06,2.037456991504796e-06,1.8497387021623624
energy,edp,3,REDUCTION,32000000,5060ti,7.932330311619737e-06,7.733533276266238e-06,2.5705848575527046
energy,edp,3,REDUCTION,64000000,5060ti,3.108008509173395e-05,3.013640378525834e-05,3.1313666793156836
energy,edp,3,REDUCTION,128000000,5060ti,0.0001230780165792863,0.00011911742426590635,3.324947914033727
energy,edp,3,REDUCTION,256000000,5060ti,0.0004897531734769572,0.00047341211063243495,3.4517627406472684
energy,edp,3,STREAM,1000000,5060ti,9.658311566724401e-09,9.658311566724401e-09,0.0
energy,edp,3,STREAM,2000000,5060ti,3.1114843469929694e-08,3.1114843469929694e-08,0.0
energy,edp,3,STREAM,4000000,5060ti,9.953849820742517e-07,9.953849820742517e-07,0.0
energy,edp,3,STREAM,8000000,5060ti,6.016443946261985e-06,4.77129052457679e-06,26.09678482732174
energy,edp,3,STREAM,16000000,5060ti,2.3941383653167442e-05,1.86020048914739e-05,28.70324350974023
energy,edp,3,STREAM,32000000,5060ti,9.505491949146443e-05,7.35303107590801e-05,29.27310997353061
energy,edp,3,STREAM,64000000,5060ti,0.000380528313142224,0.0002921000196105803,30.273292569282905
energy,edp,3,STREAM,128000000,5060ti,0.0015307258857527894,0.0011546890956053667,32.566064023517825
energy,edp,3,STREAM,256000000,5060ti,0.006097809343609082,0.004604439428091058,32.433262264395914
energy,edp,3,STRIDED_GEMM,64,5060ti,3.237613049447247e-09,3.237613049447247e-09,0.0
energy,edp,3,STRIDED_GEMM,128,5060ti,4.1285733098116655e-09,4.1285733098116655e-09,0.0
energy,edp,3,STRIDED_GEMM,256,5060ti,2.0379053324652913e-08,1.5793902250375102e-08,29.031147601087092
energy,edp,3,STRIDED_GEMM,512,5060ti,5.066980356850286e-07,1.7394991964630863e-07,191.28960606322485
energy,edp,3,STRIDED_GEMM,1024,3090,5.039506289485348e-06,5.039506289485348e-06,0.0
energy,edp,3,STRIDED_GEMM,2048,3090,0.00019715618085984927,0.00019715618085984927,0.0
energy,edp,3,STRIDED_GEMM,4096,3090,0.010086198379814693,0.010086198379814693,0.0
energy,edp,3,STRIDED_GEMM,8192,3090,0.5672881434609375,0.5672881434609375,0.0
energy,edp,3,STRIDED_GEMM,16384,3090,37.21716666729688,37.21716666729688,0.0
energy,edp,4,AXPY,1000000,5060ti,8.783485184422363e-09,8.783485184422363e-09,0.0
energy,edp,4,AXPY,2000000,5060ti,2.87020907119081e-08,2.87020907119081e-08,0.0
energy,edp,4,AXPY,4000000,5060ti,1.263988448125162e-07,1.263988448125162e-07,0.0
energy,edp,4,AXPY,8000000,5060ti,5.692905888470016e-06,4.8077072324350324e-06,18.412074888067664
energy,edp,4,AXPY,16000000,5060ti,2.2462849470549508e-05,1.8794338298742965e-05,19.519235599009654
energy,edp,4,AXPY,32000000,5060ti,8.992605753331265e-05,7.300177561453408e-05,23.183383933210912
energy,edp,4,AXPY,64000000,5060ti,0.0003593373351308345,0.0002919382094604739,23.08677777907857
energy,edp,4,AXPY,128000000,5060ti,0.0014153547393381033,0.001166415844527228,21.342207925148294
energy,edp,4,AXPY,256000000,5060ti,0.005752101304263548,0.004639165408237017,23.990002470066507
energy,edp,4,CONV2D,1,3090,3.319291724149769e-05,3.319291724149769e-05,0.0
energy,edp,4,CONV2D,2,5060ti,5.3549973444333054e-05,2.8196093732050373e-05,89.91983057377568
energy,edp,4,CONV2D,3,3090,1.8972462837251544e-05,1.8972462837251544e-05,0.0
energy,edp,4,CONV2D,4,5060ti,4.192799628461977e-05,3.080241196636839e-05,36.119198491335204
energy,edp,4,CONV2D,5,3090,7.59759333796075e-05,7.59759333796075e-05,0.0
energy,edp,4,CONV2D,6,5060ti,0.0002542502509411446,0.00018404204383770252,38.14791752984179
energy,edp,4,GEMM,64,5060ti,3.2844421905941844e-09,3.2844421905941844e-09,0.0
energy,edp,4,GEMM,128,5060ti,4.3726100295591845e-09,4.3726100295591845e-09,0.0
energy,edp,4,GEMM,256,5060ti,2.060446174907167e-08,1.4299735543458652e-08,44.08980981817587
energy,edp,4,GEMM,512,3090,1.634364022584921e-07,1.634364022584921e-07,0.0
energy,edp,4,GEMM,1024,3090,4.822784860205309e-06,4.822784860205309e-06,0.0
energy,edp,4,GEMM,2048,3090,0.00018893034838697963,0.00018893034838697963,0.0
energy,edp,4,GEMM,4096,3090,0.00955991487689809,0.00955991487689809,0.0
energy,edp,4,GEMM,8192,3090,0.5480867763012148,0.5480867763012148,0.0
energy,edp,4,GEMM,16384,3090,34.33796961271875,34.33796961271875,0.0
energy,edp,4,REDUCTION,1000000,5060ti,2.5025618159294214e-09,2.5025618159294214e-09,0.0
energy,edp,4,REDUCTION,2000000,5060ti,6.027956910902821e-09,6.027956910902821e-09,0.0
energy,edp,4,REDUCTION,4000000,5060ti,1.2522827737896893e-08,1.2522827737896893e-08,0.0
energy,edp,4,REDUCTION,8000000,5060ti,3.732252805824761e-08,3.732252805824761e-08,0.0
energy,edp,4,REDUCTION,16000000,5060ti,1.989344160832357e-06,1.989344160832357e-06,0.0
energy,edp,4,REDUCTION,32000000,5060ti,7.924159228116046e-06,7.684000031201492e-06,3.1254450278418666
energy,edp,4,REDUCTION,64000000,5060ti,3.101662377487057e-05,3.0027478516043737e-05,3.294133599324134
energy,edp,4,REDUCTION,128000000,5060ti,0.00012320933218437315,0.00011905212612667781,3.4919208862106865
energy,edp,4,REDUCTION,256000000,5060ti,0.00048826566822927914,0.0004739477778425282,3.020984812277816
energy,edp,4,STREAM,1000000,5060ti,9.667867942850342e-09,9.667867942850342e-09,0.0
energy,edp,4,STREAM,2000000,5060ti,3.0993893092670806e-08,3.0993893092670806e-08,0.0
energy,edp,4,STREAM,4000000,5060ti,1.0052378365348212e-06,1.0052378365348212e-06,0.0
energy,edp,4,STREAM,8000000,5060ti,5.9855624461018585e-06,4.804715974338251e-06,24.576821565945828
energy,edp,4,STREAM,16000000,5060ti,2.389174978926421e-05,1.8575598014527787e-05,28.61900742349568
energy,edp,4,STREAM,32000000,5060ti,9.537399927372352e-05,7.349993492135788e-05,29.76065812271813
energy,edp,4,STREAM,64000000,5060ti,0.00038113205385980595,0.00029161666551173943,30.696252627051223
energy,edp,4,STREAM,128000000,5060ti,0.0015422936605897972,0.0011545443858094009,33.584613943496166
energy,edp,4,STREAM,256000000,5060ti,0.006108162773120581,0.004626165310469296,32.035116844991116
energy,edp,4,STRIDED_GEMM,64,5060ti,3.2437848487625957e-09,3.2437848487625957e-09,0.0
energy,edp,4,STRIDED_GEMM,128,5060ti,4.2178040432306886e-09,4.2178040432306886e-09,0.0
energy,edp,4,STRIDED_GEMM,256,5060ti,2.058800326467853e-08,1.574277490292042e-08,30.77747342280348
energy,edp,4,STRIDED_GEMM,512,5060ti,4.90929041343285e-07,1.718793547800583e-07,185.624205403547
energy,edp,4,STRIDED_GEMM,1024,3090,4.94647526296028e-06,4.94647526296028e-06,0.0
energy,edp,4,STRIDED_GEMM,2048,3090,0.00019809931283841766,0.00019809931283841766,0.0
energy,edp,4,STRIDED_GEMM,4096,3090,0.010039428765632677,0.010039428765632677,0.0
energy,edp,4,STRIDED_GEMM,8192,3090,0.568547874328125,0.568547874328125,0.0
energy,edp,4,STRIDED_GEMM,16384,3090,37.0868129004375,37.0868129004375,0.0
energy,edp,5,AXPY,1000000,5060ti,9.140420603739137e-09,9.140420603739137e-09,0.0
energy,edp,5,AXPY,2000000,5060ti,2.9193506750664908e-08,2.9193506750664908e-08,0.0
energy,edp,5,AXPY,4000000,5060ti,1.2655383311615713e-07,1.2655383311615713e-07,0.0
energy,edp,5,AXPY,8000000,5060ti,5.586385076297608e-06,4.7843745086359165e-06,16.763122665544717
energy,edp,5,AXPY,16000000,5060ti,2.2491394893370565e-05,1.858593980395894e-05,21.012954580751053
energy,edp,5,AXPY,32000000,5060ti,8.980005568009325e-05,7.327531327903157e-05,22.551582056204445
energy,edp,5,AXPY,64000000,5060ti,0.00035388724649629006,0.0002941215359939776,20.320072891070517
energy,edp,5,AXPY,128000000,5060ti,0.0014296732467736436,0.0011630574049897213,22.923704422506862
energy,edp,5,AXPY,256000000,5060ti,0.005784138629840693,0.004614236869702479,25.354176501425417
energy,edp,5,CONV2D,1,3090,3.280252408391918e-05,3.280252408391918e-05,0.0
energy,edp,5,CONV2D,2,5060ti,5.382966802106509e-05,2.804233023893946e-05,91.95861243484482
energy,edp,5,CONV2D,3,3090,1.8578542447234646e-05,1.8578542447234646e-05,0.0
energy,edp,5,CONV2D,4,5060ti,4.159968335361202e-05,3.0705684945067174e-05,35.4787669711141
energy,edp,5,CONV2D,5,3090,7.518618497470517e-05,7.518618497470517e-05,0.0
energy,edp,5,CONV2D,6,5060ti,0.00026592403086416014,0.00018751618168809183,41.8139109223594
energy,edp,5,GEMM,64,5060ti,3.373158628874671e-09,3.373158628874671e-09,0.0
energy,edp,5,GEMM,128,5060ti,4.199609285424243e-09,4.199609285424243e-09,0.0
energy,edp,5,GEMM,256,5060ti,2.0615405715921045e-08,1.4445281614905575e-08,42.71376817360719
energy,edp,5,GEMM,512,3090,1.6239211457100646e-07,1.6239211457100646e-07,0.0
energy,edp,5,GEMM,1024,3090,4.850644877261717e-06,4.850644877261717e-06,0.0
energy,edp,5,GEMM,2048,3090,0.0001866946736102065,0.0001866946736102065,0.0
energy,edp,5,GEMM,4096,3090,0.009535163917515412,0.009535163917515412,0.0
energy,edp,5,GEMM,8192,3090,0.5457316104552947,0.5457316104552947,0.0
energy,edp,5,GEMM,16384,3090,34.51393928132813,34.51393928132813,0.0
energy,edp,5,REDUCTION,1000000,5060ti,2.516324764908057e-09,2.516324764908057e-09,0.0
energy,edp,5,REDUCTION,2000000,5060ti,6.01403412785864e-09,6.01403412785864e-09,0.0
energy,edp,5,REDUCTION,4000000,5060ti,1.252803750869959e-08,1.252803750869959e-08,0.0
energy,edp,5,REDUCTION,8000000,5060ti,3.7549309793353085e-08,3.7549309793353085e-08,0.0
energy,edp,5,REDUCTION,16000000,5060ti,2.1613909886528232e-06,2.0441188330470002e-06,5.737051765773082
energy,edp,5,REDUCTION,32000000,5060ti,7.920336671134158e-06,7.727762971647691e-06,2.4919721294894615
energy,edp,5,REDUCTION,64000000,5060ti,3.106664062597086e-05,3.0365754141664557e-05,2.308147793848536
energy,edp,5,REDUCTION,128000000,5060ti,0.00012306232229632785,0.0001196930279719105,2.8149461848421486
energy,edp,5,REDUCTION,256000000,5060ti,0.0004906144828789072,0.0004739687275066725,3.5119944431355687
energy,edp,5,STREAM,1000000,5060ti,9.55494169609149e-09,9.55494169609149e-09,0.0
energy,edp,5,STREAM,2000000,5060ti,3.078425931359429e-08,3.078425931359429e-08,0.0
energy,edp,5,STREAM,4000000,5060ti,9.957667861706143e-07,9.957667861706143e-07,0.0
energy,edp,5,STREAM,8000000,5060ti,6.027758999863191e-06,4.797014286435967e-06,25.656473796779732
energy,edp,5,STREAM,16000000,5060ti,2.4009856223925846e-05,1.87059730028957e-05,28.353955285881693
energy,edp,5,STREAM,32000000,5060ti,9.497065554156411e-05,7.349120852002784e-05,29.227233371298666
energy,edp,5,STREAM,64000000,5060ti,0.0003799221846005296,0.00029102039749997967,30.548301034657264
energy,edp,5,STREAM,128000000,5060ti,0.0015242648167552724,0.0011588737250750904,31.529845208675013
energy,edp,5,STREAM,256000000,5060ti,0.006095660595997826,0.004638959814869499,31.401452895950687
energy,edp,5,STRIDED_GEMM,64,5060ti,3.2460180902697464e-09,3.2460180902697464e-09,0.0
energy,edp,5,STRIDED_GEMM,128,5060ti,4.1444304771370295e-09,4.1444304771370295e-09,0.0
energy,edp,5,STRIDED_GEMM,256,5060ti,2.0506564622965865e-08,1.5739236461990383e-08,30.289450015497167
energy,edp,5,STRIDED_GEMM,512,5060ti,4.974326501651886e-07,1.5844725457458367e-07,213.94210742290844
energy,edp,5,STRIDED_GEMM,1024,3090,4.972230922411697e-06,4.972230922411697e-06,0.0
energy,edp,5,STRIDED_GEMM,2048,3090,0.00019624524503312522,0.00019624524503312522,0.0
energy,edp,5,STRIDED_GEMM,4096,3090,0.009977926523701811,0.009977926523701811,0.0
energy,edp,5,STRIDED_GEMM,8192,3090,0.5735141139461797,0.5735141139461797,0.0
energy,edp,5,STRIDED_GEMM,16384,3090,37.0002582333125,37.0002582333125,0.0
energy,energy,1,AXPY,1000000,5060ti,0.0011061409972979,0.0011061409972979,0.0
energy,energy,1,AXPY,2000000,5060ti,0.0019707976901804,0.0019707976901804,0.0
energy,energy,1,AXPY,4000000,5060ti,0.0047706775918486,0.0047706775918486,0.0
energy,energy,1,AXPY,8000000,5060ti,0.0232590303030303,0.0232590303030303,0.0
energy,energy,1,AXPY,16000000,5060ti,0.0461752302472127,0.0461752302472127,0.0
energy,energy,1,AXPY,32000000,5060ti,0.0928637245392822,0.0928637245392822,0.0
energy,energy,1,AXPY,64000000,5060ti,0.1854641472868217,0.1854641472868217,0.0
energy,energy,1,AXPY,128000000,5060ti,0.3707046332046332,0.3707046332046332,0.0
energy,energy,1,AXPY,256000000,5060ti,0.7298769230769231,0.7298769230769231,0.0
energy,energy,1,CONV2D,1,3090,0.1058463661453541,0.1058463661453541,0.0
energy,energy,1,CONV2D,2,5060ti,0.0925390215492137,0.0925390215492137,0.0
energy,energy,1,CONV2D,3,3090,0.0796802145411203,0.0796802145411203,0.0
energy,energy,1,CONV2D,4,5060ti,0.0861506518590053,0.0861506518590053,0.0
energy,energy,1,CONV2D,5,3090,0.1590018841262364,0.1590018841262364,0.0
energy,energy,1,CONV2D,6,5060ti,0.2177177615571776,0.2177177615571776,0.0
energy,energy,1,GEMM,64,5060ti,0.0003295783996954,0.0003295783996954,0.0
energy,energy,1,GEMM,128,5060ti,0.0004074502386389,0.0004074502386389,0.0
energy,energy,1,GEMM,256,5060ti,0.0012379650248886,0.0012379650248886,0.0
energy,energy,1,GEMM,512,3090,0.007248085481284,0.007248085481284,0.0
energy,energy,1,GEMM,1024,3090,0.0400796513739256,0.0400796513739256,0.0
energy,energy,1,GEMM,2048,3090,0.2480520989505247,0.2480520989505247,0.0
energy,energy,1,GEMM,4096,3090,1.7094088397790057,1.7094088397790057,0.0
energy,energy,1,GEMM,8192,3090,13.157,13.157,0.0
energy,energy,1,GEMM,16384,3090,103.701,103.701,0.0
energy,energy,1,REDUCTION,1000000,5060ti,0.0004058325746143,0.0004058325746143,0.0
energy,energy,1,REDUCTION,2000000,5060ti,0.0007244346821188,0.0007244346821188,0.0
energy,energy,1,REDUCTION,4000000,5060ti,0.0010194523610633,0.0010194523610633,0.0
energy,energy,1,REDUCTION,8000000,5060ti,0.0018676395184281,0.0018676395184281,0.0
energy,energy,1,REDUCTION,16000000,5060ti,0.0135197026022304,0.0135197026022304,0.0
energy,energy,1,REDUCTION,32000000,5060ti,0.0258104404065291,0.0258104404065291,0.0
energy,energy,1,REDUCTION,64000000,5060ti,0.0527866915422885,0.0527866915422885,0.0
energy,energy,1,REDUCTION,128000000,5060ti,0.1028810386473429,0.1028810386473429,0.0
energy,energy,1,REDUCTION,256000000,5060ti,0.2019988009592326,0.2019988009592326,0.0
energy,energy,1,STREAM,1000000,5060ti,0.0011522025710308,0.0011522025710308,0.0
energy,energy,1,STREAM,2000000,5060ti,0.0021343406554041,0.0021343406554041,0.0
energy,energy,1,STREAM,4000000,5060ti,0.0104092301800076,0.0104092301800076,0.0
energy,energy,1,STREAM,8000000,5060ti,0.0245104444984211,0.0245104444984211,0.0
energy,energy,1,STREAM,16000000,5060ti,0.0489721279689772,0.0489721279689772,0.0
energy,energy,1,STREAM,32000000,5060ti,0.0970882638215324,0.0970882638215324,0.0
energy,energy,1,STREAM,64000000,5060ti,0.1977422480620155,0.1977422480620155,0.0
energy,energy,1,STREAM,128000000,5060ti,0.3917674418604651,0.3917674418604651,0.0
energy,energy,1,STREAM,256000000,5060ti,0.7899728682170541,0.7899728682170541,0.0
energy,energy,1,STRIDED_GEMM,64,5060ti,0.0003328917247089,0.0003328917247089,0.0
energy,energy,1,STRIDED_GEMM,128,5060ti,0.0004304749907228,0.0004304749907228,0.0
energy,energy,1,STRIDED_GEMM,256,5060ti,0.001246295174311,0.001246295174311,0.0
energy,energy,1,STRIDED_GEMM,512,5060ti,0.0072855162620866,0.0072855162620866,0.0
energy,energy,1,STRIDED_GEMM,1024,3090,0.0398911938534278,0.0398911938534278,0.0
energy,energy,1,STRIDED_GEMM,2048,3090,0.2573864844343204,0.2573864844343204,0.0
energy,energy,1,STRIDED_GEMM,4096,3090,1.7928916666666668,1.7928916666666668,0.0
energy,energy,1,STRIDED_GEMM,8192,3090,13.693625,13.693625,0.0
energy,energy,1,STRIDED_GEMM,16384,3090,114.07783333333332,114.07783333333332,0.0
energy,energy,2,AXPY,1000000,5060ti,0.0011128838123311,0.0011128838123311,0.0
energy,energy,2,AXPY,2000000,5060ti,0.0020289443895169,0.0020289443895169,0.0
energy,energy,2,AXPY,4000000,5060ti,0.0047473189813459,0.0047473189813459,0.0
energy,energy,2,AXPY,8000000,5060ti,0.0230670511896178,0.0230670511896178,0.0
energy,energy,2,AXPY,16000000,5060ti,0.0467765390208434,0.0467765390208434,0.0
energy,energy,2,AXPY,32000000,5060ti,0.0903144379844961,0.0903144379844961,0.0
energy,energy,2,AXPY,64000000,5060ti,0.1824980657640232,0.1824980657640232,0.0
energy,energy,2,AXPY,128000000,5060ti,0.368027027027027,0.368027027027027,0.0
energy,energy,2,AXPY,256000000,5060ti,0.7360658914728682,0.7360658914728682,0.0
energy,energy,2,CONV2D,1,3090,0.1071140731556106,0.1071140731556106,0.0
energy,energy,2,CONV2D,2,5060ti,0.0926434402332361,0.0926434402332361,0.0
energy,energy,2,CONV2D,3,3090,0.0784748464808691,0.0784748464808691,0.0
energy,energy,2,CONV2D,4,5060ti,0.083955294117647,0.083955294117647,0.0
energy,energy,2,CONV2D,5,3090,0.158600519112789,0.158600519112789,0.0
energy,energy,2,CONV2D,6,5060ti,0.218264598540146,0.218264598540146,0.0
energy,energy,2,GEMM,64,5060ti,0.000336495,0.000336495,0.0
energy,energy,2,GEMM,128,5060ti,0.000407041659308,0.000407041659308,0.0
energy,energy,2,GEMM,256,5060ti,0.0012409696751375,0.0012409696751375,0.0
energy,energy,2,GEMM,512,3090,0.0072134093990058,0.0072134093990058,0.0
energy,energy,2,GEMM,1024,3090,0.0399124833676061,0.0399124833676061,0.0
energy,energy,2,GEMM,2048,3090,0.250474416854778,0.250474416854778,0.0
energy,energy,2,GEMM,4096,3090,1.7220583333333337,1.7220583333333337,0.0
energy,energy,2,GEMM,8192,3090,13.143166666666668,13.143166666666668,0.0
energy,energy,2,GEMM,16384,3090,103.080375,103.080375,0.0
energy,energy,2,REDUCTION,1000000,5060ti,0.0004004339781535,0.0004004339781535,0.0
energy,energy,2,REDUCTION,2000000,5060ti,0.0007239961970641,0.0007239961970641,0.0
energy,energy,2,REDUCTION,4000000,5060ti,0.0010149071298707,0.0010149071298707,0.0
energy,energy,2,REDUCTION,8000000,5060ti,0.0018101359096119,0.0018101359096119,0.0
energy,energy,2,REDUCTION,16000000,5060ti,0.0134059067972692,0.0134059067972692,0.0
energy,energy,2,REDUCTION,32000000,5060ti,0.0255780720665229,0.0255780720665229,0.0
energy,energy,2,REDUCTION,64000000,5060ti,0.0505450121654501,0.0505450121654501,0.0
energy,energy,2,REDUCTION,128000000,5060ti,0.1011799516908212,0.1011799516908212,0.0
energy,energy,2,REDUCTION,256000000,5060ti,0.2011105769230769,0.2011105769230769,0.0
energy,energy,2,STREAM,1000000,5060ti,0.0011647752394988,0.0011647752394988,0.0
energy,energy,2,STREAM,2000000,5060ti,0.0021426227628995,0.0021426227628995,0.0
energy,energy,2,STREAM,4000000,5060ti,0.0104462052505966,0.0104462052505966,0.0
energy,energy,2,STREAM,8000000,5060ti,0.0244504001940334,0.0244504001940334,0.0
energy,energy,2,STREAM,16000000,5060ti,0.0494774600096946,0.0494774600096946,0.0
energy,energy,2,STREAM,32000000,5060ti,0.0977298739088263,0.0977298739088263,0.0
energy,energy,2,STREAM,64000000,5060ti,0.1951065891472868,0.1951065891472868,0.0
energy,energy,2,STREAM,128000000,5060ti,0.3903100775193798,0.3903100775193798,0.0
energy,energy,2,STREAM,256000000,5060ti,0.7845620155038759,0.7845620155038759,0.0
energy,energy,2,STRIDED_GEMM,64,5060ti,0.000328479789707,0.000328479789707,0.0
energy,energy,2,STRIDED_GEMM,128,5060ti,0.0004243214979824,0.0004243214979824,0.0
energy,energy,2,STRIDED_GEMM,256,5060ti,0.0012476624035895,0.0012476624035895,0.0
energy,energy,2,STRIDED_GEMM,512,5060ti,0.007332893847194,0.007332893847194,0.0
energy,energy,2,STRIDED_GEMM,1024,3090,0.0405251289432649,0.0405251289432649,0.0
energy,energy,2,STRIDED_GEMM,2048,3090,0.2585576335877863,0.2585576335877863,0.0
energy,energy,2,STRIDED_GEMM,4096,3090,1.7959088397790053,1.7959088397790053,0.0
energy,energy,2,STRIDED_GEMM,8192,3090,13.703958333333333,13.703958333333333,0.0
energy,energy,2,STRIDED_GEMM,16384,3090,112.3175,112.3175,0.0
energy,energy,3,AXPY,1000000,5060ti,0.0011103864734299,0.0011103864734299,0.0
energy,energy,3,AXPY,2000000,5060ti,0.0020346831162504,0.0020346831162504,0.0
energy,energy,3,AXPY,4000000,5060ti,0.004748283570174,0.004748283570174,0.0
energy,energy,3,AXPY,8000000,5060ti,0.023050826848249,0.023050826848249,0.0
energy,energy,3,AXPY,16000000,5060ti,0.0464936923823386,0.0464936923823386,0.0
energy,energy,3,AXPY,32000000,5060ti,0.0934747817652764,0.0934747817652764,0.0
energy,energy,3,AXPY,64000000,5060ti,0.1831434108527131,0.1831434108527131,0.0
energy,energy,3,AXPY,128000000,5060ti,0.3667567567567568,0.3667567567567568,0.0
energy,energy,3,AXPY,256000000,5060ti,0.7419147286821706,0.7419147286821706,0.0
energy,energy,3,CONV2D,1,3090,0.107063582920792,0.107063582920792,0.0
energy,energy,3,CONV2D,2,5060ti,0.0924463869463869,0.0924463869463869,0.0
energy,energy,3,CONV2D,3,3090,0.0783677647058823,0.0783677647058823,0.0
energy,energy,3,CONV2D,4,5060ti,0.0855971756821445,0.0855971756821445,0.0
energy,energy,3,CONV2D,5,3090,0.1572666198501872,0.1572666198501872,0.0
energy,energy,3,CONV2D,6,5060ti,0.2181224116930572,0.2181224116930572,0.0
energy,energy,3,GEMM,64,5060ti,0.0003328180970606,0.0003328180970606,0.0
energy,energy,3,GEMM,128,5060ti,0.0004245956397689,0.0004245956397689,0.0
energy,energy,3,GEMM,256,5060ti,0.0012479899127188,0.0012479899127188,0.0
energy,energy,3,GEMM,512,3090,0.0071977680989348,0.0071977680989348,0.0
energy,energy,3,GEMM,1024,3090,0.0395013713331743,0.0395013713331743,0.0
energy,energy,3,GEMM,2048,3090,0.2509823175319789,0.2509823175319789,0.0
energy,energy,3,GEMM,4096,3090,1.7268555555555556,1.7268555555555556,0.0
energy,energy,3,GEMM,8192,3090,13.206083333333334,13.206083333333334,0.0
energy,energy,3,GEMM,16384,3090,104.2845,104.2845,0.0
energy,energy,3,REDUCTION,1000000,5060ti,0.0004025485459273,0.0004025485459273,0.0
energy,energy,3,REDUCTION,2000000,5060ti,0.0007296760128185,0.0007296760128185,0.0
energy,energy,3,REDUCTION,4000000,5060ti,0.001019212815095,0.001019212815095,0.0
energy,energy,3,REDUCTION,8000000,5060ti,0.0018187064370643,0.0018187064370643,0.0
energy,energy,3,REDUCTION,16000000,5060ti,0.0131456325301204,0.0131456325301204,0.0
energy,energy,3,REDUCTION,32000000,5060ti,0.0257552339901477,0.0257552339901477,0.0
energy,energy,3,REDUCTION,64000000,5060ti,0.0510729927007299,0.0510729927007299,0.0
energy,energy,3,REDUCTION,128000000,5060ti,0.1017971014492753,0.1017971014492753,0.0
energy,energy,3,REDUCTION,256000000,5060ti,0.203155421686747,0.203155421686747,0.0
energy,energy,3,STREAM,1000000,5060ti,0.0011795218210103,0.0011795218210103,0.0
energy,energy,3,STREAM,2000000,5060ti,0.0021713880410953,0.0021713880410953,0.0
energy,energy,3,STREAM,4000000,5060ti,0.0104232127517419,0.0104232127517419,0.0
energy,energy,3,STREAM,8000000,5060ti,0.024787915554477,0.024787915554477,0.0
energy,energy,3,STREAM,16000000,5060ti,0.0493795443528841,0.0493795443528841,0.0
energy,energy,3,STREAM,32000000,5060ti,0.0978553398058252,0.0978553398058252,0.0
energy,energy,3,STREAM,64000000,5060ti,0.1960968992248062,0.1960968992248062,0.0
energy,energy,3,STREAM,128000000,5060ti,0.394265503875969,0.394265503875969,0.0
energy,energy,3,STREAM,256000000,5060ti,0.7856279069767442,0.7856279069767442,0.0
energy,energy,3,STRIDED_GEMM,64,5060ti,0.00032838672915,0.00032838672915,0.0
energy,energy,3,STRIDED_GEMM,128,5060ti,0.0004190262752675,0.0004190262752675,0.0
energy,energy,3,STRIDED_GEMM,256,5060ti,0.0012450789335778,0.0012450789335778,0.0
energy,energy,3,STRIDED_GEMM,512,5060ti,0.0074883421492204,0.0074883421492204,0.0
energy,energy,3,STRIDED_GEMM,1024,3090,0.0411330347415567,0.0411330347415567,0.0
energy,energy,3,STRIDED_GEMM,2048,3090,0.2575174506828528,0.2575174506828528,0.0
energy,energy,3,STRIDED_GEMM,4096,3090,1.8130888888888888,1.8130888888888888,0.0
energy,energy,3,STRIDED_GEMM,8192,3090,13.5970625,13.5970625,0.0
energy,energy,3,STRIDED_GEMM,16384,3090,111.708625,111.708625,0.0
energy,energy,4,AXPY,1000000,5060ti,0.0010727175960042,0.0010727175960042,0.0
energy,energy,4,AXPY,2000000,5060ti,0.0020030592213672,0.0020030592213672,0.0
energy,energy,4,AXPY,4000000,5060ti,0.0047480771789753,0.0047480771789753,0.0
energy,energy,4,AXPY,8000000,5060ti,0.0233667478684531,0.0233667478684531,0.0
energy,energy,4,AXPY,16000000,5060ti,0.0462867540029112,0.0462867540029112,0.0
energy,energy,4,AXPY,32000000,5060ti,0.0926299709020368,0.0926299709020368,0.0
energy,energy,4,AXPY,64000000,5060ti,0.1852732558139534,0.1852732558139534,0.0
energy,energy,4,AXPY,128000000,5060ti,0.3646143410852713,0.3646143410852713,0.0
energy,energy,4,AXPY,256000000,5060ti,0.7406666666666666,0.7406666666666666,0.0
energy,energy,4,CONV2D,1,3090,0.1065770775409329,0.1065770775409329,0.0
energy,energy,4,CONV2D,2,5060ti,0.0918750728013977,0.0918750728013977,0.0
energy,energy,4,CONV2D,3,3090,0.0793948308718437,0.0793948308718437,0.0
energy,energy,4,CONV2D,4,5060ti,0.0865180810028929,0.0865180810028929,0.0
energy,energy,4,CONV2D,5,3090,0.1597480988593155,0.1597480988593155,0.0
energy,energy,4,CONV2D,6,5060ti,0.2099981927710843,0.2099981927710843,0.0
energy,energy,4,GEMM,64,5060ti,0.0003318445800536,0.0003318445800536,0.0
energy,energy,4,GEMM,128,5060ti,0.0004407619205195,0.0004407619205195,0.0
energy,energy,4,GEMM,256,5060ti,0.0012582528246274,0.0012582528246274,0.0
energy,energy,4,GEMM,512,3090,0.0072255863346739,0.0072255863346739,0.0
energy,energy,4,GEMM,1024,3090,0.0398839458413926,0.0398839458413926,0.0
energy,energy,4,GEMM,2048,3090,0.2509364661654135,0.2509364661654135,0.0
energy,energy,4,GEMM,4096,3090,1.717661111111111,1.717661111111111,0.0
energy,energy,4,GEMM,8192,3090,13.133895833333334,13.133895833333334,0.0
energy,energy,4,GEMM,16384,3090,103.273875,103.273875,0.0
energy,energy,4,REDUCTION,1000000,5060ti,0.0004071096194392,0.0004071096194392,0.0
energy,energy,4,REDUCTION,2000000,5060ti,0.0007354623763431,0.0007354623763431,0.0
energy,energy,4,REDUCTION,4000000,5060ti,0.0010193909390201,0.0010193909390201,0.0
energy,energy,4,REDUCTION,8000000,5060ti,0.0018198622132004,0.0018198622132004,0.0
energy,energy,4,REDUCTION,16000000,5060ti,0.0126077238862703,0.0126077238862703,0.0
energy,energy,4,REDUCTION,32000000,5060ti,0.0257298337438423,0.0257298337438423,0.0
energy,energy,4,REDUCTION,64000000,5060ti,0.050971107055961,0.050971107055961,0.0
energy,energy,4,REDUCTION,128000000,5060ti,0.101903381642512,0.101903381642512,0.0
energy,energy,4,REDUCTION,256000000,5060ti,0.2025132211538461,0.2025132211538461,0.0
energy,energy,4,STREAM,1000000,5060ti,0.0011807213624826,0.0011807213624826,0.0
energy,energy,4,STREAM,2000000,5060ti,0.0021629841379013,0.0021629841379013,0.0
energy,energy,4,STREAM,4000000,5060ti,0.0105152817574021,0.0105152817574021,0.0
energy,energy,4,STREAM,8000000,5060ti,0.0246636341581756,0.0246636341581756,0.0
energy,energy,4,STREAM,16000000,5060ti,0.0492696411251212,0.0492696411251212,0.0
energy,energy,4,STREAM,32000000,5060ti,0.0982754607177497,0.0982754607177497,0.0
energy,energy,4,STREAM,64000000,5060ti,0.1964176356589147,0.1964176356589147,0.0
energy,energy,4,STREAM,128000000,5060ti,0.3972693798449612,0.3972693798449612,0.0
energy,energy,4,STREAM,256000000,5060ti,0.7856627906976743,0.7856627906976743,0.0
energy,energy,4,STRIDED_GEMM,64,5060ti,0.0003301833153612,0.0003301833153612,0.0
energy,energy,4,STRIDED_GEMM,128,5060ti,0.0004277205107757,0.0004277205107757,0.0
energy,energy,4,STRIDED_GEMM,256,5060ti,0.0012573772639439,0.0012573772639439,0.0
energy,energy,4,STRIDED_GEMM,512,5060ti,0.0072599729546991,0.0072599729546991,0.0
energy,energy,4,STRIDED_GEMM,1024,3090,0.0404943806791009,0.0404943806791009,0.0
energy,energy,4,STRIDED_GEMM,2048,3090,0.2590519877675841,0.2590519877675841,0.0
energy,energy,4,STRIDED_GEMM,4096,3090,1.8068722222222224,1.8068722222222224,0.0
energy,energy,4,STRIDED_GEMM,8192,3090,13.599875,13.599875,0.0
energy,energy,4,STRIDED_GEMM,16384,3090,111.51975,111.51975,0.0
energy,energy,5,AXPY,1000000,5060ti,0.0011163104888233,0.0011163104888233,0.0
energy,energy,5,AXPY,2000000,5060ti,0.0020373554571637,0.0020373554571637,0.0
energy,energy,5,AXPY,4000000,5060ti,0.0047548633472602,0.0047548633472602,0.0
energy,energy,5,AXPY,8000000,5060ti,0.0229790957705396,0.0229790957705396,0.0
energy,energy,5,AXPY,16000000,5060ti,0.0463498062015503,0.0463498062015503,0.0
energy,energy,5,AXPY,32000000,5060ti,0.092560620756547,0.092560620756547,0.0
energy,energy,5,AXPY,64000000,5060ti,0.1824071566731141,0.1824071566731141,0.0
energy,energy,5,AXPY,128000000,5060ti,0.3683474903474903,0.3683474903474903,0.0
energy,energy,5,AXPY,256000000,5060ti,0.7448449612403101,0.7448449612403101,0.0
energy,energy,5,CONV2D,1,3090,0.1059935483870967,0.1059935483870967,0.0
energy,energy,5,CONV2D,2,5060ti,0.0923613053613053,0.0923613053613053,0.0
energy,energy,5,CONV2D,3,3090,0.0782325553983969,0.0782325553983969,0.0
energy,energy,5,CONV2D,4,5060ti,0.0861732530120482,0.0861732530120482,0.0
energy,energy,5,CONV2D,5,3090,0.1587692853762423,0.1587692853762423,0.0
energy,energy,5,CONV2D,6,5060ti,0.2179719512195121,0.2179719512195121,0.0
energy,energy,5,GEMM,64,5060ti,0.0003347796931087,0.0003347796931087,0.0
energy,energy,5,GEMM,128,5060ti,0.0004186242111759,0.0004186242111759,0.0
energy,energy,5,GEMM,256,5060ti,0.0012592353037497,0.0012592353037497,0.0
energy,energy,5,GEMM,512,3090,0.0071338785469004,0.0071338785469004,0.0
energy,energy,5,GEMM,1024,3090,0.0401171231216674,0.0401171231216674,0.0
energy,energy,5,GEMM,2048,3090,0.2481971407072987,0.2481971407072987,0.0
energy,energy,5,GEMM,4096,3090,1.7184388888888886,1.7184388888888886,0.0
energy,energy,5,GEMM,8192,3090,13.074854166666666,13.074854166666666,0.0
energy,energy,5,GEMM,16384,3090,103.623875,103.623875,0.0
energy,energy,5,REDUCTION,1000000,5060ti,0.0004093440537001,0.0004093440537001,0.0
energy,energy,5,REDUCTION,2000000,5060ti,0.0007337658080009,0.0007337658080009,0.0
energy,energy,5,REDUCTION,4000000,5060ti,0.0010198147511178,0.0010198147511178,0.0
energy,energy,5,REDUCTION,8000000,5060ti,0.001830818280606,0.001830818280606,0.0
energy,energy,5,REDUCTION,16000000,5060ti,0.013697242206235,0.013697242206235,0.0
energy,energy,5,REDUCTION,32000000,5060ti,0.0257176724137931,0.0257176724137931,0.0
energy,energy,5,REDUCTION,64000000,5060ti,0.0510550486618004,0.0510550486618004,0.0
energy,energy,5,REDUCTION,128000000,5060ti,0.1017820048309178,0.1017820048309178,0.0
energy,energy,5,REDUCTION,256000000,5060ti,0.2035204819277108,0.2035204819277108,0.0
energy,energy,5,STREAM,1000000,5060ti,0.0011669327765495,0.0011669327765495,0.0
energy,energy,5,STREAM,2000000,5060ti,0.0021483758185387,0.0021483758185387,0.0
energy,energy,5,STREAM,4000000,5060ti,0.0104175735013363,0.0104175735013363,0.0
energy,energy,5,STREAM,8000000,5060ti,0.0248203011170471,0.0248203011170471,0.0
energy,energy,5,STREAM,16000000,5060ti,0.0495196316044595,0.0495196316044595,0.0
energy,energy,5,STREAM,32000000,5060ti,0.097985465116279,0.097985465116279,0.0
energy,energy,5,STREAM,64000000,5060ti,0.1957567829457364,0.1957567829457364,0.0
energy,energy,5,STREAM,128000000,5060ti,0.3926027131782945,0.3926027131782945,0.0
energy,energy,5,STREAM,256000000,5060ti,0.7849069767441861,0.7849069767441861,0.0
energy,energy,5,STRIDED_GEMM,64,5060ti,0.0003306468934275,0.0003306468934275,0.0
energy,energy,5,STRIDED_GEMM,128,5060ti,0.0004241905507189,0.0004241905507189,0.0
energy,energy,5,STRIDED_GEMM,256,5060ti,0.0012522025349621,0.0012522025349621,0.0
energy,energy,5,STRIDED_GEMM,512,5060ti,0.007356186612576,0.0069264347185788,6.204518073987986
energy,energy,5,STRIDED_GEMM,1024,3090,0.0406902180460185,0.0406902180460185,0.0
energy,energy,5,STRIDED_GEMM,2048,3090,0.2570708333333333,0.2570708333333333,0.0
energy,energy,5,STRIDED_GEMM,4096,3090,1.798779005524862,1.798779005524862,0.0
energy,energy,5,STRIDED_GEMM,8192,3090,13.750395833333332,13.750395833333332,0.0
energy,energy,5,STRIDED_GEMM,16384,3090,111.2755,111.2755,0.0
energy,runtime,1,AXPY,1000000,5060ti,8.188087509211496e-06,8.188087509211496e-06,0.0
energy,runtime,1,AXPY,2000000,5060ti,1.4329162604421902e-05,1.4329162604421902e-05,0.0
energy,runtime,1,AXPY,4000000,5060ti,2.661276897496608e-05,2.661276897496608e-05,0.0
energy,runtime,1,AXPY,8000000,5060ti,0.0002426205842424,0.0001162878445529,108.6379579699153
energy,runtime,1,AXPY,16000000,5060ti,0.0004852444304411,0.0002304997519013,110.51841767225925
energy,runtime,1,AXPY,32000000,5060ti,0.000969943542677,0.0004571638276965,112.16541727814082
energy,runtime,1,AXPY,64000000,5060ti,0.0019394871414728,0.0009120088422727,112.66100190867157
energy,runtime,1,AXPY,128000000,5060ti,0.0038810802934362,0.0018179540099457,113.48616478764075
energy,runtime,1,AXPY,256000000,5060ti,0.0077675147423076,0.0036254914855072,114.24722064189146
energy,runtime,1,CONV2D,1,3090,0.0003102849536951,0.0003102849536951,0.0
energy,runtime,1,CONV2D,2,5060ti,0.0005827447050087,0.0002893260806451,101.41450909277694
energy,runtime,1,CONV2D,3,3090,0.0002387750374255,0.0002387750374255,0.0
energy,runtime,1,CONV2D,4,5060ti,0.000484842760985,0.0003060187135225,58.43565754659379
energy,runtime,1,CONV2D,5,3090,0.0004733076907677,0.0004733076907677,0.0
energy,runtime,1,CONV2D,6,5060ti,0.0012174956776155,0.0007517900052356,61.94624418210437
energy,runtime,1,GEMM,64,5060ti,9.769017892877015e-06,5.217029646225186e-06,87.25248954537663
energy,runtime,1,GEMM,128,5060ti,9.78786126601135e-06,5.161149326824335e-06,89.64499273718629
energy,runtime,1,GEMM,256,5060ti,1.6368196554886038e-05,7.180509782803805e-06,127.95312658838375
energy,runtime,1,GEMM,512,3090,2.268124110511216e-05,2.268124110511216e-05,0.0
energy,runtime,1,GEMM,1024,3090,0.0001210981721341,0.0001210981721341,0.0
energy,runtime,1,GEMM,2048,3090,0.0007520269865067,0.0007520269865067,0.0
energy,runtime,1,GEMM,4096,3090,0.0055481767955801,0.0055481767955801,0.0
energy,runtime,1,GEMM,8192,3090,0.0417421458333333,0.0417421458333333,0.0
energy,runtime,1,GEMM,16384,3090,0.332597875,0.332597875,0.0
energy,runtime,1,REDUCTION,1000000,5060ti,6.258617487122562e-06,5.700756277427376e-06,9.785740392096475
energy,runtime,1,REDUCTION,2000000,5060ti,8.1960527370483e-06,8.1960527370483e-06,0.0
energy,runtime,1,REDUCTION,4000000,5060ti,1.2284495780305637e-05,1.2284495780305637e-05,0.0
energy,runtime,1,REDUCTION,8000000,5060ti,2.050992609266361e-05,2.050992609266361e-05,0.0
energy,runtime,1,REDUCTION,16000000,5060ti,0.0001578432249814,7.691327039913865e-05,105.22235520902731
energy,runtime,1,REDUCTION,32000000,5060ti,0.000308092552048,0.0001487895335465,107.06601109930514
energy,runtime,1,REDUCTION,64000000,5060ti,0.0006080331626243,0.0002924800657894,107.8887533696446
energy,runtime,1,REDUCTION,128000000,5060ti,0.0012090251129227,0.0005799535315942,108.46930780803805
energy,runtime,1,REDUCTION,256000000,5060ti,0.0024108137458033,0.0011548241166281,108.76025284633708
energy,runtime,1,STREAM,1000000,5060ti,8.188119217227545e-06,8.188119217227545e-06,0.0
energy,runtime,1,STREAM,2000000,5060ti,1.4329450199888234e-05,1.4329450199888234e-05,0.0
energy,runtime,1,STREAM,4000000,5060ti,9.577781501340484e-05,5.958870487310854e-05,60.73149301928844
energy,runtime,1,STREAM,8000000,5060ti,0.0002429059995142,0.0001164360228198,108.6175683706827
energy,runtime,1,STREAM,16000000,5060ti,0.0004848536112457,0.0002298244485294,110.96694209348912
energy,runtime,1,STREAM,32000000,5060ti,0.000970083899127,0.0004555765027322,112.93545503536234
energy,runtime,1,STREAM,64000000,5060ti,0.0019394835271317,0.0009091030881017,113.34032988288922
energy,runtime,1,STREAM,128000000,5060ti,0.0038822480620155,0.0018097649186256,114.51670446589368
energy,runtime,1,STREAM,256000000,5060ti,0.0077620465116279,0.0036186895306859,114.49882466586328
energy,runtime,1,STRIDED_GEMM,64,5060ti,9.745628561687204e-06,5.266399936827144e-06,85.05295227461718
energy,runtime,1,STRIDED_GEMM,128,5060ti,9.768276010234174e-06,5.1937753868660095e-06,88.07659713079114
energy,runtime,1,STRIDED_GEMM,256,5060ti,1.63740113641946e-05,7.281878877013135e-06,124.85970503962646
energy,runtime,1,STRIDED_GEMM,512,5060ti,6.762039353573603e-05,2.2870950780696337e-05,195.6606141306961
energy,runtime,1,STRIDED_GEMM,1024,3090,0.0001220956264775,0.0001220956264775,0.0
energy,runtime,1,STRIDED_GEMM,2048,3090,0.0007633280182232,0.0007633280182232,0.0
energy,runtime,1,STRIDED_GEMM,4096,3090,0.0055567777777777,0.0055567777777777,0.0
energy,runtime,1,STRIDED_GEMM,8192,3090,0.041750125,0.041750125,0.0
energy,runtime,1,STRIDED_GEMM,16384,3090,0.3327878333333333,0.3327878333333333,0.0
energy,runtime,2,AXPY,1000000,5060ti,8.188074392041267e-06,8.188074392041267e-06,0.0
energy,runtime,2,AXPY,2000000,5060ti,1.4329123006490994e-05,1.4329123006490994e-05,0.0
energy,runtime,2,AXPY,4000000,5060ti,2.6613832286649455e-05,2.6613832286649455e-05,0.0
energy,runtime,2,AXPY,8000000,5060ti,0.0002418544951934,0.0001164095165871,107.76178982964804
energy,runtime,2,AXPY,16000000,5060ti,0.0004852657011633,0.0002302442396408,110.76127764167066
energy,runtime,2,AXPY,32000000,5060ti,0.0009697467596899,0.0004571387360603,112.13401604233843
energy,runtime,2,AXPY,64000000,5060ti,0.0019391630889748,0.0009121405378304,112.59477115086413
energy,runtime,2,AXPY,128000000,5060ti,0.0038795916216216,0.0018178801125226,113.41295253172912
energy,runtime,2,AXPY,256000000,5060ti,0.0077639238798449,0.0036274377717391,114.03327550737413
energy,runtime,2,CONV2D,1,3090,0.0003124439581525,0.0003124439581525,0.0
energy,runtime,2,CONV2D,2,5060ti,0.0005834592959183,0.0002899841917531,101.20382852285692
energy,runtime,2,CONV2D,3,3090,0.0002372934103684,0.0002372934103684,0.0
energy,runtime,2,CONV2D,4,5060ti,0.0004790703322352,0.0003027224593483,58.25397734497175
energy,runtime,2,CONV2D,5,3090,0.0004729195023596,0.0004729195023596,0.0
energy,runtime,2,CONV2D,6,5060ti,0.0012177912001216,0.0007497810979805,62.41956531068376
energy,runtime,2,GEMM,64,5060ti,9.9198e-06,5.217261330258716e-06,90.13423656713955
energy,runtime,2,GEMM,128,5060ti,9.874560938757087e-06,5.161019462947544e-06,91.32965898790782
energy,runtime,2,GEMM,256,5060ti,1.637607250458475e-05,7.179988369087619e-06,128.07937370886998
energy,runtime,2,GEMM,512,3090,2.269167419792137e-05,2.269167419792137e-05,0.0
energy,runtime,2,GEMM,1024,3090,0.0001211782387806,0.0001211782387806,0.0
energy,runtime,2,GEMM,2048,3090,0.0007534766741911,0.0007534766741911,0.0
energy,runtime,2,GEMM,4096,3090,0.0055629222222222,0.0055629222222222,0.0
energy,runtime,2,GEMM,8192,3090,0.0417100624999999,0.0417100624999999,0.0
energy,runtime,2,GEMM,16384,3090,0.331504875,0.331504875,0.0
energy,runtime,2,REDUCTION,1000000,5060ti,6.14706841610268e-06,5.653928630472067e-06,8.722073055057988
energy,runtime,2,REDUCTION,2000000,5060ti,8.196056425240346e-06,8.196056425240346e-06,0.0
energy,runtime,2,REDUCTION,4000000,5060ti,1.2284477980197534e-05,1.2284477980197534e-05,0.0
energy,runtime,2,REDUCTION,8000000,5060ti,2.046900967127886e-05,2.046900967127886e-05,0.0
energy,runtime,2,REDUCTION,16000000,5060ti,0.000157853063075,7.689482427341227e-05,105.28437975711773
energy,runtime,2,REDUCTION,32000000,5060ti,0.0003080909183862,0.0001487715977242,107.08987676354317
energy,runtime,2,REDUCTION,64000000,5060ti,0.0006085413330291,0.0002925112850248,108.04029252324608
energy,runtime,2,REDUCTION,128000000,5060ti,0.0012090710458937,0.0005805002019733,108.28090012435707
energy,runtime,2,REDUCTION,256000000,5060ti,0.0024113794471153,0.0011548411726327,108.80615484275297
energy,runtime,2,STREAM,1000000,5060ti,8.188016867272578e-06,8.188016867272578e-06,0.0
energy,runtime,2,STREAM,2000000,5060ti,1.4328955852641532e-05,1.4328955852641532e-05,0.0
energy,runtime,2,STREAM,4000000,5060ti,9.548744630071598e-05,5.967008710177783e-05,60.025652615263226
energy,runtime,2,STREAM,8000000,5060ti,0.0002428610235265,0.0001162032884034,108.99668749769576
energy,runtime,2,STREAM,16000000,5060ti,0.000484838826951,0.0002296336394948,111.13580223596946
energy,runtime,2,STREAM,32000000,5060ti,0.0009704689621726,0.0004557681093394,112.93042279312134
energy,runtime,2,STREAM,64000000,5060ti,0.0019409815891472,0.0009094963636363,113.41279270066246
energy,runtime,2,STREAM,128000000,5060ti,0.0038817848837209,0.0018104330922242,114.41194929506891
energy,runtime,2,STREAM,256000000,5060ti,0.0077617945736434,0.0036179855595667,114.5335973804432
energy,runtime,2,STRIDED_GEMM,64,5060ti,9.841122870342216e-06,5.2663084400027385e-06,86.8694737966601
energy,runtime,2,STRIDED_GEMM,128,5060ti,9.844514270493175e-06,5.18906807248901e-06,89.71642177303553
energy,runtime,2,STRIDED_GEMM,256,5060ti,1.6375423714936054e-05,7.282653811704909e-06,124.85517145709935
energy,runtime,2,STRIDED_GEMM,512,5060ti,6.927420554428668e-05,2.291826648056197e-05,202.26634114339012
energy,runtime,2,STRIDED_GEMM,1024,3090,0.0001219558594218,0.0001219558594218,0.0
energy,runtime,2,STRIDED_GEMM,2048,3090,0.0007663213740458,0.0007663213740458,0.0
energy,runtime,2,STRIDED_GEMM,4096,3090,0.0055515994475138,0.0055515994475138,0.0
energy,runtime,2,STRIDED_GEMM,8192,3090,0.0418021458333333,0.0418021458333333,0.0
energy,runtime,2,STRIDED_GEMM,16384,3090,0.332657375,0.332657375,0.0
energy,runtime,3,AXPY,1000000,5060ti,8.188072942765906e-06,8.188072942765906e-06,0.0
energy,runtime,3,AXPY,2000000,5060ti,1.432911731791543e-05,1.432911731791543e-05,0.0
energy,runtime,3,AXPY,4000000,5060ti,2.6613515447868437e-05,2.6613515447868437e-05,0.0
energy,runtime,3,AXPY,8000000,5060ti,0.0002430642955982,0.0001163761774287,108.86086909592625
energy,runtime,3,AXPY,16000000,5060ti,0.0004853435885492,0.0002299871108555,111.03077765698765
energy,runtime,3,AXPY,32000000,5060ti,0.0009699357885548,0.0004572038971663,112.14512705739308
energy,runtime,3,AXPY,64000000,5060ti,0.0019398794244186,0.0009122411909753,112.64983905677686
energy,runtime,3,AXPY,128000000,5060ti,0.0038805342702702,0.0018176927259528,113.48681297253349
energy,runtime,3,AXPY,256000000,5060ti,0.0077651438953488,0.0036263515072202,114.13103169640647
energy,runtime,3,CONV2D,1,3090,0.0003117660300123,0.0003117660300123,0.0
energy,runtime,3,CONV2D,2,5060ti,0.0005828766290792,0.0002893070187211,101.4733799601002
energy,runtime,3,CONV2D,3,3090,0.0002380348142352,0.0002380348142352,0.0
energy,runtime,3,CONV2D,4,5060ti,0.0004846761756821,0.0003062447918572,58.264299857253235
energy,runtime,3,CONV2D,5,3090,0.0004708557237827,0.0004708557237827,0.0
energy,runtime,3,CONV2D,6,5060ti,0.0012186889689403,0.0007474163896627,63.05355164746651
energy,runtime,3,GEMM,64,5060ti,9.93450120221797e-06,5.224620282895767e-06,90.14781293755058
energy,runtime,3,GEMM,128,5060ti,9.920947202035968e-06,5.183126736815811e-06,91.40853978289516
energy,runtime,3,GEMM,256,5060ti,1.637327853013903e-05,7.24233833007459e-06,126.07723892361156
energy,runtime,3,GEMM,512,3090,2.2760561473190104e-05,2.2760561473190104e-05,0.0
energy,runtime,3,GEMM,1024,3090,0.0001209905795373,0.0001209905795373,0.0
energy,runtime,3,GEMM,2048,3090,0.000751848758465,0.000751848758465,0.0
energy,runtime,3,GEMM,4096,3090,0.0055513555555555,0.0055513555555555,0.0
energy,runtime,3,GEMM,8192,3090,0.0417959791666666,0.0417959791666666,0.0
energy,runtime,3,GEMM,16384,3090,0.3319046249999999,0.3319046249999999,0.0
energy,runtime,3,REDUCTION,1000000,5060ti,6.147174095315372e-06,5.658497548303753e-06,8.636153728795204
energy,runtime,3,REDUCTION,2000000,5060ti,8.19605447049856e-06,8.19605447049856e-06,0.0
energy,runtime,3,REDUCTION,4000000,5060ti,1.2284663100093362e-05,1.2284663100093362e-05,0.0
energy,runtime,3,REDUCTION,8000000,5060ti,2.0500984348093484e-05,2.0500984348093484e-05,0.0
energy,runtime,3,REDUCTION,16000000,5060ti,0.0001578581036144,7.6907040525992e-05,105.25832555089578
energy,runtime,3,REDUCTION,32000000,5060ti,0.0003079890601908,0.0001488180273768,106.95682211334967
energy,runtime,3,REDUCTION,64000000,5060ti,0.0006085424692822,0.0002925818749634,107.99048791328052
energy,runtime,3,REDUCTION,128000000,5060ti,0.0012090522699275,0.0005799773257971,108.46543755237707
energy,runtime,3,REDUCTION,256000000,5060ti,0.0024107314951807,0.0011549157713625,108.73656373543712
energy,runtime,3,STREAM,1000000,5060ti,8.188328011135675e-06,8.188328011135675e-06,0.0
energy,runtime,3,STREAM,2000000,5060ti,1.4329471693246788e-05,1.4329471693246788e-05,0.0
energy,runtime,3,STREAM,4000000,5060ti,9.549694569056028e-05,5.968340494092373e-05,60.00586056557224
energy,runtime,3,STREAM,8000000,5060ti,0.0002427168163067,0.0001159728601252,109.28760060299618
energy,runtime,3,STREAM,16000000,5060ti,0.0004848441589917,0.0002295168655346,111.2455474077608
energy,runtime,3,STREAM,32000000,5060ti,0.0009713820388349,0.0004553024578971,113.34873598561508
energy,runtime,3,STREAM,64000000,5060ti,0.0019405116279069,0.0009083574023614,113.62864692490788
energy,runtime,3,STREAM,128000000,5060ti,0.0038824748062015,0.0018103218806509,114.4632315224273
energy,runtime,3,STREAM,256000000,5060ti,0.0077617015503875,0.0036189025270758,114.47666778301505
energy,runtime,3,STRIDED_GEMM,64,5060ti,9.859147042353149e-06,5.265313804667716e-06,87.24709310987289
energy,runtime,3,STRIDED_GEMM,128,5060ti,9.852779058248905e-06,5.180780624707656e-06,90.1794299349412
energy,runtime,3,STRIDED_GEMM,256,5060ti,1.6367679811345476e-05,7.282969953831142e-06,124.73908192818234
energy,runtime,3,STRIDED_GEMM,512,5060ti,6.766491508908686e-05,2.281510320678216e-05,196.5794827917866
energy,runtime,3,STRIDED_GEMM,1024,3090,0.0001225172497276,0.0001225172497276,0.0
energy,runtime,3,STRIDED_GEMM,2048,3090,0.0007656031866464,0.0007656031866464,0.0
energy,runtime,3,STRIDED_GEMM,4096,3090,0.0055629916666666,0.0055629916666666,0.0
energy,runtime,3,STRIDED_GEMM,8192,3090,0.041721375,0.041721375,0.0
energy,runtime,3,STRIDED_GEMM,16384,3090,0.333162875,0.333162875,0.0
energy,runtime,4,AXPY,1000000,5060ti,8.18806852534185e-06,8.18806852534185e-06,0.0
energy,runtime,4,AXPY,2000000,5060ti,1.432912736964278e-05,1.432912736964278e-05,0.0
energy,runtime,4,AXPY,4000000,5060ti,2.6621059441117764e-05,2.6621059441117764e-05,0.0
energy,runtime,4,AXPY,8000000,5060ti,0.0002436327862362,0.000116457609455,109.20297726903053
energy,runtime,4,AXPY,16000000,5060ti,0.0004852975749636,0.0002304711519585,110.56760069086025
energy,runtime,4,AXPY,32000000,5060ti,0.0009708095193986,0.0004567316458904,112.55578152593375
energy,runtime,4,AXPY,64000000,5060ti,0.0019394992199612,0.0009130319256386,112.4240309126825
energy,runtime,4,AXPY,128000000,5060ti,0.0038817857112403,0.0018174522708333,113.58391488655188
energy,runtime,4,AXPY,256000000,5060ti,0.007766113372093,0.0036274231938405,114.09449510275368
energy,runtime,4,CONV2D,1,3090,0.0003114451813407,0.0003114451813407,0.0
energy,runtime,4,CONV2D,2,5060ti,0.0005828563919627,0.0002885922603388,101.9653580724727
energy,runtime,4,CONV2D,3,3090,0.0002389634517627,0.0002389634517627,0.0
energy,runtime,4,CONV2D,4,5060ti,0.0004846154214079,0.0003069818856049,57.86450084928547
energy,runtime,4,CONV2D,5,3090,0.0004755983571768,0.0004755983571768,0.0
energy,runtime,4,CONV2D,6,5060ti,0.0012107259,0.0007364217845821,64.40658401856689
energy,runtime,4,GEMM,64,5060ti,9.897531519314483e-06,5.215761141712569e-06,89.76197817342302
energy,runtime,4,GEMM,128,5060ti,9.920571233570831e-06,5.161102740856931e-06,92.21805361548867
energy,runtime,4,GEMM,256,5060ti,1.6375454396594074e-05,7.1800376215160615e-06,128.0692004666182
energy,runtime,4,GEMM,512,3090,2.2619119707171586e-05,2.2619119707171586e-05,0.0
energy,runtime,4,GEMM,1024,3090,0.0001209204545454,0.0001209204545454,0.0
energy,runtime,4,GEMM,2048,3090,0.0007529011278195,0.0007529011278195,0.0
energy,runtime,4,GEMM,4096,3090,0.0055656583333333,0.0055656583333333,0.0
energy,runtime,4,GEMM,8192,3090,0.0417307083333333,0.0417307083333333,0.0
energy,runtime,4,GEMM,16384,3090,0.33249425,0.33249425,0.0
energy,runtime,4,REDUCTION,1000000,5060ti,6.147144887847997e-06,5.684419756909063e-06,8.140235076350933
energy,runtime,4,REDUCTION,2000000,5060ti,8.196145859799527e-06,8.196145859799527e-06,0.0
energy,runtime,4,REDUCTION,4000000,5060ti,1.228461746965751e-05,1.228461746965751e-05,0.0
energy,runtime,4,REDUCTION,8000000,5060ti,2.0508436181337272e-05,2.0508436181337272e-05,0.0
energy,runtime,4,REDUCTION,16000000,5060ti,0.0001577877322487,7.688619797032367e-05,105.22244097647082
energy,runtime,4,REDUCTION,32000000,5060ti,0.0003079755317118,0.0001487566275472,107.03314991063534
energy,runtime,4,REDUCTION,64000000,5060ti,0.0006085138339416,0.0002924945998538,108.04275848024494
energy,runtime,4,REDUCTION,128000000,5060ti,0.0012090799166666,0.0005799999084057,108.4620875182741
energy,runtime,4,REDUCTION,256000000,5060ti,0.0024110310697115,0.0011548805571593,108.7688683271279
energy,runtime,4,STREAM,1000000,5060ti,8.18810284123475e-06,8.18810284123475e-06,0.0
energy,runtime,4,STREAM,2000000,5060ti,1.4329228101849862e-05,1.4329228101849862e-05,0.0
energy,runtime,4,STREAM,4000000,5060ti,9.559780324737344e-05,5.9670525059665874e-05,60.20942190768908
energy,runtime,4,STREAM,8000000,5060ti,0.0002426877729257,0.0001164227770018,108.45386029741229
energy,runtime,4,STREAM,16000000,5060ti,0.0004849182832201,0.000229310522696,111.46795948084889
energy,runtime,4,STREAM,32000000,5060ti,0.0009704762366634,0.0004557578587699,112.93680799772399
energy,runtime,4,STREAM,64000000,5060ti,0.0019404166666666,0.0009089736603088,113.47336577469078
energy,runtime,4,STREAM,128000000,5060ti,0.0038822364341085,0.0018103182640144,114.450492561435
energy,runtime,4,STREAM,256000000,5060ti,0.0077745348837209,0.0036226823104693,114.60713961180184
energy,runtime,4,STRIDED_GEMM,64,5060ti,9.824193706499364e-06,5.265390629524527e-06,86.5805293041763
energy,runtime,4,STRIDED_GEMM,128,5060ti,9.861121776885136e-06,5.186626183838249e-06,90.12593981831229
energy,runtime,4,STRIDED_GEMM,256,5060ti,1.637376772672191e-05,7.282658879559572e-06,124.8322761989936
energy,runtime,4,STRIDED_GEMM,512,5060ti,6.762133198106828e-05,2.2847072797459968e-05,195.97372311338765
energy,runtime,4,STRIDED_GEMM,1024,3090,0.0001221521401243,0.0001221521401243,0.0
energy,runtime,4,STRIDED_GEMM,2048,3090,0.0007647087155963,0.0007647087155963,0.0
energy,runtime,4,STRIDED_GEMM,4096,3090,0.0055562472222222,0.0055562472222222,0.0
energy,runtime,4,STRIDED_GEMM,8192,3090,0.041805375,0.041805375,0.0
energy,runtime,4,STRIDED_GEMM,16384,3090,0.33255825,0.33255825,0.0
energy,runtime,5,AXPY,1000000,5060ti,8.188062994350283e-06,8.188062994350283e-06,0.0
energy,runtime,5,AXPY,2000000,5060ti,1.4329117998538452e-05,1.4329117998538452e-05,0.0
energy,runtime,5,AXPY,4000000,5060ti,2.6615661455145436e-05,2.6615661455145436e-05,0.0
energy,runtime,5,AXPY,8000000,5060ti,0.0002431072628828,0.0001163913953095,108.87047726882719
energy,runtime,5,AXPY,16000000,5060ti,0.0004852532671996,0.000230460056682,110.55851247540743
energy,runtime,5,AXPY,32000000,5060ti,0.000970175598933,0.0004571128379798,112.23984940363292
energy,runtime,5,AXPY,64000000,5060ti,0.0019400951856866,0.0009122768090246,112.66518741838195
energy,runtime,5,AXPY,128000000,5060ti,0.0038813166486486,0.0018180892105263,113.48328927847481
energy,runtime,5,AXPY,256000000,5060ti,0.0077655605271317,0.003627064298913,114.10043735532813
energy,runtime,5,CONV2D,1,3090,0.0003094766104454,0.0003094766104454,0.0
energy,runtime,5,CONV2D,2,5060ti,0.0005828162325174,0.0002878408996559,102.47860301094418
energy,runtime,5,CONV2D,3,3090,0.000237478404644,0.000237478404644,0.0
energy,runtime,5,CONV2D,4,5060ti,0.0004827447253012,0.0003064980460385,57.503361453913236
energy,runtime,5,CONV2D,5,3090,0.0004735562347373,0.0004735562347373,0.0
energy,runtime,5,CONV2D,6,5060ti,0.0012199919731707,0.0007449064265887,63.77788264730846
energy,runtime,5,GEMM,64,5060ti,1.0075756380418918e-05,5.215406725472023e-06,93.19214992780846
energy,runtime,5,GEMM,128,5060ti,1.003193120060518e-05,5.160498668703173e-06,94.39848442255665
energy,runtime,5,GEMM,256,5060ti,1.6371368920910432e-05,7.2433070467004125e-06,126.02063967960851
energy,runtime,5,GEMM,512,3090,2.2763509849990964e-05,2.2763509849990964e-05,0.0
energy,runtime,5,GEMM,1024,3090,0.0001209120819195,0.0001209120819195,0.0
energy,runtime,5,GEMM,2048,3090,0.0007522031602708,0.0007522031602708,0.0
energy,runtime,5,GEMM,4096,3090,0.0055487361111111,0.0055487361111111,0.0
energy,runtime,5,GEMM,8192,3090,0.0417390208333333,0.0417390208333333,0.0
energy,runtime,5,GEMM,16384,3090,0.333069375,0.333069375,0.0
energy,runtime,5,REDUCTION,1000000,5060ti,6.147212209784794e-06,5.633382602035967e-06,9.121155867579866
energy,runtime,5,REDUCTION,2000000,5060ti,8.196122062764833e-06,8.196122062764833e-06,0.0
energy,runtime,5,REDUCTION,4000000,5060ti,1.2284620804874453e-05,1.2284620804874453e-05,0.0
energy,runtime,5,REDUCTION,8000000,5060ti,2.050957770692801e-05,2.050957770692801e-05,0.0
energy,runtime,5,REDUCTION,16000000,5060ti,0.0001577975300509,7.687676447075103e-05,105.26036850957294
energy,runtime,5,REDUCTION,32000000,5060ti,0.00030797253125,0.0001487201231226,107.08195016495345
energy,runtime,5,REDUCTION,64000000,5060ti,0.0006084930176399,0.0002925279605147,108.01191673071612
energy,runtime,5,REDUCTION,128000000,5060ti,0.0012090774051932,0.0005799756831884,108.47036181695256
energy,runtime,5,REDUCTION,256000000,5060ti,0.002410639353012,0.0011555575144341,108.61266729700935
energy,runtime,5,STREAM,1000000,5060ti,8.188082371243758e-06,8.188082371243758e-06,0.0
energy,runtime,5,STREAM,2000000,5060ti,1.4329084812792848e-05,1.4329084812792848e-05,0.0
energy,runtime,5,STREAM,4000000,5060ti,9.55852901870943e-05,6.055664547381168e-05,57.84442721225551
energy,runtime,5,STREAM,8000000,5060ti,0.0002428559980573,0.000116463029809,108.52625803706562
energy,runtime,5,STREAM,16000000,5060ti,0.0004848553078041,0.0002298289292279,110.96356730762733
energy,runtime,5,STREAM,32000000,5060ti,0.0009692320736434,0.0004557906605922,112.64851552335351
energy,runtime,5,STREAM,64000000,5060ti,0.0019407868217054,0.0009099363636363,113.28819236870604
energy,runtime,5,STREAM,128000000,5060ti,0.00388246124031,0.001811459312839,114.32781916725654
energy,runtime,5,STREAM,256000000,5060ti,0.0077660930232558,0.0036244438405797,114.26992291357112
energy,runtime,5,STRIDED_GEMM,64,5060ti,9.817174014917796e-06,5.265276790649924e-06,86.45124283591564
energy,runtime,5,STRIDED_GEMM,128,5060ti,9.77020933189866e-06,5.183225422148554e-06,88.49670882823975
energy,runtime,5,STRIDED_GEMM,256,5060ti,1.637639603052435e-05,7.283292793055231e-06,124.84879430001197
energy,runtime,5,STRIDED_GEMM,512,5060ti,6.76209939148073e-05,2.2875730590455152e-05,195.6014613278494
energy,runtime,5,STRIDED_GEMM,1024,3090,0.000122197205156,0.000122197205156,0.0
energy,runtime,5,STRIDED_GEMM,2048,3090,0.0007633897727272,0.0007633897727272,0.0
energy,runtime,5,STRIDED_GEMM,4096,3090,0.0055470552486187,0.0055470552486187,0.0
energy,runtime,5,STRIDED_GEMM,8192,3090,0.0417089166666666,0.0417089166666666,0.0
energy,runtime,5,STRIDED_GEMM,16384,3090,0.332510375,0.332510375,0.0
runtime,edp,1,AXPY,1000000,5060ti,9.057179283401682e-09,9.057179283401682e-09,0.0
runtime,edp,1,AXPY,2000000,5060ti,2.823988056301405e-08,2.823988056301405e-08,0.0
runtime,edp,1,AXPY,4000000,5060ti,1.2696094060591431e-07,1.2696094060591431e-07,0.0
runtime,edp,1,AXPY,8000000,3090,4.785134613149163e-06,4.785134613149163e-06,0.0
runtime,edp,1,AXPY,16000000,3090,1.8779461291658088e-05,1.8779461291658088e-05,0.0
runtime,edp,1,AXPY,32000000,3090,7.359157106888748e-05,7.359157106888748e-05,0.0
runtime,edp,1,AXPY,64000000,3090,0.0002941970559887489,0.0002941970559887489,0.0
runtime,edp,1,AXPY,128000000,3090,0.0011582701125356029,0.0011582701125356029,0.0
runtime,edp,1,AXPY,256000000,3090,0.0046359987183019645,0.0046359987183019645,0.0
runtime,edp,1,CONV2D,1,3090,3.28425348182058e-05,3.28425348182058e-05,0.0
runtime,edp,1,CONV2D,2,3090,2.8514451879983168e-05,2.8514451879983168e-05,0.0
runtime,edp,1,CONV2D,3,3090,1.902564620912787e-05,1.902564620912787e-05,0.0
runtime,edp,1,CONV2D,4,3090,3.06302219870345e-05,3.06302219870345e-05,0.0
runtime,edp,1,CONV2D,5,3090,7.525681460350237e-05,7.525681460350237e-05,0.0
runtime,edp,1,CONV2D,6,3090,0.00019440547304422603,0.00019440547304422603,0.0
runtime,edp,1,GEMM,64,3090,4.388945450646253e-09,3.2196572837301353e-09,36.31716247641854
runtime,edp,1,GEMM,128,3090,4.715168794591461e-09,3.9880664086007704e-09,18.23195281860408
runtime,edp,1,GEMM,256,3090,1.4219059172952523e-08,1.4219059172952523e-08,0.0
runtime,edp,1,GEMM,512,3090,1.6439557435146534e-07,1.6439557435146534e-07,0.0
runtime,edp,1,GEMM,1024,3090,4.85357252115436e-06,4.85357252115436e-06,0.0
runtime,edp,1,GEMM,2048,3090,0.00018654187247042487,0.00018654187247042487,0.0
runtime,edp,1,GEMM,4096,3090,0.009484102459021381,0.009484102459021381,0.0
runtime,edp,1,GEMM,8192,3090,0.5492014127291662,0.5492014127291662,0.0
runtime,edp,1,GEMM,16384,3090,34.490732235375,34.490732235375,0.0
runtime,edp,1,REDUCTION,1000000,3090,6.880637124709281e-09,2.53995084832503e-09,170.89646751419286
runtime,edp,1,REDUCTION,2000000,5060ti,5.937504859192506e-09,5.937504859192506e-09,0.0
runtime,edp,1,REDUCTION,4000000,5060ti,1.2523458227704728e-08,1.2523458227704728e-08,0.0
runtime,edp,1,REDUCTION,8000000,5060ti,3.830514849069819e-08,3.830514849069819e-08,0.0
runtime,edp,1,REDUCTION,16000000,3090,2.0464620195041385e-06,2.0464620195041385e-06,0.0
runtime,edp,1,REDUCTION,32000000,3090,7.665195402159927e-06,7.665195402159927e-06,0.0
runtime,edp,1,REDUCTION,64000000,3090,3.0250734289870027e-05,3.0250734289870027e-05,0.0
runtime,edp,1,REDUCTION,128000000,3090,0.0001183328780741159,0.0001183328780741159,0.0
runtime,edp,1,REDUCTION,256000000,3090,0.0004693833295610469,0.0004693833295610469,0.0
runtime,edp,1,STREAM,1000000,5060ti,9.43437201399628e-09,9.43437201399628e-09,0.0
runtime,edp,1,STREAM,2000000,5060ti,3.0583928131209865e-08,3.0583928131209865e-08,0.0
runtime,edp,1,STREAM,4000000,3090,1.2493446813582503e-06,9.969733226127186e-07,25.313752436640378
runtime,edp,1,STREAM,8000000,3090,4.823940765193059e-06,4.823940765193059e-06,0.0
runtime,edp,1,STREAM,16000000,3090,1.8753954887309968e-05,1.8753954887309968e-05,0.0
runtime,edp,1,STREAM,32000000,3090,7.359085331190186e-05,7.359085331190186e-05,0.0
runtime,edp,1,STREAM,64000000,3090,0.00029342107232524956,0.00029342107232524956,0.0
runtime,edp,1,STREAM,128000000,3090,0.0011608856521553804,0.0011608856521553804,0.0
runtime,edp,1,STREAM,256000000,3090,0.004631354321319163,0.004631354321319163,0.0
runtime,edp,1,STRIDED_GEMM,64,3090,4.848661624867946e-09,3.24423910027237e-09,49.4545092086732
runtime,edp,1,STRIDED_GEMM,128,3090,5.216434685917996e-09,4.204998524883306e-09,24.05318705938806
runtime,edp,1,STRIDED_GEMM,256,3090,1.556595186251065e-08,1.556595186251065e-08,0.0
runtime,edp,1,STRIDED_GEMM,512,3090,1.7169369096292428e-07,1.7169369096292428e-07,0.0
runtime,edp,1,STRIDED_GEMM,1024,3090,4.870540304469664e-06,4.870540304469664e-06,0.0
runtime,edp,1,STRIDED_GEMM,2048,3090,0.0001964703150806863,0.0001964703150806863,0.0
runtime,edp,1,STRIDED_GEMM,4096,3090,0.009962700571296156,0.009962700571296156,0.0
runtime,edp,1,STRIDED_GEMM,8192,3090,0.571710555453125,0.571710555453125,0.0
runtime,edp,1,STRIDED_GEMM,16384,3090,37.9637149863611,37.9637149863611,0.0
runtime,edp,2,AXPY,1000000,5060ti,9.112375445065539e-09,9.112375445065539e-09,0.0
runtime,edp,2,AXPY,2000000,5060ti,2.9072993730717436e-08,2.9072993730717436e-08,0.0
runtime,edp,2,AXPY,4000000,5060ti,1.263443511807673e-07,1.263443511807673e-07,0.0
runtime,edp,2,AXPY,8000000,3090,4.806421703778365e-06,4.806421703778365e-06,0.0
runtime,edp,2,AXPY,16000000,3090,1.873445541201579e-05,1.873445541201579e-05,0.0
runtime,edp,2,AXPY,32000000,3090,7.411884083258852e-05,7.411884083258852e-05,0.0
runtime,edp,2,AXPY,64000000,3090,0.00029461973074649747,0.00029461973074649747,0.0
runtime,edp,2,AXPY,128000000,3090,0.0011589860015389323,0.0011589860015389323,0.0
runtime,edp,2,AXPY,256000000,3090,0.004631429746746476,0.004631429746746476,0.0
runtime,edp,2,CONV2D,1,3090,3.3467144990575423e-05,3.3467144990575423e-05,0.0
runtime,edp,2,CONV2D,2,3090,2.8512645483848145e-05,2.8512645483848145e-05,0.0
runtime,edp,2,CONV2D,3,3090,1.862156394958206e-05,1.862156394958206e-05,0.0
runtime,edp,2,CONV2D,4,3090,3.0287133169051913e-05,3.0287133169051913e-05,0.0
runtime,edp,2,CONV2D,5,3090,7.500527857279441e-05,7.500527857279441e-05,0.0
runtime,edp,2,CONV2D,6,3090,0.00019450706841907372,0.00019450706841907372,0.0
runtime,edp,2,GEMM,64,3090,4.374002281744054e-09,3.3379631010000002e-09,31.038065712400286
runtime,edp,2,GEMM,128,3090,4.803473295167879e-09,4.019357669449647e-09,19.50848096147657
runtime,edp,2,GEMM,256,3090,1.4290900717852761e-08,1.4290900717852761e-08,0.0
runtime,edp,2,GEMM,512,3090,1.6368433593846343e-07,1.6368433593846343e-07,0.0
runtime,edp,2,GEMM,1024,3090,4.836524439846497e-06,4.836524439846497e-06,0.0
runtime,edp,2,GEMM,2048,3090,0.00018872663058169332,0.00018872663058169332,0.0
runtime,edp,2,GEMM,4096,3090,0.009579676570462927,0.009579676570462927,0.0
runtime,edp,2,GEMM,8192,3090,0.5482023031145821,0.5482023031145821,0.0
runtime,edp,2,GEMM,16384,3090,34.171646829328125,34.171646829328125,0.0
runtime,edp,2,REDUCTION,1000000,3090,6.9115211962921775e-09,2.4614950598417303e-09,180.7854993922505
runtime,edp,2,REDUCTION,2000000,5060ti,5.9339136827967925e-09,5.9339136827967925e-09,0.0
runtime,edp,2,REDUCTION,4000000,5060ti,1.2467604288842092e-08,1.2467604288842092e-08,0.0
runtime,edp,2,REDUCTION,8000000,5060ti,3.705168944017514e-08,3.705168944017514e-08,0.0
runtime,edp,2,REDUCTION,16000000,3090,2.0487037303993686e-06,2.0487037303993686e-06,0.0
runtime,edp,2,REDUCTION,32000000,3090,7.797132050113786e-06,7.797132050113786e-06,0.0
runtime,edp,2,REDUCTION,64000000,3090,3.042942966451686e-05,3.042942966451686e-05,0.0
runtime,edp,2,REDUCTION,128000000,3090,0.00012004680163436759,0.00012004680163436759,0.0
runtime,edp,2,REDUCTION,256000000,3090,0.0004714539072159894,0.0004714539072159894,0.0
runtime,edp,2,STREAM,1000000,5060ti,9.537199307597631e-09,9.537199307597631e-09,0.0
runtime,edp,2,STREAM,2000000,5060ti,3.070154697845176e-08,3.070154697845176e-08,0.0
runtime,edp,2,STREAM,4000000,3090,1.2592659558261002e-06,9.974814629126001e-07,26.24454715670619
runtime,edp,2,STREAM,8000000,3090,4.800602780924658e-06,4.800602780924658e-06,0.0
runtime,edp,2,STREAM,16000000,3090,1.8668397595539813e-05,1.8668397595539813e-05,0.0
runtime,edp,2,STREAM,32000000,3090,7.351051651454567e-05,7.351051651454567e-05,0.0
runtime,edp,2,STREAM,64000000,3090,0.0002916535732239465,0.0002916535732239465,0.0
runtime,edp,2,STREAM,128000000,3090,0.0011596871584248465,0.0011596871584248465,0.0
runtime,edp,2,STREAM,256000000,3090,0.00461811040171241,0.00461811040171241,0.0
runtime,edp,2,STRIDED_GEMM,64,3090,4.932569726618869e-09,3.2326099709307595e-09,52.587839887118946
runtime,edp,2,STRIDED_GEMM,128,3090,5.234177071190658e-09,4.177239042164778e-09,25.30231136780099
runtime,edp,2,STRIDED_GEMM,256,3090,1.581828235968984e-08,1.581828235968984e-08,0.0
runtime,edp,2,STRIDED_GEMM,512,3090,1.7294079940719417e-07,1.7294079940719417e-07,0.0
runtime,edp,2,STRIDED_GEMM,1024,3090,4.942276928455132e-06,4.942276928455132e-06,0.0
runtime,edp,2,STRIDED_GEMM,2048,3090,0.00019813824104102288,0.00019813824104102288,0.0
runtime,edp,2,STRIDED_GEMM,4096,3090,0.009970166522702276,0.009970166522702276,0.0
runtime,edp,2,STRIDED_GEMM,8192,3090,0.5728548647439231,0.5728548647439231,0.0
runtime,edp,2,STRIDED_GEMM,16384,3090,37.3632447165625,37.3632447165625,0.0
runtime,edp,3,AXPY,1000000,5060ti,9.091925439104617e-09,9.091925439104617e-09,0.0
runtime,edp,3,AXPY,2000000,5060ti,2.9155213077533744e-08,2.9155213077533744e-08,0.0
runtime,edp,3,AXPY,4000000,5060ti,1.2636851814568563e-07,1.2636851814568563e-07,0.0
runtime,edp,3,AXPY,8000000,3090,4.776480459250303e-06,4.776480459250303e-06,0.0
runtime,edp,3,AXPY,16000000,3090,1.8589046762381857e-05,1.8589046762381857e-05,0.0
runtime,edp,3,AXPY,32000000,3090,7.361609623578297e-05,7.361609623578297e-05,0.0
runtime,edp,3,AXPY,64000000,3090,0.00029529421983274384,0.00029529421983274384,0.0
runtime,edp,3,AXPY,128000000,3090,0.0011622709961895035,0.0011622709961895035,0.0
runtime,edp,3,AXPY,256000000,3090,0.004602056072770264,0.004602056072770264,0.0
runtime,edp,3,CONV2D,1,3090,3.3378788206108005e-05,3.3378788206108005e-05,0.0
runtime,edp,3,CONV2D,2,3090,2.8347796558324433e-05,2.8347796558324433e-05,0.0
runtime,edp,3,CONV2D,3,3090,1.8654256313792556e-05,1.8654256313792556e-05,0.0
runtime,edp,3,CONV2D,4,3090,3.0664125698115026e-05,3.0664125698115026e-05,0.0
runtime,edp,3,CONV2D,5,3090,7.404988811641863e-05,7.404988811641863e-05,0.0
runtime,edp,3,CONV2D,6,3090,0.0001888456552369573,0.0001888456552369573,0.0
runtime,edp,3,GEMM,64,3090,4.4014542102429585e-09,3.3063817853684274e-09,33.11996302787848
runtime,edp,3,GEMM,128,3090,4.834801372387535e-09,4.21239092436194e-09,14.775704800472035
runtime,edp,3,GEMM,256,3090,1.4626701804604294e-08,1.4626701804604294e-08,0.0
runtime,edp,3,GEMM,512,3090,1.638252432855722e-07,1.638252432855722e-07,0.0
runtime,edp,3,GEMM,1024,3090,4.7792938101188475e-06,4.7792938101188475e-06,0.0
runtime,edp,3,GEMM,2048,3090,0.00018870074383308674,0.00018870074383308674,0.0
runtime,edp,3,GEMM,4096,3090,0.009586389181975213,0.009586389181975213,0.0
runtime,edp,3,GEMM,8192,3090,0.5519611838732631,0.5519611838732631,0.0
runtime,edp,3,GEMM,16384,3090,34.61250786581249,34.61250786581249,0.0
runtime,edp,3,REDUCTION,1000000,3090,6.8563039715819475e-09,2.474535993631169e-09,177.07432784280942
runtime,edp,3,REDUCTION,2000000,5060ti,5.980464346876632e-09,5.980464346876632e-09,0.0
runtime,edp,3,REDUCTION,4000000,5060ti,1.2520686060739825e-08,1.2520686060739825e-08,0.0
runtime,edp,3,REDUCTION,8000000,5060ti,3.728527220003208e-08,3.728527220003208e-08,0.0
runtime,edp,3,REDUCTION,16000000,3090,2.037456991504796e-06,2.037456991504796e-06,0.0
runtime,edp,3,REDUCTION,32000000,3090,7.733533276266238e-06,7.733533276266238e-06,0.0
runtime,edp,3,REDUCTION,64000000,3090,3.013640378525834e-05,3.013640378525834e-05,0.0
runtime,edp,3,REDUCTION,128000000,3090,0.00011911742426590635,0.00011911742426590635,0.0
runtime,edp,3,REDUCTION,256000000,3090,0.00047341211063243495,0.00047341211063243495,0.0
runtime,edp,3,STREAM,1000000,5060ti,9.658311566724401e-09,9.658311566724401e-09,0.0
runtime,edp,3,STREAM,2000000,5060ti,3.1114843469929694e-08,3.1114843469929694e-08,0.0
runtime,edp,3,STREAM,4000000,3090,1.2604459865522324e-06,9.953849820742517e-07,26.628993731212258
runtime,edp,3,STREAM,8000000,3090,4.77129052457679e-06,4.77129052457679e-06,0.0
runtime,edp,3,STREAM,16000000,3090,1.86020048914739e-05,1.86020048914739e-05,0.0
runtime,edp,3,STREAM,32000000,3090,7.35303107590801e-05,7.35303107590801e-05,0.0
runtime,edp,3,STREAM,64000000,3090,0.0002921000196105803,0.0002921000196105803,0.0
runtime,edp,3,STREAM,128000000,3090,0.0011546890956053667,0.0011546890956053667,0.0
runtime,edp,3,STREAM,256000000,3090,0.004604439428091058,0.004604439428091058,0.0
runtime,edp,3,STRIDED_GEMM,64,3090,4.859665954730526e-09,3.237613049447247e-09,50.10027080167008
runtime,edp,3,STRIDED_GEMM,128,3090,5.254947561097379e-09,4.1285733098116655e-09,27.28240887981461
runtime,edp,3,STRIDED_GEMM,256,3090,1.5793902250375102e-08,1.5793902250375102e-08,0.0
runtime,edp,3,STRIDED_GEMM,512,3090,1.7394991964630863e-07,1.7394991964630863e-07,0.0
runtime,edp,3,STRIDED_GEMM,1024,3090,5.039506289485348e-06,5.039506289485348e-06,0.0
runtime,edp,3,STRIDED_GEMM,2048,3090,0.00019715618085984927,0.00019715618085984927,0.0
runtime,edp,3,STRIDED_GEMM,4096,3090,0.010086198379814693,0.010086198379814693,0.0
runtime,edp,3,STRIDED_GEMM,8192,3090,0.5672881434609375,0.5672881434609375,0.0
runtime,edp,3,STRIDED_GEMM,16384,3090,37.21716666729688,37.21716666729688,0.0
runtime,edp,4,AXPY,1000000,5060ti,8.783485184422363e-09,8.783485184422363e-09,0.0
runtime,edp,4,AXPY,2000000,5060ti,2.87020907119081e-08,2.87020907119081e-08,0.0
runtime,edp,4,AXPY,4000000,5060ti,1.263988448125162e-07,1.263988448125162e-07,0.0
runtime,edp,4,AXPY,8000000,3090,4.8077072324350324e-06,4.8077072324350324e-06,0.0
runtime,edp,4,AXPY,16000000,3090,1.8794338298742965e-05,1.8794338298742965e-05,0.0
runtime,edp,4,AXPY,32000000,3090,7.300177561453408e-05,7.300177561453408e-05,0.0
runtime,edp,4,AXPY,64000000,3090,0.0002919382094604739,0.0002919382094604739,0.0
runtime,edp,4,AXPY,128000000,3090,0.001166415844527228,0.001166415844527228,0.0
runtime,edp,4,AXPY,256000000,3090,0.004639165408237017,0.004639165408237017,0.0
runtime,edp,4,CONV2D,1,3090,3.319291724149769e-05,3.319291724149769e-05,0.0
runtime,edp,4,CONV2D,2,3090,2.8196093732050373e-05,2.8196093732050373e-05,0.0
runtime,edp,4,CONV2D,3,3090,1.8972462837251544e-05,1.8972462837251544e-05,0.0
runtime,edp,4,CONV2D,4,3090,3.080241196636839e-05,3.080241196636839e-05,0.0
runtime,edp,4,CONV2D,5,3090,7.59759333796075e-05,7.59759333796075e-05,0.0
runtime,edp,4,CONV2D,6,3090,0.00018404204383770252,0.00018404204383770252,0.0
runtime,edp,4,GEMM,64,3090,4.371891841861353e-09,3.2844421905941844e-09,33.109112237729455
runtime,edp,4,GEMM,128,3090,4.763676951908083e-09,4.3726100295591845e-09,8.943558188479095
runtime,edp,4,GEMM,256,3090,1.4299735543458652e-08,1.4299735543458652e-08,0.0
runtime,edp,4,GEMM,512,3090,1.634364022584921e-07,1.634364022584921e-07,0.0
runtime,edp,4,GEMM,1024,3090,4.822784860205309e-06,4.822784860205309e-06,0.0
runtime,edp,4,GEMM,2048,3090,0.00018893034838697963,0.00018893034838697963,0.0
runtime,edp,4,GEMM,4096,3090,0.00955991487689809,0.00955991487689809,0.0
runtime,edp,4,GEMM,8192,3090,0.5480867763012148,0.5480867763012148,0.0
runtime,edp,4,GEMM,16384,3090,34.33796961271875,34.33796961271875,0.0
runtime,edp,4,REDUCTION,1000000,3090,6.867408474650861e-09,2.5025618159294214e-09,174.41513855674282
runtime,edp,4,REDUCTION,2000000,5060ti,6.027956910902821e-09,6.027956910902821e-09,0.0
runtime,edp,4,REDUCTION,4000000,5060ti,1.2522827737896893e-08,1.2522827737896893e-08,0.0
runtime,edp,4,REDUCTION,8000000,5060ti,3.732252805824761e-08,3.732252805824761e-08,0.0
runtime,edp,4,REDUCTION,16000000,3090,2.0198749601557932e-06,1.989344160832357e-06,1.5347168139404177
runtime,edp,4,REDUCTION,32000000,3090,7.684000031201492e-06,7.684000031201492e-06,0.0
runtime,edp,4,REDUCTION,64000000,3090,3.0027478516043737e-05,3.0027478516043737e-05,0.0
runtime,edp,4,REDUCTION,128000000,3090,0.00011905212612667781,0.00011905212612667781,0.0
runtime,edp,4,REDUCTION,256000000,3090,0.0004739477778425282,0.0004739477778425282,0.0
runtime,edp,4,STREAM,1000000,5060ti,9.667867942850342e-09,9.667867942850342e-09,0.0
runtime,edp,4,STREAM,2000000,5060ti,3.0993893092670806e-08,3.0993893092670806e-08,0.0
runtime,edp,4,STREAM,4000000,3090,1.2571183994879256e-06,1.0052378365348212e-06,25.05681280575032
runtime,edp,4,STREAM,8000000,3090,4.804715974338251e-06,4.804715974338251e-06,0.0
runtime,edp,4,STREAM,16000000,3090,1.8575598014527787e-05,1.8575598014527787e-05,0.0
runtime,edp,4,STREAM,32000000,3090,7.349993492135788e-05,7.349993492135788e-05,0.0
runtime,edp,4,STREAM,64000000,3090,0.00029161666551173943,0.00029161666551173943,0.0
runtime,edp,4,STREAM,128000000,3090,0.0011545443858094009,0.0011545443858094009,0.0
runtime,edp,4,STREAM,256000000,3090,0.004626165310469296,0.004626165310469296,0.0
runtime,edp,4,STRIDED_GEMM,64,3090,4.918910034468208e-09,3.2437848487625957e-09,51.64106942372029
runtime,edp,4,STRIDED_GEMM,128,3090,5.253117951909642e-09,4.2178040432306886e-09,24.54627806478036
runtime,edp,4,STRIDED_GEMM,256,3090,1.574277490292042e-08,1.574277490292042e-08,0.0
runtime,edp,4,STRIDED_GEMM,512,3090,1.718793547800583e-07,1.718793547800583e-07,0.0
runtime,edp,4,STRIDED_GEMM,1024,3090,4.94647526296028e-06,4.94647526296028e-06,0.0
runtime,edp,4,STRIDED_GEMM,2048,3090,0.00019809931283841766,0.00019809931283841766,0.0
runtime,edp,4,STRIDED_GEMM,4096,3090,0.010039428765632677,0.010039428765632677,0.0
runtime,edp,4,STRIDED_GEMM,8192,3090,0.568547874328125,0.568547874328125,0.0
runtime,edp,4,STRIDED_GEMM,16384,3090,37.0868129004375,37.0868129004375,0.0
runtime,edp,5,AXPY,1000000,5060ti,9.140420603739137e-09,9.140420603739137e-09,0.0
runtime,edp,5,AXPY,2000000,5060ti,2.9193506750664908e-08,2.9193506750664908e-08,0.0
runtime,edp,5,AXPY,4000000,5060ti,1.2655383311615713e-07,1.2655383311615713e-07,0.0
runtime,edp,5,AXPY,8000000,3090,4.7843745086359165e-06,4.7843745086359165e-06,0.0
runtime,edp,5,AXPY,16000000,3090,1.858593980395894e-05,1.858593980395894e-05,0.0
runtime,edp,5,AXPY,32000000,3090,7.327531327903157e-05,7.327531327903157e-05,0.0
runtime,edp,5,AXPY,64000000,3090,0.0002941215359939776,0.0002941215359939776,0.0
runtime,edp,5,AXPY,128000000,3090,0.0011630574049897213,0.0011630574049897213,0.0
runtime,edp,5,AXPY,256000000,3090,0.004614236869702479,0.004614236869702479,0.0
runtime,edp,5,CONV2D,1,3090,3.280252408391918e-05,3.280252408391918e-05,0.0
runtime,edp,5,CONV2D,2,3090,2.804233023893946e-05,2.804233023893946e-05,0.0
runtime,edp,5,CONV2D,3,3090,1.8578542447234646e-05,1.8578542447234646e-05,0.0
runtime,edp,5,CONV2D,4,3090,3.0705684945067174e-05,3.0705684945067174e-05,0.0
runtime,edp,5,CONV2D,5,3090,7.518618497470517e-05,7.518618497470517e-05,0.0
runtime,edp,5,CONV2D,6,3090,0.00018751618168809183,0.00018751618168809183,0.0
runtime,edp,5,GEMM,64,3090,4.393267157328785e-09,3.373158628874671e-09,30.241937622555113
runtime,edp,5,GEMM,128,3090,4.738609875035385e-09,4.199609285424243e-09,12.834541334163486
runtime,edp,5,GEMM,256,3090,1.4445281614905575e-08,1.4445281614905575e-08,0.0
runtime,edp,5,GEMM,512,3090,1.6239211457100646e-07,1.6239211457100646e-07,0.0
runtime,edp,5,GEMM,1024,3090,4.850644877261717e-06,4.850644877261717e-06,0.0
runtime,edp,5,GEMM,2048,3090,0.0001866946736102065,0.0001866946736102065,0.0
runtime,edp,5,GEMM,4096,3090,0.009535163917515412,0.009535163917515412,0.0
runtime,edp,5,GEMM,8192,3090,0.5457316104552947,0.5457316104552947,0.0
runtime,edp,5,GEMM,16384,3090,34.51393928132813,34.51393928132813,0.0
runtime,edp,5,REDUCTION,1000000,3090,6.864058287847124e-09,2.516324764908057e-09,172.7810966045127
runtime,edp,5,REDUCTION,2000000,5060ti,6.01403412785864e-09,6.01403412785864e-09,0.0
runtime,edp,5,REDUCTION,4000000,5060ti,1.252803750869959e-08,1.252803750869959e-08,0.0
runtime,edp,5,REDUCTION,8000000,5060ti,3.7549309793353085e-08,3.7549309793353085e-08,0.0
runtime,edp,5,REDUCTION,16000000,3090,2.0441188330470002e-06,2.0441188330470002e-06,0.0
runtime,edp,5,REDUCTION,32000000,3090,7.727762971647691e-06,7.727762971647691e-06,0.0
runtime,edp,5,REDUCTION,64000000,3090,3.0365754141664557e-05,3.0365754141664557e-05,0.0
runtime,edp,5,REDUCTION,128000000,3090,0.0001196930279719105,0.0001196930279719105,0.0
runtime,edp,5,REDUCTION,256000000,3090,0.0004739687275066725,0.0004739687275066725,0.0
runtime,edp,5,STREAM,1000000,5060ti,9.55494169609149e-09,9.55494169609149e-09,0.0
runtime,edp,5,STREAM,2000000,5060ti,3.078425931359429e-08,3.078425931359429e-08,0.0
runtime,edp,5,STREAM,4000000,3090,1.2918091016478838e-06,9.957667861706143e-07,29.73008535620565
runtime,edp,5,STREAM,8000000,3090,4.797014286435967e-06,4.797014286435967e-06,0.0
runtime,edp,5,STREAM,16000000,3090,1.87059730028957e-05,1.87059730028957e-05,0.0
runtime,edp,5,STREAM,32000000,3090,7.349120852002784e-05,7.349120852002784e-05,0.0
runtime,edp,5,STREAM,64000000,3090,0.00029102039749997967,0.00029102039749997967,0.0
runtime,edp,5,STREAM,128000000,3090,0.0011588737250750904,0.0011588737250750904,0.0
runtime,edp,5,STREAM,256000000,3090,0.004638959814869499,0.004638959814869499,0.0
runtime,edp,5,STRIDED_GEMM,64,3090,4.9288667817980846e-09,3.2460180902697464e-09,51.84347852443707
runtime,edp,5,STRIDED_GEMM,128,3090,5.22616838839052e-09,4.1444304771370295e-09,26.101002712458452
runtime,edp,5,STRIDED_GEMM,256,3090,1.5739236461990383e-08,1.5739236461990383e-08,0.0
runtime,edp,5,STRIDED_GEMM,512,3090,1.5844725457458367e-07,1.5844725457458367e-07,0.0
runtime,edp,5,STRIDED_GEMM,1024,3090,4.972230922411697e-06,4.972230922411697e-06,0.0
runtime,edp,5,STRIDED_GEMM,2048,3090,0.00019624524503312522,0.00019624524503312522,0.0
runtime,edp,5,STRIDED_GEMM,4096,3090,0.009977926523701811,0.009977926523701811,0.0
runtime,edp,5,STRIDED_GEMM,8192,3090,0.5735141139461797,0.5735141139461797,0.0
runtime,edp,5,STRIDED_GEMM,16384,3090,37.0002582333125,37.0002582333125,0.0
runtime,energy,1,AXPY,1000000,5060ti,0.0011061409972979,0.0011061409972979,0.0
runtime,energy,1,AXPY,2000000,5060ti,0.0019707976901804,0.0019707976901804,0.0
runtime,energy,1,AXPY,4000000,5060ti,0.0047706775918486,0.0047706775918486,0.0
runtime,energy,1,AXPY,8000000,3090,0.0411490524357632,0.0232590303030303,76.91645739161406
runtime,energy,1,AXPY,16000000,3090,0.0814728047937312,0.0461752302472127,76.44266061596778
runtime,energy,1,AXPY,32000000,3090,0.1609741773308958,0.0928637245392822,73.34451975679941
runtime,energy,1,AXPY,64000000,3090,0.3225813636363637,0.1854641472868217,73.93192611911627
runtime,energy,1,AXPY,128000000,3090,0.6371283905967451,0.3707046332046332,71.86955153189115
runtime,energy,1,AXPY,256000000,3090,1.2787228260869563,0.7298769230769231,75.19704838677154
runtime,energy,1,CONV2D,1,3090,0.1058463661453541,0.1058463661453541,0.0
runtime,energy,1,CONV2D,2,3090,0.0985547235023041,0.0925390215492137,6.500719212695749
runtime,energy,1,CONV2D,3,3090,0.0796802145411203,0.0796802145411203,0.0
runtime,energy,1,CONV2D,4,3090,0.1000926434676434,0.0861506518590053,16.183268852632303
runtime,energy,1,CONV2D,5,3090,0.1590018841262364,0.1590018841262364,0.0
runtime,energy,1,CONV2D,6,3090,0.2585901271503366,0.2177177615571776,18.7730965543778
runtime,energy,1,GEMM,64,3090,0.0008412728598968,0.0003295783996954,155.25728041470975
runtime,energy,1,GEMM,128,3090,0.000913588911308,0.0004074502386389,124.22097833587524
runtime,energy,1,GEMM,256,3090,0.0019802297612636,0.0012379650248886,59.95845774736597
runtime,energy,1,GEMM,512,3090,0.007248085481284,0.007248085481284,0.0
runtime,energy,1,GEMM,1024,3090,0.0400796513739256,0.0400796513739256,0.0
runtime,energy,1,GEMM,2048,3090,0.2480520989505247,0.2480520989505247,0.0
runtime,energy,1,GEMM,4096,3090,1.7094088397790057,1.7094088397790057,0.0
runtime,energy,1,GEMM,8192,3090,13.157,13.157,0.0
runtime,energy,1,GEMM,16384,3090,103.701,103.701,0.0
runtime,energy,1,REDUCTION,1000000,3090,0.0012069691791515,0.0004058325746143,197.40569255649177
runtime,energy,1,REDUCTION,2000000,5060ti,0.0007244346821188,0.0007244346821188,0.0
runtime,energy,1,REDUCTION,4000000,5060ti,0.0010194523610633,0.0010194523610633,0.0
runtime,energy,1,REDUCTION,8000000,5060ti,0.0018676395184281,0.0018676395184281,0.0
runtime,energy,1,REDUCTION,16000000,3090,0.0266073982927016,0.0135197026022304,96.80461231678328
runtime,energy,1,REDUCTION,32000000,3090,0.0515170336209461,0.0258104404065291,99.59765431942868
runtime,energy,1,REDUCTION,64000000,3090,0.1034283625730994,0.0527866915422885,95.93643691467348
runtime,energy,1,REDUCTION,128000000,3090,0.2040385507246376,0.1028810386473429,98.32473836509747
runtime,energy,1,REDUCTION,256000000,3090,0.4064543879907621,0.2019988009592326,101.21623794826027
runtime,energy,1,STREAM,1000000,5060ti,0.0011522025710308,0.0011522025710308,0.0
runtime,energy,1,STREAM,2000000,5060ti,0.0021343406554041,0.0021343406554041,0.0
runtime,energy,1,STREAM,4000000,3090,0.0209661324913618,0.0104092301800076,101.41866524990704
runtime,energy,1,STREAM,8000000,3090,0.0414299685644428,0.0245104444984211,69.02985405716171
runtime,energy,1,STREAM,16000000,3090,0.0816012178308823,0.0489721279689772,66.6278783772168
runtime,energy,1,STREAM,32000000,3090,0.1615334699453552,0.0970882638215324,66.37795711568799
runtime,energy,1,STREAM,64000000,3090,0.322758855585831,0.1977422480620155,63.22200174674257
runtime,energy,1,STREAM,128000000,3090,0.6414566003616637,0.3917674418604651,63.73402478660539
runtime,energy,1,STREAM,256000000,3090,1.2798429602888088,0.7899728682170541,62.01100212180417
runtime,energy,1,STRIDED_GEMM,64,3090,0.0009206785817693,0.0003328917247089,176.56998159818937
runtime,energy,1,STRIDED_GEMM,128,3090,0.0010043627799364,0.0004304749907228,133.31501285359204
runtime,energy,1,STRIDED_GEMM,256,3090,0.0021376285056935,0.001246295174311,71.51863777979108
runtime,energy,1,STRIDED_GEMM,512,3090,0.0075070639873808,0.0072855162620866,3.0409337831983185
runtime,energy,1,STRIDED_GEMM,1024,3090,0.0398911938534278,0.0398911938534278,0.0
runtime,energy,1,STRIDED_GEMM,2048,3090,0.2573864844343204,0.2573864844343204,0.0
runtime,energy,1,STRIDED_GEMM,4096,3090,1.7928916666666668,1.7928916666666668,0.0
runtime,energy,1,STRIDED_GEMM,8192,3090,13.693625,13.693625,0.0
runtime,energy,1,STRIDED_GEMM,16384,3090,114.07783333333332,114.07783333333332,0.0
runtime,energy,2,AXPY,1000000,5060ti,0.0011128838123311,0.0011128838123311,0.0
runtime,energy,2,AXPY,2000000,5060ti,0.0020289443895169,0.0020289443895169,0.0
runtime,energy,2,AXPY,4000000,5060ti,0.0047473189813459,0.0047473189813459,0.0
runtime,energy,2,AXPY,8000000,3090,0.0412889069956931,0.0230670511896178,78.99516785343042
runtime,energy,2,AXPY,16000000,3090,0.0813677486187845,0.0467765390208434,73.94991233217878
runtime,energy,2,AXPY,32000000,3090,0.1621364259597806,0.0903144379844961,79.52437016506029
runtime,energy,2,AXPY,64000000,3090,0.3229981768459434,0.1824980657640232,76.98717818937988
runtime,energy,2,AXPY,128000000,3090,0.6375480943738657,0.368027027027027,73.23404194633937
runtime,energy,2,AXPY,256000000,3090,1.2767771739130436,0.7360658914728682,73.45963027280233
runtime,energy,2,CONV2D,1,3090,0.1071140731556106,0.1071140731556106,0.0
runtime,energy,2,CONV2D,2,3090,0.0983248269896193,0.0926434402332361,6.132529990337043
runtime,energy,2,CONV2D,3,3090,0.0784748464808691,0.0784748464808691,0.0
runtime,energy,2,CONV2D,4,3090,0.1000491778319123,0.083955294117647,19.16958767568946
runtime,energy,2,CONV2D,5,3090,0.158600519112789,0.158600519112789,0.0
runtime,energy,2,CONV2D,6,3090,0.2594184741959611,0.218264598540146,18.855039218943958
runtime,energy,2,GEMM,64,3090,0.0008383713225895,0.000336495,149.14822585461894
runtime,energy,2,GEMM,128,3090,0.000930721794338,0.000407041659308,128.65516908522184
runtime,energy,2,GEMM,256,3090,0.0019903793687717,0.0012409696751375,60.38904162192078
runtime,energy,2,GEMM,512,3090,0.0072134093990058,0.0072134093990058,0.0
runtime,energy,2,GEMM,1024,3090,0.0399124833676061,0.0399124833676061,0.0
runtime,energy,2,GEMM,2048,3090,0.250474416854778,0.250474416854778,0.0
runtime,energy,2,GEMM,4096,3090,1.7220583333333337,1.7220583333333337,0.0
runtime,energy,2,GEMM,8192,3090,13.143166666666668,13.143166666666668,0.0
runtime,energy,2,GEMM,16384,3090,103.080375,103.080375,0.0
runtime,energy,2,REDUCTION,1000000,3090,0.0012224280934574,0.0004004339781535,205.27581577725198
runtime,energy,2,REDUCTION,2000000,5060ti,0.0007239961970641,0.0007239961970641,0.0
runtime,energy,2,REDUCTION,4000000,5060ti,0.0010149071298707,0.0010149071298707,0.0
runtime,energy,2,REDUCTION,8000000,5060ti,0.0018101359096119,0.0018101359096119,0.0
runtime,energy,2,REDUCTION,16000000,3090,0.0266429340304474,0.0134059067972692,98.74026004622529
runtime,energy,2,REDUCTION,32000000,3090,0.0524100847835787,0.0255780720665229,104.90240486957609
runtime,energy,2,REDUCTION,64000000,3090,0.1040282246270839,0.0505450121654501,105.81303707389766
runtime,energy,2,REDUCTION,128000000,3090,0.2067988972721996,0.1011799516908212,104.38722673452303
runtime,energy,2,REDUCTION,256000000,3090,0.4082413394919168,0.2011105769230769,102.9934704270008
runtime,energy,2,STREAM,1000000,5060ti,0.0011647752394988,0.0011647752394988,0.0
runtime,energy,2,STREAM,2000000,5060ti,0.0021426227628995,0.0021426227628995,0.0
runtime,energy,2,STREAM,4000000,3090,0.0211038062283737,0.0104462052505966,102.02366047870277
runtime,energy,2,STREAM,8000000,3090,0.0413121078317453,0.0244504001940334,68.96291064318301
runtime,energy,2,STREAM,16000000,3090,0.0812964408725602,0.0494774600096946,64.31005321742668
runtime,energy,2,STREAM,32000000,3090,0.1612892938496583,0.0977298739088263,65.03581494449439
runtime,energy,2,STREAM,64000000,3090,0.3206759090909091,0.1951065891472868,64.35934352213471
runtime,energy,2,STREAM,128000000,3090,0.6405578661844485,0.3903100775193798,64.11512361031552
runtime,energy,2,STREAM,256000000,3090,1.2764314079422383,0.7845620155038759,62.693500668964305
runtime,energy,2,STRIDED_GEMM,64,3090,0.0009366275794162,0.000328479789707,185.1400934747494
runtime,energy,2,STRIDED_GEMM,128,3090,0.0010086930828564,0.0004243214979824,137.71906152589955
runtime,energy,2,STRIDED_GEMM,256,3090,0.0021720491964435,0.0012476624035895,74.08949650118153
runtime,energy,2,STRIDED_GEMM,512,3090,0.0075459808251149,0.007332893847194,2.905905667820896
runtime,energy,2,STRIDED_GEMM,1024,3090,0.0405251289432649,0.0405251289432649,0.0
runtime,energy,2,STRIDED_GEMM,2048,3090,0.2585576335877863,0.2585576335877863,0.0
runtime,energy,2,STRIDED_GEMM,4096,3090,1.7959088397790053,1.7959088397790053,0.0
runtime,energy,2,STRIDED_GEMM,8192,3090,13.703958333333333,13.703958333333333,0.0
runtime,energy,2,STRIDED_GEMM,16384,3090,112.3175,112.3175,0.0
runtime,energy,3,AXPY,1000000,5060ti,0.0011103864734299,0.0011103864734299,0.0
runtime,energy,3,AXPY,2000000,5060ti,0.0020346831162504,0.0020346831162504,0.0
runtime,energy,3,AXPY,4000000,5060ti,0.004748283570174,0.004748283570174,0.0
runtime,energy,3,AXPY,8000000,3090,0.0410434554973822,0.023050826848249,78.0563264284811
runtime,energy,3,AXPY,16000000,3090,0.0808264719411223,0.0464936923823386,73.84395129655388
runtime,energy,3,AXPY,32000000,3090,0.1610137111517367,0.0934747817652764,72.25363687508428
runtime,energy,3,AXPY,64000000,3090,0.3237019143117593,0.1831434108527131,76.7477807716957
runtime,energy,3,AXPY,128000000,3090,0.6394210526315789,0.3667567567567568,74.3447232672691
runtime,energy,3,AXPY,256000000,3090,1.2690595667870035,0.7419147286821706,71.05194407464808
runtime,energy,3,CONV2D,1,3090,0.107063582920792,0.107063582920792,0.0
runtime,energy,3,CONV2D,2,3090,0.0979851670506912,0.0924463869463869,5.991342968889035
runtime,energy,3,CONV2D,3,3090,0.0783677647058823,0.0783677647058823,0.0
runtime,energy,3,CONV2D,4,3090,0.1001294602012808,0.0855971756821445,16.977528058986778
runtime,energy,3,CONV2D,5,3090,0.1572666198501872,0.1572666198501872,0.0
runtime,energy,3,CONV2D,6,3090,0.2526645894428152,0.2181224116930572,15.836143329629927
runtime,energy,3,GEMM,64,3090,0.0008424448040085,0.0003328180970606,153.12469828078684
runtime,energy,3,GEMM,128,3090,0.0009327962864666,0.0004245956397689,119.6905005841098
runtime,energy,3,GEMM,256,3090,0.0020196103990151,0.0012479899127188,61.829064356401034
runtime,energy,3,GEMM,512,3090,0.0071977680989348,0.0071977680989348,0.0
runtime,energy,3,GEMM,1024,3090,0.0395013713331743,0.0395013713331743,0.0
runtime,energy,3,GEMM,2048,3090,0.2509823175319789,0.2509823175319789,0.0
runtime,energy,3,GEMM,4096,3090,1.7268555555555556,1.7268555555555556,0.0
runtime,energy,3,GEMM,8192,3090,13.206083333333334,13.206083333333334,0.0
runtime,energy,3,GEMM,16384,3090,104.2845,104.2845,0.0
runtime,energy,3,REDUCTION,1000000,3090,0.0012116827679173,0.0004025485459273,201.00289273834045
runtime,energy,3,REDUCTION,2000000,5060ti,0.0007296760128185,0.0007296760128185,0.0
runtime,energy,3,REDUCTION,4000000,5060ti,0.001019212815095,0.001019212815095,0.0
runtime,energy,3,REDUCTION,8000000,5060ti,0.0018187064370643,0.0018187064370643,0.0
runtime,energy,3,REDUCTION,16000000,3090,0.0264924638572746,0.0131456325301204,101.53053720749301
runtime,energy,3,REDUCTION,32000000,3090,0.0519663740514804,0.0257552339901477,101.77014921067848
runtime,energy,3,REDUCTION,64000000,3090,0.1030016086575021,0.0510729927007299,101.67529492750886
runtime,energy,3,REDUCTION,128000000,3090,0.2053828985507246,0.1017971014492753,101.75711845102518
runtime,energy,3,REDUCTION,256000000,3090,0.4099105080831409,0.203155421686747,101.77187725523633
runtime,energy,3,STREAM,1000000,5060ti,0.0011795218210103,0.0011795218210103,0.0
runtime,energy,3,STREAM,2000000,5060ti,0.0021713880410953,0.0021713880410953,0.0
runtime,energy,3,STREAM,4000000,3090,0.0211188686000716,0.0104232127517419,102.61381114515066
runtime,energy,3,STREAM,8000000,3090,0.0411414405010438,0.024787915554477,65.97378029074798
runtime,energy,3,STREAM,16000000,3090,0.0810485314364387,0.0493795443528841,64.13381795756669
runtime,energy,3,STREAM,32000000,3090,0.1614977241693218,0.0978553398058252,65.03721155103285
runtime,energy,3,STREAM,64000000,3090,0.3215694822888283,0.1960968992248062,63.98499086932521
runtime,energy,3,STREAM,128000000,3090,0.6378363471971067,0.394265503875969,61.77838053966853
runtime,energy,3,STREAM,256000000,3090,1.2723303249097473,0.7856279069767442,61.95075475436364
runtime,energy,3,STRIDED_GEMM,64,3090,0.0009229584664873,0.00032838672915,181.05839382617455
runtime,energy,3,STRIDED_GEMM,128,3090,0.0010143157840029,0.0004190262752675,142.06495961509242
runtime,energy,3,STRIDED_GEMM,256,3090,0.0021686073608016,0.0012450789335778,74.17428745420919
runtime,energy,3,STRIDED_GEMM,512,3090,0.0076243319203833,0.0074883421492204,1.8160197337812267
runtime,energy,3,STRIDED_GEMM,1024,3090,0.0411330347415567,0.0411330347415567,0.0
runtime,energy,3,STRIDED_GEMM,2048,3090,0.2575174506828528,0.2575174506828528,0.0
runtime,energy,3,STRIDED_GEMM,4096,3090,1.8130888888888888,1.8130888888888888,0.0
runtime,energy,3,STRIDED_GEMM,8192,3090,13.5970625,13.5970625,0.0
runtime,energy,3,STRIDED_GEMM,16384,3090,111.708625,111.708625,0.0
runtime,energy,4,AXPY,1000000,5060ti,0.0010727175960042,0.0010727175960042,0.0
runtime,energy,4,AXPY,2000000,5060ti,0.0020030592213672,0.0020030592213672,0.0
runtime,energy,4,AXPY,4000000,5060ti,0.0047480771789753,0.0047480771789753,0.0
runtime,energy,4,AXPY,8000000,3090,0.0412828947368421,0.0233667478684531,76.67368591149635
runtime,energy,4,AXPY,16000000,3090,0.081547465437788,0.0462867540029112,76.17883818912661
runtime,energy,4,AXPY,32000000,3090,0.1598351598173515,0.0926299709020368,72.55231569314566
runtime,energy,4,AXPY,64000000,3090,0.3197458941605839,0.1852732558139534,72.58070667342535
runtime,energy,4,AXPY,128000000,3090,0.6417862318840579,0.3646143410852713,76.01782474430023
runtime,energy,4,AXPY,256000000,3090,1.2789148550724638,0.7406666666666666,72.67077251203385
runtime,energy,4,CONV2D,1,3090,0.1065770775409329,0.1065770775409329,0.0
runtime,energy,4,CONV2D,2,3090,0.0977021826536473,0.0918750728013977,6.342427466529266
runtime,energy,4,CONV2D,3,3090,0.0793948308718437,0.0793948308718437,0.0
runtime,energy,4,CONV2D,4,3090,0.1003395099540581,0.0865180810028929,15.975191302154567
runtime,energy,4,CONV2D,5,3090,0.1597480988593155,0.1597480988593155,0.0
runtime,energy,4,CONV2D,6,3090,0.2499139048991354,0.2099981927710843,19.007645542722628
runtime,energy,4,GEMM,64,3090,0.0008382078325822,0.0003318445800536,152.5904845113973
runtime,energy,4,GEMM,128,3090,0.0009229959547593,0.0004407619205195,109.40918708935183
runtime,energy,4,GEMM,256,3090,0.0019915961861547,0.0012582528246274,58.282671588236745
runtime,energy,4,GEMM,512,3090,0.0072255863346739,0.0072255863346739,0.0
runtime,energy,4,GEMM,1024,3090,0.0398839458413926,0.0398839458413926,0.0
runtime,energy,4,GEMM,2048,3090,0.2509364661654135,0.2509364661654135,0.0
runtime,energy,4,GEMM,4096,3090,1.717661111111111,1.717661111111111,0.0
runtime,energy,4,GEMM,8192,3090,13.133895833333334,13.133895833333334,0.0
runtime,energy,4,GEMM,16384,3090,103.273875,103.273875,0.0
runtime,energy,4,REDUCTION,1000000,3090,0.0012081107251631,0.0004071096194392,196.7531759203558
runtime,energy,4,REDUCTION,2000000,5060ti,0.0007354623763431,0.0007354623763431,0.0
runtime,energy,4,REDUCTION,4000000,5060ti,0.0010193909390201,0.0010193909390201,0.0
runtime,energy,4,REDUCTION,8000000,5060ti,0.0018198622132004,0.0018198622132004,0.0
runtime,energy,4,REDUCTION,16000000,3090,0.0262709694779734,0.0126077238862703,108.37202428411565
runtime,energy,4,REDUCTION,32000000,3090,0.0516548415885765,0.0257298337438423,100.75855173739163
runtime,energy,4,REDUCTION,64000000,3090,0.1026599415204678,0.050971107055961,101.40810637633946
runtime,energy,4,REDUCTION,128000000,3090,0.2052623188405797,0.101903381642512,101.42836825637636
runtime,energy,4,REDUCTION,256000000,3090,0.4103868360277136,0.2025132211538461,102.64693519241845
runtime,energy,4,STREAM,1000000,5060ti,0.0011807213624826,0.0011807213624826,0.0
runtime,energy,4,STREAM,2000000,5060ti,0.0021629841379013,0.0021629841379013,0.0
runtime,energy,4,STREAM,4000000,3090,0.021067661097852,0.0105152817574021,100.35279685227346
runtime,energy,4,STREAM,8000000,3090,0.0412695530726257,0.0246636341581756,67.32957036238514
runtime,energy,4,STREAM,16000000,3090,0.0810063044475011,0.0492696411251212,64.41423683558813
runtime,energy,4,STREAM,32000000,3090,0.1612697038724373,0.0982754607177497,64.09966709350678
runtime,energy,4,STREAM,64000000,3090,0.3208197093551317,0.1964176356589147,63.335490868164726
runtime,energy,4,STREAM,128000000,3090,0.6377576853526221,0.3972693798449612,60.535323815168994
runtime,energy,4,STREAM,256000000,3090,1.277,0.7856627906976743,62.5379253185727
runtime,energy,4,STRIDED_GEMM,64,3090,0.0009341966020311,0.0003301833153612,182.93270997329074
runtime,energy,4,STRIDED_GEMM,128,3090,0.0010128198496893,0.0004277205107757,136.79478167939217
runtime,energy,4,STRIDED_GEMM,256,3090,0.0021616795683107,0.0012573772639439,71.9197276981419
runtime,energy,4,STRIDED_GEMM,512,3090,0.0075230361588889,0.0072599729546991,3.6234736111451893
runtime,energy,4,STRIDED_GEMM,1024,3090,0.0404943806791009,0.0404943806791009,0.0
runtime,energy,4,STRIDED_GEMM,2048,3090,0.2590519877675841,0.2590519877675841,0.0
runtime,energy,4,STRIDED_GEMM,4096,3090,1.8068722222222224,1.8068722222222224,0.0
runtime,energy,4,STRIDED_GEMM,8192,3090,13.599875,13.599875,0.0
runtime,energy,4,STRIDED_GEMM,16384,3090,111.51975,111.51975,0.0
runtime,energy,5,AXPY,1000000,5060ti,0.0011163104888233,0.0011163104888233,0.0
runtime,energy,5,AXPY,2000000,5060ti,0.0020373554571637,0.0020373554571637,0.0
runtime,energy,5,AXPY,4000000,5060ti,0.0047548633472602,0.0047548633472602,0.0
runtime,energy,5,AXPY,8000000,3090,0.0411059124767225,0.0229790957705396,78.88394255017828
runtime,energy,5,AXPY,16000000,3090,0.0806471198156682,0.0463498062015503,73.99667102161635
runtime,energy,5,AXPY,32000000,3090,0.1603002742230347,0.092560620756547,73.1840959068939
runtime,energy,5,AXPY,64000000,3090,0.3224038286235187,0.1824071566731141,76.74955001973306
runtime,energy,5,AXPY,128000000,3090,0.6397141560798547,0.3683474903474903,73.67137630729165
runtime,energy,5,AXPY,256000000,3090,1.2721684782608695,0.7448449612403101,70.79641327538344
runtime,energy,5,CONV2D,1,3090,0.1059935483870967,0.1059935483870967,0.0
runtime,energy,5,CONV2D,2,3090,0.0974230217889908,0.0923613053613053,5.4803431024331495
runtime,energy,5,CONV2D,3,3090,0.0782325553983969,0.0782325553983969,0.0
runtime,energy,5,CONV2D,4,3090,0.1001823187519119,0.0861732530120482,16.25686074297907
runtime,energy,5,CONV2D,5,3090,0.1587692853762423,0.1587692853762423,0.0
runtime,energy,5,CONV2D,6,3090,0.2517311906501095,0.2179719512195121,15.487882381985774
runtime,energy,5,GEMM,64,3090,0.0008423632879622,0.0003347796931087,151.6171994006495
runtime,energy,5,GEMM,128,3090,0.0009182465066358,0.0004186242111759,119.348638258757
runtime,energy,5,GEMM,256,3090,0.001994293700622,0.0012592353037497,58.37339492336919
runtime,energy,5,GEMM,512,3090,0.0071338785469004,0.0071338785469004,0.0
runtime,energy,5,GEMM,1024,3090,0.0401171231216674,0.0401171231216674,0.0
runtime,energy,5,GEMM,2048,3090,0.2481971407072987,0.2481971407072987,0.0
runtime,energy,5,GEMM,4096,3090,1.7184388888888886,1.7184388888888886,0.0
runtime,energy,5,GEMM,8192,3090,13.074854166666666,13.074854166666666,0.0
runtime,energy,5,GEMM,16384,3090,103.623875,103.623875,0.0
runtime,energy,5,REDUCTION,1000000,3090,0.0012184612288479,0.0004093440537001,197.6618856031039
runtime,energy,5,REDUCTION,2000000,5060ti,0.0007337658080009,0.0007337658080009,0.0
runtime,energy,5,REDUCTION,4000000,5060ti,0.0010198147511178,0.0010198147511178,0.0
runtime,energy,5,REDUCTION,8000000,5060ti,0.001830818280606,0.001830818280606,0.0
runtime,energy,5,REDUCTION,16000000,3090,0.0265895533861173,0.013697242206235,94.12340809753445
runtime,energy,5,REDUCTION,32000000,3090,0.0519617843866171,0.0257176724137931,102.0469953523032
runtime,energy,5,REDUCTION,64000000,3090,0.103804621234279,0.0510550486618004,103.3190134082588
runtime,energy,5,REDUCTION,128000000,3090,0.2063759420289855,0.1017820048309178,102.76270090358422
runtime,energy,5,REDUCTION,256000000,3090,0.4101645496535797,0.2035204819277108,101.53477712344822
runtime,energy,5,STREAM,1000000,5060ti,0.0011669327765495,0.0011669327765495,0.0
runtime,energy,5,STREAM,2000000,5060ti,0.0021483758185387,0.0021483758185387,0.0
runtime,energy,5,STREAM,4000000,3090,0.0213322434150772,0.0104175735013363,104.77171015247299
runtime,energy,5,STREAM,8000000,3090,0.0411891592920354,0.0248203011170471,65.94947457646202
runtime,energy,5,STREAM,16000000,3090,0.0813908547794117,0.0495196316044595,64.36078408160459
runtime,energy,5,STREAM,32000000,3090,0.1612389521640091,0.097985465116279,64.55394886646447
runtime,energy,5,STREAM,64000000,3090,0.319825,0.1957567829457364,63.3787576539073
runtime,energy,5,STREAM,128000000,3090,0.639745931283906,0.3926027131782945,62.94995164574302
runtime,energy,5,STREAM,256000000,3090,1.2799094202898549,0.7849069767441861,63.065109396651245
runtime,energy,5,STRIDED_GEMM,64,3090,0.0009361078206849,0.0003306468934275,183.1140528740996
runtime,energy,5,STRIDED_GEMM,128,3090,0.0010082849891225,0.0004241905507189,137.69623991239354
runtime,energy,5,STRIDED_GEMM,256,3090,0.0021610055931018,0.0012522025349621,72.57636306950988
runtime,energy,5,STRIDED_GEMM,512,3090,0.0069264347185788,0.0069264347185788,0.0
runtime,energy,5,STRIDED_GEMM,1024,3090,0.0406902180460185,0.0406902180460185,0.0
runtime,energy,5,STRIDED_GEMM,2048,3090,0.2570708333333333,0.2570708333333333,0.0
runtime,energy,5,STRIDED_GEMM,4096,3090,1.798779005524862,1.798779005524862,0.0
runtime,energy,5,STRIDED_GEMM,8192,3090,13.750395833333332,13.750395833333332,0.0
runtime,energy,5,STRIDED_GEMM,16384,3090,111.2755,111.2755,0.0
runtime,runtime,1,AXPY,1000000,5060ti,8.188087509211496e-06,8.188087509211496e-06,0.0
runtime,runtime,1,AXPY,2000000,5060ti,1.4329162604421902e-05,1.4329162604421902e-05,0.0
runtime,runtime,1,AXPY,4000000,5060ti,2.661276897496608e-05,2.661276897496608e-05,0.0
runtime,runtime,1,AXPY,8000000,3090,0.0001162878445529,0.0001162878445529,0.0
runtime,runtime,1,AXPY,16000000,3090,0.0002304997519013,0.0002304997519013,0.0
runtime,runtime,1,AXPY,32000000,3090,0.0004571638276965,0.0004571638276965,0.0
runtime,runtime,1,AXPY,64000000,3090,0.0009120088422727,0.0009120088422727,0.0
runtime,runtime,1,AXPY,128000000,3090,0.0018179540099457,0.0018179540099457,0.0
runtime,runtime,1,AXPY,256000000,3090,0.0036254914855072,0.0036254914855072,0.0
runtime,runtime,1,CONV2D,1,3090,0.0003102849536951,0.0003102849536951,0.0
runtime,runtime,1,CONV2D,2,3090,0.0002893260806451,0.0002893260806451,0.0
runtime,runtime,1,CONV2D,3,3090,0.0002387750374255,0.0002387750374255,0.0
runtime,runtime,1,CONV2D,4,3090,0.0003060187135225,0.0003060187135225,0.0
runtime,runtime,1,CONV2D,5,3090,0.0004733076907677,0.0004733076907677,0.0
runtime,runtime,1,CONV2D,6,3090,0.0007517900052356,0.0007517900052356,0.0
runtime,runtime,1,GEMM,64,3090,5.217029646225186e-06,5.217029646225186e-06,0.0
runtime,runtime,1,GEMM,128,3090,5.161149326824335e-06,5.161149326824335e-06,0.0
runtime,runtime,1,GEMM,256,3090,7.180509782803805e-06,7.180509782803805e-06,0.0
runtime,runtime,1,GEMM,512,3090,2.268124110511216e-05,2.268124110511216e-05,0.0
runtime,runtime,1,GEMM,1024,3090,0.0001210981721341,0.0001210981721341,0.0
runtime,runtime,1,GEMM,2048,3090,0.0007520269865067,0.0007520269865067,0.0
runtime,runtime,1,GEMM,4096,3090,0.0055481767955801,0.0055481767955801,0.0
runtime,runtime,1,GEMM,8192,3090,0.0417421458333333,0.0417421458333333,0.0
runtime,runtime,1,GEMM,16384,3090,0.332597875,0.332597875,0.0
runtime,runtime,1,REDUCTION,1000000,3090,5.700756277427376e-06,5.700756277427376e-06,0.0
runtime,runtime,1,REDUCTION,2000000,5060ti,8.1960527370483e-06,8.1960527370483e-06,0.0
runtime,runtime,1,REDUCTION,4000000,5060ti,1.2284495780305637e-05,1.2284495780305637e-05,0.0
runtime,runtime,1,REDUCTION,8000000,5060ti,2.050992609266361e-05,2.050992609266361e-05,0.0
runtime,runtime,1,REDUCTION,16000000,3090,7.691327039913865e-05,7.691327039913865e-05,0.0
runtime,runtime,1,REDUCTION,32000000,3090,0.0001487895335465,0.0001487895335465,0.0
runtime,runtime,1,REDUCTION,64000000,3090,0.0002924800657894,0.0002924800657894,0.0
runtime,runtime,1,REDUCTION,128000000,3090,0.0005799535315942,0.0005799535315942,0.0
runtime,runtime,1,REDUCTION,256000000,3090,0.0011548241166281,0.0011548241166281,0.0
runtime,runtime,1,STREAM,1000000,5060ti,8.188119217227545e-06,8.188119217227545e-06,0.0
runtime,runtime,1,STREAM,2000000,5060ti,1.4329450199888234e-05,1.4329450199888234e-05,0.0
runtime,runtime,1,STREAM,4000000,3090,5.958870487310854e-05,5.958870487310854e-05,0.0
runtime,runtime,1,STREAM,8000000,3090,0.0001164360228198,0.0001164360228198,0.0
runtime,runtime,1,STREAM,16000000,3090,0.0002298244485294,0.0002298244485294,0.0
runtime,runtime,1,STREAM,32000000,3090,0.0004555765027322,0.0004555765027322,0.0
runtime,runtime,1,STREAM,64000000,3090,0.0009091030881017,0.0009091030881017,0.0
runtime,runtime,1,STREAM,128000000,3090,0.0018097649186256,0.0018097649186256,0.0
runtime,runtime,1,STREAM,256000000,3090,0.0036186895306859,0.0036186895306859,0.0
runtime,runtime,1,STRIDED_GEMM,64,3090,5.266399936827144e-06,5.266399936827144e-06,0.0
runtime,runtime,1,STRIDED_GEMM,128,3090,5.1937753868660095e-06,5.1937753868660095e-06,0.0
runtime,runtime,1,STRIDED_GEMM,256,3090,7.281878877013135e-06,7.281878877013135e-06,0.0
runtime,runtime,1,STRIDED_GEMM,512,3090,2.2870950780696337e-05,2.2870950780696337e-05,0.0
runtime,runtime,1,STRIDED_GEMM,1024,3090,0.0001220956264775,0.0001220956264775,0.0
runtime,runtime,1,STRIDED_GEMM,2048,3090,0.0007633280182232,0.0007633280182232,0.0
runtime,runtime,1,STRIDED_GEMM,4096,3090,0.0055567777777777,0.0055567777777777,0.0
runtime,runtime,1,STRIDED_GEMM,8192,3090,0.041750125,0.041750125,0.0
runtime,runtime,1,STRIDED_GEMM,16384,3090,0.3327878333333333,0.3327878333333333,0.0
runtime,runtime,2,AXPY,1000000,5060ti,8.188074392041267e-06,8.188074392041267e-06,0.0
runtime,runtime,2,AXPY,2000000,5060ti,1.4329123006490994e-05,1.4329123006490994e-05,0.0
runtime,runtime,2,AXPY,4000000,5060ti,2.6613832286649455e-05,2.6613832286649455e-05,0.0
runtime,runtime,2,AXPY,8000000,3090,0.0001164095165871,0.0001164095165871,0.0
runtime,runtime,2,AXPY,16000000,3090,0.0002302442396408,0.0002302442396408,0.0
runtime,runtime,2,AXPY,32000000,3090,0.0004571387360603,0.0004571387360603,0.0
runtime,runtime,2,AXPY,64000000,3090,0.0009121405378304,0.0009121405378304,0.0
runtime,runtime,2,AXPY,128000000,3090,0.0018178801125226,0.0018178801125226,0.0
runtime,runtime,2,AXPY,256000000,3090,0.0036274377717391,0.0036274377717391,0.0
runtime,runtime,2,CONV2D,1,3090,0.0003124439581525,0.0003124439581525,0.0
runtime,runtime,2,CONV2D,2,3090,0.0002899841917531,0.0002899841917531,0.0
runtime,runtime,2,CONV2D,3,3090,0.0002372934103684,0.0002372934103684,0.0
runtime,runtime,2,CONV2D,4,3090,0.0003027224593483,0.0003027224593483,0.0
runtime,runtime,2,CONV2D,5,3090,0.0004729195023596,0.0004729195023596,0.0
runtime,runtime,2,CONV2D,6,3090,0.0007497810979805,0.0007497810979805,0.0
runtime,runtime,2,GEMM,64,3090,5.217261330258716e-06,5.217261330258716e-06,0.0
runtime,runtime,2,GEMM,128,3090,5.161019462947544e-06,5.161019462947544e-06,0.0
runtime,runtime,2,GEMM,256,3090,7.179988369087619e-06,7.179988369087619e-06,0.0
runtime,runtime,2,GEMM,512,3090,2.269167419792137e-05,2.269167419792137e-05,0.0
runtime,runtime,2,GEMM,1024,3090,0.0001211782387806,0.0001211782387806,0.0
runtime,runtime,2,GEMM,2048,3090,0.0007534766741911,0.0007534766741911,0.0
runtime,runtime,2,GEMM,4096,3090,0.0055629222222222,0.0055629222222222,0.0
runtime,runtime,2,GEMM,8192,3090,0.0417100624999999,0.0417100624999999,0.0
runtime,runtime,2,GEMM,16384,3090,0.331504875,0.331504875,0.0
runtime,runtime,2,REDUCTION,1000000,3090,5.653928630472067e-06,5.653928630472067e-06,0.0
runtime,runtime,2,REDUCTION,2000000,5060ti,8.196056425240346e-06,8.196056425240346e-06,0.0
runtime,runtime,2,REDUCTION,4000000,5060ti,1.2284477980197534e-05,1.2284477980197534e-05,0.0
runtime,runtime,2,REDUCTION,8000000,5060ti,2.046900967127886e-05,2.046900967127886e-05,0.0
runtime,runtime,2,REDUCTION,16000000,3090,7.689482427341227e-05,7.689482427341227e-05,0.0
runtime,runtime,2,REDUCTION,32000000,3090,0.0001487715977242,0.0001487715977242,0.0
runtime,runtime,2,REDUCTION,64000000,3090,0.0002925112850248,0.0002925112850248,0.0
runtime,runtime,2,REDUCTION,128000000,3090,0.0005805002019733,0.0005805002019733,0.0
runtime,runtime,2,REDUCTION,256000000,3090,0.0011548411726327,0.0011548411726327,0.0
runtime,runtime,2,STREAM,1000000,5060ti,8.188016867272578e-06,8.188016867272578e-06,0.0
runtime,runtime,2,STREAM,2000000,5060ti,1.4328955852641532e-05,1.4328955852641532e-05,0.0
runtime,runtime,2,STREAM,4000000,3090,5.967008710177783e-05,5.967008710177783e-05,0.0
runtime,runtime,2,STREAM,8000000,3090,0.0001162032884034,0.0001162032884034,0.0
runtime,runtime,2,STREAM,16000000,3090,0.0002296336394948,0.0002296336394948,0.0
runtime,runtime,2,STREAM,32000000,3090,0.0004557681093394,0.0004557681093394,0.0
runtime,runtime,2,STREAM,64000000,3090,0.0009094963636363,0.0009094963636363,0.0
runtime,runtime,2,STREAM,128000000,3090,0.0018104330922242,0.0018104330922242,0.0
runtime,runtime,2,STREAM,256000000,3090,0.0036179855595667,0.0036179855595667,0.0
runtime,runtime,2,STRIDED_GEMM,64,3090,5.2663084400027385e-06,5.2663084400027385e-06,0.0
runtime,runtime,2,STRIDED_GEMM,128,3090,5.18906807248901e-06,5.18906807248901e-06,0.0
runtime,runtime,2,STRIDED_GEMM,256,3090,7.282653811704909e-06,7.282653811704909e-06,0.0
runtime,runtime,2,STRIDED_GEMM,512,3090,2.291826648056197e-05,2.291826648056197e-05,0.0
runtime,runtime,2,STRIDED_GEMM,1024,3090,0.0001219558594218,0.0001219558594218,0.0
runtime,runtime,2,STRIDED_GEMM,2048,3090,0.0007663213740458,0.0007663213740458,0.0
runtime,runtime,2,STRIDED_GEMM,4096,3090,0.0055515994475138,0.0055515994475138,0.0
runtime,runtime,2,STRIDED_GEMM,8192,3090,0.0418021458333333,0.0418021458333333,0.0
runtime,runtime,2,STRIDED_GEMM,16384,3090,0.332657375,0.332657375,0.0
runtime,runtime,3,AXPY,1000000,5060ti,8.188072942765906e-06,8.188072942765906e-06,0.0
runtime,runtime,3,AXPY,2000000,5060ti,1.432911731791543e-05,1.432911731791543e-05,0.0
runtime,runtime,3,AXPY,4000000,5060ti,2.6613515447868437e-05,2.6613515447868437e-05,0.0
runtime,runtime,3,AXPY,8000000,3090,0.0001163761774287,0.0001163761774287,0.0
runtime,runtime,3,AXPY,16000000,3090,0.0002299871108555,0.0002299871108555,0.0
runtime,runtime,3,AXPY,32000000,3090,0.0004572038971663,0.0004572038971663,0.0
runtime,runtime,3,AXPY,64000000,3090,0.0009122411909753,0.0009122411909753,0.0
runtime,runtime,3,AXPY,128000000,3090,0.0018176927259528,0.0018176927259528,0.0
runtime,runtime,3,AXPY,256000000,3090,0.0036263515072202,0.0036263515072202,0.0
runtime,runtime,3,CONV2D,1,3090,0.0003117660300123,0.0003117660300123,0.0
runtime,runtime,3,CONV2D,2,3090,0.0002893070187211,0.0002893070187211,0.0
runtime,runtime,3,CONV2D,3,3090,0.0002380348142352,0.0002380348142352,0.0
runtime,runtime,3,CONV2D,4,3090,0.0003062447918572,0.0003062447918572,0.0
runtime,runtime,3,CONV2D,5,3090,0.0004708557237827,0.0004708557237827,0.0
runtime,runtime,3,CONV2D,6,3090,0.0007474163896627,0.0007474163896627,0.0
runtime,runtime,3,GEMM,64,3090,5.224620282895767e-06,5.224620282895767e-06,0.0
runtime,runtime,3,GEMM,128,3090,5.183126736815811e-06,5.183126736815811e-06,0.0
runtime,runtime,3,GEMM,256,3090,7.24233833007459e-06,7.24233833007459e-06,0.0
runtime,runtime,3,GEMM,512,3090,2.2760561473190104e-05,2.2760561473190104e-05,0.0
runtime,runtime,3,GEMM,1024,3090,0.0001209905795373,0.0001209905795373,0.0
runtime,runtime,3,GEMM,2048,3090,0.000751848758465,0.000751848758465,0.0
runtime,runtime,3,GEMM,4096,3090,0.0055513555555555,0.0055513555555555,0.0
runtime,runtime,3,GEMM,8192,3090,0.0417959791666666,0.0417959791666666,0.0
runtime,runtime,3,GEMM,16384,3090,0.3319046249999999,0.3319046249999999,0.0
runtime,runtime,3,REDUCTION,1000000,3090,5.658497548303753e-06,5.658497548303753e-06,0.0
runtime,runtime,3,REDUCTION,2000000,5060ti,8.19605447049856e-06,8.19605447049856e-06,0.0
runtime,runtime,3,REDUCTION,4000000,5060ti,1.2284663100093362e-05,1.2284663100093362e-05,0.0
runtime,runtime,3,REDUCTION,8000000,5060ti,2.0500984348093484e-05,2.0500984348093484e-05,0.0
runtime,runtime,3,REDUCTION,16000000,3090,7.6907040525992e-05,7.6907040525992e-05,0.0
runtime,runtime,3,REDUCTION,32000000,3090,0.0001488180273768,0.0001488180273768,0.0
runtime,runtime,3,REDUCTION,64000000,3090,0.0002925818749634,0.0002925818749634,0.0
runtime,runtime,3,REDUCTION,128000000,3090,0.0005799773257971,0.0005799773257971,0.0
runtime,runtime,3,REDUCTION,256000000,3090,0.0011549157713625,0.0011549157713625,0.0
runtime,runtime,3,STREAM,1000000,5060ti,8.188328011135675e-06,8.188328011135675e-06,0.0
runtime,runtime,3,STREAM,2000000,5060ti,1.4329471693246788e-05,1.4329471693246788e-05,0.0
runtime,runtime,3,STREAM,4000000,3090,5.968340494092373e-05,5.968340494092373e-05,0.0
runtime,runtime,3,STREAM,8000000,3090,0.0001159728601252,0.0001159728601252,0.0
runtime,runtime,3,STREAM,16000000,3090,0.0002295168655346,0.0002295168655346,0.0
runtime,runtime,3,STREAM,32000000,3090,0.0004553024578971,0.0004553024578971,0.0
runtime,runtime,3,STREAM,64000000,3090,0.0009083574023614,0.0009083574023614,0.0
runtime,runtime,3,STREAM,128000000,3090,0.0018103218806509,0.0018103218806509,0.0
runtime,runtime,3,STREAM,256000000,3090,0.0036189025270758,0.0036189025270758,0.0
runtime,runtime,3,STRIDED_GEMM,64,3090,5.265313804667716e-06,5.265313804667716e-06,0.0
runtime,runtime,3,STRIDED_GEMM,128,3090,5.180780624707656e-06,5.180780624707656e-06,0.0
runtime,runtime,3,STRIDED_GEMM,256,3090,7.282969953831142e-06,7.282969953831142e-06,0.0
runtime,runtime,3,STRIDED_GEMM,512,3090,2.281510320678216e-05,2.281510320678216e-05,0.0
runtime,runtime,3,STRIDED_GEMM,1024,3090,0.0001225172497276,0.0001225172497276,0.0
runtime,runtime,3,STRIDED_GEMM,2048,3090,0.0007656031866464,0.0007656031866464,0.0
runtime,runtime,3,STRIDED_GEMM,4096,3090,0.0055629916666666,0.0055629916666666,0.0
runtime,runtime,3,STRIDED_GEMM,8192,3090,0.041721375,0.041721375,0.0
runtime,runtime,3,STRIDED_GEMM,16384,3090,0.333162875,0.333162875,0.0
runtime,runtime,4,AXPY,1000000,5060ti,8.18806852534185e-06,8.18806852534185e-06,0.0
runtime,runtime,4,AXPY,2000000,5060ti,1.432912736964278e-05,1.432912736964278e-05,0.0
runtime,runtime,4,AXPY,4000000,5060ti,2.6621059441117764e-05,2.6621059441117764e-05,0.0
runtime,runtime,4,AXPY,8000000,3090,0.000116457609455,0.000116457609455,0.0
runtime,runtime,4,AXPY,16000000,3090,0.0002304711519585,0.0002304711519585,0.0
runtime,runtime,4,AXPY,32000000,3090,0.0004567316458904,0.0004567316458904,0.0
runtime,runtime,4,AXPY,64000000,3090,0.0009130319256386,0.0009130319256386,0.0
runtime,runtime,4,AXPY,128000000,3090,0.0018174522708333,0.0018174522708333,0.0
runtime,runtime,4,AXPY,256000000,3090,0.0036274231938405,0.0036274231938405,0.0
runtime,runtime,4,CONV2D,1,3090,0.0003114451813407,0.0003114451813407,0.0
runtime,runtime,4,CONV2D,2,3090,0.0002885922603388,0.0002885922603388,0.0
runtime,runtime,4,CONV2D,3,3090,0.0002389634517627,0.0002389634517627,0.0
runtime,runtime,4,CONV2D,4,3090,0.0003069818856049,0.0003069818856049,0.0
runtime,runtime,4,CONV2D,5,3090,0.0004755983571768,0.0004755983571768,0.0
runtime,runtime,4,CONV2D,6,3090,0.0007364217845821,0.0007364217845821,0.0
runtime,runtime,4,GEMM,64,3090,5.215761141712569e-06,5.215761141712569e-06,0.0
runtime,runtime,4,GEMM,128,3090,5.161102740856931e-06,5.161102740856931e-06,0.0
runtime,runtime,4,GEMM,256,3090,7.1800376215160615e-06,7.1800376215160615e-06,0.0
runtime,runtime,4,GEMM,512,3090,2.2619119707171586e-05,2.2619119707171586e-05,0.0
runtime,runtime,4,GEMM,1024,3090,0.0001209204545454,0.0001209204545454,0.0
runtime,runtime,4,GEMM,2048,3090,0.0007529011278195,0.0007529011278195,0.0
runtime,runtime,4,GEMM,4096,3090,0.0055656583333333,0.0055656583333333,0.0
runtime,runtime,4,GEMM,8192,3090,0.0417307083333333,0.0417307083333333,0.0
runtime,runtime,4,GEMM,16384,3090,0.33249425,0.33249425,0.0
runtime,runtime,4,REDUCTION,1000000,3090,5.684419756909063e-06,5.684419756909063e-06,0.0
runtime,runtime,4,REDUCTION,2000000,5060ti,8.196145859799527e-06,8.196145859799527e-06,0.0
runtime,runtime,4,REDUCTION,4000000,5060ti,1.228461746965751e-05,1.228461746965751e-05,0.0
runtime,runtime,4,REDUCTION,8000000,5060ti,2.0508436181337272e-05,2.0508436181337272e-05,0.0
runtime,runtime,4,REDUCTION,16000000,3090,7.688619797032367e-05,7.688619797032367e-05,0.0
runtime,runtime,4,REDUCTION,32000000,3090,0.0001487566275472,0.0001487566275472,0.0
runtime,runtime,4,REDUCTION,64000000,3090,0.0002924945998538,0.0002924945998538,0.0
runtime,runtime,4,REDUCTION,128000000,3090,0.0005799999084057,0.0005799999084057,0.0
runtime,runtime,4,REDUCTION,256000000,3090,0.0011548805571593,0.0011548805571593,0.0
runtime,runtime,4,STREAM,1000000,5060ti,8.18810284123475e-06,8.18810284123475e-06,0.0
runtime,runtime,4,STREAM,2000000,5060ti,1.4329228101849862e-05,1.4329228101849862e-05,0.0
runtime,runtime,4,STREAM,4000000,3090,5.9670525059665874e-05,5.9670525059665874e-05,0.0
runtime,runtime,4,STREAM,8000000,3090,0.0001164227770018,0.0001164227770018,0.0
runtime,runtime,4,STREAM,16000000,3090,0.000229310522696,0.000229310522696,0.0
runtime,runtime,4,STREAM,32000000,3090,0.0004557578587699,0.0004557578587699,0.0
runtime,runtime,4,STREAM,64000000,3090,0.0009089736603088,0.0009089736603088,0.0
runtime,runtime,4,STREAM,128000000,3090,0.0018103182640144,0.0018103182640144,0.0
runtime,runtime,4,STREAM,256000000,3090,0.0036226823104693,0.0036226823104693,0.0
runtime,runtime,4,STRIDED_GEMM,64,3090,5.265390629524527e-06,5.265390629524527e-06,0.0
runtime,runtime,4,STRIDED_GEMM,128,3090,5.186626183838249e-06,5.186626183838249e-06,0.0
runtime,runtime,4,STRIDED_GEMM,256,3090,7.282658879559572e-06,7.282658879559572e-06,0.0
runtime,runtime,4,STRIDED_GEMM,512,3090,2.2847072797459968e-05,2.2847072797459968e-05,0.0
runtime,runtime,4,STRIDED_GEMM,1024,3090,0.0001221521401243,0.0001221521401243,0.0
runtime,runtime,4,STRIDED_GEMM,2048,3090,0.0007647087155963,0.0007647087155963,0.0
runtime,runtime,4,STRIDED_GEMM,4096,3090,0.0055562472222222,0.0055562472222222,0.0
runtime,runtime,4,STRIDED_GEMM,8192,3090,0.041805375,0.041805375,0.0
runtime,runtime,4,STRIDED_GEMM,16384,3090,0.33255825,0.33255825,0.0
runtime,runtime,5,AXPY,1000000,5060ti,8.188062994350283e-06,8.188062994350283e-06,0.0
runtime,runtime,5,AXPY,2000000,5060ti,1.4329117998538452e-05,1.4329117998538452e-05,0.0
runtime,runtime,5,AXPY,4000000,5060ti,2.6615661455145436e-05,2.6615661455145436e-05,0.0
runtime,runtime,5,AXPY,8000000,3090,0.0001163913953095,0.0001163913953095,0.0
runtime,runtime,5,AXPY,16000000,3090,0.000230460056682,0.000230460056682,0.0
runtime,runtime,5,AXPY,32000000,3090,0.0004571128379798,0.0004571128379798,0.0
runtime,runtime,5,AXPY,64000000,3090,0.0009122768090246,0.0009122768090246,0.0
runtime,runtime,5,AXPY,128000000,3090,0.0018180892105263,0.0018180892105263,0.0
runtime,runtime,5,AXPY,256000000,3090,0.003627064298913,0.003627064298913,0.0
runtime,runtime,5,CONV2D,1,3090,0.0003094766104454,0.0003094766104454,0.0
runtime,runtime,5,CONV2D,2,3090,0.0002878408996559,0.0002878408996559,0.0
runtime,runtime,5,CONV2D,3,3090,0.000237478404644,0.000237478404644,0.0
runtime,runtime,5,CONV2D,4,3090,0.0003064980460385,0.0003064980460385,0.0
runtime,runtime,5,CONV2D,5,3090,0.0004735562347373,0.0004735562347373,0.0
runtime,runtime,5,CONV2D,6,3090,0.0007449064265887,0.0007449064265887,0.0
runtime,runtime,5,GEMM,64,3090,5.215406725472023e-06,5.215406725472023e-06,0.0
runtime,runtime,5,GEMM,128,3090,5.160498668703173e-06,5.160498668703173e-06,0.0
runtime,runtime,5,GEMM,256,3090,7.2433070467004125e-06,7.2433070467004125e-06,0.0
runtime,runtime,5,GEMM,512,3090,2.2763509849990964e-05,2.2763509849990964e-05,0.0
runtime,runtime,5,GEMM,1024,3090,0.0001209120819195,0.0001209120819195,0.0
runtime,runtime,5,GEMM,2048,3090,0.0007522031602708,0.0007522031602708,0.0
runtime,runtime,5,GEMM,4096,3090,0.0055487361111111,0.0055487361111111,0.0
runtime,runtime,5,GEMM,8192,3090,0.0417390208333333,0.0417390208333333,0.0
runtime,runtime,5,GEMM,16384,3090,0.333069375,0.333069375,0.0
runtime,runtime,5,REDUCTION,1000000,3090,5.633382602035967e-06,5.633382602035967e-06,0.0
runtime,runtime,5,REDUCTION,2000000,5060ti,8.196122062764833e-06,8.196122062764833e-06,0.0
runtime,runtime,5,REDUCTION,4000000,5060ti,1.2284620804874453e-05,1.2284620804874453e-05,0.0
runtime,runtime,5,REDUCTION,8000000,5060ti,2.050957770692801e-05,2.050957770692801e-05,0.0
runtime,runtime,5,REDUCTION,16000000,3090,7.687676447075103e-05,7.687676447075103e-05,0.0
runtime,runtime,5,REDUCTION,32000000,3090,0.0001487201231226,0.0001487201231226,0.0
runtime,runtime,5,REDUCTION,64000000,3090,0.0002925279605147,0.0002925279605147,0.0
runtime,runtime,5,REDUCTION,128000000,3090,0.0005799756831884,0.0005799756831884,0.0
runtime,runtime,5,REDUCTION,256000000,3090,0.0011555575144341,0.0011555575144341,0.0
runtime,runtime,5,STREAM,1000000,5060ti,8.188082371243758e-06,8.188082371243758e-06,0.0
runtime,runtime,5,STREAM,2000000,5060ti,1.4329084812792848e-05,1.4329084812792848e-05,0.0
runtime,runtime,5,STREAM,4000000,3090,6.055664547381168e-05,6.055664547381168e-05,0.0
runtime,runtime,5,STREAM,8000000,3090,0.000116463029809,0.000116463029809,0.0
runtime,runtime,5,STREAM,16000000,3090,0.0002298289292279,0.0002298289292279,0.0
runtime,runtime,5,STREAM,32000000,3090,0.0004557906605922,0.0004557906605922,0.0
runtime,runtime,5,STREAM,64000000,3090,0.0009099363636363,0.0009099363636363,0.0
runtime,runtime,5,STREAM,128000000,3090,0.001811459312839,0.001811459312839,0.0
runtime,runtime,5,STREAM,256000000,3090,0.0036244438405797,0.0036244438405797,0.0
runtime,runtime,5,STRIDED_GEMM,64,3090,5.265276790649924e-06,5.265276790649924e-06,0.0
runtime,runtime,5,STRIDED_GEMM,128,3090,5.183225422148554e-06,5.183225422148554e-06,0.0
runtime,runtime,5,STRIDED_GEMM,256,3090,7.283292793055231e-06,7.283292793055231e-06,0.0
runtime,runtime,5,STRIDED_GEMM,512,3090,2.2875730590455152e-05,2.2875730590455152e-05,0.0
runtime,runtime,5,STRIDED_GEMM,1024,3090,0.000122197205156,0.000122197205156,0.0
runtime,runtime,5,STRIDED_GEMM,2048,3090,0.0007633897727272,0.0007633897727272,0.0
runtime,runtime,5,STRIDED_GEMM,4096,3090,0.0055470552486187,0.0055470552486187,0.0
runtime,runtime,5,STRIDED_GEMM,8192,3090,0.0417089166666666,0.0417089166666666,0.0
runtime,runtime,5,STRIDED_GEMM,16384,3090,0.332510375,0.332510375,0.0
