platform,platform_label,kind,campaign_id,problem_size,threads,n_rows,n_sessions,n_in_range,n_above,n_below,throttle_nonzero_rows,throttle_masks,median_batches,median_time_e2e_op_s,ci95_low_time_e2e_op_s,ci95_high_time_e2e_op_s,mad_session_time_e2e_op_s,cv_session_time_e2e_op_s,cv_all_rows_time_e2e_op_s,median_time_kernel_op_s,ci95_low_time_kernel_op_s,ci95_high_time_kernel_op_s,mad_session_time_kernel_op_s,cv_session_time_kernel_op_s,cv_all_rows_time_kernel_op_s,median_device_energy_op_j,ci95_low_device_energy_op_j,ci95_high_device_energy_op_j,mad_session_device_energy_op_j,cv_session_device_energy_op_j,cv_all_rows_device_energy_op_j,median_total_energy_op_j,ci95_low_total_energy_op_j,ci95_high_total_energy_op_j,mad_session_total_energy_op_j,cv_session_total_energy_op_j,cv_all_rows_total_energy_op_j,median_dram_energy_op_j,ci95_low_dram_energy_op_j,ci95_high_dram_energy_op_j,mad_session_dram_energy_op_j,cv_session_dram_energy_op_j,cv_all_rows_dram_energy_op_j,median_avg_power_w,ci95_low_avg_power_w,ci95_high_avg_power_w,mad_session_avg_power_w,cv_session_avg_power_w,cv_all_rows_avg_power_w,median_gflops_per_s,ci95_low_gflops_per_s,ci95_high_gflops_per_s,mad_session_gflops_per_s,cv_session_gflops_per_s,cv_all_rows_gflops_per_s,median_logical_bandwidth_gb_s,ci95_low_logical_bandwidth_gb_s,ci95_high_logical_bandwidth_gb_s,mad_session_logical_bandwidth_gb_s,cv_session_logical_bandwidth_gb_s,cv_all_rows_logical_bandwidth_gb_s,median_edp_device_j_s,ci95_low_edp_device_j_s,ci95_high_edp_device_j_s,mad_session_edp_device_j_s,cv_session_edp_device_j_s,cv_all_rows_edp_device_j_s,median_ed2p_device_j_s2,ci95_low_ed2p_device_j_s2,ci95_high_ed2p_device_j_s2,mad_session_ed2p_device_j_s2,cv_session_ed2p_device_j_s2,cv_all_rows_ed2p_device_j_s2,median_temp_c,ci95_low_temp_c,ci95_high_temp_c,mad_session_temp_c,cv_session_temp_c,cv_all_rows_temp_c,median_temp_before_c,ci95_low_temp_before_c,ci95_high_temp_before_c,mad_session_temp_before_c,cv_session_temp_before_c,cv_all_rows_temp_before_c,median_temp_after_c,ci95_low_temp_after_c,ci95_high_temp_after_c,mad_session_temp_after_c,cv_session_temp_after_c,cv_all_rows_temp_after_c,median_clock_before_mhz,ci95_low_clock_before_mhz,ci95_high_clock_before_mhz,mad_session_clock_before_mhz,cv_session_clock_before_mhz,cv_all_rows_clock_before_mhz,median_clock_after_mhz,ci95_low_clock_after_mhz,ci95_high_clock_after_mhz,mad_session_clock_after_mhz,cv_session_clock_after_mhz,cv_all_rows_clock_after_mhz,median_clock_after_before_ratio,ci95_low_clock_after_before_ratio,ci95_high_clock_after_before_ratio,mad_session_clock_after_before_ratio,cv_session_clock_after_before_ratio,cv_all_rows_clock_after_before_ratio,median_sm_clock_mhz,ci95_low_sm_clock_mhz,ci95_high_sm_clock_mhz,mad_session_sm_clock_mhz,cv_session_sm_clock_mhz,cv_all_rows_sm_clock_mhz,median_mem_clock_mhz,ci95_low_mem_clock_mhz,ci95_high_mem_clock_mhz,mad_session_mem_clock_mhz,cv_session_mem_clock_mhz,cv_all_rows_mem_clock_mhz,stability_time,stability_energy,dram_share_total
3090,RTX 3090,gpu,axpy_3090_20260727_133600,1000000,-1,50,5,50,0,0,50,0x4,78682.0,1.2711648954017437e-05,1.2696793542484658e-05,1.361253730647888e-05,1.4855411532779269e-08,0.037531042914496604,0.033782076893497784,1.2711443585562373e-05,1.2696564240710651e-05,1.361203258092569e-05,1.4879344851722215e-08,0.0375246130173805,0.03377591916834773,0.004409560001016751,0.004292107494378295,0.004623607246974881,0.00011745250663845568,0.03238858759159392,0.0492334200879474,0.004409560001016751,0.004292107494378295,0.004623607246974881,0.00011745250663845568,0.03238858759159392,0.0492334200879474,nan,nan,nan,nan,nan,nan,340.2395059430982,337.7121935838338,346.86702098444295,2.5273123592643856,0.012690438711883318,0.03554917916003156,157.33854197017297,146.92882860999373,157.52292999780934,0.1843880276363734,0.037016867060041564,0.033320606707223664,944.0160001000713,881.5402847236078,945.1205109710929,1.1045108710216027,0.03702310762867965,0.03332658559294435,5.605669743953358e-08,5.4549960729856013e-08,6.283145725585451e-08,1.5067367096775651e-09,0.06902415281531074,0.07694347365766913,7.126228845095305e-13,6.932953670227591e-13,8.543224141902593e-13,1.9327517486771472e-14,0.10696951849304766,0.10870617379223114,60.5,55.5,64.0,1.5,0.05194134334701048,0.048702129332956486,60.0,55.0,64.0,1.5,0.054681120549600615,0.05025718906829674,60.5,55.5,64.0,1.5,0.05194134334701048,0.048590553092045574,1950.0,1935.0,1965.0,15.0,0.006445762916287176,0.005244421832502854,1950.0,1935.0,1965.0,15.0,0.006445762916287176,0.005244421832502854,1.0,1.0,1.0,0.0,0.0,0.003821510248697599,1950.0,1935.0,1965.0,11.5,0.006052115551421233,0.004901234417064046,9501.0,9501.0,9501.0,0.0,0.0,0.0,stable,stable,nan
3090,RTX 3090,gpu,axpy_3090_20260727_133600,2000000,-1,50,5,50,0,0,50,0x4,32022.0,3.123123084129661e-05,3.116942993829085e-05,3.124808022434696e-05,1.6849383050345607e-08,0.0011305700271066282,0.0010199817320225525,3.122984078664424e-05,3.116898565512899e-05,3.1247390038079926e-05,1.7549251435684398e-08,0.0011249643800115726,0.001015131239183094,0.010995016092241353,0.0108703079133096,0.011022715910511186,6.213497188174016e-06,0.005438748264326343,0.015596532488222518,0.010995016092241353,0.0108703079133096,0.011022715910511186,6.213497188174016e-06,0.005438748264326343,0.015596532488222518,nan,nan,nan,nan,nan,nan,352.29136038167525,348.04636943418427,352.76415894679917,0.4641377775227511,0.005661534787694555,0.015757893957937245,128.08262544186823,128.01069129723498,128.33269726064174,0.07193414463324643,0.0011254764294413922,0.001015585765825877,768.4615481293124,768.0471833134995,769.9852081837689,0.4143648158128599,0.001131097092685654,0.0010204479176926346,3.4276680061274827e-07,3.3951114117720137e-07,3.4443195552341773e-07,8.141041735084292e-10,0.0054414868962585124,0.015501042493919905,1.0691709000528586e-11,1.0603914439590595e-11,1.0762626285335368e-11,4.477720254154044e-14,0.0056798355936306544,0.015472552834160167,64.0,61.0,65.0,1.0,0.02599948848916928,0.02553377652755831,64.0,60.5,65.0,1.0,0.02878906834324081,0.026723892422154706,64.0,61.0,65.0,1.0,0.02599948848916928,0.025987839999603322,1935.0,1935.0,1950.0,0.0,0.004232786379483509,0.004458548886792371,1935.0,1935.0,1950.0,0.0,0.004232786379483509,0.0046558683484548315,1.0,1.0,1.0,0.0,0.0,0.0024137816441573957,1935.0,1935.0,1950.0,0.0,0.004232786379483509,0.004381588022518162,9501.0,9501.0,9501.0,0.0,0.0,0.0,stable,stable,nan
3090,RTX 3090,gpu,axpy_3090_20260727_133600,4000000,-1,50,5,50,0,0,50,0x4,16775.0,5.962062718330849e-05,5.9502645109471675e-05,5.970121484001911e-05,5.693312101321161e-08,0.0012753223731191581,0.0011565503667278281,5.9619568143978206e-05,5.950087084763394e-05,5.970053868626228e-05,5.7725176112237105e-08,0.0012829454740982723,0.0011624300860823534,0.021108093621582995,0.02096590909090909,0.02116744269340974,5.934907182674615e-05,0.003790861124448744,0.00651864487249925,0.021108093621582995,0.02096590909090909,0.02116744269340974,5.934907182674615e-05,0.003790861124448744,0.00651864487249925,nan,nan,nan,nan,nan,nan,354.3684745942372,352.3728043919835,354.5617471743338,0.19327258009656134,0.0029475015922483918,0.006116485693442824,134.1841320045296,134.00214095292637,134.45181367212132,0.13004640912603804,0.0012832035005676686,0.00116267081649903,805.0904909771122,804.0037397671322,806.6868273470911,0.7695345612481788,0.0012755822636290784,0.0011567928806250024,1.257311666523025e-06,1.2474553645075542e-06,1.2637026808908055e-06,2.493197586007007e-09,0.004835338283171744,0.007088299469643565,7.489225027738468e-11,7.422262892186681e-11,7.544342931602806e-11,2.176782899848794e-13,0.005976153052211551,0.00778867748073351,62.0,60.0,64.0,1.5,0.027032634136803735,0.025248545277144374,62.0,60.0,64.0,2.0,0.028945863786405044,0.026004892403382534,62.0,60.0,64.0,1.5,0.027032634136803735,0.025248545277144374,1935.0,1935.0,1950.0,0.0,0.004232786379483509,0.0039002028747189606,1935.0,1935.0,1950.0,0.0,0.004232786379483509,0.0039002028747189606,1.0,1.0,1.0,0.0,0.0,0.0027021881541207157,1942.0,1935.0,1950.0,7.0,0.0038629183447907883,0.0036598031773069956,9501.0,9501.0,9501.0,0.0,0.0,0.0,stable,stable,nan
3090,RTX 3090,gpu,axpy_3090_20260727_133600,8000000,-1,50,5,50,0,0,50,0x4,8592.0,0.00011639139530959032,0.00011628784455295896,0.00011645760945505358,1.8121277535742284e-08,0.0005336499702735342,0.0004887826823428253,0.00011638954986629095,0.00011628358927650128,0.00011645589898673112,1.7114328751459363e-08,0.0005414401117145057,0.0004953573122039103,0.04114905243576328,0.0410434554973822,0.04128890699569317,0.00010559693838108064,0.0026427781952069592,0.005550815024272676,0.04114905243576328,0.0410434554973822,0.04128890699569317,0.00010559693838108064,0.0026427781952069592,0.005550815024272676,nan,nan,nan,nan,nan,nan,353.8470836033578,352.6838264790429,354.6797912438219,0.6533718623696814,0.002394263616835989,0.005474910917945362,137.46938637527973,137.39106511405572,137.59465202597656,0.02021098304157931,0.0005415948256030244,0.0004955044676414049,824.8032403827119,824.33428312066,825.5377025052719,0.12839558991959166,0.0005337980145350358,0.0004889244078814315,4.7852436751218115e-06,4.776417609226518e-06,4.807627615676501e-06,8.826065895293311e-09,0.0029633419876725,0.005668183633856349,5.567842721094313e-10,5.558539090546697e-10,5.598755482057025e-10,9.30363054761631e-13,0.0033351879571995855,0.0058244748494440095,63.0,55.0,63.0,0.0,0.07327392073647707,0.06685331031322864,63.0,55.0,63.0,0.0,0.07327392073647707,0.06941224115067621,63.0,55.0,63.0,0.0,0.07327392073647707,0.06657150148017255,1935.0,1920.0,1980.0,15.0,0.012068215761371263,0.011482931358208272,1935.0,1920.0,1980.0,15.0,0.013242532025688257,0.011685830105845516,1.0,1.0,1.0,0.0,0.0,0.003313127997126035,1935.0,1920.0,1976.0,15.0,0.011886727470944441,0.01147603685935598,9501.0,9501.0,9501.0,0.0,0.0,0.0,stable,stable,nan
3090,RTX 3090,gpu,axpy_3090_20260727_133600,16000000,-1,50,5,50,0,0,50,0x4,4340.0,0.00023046005668202763,0.0002299871108555658,0.00023049975190135975,3.969521933212621e-08,0.0009475920324535947,0.0008631843205531977,0.00023045768913585468,0.0002299831499171674,0.00023049228349075968,3.4594354904993836e-08,0.0009471306604795442,0.0008622814314381621,0.08136774861878454,0.0806471198156682,0.08154746543778801,0.00017971681900347258,0.005021841537230593,0.007112619116664885,0.08136774861878454,0.0806471198156682,0.08154746543778801,0.00017971681900347258,0.005021841537230593,0.007112619116664885,nan,nan,nan,nan,nan,nan,353.37541172914825,349.9345606653311,353.8163449975533,0.4409332684050469,0.004718185984541402,0.006963754693296027,138.85412163971455,138.83328117857235,139.14062839980485,0.02084046114219973,0.0009478283895887221,0.0008629246258717059,833.1161710390186,832.9726970850077,834.829392352693,0.1434739540109149,0.0009482935087389619,0.0008638312992548315,1.8735628754381957e-05,1.8586212014446128e-05,1.87950308552499e-05,5.9402100867943025e-08,0.00547396846251069,0.007359884589282032,4.314040775367858e-09,4.275582144850845e-09,4.3318720337812084e-09,1.7831258413350496e-11,0.006040992224653633,0.007695855187312536,64.0,62.0,65.0,1.0,0.019136638615493577,0.01871906270097269,64.0,62.0,65.0,1.0,0.019136638615493577,0.018999734380292368,64.0,62.0,65.0,1.0,0.019136638615493577,0.01837429410057853,1920.0,1905.0,1942.5,15.0,0.007596877899305505,0.007404598913152662,1920.0,1905.0,1935.0,15.0,0.006526209255336002,0.006760877471806634,1.0,1.0,1.0,0.0,0.0,0.004877648427690801,1923.5,1908.5,1942.0,7.5,0.006490908571220675,0.006624539606599014,9501.0,9501.0,9501.0,0.0,0.0,0.0,stable,stable,nan
3090,RTX 3090,gpu,axpy_3090_20260727_133600,32000000,-1,50,5,50,0,0,50,0x4,2188.0,0.00045713873606032906,0.00045673164589041097,0.0004572038971663619,2.5898080438751907e-08,0.0004205211214821959,0.0003857801674922127,0.00045712567596156587,0.00045672667342233874,0.000457194940263654,2.503613013459709e-08,0.0004154252789868252,0.00038127170302499795,0.1609741773308958,0.15983515981735158,0.16213642595978062,0.0006739031078610569,0.005410123210403051,0.006862261576085089,0.1609741773308958,0.15983515981735158,0.16213642595978062,0.0006739031078610569,0.005410123210403051,0.006862261576085089,nan,nan,nan,nan,nan,nan,352.1123385659202,349.9545368868273,354.6835196638798,1.450167824740447,0.005160580045175031,0.006706175732562615,140.00526194389568,139.98405136844718,140.12757240660636,0.007667472435116451,0.0004156396971132041,0.00038146291532627794,840.0075726148293,839.8878539777893,840.7562809699507,0.04759121959295953,0.00042074031847358107,0.00038597566359900934,7.359209818081781e-05,7.30017063290901e-05,7.411740105387278e-05,3.1308456744993463e-07,0.005678532228385669,0.007035851548726978,3.3643886300735544e-08,3.334215786121108e-08,3.3881276937884384e-08,1.454167798830001e-10,0.005963213792059322,0.007225653016288507,65.0,54.5,65.0,0.0,0.0728834686331544,0.06626600692262502,65.0,54.0,65.0,0.0,0.07652138709175206,0.06885963854028843,65.0,54.5,65.0,0.0,0.0728834686331544,0.06614730954549758,1935.0,1905.0,1980.0,15.0,0.01450254801075171,0.013289465397437807,1935.0,1905.0,1980.0,15.0,0.01450254801075171,0.013103166739977001,1.0,1.0,1.0,0.0,0.0,0.003516691141123112,1931.0,1908.5,1980.0,11.0,0.014078554295914272,0.013112531228057289,9501.0,9501.0,9501.0,0.0,0.0,0.0,stable,stable,nan
3090,RTX 3090,gpu,axpy_3090_20260727_133600,64000000,-1,50,5,50,0,0,50,0x4,1097.0,0.0009122411909753875,0.0009120088422727272,0.0009130319256386861,1.0065314494074953e-07,0.0004391066508455682,0.000407645999760412,0.0009122206514927073,0.0009119752918590199,0.0009130202523113167,1.078269214334045e-07,0.000447025266819842,0.00041436813939103065,0.3225813636363637,0.31974589416058397,0.3237019143117593,0.0004168132095797583,0.004671094086878514,0.02656054576199964,0.3225813636363637,0.31974589416058397,0.3237019143117593,0.0004168132095797583,0.004671094086878514,0.02656054576199964,nan,nan,nan,nan,nan,nan,353.70408958061944,350.18218792051925,354.85473223763483,0.41085766732771845,0.005094461946234202,0.026652361222506176,140.3169285771873,140.19404244011193,140.35467971898487,0.016587795046945075,0.0004468075141241605,0.000414173440862564,841.8826157035865,841.1535001572097,842.0970986304819,0.09290029169414993,0.00043889232551422465,0.00040745396648322006,0.00029419141419006285,0.0002919569519194425,0.00029528401332745393,4.2428350109451583e-07,0.0042525684971957385,0.026474505107803158,2.683816783983905e-07,2.665831323790549e-07,2.6936092991765427e-07,3.4556388532531983e-10,0.0038457786640536396,0.026394304490020927,58.5,58.0,65.0,0.5,0.051649789394353024,0.04646257755988586,58.0,58.0,65.0,0.0,0.05305222399558575,0.047416352486127224,58.5,58.0,65.0,0.5,0.051649789394353024,0.04596922035520554,1965.0,1905.0,1965.0,0.0,0.013323467750529826,0.011515682144252328,1965.0,1905.0,1965.0,0.0,0.013323467750529826,0.01119627204552943,1.0,1.0,1.0,0.0,0.0,0.0035191890484480752,1961.0,1908.5,1965.0,4.0,0.012279441985272014,0.011278742737224016,9501.0,9501.0,9501.0,0.0,0.0,0.0,stable,stable,nan
3090,RTX 3090,gpu,axpy_3090_20260727_133600,128000000,-1,50,5,50,0,0,50,0x4,551.0,0.001817880112522686,0.0018174522708333334,0.0018180892105263157,1.873865698729174e-07,0.00013622042967060733,0.00018790676131232484,0.0018174190797667572,0.001817220919794266,0.0018178990176099118,1.9815997249128178e-07,0.00016602969301359287,0.00016895632385184066,0.6394210526315789,0.6371283905967451,0.6417862318840579,0.0018729582577131643,0.002926134388747937,0.025462289165608096,0.6394210526315789,0.6371283905967451,0.6417862318840579,0.0018729582577131643,0.002926134388747937,0.025462289165608096,nan,nan,nan,nan,nan,nan,351.7795653931447,350.4493885357488,353.07777409294476,1.0820359104448016,0.0029913094259943263,0.02549771588082677,140.8590913199518,140.82190357084787,140.8744513771349,0.015360057183102072,0.00016602250129437368,0.00016895094574629444,844.940207808703,844.8430314178811,845.1391133672794,0.08710522600529202,0.0001362281712029372,0.00018792883005188068,0.0011621475679723058,0.0011583201437466622,0.0011665689479760585,3.1215162712703356e-06,0.00286028341110043,0.025428211164451837,2.112202918427371e-06,2.1058637084959963e-06,2.120461678530672e-06,5.500060387603119e-09,0.002833610723510986,0.025395486814227604,65.0,58.0,65.0,0.0,0.04810079079487983,0.042154817342777894,64.5,58.0,65.0,0.5,0.04726153333855163,0.043075854440195224,65.0,58.0,65.0,0.0,0.04810079079487983,0.04190558184426736,1935.0,1935.0,1965.0,0.0,0.006912111213291468,0.007626626953023194,1935.0,1935.0,1965.0,0.0,0.006912111213291468,0.007660552001631479,1.0,1.0,1.0,0.0,0.0,0.0032885781757244995,1935.0,1935.0,1965.0,0.0,0.006912111213291468,0.007480285534249998,9501.0,9501.0,9501.0,0.0,0.0,0.0,stable,stable,nan
3090,RTX 3090,gpu,axpy_3090_20260727_133600,256000000,-1,50,5,50,0,0,50,0x4,276.0,0.0036270642989130433,0.003625491485507246,0.0036274377717391308,3.7347282608743773e-07,0.00022935224863246167,0.0002645701120127385,0.0036262870265258347,0.003625369528065557,0.003626792686572973,3.573844229881086e-07,0.00015276276854609742,0.00021481549229295004,1.2767771739130436,1.2690595667870035,1.2789148550724638,0.002137681159420257,0.003408658270751585,0.020279583721332466,1.2767771739130436,1.2690595667870035,1.2789148550724638,0.002137681159420257,0.003408658270751585,0.020279583721332466,nan,nan,nan,nan,nan,nan,351.9893685903122,349.98701421702754,352.64546144613604,0.6560928558238288,0.0033319092602919153,0.020257704462879087,141.19125053935943,141.1715651408389,141.22698280912306,0.013913409136364407,0.00015277980787518867,0.00021482670498428107,846.965961134703,846.8787596738744,847.3333925511711,0.08720146082862357,0.00022938479737013206,0.00026461689408330274,0.004631336092562954,0.00460163411403253,0.004639367573607212,8.031481044258604e-06,0.0034963496976456467,0.020304873787118052,1.6799543758066466e-05,1.668561277506465e-05,1.682968327848813e-05,3.013952042166246e-08,0.0036147285995847796,0.020333560099272226,63.5,62.0,64.0,0.5,0.013217377986320309,0.015498400958644484,63.0,62.0,64.0,1.0,0.013238291559083473,0.015506462728589963,63.5,62.0,64.0,0.5,0.013217377986320309,0.015114280502160658,1935.0,1927.5,1942.5,7.5,0.0032403564157012996,0.005385596998803152,1935.0,1927.5,1942.5,0.0,0.0027407239580873937,0.005183198968523438,1.0,1.0,1.0,0.0,0.0,0.004414437497055308,1935.0,1927.0,1942.0,7.0,0.0034389916900472743,0.004795065069092733,9501.0,9501.0,9501.0,0.0,0.0,0.0,stable,stable,nan
5060ti,RTX 5060 Ti,gpu,axpy_5060ti_20260727_141707,1000000,-1,50,5,50,0,0,0,0x0,122130.0,8.188072942765906e-06,8.188062994350283e-06,8.188087509211496e-06,4.417424056280266e-12,1.1130186153050336e-06,4.006287298488454e-06,8.188041625166959e-06,8.188040375777859e-06,8.188043874067336e-06,7.496334604358825e-13,1.5915933005107962e-07,1.4809004842091974e-06,0.0011103864734299516,0.0010727175960042576,0.001116310488823385,4.2454761319905485e-06,0.016042151220145365,0.01408930021784195,0.0011103864734299516,0.0010727175960042576,0.001116310488823385,4.2454761319905485e-06,0.016042151220145365,0.01408930021784195,nan,nan,nan,nan,nan,nan,135.61022073174252,131.00983275281382,136.33388015391589,0.5187090930538147,0.01604206600287407,0.014089355863178743,244.2586507929753,244.2585837057228,244.25868806368806,2.236242113440312e-05,1.591593192238579e-07,1.4808920531093805e-06,1465.5462993404522,1465.5436921625803,1465.548079964696,0.0007906553155407892,1.113017926348385e-06,4.006229113366637e-06,9.091926211190982e-09,8.783486068172133e-09,9.140421339510555e-09,3.474792469797596e-11,0.016042236504649313,0.014089245718761294,7.444536132938078e-14,7.191979305382613e-14,7.484235174735487e-14,2.844010958172002e-16,0.01604232185638491,0.014089192366000288,67.0,58.5,68.0,1.0,0.06130816326887258,0.05772510476713651,67.0,58.0,68.0,1.0,0.06351130582948766,0.06014075850181661,67.0,58.5,68.0,1.0,0.06130816326887258,0.05772510476713651,2752.0,2752.0,2767.0,0.0,0.0024349197577130197,0.0024256887890118576,2752.0,2748.5,2767.0,0.0,0.0026356884018271846,0.0023894795545923715,1.0,1.0,1.0,0.0,0.0,0.0012848471641949137,2752.0,2750.0,2767.0,2.0,0.0024884408712889453,0.0023231254243975753,13801.0,13801.0,13801.0,0.0,0.0,0.0,stable,stable,nan
5060ti,RTX 5060 Ti,gpu,axpy_5060ti_20260727_141707,2000000,-1,50,5,50,0,0,0,0x0,69789.0,1.4329123006490994e-05,1.432911731791543e-05,1.4329162604421902e-05,5.007952541969795e-12,1.3163702583744075e-06,2.164903127128658e-06,1.4329077116603262e-05,1.4329069682783775e-05,1.4329082801288752e-05,5.247401991753469e-12,3.665878524252788e-07,1.2533691106923814e-06,0.002028944389516973,0.001970797690180401,0.002037355457163737,8.411067646763894e-06,0.013988875972178919,0.012859454821395703,0.002028944389516973,0.001970797690180401,0.002037355457163737,8.411067646763894e-06,0.013988875972178919,0.012859454821395703,nan,nan,nan,nan,nan,nan,141.59515983147844,137.5375851484676,142.18296175966333,0.5878019281848879,0.013989665984620155,0.012860506021484407,279.1526605272555,279.1525497808028,279.1528053496705,0.00010222757100564195,3.665878478466538e-07,1.2533650775121197e-06,1674.9105991433094,1674.9059706108546,1674.9112640729982,0.0005853725815541111,1.316368193768165e-06,2.1648938070191293e-06,2.9073135979716402e-08,2.8239870079355584e-08,2.9193492718573128e-08,1.2035673885672652e-10,0.013988086419134061,0.012858403898456383,4.165945799610595e-13,4.0465354007290917e-13,4.183168008866021e-13,1.7222209255426018e-15,0.01398729732557053,0.012857353252739205,69.0,64.5,70.0,1.0,0.032208039056435184,0.0327571465444052,68.5,64.0,70.0,0.5,0.033905344427750624,0.03551609377599192,69.0,64.5,70.0,1.0,0.032208039056435184,0.0327571465444052,2752.0,2752.0,2760.0,0.0,0.001590367472430796,0.0014615846075186915,2752.0,2752.0,2760.0,0.0,0.001590367472430796,0.0014369095798646735,1.0,1.0,1.0,0.0,0.0,0.0006954772931005125,2752.0,2752.0,2760.0,0.0,0.001590367472430796,0.001406838678076543,13801.0,13801.0,13801.0,0.0,0.0,0.0,stable,stable,nan
5060ti,RTX 5060 Ti,gpu,axpy_5060ti_20260727_141707,4000000,-1,50,5,50,0,0,0,0x0,37578.0,2.6613832286649458e-05,2.6612768974966082e-05,2.6621059441117764e-05,1.0633116833754658e-09,0.00012605473219468667,0.00011112006690822139,2.661370917662624e-05,2.6612627937247683e-05,2.6620978420762642e-05,1.0812393785586134e-09,0.00012696063106859467,0.00011135923512387592,0.004748283570174037,0.004747318981345965,0.004770677591848679,9.645888280722381e-07,0.002080184842270815,0.013927672408361909,0.004748283570174037,0.004747318981345965,0.004770677591848679,9.645888280722381e-07,0.002080184842270815,0.013927672408361909,nan,nan,nan,nan,nan,nan,178.41827965623884,178.34904015394585,179.25711842075572,0.06923950229298725,0.002125929133763376,0.013936722659476986,300.59695749771004,300.51487490914235,300.6091701605037,0.01221266279367228,0.00012694415225160258,0.00011134635333632796,1803.5734019928589,1803.0837618115465,1803.6454622665851,0.07206027372626522,0.0001260383147638994,0.00011110713905081111,1.2640514851843727e-07,1.2634082900067145e-07,1.2696491461067847e-07,6.431951776581533e-11,0.0020441235128040277,0.013919500152610925,3.3652067937544117e-12,3.36231989788294e-12,3.3789937102092946e-12,2.8868958714717174e-15,0.0020182696807907624,0.013912207749440183,70.5,68.5,71.5,0.5,0.016373918112690383,0.02128911243469023,70.0,68.0,71.0,1.0,0.017811015161643393,0.023495962636270663,70.5,68.5,71.5,0.5,0.016373918112690383,0.02128911243469023,2711.0,2707.0,2729.5,4.0,0.0034378786799213815,0.004855575109135051,2707.0,2707.0,2722.0,0.0,0.0023963968966964314,0.0039301994518957765,1.0,1.0,1.0,0.0,0.0,0.001769834806455483,2709.0,2707.0,2725.5,2.0,0.0028665559882645967,0.0043248690881948285,13801.0,13801.0,13801.0,0.0,0.0,0.0,stable,stable,nan
5060ti,RTX 5060 Ti,gpu,axpy_5060ti_20260727_141707,8000000,-1,50,5,50,0,0,0,0x0,4114.0,0.00024306429559824903,0.00024185449519346312,0.00024363278623629718,4.437113558247588e-07,0.0027378232353907966,0.002476884345401215,0.0002430634183178616,0.00024185190931933057,0.00024363181036369521,4.443516748691822e-07,0.0027403479514557434,0.00247792791412923,0.023067051189617882,0.02297909577053962,0.023366747868453108,8.795541907826235e-05,0.006988371639092563,0.01574525218529934,0.023067051189617882,0.02297909577053962,0.023366747868453108,8.795541907826235e-05,0.006988371639092563,0.01574525218529934,nan,nan,nan,nan,nan,nan,95.36831324599747,94.52705864874454,95.93940253294048,0.5337827828120822,0.0065957767921539295,0.01615454131796151,65.82644196722474,65.67286917574101,66.15618643213043,0.12056241371448095,0.0027437268682732794,0.002480788040263306,394.9572262977706,394.0356367477471,396.932874558097,0.7223249191867467,0.0027411906567639203,0.002479742819781384,5.602463981214763e-06,5.579304492533408e-06,5.691143489520994e-06,2.3159488681355472e-08,0.008230052592250913,0.015727164116977197,1.3613820225361953e-09,1.3494849788065041e-09,1.386119900403142e-09,6.720538290182395e-12,0.010059853779940314,0.016100280118862782,54.0,48.0,54.0,0.0,0.061012805785638315,0.056206374287821916,54.0,48.0,54.0,0.0,0.0636886694773449,0.05954238085467456,54.0,48.0,54.0,0.0,0.061012805785638315,0.056206374287821916,2790.0,2790.0,2797.0,0.0,0.0013728365448783166,0.0012403686676946985,2790.0,2790.0,2797.0,0.0,0.0013728365448783166,0.0012403686676946985,1.0,1.0,1.0,0.0,0.0,0.0,2790.0,2790.0,2797.0,0.0,0.0013728365448783166,0.0012403686676946985,13801.0,13801.0,13801.0,0.0,0.0,0.0,stable,stable,nan
5060ti,RTX 5060 Ti,gpu,axpy_5060ti_20260727_141707,16000000,-1,50,5,50,0,0,0,0x0,2063.0,0.0004852657011633544,0.0004852444304411052,0.0004853435885492479,2.1270722249202602e-08,8.327543912175441e-05,0.000446322205148376,0.00048526341211316195,0.00048524151874640236,0.000485341538045662,2.1893366759589104e-08,8.348850629357003e-05,0.0004470826662271175,0.04634980620155039,0.046175230247212797,0.04677653902084343,0.0001438861807882899,0.004995723773266278,0.005888273772337739,0.04634980620155039,0.046175230247212797,0.04677653902084343,0.0001438861807882899,0.004995723773266278,0.005888273772337739,nan,nan,nan,nan,nan,nan,95.50853360123187,95.15870213960564,96.38942039833341,0.2649638200978899,0.0049657646137658586,0.0059003383003734125,65.94356632400846,65.93295131686241,65.94654159980931,0.002975275800849886,8.348387062529308e-05,0.000447458447925779,395.65953156665194,395.5960365602307,395.6768753380233,0.01734377137137244,8.327081402770518e-05,0.00044669647599687896,2.2493325606295022e-05,2.2406273315808925e-05,2.270004943908003e-05,7.252284767217922e-08,0.005011918969381022,0.005910037179942391,1.0915896754348251e-08,1.0871885052484245e-08,1.1010958405228495e-08,3.6503252291803387e-11,0.004870017752221491,0.005965174378659189,54.0,54.0,57.0,0.0,0.024572175576920766,0.02343217347208979,54.0,54.0,57.0,0.0,0.024572175576920766,0.02343217347208979,54.0,54.0,56.5,0.0,0.020514385114676972,0.020931449502878074,2790.0,2790.0,2790.0,0.0,0.0,0.0007604116369357431,2790.0,2790.0,2790.0,0.0,0.0,0.0,1.0,1.0,1.0,0.0,0.0,0.0007643571302416391,2790.0,2790.0,2790.0,0.0,0.0,0.00040553252154190776,13801.0,13801.0,13801.0,0.0,0.0,0.0,stable,stable,nan
5060ti,RTX 5060 Ti,gpu,axpy_5060ti_20260727_141707,32000000,-1,50,5,50,0,0,0,0x0,1031.0,0.0009699435426770125,0.0009697467596899226,0.0009708095193986421,1.967829870899284e-07,0.0004259087178584913,0.0004758318702930239,0.0009699384983480844,0.0009697414664335028,0.0009708061625261427,1.9703191458161212e-07,0.00042665888479254886,0.00047686286361964383,0.09262997090203685,0.09031443798449612,0.09347478176527643,0.00023375363724538467,0.013029198281157103,0.01818309799329209,0.09262997090203685,0.09031443798449612,0.09347478176527643,0.00023375363724538467,0.013029198281157103,0.01818309799329209,nan,nan,nan,nan,nan,nan,95.42232787373902,93.16409582313395,96.36429809323495,0.3177633009820937,0.01274103290588095,0.018038853119466656,65.98356505340067,65.92459182038566,65.99697158249072,0.013406529090048025,0.0004264916042724315,0.0004768351028050069,395.89933137854814,395.54618319511064,395.97966807663636,0.08033669808821742,0.0004257418832998334,0.00047580281447623916,8.992119720596287e-05,8.757992467493646e-05,9.067190865853544e-05,1.5257683365898502e-07,0.013193306728896868,0.018338466887695835,8.729163606981896e-08,8.494051052436847e-08,8.795308074114363e-08,2.153627414494518e-10,0.013302474957275665,0.018504682056317674,54.0,47.5,57.0,1.0,0.06674232176208271,0.061986248096296916,54.0,47.0,57.0,1.0,0.07081524494827354,0.06407994152641293,54.0,47.5,57.0,1.0,0.06674232176208271,0.06053348581586282,2790.0,2790.0,2797.0,0.0,0.0011214785299490239,0.0010132647147475067,2790.0,2790.0,2797.0,0.0,0.0011214785299490239,0.0010132647147475067,1.0,1.0,1.0,0.0,0.0,0.0,2790.0,2790.0,2797.0,0.0,0.0011214785299490239,0.0010132647147475067,13801.0,13801.0,13801.0,0.0,0.0,0.0,stable,stable,nan
5060ti,RTX 5060 Ti,gpu,axpy_5060ti_20260727_141707,64000000,-1,50,5,50,0,0,0,0x0,516.0,0.00193949921996124,0.001939163088974855,0.0019400951856866537,3.3613098638501926e-07,0.0001883737090622731,0.00039689297278303325,0.0019394857717114826,0.001939154147179491,0.0019400883274336618,3.316245319915593e-07,0.000189341777220699,0.00041354182255262293,0.18314341085271318,0.18240715667311413,0.1854641472868217,0.0007362541795990496,0.008161524378957062,0.021241254557857754,0.18314341085271318,0.18240715667311413,0.1854641472868217,0.0007362541795990496,0.008161524378957062,0.021241254557857754,nan,nan,nan,nan,nan,nan,94.40744171344323,94.01709335853457,95.60549672897065,0.39034835490866726,0.008205898304429828,0.021250727956804966,65.99687649895489,65.97637756553834,66.00816156490623,0.011285065951341267,0.0001893420904694587,0.0004137403169220937,395.9785129333301,395.85686603224747,396.0471431435383,0.06863021020819815,0.00018837445647997087,0.00039708059185169354,0.0003552845871292797,0.00035377827065632706,0.0003596749984381911,1.50631647295263e-06,0.008050246055744737,0.02123917913355151,6.892250847408115e-07,6.858103675322438e-07,6.974862595341561e-07,3.414717208567636e-09,0.007941541292781252,0.021244493312465824,52.0,51.0,55.0,1.0,0.03529865459220699,0.03692197691918508,51.5,51.0,55.0,0.5,0.03823225234504991,0.040166130483990786,52.0,51.0,55.0,1.0,0.03529865459220699,0.0346435970000098,2790.0,2790.0,2797.0,0.0,0.0011211973670354593,0.0011995598181081533,2790.0,2790.0,2797.0,0.0,0.0011214785299490239,0.0011371586889774598,1.0,1.0,1.0,0.0,0.0,0.0006004782850390993,2790.0,2790.0,2797.0,0.0,0.0010864885831646024,0.00112563198021993,13801.0,13801.0,13801.0,0.0,0.0,0.0,stable,stable,nan
5060ti,RTX 5060 Ti,gpu,axpy_5060ti_20260727_141707,128000000,-1,50,5,50,0,0,0,0x0,259.0,0.003881080293436294,0.0038795916216216217,0.00388178571124031,5.460231660234932e-07,0.00021669462365112382,0.0003637517955077311,0.003881057798172056,0.0038795761049484193,0.0038813042953667956,2.464971947395596e-07,0.00018393085158814262,0.0003478114942966219,0.36802702702702705,0.36461434108527135,0.3707046332046332,0.0012702702702702684,0.00607599639285983,0.016008854684923447,0.36802702702702705,0.36461434108527135,0.3707046332046332,0.0012702702702702684,0.00607599639285983,0.016008854684923447,nan,nan,nan,nan,nan,nan,94.91868359010752,93.92480951217125,95.53373445020017,0.3955881974571298,0.006256921643964738,0.016015462611969043,65.96139867760091,65.95720957729665,65.98659060851757,0.004189100304259341,0.00018395873335429227,0.00034798713976981726,395.766098116481,395.6941764218885,395.91796014945,0.05568647404697913,0.0002167177555280399,0.0003639400893873294,0.0014276702824456255,0.0014154260059345892,0.0014384698284953638,4.626307619907391e-06,0.005945677917005647,0.01601049495763774,5.53841186496148e-06,5.494512572438177e-06,5.583767420305172e-06,1.689342409728816e-08,0.00595928139645148,0.0160203681430937,55.0,51.5,56.5,1.0,0.03401977118257674,0.03659606803131794,55.0,51.0,56.5,1.0,0.03774199177149024,0.03718647410662453,55.0,51.0,56.0,1.0,0.035489638490168535,0.03301560105909053,2790.0,2790.0,2790.0,0.0,0.0,0.0007604116369357431,2790.0,2790.0,2790.0,0.0,0.0,0.0,1.0,1.0,1.0,0.0,0.0,0.0007643571302416391,2790.0,2790.0,2790.0,0.0,0.0,0.00040553252154190776,13801.0,13801.0,13801.0,0.0,0.0,0.0,stable,stable,nan
5060ti,RTX 5060 Ti,gpu,axpy_5060ti_20260727_141707,256000000,-1,50,5,50,0,0,0,0x0,129.0,0.007765560527131782,0.0077639238798449615,0.0077675147423076915,5.528449612407504e-07,0.0001695642805384035,0.0002622443575815927,0.007765537468961968,0.007763499651768411,0.007767469435471755,5.500261173680202e-07,0.00018632560032589155,0.00031087739902270175,0.7406666666666666,0.7298769230769231,0.7448449612403101,0.004178294573643493,0.007915391095724724,0.019463098910435822,0.7406666666666666,0.7298769230769231,0.7448449612403101,0.004178294573643493,0.007915391095724724,0.019463098910435822,nan,nan,nan,nan,nan,nan,95.37406922398324,93.96982136736997,95.91507841512514,0.5410091911418959,0.007977372570659558,0.019420438781378353,65.93233270030969,65.91593367383723,65.9496430442486,0.004669594945497124,0.00018635038229523153,0.0003109808943897423,395.59282157028434,395.4932951701037,395.67622822160956,0.02816097884527835,0.00016957279808980173,0.0002623019590435164,0.005752184693121536,0.005669057591985799,0.00578422120869509,3.203651557355351e-05,0.007860397593041807,0.019509190685647847,4.467276608328182e-05,4.403237498162041e-05,4.491836235407034e-05,2.455962707885174e-07,0.00780464577259547,0.019558687535883613,55.5,54.0,57.0,0.5,0.02014475655405216,0.027672994897916258,55.5,54.0,57.0,0.5,0.02014475655405216,0.027672994897916258,55.0,54.0,57.0,0.5,0.020853015277574886,0.023011454180024725,2790.0,2790.0,2790.0,0.0,0.0,0.0012901900477686093,2790.0,2790.0,2790.0,0.0,0.0,0.0007604116369357431,1.0,1.0,1.0,0.0,0.0,0.0010697614770976836,2790.0,2790.0,2790.0,0.0,0.0,0.0009356737215962055,13801.0,13801.0,13801.0,0.0,0.0,0.0,stable,stable,nan
amd,AMD Threadripper 3970X,cpu,axpy_amd_20260725_215406,1000000,1,50,5,50,0,0,0,-1,11619.0,8.593148480936397e-05,8.381634120691094e-05,8.925244028918244e-05,1.994233378628402e-06,0.027247784049063313,0.02500459420160739,8.593148480936397e-05,8.381634120691094e-05,8.925244028918244e-05,1.994233378628402e-06,0.027247784049063313,0.02500459420160739,0.006693855581375334,0.006484264728160242,0.006929746072831132,0.00020920367418895535,0.02879632620007391,0.0261031730430446,0.006693855581375334,0.006484264728160242,0.006929746072831132,0.00020920367418895535,0.02879632620007391,0.0261031730430446,nan,nan,nan,nan,nan,nan,77.43731390484476,77.17758510427987,77.89453651831062,0.20823859543864387,0.003814016826024845,0.005295933637280653,23.274362945650825,22.40835139741101,23.8617043024668,0.5529601497747798,0.02708288729430143,0.024854019501271456,139.64617767390496,134.45010838446606,143.1702258148008,3.3177608986486575,0.027082887294301417,0.02485401950127144,5.750690679712594e-07,5.435199037373393e-07,6.183515668234102e-07,3.059062744587111e-08,0.05597995837069031,0.05093766764663074,4.946772606202905e-11,4.555587573658385e-11,5.517647327956001e-11,3.765700245968685e-12,0.08335832723256308,0.07606226438845261,72.0,71.0,72.5,0.0,0.007617838073785342,0.01951806348538496,72.0,71.0,72.5,0.0,0.007617838073785342,0.01951806348538496,70.0,69.0,72.0,1.0,0.017496355305594128,0.015131109482005342,1862.0,1832.0,1882.5,5.0,0.009836872455143907,0.015420030145835796,1793.0,1793.0,1823.0,0.0,0.007457703093384513,0.009143111025660965,0.9732763228220203,0.960368628956302,0.9787117903930131,0.0031609390783358116,0.007323087962454444,0.016469286857409785,-1.0,-1.0,-1.0,0.0,-0.0,-0.0,-1.0,-1.0,-1.0,0.0,-0.0,-0.0,stable,stable,nan
amd,AMD Threadripper 3970X,cpu,axpy_amd_20260725_215406,1000000,2,50,5,50,0,0,0,-1,20732.0,4.8750493845706535e-05,4.796767006221209e-05,4.968583213023348e-05,2.610051332519673e-07,0.0130018873577087,0.016030684186291368,4.8750493845706535e-05,4.796767006221209e-05,4.968583213023348e-05,2.610051332519673e-07,0.0130018873577087,0.016030684186291368,0.004648763083930994,0.00454345771002517,0.004684630606860158,3.58675229291637e-05,0.012778878763665262,0.015132532991201712,0.004648763083930994,0.00454345771002517,0.004684630606860158,3.58675229291637e-05,0.012778878763665262,0.015132532991201712,nan,nan,nan,nan,nan,nan,94.5616560139167,93.847176392552,94.81134685046203,0.24969083654532653,0.004191357597663176,0.007970411465067063,41.0252826876781,40.25292971170997,41.694755119905366,0.22077162571700626,0.012970141111793475,0.016024601960875857,246.1516961260686,241.51757827025978,250.16853071943217,1.3246297543020091,0.012970141111793466,0.016024601960875837,2.2667990371282278e-07,2.1805270357338493e-07,2.32690053842388e-07,5.191425173172144e-09,0.02529371905470308,0.030127586219516625,1.100714481823987e-11,1.0459479864494951e-11,1.1560997828033003e-11,2.796504291577496e-13,0.03826776502044902,0.045826821134108915,72.5,71.0,73.5,0.0,0.012353966726518175,0.024394709102943394,72.5,71.0,73.5,0.5,0.012562864539823616,0.024928637252078143,71.0,69.0,72.0,1.0,0.01755980197177536,0.016534258221081385,1899.5,1871.0,1909.5,10.0,0.00857630600107297,0.01460122968577205,1832.0,1832.0,1851.5,0.0,0.005731989488053081,0.014745223859226941,0.9791555318011759,0.9729057948911772,0.9810813704319988,0.0005181762928890832,0.003222188179948073,0.021201741888487044,-1.0,-1.0,-1.0,0.0,-0.0,-0.0,-1.0,-1.0,-1.0,0.0,-0.0,-0.0,stable,stable,nan
amd,AMD Threadripper 3970X,cpu,axpy_amd_20260725_215406,1000000,4,50,5,50,0,0,0,-1,35893.0,2.797330181114337e-05,2.7426258624058053e-05,2.8308810548230396e-05,7.596484452038205e-08,0.011503412943332516,0.013580030263252465,2.797330181114337e-05,2.7426258624058053e-05,2.8308810548230396e-05,7.596484452038205e-08,0.011503412943332516,0.013580030263252465,0.0033776206469714474,0.003350778898392444,0.0034091001763821424,1.657287979323638e-05,0.00658256156784096,0.009926044919154109,0.0033776206469714474,0.003350778898392444,0.0034091001763821424,1.657287979323638e-05,0.00658256156784096,0.009926044919154109,nan,nan,nan,nan,nan,nan,120.42590107149377,120.04201316166602,123.22948649403631,0.20745102138010907,0.010963781816899576,0.009955212555049104,71.4968149639723,70.64938313780873,72.92319477657324,0.19353347155916367,0.011587934711850982,0.013567080770766373,428.98088978383373,423.8962988268524,437.5391686594394,1.1612008293549252,0.011587934711850914,0.013567080770766344,9.40197378500672e-08,9.270599106100271e-08,9.620046600647218e-08,7.474005914500415e-10,0.013995131906151523,0.02175480974580747,2.6300488670676415e-12,2.5425972618603944e-12,2.7207533791645054e-12,2.8126410131536894e-14,0.024687309700953203,0.034998641878836105,68.0,66.5,73.0,1.0,0.03792811987377104,0.03730737618403458,68.0,66.5,73.0,1.0,0.03792811987377104,0.038114007886535774,67.0,66.0,70.5,1.0,0.02537010936088282,0.026758947661735158,1995.5,1984.0,2013.5,7.0,0.005688349541939451,0.01789243080590878,1958.0,1948.5,2001.5,9.5,0.011180163165990669,0.019418957453801858,0.983414473516415,0.9808902434213121,0.9907678236275612,0.0025242300951028307,0.0046369582459922995,0.02302142624157666,-1.0,-1.0,-1.0,0.0,-0.0,-0.0,-1.0,-1.0,-1.0,0.0,-0.0,-0.0,stable,stable,nan
amd,AMD Threadripper 3970X,cpu,axpy_amd_20260725_215406,1000000,8,50,5,50,0,0,0,-1,52750.0,1.9338647402843605e-05,1.9014408130250513e-05,1.9423953489271215e-05,8.53060864276103e-08,0.008704636728014302,0.010370767545993994,1.9338647402843605e-05,1.9014408130250513e-05,1.9423953489271215e-05,8.53060864276103e-08,0.008704636728014302,0.010370767545993994,0.0028922030710900474,0.002867554775599788,0.002901579325343128,9.376254253080571e-06,0.004817306662180063,0.007088687375911894,0.0028922030710900474,0.002867554775599788,0.002901579325343128,9.376254253080571e-06,0.004817306662180063,0.007088687375911894,nan,nan,nan,nan,nan,nan,149.76969667428173,149.4750441253638,150.708987332552,0.29130805415931604,0.0032270724310958883,0.0039371868585193785,103.41986414885638,102.96570582706659,105.1834840571261,0.4541583217897909,0.008743694768750455,0.010357300246946723,620.5191848931382,617.7942349623995,631.1009043427566,2.724949930738717,0.008743694768750506,0.010357300246946711,5.5923378717509856e-08,5.445833075535375e-08,5.634073009898942e-08,4.1735138147956427e-10,0.013796588843304572,0.017340611105849387,1.0814819216512456e-12,1.034915268947811e-12,1.0943603997747862e-12,1.2878478123540591e-14,0.02263739929212955,0.027709479209980046,66.0,65.5,67.0,0.5,0.009278370237815067,0.025740025740025742,66.0,65.0,66.0,0.0,0.0068069040410952495,0.027054943263661382,65.0,65.0,66.0,0.0,0.00837496265298419,0.013532904739357532,2167.5,2154.5,2203.0,13.0,0.008837646492992962,0.023896849065176026,2136.0,2130.5,2170.0,5.5,0.007854718968237109,0.022243973160602025,0.9885566141485298,0.9830731982995857,0.9969784461623528,0.005483415848944073,0.006170862043703398,0.02976544247401098,-1.0,-1.0,-1.0,0.0,-0.0,-0.0,-1.0,-1.0,-1.0,0.0,-0.0,-0.0,stable,stable,nan
amd,AMD Threadripper 3970X,cpu,axpy_amd_20260725_215406,1000000,10,50,5,40,10,0,0,-1,55437.0,1.8497303852638376e-05,1.8097494018941545e-05,2.365649541338731e-05,3.1239507090157073e-07,0.11984685613050548,0.10872773582513152,1.8497303852638376e-05,1.8097494018941545e-05,2.365649541338731e-05,3.1239507090157073e-07,0.11984685613050548,0.10872773582513152,0.0028965167790651796,0.0028481754749125282,0.0033009508984808192,3.085006670375994e-05,0.0629273291598792,0.05671619920202395,0.0028965167790651796,0.0028481754749125282,0.0033009508984808192,3.085006670375994e-05,0.0629273291598792,0.05671619920202395,nan,nan,nan,nan,nan,nan,156.16959230749976,139.4036873641783,157.37331047462322,0.44740743546825,0.049872934323787206,0.045223108261892735,108.12399332971957,84.54995398273275,110.5129031613075,1.7957979060754923,0.10376205669519098,0.09361581962974543,648.7439599783174,507.2997238963965,663.0774189678451,10.774787436452925,0.10376205669519102,0.09361581962974547,5.357774930553711e-08,5.1544966267989285e-08,7.808986928499904e-08,1.5909634710356661e-09,0.19100930475789335,0.17355463176914387,9.910450463621738e-13,9.328401090037452e-13,1.8474985680095265e-12,4.707453940080886e-14,0.3344319897822442,0.3054437681451132,65.0,62.0,67.0,1.5,0.03071809414892085,0.031277706073397006,65.0,62.0,67.0,1.5,0.0296753707626638,0.03208423320259333,65.0,62.0,66.0,1.0,0.027245318559396228,0.026466483121804437,2275.0,2182.0,2305.0,16.5,0.021314659087906196,0.031343315040031246,2242.5,2136.0,2306.0,18.5,0.027934220566685174,0.03344569503309067,0.9843320062715297,0.9745491787662777,0.9944933920704846,0.004873864706433362,0.007910783119148026,0.03449890174285623,-1.0,-1.0,-1.0,0.0,-0.0,-0.0,-1.0,-1.0,-1.0,0.0,-0.0,-0.0,high_variability,elevated,nan
amd,AMD Threadripper 3970X,cpu,axpy_amd_20260725_215406,1000000,16,50,5,40,10,0,0,-1,49884.0,1.9863214620734273e-05,1.2871858376954943e-05,2.0434612982118516e-05,5.464106648168406e-07,0.17394659708470428,0.16202796540431968,1.9863214620734273e-05,1.2871858376954943e-05,2.0434612982118516e-05,5.464106648168406e-07,0.17394659708470428,0.16202796540431968,0.003195893053533883,0.002265987443398953,0.003245023343803541,2.8233453647659272e-05,0.13961520226264743,0.12968907998109752,0.003195893053533883,0.002265987443398953,0.003245023343803541,2.8233453647659272e-05,0.13961520226264743,0.12968907998109752,nan,nan,nan,nan,nan,nan,160.78620897334898,158.00271301806234,176.0420912465282,1.6587421135556326,0.045103839207080096,0.04414012949438554,100.68864840286733,97.87315329764405,155.37778230086576,2.6954250548035645,0.2254674577952457,0.2130090105865071,604.131890417204,587.2389197858643,932.2666938051946,16.172550328821444,0.22546745779524577,0.2130090105865071,6.339608264572018e-08,2.9167462926078195e-08,6.635353524896954e-08,2.4335016319052103e-09,0.2764722479952963,0.2556465146799784,1.2590040551283022e-12,3.754395197644971e-13,1.3542514097092903e-12,8.651818038914074e-14,0.3736562300903794,0.3437799735462981,66.5,63.5,67.0,0.5,0.021925205922203855,0.03266958387255452,65.0,63.5,67.0,1.5,0.022059510399522104,0.033620122630343814,64.5,63.0,66.0,0.5,0.017333860290696047,0.023028189109262267,2492.5,2356.0,2500.5,8.0,0.024629038175939363,0.031422096245838006,2463.5,2355.5,2472.0,8.5,0.02014489765553783,0.02542168808869237,0.9825232211623551,0.9797571256201424,0.9983022954112322,0.002592125709890092,0.007700999602519278,0.031895900075441096,-1.0,-1.0,-1.0,0.0,-0.0,-0.0,-1.0,-1.0,-1.0,0.0,-0.0,-0.0,high_variability,high_variability,nan
amd,AMD Threadripper 3970X,cpu,axpy_amd_20260725_215406,1000000,20,50,5,50,0,0,0,-1,48853.0,2.0672941617783265e-05,1.966340814046746e-05,2.0874447552881335e-05,7.751753875946031e-08,0.023697300246626033,0.021944851234804632,2.0672941617783265e-05,1.966340814046746e-05,2.0874447552881335e-05,7.751753875946031e-08,0.023697300246626033,0.021944851234804632,0.0033261368697930526,0.003230408761075466,0.003397630823149929,3.33890360995257e-05,0.019048031042918048,0.017773126676278863,0.0033261368697930526,0.003230408761075466,0.003397630823149929,3.33890360995257e-05,0.019048031042918048,0.017773126676278863,nan,nan,nan,nan,nan,nan,161.79381807597304,159.40686863012783,164.18523302096042,1.0346269932996393,0.010835314287291713,0.01006059835951098,96.7450501332869,95.81092061667003,101.71208371381799,0.3615769070539159,0.024401190582173736,0.02256776047775045,580.4703007997214,574.8655237000203,610.2725022829079,2.169461442323609,0.024401190582173705,0.022567760477750432,6.861618393230281e-08,6.352092879901627e-08,7.08417662391211e-08,9.82556759309193e-10,0.04085167370073575,0.03835067514833026,1.4155102682014361e-12,1.24904345922713e-12,1.4784455665826871e-12,2.86703887610907e-14,0.0631243357224646,0.059061275155625384,63.5,63.0,65.0,0.5,0.01188538470854475,0.02594994167710414,63.5,62.5,65.0,0.5,0.015122157281188164,0.027675671311271206,63.0,62.0,65.0,1.0,0.02063038735823623,0.020785656179552425,2607.5,2571.5,2644.0,32.5,0.011758209121543241,0.01944808256270409,2584.5,2542.0,2605.0,20.5,0.011439088869674475,0.01699905591493289,0.9928031640844543,0.9837777341365157,1.0005753739930956,0.006736815212667002,0.006987202934222215,0.022727311767270646,-1.0,-1.0,-1.0,0.0,-0.0,-0.0,-1.0,-1.0,-1.0,0.0,-0.0,-0.0,stable,stable,nan
amd,AMD Threadripper 3970X,cpu,axpy_amd_20260725_215406,1000000,32,50,5,50,0,0,0,-1,39907.0,2.5432778553406223e-05,2.533455179542436e-05,2.748736366113518e-05,9.822675798186253e-08,0.04298346559580762,0.03967873105971314,2.5432778553406223e-05,2.533455179542436e-05,2.748736366113518e-05,9.822675798186253e-08,0.04298346559580762,0.03967873105971314,0.004432060152354223,0.004375331503063799,0.004705726818169433,5.672864929042419e-05,0.03639297448702577,0.03361072194807419,0.004432060152354223,0.004375331503063799,0.004705726818169433,5.672864929042419e-05,0.03639297448702577,0.03361072194807419,nan,nan,nan,nan,nan,nan,172.03544255440335,171.29403881103423,174.9082704840173,0.7414037433691192,0.008703041103031328,0.008220325431036011,78.63942181570897,72.76070985434802,78.94361418306445,0.3041923673554834,0.04232359717810089,0.03937937706541796,471.8365308942538,436.56425912608813,473.6616850983867,1.8251542041329003,0.04232359717810088,0.03937937706541796,1.1230880336828686e-07,1.1127769572140534e-07,1.293607811351304e-07,1.031107646881519e-09,0.07960261423768286,0.0732495759613246,2.8453681972196046e-12,2.8301497137702225e-12,3.5601283796283146e-12,1.521848344938211e-14,0.12378736602046786,0.11316341222965833,62.0,59.0,63.0,1.0,0.02469992001319723,0.039628959857687995,62.0,59.0,63.0,1.0,0.02469992001319723,0.04063525806442195,60.0,58.0,61.0,0.0,0.018318480184119267,0.034890635854785905,3001.5,2979.5,3029.5,22.0,0.0070172811352121,0.014800612246514749,2987.0,2969.0,3014.5,5.0,0.005551368029535915,0.012368955823936722,0.9908488463399351,0.9880198062207806,0.9993392252280696,0.0028290401191545245,0.004836473981132311,0.01881121382128801,-1.0,-1.0,-1.0,0.0,-0.0,-0.0,-1.0,-1.0,-1.0,0.0,-0.0,-0.0,stable,stable,nan
amd,AMD Threadripper 3970X,cpu,axpy_amd_20260725_215406,1000000,64,50,5,50,0,0,0,-1,18021.0,5.6880483865629656e-05,5.5589572063959835e-05,5.802379624021484e-05,6.237049410416745e-07,0.016680845664923914,0.015376366103546396,5.6880483865629656e-05,5.5589572063959835e-05,5.802379624021484e-05,6.237049410416745e-07,0.016680845664923914,0.015376366103546396,0.009062220999503559,0.008969837535472605,0.009226775298554368,9.238346403095399e-05,0.011333382192252479,0.011511886220293801,0.009062220999503559,0.008969837535472605,0.009226775298554368,9.238346403095399e-05,0.011333382192252479,0.011511886220293801,nan,nan,nan,nan,nan,nan,160.06021786641963,159.1099811852422,161.26560685701696,0.8615782554737734,0.005730414878441351,0.00553534268038921,35.16144503815217,34.468616970127286,35.97800012716422,0.3898261773738625,0.016700334777985573,0.015385350407742159,210.96867022891303,206.81170182076374,215.86800076298533,2.338957064243175,0.01670033477798554,0.015385350407742143,5.156927123621966e-07,4.984717501681996e-07,5.354073761280997e-07,1.0195658834180543e-08,0.027827567149501683,0.026612290634637718,2.934212216864939e-11,2.770110990209197e-11,3.106636972336959e-11,8.317346933340439e-13,0.04454584412894267,0.04191293756280502,59.0,58.0,61.5,0.5,0.021788180312364958,0.04439425344380226,59.0,58.0,61.5,0.5,0.021788180312364958,0.04607573225510251,57.5,57.0,59.5,0.5,0.017938098056511868,0.04020580814839259,4159.0,4148.5,4169.5,4.0,0.0018828207418675907,0.021284355178389752,4146.5,4145.0,4158.0,1.5,0.0012610538404709778,0.0036416310608526773,0.9995185333457841,0.9961496342650584,1.0028922922347379,0.001441091625522306,0.0024715311636501133,0.02405520546191146,-1.0,-1.0,-1.0,0.0,-0.0,-0.0,-1.0,-1.0,-1.0,0.0,-0.0,-0.0,stable,stable,nan
amd,AMD Threadripper 3970X,cpu,axpy_amd_20260725_215406,2000000,1,50,5,50,0,0,0,-1,2404.0,0.0004390345777905199,0.00041946163652249887,0.0004563431763727122,7.737649028615096e-06,0.032165413292219905,0.034240564043764105,0.0004390345777905199,0.00041946163652249887,0.0004563431763727122,7.737649028615096e-06,0.032165413292219905,0.034240564043764105,0.03187320967125382,0.030968520532983834,0.03327314725457571,0.0005991456712538187,0.0278219829531511,0.03200856332723047,0.03187320967125382,0.030968520532983834,0.03327314725457571,0.0005991456712538187,0.0278219829531511,0.03200856332723047,nan,nan,nan,nan,nan,nan,72.56099435320729,71.55965886145475,73.6615337514414,0.30890199971511834,0.010418421904537602,0.009980635188377548,9.110909908420787,8.765375768165608,9.536038658604628,0.16360903426114248,0.03230437515638993,0.034073474936712624,54.66545945052472,52.59225460899365,57.21623195162776,0.9816542055668478,0.03230437515638993,0.03407347493671263,1.3993466476022096e-05,1.2990114924987527e-05,1.5184319741680919e-05,5.048517154644327e-07,0.05934050822298794,0.06606349860803276,6.1436336531562815e-09,5.448861725809753e-09,6.929361686723218e-09,3.2584221393161913e-10,0.0912841603445151,0.10080152671577271,67.0,66.0,69.0,1.0,0.019402388110722167,0.02981687602759315,67.0,66.0,69.0,1.0,0.019402388110722167,0.02981687602759315,62.0,60.5,67.0,1.0,0.041271599625443495,0.062148181433624834,1872.5,1867.5,1888.0,5.0,0.0050229068404311515,0.0174896438637114,1813.5,1794.0,1834.0,19.5,0.010390057634041461,0.012840992671043952,0.9614732408858948,0.9585894352396223,0.9791610992339213,0.0026277037399835557,0.00887554536854708,0.018632253043827367,-1.0,-1.0,-1.0,0.0,-0.0,-0.0,-1.0,-1.0,-1.0,0.0,-0.0,-0.0,stable,stable,nan
amd,AMD Threadripper 3970X,cpu,axpy_amd_20260725_215406,2000000,2,50,5,50,0,0,0,-1,11080.0,9.134937964801442e-05,8.877203175801723e-05,0.00010499929343832021,2.577347889997191e-06,0.06935182060446696,0.06618456143065436,9.134937964801442e-05,8.877203175801723e-05,0.00010499929343832021,2.577347889997191e-06,0.06935182060446696,0.06618456143065436,0.008931891380866426,0.00860578440081727,0.0099821343832021,0.00018532015759511328,0.05728888946342759,0.05527417345331642,0.008931891380866426,0.00860578440081727,0.0099821343832021,0.00018532015759511328,0.05728888946342759,0.05527417345331642,nan,nan,nan,nan,nan,nan,96.86151377356136,95.01103873336439,98.40929321169838,0.5884188215393067,0.012874609163541278,0.012709438539052723,43.78795911004285,38.09562000230921,45.059239329276735,1.271280219233887,0.06473537230906198,0.061406109695702774,262.7277546602571,228.57372001385528,270.35543597566044,7.627681315403322,0.064735372309062,0.061406109695702774,8.161723479148838e-07,7.634557918750349e-07,1.047816881935925e-06,4.128974037227149e-08,0.129911150715455,0.12502557805395254,7.463014497240001e-11,6.773129252508561e-11,1.099890103064795e-10,6.050148761743339e-12,0.2071439085357828,0.199784445675619,74.0,73.0,74.5,0.5,0.00910204061397472,0.018548933760534323,74.0,73.0,74.5,0.5,0.00910204061397472,0.018548933760534323,72.0,69.5,72.0,0.0,0.015363886606035515,0.01586783844150207,1924.0,1909.0,1945.5,15.0,0.008265032430697173,0.020433192234068687,1866.0,1846.5,1899.0,14.5,0.011035062124561948,0.017785235201962596,0.9720560670378742,0.9617070738775071,0.9801488037431322,0.008092736705258008,0.008952173806622303,0.028620698900393964,-1.0,-1.0,-1.0,0.0,-0.0,-0.0,-1.0,-1.0,-1.0,0.0,-0.0,-0.0,elevated,elevated,nan
amd,AMD Threadripper 3970X,cpu,axpy_amd_20260725_215406,2000000,4,50,5,50,0,0,0,-1,20264.0,4.963336327970785e-05,4.939615054686351e-05,4.992379800639921e-05,1.569462580096418e-07,0.004292280183162695,0.008942192613981988,4.963336327970785e-05,4.939615054686351e-05,4.992379800639921e-05,1.569462580096418e-07,0.004292280183162695,0.008942192613981988,0.00629921571881502,0.00628724339104419,0.006323890844203791,1.1972327770830293e-05,0.0025229347522304586,0.006931138330561582,0.00629921571881502,0.00628724339104419,0.006323890844203791,1.1972327770830293e-05,0.0025229347522304586,0.006931138330561582,nan,nan,nan,nan,nan,nan,126.9378522656306,126.74400434444507,127.24265696578736,0.19217676372063863,0.001576193255921288,0.004028849212137983,80.59095392257161,80.12211934325481,80.97797351377966,0.25575273248928454,0.004289332991795243,0.008921127717028217,483.54572353542966,480.7327160595289,485.86784108267784,1.5345163949356788,0.004289332991795115,0.008921127717028226,3.121274136151193e-07,3.1056569423258625e-07,3.160816724686455e-07,1.5617193825330599e-09,0.007503978109788306,0.015508090448513328,1.5496131184693896e-11,1.5346819351640462e-11,1.5779995015579326e-11,1.4931183305343382e-13,0.011831519727911256,0.02439096115957869,71.5,70.5,73.0,0.5,0.013432530769323566,0.026023232685880124,71.5,70.5,73.0,0.5,0.013432530769323566,0.02709688611638252,70.0,69.0,71.5,1.0,0.016264984666178862,0.016520547610367586,1986.0,1985.0,2005.5,0.5,0.004447977706091761,0.01788275012674917,1947.0,1927.5,1961.5,2.0,0.006253963928996564,0.01873874929679851,0.9804727646454265,0.9721581891343076,0.9876595146314424,0.0018882954409087382,0.005762587061327893,0.02524226843794985,-1.0,-1.0,-1.0,0.0,-0.0,-0.0,-1.0,-1.0,-1.0,0.0,-0.0,-0.0,stable,stable,nan
amd,AMD Threadripper 3970X,cpu,axpy_amd_20260725_215406,2000000,8,50,5,50,0,0,0,-1,32581.0,3.076160202358288e-05,3.059613701236917e-05,3.0996676015384614e-05,1.6546501121370786e-07,0.00606230476442037,0.00938643560124164,3.076160202358288e-05,3.059613701236917e-05,3.0996676015384614e-05,1.6546501121370786e-07,0.00606230476442037,0.00938643560124164,0.005235496368478393,0.005199113286884995,0.0052405378,5.041431521607409e-06,0.0034436073385617984,0.006197080081355983,0.005235496368478393,0.005199113286884995,0.0052405378,5.041431521607409e-06,0.0034436073385617984,0.006197080081355983,nan,nan,nan,nan,nan,nan,169.92724839308633,169.18217403928008,170.16387880559097,0.23663041250463834,0.002907451569456561,0.004183213174387862,130.03298247105195,129.046098504623,130.73571719327393,0.702734722221976,0.006059008324423263,0.009355232063636483,780.1978948263118,774.2765910277378,784.4143031596435,4.216408333331742,0.006059008324423251,0.009355232063636493,1.6106123764616938e-07,1.59072972210328e-07,1.6239304391130397e-07,1.3318062651345864e-09,0.009185295053962523,0.015364840288722275,4.954542631609263e-12,4.86703388946328e-12,5.033645663717947e-12,6.670744357462778e-14,0.015213993261474726,0.024745081471168662,72.0,71.0,75.0,1.0,0.022727077074903162,0.029046463940055965,72.0,71.0,75.0,1.0,0.022727077074903162,0.02963670001503961,70.5,70.0,74.0,0.5,0.023534740549481733,0.024482215079781815,2171.5,2130.5,2187.0,14.5,0.0105680419858758,0.023111341944439524,2139.5,2111.5,2165.5,10.0,0.009237897656288338,0.02055626050467004,0.9836289222373806,0.978663295624443,0.9906263224006516,0.004459165850707381,0.004936595648230698,0.030208695119830424,-1.0,-1.0,-1.0,0.0,-0.0,-0.0,-1.0,-1.0,-1.0,0.0,-0.0,-0.0,stable,stable,nan
amd,AMD Threadripper 3970X,cpu,axpy_amd_20260725_215406,2000000,10,50,5,50,0,0,0,-1,36587.0,2.765897684483878e-05,2.751012977409394e-05,2.7785595826386424e-05,5.375663850651623e-08,0.003718323885899909,0.006198892950433011,2.765897684483878e-05,2.751012977409394e-05,2.7785595826386424e-05,5.375663850651623e-08,0.003718323885899909,0.006198892950433011,0.005080173337771491,0.005065431368524752,0.005106798630661164,1.1155635935498377e-05,0.0030728458696513443,0.0044563171051410656,0.005080173337771491,0.005065431368524752,0.005106798630661164,1.1155635935498377e-05,0.0030728458696513443,0.0044563171051410656,nan,nan,nan,nan,nan,nan,183.84791484810503,182.91564309626852,184.43741276445664,0.4660897293210553,0.0031441987887932885,0.004255887223509918,144.61859359329995,143.95952575356262,145.40100119664004,0.2815951421783325,0.0037196782775875633,0.006243272384401057,867.7115615597997,863.7571545213757,872.4060071798403,1.6895708530698812,0.003719678277587569,0.00624327238440106,1.4073148366302007e-07,1.3960601512663898e-07,1.4181122258819562e-07,1.0666207493209637e-09,0.006576146603063001,0.009916273955530132,3.892745815374545e-12,3.839965024280642e-12,3.9420566986637895e-12,3.9324079511051895e-14,0.010559821425853586,0.0158728841485783,71.5,69.0,72.0,0.5,0.02213928690593851,0.03519168116660048,71.5,69.0,72.0,0.5,0.02213928690593851,0.03559721593890982,70.0,67.5,71.0,1.0,0.02237415445746758,0.028945417186894067,2247.0,2220.5,2289.5,25.0,0.01282439440847498,0.02331742115348191,2221.5,2201.0,2245.0,13.0,0.007512490785160686,0.021509144280210973,0.9874055441063563,0.9823499277721153,0.9990859232175503,0.005055616334241009,0.007647194305513964,0.027543445720271967,-1.0,-1.0,-1.0,0.0,-0.0,-0.0,-1.0,-1.0,-1.0,0.0,-0.0,-0.0,stable,stable,nan
amd,AMD Threadripper 3970X,cpu,axpy_amd_20260725_215406,2000000,16,50,5,50,0,0,0,-1,40505.0,2.5097321509134627e-05,2.4688626596079762e-05,2.5464985164239234e-05,2.8283848756609713e-07,0.012145183101902894,0.011605234895922988,2.5097321509134627e-05,2.4688626596079762e-05,2.5464985164239234e-05,2.8283848756609713e-07,0.012145183101902894,0.011605234895922988,0.00510322014566103,0.005042737179803563,0.005176884464414833,2.2982302519024105e-05,0.009751119762120142,0.00955220357004806,0.00510322014566103,0.005042737179803563,0.005176884464414833,2.2982302519024105e-05,0.009751119762120142,0.00955220357004806,nan,nan,nan,nan,nan,nan,203.50909111996052,202.92885322197864,205.61918750367954,0.5065199379416185,0.005374804641606699,0.005469945557233626,159.37973815062142,157.07843521025077,162.01796686581207,1.8167846119623903,0.012120861913073409,0.011581683792108213,956.2784289037286,942.4706112615047,972.1078011948723,10.900707671774398,0.012120861913073364,0.011581683792108204,1.2825581245360093e-07,1.2514132701007172e-07,1.320095905986678e-07,3.0027297425731518e-09,0.022136744621888933,0.020585532681695374,3.225718627116299e-12,3.0922877080413013e-12,3.3621236586589847e-12,1.2039857373790591e-13,0.034269088985688236,0.03208007974309119,71.0,70.0,73.0,1.0,0.01831236630674901,0.029125131062215273,70.5,69.5,73.0,1.0,0.02053152075649754,0.03156648819852746,70.0,69.0,72.0,1.0,0.017128868533132714,0.01945871570342674,2489.0,2419.5,2567.5,31.0,0.022010511809583747,0.02727439989620201,2473.0,2388.0,2512.5,20.0,0.019377453197800387,0.025678279426424967,0.9876760563380282,0.9787027927374918,0.9898337152028044,0.0021576588647761463,0.0046778490240100825,0.03206301661443263,-1.0,-1.0,-1.0,0.0,-0.0,-0.0,-1.0,-1.0,-1.0,0.0,-0.0,-0.0,stable,stable,nan
amd,AMD Threadripper 3970X,cpu,axpy_amd_20260725_215406,2000000,20,50,5,42,8,0,0,-1,38917.0,2.6020415803442592e-05,2.3593979828753238e-05,2.6160399224499488e-05,1.3613707289323104e-07,0.04292923137290205,0.11421588021684925,2.6020415803442592e-05,2.3593979828753238e-05,2.6160399224499488e-05,1.3613707289323104e-07,0.04292923137290205,0.11421588021684925,0.0053720525149453715,0.00504157642838716,0.005397869760755453,2.581724581008152e-05,0.027947395377657207,0.06750310111719178,0.0053720525149453715,0.00504157642838716,0.005397869760755453,2.581724581008152e-05,0.027947395377657207,0.06750310111719178,nan,nan,nan,nan,nan,nan,206.110371173063,205.59745416359192,213.49723077670507,0.14129435375002686,0.016200128288422194,0.0695582164620592,153.7254894833323,152.90286550204127,169.72832739420176,0.8085057174111512,0.046038750926172795,0.17242838354809317,922.3529368999939,917.4171930122475,1018.3699643652106,4.851034304466907,0.046038750926172836,0.17242838354809317,1.3978427057855773e-07,1.1900191440256763e-07,1.4121042506026707e-07,1.4261544817093363e-09,0.06910703821731957,0.15994836362463083,3.6356001443862803e-12,2.8121340275922778e-12,3.694121023654736e-12,5.852087926845566e-14,0.10727209572890772,0.2289782284695705,72.0,69.0,73.5,0.5,0.02284277546619571,0.04136558023391596,71.5,67.5,73.0,0.5,0.02945986008922801,0.04318422760699832,71.0,69.0,72.0,1.0,0.017249927766078716,0.037658397516294094,2635.5,2546.5,2659.0,6.5,0.01663228909203811,0.02587732655101777,2603.5,2505.0,2627.5,24.0,0.01838335574957562,0.020840986571074905,0.9861773858995553,0.9842187721481901,0.996702401805367,0.0008077717063702528,0.005104653474564043,0.023752423583147074,-1.0,-1.0,-1.0,0.0,-0.0,-0.0,-1.0,-1.0,-1.0,0.0,-0.0,-0.0,high_variability,elevated,nan
amd,AMD Threadripper 3970X,cpu,axpy_amd_20260725_215406,2000000,32,50,5,50,0,0,0,-1,31703.0,3.212239157243986e-05,3.192732128331873e-05,3.2311441807709635e-05,1.4214088505627248e-07,0.004998357998919524,0.012936387021355347,3.212239157243986e-05,3.192732128331873e-05,3.2311441807709635e-05,1.4214088505627248e-07,0.004998357998919524,0.012936387021355347,0.006484586474466139,0.006468685302214992,0.006526149462642384,4.737956166440613e-06,0.003365980664751141,0.00851408472464053,0.006484586474466139,0.006468685302214992,0.006526149462642384,4.737956166440613e-06,0.003365980664751141,0.00851408472464053,nan,nan,nan,nan,nan,nan,202.08792006822762,200.54542188310091,202.85351131319396,0.3829171752799141,0.004340167938063513,0.005925417949181719,124.52376876696937,123.79515731372683,125.28462677779706,0.5484735868583925,0.005000275123038844,0.013290798207171998,747.1426126018162,742.770943882361,751.7077606667824,3.2908415211502415,0.0050002751230388675,0.01329079820717198,2.0844482431532e-07,2.064934308687975e-07,2.10850874912687e-07,9.273135587321177e-10,0.007973404563323,0.020913261265100458,6.6960935703085705e-12,6.593571974387005e-12,6.812895882850544e-12,5.4666679658549446e-14,0.012840762955130413,0.0332297313622289,64.0,63.0,68.0,1.0,0.03260436338443429,0.04507619845969095,64.0,63.0,68.0,1.0,0.03260436338443429,0.04566378319149767,63.0,61.5,66.0,1.0,0.02767709856826146,0.04124761209142203,3051.0,3040.0,3061.5,10.0,0.0030952799325408534,0.02204287331970572,3026.5,3008.5,3050.0,16.0,0.0055139957282717535,0.015960950818388428,0.9914837618185907,0.9823342478879777,0.9965394813789283,0.004179520077745691,0.005907157051059123,0.02601907461986321,-1.0,-1.0,-1.0,0.0,-0.0,-0.0,-1.0,-1.0,-1.0,0.0,-0.0,-0.0,stable,stable,nan
amd,AMD Threadripper 3970X,cpu,axpy_amd_20260725_215406,2000000,64,50,5,40,10,0,0,-1,17651.0,5.8926252988499234e-05,1.6182943062080537e-05,5.9749169194729136e-05,7.223268862300298e-07,0.3802812514751313,0.34475069169364025,5.8926252988499234e-05,1.6182943062080537e-05,5.9749169194729136e-05,7.223268862300298e-07,0.3802812514751313,0.34475069169364025,0.010756307829584725,0.003412433779362416,0.010834219223789732,7.791139420500713e-05,0.3536284358175083,0.3216624517604362,0.010756307829584725,0.003412433779362416,0.010834219223789732,7.791139420500713e-05,0.3536284358175083,0.3216624517604362,nan,nan,nan,nan,nan,nan,182.0192122607639,180.62169077988904,209.38827168418868,0.40975593054460546,0.0662911227813921,0.06097205631242131,67.88148980489729,66.94659867667693,247.17491124806207,0.8219916553968858,0.7756406037108816,0.7072000934512616,407.2889388293837,401.6795920600616,1483.0494674883726,4.931949932381258,0.7756406037108816,0.7072000934512616,6.337088260745905e-07,5.5065859746554573e-08,6.462458972009514e-07,1.2537071126360899e-08,0.5002671794528849,0.4530632989203738,3.7335039634913345e-11,8.899427278536661e-13,3.8597340057044996e-11,1.2181292456988104e-12,0.5436379109477815,0.49215558242374274,61.5,60.5,65.0,1.0,0.03545102399548267,0.048605194407488644,61.5,60.5,65.0,1.0,0.033466401061363026,0.04995278203828462,60.0,57.0,65.0,1.0,0.049113897265534195,0.048792447113141214,4139.0,3918.5,4172.5,15.0,0.02507617404795488,0.026212962082333868,4145.5,3869.5,4152.5,6.0,0.030223316387777713,0.027492304394352043,0.9992755074417021,0.981664873706868,0.9998794890335021,0.0006039815917999736,0.00783330926181116,0.01861054547943545,-1.0,-1.0,-1.0,0.0,-0.0,-0.0,-1.0,-1.0,-1.0,0.0,-0.0,-0.0,high_variability,high_variability,nan
amd,AMD Threadripper 3970X,cpu,axpy_amd_20260725_215406,4000000,1,50,5,50,0,0,0,-1,630.0,0.0016302029310344827,0.0016127108247261344,0.001636545981629393,6.34305059491044e-06,0.006678553019748025,0.00602243411952666,0.0016302029310344827,0.0016127108247261344,0.001636545981629393,6.34305059491044e-06,0.006678553019748025,0.00602243411952666,0.1189205492063492,0.11735612699680512,0.12025810015649452,0.0008838235010200368,0.010093652509111832,0.01006617010402357,0.1189205492063492,0.11735612699680512,0.12025810015649452,0.0008838235010200368,0.010093652509111832,0.01006617010402357,nan,nan,nan,nan,nan,nan,72.81793609963542,71.68941883812263,74.57562583907159,1.1285172615127834,0.016303109842633102,0.015166674694502884,4.907364522489314,4.888344572799242,4.9605917424645325,0.01901994969007248,0.006691887137960231,0.006031331863087325,29.44418713493588,29.33006743679545,29.763550454787193,0.11411969814043132,0.006691887137960243,0.0060313318630873134,0.00019356095892548406,0.00019213306762100535,0.00019410477846601144,5.438195405273855e-07,0.00461361494683271,0.0067699416413322215,3.136544537567763e-07,3.12640204218996e-07,3.1731951453149514e-07,8.715607090262148e-10,0.005823801564683094,0.007951752246086142,69.0,67.0,70.0,1.0,0.02032640472164329,0.025574418578126177,69.0,67.0,70.0,1.0,0.02032640472164329,0.025574418578126177,64.5,62.0,66.5,1.5,0.028358604243873205,0.04859718985954741,1873.0,1871.5,1902.0,1.5,0.00706540875066561,0.013060640719204666,1794.0,1794.0,1794.0,0.0,0.0,0.0066423508477812055,0.9583333333333334,0.9488577867824664,0.9604655448149013,0.000255828439224115,0.004778934068697204,0.013745134653714745,-1.0,-1.0,-1.0,0.0,-0.0,-0.0,-1.0,-1.0,-1.0,0.0,-0.0,-0.0,stable,stable,nan
amd,AMD Threadripper 3970X,cpu,axpy_amd_20260725_215406,4000000,2,50,5,50,0,0,0,-1,2080.0,0.000501312513986014,0.0004838091074519231,0.000502542826512051,1.2303125260370185e-06,0.01583577819484547,0.015415111974489394,0.000501312513986014,0.0004838091074519231,0.000502542826512051,1.2303125260370185e-06,0.01583577819484547,0.015415111974489394,0.041604624829467945,0.04050661177884615,0.04334786051715564,0.0007479884887421351,0.027072457629737555,0.026077368184361554,0.041604624829467945,0.04050661177884615,0.04334786051715564,0.0007479884887421351,0.027072457629737555,0.026077368184361554,nan,nan,nan,nan,nan,nan,83.66843356659716,81.40770351722023,86.28583229598746,0.9079375774920209,0.02154136762588158,0.02175940436513288,15.958111513948941,15.919077677318096,16.535450825994786,0.039033836630844476,0.016165181171092058,0.015659160012443014,95.74866908369364,95.51446606390857,99.21270495596872,0.2342030197850704,0.016165181171092054,0.01565916001244302,2.0908161847688674e-05,1.9571031188806298e-05,2.165205595242816e-05,4.152455960528181e-07,0.03766302572167124,0.03667709740347044,1.0507298963637245e-08,9.453949209433163e-09,1.0815185449799149e-08,2.2843965898986588e-10,0.05087595697256295,0.04947224726498774,68.0,67.0,71.0,1.0,0.022107508583240672,0.027540981823197978,68.0,67.0,71.0,1.0,0.022107508583240672,0.027540981823197978,65.0,60.5,65.5,0.5,0.03489361795781784,0.05790568133288526,1924.0,1910.5,1943.0,13.5,0.007896853536925017,0.019938433371443715,1849.0,1834.0,1853.5,1.5,0.0040277672110552035,0.014135962043708124,0.9592050209205021,0.9526469803334348,0.9619754424675285,0.001690566868014054,0.003731104580421647,0.022665168868575225,-1.0,-1.0,-1.0,0.0,-0.0,-0.0,-1.0,-1.0,-1.0,0.0,-0.0,-0.0,stable,stable,nan
amd,AMD Threadripper 3970X,cpu,axpy_amd_20260725_215406,4000000,4,50,5,50,0,0,0,-1,10601.0,9.407759926986801e-05,9.316992549470777e-05,9.690732690448569e-05,9.076737751602409e-07,0.015666764608122566,0.016953816984557994,9.407759926986801e-05,9.316992549470777e-05,9.690732690448569e-05,9.076737751602409e-07,0.015666764608122566,0.016953816984557994,0.012371949533062919,0.012128084261389784,0.012706291279969063,0.00016123703198158042,0.018210048452845518,0.017145934647962748,0.012371949533062919,0.012128084261389784,0.012706291279969063,0.00016123703198158042,0.018210048452845518,0.017145934647962748,nan,nan,nan,nan,nan,nan,130.83324966747847,130.0088554218633,132.43993185613192,0.6967704278241627,0.007369983268807781,0.0077084321273788664,85.03620468081289,82.55310319714715,85.86504394733738,0.828839266524497,0.015520275363352164,0.016685782555031625,510.2172280848774,495.3186191828829,515.1902636840243,4.973035599146954,0.015520275363352154,0.016685782555031607,1.1601696159850266e-06,1.129871482391506e-06,1.23151844860585e-06,3.02981335935207e-08,0.033544644464436654,0.03339144835098588,1.0876836665815107e-10,1.0525272189619122e-10,1.193611959091433e-10,3.5156447619598483e-12,0.049377388890640736,0.05052098114948686,73.5,72.0,74.0,0.5,0.011414188629387116,0.021262521642281294,73.5,72.0,74.0,0.5,0.011414188629387116,0.021262521642281294,71.0,69.0,71.5,0.5,0.014184397163120567,0.020805397999516258,1988.0,1981.0,2014.5,6.5,0.006871736356427621,0.019717328163717147,1939.5,1926.5,1947.0,7.5,0.004372930187360214,0.01595063398548228,0.9750033414305034,0.9647594858977937,0.9801608155720836,0.001419422797138803,0.005861806069629941,0.023727400946842756,-1.0,-1.0,-1.0,0.0,-0.0,-0.0,-1.0,-1.0,-1.0,0.0,-0.0,-0.0,stable,stable,nan
amd,AMD Threadripper 3970X,cpu,axpy_amd_20260725_215406,4000000,8,50,5,50,0,0,0,-1,19084.0,5.3111826164874556e-05,5.196500446498512e-05,5.330542222861025e-05,4.972587099264528e-08,0.010182252683318353,0.012218745095343648,5.3111826164874556e-05,5.196500446498512e-05,5.330542222861025e-05,4.972587099264528e-08,0.010182252683318353,0.012218745095343648,0.009719733782225948,0.009628299571779205,0.009760276537918779,5.032248386604987e-06,0.005005034585013744,0.006540063568360552,0.009719733782225948,0.009628299571779205,0.009760276537918779,5.032248386604987e-06,0.005005034585013744,0.006540063568360552,nan,nan,nan,nan,nan,nan,183.040974973118,182.88471235131004,185.23174750427154,0.11557832181858885,0.005403075836099166,0.006235723076862445,150.62559862933665,150.07924894368279,153.94976193501458,0.14241414999776225,0.010311065859675408,0.012248453844830406,903.7535917760199,900.4754936620966,923.6985716100874,0.8544848999864598,0.010311065859675391,0.012248453844830415,5.162681351993011e-07,5.002662465203739e-07,5.208170736032259e-07,4.5655975634759196e-10,0.01536029560852561,0.018586479596190038,2.742343909730426e-11,2.5996335726831696e-11,2.7762590386994212e-11,5.477481970204564e-14,0.02533710295276466,0.030740718161075525,76.0,74.5,78.5,0.5,0.019465087892639534,0.024526471590221657,76.0,74.5,78.5,0.5,0.019465087892639534,0.024526471590221657,74.0,72.0,76.0,0.5,0.019374588718912518,0.02011673411810543,2130.5,2109.0,2162.0,11.5,0.0093495419134466,0.020868638299735703,2091.0,2072.5,2122.0,5.5,0.008581306565425953,0.0205331565253815,0.98167432457436,0.9753076306955213,0.9969125087072543,0.0027349347365104304,0.008371457419693265,0.028209240510229387,-1.0,-1.0,-1.0,0.0,-0.0,-0.0,-1.0,-1.0,-1.0,0.0,-0.0,-0.0,stable,stable,nan
amd,AMD Threadripper 3970X,cpu,axpy_amd_20260725_215406,4000000,10,50,5,50,0,0,0,-1,22170.0,4.571113281391968e-05,4.546357630649398e-05,4.60051696211096e-05,1.7336176742755832e-07,0.004940212509933098,0.007011361983248245,4.571113281391968e-05,4.546357630649398e-05,4.60051696211096e-05,1.7336176742755832e-07,0.004940212509933098,0.007011361983248245,0.009306915764546685,0.009261448487455845,0.009359403228707618,3.3782354661018865e-05,0.004195125697429799,0.004570733622243298,0.009306915764546685,0.009261448487455845,0.009359403228707618,3.3782354661018865e-05,0.004195125697429799,0.004570733622243298,nan,nan,nan,nan,nan,nan,203.89831447495175,202.41358937632515,204.1297256743369,0.19180936503875046,0.003385223620625389,0.0043429164870782,175.01207755984214,173.89353824885364,175.96512122091607,0.661241319370049,0.0049381278982598255,0.006965289240011821,1050.0724653590528,1043.3612294931218,1055.7907273254964,3.9674479162201806,0.004938127898259843,0.006965289240011799,4.272371837586566e-07,4.21015361599593e-07,4.290330660893215e-07,1.795882330664901e-09,0.007999906061834037,0.011019616531296503,1.9529389342712972e-11,1.9140873035085458e-11,1.9690049862203354e-11,1.6066051949038111e-13,0.01259015993401586,0.017958311024280187,75.0,73.0,77.5,2.0,0.026072873755006,0.03163635397420455,75.0,72.5,77.5,2.5,0.028290091522150587,0.033203834443234936,74.0,72.5,76.0,0.5,0.01691361239624142,0.017428453452167546,2244.5,2230.0,2268.0,12.5,0.006752844233819847,0.01895622110156443,2210.5,2161.5,2247.0,13.0,0.01406492420909379,0.022231240413145583,0.9851684644285541,0.9779853646669905,1.0030697524911605,0.0013902155167691,0.009446586336775517,0.02840285479728559,-1.0,-1.0,-1.0,0.0,-0.0,-0.0,-1.0,-1.0,-1.0,0.0,-0.0,-0.0,stable,stable,nan
amd,AMD Threadripper 3970X,cpu,axpy_amd_20260725_215406,4000000,16,50,5,50,0,0,0,-1,28264.0,3.638155938582232e-05,3.597213412821964e-05,3.7115026224659115e-05,4.0942525760268033e-07,0.013428992297924252,0.015456687860007744,3.638155938582232e-05,3.597213412821964e-05,3.7115026224659115e-05,4.0942525760268033e-07,0.013428992297924252,0.015456687860007744,0.008846980262232846,0.008810877423577695,0.008977673880239961,3.6102838655150196e-05,0.007938689648190831,0.008271037079255047,0.008846980262232846,0.008810877423577695,0.008977673880239961,3.6102838655150196e-05,0.007938689648190831,0.008271037079255047,nan,nan,nan,nan,nan,nan,242.97633988791026,240.80346035553714,244.77480265339236,0.6747976793171517,0.006034767874335729,0.007790271936149962,219.89226426763162,215.54615144652496,222.39450790500035,2.5022436373687356,0.013422730802170038,0.015384568755679241,1319.3535856057897,1293.2769086791498,1334.3670474300022,15.013461824212527,0.013422730802170092,0.015384568755679251,3.2160813069593924e-07,3.1678917800576237e-07,3.325885606693124e-07,4.818952690176868e-09,0.02128075511914451,0.02355217268496912,1.1700662379519373e-11,1.1395517461935537e-11,1.2321139734003197e-11,3.0514491758383595e-13,0.034616740338654244,0.03907397747398066,79.0,75.5,81.0,1.0,0.026391667948077947,0.03488818307330214,79.0,75.5,81.0,1.0,0.026391667948077947,0.03592940860833069,77.5,74.5,80.0,1.5,0.026938645522131374,0.030833902276278764,2473.0,2460.5,2506.0,12.5,0.0070494988807933414,0.019988207878122853,2448.5,2427.5,2464.0,11.5,0.0058362851563710455,0.017251850374137775,0.9935033785842401,0.9843180499943496,0.9990086430469965,0.003606188446095504,0.005654233779543638,0.02620438962090713,-1.0,-1.0,-1.0,0.0,-0.0,-0.0,-1.0,-1.0,-1.0,0.0,-0.0,-0.0,stable,stable,nan
amd,AMD Threadripper 3970X,cpu,axpy_amd_20260725_215406,4000000,20,50,5,50,0,0,0,-1,28723.0,3.5507264819473476e-05,3.479280377087816e-05,3.576132443405512e-05,1.152661659533131e-07,0.010550591594245075,0.010432019449566055,3.5507264819473476e-05,3.479280377087816e-05,3.576132443405512e-05,1.152661659533131e-07,0.010550591594245075,0.010432019449566055,0.009008692210270647,0.00891659838781296,0.009033026170556804,2.433396028615753e-05,0.005534433815849195,0.006092682575350535,0.009008692210270647,0.00891659838781296,0.009033026170556804,2.433396028615753e-05,0.005534433815849195,0.006092682575350535,nan,nan,nan,nan,nan,nan,252.75746888740235,252.56578176937708,255.69195361835978,0.19168711802527127,0.005186863159890886,0.0055950364176763434,225.30627770532647,223.7055621286786,229.93262128481226,0.7289994929111856,0.010656800717999787,0.010491488748457687,1351.8376662319588,1342.2333727720716,1379.5957277088737,4.37399695746717,0.010656800717999846,0.010491488748457668,3.201509051797223e-07,3.1017025718287125e-07,3.23032758228819e-07,2.8818530490967114e-09,0.016110614809163575,0.016133468051842462,1.1365661796514878e-11,1.078405255503836e-11,1.1552081763501702e-11,1.627295451966896e-13,0.026767618587553398,0.026402917335236434,79.5,78.0,83.5,1.5,0.026669887326941942,0.03661892757701095,79.0,77.5,83.5,1.5,0.02981509198891513,0.03942158742391867,78.5,76.5,81.0,1.0,0.021356717044436608,0.02972095994303924,2654.5,2612.0,2708.0,20.5,0.01358019823826647,0.028630782385769226,2607.5,2566.5,2640.5,32.0,0.012538882972829207,0.028846503178243874,0.9890808946976398,0.979880349614747,0.9948226717824717,0.005741777084831923,0.00671019757389131,0.04005054930316049,-1.0,-1.0,-1.0,0.0,-0.0,-0.0,-1.0,-1.0,-1.0,0.0,-0.0,-0.0,stable,stable,nan
amd,AMD Threadripper 3970X,cpu,axpy_amd_20260725_215406,4000000,32,50,5,50,0,0,0,-1,26020.0,3.939969545525535e-05,1.540754674995418e-05,3.982105047986803e-05,4.2135502461268287e-07,0.3102754555858711,0.28026104338226415,3.939969545525535e-05,1.540754674995418e-05,3.982105047986803e-05,4.2135502461268287e-07,0.3102754555858711,0.28026104338226415,0.009892699340153053,0.00441471806463437,0.009953173689735322,6.047434958226898e-05,0.2786360165591476,0.2515718347720569,0.009892699340153053,0.00441471806463437,0.009953173689735322,6.047434958226898e-05,0.2786360165591476,0.2515718347720569,nan,nan,nan,nan,nan,nan,251.3636727256675,250.1788342241494,286.6710414285988,0.8361698517247476,0.06144388568766758,0.0555859179941727,203.0474106988916,200.8988050805358,519.2261207012646,2.148605618355816,0.5309217721454286,0.4793488769106415,1218.2844641933495,1205.3928304832148,3115.356724207588,12.891633710134784,0.5309217721454287,0.4793488769106415,3.897693864470348e-07,6.801818820238573e-08,3.957938165986492e-07,6.024430151614424e-09,0.44260795039498807,0.39989580768305183,1.5356808700232165e-11,1.0480704546199595e-12,1.576094547572833e-11,4.0413677549616386e-13,0.5131489977584993,0.46383271730787023,69.5,69.0,71.0,0.5,0.01301282387147919,0.02943537157616096,69.5,68.5,71.0,1.0,0.014875495949302524,0.030621866129328518,67.5,66.0,69.0,1.0,0.01771118158206724,0.025916801560707074,3048.5,2863.5,3095.5,20.0,0.030297845651461115,0.031745649330042654,2983.5,2787.0,3027.5,37.0,0.0333963269779332,0.03444543166291697,0.9845633517646534,0.97621514850666,0.9901669498308036,0.005603598066150184,0.006137869314695311,0.026118214059984882,-1.0,-1.0,-1.0,0.0,-0.0,-0.0,-1.0,-1.0,-1.0,0.0,-0.0,-0.0,high_variability,high_variability,nan
amd,AMD Threadripper 3970X,cpu,axpy_amd_20260725_215406,4000000,64,50,5,50,0,0,0,-1,15885.0,6.442736635872297e-05,6.397736356501539e-05,6.470285570834666e-05,2.532890394514164e-07,0.004571214837104643,0.00604962160227067,6.442736635872297e-05,6.397736356501539e-05,6.470285570834666e-05,2.532890394514164e-07,0.004571214837104643,0.00604962160227067,0.014213667453572554,0.014145202580523639,0.014315335689158937,3.61070760397722e-05,0.004371926421976169,0.005323241311924067,0.014213667453572554,0.014145202580523639,0.014315335689158937,3.61070760397722e-05,0.004371926421976169,0.005323241311924067,nan,nan,nan,nan,nan,nan,221.05041377365004,219.85644490214293,221.47333625890562,0.30631788957242634,0.0028795810027703603,0.0031925090575569896,124.17091740038336,123.64216158084105,125.04422749839861,0.4863327148105725,0.0045829183654412685,0.006091276919904447,745.0255044023002,741.8529694850463,750.2653649903916,2.917996288863378,0.004582918365441228,0.006091276919904454,9.171336508933275e-07,9.043350736058949e-07,9.260441955369689e-07,2.347828755589203e-09,0.008621254681935784,0.010906533891862972,5.90436634062513e-11,5.7828337776211144e-11,5.991771481373385e-11,4.522110409425831e-13,0.013240296450618274,0.016750913388242406,68.0,66.0,70.0,1.5,0.024571513260912645,0.040944519755079664,68.0,66.0,70.0,1.5,0.024571513260912645,0.040944519755079664,64.0,62.0,66.0,1.0,0.023659517766151484,0.03601318483410881,4123.5,4109.5,4137.0,8.0,0.0025289852774887634,0.01445966539813064,4112.0,4102.0,4117.0,3.5,0.0014218160232575172,0.004982724673144928,0.9979389235552223,0.9952978242853567,0.9996372492109425,0.000986394202677543,0.0016860005784882256,0.015712595938792002,-1.0,-1.0,-1.0,0.0,-0.0,-0.0,-1.0,-1.0,-1.0,0.0,-0.0,-0.0,stable,stable,nan
amd,AMD Threadripper 3970X,cpu,axpy_amd_20260725_215406,8000000,1,50,5,50,0,0,0,-1,309.0,0.003244049843042071,0.003211547956730769,0.0033050855396039606,3.143321804207136e-05,0.011743727610834432,0.010730090859297076,0.003244049843042071,0.003211547956730769,0.0033050855396039606,3.143321804207136e-05,0.011743727610834432,0.010730090859297076,0.23949930128205127,0.23092978205128206,0.24166452265372168,0.0013325255787901558,0.018002086112936945,0.016902123745400455,0.23949930128205127,0.23092978205128206,0.24166452265372168,0.0013325255787901558,0.018002086112936945,0.016902123745400455,nan,nan,nan,nan,nan,nan,74.28900565567218,71.88546769635639,74.50146601447724,0.21246035880506042,0.017409545810165447,0.017230238067431628,4.9321067393915765,4.841024478275645,4.982021215288219,0.048257407147182185,0.0116523300851719,0.010642369030268923,29.59264043634946,29.046146869653867,29.892127291729317,0.2895444428830949,0.011652330085171959,0.010642369030268928,0.0007812704406719624,0.0007419018940044517,0.0007883944211242916,7.1239804523291804e-06,0.024505928050063883,0.022347926192352863,2.5344802346180267e-06,2.3837245980921697e-06,2.6042054658746752e-06,5.6447617935103453e-08,0.03350726458197227,0.03071872961578617,71.0,67.0,72.0,1.0,0.03088245496962792,0.02976951330551036,71.0,67.0,72.0,1.0,0.03088245496962792,0.02976951330551036,65.5,61.5,67.5,1.5,0.03739066496048567,0.057897415126295676,1793.0,1793.0,1825.5,0.0,0.00804632075956202,0.011574303967480238,1794.0,1794.0,1795.0,0.0,0.0002492551529929539,0.011222255680047002,1.0005577244841048,0.9830187897905683,1.0005577244841048,0.0,0.007866857767270337,0.012178551776772113,-1.0,-1.0,-1.0,0.0,-0.0,-0.0,-1.0,-1.0,-1.0,0.0,-0.0,-0.0,stable,stable,nan
amd,AMD Threadripper 3970X,cpu,axpy_amd_20260725_215406,8000000,2,50,5,50,0,0,0,-1,486.0,0.0021232570454545454,0.0021105197789046655,0.0021331291205821208,8.805732323232188e-06,0.004327351487915896,0.004009448332007977,0.0021232570454545454,0.0021105197789046655,0.0021331291205821208,8.805732323232188e-06,0.004327351487915896,0.004009448332007977,0.17244969022869022,0.16868233401639343,0.1762851298174442,0.002301268741086937,0.017767230098111316,0.01580024878997631,0.17244969022869022,0.16868233401639343,0.1762851298174442,0.002301268741086937,0.017767230098111316,0.01580024878997631,nan,nan,nan,nan,nan,nan,80.89002802852508,79.49471534649624,83.59527313912774,0.8325347005652759,0.019621478345733887,0.0165981317287673,7.535593371312257,7.500719432915464,7.581071419657144,0.031123825159942164,0.004334880141976915,0.004014480966394083,45.21356022787354,45.004316597492775,45.48642851794286,0.18674295095965476,0.0043348801419769165,0.0040144809663940646,0.0003680338227962386,0.00035803202834436406,0.00037184321001459595,3.8093872183573305e-06,0.016995015955207228,0.016031762615064043,7.845095056674338e-07,7.597648077611455e-07,7.922457583910107e-07,7.736252723576888e-09,0.01751953819926677,0.01724752173507441,69.0,67.5,71.5,0.5,0.02134280926736994,0.02805357693850951,69.0,67.5,71.5,0.5,0.02134280926736994,0.02805357693850951,65.0,61.5,67.5,2.5,0.03739625645587669,0.056728978937641616,1912.0,1910.0,1927.5,2.0,0.004542699189096309,0.015869589682263954,1834.0,1834.0,1835.0,0.0,0.00024381942836111542,0.007258087576632105,0.9597174965898816,0.9517817994865261,0.9617265903761291,0.0011776150308617783,0.004037643167078142,0.0178136853031957,-1.0,-1.0,-1.0,0.0,-0.0,-0.0,-1.0,-1.0,-1.0,0.0,-0.0,-0.0,stable,stable,nan
amd,AMD Threadripper 3970X,cpu,axpy_amd_20260725_215406,8000000,4,50,5,50,0,0,0,-1,1779.0,0.00064442234386174,0.0006107029538163717,0.0006476997945474986,3.2774506857585588e-06,0.0290943273866804,0.026093660641518794,0.00064442234386174,0.0006107029538163717,0.0006476997945474986,3.2774506857585588e-06,0.0290943273866804,0.026093660641518794,0.06600793943584071,0.06085080005425936,0.06928880601907032,0.0017119018137844166,0.04837555618238,0.04617525499623434,0.06600793943584071,0.06085080005425936,0.06928880601907032,0.0017119018137844166,0.04837555618238,0.04617525499623434,nan,nan,nan,nan,nan,nan,103.55615938561988,99.09308170002518,107.68130769507431,3.9945676419461336,0.04007980009620306,0.03819095863550984,24.8284449893086,24.70280235459336,26.199316570221395,0.12564263471524129,0.02940896361467996,0.02636319030577705,148.97066993585162,148.21681412756016,157.19589942132836,0.7538558082914619,0.029408963614679876,0.026363190305777044,4.150925429916209e-05,3.738781534164534e-05,4.4734271924497556e-05,1.955465310849209e-06,0.06877423003223272,0.06437955275492013,2.6798202068401703e-08,2.2966255700796303e-08,2.8870036896688862e-08,2.071834828287159e-09,0.0931964848974104,0.08627978186710288,68.5,68.0,70.5,0.5,0.018729636911063365,0.03331909027632491,68.5,68.0,70.5,0.5,0.018729636911063365,0.03331909027632491,64.5,63.0,68.0,1.0,0.030228140982392498,0.061602778758001416,1988.0,1980.0,2025.5,8.0,0.010129738369468256,0.018621567587157387,1914.0,1908.0,1945.0,6.0,0.008650225964110159,0.01648402614410007,0.9641235407666146,0.9625156576094717,0.9645586590898219,0.0002434654784325696,0.0008403872468644056,0.023978984137850996,-1.0,-1.0,-1.0,0.0,-0.0,-0.0,-1.0,-1.0,-1.0,0.0,-0.0,-0.0,stable,stable,nan
amd,AMD Threadripper 3970X,cpu,axpy_amd_20260725_215406,8000000,8,50,5,50,0,0,0,-1,9684.0,0.00010396417090045436,8.864155074377256e-05,0.00010581649068783069,1.8523197873763299e-06,0.06997802286440195,0.06526821053768017,0.00010396417090045436,8.864155074377256e-05,0.00010581649068783069,1.8523197873763299e-06,0.06997802286440195,0.06526821053768017,0.019328348771168936,0.017782616142945164,0.019626455873015872,0.00012847132018854387,0.03870625522679623,0.036433125897377835,0.019328348771168936,0.017782616142945164,0.019626455873015872,0.00012847132018854387,0.03870625522679623,0.036433125897377835,nan,nan,nan,nan,nan,nan,185.88708166472492,185.41250428164432,200.52036985194835,0.47457738308060016,0.034353457388262246,0.03174590553831841,153.8991739865855,151.20517260446923,180.50225909693154,2.6940013821162836,0.07656402840599952,0.07126767560518178,923.395043919513,907.2310356268154,1083.0135545815892,16.164008292697645,0.0765640284059995,0.0712676756051818,2.0090536061040356e-06,1.5753163563406373e-06,2.0761599714851892e-06,5.0370908025396065e-08,0.10532694237185221,0.09844722839699631,2.0886960881499837e-10,1.3962625975250565e-10,2.1968430145248179e-10,9.171986271289522e-12,0.165487257570593,0.154784217883427,77.5,76.0,79.0,0.5,0.014426245016127676,0.018846422802833006,77.5,76.0,79.0,0.5,0.014426245016127676,0.018846422802833006,74.0,73.5,76.0,0.5,0.013422818791946308,0.01428626169432773,2124.5,2123.0,2142.0,1.5,0.0040395986227013975,0.01865568889653275,2068.0,2050.0,2090.0,15.0,0.008138382423043865,0.014845799442442034,0.9697499843586603,0.96634866638701,0.9762614594652085,0.0034013179716503306,0.004192884908200006,0.02385914181133945,-1.0,-1.0,-1.0,0.0,-0.0,-0.0,-1.0,-1.0,-1.0,0.0,-0.0,-0.0,elevated,stable,nan
amd,AMD Threadripper 3970X,cpu,axpy_amd_20260725_215406,8000000,10,50,5,50,0,0,0,-1,7220.0,0.00014029657229916898,0.00013062798427919113,0.00014415988954818415,3.863317249015171e-06,0.04166823380980161,0.03797170378237951,0.00014029657229916898,0.00013062798427919113,0.00014415988954818415,3.863317249015171e-06,0.04166823380980161,0.03797170378237951,0.02317833698060942,0.02299436456102784,0.023694801486199575,0.00018397241958158228,0.012972279245377336,0.012452603660839787,0.02317833698060942,0.02299436456102784,0.023694801486199575,0.00018397241958158228,0.012972279245377336,0.012452603660839787,nan,nan,nan,nan,nan,nan,165.65159076941694,162.75708960786244,176.3168297872453,2.8945011615545013,0.03228573021614869,0.029258213262874803,114.04415143552924,110.98825917710434,122.48530118751101,3.0558922584249046,0.042360652137601644,0.03855251783287962,684.2649086131755,665.9295550626262,734.9118071250662,18.33535355054937,0.042360652137601616,0.038552517832879614,3.250634445568111e-06,3.0080817164929467e-06,3.39053584955513e-06,1.3990140398701894e-07,0.05339780823814498,0.04867698757184377,4.5596040645563355e-10,3.9302748577719383e-10,4.887284265199919e-10,3.2768020064358323e-11,0.09402693083163437,0.08575724694328096,72.0,71.0,74.5,1.0,0.019163586913690064,0.02265729883825645,72.0,71.0,74.5,1.0,0.019163586913690064,0.02265729883825645,65.5,65.0,68.5,0.5,0.02420332810841812,0.03655311649009467,2204.5,2200.5,2233.5,4.0,0.006310450219277585,0.016857317282824923,2169.0,2132.0,2189.0,13.0,0.01014352032161139,0.016272358994748524,0.9848006686408866,0.9684164092422491,0.988667719716513,0.0038670510756264598,0.008352401853241235,0.01932922025310495,-1.0,-1.0,-1.0,0.0,-0.0,-0.0,-1.0,-1.0,-1.0,0.0,-0.0,-0.0,stable,stable,nan
amd,AMD Threadripper 3970X,cpu,axpy_amd_20260725_215406,8000000,16,50,5,50,0,0,0,-1,16815.0,6.082393809295064e-05,6.043274335414808e-05,6.251834298056155e-05,2.384484994927936e-07,0.013656493813777733,0.014312270825030256,6.082393809295064e-05,6.043274335414808e-05,6.251834298056155e-05,2.384484994927936e-07,0.013656493813777733,0.014312270825030256,0.01648347329148407,0.016354502586975912,0.01680558395556927,4.412806554727339e-05,0.01030277779241533,0.00994363440405711,0.01648347329148407,0.016354502586975912,0.01680558395556927,4.412806554727339e-05,0.01030277779241533,0.00994363440405711,nan,nan,nan,nan,nan,nan,270.3723874194884,268.7576834375818,271.8353430037873,1.0545887838603107,0.00456265163967304,0.005987659361607201,263.0543350375714,255.92489283870762,264.7592785044063,1.0271672953393818,0.013460451082764207,0.014098005379948627,1578.326010225428,1535.5493570322458,1588.5556710264377,6.163003772036063,0.013460451082764134,0.014098005379948621,1.0056689386741437e-06,9.880199403615973e-07,1.0492734131944725e-06,8.836705881030815e-09,0.023402878287234963,0.024041991648987588,6.116875176896707e-11,5.968957193951217e-11,6.561303827625743e-11,7.606423024626249e-13,0.03749881864278007,0.03863482583565597,84.0,83.0,85.5,1.0,0.011562033623735427,0.023476022661760316,84.0,83.0,85.5,1.0,0.011562033623735427,0.023476022661760316,82.0,81.0,83.0,1.0,0.010894362862361949,0.01968358542280753,2416.5,2393.0,2433.0,9.5,0.00619049086126787,0.016902792853765763,2383.0,2361.5,2401.0,16.5,0.007274714228742739,0.01781708032510176,0.9840013261431508,0.9831719932069858,0.996420243484357,0.0008293329361650503,0.005643245916967546,0.022554119783225603,-1.0,-1.0,-1.0,0.0,-0.0,-0.0,-1.0,-1.0,-1.0,0.0,-0.0,-0.0,stable,stable,nan
amd,AMD Threadripper 3970X,cpu,axpy_amd_20260725_215406,8000000,20,50,5,50,0,0,0,-1,12771.0,7.928620977214e-05,7.572597473613294e-05,9.035469283399351e-05,3.4301655300188633e-06,0.07088010573482999,0.06457161928504068,7.928620977214e-05,7.572597473613294e-05,9.035469283399351e-05,3.4301655300188633e-06,0.07088010573482999,0.06457161928504068,0.018945326716780203,0.018389863537689947,0.020282677259632696,0.0005121697406674924,0.03790178753218304,0.03416000630675528,0.018945326716780203,0.018389863537689947,0.020282677259632696,0.0005121697406674924,0.03790178753218304,0.03416000630675528,nan,nan,nan,nan,nan,nan,238.68937553185822,224.20723079417365,242.87834003287708,3.9635567286863704,0.03190262312003415,0.029200536023629185,201.80056752414993,177.0799366704322,211.28839202798986,8.368490625290491,0.06751848383114653,0.06136103711807635,1210.8034051448997,1062.4796200225933,1267.7303521679391,50.210943751743116,0.06751848383114649,0.06136103711807634,1.500142628230349e-06,1.393513548711858e-06,1.8326362260345176e-06,1.0662907951849099e-07,0.11017354711823556,0.10007141868079357,1.189406602903368e-10,1.05525388900531e-10,1.655874213998684e-10,1.3415271389805795e-11,0.18580179944074604,0.16918191611820363,79.0,78.5,81.5,0.5,0.01474973509378437,0.030396112522097386,79.0,78.5,81.5,0.5,0.01474973509378437,0.030396112522097386,76.0,74.0,77.0,1.0,0.015081685517184367,0.034583671774996584,2559.5,2545.0,2600.5,11.0,0.008182494522889711,0.0208600667909733,2522.0,2505.5,2557.5,14.5,0.008070137817226024,0.01400613523482317,0.9862197803969324,0.9787384352836763,0.9905925662321519,0.004372785835219495,0.005351485658551062,0.021422390537708745,-1.0,-1.0,-1.0,0.0,-0.0,-0.0,-1.0,-1.0,-1.0,0.0,-0.0,-0.0,elevated,stable,nan
amd,AMD Threadripper 3970X,cpu,axpy_amd_20260725_215406,8000000,32,50,5,50,0,0,0,-1,19383.0,5.1988345087510966e-05,3.133171641928643e-05,5.2456508391354053e-05,4.3814038945338366e-07,0.1944248715422417,0.17628991803495972,5.1988345087510966e-05,3.133171641928643e-05,5.2456508391354053e-05,4.3814038945338366e-07,0.1944248715422417,0.17628991803495972,0.013987632537496172,0.008873580805752741,0.014188494362464926,9.394598492037942e-05,0.1778344716094182,0.16100737615486477,0.013987632537496172,0.008873580805752741,0.014188494362464926,9.394598492037942e-05,0.1778344716094182,0.16100737615486477,nan,nan,nan,nan,nan,nan,269.0385025768005,267.0982636331997,283.6216279554212,1.371847506233621,0.024778914719923086,0.022262166211031623,307.76262494312914,305.0146594807742,510.665088022722,2.5733702640494585,0.2629429771652998,0.23864894998027414,1846.5757496587748,1830.0879568846449,3063.990528136332,15.440221584296523,0.2629429771652999,0.2386489499802742,7.267372843729148e-07,2.7818323120437284e-07,7.446210555492207e-07,1.2152415251833839e-08,0.31711892762514304,0.28736104467054696,3.7758167782823055e-11,8.72095327159193e-12,3.9042289453593005e-11,1.0129373747023814e-12,0.4088530386040504,0.3704696110166093,72.0,71.0,74.0,1.0,0.01574827935219804,0.029030099449004164,72.0,71.0,74.0,1.0,0.01574827935219804,0.029406154556938943,68.5,68.0,71.0,0.0,0.017325597077377825,0.024543487582773346,2966.5,2923.0,3071.5,37.0,0.02027338927729247,0.03602578158480765,2866.0,2811.0,2918.5,29.5,0.014333345757596844,0.02263653727730185,0.9673094516609528,0.9047598929073053,0.9870654928398958,0.014123701134815092,0.03424529642570005,0.040133477677457105,-1.0,-1.0,-1.0,0.0,-0.0,-0.0,-1.0,-1.0,-1.0,0.0,-0.0,-0.0,high_variability,high_variability,nan
amd,AMD Threadripper 3970X,cpu,axpy_amd_20260725_215406,8000000,64,50,5,50,0,0,0,-1,13258.0,7.627604076783828e-05,7.34210945654518e-05,7.745128644755995e-05,1.1752456797216716e-06,0.021360793548017353,0.01967083769337743,7.627604076783828e-05,7.34210945654518e-05,7.745128644755995e-05,1.1752456797216716e-06,0.021360793548017353,0.01967083769337743,0.02016631724241967,0.018803530443533896,0.020700147399065345,0.0004230783875376204,0.03765205653679458,0.03286430408849845,0.02016631724241967,0.018803530443533896,0.020700147399065345,0.0004230783875376204,0.03765205653679458,0.03286430408849845,nan,nan,nan,nan,nan,nan,267.20958484196296,257.33202912767604,269.0708815865969,1.8612967446339326,0.01759632436807147,0.01824852046582266,209.76442852259925,206.5815567486565,217.92107345474182,3.182871773942736,0.02160004894972964,0.019842234217338755,1258.5865711355955,1239.489340491939,1307.5264407284508,19.09723064365653,0.021600048949729615,0.019842234217338744,1.5382685536726353e-06,1.377094954306584e-06,1.6024272707647193e-06,4.6172589748680845e-08,0.058463279709059617,0.05062700128905673,1.1747943455713004e-10,1.0085380334728653e-10,1.241060413815754e-10,4.418490141471269e-12,0.07946071605680605,0.06900628394160405,73.5,72.5,78.0,1.0,0.033993463423951896,0.04128424468151787,73.5,72.5,78.0,1.0,0.033993463423951896,0.04128424468151787,70.0,68.0,74.5,1.5,0.03669889398512447,0.046377255718880295,4081.0,3996.5,4113.5,18.5,0.01095725161800847,0.025218238266861693,4003.5,3918.5,4028.0,12.0,0.010533067214875163,0.01105903802505468,0.9817630847392638,0.9757408056042032,0.9870765394846066,0.0025899521012742177,0.004402634917248772,0.028698212891407497,-1.0,-1.0,-1.0,0.0,-0.0,-0.0,-1.0,-1.0,-1.0,0.0,-0.0,-0.0,stable,stable,nan
amd,AMD Threadripper 3970X,cpu,axpy_amd_20260725_215406,16000000,1,50,5,50,0,0,0,-1,152.0,0.006587744588815789,0.006558197421568627,0.006604536565789474,1.1450069078947946e-05,0.002769664521381975,0.00511133914040456,0.006587744588815789,0.006558197421568627,0.006604536565789474,1.1450069078947946e-05,0.002769664521381975,0.00511133914040456,0.47914747385620915,0.4748239705882353,0.4890754177631579,0.002195496538527686,0.010977109041619236,0.011554970322805936,0.47914747385620915,0.4748239705882353,0.4890754177631579,0.002195496538527686,0.010977109041619236,0.011554970322805936,nan,nan,nan,nan,nan,nan,72.6610106775321,72.04928370420022,74.17418351915154,0.21115708800046207,0.01083945293010214,0.01017311087024028,4.857504966594952,4.845155325827431,4.879390018429466,0.008428426365093777,0.0027738936939519774,0.005086745705624431,29.145029799569716,29.070931954964585,29.27634011057679,0.050570558190567994,0.002773893693951911,0.0050867457056244245,0.003158625940404282,0.003116185274575095,0.00322102479870239,2.050443677119448e-05,0.012114070126806117,0.014704582753128878,2.084438743166946e-05,2.0423999111944813e-05,2.1213498738395013e-05,1.5284851918739585e-07,0.014089382736313518,0.018772187854834355,70.0,69.0,70.0,0.0,0.007869576975648938,0.014845037047277814,70.0,69.0,70.0,0.0,0.007869576975648938,0.014845037047277814,64.5,62.5,66.5,1.0,0.02347639456362709,0.04604586283431391,1793.0,1793.0,1793.0,0.0,0.0,0.0064269342742096554,1795.0,1794.0,1809.5,1.0,0.004544963598139563,0.012415419569909226,1.0005577244841048,1.0005577244841048,1.0032958671789696,0.0,0.0011855633903322148,0.012265566206594879,-1.0,-1.0,-1.0,0.0,-0.0,-0.0,-1.0,-1.0,-1.0,0.0,-0.0,-0.0,stable,stable,nan
amd,AMD Threadripper 3970X,cpu,axpy_amd_20260725_215406,16000000,2,50,5,50,0,0,0,-1,229.0,0.00437094955021834,0.004364530587336245,0.004376773373362446,5.805432314411052e-06,0.0011669037653164846,0.0014309752747830781,0.00437094955021834,0.004364530587336245,0.004376773373362446,5.805432314411052e-06,0.0011669037653164846,0.0014309752747830781,0.35237394759825325,0.34785228165938864,0.35871471397379917,0.0032534847161571623,0.011957045670593499,0.012129396630889622,0.35237394759825325,0.34785228165938864,0.35871471397379917,0.0032534847161571623,0.011957045670593499,0.012129396630889622,nan,nan,nan,nan,nan,nan,80.51681690712476,79.64554193768748,82.01466704029374,0.7668375896393229,0.01179119795619802,0.01220337873478131,7.321063694794245,7.311322242039983,7.331831345899912,0.009710764237790492,0.0011673913480056723,0.0014322614276833633,43.92638216876547,43.867933452239896,43.990988075399464,0.05826458542674828,0.0011673913480056762,0.0014322614276833625,0.0015402040324112585,0.0015184602348370631,0.0015683680403944526,1.1272468603807989e-05,0.01213973040928328,0.012222981225964602,6.733551394527391e-06,6.6277669101966666e-06,6.856016276313628e-06,3.7513974027863294e-08,0.012435087493720198,0.012479919955424546,71.0,69.0,72.5,1.0,0.01844187384781513,0.021809489942334715,71.0,69.0,72.5,1.0,0.01844187384781513,0.021809489942334715,64.0,63.0,68.5,1.0,0.03286707089014105,0.05167396023399876,1832.0,1831.0,1849.5,0.0,0.004331631213284322,0.01304314366069258,1834.0,1833.0,1834.0,0.0,0.00024387261178970333,0.0073383457022212824,1.0010917030567685,0.9917081439761615,1.0010922992900055,0.0,0.00419981825717402,0.014407438930993942,-1.0,-1.0,-1.0,0.0,-0.0,-0.0,-1.0,-1.0,-1.0,0.0,-0.0,-0.0,stable,stable,nan
amd,AMD Threadripper 3970X,cpu,axpy_amd_20260725_215406,16000000,4,50,5,50,0,0,0,-1,293.0,0.003545385798305085,0.003539227967576792,0.0035656308068965515,2.6534277223124597e-06,0.002866939458274967,0.0026455280129074367,0.003545385798305085,0.003539227967576792,0.0035656308068965515,2.6534277223124597e-06,0.002866939458274967,0.0026455280129074367,0.3280951105442177,0.31071164675767915,0.35516007534246574,0.014633548475252223,0.05544576607591792,0.05029110287237025,0.3280951105442177,0.31071164675767915,0.35516007534246574,0.014633548475252223,0.05544576607591792,0.05029110287237025,nan,nan,nan,nan,nan,nan,92.59283861386517,87.8129230280453,100.08897954535664,4.639248755519347,0.05583960428662513,0.05086213002742298,9.02581628389636,8.974569183415575,9.041519931249724,0.006750139772398356,0.002858691409957997,0.002638191907070833,54.15489770337816,53.84741510049346,54.24911958749834,0.04050083863439369,0.0028586914099579374,0.0026381919070708228,0.001162663262786849,0.0010995292974429085,0.0012598192973423822,4.5315816746200385e-05,0.05501534496191158,0.04983682208041904,4.120727041104464e-06,3.891269508694438e-06,4.466531356436685e-06,1.3789253431348626e-07,0.05448338908481494,0.04950359220243836,68.0,67.0,70.0,1.0,0.01666923136109851,0.024010693570257004,68.0,67.0,70.0,1.0,0.01666923136109851,0.024010693570257004,62.5,59.5,64.5,0.5,0.02875971675240887,0.05107321823112464,1989.5,1981.0,2011.5,8.0,0.006220147312039503,0.01795706254040361,1910.5,1909.5,1915.0,1.0,0.0013154907772736995,0.01043469269664358,0.9625441088743516,0.9562090321414041,0.9646733524486659,0.0008582131852142849,0.003404635535548273,0.01959615208035751,-1.0,-1.0,-1.0,0.0,-0.0,-0.0,-1.0,-1.0,-1.0,0.0,-0.0,-0.0,stable,elevated,nan
amd,AMD Threadripper 3970X,cpu,axpy_amd_20260725_215406,16000000,8,50,5,20,30,0,0,-1,1258.0,0.0010246587730524644,0.0009908116167192428,0.0010421033940714907,1.7444621019026274e-05,0.02220162410077867,0.01987427203006377,0.0010246587730524644,0.0009908116167192428,0.0010421033940714907,1.7444621019026274e-05,0.02220162410077867,0.01987427203006377,0.11636294856146469,0.11275450945017182,0.12076224880763117,0.0036084391112928688,0.02907188510163301,0.026778901596685813,0.11636294856146469,0.11275450945017182,0.12076224880763117,0.0036084391112928688,0.02907188510163301,0.026778901596685813,nan,nan,nan,nan,nan,nan,112.69231935630489,111.64743983371767,121.75274032069754,1.0448795225872232,0.03880156842795101,0.03550598343717996,31.229914133368524,30.7071257846799,32.29675541001038,0.5227883486886249,0.022320433949926423,0.019977004323534803,187.37948480021112,184.24275470807942,193.78053246006232,3.1367300921316996,0.022320433949926503,0.019977004323534813,0.00012047768486806184,0.00011285260197951011,0.00012373430237438233,8.463897519652786e-07,0.03402422079102918,0.031167504109887546,1.2505330591670109e-07,1.1295077990754901e-07,1.2677952747440196e-07,1.7262215577008715e-09,0.04928293914711119,0.044830110089078445,67.5,67.0,72.0,0.5,0.029649775199401318,0.03435214913079181,67.5,67.0,72.0,0.5,0.029649775199401318,0.03435214913079181,62.5,62.0,68.0,0.5,0.03907161521946282,0.06316880145722704,2132.0,2108.5,2151.5,6.5,0.007354781423664821,0.01610738660291005,2063.0,2059.5,2100.0,3.0,0.008213667580382644,0.010002567129699111,0.9764083164026556,0.9672286764149879,0.9838589141857024,0.007450597783046797,0.00791096955877684,0.01965730736295605,-1.0,-1.0,-1.0,0.0,-0.0,-0.0,-1.0,-1.0,-1.0,0.0,-0.0,-0.0,stable,stable,nan
amd,AMD Threadripper 3970X,cpu,axpy_amd_20260725_215406,16000000,10,50,5,0,50,0,0,-1,845.0,0.0014949723080094229,0.0014739793663194444,0.0015076006349583827,1.3503640143865646e-06,0.00814095587299639,0.007328233712895399,0.0014949723080094229,0.0014739793663194444,0.0015076006349583827,1.3503640143865646e-06,0.00814095587299639,0.007328233712895399,0.16217012485136742,0.15851762440476191,0.1715605100591716,0.0036525004466055055,0.038723994498449515,0.03557615426526597,0.16217012485136742,0.15851762440476191,0.1715605100591716,0.0036525004466055055,0.038723994498449515,0.03557615426526597,nan,nan,nan,nan,nan,nan,108.34762984160415,105.93717706861847,114.77307394913578,2.4104527729856784,0.03791939984648062,0.034791309079232675,21.405078781562153,21.225780465009912,21.709937926668204,0.019317064964596398,0.00818444616067268,0.007367539873000661,128.43047268937292,127.35468279005948,130.25962756000922,0.11590238978757839,0.00818444616067265,0.00736753987300063,0.00024439962156416517,0.0002356022241945726,0.0002565023760945618,8.797397369592584e-06,0.041011424251484165,0.037692678502354464,3.683849369704175e-07,3.472059103935807e-07,3.8340687004341705e-07,1.4771696810367515e-08,0.04450944798032552,0.040914755107457915,66.5,63.0,72.0,0.5,0.04855121605055819,0.059762217251296455,66.5,63.0,72.0,0.5,0.04855121605055819,0.059762217251296455,62.0,56.0,70.0,0.5,0.0795989949685296,0.09497330920440351,2206.0,2203.0,2214.0,2.0,0.0018788965118767468,0.013681275066864784,2142.0,2136.5,2144.0,2.0,0.0017290377468418506,0.00722526252830139,0.969359963685883,0.9691747493013316,0.9775568630158604,0.00018521438455132433,0.0037422624283483907,0.01514200153970656,-1.0,-1.0,-1.0,0.0,-0.0,-0.0,-1.0,-1.0,-1.0,0.0,-0.0,-0.0,stable,stable,nan
amd,AMD Threadripper 3970X,cpu,axpy_amd_20260725_215406,16000000,16,50,5,0,50,0,0,-1,1479.0,0.000977084542596349,0.0009506906824748743,0.0010178213054975644,2.6393860121474684e-05,0.02972553497442336,0.02701718948755926,0.000977084542596349,0.0009506906824748743,0.0010178213054975644,2.6393860121474684e-05,0.02972553497442336,0.02701718948755926,0.13228907933194156,0.12581482726130655,0.14015948754098362,0.0039988498019166985,0.0421641955965951,0.038120643351133805,0.13228907933194156,0.12581482726130655,0.14015948754098362,0.0039988498019166985,0.0421641955965951,0.038120643351133805,nan,nan,nan,nan,nan,nan,132.65355706798954,129.92200289265298,145.99778331277793,2.573880751657896,0.046398874465203015,0.04181663023234524,32.750492535025444,31.439704753968698,33.65973928735578,0.9092467523303327,0.02960722164061169,0.026915514732828216,196.50295521015266,188.6382285238122,201.9584357241347,5.455480513982025,0.029607221640611664,0.026915514732828192,0.00013453645848666675,0.00011935968659485502,0.00013740309992801608,2.866641441349332e-06,0.05693700253731464,0.05091801835853009,1.291748855020021e-07,1.1335938739161698e-07,1.3844991246854458e-07,8.019324963382264e-09,0.08048247302228109,0.07197304565904578,68.0,66.0,69.0,1.0,0.016866500371289027,0.027158168334618895,68.0,66.0,69.0,1.0,0.016866500371289027,0.027158168334618895,61.0,59.5,63.5,1.0,0.024019350494711118,0.05699765004055433,2402.5,2389.5,2433.0,13.0,0.008510933713228303,0.012603764761212813,2364.5,2358.0,2365.5,1.0,0.00139253260053008,0.0069680156901434365,0.9861812528200138,0.97327285272451,0.9874398152335557,0.0012585624135419415,0.007468186564127335,0.014204879270210694,-1.0,-1.0,-1.0,0.0,-0.0,-0.0,-1.0,-1.0,-1.0,0.0,-0.0,-0.0,stable,stable,nan
amd,AMD Threadripper 3970X,cpu,axpy_amd_20260725_215406,16000000,20,50,5,0,50,0,0,-1,672.0,0.0019498486237113403,0.0019445800343511452,0.0019589182626488094,5.268589360195091e-06,0.0033963462888149136,0.00305766200292537,0.0019498486237113403,0.0019445800343511452,0.0019589182626488094,5.268589360195091e-06,0.0033963462888149136,0.00305766200292537,0.21686738144329898,0.21626990284005979,0.22513563913690476,0.0005974786032391932,0.01695854849720286,0.01517306465508748,0.21686738144329898,0.21626990284005979,0.22513563913690476,0.0005974786032391932,0.01695854849720286,0.01517306465508748,nan,nan,nan,nan,nan,nan,111.49676836458465,111.12747897024313,114.90823188387279,0.3692893943415214,0.014033634199463563,0.012887824562228116,16.411530420471987,16.33554632762978,16.455995534360824,0.04446511388883678,0.003394448155461596,0.0030558429412390056,98.46918252283193,98.01327796577867,98.73597320616494,0.2667906833330136,0.003394448155461583,0.0030558429412389974,0.00042292889712021946,0.00042090144809698107,0.00044080523201156453,2.0274490232383906e-06,0.019780013513975972,0.017697567498926,8.247923190470641e-07,8.191525237302787e-07,8.627998261303895e-07,5.639795316785386e-09,0.02258449628225581,0.020373274871733852,66.5,65.0,67.0,0.5,0.01372046988261703,0.026955388931688872,66.5,65.0,67.0,0.5,0.01372046988261703,0.026955388931688872,61.0,60.0,62.0,0.5,0.012177665824459217,0.04878844650117016,2556.5,2541.5,2582.0,12.0,0.006123599768199563,0.00956177506360941,2499.0,2421.0,2514.0,15.0,0.018005081009428835,0.07287722315554847,0.9751609963319199,0.9392447445369603,0.9852443344201586,0.010083338088238691,0.02019584083809352,0.07431500014114123,-1.0,-1.0,-1.0,0.0,-0.0,-0.0,-1.0,-1.0,-1.0,0.0,-0.0,-0.0,stable,stable,nan
amd,AMD Threadripper 3970X,cpu,axpy_amd_20260725_215406,16000000,32,50,5,20,30,0,0,-1,1602.0,0.0007951313779761904,0.0007027492272016675,0.0008151803885523925,2.004901057620209e-05,0.05851683031732224,0.053112331849615876,0.0007951313779761904,0.0007027492272016675,0.0008151803885523925,2.004901057620209e-05,0.05851683031732224,0.053112331849615876,0.13386007407407408,0.12070666206357478,0.13622422409488139,0.0023641500208073096,0.04926643781291754,0.044369941426565536,0.13386007407407408,0.12070666206357478,0.13622422409488139,0.0023641500208073096,0.04926643781291754,0.044369941426565536,nan,nan,nan,nan,nan,nan,168.05579722341324,166.75691088498797,171.98964801270034,0.3006912998496034,0.011703879422724082,0.010391060444922757,40.24492255431055,39.255120666710795,45.53544684412099,0.9898018875997536,0.06217751507270838,0.05644446032687119,241.4695353258633,235.53072400026474,273.2126810647259,5.93881132559855,0.06217751507270834,0.05644446032687117,0.00010641038011665485,8.48105767534164e-05,0.0001109317485397889,4.521368423134048e-06,0.10502085941822359,0.09473491572261661,8.46196096736861e-08,5.9589548707113396e-08,9.038725272978227e-08,5.767643056096164e-09,0.15679963066269811,0.141923548736661,65.5,64.0,69.0,1.5,0.031193153016619783,0.03779770559670416,65.5,64.0,69.0,1.5,0.031193153016619783,0.03779770559670416,60.5,59.5,63.5,1.0,0.027025784087425963,0.050724282526708714,2989.0,2963.0,3012.0,1.5,0.0058144790458022535,0.015264755537985135,2954.0,2940.0,2963.5,7.5,0.0031496069224268017,0.005644003646574362,0.9910779773885292,0.9886248208309416,0.992066334337691,0.0009883569491617727,0.001472078171265689,0.015190273686820112,-1.0,-1.0,-1.0,0.0,-0.0,-0.0,-1.0,-1.0,-1.0,0.0,-0.0,-0.0,elevated,stable,nan
amd,AMD Threadripper 3970X,cpu,axpy_amd_20260725_215406,16000000,64,50,5,40,10,0,0,-1,1276.0,0.000904041598354232,0.0008625158222222222,0.0009213727775061125,1.6559739327026766e-05,0.026014161307750253,0.023549601051940032,0.000904041598354232,0.0008625158222222222,0.0009213727775061125,1.6559739327026766e-05,0.026014161307750253,0.023549601051940032,0.15420559247648902,0.14820333804713803,0.15669734107579464,0.002491748599305621,0.022576276315672533,0.020481868459483164,0.15420559247648902,0.14820333804713803,0.15669734107579464,0.002491748599305621,0.022576276315672533,0.020481868459483164,nan,nan,nan,nan,nan,nan,170.596986647876,169.96723078026858,171.7519228310179,0.1857486370901711,0.0038644187033045362,0.003854501688150996,35.39660237135767,34.730789486317825,37.10077746818671,0.6604727748829902,0.026398715447792865,0.023888093488971394,212.37961422814607,208.38473691790696,222.60466480912032,3.9628366492979694,0.026398715447792934,0.023888093488971415,0.0001394201966327555,0.00012785149142286394,0.00014433215607621939,4.91195944346388e-06,0.04814536635676351,0.04369790433323732,1.2604165378913687e-07,1.1029260324497488e-07,1.329947548605855e-07,6.881341871470549e-09,0.07342781405110739,0.06660358210912216,67.0,66.5,69.0,0.5,0.014814814814814815,0.034641449458077976,67.0,66.5,69.0,0.5,0.014814814814814815,0.034641449458077976,63.0,61.0,64.5,1.0,0.022762831579135695,0.05601864139049554,4120.5,4093.5,4145.5,11.0,0.004797837917273561,0.03003055878534692,4147.5,4144.0,4165.0,3.0,0.0020059661219425434,0.0030485277431683243,1.0049887529526904,1.003149939517074,1.0108793953355137,0.0013718462803526954,0.0030848054170974923,0.03214701548195811,-1.0,-1.0,-1.0,0.0,-0.0,-0.0,-1.0,-1.0,-1.0,0.0,-0.0,-0.0,stable,stable,nan
amd,AMD Threadripper 3970X,cpu,axpy_amd_20260725_215406,32000000,1,50,5,50,0,0,0,-1,77.0,0.0130913849025974,0.013004652506493505,0.013162670585526315,7.128568292891387e-05,0.0054545600850025916,0.0060532387142411765,0.0130913849025974,0.013004652506493505,0.013162670585526315,7.128568292891387e-05,0.0054545600850025916,0.0060532387142411765,0.9609959025974026,0.9520067597402597,0.9679881298701298,0.0017659947026658074,0.0059533543753265425,0.0074479505630982825,0.9609959025974026,0.9520067597402597,0.9679881298701298,0.0017659947026658074,0.0059533543753265425,0.0074479505630982825,nan,nan,nan,nan,nan,nan,73.42030949025275,72.91123113292534,73.93501133762818,0.2531908508430405,0.005388219112782577,0.0077041510451057865,4.888711355453204,4.862235369515974,4.921315675550384,0.02647598593722922,0.005455900675135113,0.006028037032326678,29.33226813271922,29.173412217095844,29.527894053302305,0.1588559156233771,0.005455900675135099,0.00602803703232667,0.01257730823061381,0.01237744040275433,0.012713091277234644,7.389869011687443e-05,0.009993584906626411,0.011183744110822682,0.0001646014445628468,0.00016092439055986928,0.0001668840744024502,1.997735022869312e-06,0.01481354386357216,0.016404134059638736,69.0,67.0,71.0,1.5,0.022586545227270605,0.026086108454781654,69.0,67.0,71.0,1.5,0.022586545227270605,0.026086108454781654,64.5,62.5,67.0,2.0,0.02944744932823474,0.05345052429346049,1793.0,1793.0,1823.0,0.0,0.007457703093384513,0.012668827064447394,1794.0,1794.0,1795.0,0.0,0.0002492551529929539,0.01213581963156272,1.0005577244841048,1.00055298504907,1.0011154489682097,0.0,0.00024979333934491827,0.014538649019596346,-1.0,-1.0,-1.0,0.0,-0.0,-0.0,-1.0,-1.0,-1.0,0.0,-0.0,-0.0,stable,stable,nan
amd,AMD Threadripper 3970X,cpu,axpy_amd_20260725_215406,32000000,2,50,5,50,0,0,0,-1,116.0,0.008671122797413795,0.008654107810344827,0.008675439327586208,4.316530172413652e-06,0.0010207884553469124,0.0012692466377571085,0.008671122797413795,0.008654107810344827,0.008675439327586208,4.316530172413652e-06,0.0010207884553469124,0.0012692466377571085,0.694864051724138,0.6912527068965517,0.7058148232758621,0.0036113448275862936,0.008396204805828056,0.008622631406975731,0.694864051724138,0.6912527068965517,0.7058148232758621,0.0036113448275862936,0.008396204805828056,0.008622631406975731,nan,nan,nan,nan,nan,nan,80.21518227717502,79.82668259530479,81.36533751322108,0.3884996818702291,0.007980449643579697,0.008284424185149557,7.38082043367206,7.377148013674686,7.395332858930026,0.003672419997373666,0.0010214732895802111,0.0012707171030257806,44.28492260203236,44.262888082048114,44.37199715358015,0.02203451998424555,0.0010214732895802037,0.0012707171030257925,0.00601926121438189,0.005986156010345925,0.006122687872096801,3.3105204035965494e-05,0.00887597875760246,0.00912639669929447,5.2134985525360185e-05,5.184205774466232e-05,5.3112099061116016e-05,2.9292778069786596e-07,0.00943719758175041,0.009769568059003213,71.0,70.0,72.5,0.5,0.013526993011020639,0.021864694504946394,71.0,70.0,72.5,0.5,0.013526993011020639,0.021864694504946394,66.5,66.0,68.5,0.5,0.01552128843811955,0.04540895427314104,1832.0,1832.0,1832.0,0.0,0.0,0.00619944511955039,1834.0,1834.0,1834.0,0.0,0.0,0.011303751189837003,1.0010917030567685,1.0010917030567685,1.0010917030567685,0.0,0.0,0.013159695775735308,-1.0,-1.0,-1.0,0.0,-0.0,-0.0,-1.0,-1.0,-1.0,0.0,-0.0,-0.0,stable,stable,nan
amd,AMD Threadripper 3970X,cpu,axpy_amd_20260725_215406,32000000,4,50,5,50,0,0,0,-1,139.0,0.007205906769784172,0.007198922852517987,0.0072089635,3.056730215828321e-06,0.000654354360793149,0.0008179349053444389,0.007205906769784172,0.007198922852517987,0.0072089635,3.056730215828321e-06,0.000654354360793149,0.0008179349053444389,0.7190430607142857,0.6507644532374102,0.723970143884892,0.003832488771839726,0.04414956722709804,0.04093045077089242,0.7190430607142857,0.6507644532374102,0.723970143884892,0.003832488771839726,0.04414956722709804,0.04093045077089242,nan,nan,nan,nan,nan,nan,99.89423269262099,90.29825522739955,100.46161760806478,0.567384915443796,0.04440812859698944,0.04110233643753674,8.881603265283019,8.877836604206248,8.890218919248301,0.0037666610767708164,0.0006544508328307084,0.0008182146450622278,53.28961959169812,53.267019625237495,53.34131351548981,0.0225999664606249,0.0006544508328306057,0.0008182146450622077,0.005176155339547401,0.004688615454631489,0.0052193192310038975,2.481704224883887e-05,0.04416137765498194,0.0407746091576781,3.726956184934653e-05,3.3780454659804846e-05,3.762607608279894e-05,1.894777236310203e-07,0.044210701515578876,0.040634978644536926,70.0,68.0,71.0,1.0,0.018679663052156587,0.026648248240623222,70.0,68.0,71.0,1.0,0.018679663052156587,0.026648248240623222,65.0,62.5,68.0,0.5,0.0304325848788924,0.05481302819050517,1904.0,1904.0,1910.0,0.0,0.001368574032791571,0.012442360890126474,1910.0,1908.0,1915.0,2.0,0.0014990913059654855,0.006601446486633731,1.0023641353546147,1.0015764586591733,1.002626050420168,0.00026053656139590764,0.0004297152390185637,0.013053706351885035,-1.0,-1.0,-1.0,0.0,-0.0,-0.0,-1.0,-1.0,-1.0,0.0,-0.0,-0.0,stable,stable,nan
amd,AMD Threadripper 3970X,cpu,axpy_amd_20260725_215406,32000000,8,50,5,50,0,0,0,-1,148.0,0.0071179240810810805,0.007087004483333333,0.007141973864864866,7.418456081081243e-06,0.002830250377713765,0.0033096628217885527,0.0071179240810810805,0.007087004483333333,0.007141973864864866,7.418456081081243e-06,0.002830250377713765,0.0033096628217885527,0.7265261466666666,0.7116810608108108,0.8612205067114094,0.014845085855855755,0.08582693470780413,0.07984868077919258,0.7265261466666666,0.7116810608108108,0.8612205067114094,0.014845085855855755,0.08582693470780413,0.07984868077919258,nan,nan,nan,nan,nan,nan,102.43483667380508,99.66698551924381,121.11695929402902,2.7678511545612707,0.08621218125228783,0.07980918026679436,8.99138568006046,8.961108123372515,9.030613740409756,0.009361353243912518,0.002832699607530198,0.003292407211834174,53.94831408036277,53.766648740235084,54.18368244245853,0.056168119463471555,0.0028326996075302042,0.003292407211834191,0.005152016919570938,0.005081237761773686,0.006126020975490712,7.077915779725181e-05,0.08567616721170632,0.08002726709751752,3.653454168616412e-05,3.6285802965564254e-05,4.357861785389345e-05,2.4873872059986334e-07,0.0855942717085293,0.08034671619079407,68.0,67.0,72.0,1.0,0.03151087701842849,0.033495662075707366,68.0,67.0,72.0,1.0,0.03151087701842849,0.033495662075707366,64.5,60.5,66.5,2.0,0.03768887192110265,0.056334874736551264,2129.0,2124.0,2133.0,0.5,0.0015094202379800476,0.02593320246250697,2066.0,2058.5,2082.0,3.5,0.004315039931192828,0.02546525407961781,0.9694548872180451,0.9678856071261135,0.9785091418110006,0.000491107837933491,0.004399304804644525,0.03313417412209649,-1.0,-1.0,-1.0,0.0,-0.0,-0.0,-1.0,-1.0,-1.0,0.0,-0.0,-0.0,stable,elevated,nan
amd,AMD Threadripper 3970X,cpu,axpy_amd_20260725_215406,32000000,10,50,5,50,0,0,0,-1,158.0,0.006773962962025317,0.00672747234591195,0.006782842594936708,4.478388776908704e-06,0.003258829006494613,0.0028996113229630585,0.006773962962025317,0.00672747234591195,0.006782842594936708,4.478388776908704e-06,0.003258829006494613,0.0028996113229630585,0.768145082278481,0.6965059683544303,0.8313584716981132,0.05331735297911799,0.0724996924027767,0.06596045604048051,0.768145082278481,0.6965059683544303,0.8313584716981132,0.05331735297911799,0.0724996924027767,0.06596045604048051,nan,nan,nan,nan,nan,nan,113.40400857734645,102.71042090557373,123.54615772274998,7.9113245586203504,0.07523561271256869,0.06852821980249657,9.447940652152976,9.435572049922566,9.513231234783596,0.006250330224435885,0.0032714304069928696,0.0029106727469780254,56.68764391291786,56.613432299535404,57.07938740870158,0.037501981346622415,0.0032714304069928098,0.0029106727469780324,0.005203441691750178,0.004723204953316493,0.005594322338071846,0.00035932632993181807,0.06981691476749914,0.06344463203817005,3.525149663489956e-05,3.203479633742371e-05,3.76526068585865e-05,2.4011102236869413e-06,0.06722306879282336,0.060985516356642185,69.5,69.0,71.5,0.5,0.014875495949302524,0.03262437734544671,69.5,69.0,71.5,0.5,0.014875495949302524,0.03262437734544671,65.5,64.5,67.5,1.0,0.018300295712450298,0.06461739899384857,2203.5,2203.0,2217.5,0.5,0.002851319582568391,0.012882128115613777,2140.0,2138.0,2149.5,0.5,0.0021488886457165478,0.009153371519520377,0.9707417147137136,0.9676268488251667,0.9800362976406534,0.0006609180597770825,0.004822325562453019,0.016597092829652705,-1.0,-1.0,-1.0,0.0,-0.0,-0.0,-1.0,-1.0,-1.0,0.0,-0.0,-0.0,stable,elevated,nan
amd,AMD Threadripper 3970X,cpu,axpy_amd_20260725_215406,32000000,16,50,5,50,0,0,0,-1,150.0,0.007155169863333333,0.00715191958,0.00716346495,3.2502833333331385e-06,0.0007298000700077975,0.0007334394796194398,0.007155169863333333,0.00715191958,0.00716346495,3.2502833333331385e-06,0.0007298000700077975,0.0007334394796194398,0.8687790469798659,0.8644980366666666,0.9464842567567567,0.004281010313199274,0.0392472263021082,0.03694730838805285,0.8687790469798659,0.8644980366666666,0.9464842567567567,0.004281010313199274,0.0392472263021082,0.03694730838805285,nan,nan,nan,nan,nan,nan,121.41960706491767,120.79820047919407,132.1535155785444,0.6214065857236051,0.038832559149595734,0.03660054171097684,8.944581527297395,8.9342240813405,8.94864653395453,0.0040650066571341625,0.0007296574076809272,0.0007331240252552611,53.667489163784374,53.605344488043,53.69187920372717,0.024390039942794317,0.0007296574076808801,0.0007331240252552589,0.006216526591553627,0.006186821099752431,0.0067797394067637745,2.970549180119665e-05,0.03972506071955033,0.037305229454087555,4.446982318997314e-05,4.4276277913723495e-05,4.85594543283094e-05,1.9354527624964544e-07,0.04018911571504868,0.03767400370965083,68.5,68.0,71.0,0.5,0.019493876026127413,0.024970289533243924,68.5,68.0,71.0,0.5,0.019493876026127413,0.024970289533243924,64.0,62.0,68.0,0.0,0.03402003462765006,0.05586010591844329,2421.0,2412.0,2427.5,3.5,0.0024377358928983094,0.012836968718901744,2365.0,2359.0,2366.0,1.0,0.0011739095461131743,0.0052550867710450715,0.9807244340058525,0.9754608903287885,0.9822851141299589,0.0015606801241063728,0.003033566817770868,0.013566403422280939,-1.0,-1.0,-1.0,0.0,-0.0,-0.0,-1.0,-1.0,-1.0,0.0,-0.0,-0.0,stable,stable,nan
amd,AMD Threadripper 3970X,cpu,axpy_amd_20260725_215406,32000000,20,50,5,50,0,0,0,-1,142.0,0.007469657989361701,0.007419498545774648,0.00750206414893617,1.8438038807313227e-05,0.004187424268068298,0.003834678808034076,0.007469657989361701,0.007419498545774648,0.00750206414893617,1.8438038807313227e-05,0.004187424268068298,0.003834678808034076,0.913719102112676,0.8844554007092198,0.9589967375886523,0.0061651478873240295,0.029512867657492763,0.026966539706291665,0.913719102112676,0.8844554007092198,0.9589967375886523,0.0061651478873240295,0.029512867657492763,0.026966539706291665,nan,nan,nan,nan,nan,nan,122.37100047140393,117.88530105977125,128.37534824904233,1.5695340316460715,0.03135220764966902,0.028627674217114644,8.567996052281012,8.530985436765224,8.625919879247775,0.02109708524742082,0.0041991364472247494,0.003845093846236996,51.40797631368608,51.18591262059135,51.75551927548665,0.12658251148451427,0.00419913644722467,0.003845093846236998,0.0068214231691460835,0.006635783713417984,0.0071639513040561795,2.5339480894523946e-05,0.028175460229728753,0.02575920791218148,5.0893710857751096e-05,4.978614606941705e-05,5.351201211202671e-05,2.833361539656494e-07,0.027373828507108535,0.02506665721682005,68.5,67.5,69.0,0.5,0.008346818631765287,0.021513874304919408,68.5,67.5,69.0,0.5,0.008346818631765287,0.021513874304919408,62.0,60.5,65.0,0.5,0.02697870997427225,0.055325302076898224,2571.0,2558.0,2576.5,4.0,0.002760596820131119,0.010554127392556567,2518.0,2516.5,2521.5,1.0,0.0007766502746250476,0.006989790801679149,0.9788078072558191,0.9776540021597167,0.9870862319041416,0.0011538050961024116,0.004361746447024003,0.014102126898413973,-1.0,-1.0,-1.0,0.0,-0.0,-0.0,-1.0,-1.0,-1.0,0.0,-0.0,-0.0,stable,stable,nan
amd,AMD Threadripper 3970X,cpu,axpy_amd_20260725_215406,32000000,32,50,5,50,0,0,0,-1,155.0,0.007182893117647059,0.007168510338709678,0.00719732119032258,4.638711802902595e-06,0.0014826477627384086,0.0013723316188526322,0.007182893117647059,0.007168510338709678,0.00719732119032258,4.638711802902595e-06,0.0014826477627384086,0.0013723316188526322,1.0739851928104573,1.0727891419354838,1.0862084512987011,0.0011960508749735421,0.005139684633900901,0.005018353740954879,1.0739851928104573,1.0727891419354838,1.0862084512987011,0.0011960508749735421,0.005139684633900901,0.005018353740954879,nan,nan,nan,nan,nan,nan,149.6320266313685,149.42383273512462,151.3214247921819,0.15008113873068396,0.005241653027460627,0.004974284042900659,8.910058796775552,8.892197313671108,8.927935790820989,0.005757839135533516,0.0014825956442505168,0.0013723049512044392,53.460352780653324,53.35318388202665,53.56761474492592,0.03454703481318688,0.0014825956442504266,0.0013723049512044444,0.007716602111046563,0.007690489116263679,0.007797737053927486,2.6112994782883682e-05,0.005520064289389583,0.005420856824723413,5.544637893661877e-05,5.513231726101946e-05,5.5969115051310566e-05,3.1406167559931063e-07,0.006157805696393342,0.006111402261481893,67.5,66.0,70.0,1.5,0.025299750556933537,0.03279265825517167,67.5,66.0,70.0,1.5,0.025299750556933537,0.03279265825517167,62.5,60.0,67.5,1.5,0.044261394717403056,0.06050641298923507,2975.5,2963.0,2990.0,1.0,0.0032201546470634864,0.008296036447697457,2953.0,2946.0,2964.0,7.0,0.002646764856461474,0.005917578633013903,0.9952947953374898,0.9876376748564637,0.9961181148638748,0.0008233195263850357,0.003902925342944262,0.011192696127698177,-1.0,-1.0,-1.0,0.0,-0.0,-0.0,-1.0,-1.0,-1.0,0.0,-0.0,-0.0,stable,stable,nan
amd,AMD Threadripper 3970X,cpu,axpy_amd_20260725_215406,32000000,64,50,5,50,0,0,0,-1,149.0,0.007359550959731544,0.007220185931818182,0.007377953013513513,1.8402053781969158e-05,0.010287483820863865,0.009713382401277875,0.007359550959731544,0.007220185931818182,0.007377953013513513,1.8402053781969158e-05,0.010287483820863865,0.009713382401277875,1.1382602414965985,1.111422042207792,1.1556932905405406,0.007456293109501688,0.014129719443985198,0.013387199309537816,1.1382602414965985,1.111422042207792,1.1556932905405406,0.007456293109501688,0.014129719443985198,0.013387199309537816,nan,nan,nan,nan,nan,nan,154.59858651064593,153.902232199874,156.56478584548245,0.6963543107719374,0.007411420953306424,0.00712182388703054,8.696182735988334,8.674492863691475,8.86403774750309,0.021689872296859036,0.010326626471750436,0.009744735968606416,52.177096415929995,52.046957182148844,53.18422648501855,0.13013923378115066,0.010326626471750483,0.009744735968606416,0.00837960831177717,0.00802158412494287,0.008528261077616835,0.0001486527658396651,0.023834897396960545,0.02224979890402747,6.169942422933373e-05,5.7909876558466387e-05,6.289399737805784e-05,1.194573148724108e-06,0.03391239829443875,0.031563995419431896,68.0,65.0,74.0,1.0,0.049002146687963884,0.05755594202092039,68.0,65.0,74.0,1.0,0.049002146687963884,0.05755594202092039,64.0,58.0,72.0,1.5,0.0787721670310921,0.08594101285216091,4129.0,4088.0,4151.0,22.0,0.007103608322082044,0.00807616236828399,4171.5,4120.0,4197.0,1.0,0.006760704868981137,0.007242872267411771,1.0109205970008737,1.0074835521523515,1.0197974118851616,0.0031816183462565206,0.004931682881506678,0.005089141976423506,-1.0,-1.0,-1.0,0.0,-0.0,-0.0,-1.0,-1.0,-1.0,0.0,-0.0,-0.0,stable,stable,nan
amd,AMD Threadripper 3970X,cpu,axpy_amd_20260725_215406,64000000,1,50,5,50,0,0,0,-1,39.0,0.02604467453846154,0.025902595974358976,0.02614499433333333,8.287742307692275e-05,0.0037523854522778528,0.004242806081217548,0.02604467453846154,0.025902595974358976,0.02614499433333333,8.287742307692275e-05,0.0037523854522778528,0.004242806081217548,1.9038977307692306,1.8796934615384617,1.9275229871794872,0.019394089743589582,0.010285240390274368,0.0104335279755219,1.9038977307692306,1.8796934615384617,1.9275229871794872,0.019394089743589582,0.010285240390274368,0.0104335279755219,nan,nan,nan,nan,nan,nan,72.88541594209522,71.86958867597602,73.7953289825243,0.7560730286469095,0.011148036634868576,0.012267333658079792,4.914633136032718,4.895774631633069,4.941589665074227,0.015590149019585553,0.0037581274637783772,0.004241349715163209,29.48779881619631,29.374647789798416,29.64953799044536,0.09354089411752042,0.003758127463778334,0.004241349715163199,0.049460195968350176,0.04906257879145824,0.050271064332207765,0.0002969916165328629,0.009827566363920437,0.010143834342082023,0.0012858591385295787,0.0012800747205084441,0.0013084201142129004,5.784418021134632e-06,0.009205849650619399,0.011516929588746666,69.5,69.0,71.0,0.5,0.012003730653286592,0.018007571540152586,69.5,69.0,71.0,0.5,0.012003730653286592,0.018007571540152586,64.5,63.5,66.5,0.5,0.017791135136354462,0.04464642387009989,1793.0,1793.0,1793.0,0.0,0.0,0.00648654599763546,1794.0,1794.0,1795.0,0.0,0.00024924126149470987,0.01061002882600864,1.0005577244841048,1.0005577244841048,1.0011154489682097,0.0,0.00024924126149470846,0.012768791673940622,-1.0,-1.0,-1.0,0.0,-0.0,-0.0,-1.0,-1.0,-1.0,0.0,-0.0,-0.0,stable,stable,nan
amd,AMD Threadripper 3970X,cpu,axpy_amd_20260725_215406,64000000,2,50,5,50,0,0,0,-1,59.0,0.017167358330508475,0.017130712838983052,0.017222193177966104,7.053906779661695e-06,0.0019030897814431924,0.001918635883772693,0.017167358330508475,0.017130712838983052,0.017222193177966104,7.053906779661695e-06,0.0019030897814431924,0.001918635883772693,1.3801869576271186,1.3726079915254237,1.391317279661017,0.005041991525423839,0.005225285740632438,0.005381949697367208,1.3801869576271186,1.3726079915254237,1.391317279661017,0.005041991525423839,0.005225285740632438,0.005381949697367208,nan,nan,nan,nan,nan,nan,80.46454133934438,79.82613454569739,81.00715252492789,0.5108028336293273,0.005983180191947248,0.006015822256295918,7.456010414368761,7.43227080298903,7.471959947789154,0.0030624506877714452,0.0019017779224545686,0.0019168817397499825,44.73606248621256,44.59362481793418,44.83175968673492,0.01837470412662867,0.0019017779224545506,0.0019168817397499846,0.02368517170510448,0.02356834747287289,0.023886535983784714,4.289742426209775e-05,0.004983699812099207,0.005390115220135986,0.00040701495767873485,0.00040467446829767673,0.00041009097064756937,2.028419272849134e-06,0.005460950501395004,0.006039376275913512,71.0,69.0,71.0,0.0,0.012704931690339713,0.016487911460562304,71.0,69.0,71.0,0.0,0.012704931690339713,0.016487911460562304,66.5,63.5,67.5,1.0,0.023013279041127616,0.04692228404002821,1832.0,1832.0,1862.0,0.0,0.007299460209466126,0.013394105241954623,1834.0,1834.0,1835.0,0.0,0.00024381942836111542,0.0067219161170921655,1.0013646288209608,1.001072675567563,1.0016375545851528,0.0002729257641920224,0.00023272960784473268,0.0135287326230736,-1.0,-1.0,-1.0,0.0,-0.0,-0.0,-1.0,-1.0,-1.0,0.0,-0.0,-0.0,stable,stable,nan
amd,AMD Threadripper 3970X,cpu,axpy_amd_20260725_215406,64000000,4,50,5,50,0,0,0,-1,70.0,0.014319037921428572,0.014310285635714286,0.014330980364285713,6.6471142857148224e-06,0.0005865860318733304,0.0008257915342071644,0.014319037921428572,0.014310285635714286,0.014330980364285713,6.6471142857148224e-06,0.0005865860318733304,0.0008257915342071644,1.3367994785714286,1.3108857214285714,1.4327027714285716,0.01637194285714272,0.035042354442093644,0.03165316885543255,1.3367994785714286,1.3108857214285714,1.4327027714285716,0.01637194285714272,0.035042354442093644,0.03165316885543255,nan,nan,nan,nan,nan,nan,93.31865801709878,91.40816375239453,100.00548245642369,1.1851887170323039,0.035105759038449945,0.03169918564173778,8.939148057566058,8.931699005547902,8.944615328906991,0.0041477273060124276,0.0005865408867923602,0.0008258852092862939,53.634888345396355,53.59019403328742,53.66769197344194,0.02488636383609588,0.0005865408867923505,0.0008258852092862941,0.019156423267070746,0.018791899213689962,0.020519180324125932,0.0002192290721389628,0.034912839574433356,0.03162778191232163,0.000274408801231903,0.00026933515185903787,0.0002938589038601714,3.0254234453309155e-06,0.03484259096528053,0.03162306709727278,71.0,71.0,73.5,0.0,0.016031844614514398,0.03004311355061978,71.0,71.0,73.5,0.0,0.016031844614514398,0.03004311355061978,66.0,64.5,70.5,1.5,0.03550262071407331,0.059826731630400885,1903.5,1903.0,1909.0,0.5,0.001304712132709144,0.006330701659979598,1910.0,1908.0,1913.5,0.0,0.0010403919234859337,0.006473064575105966,1.0031228499764344,1.0020964360587001,1.003678402522333,0.0002919815368329637,0.0006039544707725368,0.0070312342555091745,-1.0,-1.0,-1.0,0.0,-0.0,-0.0,-1.0,-1.0,-1.0,0.0,-0.0,-0.0,stable,stable,nan
amd,AMD Threadripper 3970X,cpu,axpy_amd_20260725_215406,64000000,8,50,5,50,0,0,0,-1,70.0,0.01447540487857143,0.014462095728571428,0.014486224142857142,1.0481085714287783e-05,0.0006947671006223743,0.0006538294114358075,0.01447540487857143,0.014462095728571428,0.014486224142857142,1.0481085714287783e-05,0.0006947671006223743,0.0006538294114358075,1.75740445,1.5669384,1.7755076357142858,0.01810318571428593,0.056658839502180175,0.051310031007079364,1.75740445,1.5669384,1.7755076357142858,0.01810318571428593,0.056658839502180175,0.051310031007079364,nan,nan,nan,nan,nan,nan,121.4685905344661,108.16004476595168,122.61071297282726,1.142122438361156,0.057108863936839165,0.05173012259379183,8.84258513486002,8.835980915902134,8.850722774330373,0.0064072194825577355,0.0006947651127651646,0.0006538070326929578,53.05551080916011,53.01588549541281,53.104336645982244,0.03844331689535352,0.0006947651127651868,0.0006538070326929743,0.025422687525682566,0.022700581899466138,0.02571108008383377,0.00028839255815120424,0.0562026608711604,0.05089473036343084,0.0003677501826371123,0.0003288683330738326,0.0003722936960640395,4.5435134269271944e-06,0.055735747662434075,0.050484340255181,72.0,70.0,73.0,1.0,0.01592423778071422,0.02414483569524462,72.0,70.0,73.0,1.0,0.01592423778071422,0.02414483569524462,68.0,63.5,69.0,1.0,0.034815589533190174,0.05382005814749149,2050.0,2050.0,2066.0,0.0,0.0034592199594953997,0.006513078477807834,2060.0,2059.0,2063.0,1.0,0.0008474088600404182,0.008171857326815633,1.0046341463414634,1.0043827613993535,1.005852231511101,0.00024390243902439046,0.0006051495335390296,0.010724507954942971,-1.0,-1.0,-1.0,0.0,-0.0,-0.0,-1.0,-1.0,-1.0,0.0,-0.0,-0.0,stable,elevated,nan
amd,AMD Threadripper 3970X,cpu,axpy_amd_20260725_215406,64000000,10,50,5,50,0,0,0,-1,69.0,0.01460452343478261,0.014591311942028985,0.014619477355072463,6.8539855072428935e-06,0.0007273984378236319,0.0007491113355523512,0.01460452343478261,0.014591311942028985,0.014619477355072463,6.8539855072428935e-06,0.0007273984378236319,0.0007491113355523512,1.5587761811594203,1.5056294782608695,1.6255238623188406,0.05244262318840587,0.034170546933225736,0.028414807347508897,1.5587761811594203,1.5056294782608695,1.6255238623188406,0.05244262318840587,0.034170546933225736,0.028414807347508897,nan,nan,nan,nan,nan,nan,106.74520329955357,102.94731259194788,111.23813766234801,3.6053401519687185,0.034490170081465536,0.028657997293339017,8.764407862453858,8.755442960808367,8.7723434713255,0.0041112574847339545,0.0007274084391138921,0.0007491081356742026,52.58644717472314,52.5326577648502,52.63406082795301,0.024667544908389516,0.0007274084391138932,0.0007491081356741729,0.022764655255038256,0.021999581486819186,0.023750559478663863,0.0007435210479477886,0.03381665230198741,0.02818969915116981,0.00033241080395956493,0.00032133096547863583,0.0003470198680164551,1.0332656674426908e-05,0.033460800392993234,0.027983108657445795,70.0,69.0,71.5,1.0,0.01515228816828316,0.02089617978232023,70.0,69.0,71.5,1.0,0.01515228816828316,0.02089617978232023,64.5,63.0,66.5,1.0,0.021229556492448298,0.05011698773277792,2191.5,2178.0,2215.5,13.5,0.007486908139103246,0.012930172683864679,2140.0,2139.0,2156.5,1.0,0.0034053290262501014,0.009197993198214368,0.983741768944066,0.9648136384269284,0.9882244812225045,0.004029970186368859,0.00977385866871057,0.015541667124198594,-1.0,-1.0,-1.0,0.0,-0.0,-0.0,-1.0,-1.0,-1.0,0.0,-0.0,-0.0,stable,stable,nan
amd,AMD Threadripper 3970X,cpu,axpy_amd_20260725_215406,64000000,16,50,5,50,0,0,0,-1,69.0,0.014641746869565219,0.014625053311594203,0.014654557492753625,7.187804347826704e-06,0.0007854118991515249,0.0007528613520797872,0.014641746869565219,0.014625053311594203,0.014654557492753625,7.187804347826704e-06,0.0007854118991515249,0.0007528613520797872,1.7912472898550724,1.720300695652174,1.8909484855072463,0.06082257971014493,0.038099884718811594,0.03479424074662339,1.7912472898550724,1.720300695652174,1.8909484855072463,0.06082257971014493,0.038099884718811594,0.03479424074662339,nan,nan,nan,nan,nan,nan,122.41788423442327,117.65099205991211,129.06766991711524,4.328673924909424,0.037710743282138824,0.03456692533395987,8.742126340124114,8.734484180855393,8.752104859809439,0.004293656086952424,0.000785526961212648,0.0007529547413482154,52.45275804074468,52.40690508513235,52.51262915885664,0.025761936521710993,0.0007855269612127181,0.0007529547413482194,0.026209951893729936,0.025160447514175878,0.027699757842747145,0.0008531074657581218,0.03838836324011645,0.03503524030439663,0.00038351018470177904,0.00036801874559325257,0.0004056984877898462,1.1942691585382578e-05,0.03860601512847946,0.03528963708622293,73.0,70.0,76.0,3.0,0.03466823314367716,0.03583198080722855,73.0,70.0,76.0,3.0,0.03466823314367716,0.03583198080722855,66.5,65.0,70.5,1.0,0.03134975256030199,0.051744618973012725,2417.5,2397.5,2439.5,10.5,0.006541615590047341,0.012891667571723346,2365.0,2359.0,2371.0,5.5,0.0020866882563537084,0.008061962252275522,0.9790230206953761,0.9754706751188802,0.9864754905508589,0.0035523455764958634,0.00472358198813354,0.012497740132384768,-1.0,-1.0,-1.0,0.0,-0.0,-0.0,-1.0,-1.0,-1.0,0.0,-0.0,-0.0,stable,stable,nan
amd,AMD Threadripper 3970X,cpu,axpy_amd_20260725_215406,64000000,20,50,5,50,0,0,0,-1,63.0,0.015979125793650795,0.015952871944444447,0.01599009965079365,8.942373015873029e-06,0.0008818516885521593,0.0008920230741188191,0.015979125793650795,0.015952871944444447,0.01599009965079365,8.942373015873029e-06,0.0008818516885521593,0.0008920230741188191,1.9563508492063493,1.923818738095238,2.032706238095238,0.024062595238095286,0.0219170301699858,0.01995367850123119,1.9563508492063493,1.923818738095238,2.032706238095238,0.024062595238095286,0.0219170301699858,0.01995367850123119,nan,nan,nan,nan,nan,nan,122.41489632572876,120.324374597695,127.31006314715043,1.473527830986228,0.022333019526655437,0.020244312913276767,8.010450737606435,8.004953241104724,8.023633676465098,0.004485412117224641,0.00088230035326272,0.0008926886613233174,48.062704425638614,48.02971944662835,48.14180205879059,0.026912472703344292,0.0008823003532627058,0.0008926886613233076,0.031211438923977784,0.03076118418691285,0.03245971717670655,0.0003372491308554701,0.021567353594671965,0.019698718747178892,0.0004979370970895774,0.0004918265666737169,0.0005184560460876172,4.538132307173033e-06,0.021319774282144186,0.019480745055429377,72.0,70.0,75.0,1.0,0.025983731852596816,0.029106643016784235,72.0,70.0,75.0,1.0,0.025983731852596816,0.029106643016784235,66.5,65.0,70.0,0.5,0.027419661299811698,0.05082931742681264,2568.5,2558.0,2584.0,1.5,0.0036396958208869453,0.012313518615760029,2517.0,2503.5,2517.5,0.5,0.002767033601311879,0.008695580164836344,0.9779167090594725,0.9754281371878148,0.9867065026946091,0.0020506133023685535,0.004658018870072678,0.017135195798861417,-1.0,-1.0,-1.0,0.0,-0.0,-0.0,-1.0,-1.0,-1.0,0.0,-0.0,-0.0,stable,stable,nan
amd,AMD Threadripper 3970X,cpu,axpy_amd_20260725_215406,64000000,32,50,5,50,0,0,0,-1,68.0,0.014855862419117648,0.014813895102941177,0.014860605014705883,4.742595588235268e-06,0.001634879349282373,0.0014679309228659912,0.014855862419117648,0.014813895102941177,0.014860605014705883,4.742595588235268e-06,0.001634879349282373,0.0014679309228659912,2.220277970588235,2.2008443235294117,2.2421587279411765,0.016900360294117345,0.007648702244333939,0.007543126714980715,2.220277970588235,2.2008443235294117,2.2421587279411765,0.016900360294117345,0.007648702244333939,0.007543126714980715,nan,nan,nan,nan,nan,nan,149.45087405952927,148.5678579164997,150.88644398899893,0.7317970317685649,0.006224344511665956,0.006383399315783935,8.616127181905158,8.613377497118314,8.640536409267284,0.002749684786843787,0.0016358197602416916,0.0014687607781965694,51.69676309143094,51.680264982709886,51.843218455603704,0.016498108721052063,0.0016358197602417345,0.0014687607781965915,0.032984981189369655,0.03260271639425498,0.03331920719934946,0.0003342260099798017,0.009161141702297317,0.008793799364253594,0.0004900143184649037,0.00048296787966291266,0.0004951580603683469,5.143741903443182e-06,0.010736178804658193,0.010101318687788472,67.0,64.5,73.5,1.5,0.05085801664162594,0.0560638532051558,67.0,64.5,73.5,1.5,0.05085801664162594,0.0560638532051558,61.0,60.0,72.0,1.0,0.07874596792660325,0.08785797743091962,2965.5,2950.0,2984.0,13.5,0.00455678370752313,0.012034673647172757,2964.0,2952.0,2985.0,2.5,0.004014911397483339,0.00898536639874719,0.9977957480559339,0.9969806968904628,1.0001687478906514,0.0008150511654710924,0.0013417003696369516,0.012095728595364005,-1.0,-1.0,-1.0,0.0,-0.0,-0.0,-1.0,-1.0,-1.0,0.0,-0.0,-0.0,stable,stable,nan
amd,AMD Threadripper 3970X,cpu,axpy_amd_20260725_215406,64000000,64,50,5,50,0,0,0,-1,67.0,0.015114573820895524,0.015098770917910448,0.015119445970149251,4.872149253726948e-06,0.0005656164758812731,0.001837056236549586,0.015114573820895524,0.015098770917910448,0.015119445970149251,4.872149253726948e-06,0.0005656164758812731,0.001837056236549586,2.3410227611940297,2.3385814776119402,2.375020425373134,0.002441283582089504,0.006504366164892758,0.006774809449083179,2.3410227611940297,2.3385814776119402,2.375020425373134,0.002441283582089504,0.006504366164892758,0.006774809449083179,nan,nan,nan,nan,nan,nan,154.95279108185264,154.81083323125557,157.12941829104804,0.14195785059706623,0.006320839395766255,0.006537865150846947,8.46864769909632,8.465919026130099,8.477511934169355,0.002728672966220813,0.0005657676390313811,0.001835841194912114,50.81188619457791,50.795514156780584,50.865071605016134,0.01637203779732488,0.0005657676390314588,0.0018358411949121302,0.035392114653398594,0.03530706139059733,0.035902216495266814,8.505326280126152e-05,0.006732707473516879,0.007468927249078668,0.0005349972050480799,0.0005332211973383817,0.0005425804167305068,1.4329645047567651e-06,0.006831070818006658,0.008509855597827803,68.0,66.0,73.0,1.0,0.03762261367890926,0.043685231774065414,68.0,66.0,73.0,1.0,0.03762261367890926,0.043685231774065414,64.0,59.5,70.0,1.5,0.059484414004279354,0.07000084825893152,4096.0,4052.0,4098.0,2.0,0.0051795065828877645,0.00527663121187777,4148.0,4119.0,4170.5,20.5,0.0050988846376198264,0.005143796598855058,1.0170893164756207,1.0113538804945055,1.019938317609777,0.0017467118011302851,0.003252962155845234,0.004563371989698874,-1.0,-1.0,-1.0,0.0,-0.0,-0.0,-1.0,-1.0,-1.0,0.0,-0.0,-0.0,stable,stable,nan
amd,AMD Threadripper 3970X,cpu,axpy_amd_20260725_215406,128000000,1,50,5,50,0,0,0,-1,20.0,0.0520653388,0.05195940874999999,0.0523753587,9.481520000000077e-05,0.0032322042439833156,0.003491233195780553,0.0520653388,0.05195940874999999,0.0523753587,9.481520000000077e-05,0.0032322042439833156,0.003491233195780553,3.7364205999999998,3.685419225,3.75872895,0.0159602750000003,0.007709121803462525,0.007523438499607086,3.7364205999999998,3.685419225,3.75872895,0.0159602750000003,0.007709121803462525,0.007523438499607086,nan,nan,nan,nan,nan,nan,71.90205391981604,70.3398135939625,72.20402378225046,0.19434378799348906,0.010624754320044302,0.010005245214193144,4.916899093478028,4.887794709287995,4.926922988460108,0.008970969269121554,0.0032219288647450553,0.003485195177454966,29.50139456086817,29.32676825572797,29.561537930760647,0.05382581561472222,0.0032219288647450384,0.0034851951774549743,0.1941837877663749,0.19309569043801322,0.19569975650043292,0.0010880973283616813,0.005452515631089943,0.006096078272982715,0.010117151783599215,0.010077166656966912,0.010197839645158815,3.998512663230293e-05,0.004982511603013116,0.006473987788446425,69.5,68.0,71.0,0.5,0.016086819982012876,0.01927980259281153,69.5,68.0,71.0,0.5,0.016086819982012876,0.01927980259281153,64.5,63.5,66.5,1.0,0.018582707683321445,0.039773962138658706,1793.0,1793.0,1793.0,0.0,0.0,0.009720007247834448,1794.0,1794.0,1795.0,0.0,0.0002492551529929539,0.010860459831765364,1.0005577244841048,1.0005577244841048,1.0011154489682097,0.0,0.0002492551529929525,0.015375628378699333,-1.0,-1.0,-1.0,0.0,-0.0,-0.0,-1.0,-1.0,-1.0,0.0,-0.0,-0.0,stable,stable,nan
amd,AMD Threadripper 3970X,cpu,axpy_amd_20260725_215406,128000000,2,50,5,50,0,0,0,-1,30.0,0.034120441966666665,0.03404841748333333,0.0341851083,2.7919583333341214e-05,0.0015065117373684745,0.001714461354359649,0.034120441966666665,0.03404841748333333,0.0341851083,2.7919583333341214e-05,0.0015065117373684745,0.001714461354359649,2.7282957,2.7176153666666667,2.7566366666666666,0.010116816666666306,0.005815213611687652,0.00638393811961958,2.7282957,2.7176153666666667,2.7566366666666666,0.010116816666666306,0.005815213611687652,0.00638393811961958,nan,nan,nan,nan,nan,nan,79.8392122068191,79.72454017593105,80.70488754997912,0.11467203088804467,0.005065919789729025,0.0062678436073089466,7.502833645885805,7.4886408981478105,7.518705562233279,0.006134281747567805,0.0015069293841576666,0.0017164491959708885,45.01700187531483,44.931845388886856,45.112233373399675,0.036805690485408604,0.0015069293841577162,0.0017164491959708933,0.09283147478246193,0.09265283493567175,0.09415840725972002,0.00017863984679017397,0.006777893411235902,0.0069359527011970705,0.003161465754290541,0.00315725934227713,0.003215742323096727,4.20641201341089e-06,0.007939799124654581,0.007830941958710315,70.0,69.0,72.5,1.0,0.01876419369549355,0.022034666316146735,70.0,69.0,72.5,1.0,0.01876419369549355,0.022034666316146735,65.5,63.5,67.5,1.0,0.023189221541442047,0.04398077083952064,1832.0,1829.5,1832.0,0.0,0.0006104471683046109,0.007299207281932036,1834.0,1834.0,1835.0,0.0,0.00024380613612820038,0.008297207195226223,1.0013646288209608,1.0010917030567685,1.0046564887327727,0.00027292576419224446,0.0015166374766249354,0.011326265212496538,-1.0,-1.0,-1.0,0.0,-0.0,-0.0,-1.0,-1.0,-1.0,0.0,-0.0,-0.0,stable,stable,nan
amd,AMD Threadripper 3970X,cpu,axpy_amd_20260725_215406,128000000,4,50,5,50,0,0,0,-1,36.0,0.028491369000000002,0.02843088027777778,0.028506852138888886,1.5483138888883197e-05,0.0011460711501835496,0.001116424286692713,0.028491369000000002,0.02843088027777778,0.028506852138888886,1.5483138888883197e-05,0.0011460711501835496,0.001116424286692713,2.509045638888889,2.4961765833333334,2.5796056527777775,0.012869055555555509,0.013270061131134521,0.012978762939830642,2.509045638888889,2.4961765833333334,2.5796056527777775,0.012869055555555509,0.013270061131134521,0.012978762939830642,nan,nan,nan,nan,nan,nan,88.23603309529813,87.60306465234493,90.60737263987187,0.39889705746098514,0.013519414197301549,0.01338808608224808,8.985177260390092,8.980297048224578,9.00429397139683,0.004880212165513598,0.0011468150790076,0.0011168908911702408,53.911063562340544,53.881782289347484,54.025763828380974,0.02928127299306027,0.001146815079007508,0.0011168908911702478,0.07140582193368249,0.07111832959261967,0.07344178110354116,0.0002874923410628172,0.013070689885727748,0.01265468688614024,0.0020354888816079123,0.0020262777051735527,0.00209121037766395,9.211176434359598e-06,0.01304841054576877,0.01242240876025108,68.0,67.0,70.0,1.0,0.01892131448179062,0.021708029950395568,68.0,67.0,70.0,1.0,0.01892131448179062,0.021708029950395568,63.5,62.0,64.5,1.0,0.01611155780811258,0.046477672540568615,1910.0,1910.0,1910.0,0.0,0.0,0.0031441133105011222,1915.0,1914.5,1916.0,0.5,0.0003502429871299206,0.005159168640388674,1.0026178010471205,1.0023560209424085,1.0031413612565445,0.0002617801047120061,0.0003502429871298727,0.006191183159595939,-1.0,-1.0,-1.0,0.0,-0.0,-0.0,-1.0,-1.0,-1.0,0.0,-0.0,-0.0,stable,stable,nan
amd,AMD Threadripper 3970X,cpu,axpy_amd_20260725_215406,128000000,8,50,5,50,0,0,0,-1,35.0,0.028782862514285718,0.02873034102857143,0.028794756300000002,1.1893785714284233e-05,0.0008996064621060255,0.0008259583132556944,0.028782862514285718,0.02873034102857143,0.028794756300000002,1.1893785714284233e-05,0.0008996064621060255,0.0008259583132556944,2.886547885714286,2.8226517571428573,3.1066545857142858,0.06389612857142879,0.04105540002624851,0.03712089692923935,2.886547885714286,2.8226517571428573,3.1066545857142858,0.06389612857142879,0.04105540002624851,0.03712089692923935,nan,nan,nan,nan,nan,nan,100.34114949563303,98.03691591796544,107.93417924022285,2.3042335776675884,0.04144857884604891,0.03745826098097679,8.89418144658547,8.89050762144706,8.910440699144623,0.0036738251384100806,0.0009003381904018507,0.0008266072013971628,53.36508867951284,53.343045728682355,53.46264419486773,0.0220429508304818,0.0009003381904018048,0.0008266072013971655,0.08303830319113076,0.0812690088310486,0.08941841082232685,0.0017692943600821631,0.04068417827415525,0.036799809951044926,0.002389058895926755,0.0023398748413254265,0.0025737178138651668,4.9184054601328527e-05,0.04025285309838319,0.036495384462105776,70.0,69.0,75.0,0.5,0.033227698136501393,0.03506321585478441,70.0,69.0,75.0,0.5,0.033227698136501393,0.03506321585478441,65.0,64.0,70.5,0.5,0.039932313708469704,0.0616384224672517,2053.0,2050.0,2056.5,1.5,0.0011601372601121646,0.0080293074707278,2066.0,2060.0,2078.5,3.0,0.0033138303454322967,0.008344081029480397,1.005842259006816,1.0051232606030305,1.0124181220117263,0.0004806981916276598,0.003004400618937273,0.007607933874360511,-1.0,-1.0,-1.0,0.0,-0.0,-0.0,-1.0,-1.0,-1.0,0.0,-0.0,-0.0,stable,stable,nan
amd,AMD Threadripper 3970X,cpu,axpy_amd_20260725_215406,128000000,10,50,5,50,0,0,0,-1,35.0,0.029019177728571426,0.029002826942857142,0.029048359057142856,1.0496514285716907e-05,0.0005953476165202705,0.0005961106285541672,0.029019177728571426,0.029002826942857142,0.029048359057142856,1.0496514285716907e-05,0.0005953476165202705,0.0005961106285541672,3.0163976142857143,2.978351585714286,3.1401654857142858,0.024123542857143132,0.021182192393794118,0.019367179382178502,3.0163976142857143,2.978351585714286,3.1401654857142858,0.024123542857143132,0.021182192393794118,0.019367179382178502,nan,nan,nan,nan,nan,nan,103.98098432722358,102.6263520057763,108.20808087857755,0.9860324010600152,0.02136015700849565,0.01939218641562261,8.821752384858373,8.81289029693557,8.826725805512531,0.0031897646880238995,0.0005952022029662668,0.0005959053487030904,52.93051430915024,52.87734178161344,52.960354833075186,0.019138588128143397,0.0005952022029661466,0.0005959053487031167,0.08750015207003206,0.08641862915212317,0.09111799026053694,0.0005667251813880197,0.021015997831187776,0.019360524571190266,0.0025378646345874203,0.002507399131148576,0.002644089002488521,1.22200799420151e-05,0.020908274421487055,0.01937226096643785,70.0,69.0,73.0,0.0,0.021542259784237357,0.02331397177978096,70.0,69.0,73.0,0.0,0.021542259784237357,0.02331397177978096,64.0,63.5,65.5,0.5,0.01179296336555451,0.04513480496117078,2128.0,2124.0,2131.0,0.0,0.001170213328131284,0.0051770819596048175,2143.5,2138.0,2144.0,0.5,0.0011598929835501472,0.012617196108876265,1.0070488721804511,1.0065944432907163,1.0072854915850982,0.00023661940464703157,0.00030138794296844743,0.013005871847429308,-1.0,-1.0,-1.0,0.0,-0.0,-0.0,-1.0,-1.0,-1.0,0.0,-0.0,-0.0,stable,stable,nan
amd,AMD Threadripper 3970X,cpu,axpy_amd_20260725_215406,128000000,16,50,5,50,0,0,0,-1,35.0,0.029140366914285714,0.029116650657142855,0.029153352014285712,1.2985099999997946e-05,0.0005361032977897421,0.000595603917347606,0.029140366914285714,0.029116650657142855,0.029153352014285712,1.2985099999997946e-05,0.0005361032977897421,0.000595603917347606,3.4496202,3.3976017571428576,3.8660325857142857,0.03921569999999974,0.05619554454172103,0.05105146038776369,3.4496202,3.3976017571428576,3.8660325857142857,0.03921569999999974,0.05619554454172103,0.05105146038776369,nan,nan,nan,nan,nan,nan,118.31022806629015,116.71046777450229,132.72308175879868,1.29073389917248,0.05631252252810042,0.05122043902067721,8.785064509247611,8.781151473795932,8.792220068859802,0.003913035451679647,0.0005361529464784806,0.0005955587058001236,52.71038705548567,52.686908842775594,52.75332041315881,0.02347821271007433,0.000536152946478476,0.0005955587058001485,0.1005530232066297,0.09891991714391454,0.11258399296506959,0.0011734582601379828,0.055972038198548874,0.0508888031818212,0.0029313146690255146,0.0028800167900115193,0.003278200678749705,3.540177358647093e-05,0.05569404235721844,0.05073253011827999,74.0,72.0,76.5,1.0,0.022115311877732146,0.025337817523756825,74.0,72.0,76.5,1.0,0.022115311877732146,0.025337817523756825,69.0,65.0,72.0,1.5,0.03766183872525894,0.05129853647353945,2341.5,2340.0,2347.0,1.5,0.0013912083664538303,0.00876504697757948,2368.0,2359.0,2371.5,1.0,0.001998403879216783,0.005707162350162041,1.0093736685129953,1.008119658119658,1.0128348939419396,0.0012540103933371682,0.002012014027830496,0.009841813410678187,-1.0,-1.0,-1.0,0.0,-0.0,-0.0,-1.0,-1.0,-1.0,0.0,-0.0,-0.0,stable,elevated,nan
amd,AMD Threadripper 3970X,cpu,axpy_amd_20260725_215406,128000000,20,50,5,50,0,0,0,-1,32.0,0.031924009203125006,0.031912051390625,0.031933676734375,8.048171874996957e-06,0.00028954396502873007,0.00037781403805580474,0.031924009203125006,0.031912051390625,0.031933676734375,8.048171874996957e-06,0.00028954396502873007,0.00037781403805580474,3.87120278125,3.850057328125,4.173284000000001,0.021145453124999936,0.034666260025899516,0.03221558371286406,3.87120278125,3.850057328125,4.173284000000001,0.021145453124999936,0.034666260025899516,0.03221558371286406,nan,nan,nan,nan,nan,nan,121.20970970219113,120.63381058329173,130.74853754173938,0.5758991188994003,0.0347936583573897,0.03238884042041507,8.019042920970282,8.016615254751141,8.022047797565904,0.002021123798312985,0.0002895571015316028,0.0003778388963182729,48.1142575258217,48.09969152850684,48.13228678539543,0.012126742789888567,0.0002895571015316925,0.0003778388963182704,0.12363870084062688,0.1228637189445227,0.13314317918387028,0.000774981896104171,0.034354566593889864,0.032045967536659434,0.003948393462447844,0.003920891950832801,0.004248858106349869,2.7501511615042953e-05,0.03417043855082063,0.03188004900185403,76.0,72.5,76.0,0.0,0.023947180481925456,0.026996365180208082,76.0,72.5,76.0,0.0,0.023947180481925456,0.026996365180208082,69.5,66.5,72.5,2.5,0.03567306475068405,0.053184058571332696,2541.5,2524.0,2560.0,10.5,0.005495376822296752,0.017588109899240582,2513.5,2508.5,2515.5,2.0,0.001207079822357776,0.004413241802133106,0.9886333680076188,0.9769541895987228,0.9948494453248812,0.005441213032663428,0.0072809592432335635,0.018199501678017455,-1.0,-1.0,-1.0,0.0,-0.0,-0.0,-1.0,-1.0,-1.0,0.0,-0.0,-0.0,stable,stable,nan
amd,AMD Threadripper 3970X,cpu,axpy_amd_20260725_215406,128000000,32,50,5,50,0,0,0,-1,34.0,0.029581378397058825,0.029579075455882353,0.02958552536764706,2.302941176472728e-06,9.768662964922843e-05,0.00017720188753056034,0.029581378397058825,0.029579075455882353,0.02958552536764706,2.302941176472728e-06,9.768662964922843e-05,0.00017720188753056034,4.435619750000001,4.43430688235294,4.467920029411765,0.0013128676470604006,0.003265818958161423,0.0036613046869654166,4.435619750000001,4.43430688235294,4.467920029411765,0.0013128676470604006,0.003265818958161423,0.0036613046869654166,nan,nan,nan,nan,nan,nan,149.95829579980654,149.85996542480842,151.02188328869548,0.05701863644119953,0.0032387196746169926,0.0036119530891672584,8.65409301846861,8.652879991596244,8.654766818800397,0.000673800331787433,9.768464697754324e-05,0.00017719898130125777,51.924558110811645,51.91727994957746,51.92860091280238,0.004042801990735256,9.768464697753376e-05,0.00017719898130125783,0.1312083599099187,0.13118117057350764,0.13218156864152475,2.7189336411048703e-05,0.0033058959165696944,0.0037184459430981403,0.003881720962915034,0.0038800773685581623,0.003910537120454805,9.965038486234833e-07,0.003377361069691719,0.0037830242963167986,69.5,69.0,72.0,0.5,0.017811015161643393,0.02064950342210298,69.5,69.0,72.0,0.5,0.017811015161643393,0.02064950342210298,64.5,62.0,68.0,1.0,0.034818795443798484,0.05418440674518303,2929.5,2924.0,2938.0,5.0,0.0019924837181549333,0.011537945302302758,2962.0,2950.0,2963.5,1.5,0.0022520136231362793,0.0063065087545983115,1.0073461987619534,1.003939983938443,1.012842303384867,0.003406214823510334,0.003751838680149969,0.010174630794436932,-1.0,-1.0,-1.0,0.0,-0.0,-0.0,-1.0,-1.0,-1.0,0.0,-0.0,-0.0,stable,stable,nan
amd,AMD Threadripper 3970X,cpu,axpy_amd_20260725_215406,128000000,64,50,5,50,0,0,0,-1,34.0,0.03001583635294118,0.030001094926470587,0.030029646426470588,2.0168382353011327e-06,0.00033776426569401085,0.00102289939369829,0.03001583635294118,0.030001094926470587,0.030029646426470588,2.0168382353011327e-06,0.00033776426569401085,0.00102289939369829,4.6590361323529415,4.640966397058824,4.683267632352941,0.004249573529412132,0.0032739739829937254,0.003595278623853808,4.6590361323529415,4.640966397058824,4.683267632352941,0.004249573529412132,0.0032739739829937254,0.003595278623853808,nan,nan,nan,nan,nan,nan,155.1571850627947,154.62418796224273,156.07352637181216,0.192757665971925,0.0034580007969165333,0.0035543882494523337,8.528831153066154,8.524908959880912,8.533024178808544,0.00057346138540737,0.0003378564242765277,0.00102178416802146,51.17298691839692,51.149453759285464,51.19814507285126,0.0034407683124513255,0.000337856424276582,0.0010217841680214708,0.13975614854252708,0.13928244533279666,0.1405433211340509,0.00018540017024484823,0.0032813819619223125,0.003912576675408311,0.0041928376868451194,0.0041794444906720135,0.004218764906389621,1.035875929285713e-05,0.0034936101807218835,0.004448283064266999,70.0,67.5,71.0,1.0,0.01999198404252393,0.02881844380403458,70.0,67.5,71.0,1.0,0.01999198404252393,0.02881844380403458,66.5,64.0,67.0,0.5,0.018114319250854813,0.05076651476329196,4060.5,4028.5,4084.5,17.0,0.005683953071621282,0.006479289653400212,4148.5,4135.5,4172.5,13.0,0.0040873833761007556,0.003793026720075459,1.027822253826284,1.0131261881078193,1.031779384230795,0.003957130404510956,0.008698046917214838,0.00828605068804108,-1.0,-1.0,-1.0,0.0,-0.0,-0.0,-1.0,-1.0,-1.0,0.0,-0.0,-0.0,stable,stable,nan
amd,AMD Threadripper 3970X,cpu,axpy_amd_20260725_215406,256000000,1,50,5,50,0,0,0,-1,10.0,0.10356465949999999,0.10324134335,0.10416656434999999,0.00023140959999998212,0.00354079634242024,0.005574201529842111,0.10356465949999999,0.10324134335,0.10416656434999999,0.00023140959999998212,0.00354079634242024,0.005574201529842111,7.42849615,7.30282665,7.4786278500000005,0.050131700000000556,0.010757162992371273,0.011682910914068596,7.42849615,7.30282665,7.4786278500000005,0.050131700000000556,0.010757162992371273,0.011682910914068596,nan,nan,nan,nan,nan,nan,71.2182305550853,70.51992384071289,72.3662222750898,0.6983067143724071,0.010165513978051766,0.012318923249606985,4.943771386718124,4.915204984771685,4.959253913042014,0.011071324760221657,0.0035340140542748657,0.005557624294228849,29.662628320308745,29.49122990863011,29.75552347825208,0.06642794856132994,0.0035340140542748037,0.005557624294228858,0.7714769924342026,0.7534500853765054,0.7735516331792831,0.0020746407450804583,0.012799879215789964,0.013565909466294053,0.07987189405043074,0.07766567014496895,0.08021059113303464,0.00033869708260389486,0.014354040707015746,0.01717532950992152,69.0,69.0,70.0,0.0,0.006462624212427138,0.013156834878393484,69.0,69.0,70.0,0.0,0.006462624212427138,0.013156834878393484,66.0,65.0,66.0,0.0,0.0068069040410952495,0.011627982127212517,1793.0,1793.0,1793.0,0.0,0.0,0.011122678145507641,1794.5,1794.0,1795.0,0.5,0.00027862914460852607,0.008299503353455966,1.0005577244841048,1.0005577244841048,1.0011154489682097,0.0,0.00024924126149470846,0.012003099460152775,-1.0,-1.0,-1.0,0.0,-0.0,-0.0,-1.0,-1.0,-1.0,0.0,-0.0,-0.0,stable,stable,nan
amd,AMD Threadripper 3970X,cpu,axpy_amd_20260725_215406,256000000,2,50,5,50,0,0,0,-1,15.0,0.06766164999999999,0.06756642033333335,0.06781403983333334,9.522966666665467e-05,0.0016526608114367507,0.0017194116408911565,0.06766164999999999,0.06756642033333335,0.06781403983333334,9.522966666665467e-05,0.0016526608114367507,0.0017194116408911565,5.4306853,5.422547766666666,5.470289,0.008137533333334446,0.003679557765137543,0.006335482532166948,5.4306853,5.422547766666666,5.470289,0.008137533333334446,0.003679557765137543,0.006335482532166948,nan,nan,nan,nan,nan,nan,80.40710354401648,79.9711633297794,80.8334415058702,0.27396718314713553,0.00423212622730456,0.006670669689892679,7.567063470480517,7.550058991087843,7.577728664747964,0.010665194267446942,0.0016522412810465867,0.0017187805161859207,45.4023808228831,45.30035394652706,45.466371988487786,0.06399116560468343,0.0016522412810466023,0.0017187805161858842,0.3676506306042464,0.36667637202565884,0.37007053435257986,0.0007716797550748611,0.003692388945345981,0.006455614320272105,0.02486684561058001,0.024757432543789627,0.025035642706334328,6.063228052587827e-05,0.004359340208818346,0.007008144526797356,70.0,69.0,72.0,1.0,0.019003410573652606,0.019465811782730793,70.0,69.0,72.0,1.0,0.019003410573652606,0.019465811782730793,65.5,64.0,66.5,1.0,0.017433875001515872,0.0392941540482884,1832.0,1832.0,1832.0,0.0,0.0,0.00481064500293511,1834.0,1834.0,1835.0,0.0,0.00024380613612820038,0.006996255972852435,1.0016375545851528,1.0013646288209608,1.003284530717234,0.0002729257641920224,0.0007982216474522084,0.008176520759339764,-1.0,-1.0,-1.0,0.0,-0.0,-0.0,-1.0,-1.0,-1.0,0.0,-0.0,-0.0,stable,stable,nan
amd,AMD Threadripper 3970X,cpu,axpy_amd_20260725_215406,256000000,4,50,5,50,0,0,0,-1,18.0,0.0566309795,0.056584565833333336,0.056706045777777776,3.963452777777654e-05,0.000899032395269786,0.0008831345960111852,0.0566309795,0.056584565833333336,0.056706045777777776,3.963452777777654e-05,0.000899032395269786,0.0008831345960111852,5.031608638888889,4.972352916666667,5.138603638888889,0.04610333333333294,0.012992880345652625,0.013383486347010117,5.031608638888889,4.972352916666667,5.138603638888889,0.04610333333333294,0.012992880345652625,0.013383486347010117,nan,nan,nan,nan,nan,nan,88.89973913507899,87.88318555820325,90.74648832030412,0.982783879064641,0.013080548687186555,0.013412194930092528,9.040987892524042,9.02901964787997,9.048403817147737,0.006331981337494241,0.0008987901203711631,0.0008828681528422741,54.245927355144254,54.17411788727982,54.29042290288642,0.037991888024969,0.0008987901203712114,0.0008828681528422773,0.2847972322395216,0.28132551830786445,0.2910109658947036,0.0021416339983217347,0.013051863829164585,0.013411983143597707,0.016113997218824068,0.015916822396213906,0.016480621638703338,8.916792058639988e-05,0.013186040466200637,0.013497374124943156,71.0,69.0,72.5,1.5,0.02127659574468085,0.02531341044393875,71.0,69.0,72.5,1.5,0.02127659574468085,0.02531341044393875,66.0,62.5,68.0,2.0,0.03621386181937912,0.05121136096309964,1908.0,1908.0,1910.0,0.0,0.0005738920342677767,0.009356667042349089,1915.0,1913.0,1915.0,0.0,0.00046721019170492886,0.010098262835574523,1.0026205450733752,1.0026178010471205,1.0049942041785114,2.744026254664078e-06,0.0010288981187301439,0.013925779612449724,-1.0,-1.0,-1.0,0.0,-0.0,-0.0,-1.0,-1.0,-1.0,0.0,-0.0,-0.0,stable,stable,nan
amd,AMD Threadripper 3970X,cpu,axpy_amd_20260725_215406,256000000,8,50,5,50,0,0,0,-1,18.0,0.05710478527777778,0.05708555933333334,0.05711132627777778,4.777083333323828e-06,0.00017958189046142356,0.0002553889344392984,0.05710478527777778,0.05708555933333334,0.05711132627777778,4.777083333323828e-06,0.00017958189046142356,0.0002553889344392984,5.721970416666666,5.649518638888889,5.824811416666666,0.04000180555555577,0.011237770390784763,0.01380474850396924,5.721970416666666,5.649518638888889,5.824811416666666,0.04000180555555577,0.011237770390784763,0.01380474850396924,nan,nan,nan,nan,nan,nan,100.20270211936015,98.9271209393333,102.03651294493108,0.6914169491556237,0.011393655627148816,0.013931610821706105,8.96597364960795,8.96494676922709,8.968993316301965,0.0007499832422226405,0.0001796154869436292,0.0002554476135953757,53.79584189764769,53.78968061536254,53.813959897811785,0.004499899453335843,0.00017961548694360254,0.0002554476135953749,0.326747131661558,0.3226320608406657,0.33251395144398477,0.00231874368700441,0.011085233366296625,0.013681630103958958,0.01865855298919458,0.01842623688664894,0.018985006962090212,0.00013588701224157354,0.010977938844613275,0.013562354107999866,72.0,68.5,73.0,1.0,0.02590540532915859,0.03162964665566065,72.0,68.5,73.0,1.0,0.02590540532915859,0.03162964665566065,67.5,63.5,69.5,1.5,0.03330628063066915,0.05274761994393595,2053.5,2050.0,2056.0,2.5,0.0012342999469844738,0.017233531237441615,2064.5,2064.0,2089.0,0.5,0.00523319477168896,0.0073111522897358104,1.0058394506275161,1.0053501945525292,1.0131571881719792,0.0004892560749869546,0.0032941531248045774,0.01832070567279996,-1.0,-1.0,-1.0,0.0,-0.0,-0.0,-1.0,-1.0,-1.0,0.0,-0.0,-0.0,stable,stable,nan
amd,AMD Threadripper 3970X,cpu,axpy_amd_20260725_215406,256000000,10,50,5,50,0,0,0,-1,18.0,0.05769360327777778,0.05763854,0.057701507,7.903722222216136e-06,0.0004389205783584432,0.00047598140554810415,0.05769360327777778,0.05763854,0.057701507,7.903722222216136e-06,0.0004389205783584432,0.00047598140554810415,5.973833777777778,5.92019175,6.1895106944444445,0.05364202777777827,0.019738803998381835,0.01736348335816387,5.973833777777778,5.92019175,6.1895106944444445,0.05364202777777827,0.019738803998381835,0.01736348335816387,nan,nan,nan,nan,nan,nan,103.54216454082231,102.63293658042974,107.31445835661339,0.9092279603925704,0.01965028082656117,0.01725362077233589,8.87446739203343,8.873251802648802,8.882945336320025,0.0012155893846284016,0.00043912722552671296,0.00047600512029503434,53.24680435220058,53.239510815892814,53.297672017920156,0.007293536307763304,0.0004391272255267576,0.00047600512029504145,0.344598225921269,0.34123141158579107,0.3570321070693807,0.003366814335477919,0.01988365500349133,0.01748529954572416,0.019879812782203063,0.019667702087176275,0.020594830974844297,0.0002121106950267876,0.020018081372803895,0.01761881977164537,72.0,71.0,72.0,0.0,0.006228601608634512,0.020852136895064793,72.0,71.0,72.0,0.0,0.006228601608634512,0.020852136895064793,66.0,65.0,67.0,0.5,0.011978324470334771,0.0390526402921061,2124.0,2124.0,2128.0,0.0,0.0008150827329735892,0.009173947423600396,2141.0,2135.5,2143.5,2.5,0.001527973396281402,0.019140133592762294,1.0077735807194164,1.00494339308969,1.0089474928436024,0.0011739121241860495,0.001642646932262882,0.026410486778573054,-1.0,-1.0,-1.0,0.0,-0.0,-0.0,-1.0,-1.0,-1.0,0.0,-0.0,-0.0,stable,stable,nan
amd,AMD Threadripper 3970X,cpu,axpy_amd_20260725_215406,256000000,16,50,5,50,0,0,0,-1,18.0,0.057963426222222225,0.057930258250000005,0.057981305749999996,1.2980527777775586e-05,0.0003444348120431016,0.0003920512250358844,0.057963426222222225,0.057930258250000005,0.057981305749999996,1.2980527777775586e-05,0.0003444348120431016,0.0003920512250358844,6.836452,6.762008638888888,7.625914944444444,0.026407361111111527,0.05228281076010518,0.0480099933310131,6.836452,6.762008638888888,7.625914944444444,0.026407361111111527,0.05228281076010518,0.0480099933310131,nan,nan,nan,nan,nan,nan,117.93978625903738,116.71393923351921,131.60883426700855,0.5090976288802693,0.052433083165329526,0.048098506582320705,8.833156240838331,8.830432385128677,8.83821366359048,0.0019785735694597406,0.0003444851585273242,0.00039209635815632245,52.998937445029995,52.98259431077207,53.02928198154288,0.011871441416751338,0.0003444851585272596,0.00039209635815631123,0.39642284344879386,0.39169920641165845,0.44191002196913487,0.0016491813388946341,0.05220376241463148,0.04792447557351723,0.02298700732028397,0.022692448637846165,0.02561125550417914,0.00010432683113260205,0.05215385861486246,0.04784196834018987,76.0,73.0,77.5,1.5,0.02268253498207834,0.032325055241870244,76.0,73.0,77.5,1.5,0.02268253498207834,0.032325055241870244,69.5,67.5,72.5,2.0,0.031693155927759245,0.05498391160215598,2340.0,2337.5,2346.0,1.5,0.0013626500839622863,0.006256849369644093,2368.0,2364.0,2372.5,3.5,0.0015981919489718407,0.0069838074691977794,1.0108974358974359,1.010445307259828,1.0128231620642907,0.000452128637607796,0.000935447294445394,0.008564947769294869,-1.0,-1.0,-1.0,0.0,-0.0,-0.0,-1.0,-1.0,-1.0,0.0,-0.0,-0.0,stable,stable,nan
amd,AMD Threadripper 3970X,cpu,axpy_amd_20260725_215406,256000000,20,50,5,50,0,0,0,-1,16.0,0.06367145087500001,0.0636634123125,0.063756585,3.08762500000892e-06,0.0006188839069746519,0.0005748935128191883,0.06367145087500001,0.0636634123125,0.063756585,3.08762500000892e-06,0.0006188839069746519,0.0005748935128191883,7.7105454375,7.60890425,8.402831875,0.06989834375000026,0.04211240365282761,0.038022878310039386,7.7105454375,7.60890425,8.402831875,0.06989834375000026,0.04211240365282761,0.038022878310039386,nan,nan,nan,nan,nan,nan,121.0982415635275,119.48977848683919,131.95921340150315,1.1176929404584826,0.042185749638638505,0.03809413086853277,8.041280560864832,8.030543055660104,8.042295905915708,0.00038996308813743497,0.0006183801161634496,0.0005745152688934099,48.24768336518899,48.183258333960616,48.25377543549425,0.0023397785288281625,0.0006183801161635217,0.0005745152688934316,0.4909444774584826,0.48439810355792745,0.5350995086801847,0.004298231430488464,0.04207051657619716,0.03795996702761165,0.03125933047604611,0.030835534159320964,0.03407231372738642,0.0002688382445518306,0.04203692689017891,0.03790545564062707,76.0,74.0,77.0,1.0,0.01611506409725775,0.027970113883156116,76.0,74.0,77.0,1.0,0.01611506409725775,0.027970113883156116,69.5,69.0,74.0,0.5,0.033967826738483205,0.05730205661257938,2487.0,2479.0,2494.0,3.5,0.002244696353645353,0.005580788215648244,2518.5,2501.5,2519.5,1.0,0.0032089432722892035,0.015259312475830865,1.0094776770029539,1.000806441942176,1.0132975803743278,0.003819903371373945,0.005729748440001825,0.016900513553155052,-1.0,-1.0,-1.0,0.0,-0.0,-0.0,-1.0,-1.0,-1.0,0.0,-0.0,-0.0,stable,stable,nan
amd,AMD Threadripper 3970X,cpu,axpy_amd_20260725_215406,256000000,32,50,5,50,0,0,0,-1,17.0,0.05891295120588235,0.05890302364705882,0.05894046597058823,9.92755882352897e-06,0.00025374358297187044,0.00028529481043626444,0.05891295120588235,0.05890302364705882,0.05894046597058823,9.92755882352897e-06,0.00025374358297187044,0.00028529481043626444,8.826455911764707,8.811263882352943,8.9159755,0.015192029411764452,0.004879250704130241,0.005610325326370551,8.826455911764707,8.811263882352943,8.9159755,0.015192029411764452,0.004879250704130241,0.005610325326370551,nan,nan,nan,nan,nan,nan,149.79256749284804,149.6036339497497,151.354763045108,0.18893354309832944,0.0048431170814769815,0.005576922278015393,8.690788519670676,8.686731459860656,8.692253274524393,0.0014647548537176647,0.00025371006603749853,0.00028520991153179983,52.144731118024055,52.12038875916394,52.153519647146354,0.008788529122298883,0.00025371006603745543,0.0002852099115318015,0.5200563549187378,0.5189604641450911,0.5252204658861326,0.0010958907736466905,0.00493765278769947,0.0056579623558375355,0.030641813886177375,0.030565418005396743,0.03094226010976455,7.639588078063239e-05,0.005039150649298345,0.005719490461072783,71.0,70.0,73.0,1.0,0.019779210662560772,0.02650833294370012,71.0,70.0,73.0,1.0,0.019779210662560772,0.02650833294370012,66.5,63.5,68.5,2.0,0.029580559468312485,0.047398080639903375,2913.5,2898.0,2922.0,4.5,0.0030656976810612456,0.008280823917519687,2963.0,2950.0,2964.0,1.0,0.0025025192553763224,0.00475268945117068,1.0169993660174006,1.0138604297943696,1.0205920729247613,0.0029040970399911714,0.002757446502297488,0.008631424035432394,-1.0,-1.0,-1.0,0.0,-0.0,-0.0,-1.0,-1.0,-1.0,0.0,-0.0,-0.0,stable,stable,nan
amd,AMD Threadripper 3970X,cpu,axpy_amd_20260725_215406,256000000,64,50,5,50,0,0,0,-1,17.0,0.05971226202941177,0.05970163702941176,0.05974074038235294,8.774735294120317e-06,0.00026226901812296285,0.00031488207846036104,0.05971226202941177,0.05970163702941176,0.05974074038235294,8.774735294120317e-06,0.00026226901812296285,0.00031488207846036104,9.288174647058824,9.286195147058823,9.36696161764706,0.001979500000000911,0.003929339792494084,0.0046786336091582574,9.288174647058824,9.286195147058823,9.36696161764706,0.001979500000000911,0.003929339792494084,0.0046786336091582574,nan,nan,nan,nan,nan,nan,155.54879559407587,155.44416407722315,156.87169965127893,0.1046315168527201,0.004032882139309373,0.00474906296926356,8.574453263424097,8.570365869796694,8.57597929904685,0.001260203959372319,0.00026220084101192013,0.0003148276824150715,51.44671958054458,51.42219521878017,51.4558757942811,0.00756122375624102,0.00026220084101191406,0.00031482768241506635,0.5548229118483523,0.5544558497660885,0.5593430466774977,0.00036706208226378045,0.0038398420395666082,0.004628473229644239,0.03314544701210673,0.033104609548122874,0.033402861737867495,4.083746398385324e-05,0.0037870254440089063,0.00459925619835026,71.5,70.0,73.0,0.5,0.015636839003495034,0.030751285222194204,71.5,70.0,73.0,0.5,0.015636839003495034,0.030751285222194204,68.0,66.0,70.0,1.5,0.024643888852255536,0.04769273373980641,4021.0,4007.5,4025.5,4.5,0.0017804860973423227,0.08267143378340239,4146.5,4125.0,4147.0,0.5,0.002292542567743,0.0034438715494040347,1.0307940945768967,1.0289583977981933,1.0324950199203187,0.0008211199986121187,0.0013203520407350075,0.1328929706310727,-1.0,-1.0,-1.0,0.0,-0.0,-0.0,-1.0,-1.0,-1.0,0.0,-0.0,-0.0,stable,stable,nan
intel,Intel i9-7900X,cpu,axpy_intel_20260725_163341,1000000,1,50,5,50,0,0,0,-1,3262.0,0.0003069147118332312,0.00030423210881458965,0.00030880794865864944,1.0449689368058563e-06,0.005559104350616244,0.005085122162820162,0.0003069147118332312,0.00030423210881458965,0.00030880794865864944,1.0449689368058563e-06,0.005559104350616244,0.005085122162820162,0.01341881652790626,0.012978396960486322,0.013866977907333537,0.00033948503029722354,0.026263419885367713,0.024913709726805944,0.013418818840579709,0.01297839924012158,0.013867001380791654,0.00033948271762377497,0.026263827791111964,0.024914047341298116,2.2914757103574704e-09,0.0,3.528689782141761e-08,2.2914757103574704e-09,1.6804711323171069,1.4696858705564861,43.49819005255924,42.674877514131275,45.11623247576996,0.8233125384279631,0.02418682595311955,0.02304349483170105,6.516468332063752,6.476517229868541,6.573928100728582,0.022262776654160987,0.005564747016311455,0.005090743841702688,39.098809992382506,38.85910337921125,39.44356860437149,0.13357665992496948,0.005564747016311428,0.00509074384170267,4.14514772602887e-06,3.9467714247995455e-06,4.259271046747808e-06,6.221337285565725e-08,0.02910215446999457,0.02756267095146159,1.2803003548006667e-09,1.2002257082456374e-09,1.3082440095367256e-09,2.4259371490863975e-11,0.03265571527874976,0.030787322449863114,78.0,76.0,81.0,2.0,0.03201505203574268,0.048689329576315936,78.0,75.0,81.0,2.0,0.03268602252303067,0.04925783621745804,78.0,75.0,81.0,2.0,0.03268602252303067,0.028872437065306924,1623.5,1514.0,1642.5,10.5,0.03262025890215182,0.05034243836205645,1339.5,1339.0,1340.0,0.5,0.0003732736095558044,0.038430887332835985,0.8289496711774692,0.8152213800557787,0.8847549909255898,0.013728291121690495,0.034104621510783174,0.05947498397709149,-1.0,-1.0,-1.0,0.0,-0.0,-0.0,-1.0,-1.0,-1.0,0.0,-0.0,-0.0,stable,stable,1.7076582801966466e-07
intel,Intel i9-7900X,cpu,axpy_intel_20260725_163341,1000000,2,50,5,50,0,0,0,-1,6028.0,0.0001655286172818792,0.0001652885301830777,0.00016857013361204013,2.400870988014897e-07,0.009333328136119047,0.007859799197097181,0.0001655286172818792,0.0001652885301830777,0.00016857013361204013,2.400870988014897e-07,0.009333328136119047,0.007859799197097181,0.009761578373015873,0.00973148299601858,0.00979338941118258,5.2714332165419014e-06,0.002267547414806866,0.012706627251274158,0.009761585978835979,0.00973149693098872,0.009793393122216724,5.276447063403897e-06,0.002267202108534331,0.012706530001973278,2.4801587301587303e-09,0.0,3.942953020134228e-09,1.4627942899754976e-09,0.9531862768946289,1.5263293825831987,58.80525398027591,57.87348359663939,59.25016461127758,0.44491063100167594,0.010534128650466431,0.013271214835406484,12.082502916149888,11.864497922980544,12.100065504624716,0.017562588474827834,0.009297778081436127,0.007851892646640251,72.49501749689932,71.18698753788325,72.6003930277483,0.10537553084897411,0.00929777808143613,0.007851892646640254,1.6187393694233113e-06,1.6157913160982564e-06,1.644717395876125e-06,2.9480533250549697e-09,0.007758041523695454,0.016418504010182054,2.678325517803593e-10,2.674158838887844e-10,2.7703109871783217e-10,4.166678915749224e-13,0.01670152230691944,0.02237806939020968,81.0,77.0,82.0,1.0,0.030255262760784666,0.030309475323440575,80.5,76.0,81.5,1.0,0.030772848153320063,0.03095588374528847,80.0,76.0,81.0,1.0,0.028481882198028174,0.025954249718638918,1773.0,1635.0,1788.5,4.5,0.03671123385031041,0.06439613588116161,1600.5,1478.0,1619.5,19.0,0.04586168494424574,0.07658665574896058,0.9036665008534907,0.8402613155765642,0.9146344918350291,0.0017276828077509299,0.03342030944897149,0.08032087780499338,-1.0,-1.0,-1.0,0.0,-0.0,-0.0,-1.0,-1.0,-1.0,0.0,-0.0,-0.0,stable,stable,2.5407333762525307e-07
intel,Intel i9-7900X,cpu,axpy_intel_20260725_163341,1000000,4,50,5,50,0,0,0,-1,12091.0,8.314250980473618e-05,7.98972416606958e-05,8.371700734925673e-05,5.744975445205421e-07,0.01872845164362178,0.017053168905422744,8.314250980473618e-05,7.98972416606958e-05,8.371700734925673e-05,5.744975445205421e-07,0.01872845164362178,0.017053168905422744,0.0071015959285417535,0.006579603176498687,0.0071881073576081506,8.651142906639792e-05,0.03897194717076767,0.0345775917769106,0.0071015991275446624,0.006579603773584906,0.007188108652079507,8.650952453484462e-05,0.03897222689388036,0.034577648524913386,0.0,0.0,0.0,0.0,nan,2.041804777186783,85.42980780234359,82.24556491099463,86.09766958196654,0.6678617796229531,0.02120420648829005,0.018828280671667398,24.05508344483819,23.890008372360246,25.03215447120972,0.1650750724779435,0.019022330693358114,0.017337158448853508,144.33050066902913,143.34005023416145,150.1929268272583,0.9904504348676824,0.019022330693358108,0.017337158448853515,5.90303563996991e-07,5.260053563415871e-07,6.020455363180532e-07,1.1741972321062152e-08,0.056745059725673716,0.05077287042220104,4.906025111146129e-11,4.2051444482738644e-11,5.042099842531506e-11,1.3607473138537735e-12,0.07425415392058206,0.06688057796183938,83.0,77.0,84.0,1.0,0.03539277712748878,0.03466209711698763,83.0,77.0,83.5,0.5,0.03413145615132007,0.03647096373180342,83.0,77.0,83.0,0.0,0.033880719270121054,0.033535811452810926,2029.0,1900.0,2086.5,13.5,0.034466862953120805,0.06303283476928678,1833.5,1723.0,1907.0,53.5,0.03851146735464732,0.06941151916729481,0.907875223015165,0.8512934417269551,0.9597211905002094,0.0007143827881525011,0.04229610791173903,0.0886836497577039,-1.0,-1.0,-1.0,0.0,-0.0,-0.0,-1.0,-1.0,-1.0,0.0,-0.0,-0.0,stable,stable,0.0
intel,Intel i9-7900X,cpu,axpy_intel_20260725_163341,1000000,8,50,5,50,0,0,0,-1,40472.0,2.4694921093595572e-05,2.243407375498119e-05,2.6862259264250105e-05,1.649664389672107e-06,0.07234160204503115,0.06587137581417782,2.4694921093595572e-05,2.243407375498119e-05,2.6862259264250105e-05,1.649664389672107e-06,0.07234160204503115,0.06587137581417782,0.003147132457108689,0.003071936029297179,0.003521851920226385,7.519642781150977e-05,0.056797385882073684,0.05064169036078792,0.003147132457108689,0.003071936029297179,0.003521851920226385,7.519642781150977e-05,0.05679739988226544,0.05064172041046422,0.0,0.0,0.0,0.0,nan,4.531080530121737,132.75035066921362,127.39163528170275,137.06975008115927,4.086626289703645,0.030422783534528174,0.02928406922645197,80.98831389867524,74.45390351432013,89.15012493948804,5.797441086769538,0.07184040864766682,0.06546674156708629,485.92988339205135,446.7234210859208,534.9007496369281,34.78464652061734,0.07184040864766678,0.06546674156708632,7.765459014124948e-08,6.89125754945643e-08,9.474184204837078e-08,6.808815443369704e-09,0.12867927459500203,0.11496965375808572,1.9180934345452e-12,1.546464058954513e-12,2.539499362335016e-12,2.4452359169890077e-13,0.20065494874548043,0.18130794230313577,86.0,81.0,88.0,2.0,0.03409913388798422,0.03239076798792002,86.0,81.0,88.0,2.0,0.03473629267960498,0.03233938642128623,86.0,81.0,88.0,2.0,0.03409913388798422,0.033286161418216435,2433.0,2359.0,2559.0,64.0,0.03145863859844665,0.048129664364227276,2312.0,2180.0,2324.0,12.0,0.026621751135748568,0.03282629927101847,0.9124803767660911,0.9024875182748224,0.9688357979287183,0.00999285849126863,0.031450034978762205,0.054102839126592264,-1.0,-1.0,-1.0,0.0,-0.0,-0.0,-1.0,-1.0,-1.0,0.0,-0.0,-0.0,elevated,elevated,0.0
intel,Intel i9-7900X,cpu,axpy_intel_20260725_163341,1000000,10,50,5,50,0,0,0,-1,66050.0,1.516122525359576e-05,1.3129548700788433e-05,1.7915822776785715e-05,1.8260376164171113e-06,0.12932451006765552,0.11731697491965452,1.516122525359576e-05,1.3129548700788433e-05,1.7915822776785715e-05,1.8260376164171113e-06,0.12932451006765552,0.11731697491965452,0.002249978346965717,0.0020673893574665375,0.0026906435089285715,0.00018258898949917966,0.1084389697314228,0.09810781267516847,0.002249980014154089,0.0020673893574665375,0.002690646517857143,0.0001825906566875514,0.10843928969854492,0.09810789089824917,0.0,0.0,0.0,0.0,nan,2.9168513727019434,150.17144739883446,145.22500464083623,161.15824596054313,4.946442757998227,0.04282680027144491,0.038868276455622526,131.9154602021758,111.63316832494647,152.32816152886568,14.18017029152432,0.12874129718544783,0.11676829463011813,791.4927612130548,669.799009949679,913.9689691731942,85.08102174914586,0.12874129718544783,0.11676829463011812,3.3390458525892095e-08,2.7159393763357072e-08,4.815780382029098e-08,6.2310647625350235e-09,0.2355773526940088,0.21398053157140134,5.060791913718988e-13,3.5664563845450317e-13,8.62639153070895e-13,1.4943355291739562e-13,0.3621864325034188,0.3289251557235728,90.0,77.0,92.0,1.0,0.0699320338633656,0.06345426111658095,90.0,76.5,92.0,1.0,0.0713714056959817,0.06388605442501766,90.0,77.0,92.0,1.0,0.0693118719061762,0.06345101239864172,2756.0,2677.5,2859.0,78.5,0.028588225607081665,0.03565475933093475,2459.5,2459.5,2519.0,0.0,0.013123461592057899,0.035265038005963985,0.9090761860126022,0.8781583380123525,0.9325559147239638,0.023479728711361614,0.02612303709182031,0.0525821306111456,-1.0,-1.0,-1.0,0.0,-0.0,-0.0,-1.0,-1.0,-1.0,0.0,-0.0,-0.0,high_variability,elevated,0.0
intel,Intel i9-7900X,cpu,axpy_intel_20260725_163341,1000000,16,50,5,50,0,0,0,-1,34233.0,2.9391446645050098e-05,2.2397862720713454e-05,2.991240360689078e-05,4.4567817619196843e-07,0.11372978440734542,0.10279149405776034,2.9391446645050098e-05,2.2397862720713454e-05,2.991240360689078e-05,4.4567817619196843e-07,0.11372978440734542,0.10279149405776034,0.003884104253171857,0.003075921652325894,0.003952491775331977,6.838752216012031e-05,0.09873979380486918,0.08939093830577416,0.003884104253171857,0.003075921652325894,0.003952491775331977,6.838752216012031e-05,0.09873980071613492,0.08939096569217977,0.0,0.0,0.0,0.0,nan,5.355514738655388,132.14188366308537,129.66353389846068,137.18131627812144,2.1140455584929896,0.021449643362689078,0.019604816444419026,68.04700818755138,66.8618953785395,89.29423434896773,1.047723145374988,0.13360381270457086,0.12070878142588316,408.2820491253083,401.17137227123703,535.7654060938064,6.286338872249985,0.13360381270457086,0.12070878142588318,1.1240372822884006e-07,6.890203255623971e-08,1.1823781379095052e-07,3.890297286420336e-09,0.19577817998120914,0.1770877628562195,3.294443480084357e-12,1.5434366466420171e-12,3.536585494218374e-12,1.6063218743723398e-13,0.2756715594114291,0.2493376998887144,85.0,82.0,87.0,1.0,0.02200974933396436,0.021506170519675898,85.0,82.0,87.0,1.0,0.022192513170102204,0.02189366669884832,85.0,82.0,87.0,1.0,0.022192513170102204,0.02221331505220655,3530.0,3439.0,3571.0,35.5,0.015378147768726614,0.029069839870994353,3120.0,3119.0,3179.0,0.5,0.00848045455844771,0.018188407913170883,0.9069496946786857,0.8782255008292978,0.9159099192146716,0.008960224535985883,0.017030210699976494,0.03766867838014488,-1.0,-1.0,-1.0,0.0,-0.0,-0.0,-1.0,-1.0,-1.0,0.0,-0.0,-0.0,high_variability,elevated,0.0
intel,Intel i9-7900X,cpu,axpy_intel_20260725_163341,1000000,20,50,5,50,0,0,0,-1,57705.0,1.773988345897236e-05,1.2038462085820314e-05,2.0478529879552158e-05,1.8814273082745774e-06,0.18799615601853442,0.17689193003590145,1.773988345897236e-05,1.2038462085820314e-05,2.0478529879552158e-05,1.8814273082745774e-06,0.18799615601853442,0.17689193003590145,0.0027121866305116716,0.0020623540057886076,0.0029894402105816254,0.0001952487484227403,0.13635685582623625,0.12957373552001722,0.002712187589405015,0.0020623540057886076,0.0029894402105816254,0.0001952477895293971,0.13635685693101185,0.12957369951998712,0.0,0.0,1.178967224711153e-10,0.0,2.23606797749979,2.5228749567145936,150.38264136785494,145.99978472733227,171.41056834345142,3.5692640441727974,0.06616329167921173,0.059929724303812944,112.78964054404535,97.66326064710171,166.134177756451,10.859650433315508,0.2325110526192152,0.21385546059966007,676.7378432642722,585.9795638826101,996.805066538706,65.15790259989308,0.23251105261921517,0.21385546059966004,4.771571780999395e-08,2.48398585271796e-08,6.123127732064308e-08,9.311787210644143e-09,0.29554290353483154,0.28105248132899013,8.408396757161728e-13,2.995895815967672e-13,1.254280962940875e-12,2.7793853746500536e-13,0.4207495507382721,0.40080577792474503,91.0,87.0,94.0,1.0,0.02801659073402629,0.028926537846519166,91.0,86.5,93.0,1.0,0.02692624213415505,0.02799596937482602,91.0,86.5,93.0,1.0,0.027427756379225558,0.028263796686083004,3986.5,3973.0,3999.0,5.5,0.002471437204331119,0.022747092323618975,3600.0,3599.5,3600.0,0.0,7.607680392037975e-05,0.00013850765419945937,0.9029223614479119,0.900225056264066,0.9060005473703416,0.0012474451333489567,0.0024130755288516038,0.024347401715111277,-1.0,-1.0,-1.0,0.0,-0.0,-0.0,-1.0,-1.0,-1.0,0.0,-0.0,-0.0,high_variability,high_variability,0.0
intel,Intel i9-7900X,cpu,axpy_intel_20260725_163341,2000000,1,50,5,50,0,0,0,-1,1414.0,0.0007112524125973107,0.0007092356644318984,0.0007184274710714286,8.919646080527647e-07,0.004974509270696321,0.004547437010835084,0.0007112524125973107,0.0007092356644318984,0.0007184274710714286,8.919646080527647e-07,0.004974509270696321,0.004547437010835084,0.031202427105449397,0.029025437544107267,0.03125784052333805,4.0670037407743165e-05,0.03196383751031732,0.03304180335588108,0.03128571089879688,0.029108804516584336,0.031327165841584154,4.142160120312183e-05,0.03184364330883872,0.03296910811794506,8.134678571428572e-05,6.795190947666196e-05,8.564008468595625e-05,4.044527853604119e-07,0.08491853951626277,0.09634815468978612,43.85548056971561,40.743014459199074,44.00199031282253,0.14650974310691822,0.03229914241014828,0.03393026992547506,5.623882572435968,5.5677159249637,5.639874306991609,0.007043803300899043,0.004948921644810336,0.004526856897304315,33.74329543461581,33.40629554978221,33.83924584194966,0.04226281980539426,0.004948921644810292,0.004526856897304308,2.2209037194681278e-05,2.067780355621892e-05,2.2439008925743763e-05,8.54513520042538e-08,0.03245280748941596,0.03277666255161225,1.5793320541506718e-08,1.4730925994464601e-08,1.6112317651440305e-08,9.654375931496372e-11,0.03361803141752279,0.033158460668237195,76.0,68.0,80.0,2.0,0.06122800230436881,0.07985939659407029,76.0,68.0,80.0,2.0,0.06122800230436881,0.08046100214194953,76.0,68.0,80.0,2.0,0.06122800230436881,0.05750240026528992,1649.5,1639.0,1659.0,8.5,0.005048574033560691,0.060559249919493616,1340.0,1339.0,1494.5,0.5,0.050535127935198876,0.055216208965222745,0.8120642446294357,0.8074141048824592,0.9022411663068213,0.004650139746976478,0.04871029142098484,0.08605710696162028,-1.0,-1.0,-1.0,0.0,-0.0,-0.0,-1.0,-1.0,-1.0,0.0,-0.0,-0.0,stable,stable,0.002600125852259729
intel,Intel i9-7900X,cpu,axpy_intel_20260725_163341,2000000,2,50,5,50,0,0,0,-1,2549.0,0.00039383400508408286,0.0003922967126324049,0.00039500471781200636,9.112973874746502e-07,0.0027033481212481096,0.003401620644466866,0.00039383400508408286,0.0003922967126324049,0.00039500471781200636,9.112973874746502e-07,0.0027033481212481096,0.003401620644466866,0.023156497057669673,0.022837735039370078,0.02332348744605728,0.0001545406818688512,0.008699579775892141,0.010992140390377271,0.02338669615535504,0.023065066535433068,0.023544792139225657,0.00015554688112985604,0.008688945360136143,0.010973185545309915,0.00022684055118110235,0.00020885525276461293,0.0002342479468126711,7.4073956315687576e-06,0.04523947129626002,0.047052881742357465,58.673167188107485,58.03812028736577,59.485426017968464,0.5695428972070431,0.010070821398957066,0.011149147540522542,10.156563380276001,10.126461349293685,10.196363827368078,0.023447160597994454,0.0027071198617293034,0.003400056757292692,60.93938028165601,60.75876809576211,61.178182964208474,0.14068296358796317,0.002707119861729337,0.0034000567572927205,9.142245638678641e-06,8.996369985267277e-06,9.188530587526366e-06,4.0111509925733294e-08,0.008095705673135443,0.011858086418884568,3.594901413648779e-09,3.5444402764876863e-09,3.6145977945624075e-09,1.6944218151423722e-11,0.007874339409997148,0.013553502256068724,80.0,77.0,81.0,1.0,0.020747066572165383,0.03646750944519151,79.0,77.0,81.0,1.0,0.019221484015339796,0.037007411102147315,79.0,77.0,81.0,1.0,0.019221484015339796,0.026095417547874405,1782.5,1774.0,1917.5,8.5,0.033881975331881385,0.06819616552698933,1604.5,1542.0,1613.5,1.0,0.018308009153634477,0.04733214474223451,0.8735967162199889,0.8405346899282209,0.9126514441780332,0.03208880042319007,0.03576373369650234,0.08068890651521217,-1.0,-1.0,-1.0,0.0,-0.0,-0.0,-1.0,-1.0,-1.0,0.0,-0.0,-0.0,stable,stable,0.009699555237483207
intel,Intel i9-7900X,cpu,axpy_intel_20260725_163341,2000000,4,50,5,50,0,0,0,-1,5152.0,0.00019380497676001556,0.00019241833113354037,0.00019490882942884802,6.915793129374755e-07,0.005107263963054516,0.0057282209032655145,0.00019380497676001556,0.00019241833113354037,0.00019490882942884802,6.915793129374755e-07,0.005107263963054516,0.0057282209032655145,0.01572314201125995,0.01545887047841307,0.016163847982149787,0.00026427153284688115,0.01973857957511284,0.017425792721417137,0.01594259949524364,0.01566579385453131,0.016379860302677532,0.00027680564071232844,0.019712682828553707,0.01738599309234025,0.00021580442374854482,0.00020781612213146636,0.00021859755387303436,2.7931301244895376e-06,0.02236807244304997,0.023405387236992637,81.33750790419818,79.71087810215931,83.10307226679251,1.1753765797224531,0.016367868383801915,0.014373470720290767,20.639304916440707,20.522430003910074,20.78812424143287,0.0733821082243935,0.005114094063589938,0.005730573446913955,123.83582949864424,123.13458002346046,124.72874544859722,0.44029264934637524,0.00511409406358992,0.005730573446913916,3.0376021943078504e-06,2.9978759995241063e-06,3.1445749443481806e-06,3.9726194783744085e-08,0.023596222347237055,0.021589008996309958,5.869847164822356e-10,5.769533242846919e-10,6.112528316163122e-10,1.0031392197543647e-11,0.02767302925050905,0.026340115370245464,80.0,76.5,83.0,0.5,0.028917245010562222,0.0418646184858798,80.0,76.5,83.0,1.0,0.02929138652428796,0.04285714285714286,78.0,75.0,80.0,1.0,0.023984983248550907,0.037035528304371935,2033.5,1986.5,2040.0,6.5,0.010977245728875021,0.06633737438525453,1839.0,1719.0,1849.5,5.0,0.030077462623583018,0.0541941968333952,0.8996375801505436,0.8824894232208558,0.9102559021470377,0.01061832199649404,0.013616044639381169,0.07140126814986243,-1.0,-1.0,-1.0,0.0,-0.0,-0.0,-1.0,-1.0,-1.0,0.0,-0.0,-0.0,stable,stable,0.013536338525779847
intel,Intel i9-7900X,cpu,axpy_intel_20260725_163341,2000000,8,50,5,50,0,0,0,-1,8659.0,0.00011589261196443007,0.00011264120946404341,0.00011668180731479317,7.891953503631055e-07,0.014193486129251231,0.012568765369707253,0.00011589261196443007,0.00011264120946404341,0.00011668180731479317,7.891953503631055e-07,0.014193486129251231,0.012568765369707253,0.014093622996515679,0.013611567559927634,0.014352631981771441,0.00023378617016837216,0.0205976717140331,0.0190622156341691,0.014114679616724739,0.01364226266395296,0.014373887181584482,0.00023628342833229357,0.02024412034533217,0.018729799056230654,1.9431591173054585e-05,9.064499364822728e-06,2.974451605608322e-05,9.832837977329816e-07,0.37614136574008183,0.34639060259265825,121.46948702754773,120.82948783381985,122.99305491293578,0.6399991937278742,0.006965259777627089,0.008392293892439246,34.5147109864926,34.28126704216535,35.51098243092998,0.2334439443272558,0.014318250253825288,0.012659688014693053,207.0882659189556,205.6876022529921,213.06589458557988,1.4006636659635205,0.014318250253825321,0.012659688014693082,1.6361966701948626e-06,1.533955816317298e-06,1.676460963092926e-06,4.026429289806342e-08,0.0345446150899252,0.03106340772197974,1.8983948943657062e-10,1.7274393221255552e-10,1.954852316505303e-10,5.6457422139596864e-12,0.04811512989414294,0.0432234377104975,82.0,81.0,83.0,1.0,0.012195121951219513,0.02328213659567211,82.0,81.0,83.0,1.0,0.012195121951219513,0.02379480396717675,81.0,79.0,83.0,1.0,0.018266498736688824,0.022211956293414763,2584.5,2466.0,2602.0,17.5,0.02287800743218009,0.05884977169572253,2299.5,2199.0,2300.0,0.5,0.02023368966355167,0.05069882917109452,0.8843586570148019,0.8725445538917042,0.9234669864541627,0.00828062724709322,0.021619220974035562,0.0646801309362059,-1.0,-1.0,-1.0,0.0,-0.0,-0.0,-1.0,-1.0,-1.0,0.0,-0.0,-0.0,stable,stable,0.001376693747269314
intel,Intel i9-7900X,cpu,axpy_intel_20260725_163341,2000000,10,50,5,50,0,0,0,-1,9736.0,0.000102964415673788,0.00010108414468235533,0.00010406850578124999,1.104090107461987e-06,0.012049330057775696,0.011035664019603554,0.000102964415673788,0.00010108414468235533,0.00010406850578124999,1.104090107461987e-06,0.012049330057775696,0.011035664019603554,0.01385952449671323,0.013590316776248201,0.014016554270833332,0.0001570297741201026,0.01319819010224589,0.01195481979594191,0.013859720932621198,0.0135905682658722,0.014016818020833334,0.00015709708821213565,0.013172354657036237,0.011931474332402287,3.300801314978426e-07,1.9165981922760886e-07,1.998081001918998e-06,1.3842031227023375e-07,1.114834155089244,1.056023090500709,134.66385170584215,132.03718653240455,137.15029494739565,0.1903540182408392,0.013450679545721258,0.012327130281222228,38.8483727577059,38.43622185130453,39.5709932555881,0.4121509064013722,0.01205209614716835,0.01103631253023182,233.09023654623542,230.61733110782717,237.4259595335286,2.4729054384082474,0.0120520961471684,0.011036312530231811,1.4100407376922245e-06,1.3793013324526644e-06,1.4584611917055603e-06,1.6156886120201003e-08,0.021112443443927827,0.01949239270082521,1.4403780835348752e-10,1.3946359788332103e-10,1.518059162573651e-10,2.768068447792832e-12,0.031865555876698454,0.029376685430058988,85.0,81.0,88.0,1.0,0.029994232432898733,0.03014652508992441,85.0,81.0,88.0,1.0,0.030524007324398077,0.03067568770137828,85.0,81.0,88.0,1.0,0.030524007324398077,0.028124416105964917,2801.0,2778.0,2915.5,23.0,0.01992472623443185,0.034489499865851904,2519.0,2399.0,2520.0,0.0,0.021553053112718424,0.03226276010485049,0.8839872082732695,0.8503207747983682,0.893334592956819,0.001807361472104252,0.01877156203985159,0.04145005190421203,-1.0,-1.0,-1.0,0.0,-0.0,-0.0,-1.0,-1.0,-1.0,0.0,-0.0,-0.0,stable,stable,2.3815784827307972e-05
intel,Intel i9-7900X,cpu,axpy_intel_20260725_163341,2000000,16,50,5,50,0,0,0,-1,9602.0,0.00010417436471568423,0.00010224760870898496,0.00010559827542194091,1.4239107062566803e-06,0.013926076888666455,0.012721251376409322,0.00010417436471568423,0.00010224760870898496,0.00010559827542194091,1.4239107062566803e-06,0.013926076888666455,0.012721251376409322,0.013034262036751874,0.01252099371358479,0.013558748541970422,0.00011671609793331011,0.02851303350715039,0.025795516025096533,0.013038217842110665,0.012529329551262394,0.013563319256404915,0.00011663060582374658,0.028410888376827537,0.025694091383641014,4.442407831701729e-06,3.171234986141053e-06,8.496831237861596e-06,1.271172845560676e-06,0.414239647299649,0.3818557476230289,124.26160663689487,122.18733394552913,130.13480456060643,2.074272691365735,0.02669885836715825,0.02411756484512076,38.39716240093115,37.87940713293787,39.12071933030606,0.5177552679932802,0.01394630441044289,0.0127365588152995,230.38297440558688,227.27644279762723,234.72431598183636,3.1065316079596528,0.013946304410442884,0.012736558815299517,1.3643205101280935e-06,1.280165082489532e-06,1.4126863520798562e-06,2.497919015007738e-08,0.03607311479350351,0.0325368632146366,1.4407843432054417e-10,1.3088599029608441e-10,1.4716069126903468e-10,3.0822569484905146e-12,0.046457631245659506,0.041951435059247824,79.5,72.0,82.0,2.5,0.05231305933987014,0.05039295834548662,79.0,72.0,82.0,3.0,0.05214733214228804,0.05117431936813119,79.0,72.0,82.0,3.0,0.05214733214228804,0.04988575716776642,3500.0,3432.5,3580.0,67.5,0.020533756160835304,0.023869496575718217,3119.0,3119.0,3120.0,0.0,0.0001433744535457675,0.010520676274302983,0.891404821008623,0.8714724783459067,0.9111939925910215,0.019789171582398568,0.02170753057437575,0.027388887288097123,-1.0,-1.0,-1.0,0.0,-0.0,-0.0,-1.0,-1.0,-1.0,0.0,-0.0,-0.0,stable,stable,0.0003407220131998177
intel,Intel i9-7900X,cpu,axpy_intel_20260725_163341,2000000,20,50,5,50,0,0,0,-1,9302.0,0.00010782250284884972,0.00010585843645007925,0.0001105506090648434,9.308422088497183e-07,0.01641528172932842,0.014939396690688075,0.00010782250284884972,0.00010585843645007925,0.0001105506090648434,9.308422088497183e-07,0.01641528172932842,0.014939396690688075,0.014489821812513438,0.01379429088,0.014923777679752979,0.0002049557269349911,0.02846681052406254,0.025736689662576067,0.014492111373898088,0.013812614933333335,0.014927091420379356,0.00019257650860490458,0.02800801542070432,0.02532385178972609,3.826643140714601e-06,2.2089873145560092e-06,1.86064e-05,1.617655826158592e-06,0.9085150360791151,0.8214691618129742,134.44803785991974,129.0068770337664,134.9958579845669,0.5478201246471599,0.018802759678596754,0.016984032301867007,37.09802713336691,36.1825234058755,37.78631399178514,0.3230399800225072,0.016318066093065003,0.014850370405378564,222.58816280020147,217.09514043525303,226.71788395071087,1.9382398801350575,0.016318066093064968,0.014850370405378566,1.5644779594518658e-06,1.474034893448909e-06,1.649739158362941e-06,5.2195410843732884e-08,0.042880220112068254,0.03870343561946877,1.6874879097690542e-10,1.5755078911242925e-10,1.8234840157264452e-10,8.640732010781955e-12,0.058450682537952346,0.05294264002299199,85.0,76.5,85.0,0.0,0.04470319042360219,0.040740991522909144,84.0,76.0,85.0,0.0,0.04497379084989518,0.04080325355924957,84.0,76.0,85.0,0.0,0.04497379084989518,0.04069011770457667,3999.5,3999.0,4000.5,0.5,0.00014253261808374855,0.010820384895088714,3599.0,3599.0,3600.0,0.0,0.00015217051661531533,0.00013930681895583951,0.8999749937484371,0.899775056235941,0.9,2.5006251562875725e-05,0.00011127077336594532,0.011342870391183014,-1.0,-1.0,-1.0,0.0,-0.0,-0.0,-1.0,-1.0,-1.0,0.0,-0.0,-0.0,stable,stable,0.00026405007814160283
intel,Intel i9-7900X,cpu,axpy_intel_20260725_163341,4000000,1,50,5,50,0,0,0,-1,576.0,0.0018037587543554006,0.0017937479403114188,0.0018103571414930556,3.616168118467187e-06,0.0035761438415244685,0.009325541569187534,0.0018037587543554006,0.0017937479403114188,0.0018103571414930556,3.616168118467187e-06,0.0035761438415244685,0.009325541569187534,0.07942030989583335,0.07705769686411149,0.08010950087108014,0.0006891909752467923,0.018844706093214213,0.01991029211580159,0.08069630642361111,0.07838386585365853,0.08146821602787457,0.0007719096042634599,0.019017945240121254,0.019822980203378356,0.0012966085069444442,0.0012306314878892735,0.0013565949477351916,4.0322048611110984e-05,0.04072623195573109,0.048741672495671996,44.23628423525179,42.734518534192965,44.35020967135178,0.11392543609998995,0.0161649545612875,0.018626596732159894,4.435182939588238,4.419019941075756,4.459936206238267,0.008873491685722712,0.003580758237550097,0.009458191706581642,26.611097637529433,26.51411964645453,26.7596172374296,0.05324095011434338,0.003580758237550085,0.009458191706581649,0.00014262230610760066,0.00013777170201357462,0.00014467935510181583,2.0570489942151765e-06,0.0219527000136937,0.02485603964737138,2.564142922078027e-07,2.4775737295330756e-07,2.620116881198319e-07,4.538255009170226e-09,0.023389259566200873,0.03168552098349434,78.0,73.0,79.0,1.0,0.03536454472802695,0.07594108880958735,78.0,73.0,79.0,1.0,0.03536454472802695,0.07623190296719896,78.0,73.0,79.0,1.0,0.03536454472802695,0.03427343466052971,1650.0,1520.0,1655.5,2.5,0.036133083697750146,0.20210924403205038,1339.5,1339.0,1339.5,0.0,0.00016694549630429965,0.0379900270894116,0.8482792860371406,0.8115163438256658,0.8815399674300959,0.03293173402453431,0.03416219184283953,0.10264661315047705,-1.0,-1.0,-1.0,0.0,-0.0,-0.0,-1.0,-1.0,-1.0,0.0,-0.0,-0.0,stable,stable,0.016067755321265444
intel,Intel i9-7900X,cpu,axpy_intel_20260725_163341,4000000,2,50,5,50,0,0,0,-1,975.0,0.0010335956293814432,0.0010307342525562372,0.0010389796670081967,2.563055670103207e-06,0.003067921727181943,0.00384877975992977,0.0010335956293814432,0.0010307342525562372,0.0010389796670081967,2.563055670103207e-06,0.003067921727181943,0.00384877975992977,0.059131557731958766,0.05831220194274028,0.06065364051282052,0.000386526994253851,0.014908137074656366,0.016786101479449658,0.06052045824742268,0.0596971099182004,0.06205198974358974,0.00037777382119316694,0.014633693848103998,0.016336128989632437,0.0013917979487179486,0.0013726309278350515,0.0013936407216494843,1.8427729315357785e-06,0.006603433366301572,0.012800703094250304,57.08524148398139,56.531384096184524,58.62436692965052,0.2902459447882322,0.014258980541327343,0.016612041691539795,7.739971559513707,7.699862941094292,7.761459856304137,0.01914555492297154,0.0030651324213625776,0.0038481076924873074,46.439829357082246,46.19917764656576,46.56875913782483,0.11487332953782925,0.003065132421362541,0.0038481076924872784,6.123139241887182e-05,6.009614620696091e-05,6.248588621024986e-05,3.215345149188976e-07,0.014067204514288698,0.017807149464472077,6.332264721718814e-08,6.198353335388646e-08,6.448941546518985e-08,1.8159120664234961e-10,0.014098069672480888,0.019543275625287543,77.0,75.0,80.0,1.0,0.024437670144509434,0.04530225410544727,77.0,75.0,80.0,1.0,0.024296476537493124,0.04592132727631728,77.0,75.0,80.0,1.0,0.024296476537493124,0.021075856821002804,1854.0,1803.0,1910.0,50.0,0.025208583865675413,0.05594061930316083,1605.0,1479.0,1619.0,14.0,0.03715629774242658,0.05969975939068137,0.8674473850814444,0.8293575284622374,0.8744631140701443,0.007015728988699954,0.020934360134996784,0.0774123488702459,-1.0,-1.0,-1.0,0.0,-0.0,-0.0,-1.0,-1.0,-1.0,0.0,-0.0,-0.0,stable,stable,0.02299714822098558
intel,Intel i9-7900X,cpu,axpy_intel_20260725_163341,4000000,4,50,5,50,0,0,0,-1,1194.0,0.0008423746546644844,0.0008394494991755977,0.0008438473211892796,8.504380368578104e-07,0.0020014420618280865,0.003307042885602683,0.0008423746546644844,0.0008394494991755977,0.0008438473211892796,8.504380368578104e-07,0.0020014420618280865,0.003307042885602683,0.05960707078559738,0.05680009589614741,0.06030787961409396,0.000700808828496581,0.023374461838385825,0.02324237962036736,0.061154499181669396,0.05827948701842546,0.061806034395973146,0.0006515352143037501,0.022901049151808506,0.02273532045059427,0.0014990851510067113,0.001480358040201005,0.001564547815333883,1.8727110805706257e-05,0.024064989074707638,0.023602351448347547,70.49807905346162,67.31015985196157,71.30992844586784,0.8012191100762038,0.022760700215743293,0.022926764541921087,9.496992771624335,9.480392431835243,9.53005532615951,0.009608485447881066,0.0020047656778714703,0.0033079467822313634,56.98195662974601,56.88235459101146,57.180331956957055,0.05765091268727929,0.0020047656778714386,0.003307946782231372,5.023629122486651e-05,4.791795236833396e-05,5.086892365370578e-05,6.326324288392682e-07,0.02384045427328936,0.02401653175686008,4.239188906370473e-08,4.044085776380437e-08,4.288910821473493e-08,4.972191510302044e-10,0.02450448493664372,0.025206694114629728,76.0,67.5,78.0,1.0,0.055921281323173824,0.05932420509515815,76.0,67.0,78.0,1.0,0.058889765781471315,0.0601031625441416,76.0,67.0,78.0,1.0,0.058889765781471315,0.05181060612205547,2054.0,1966.0,2076.0,6.0,0.02094618218710337,0.06236958933873818,1839.0,1700.0,1840.0,1.0,0.039894231525776085,0.055631520800717184,0.8683514954174398,0.8472652751182922,0.8947368421052632,0.01661773768722119,0.0234360875248274,0.0740114825598175,-1.0,-1.0,-1.0,0.0,-0.0,-0.0,-1.0,-1.0,-1.0,0.0,-0.0,-0.0,stable,stable,0.02451308033041747
intel,Intel i9-7900X,cpu,axpy_intel_20260725_163341,4000000,8,50,5,50,0,0,0,-1,1422.0,0.0007639703833780161,0.0007503410913940256,0.0007693833503350706,2.7128965094662567e-06,0.009610985319729237,0.009122057725442542,0.0007639703833780161,0.0007503410913940256,0.0007693833503350706,2.7128965094662567e-06,0.009610985319729237,0.009122057725442542,0.07141745625000001,0.06967444772403983,0.072013702883263,0.0005962466332629923,0.013277976262932721,0.012999420135279167,0.07304348993055555,0.07121458428165006,0.07363448593530239,0.0005909960047468382,0.013231779970245747,0.012984653336732363,0.0016094225871313673,0.0015425579658605974,0.0016329881944444444,2.356560731307713e-05,0.025934836195162653,0.025952209314116025,93.09595585834836,92.32611134753532,93.9578961856082,0.4781047847247777,0.006899538885189333,0.006793921698826789,10.471611199999998,10.397937554842006,10.661817999079894,0.03705469798489247,0.009699875613421484,0.00921213049540884,62.82966719999999,62.38762532905204,63.97090799447936,0.22232818790936193,0.009699875613421475,0.009212130495408853,5.447566059523381e-05,5.228509678118519e-05,5.520106648453511e-05,6.252351338536735e-07,0.02189907044401402,0.021304982191420196,4.155283272762907e-08,3.92245382453293e-08,4.236066857417677e-08,7.687589128959734e-10,0.030942331591347114,0.029934227840516345,75.5,73.0,77.0,1.5,0.021263274863743426,0.02819027273631672,75.0,73.0,77.0,1.0,0.01982940771950712,0.028360634189017624,75.0,73.0,77.0,1.0,0.01982940771950712,0.01856257608293086,2628.5,2584.0,2725.0,25.0,0.019852707142180275,0.04158986215252777,2300.0,2249.5,2324.0,24.0,0.0135133094112508,0.057744697147615126,0.8749019343784115,0.8512285093208616,0.8816541997229568,0.006752265344545316,0.013818832787820047,0.0759657013922561,-1.0,-1.0,-1.0,0.0,-0.0,-0.0,-1.0,-1.0,-1.0,0.0,-0.0,-0.0,stable,stable,0.022033758089344983
intel,Intel i9-7900X,cpu,axpy_intel_20260725_163341,4000000,10,50,5,50,0,0,0,-1,1535.0,0.0007193876882183908,0.0007121476398277005,0.0007267710801302931,4.3907217470366515e-06,0.007813111524395759,0.007163177667992177,0.0007193876882183908,0.0007121476398277005,0.0007267710801302931,4.3907217470366515e-06,0.007813111524395759,0.007163177667992177,0.0734693124610592,0.07124513618290258,0.07513173908794787,0.0008928028406649385,0.019881104745514404,0.018324269592181315,0.07504877320872275,0.07273808747514911,0.07670475374592833,0.0009168140757600113,0.01994030521877735,0.018325996665478374,0.0015782506510416668,0.0014980821736249172,0.001596525143678161,1.907002833197646e-06,0.02469985967057588,0.022842857480172448,102.45404050579583,100.10298152145268,103.37302808384928,0.9145917491248241,0.013173198199033424,0.01245114439162713,11.120568561814848,11.007592652131688,11.233625720655255,0.06829034297551395,0.007799452914232871,0.007151214236630095,66.72341137088908,66.04555591279012,67.40175432393153,0.40974205785308015,0.0077994529142328736,0.0071512142366301,5.29476934523345e-05,5.0701896183823584e-05,5.461705486117201e-05,5.549187643729057e-07,0.027372265098307137,0.024877421377755993,3.815822113745068e-08,3.609304026515254e-08,3.970449406522739e-08,6.864218629892237e-10,0.03504775946804959,0.031699404103643414,77.0,73.0,78.0,1.0,0.027141938944146227,0.03028173428470138,76.5,72.5,78.0,0.5,0.027521711399147223,0.03126965327766819,76.5,72.0,77.5,0.5,0.028978736987452243,0.025426794816687925,2889.5,2869.5,2910.0,13.0,0.005354032699585762,0.024457918190517337,2519.0,2459.0,2519.0,0.0,0.01070315745113581,0.02593650884337172,0.8647697898629929,0.8311105656826551,0.8719723183391004,0.007202528476107473,0.01885759633939996,0.035877409838544594,-1.0,-1.0,-1.0,0.0,-0.0,-0.0,-1.0,-1.0,-1.0,0.0,-0.0,-0.0,stable,stable,0.021029666223221225
intel,Intel i9-7900X,cpu,axpy_intel_20260725_163341,4000000,16,50,5,50,0,0,0,-1,1529.0,0.0006869737827608143,0.000675631732023968,0.0007081802789548023,1.1272006109408115e-05,0.019822047901854385,0.018001124660624607,0.0006869737827608143,0.000675631732023968,0.0007081802789548023,1.1272006109408115e-05,0.019822047901854385,0.018001124660624607,0.07007606376716809,0.06771000583279327,0.07226720642493639,0.000897274862775424,0.023938405414200687,0.02185921595476791,0.07156669293655984,0.06928215294880105,0.07385906647582696,0.0010031651142876075,0.023586785360867557,0.021553197503844847,0.0015735353208036294,0.00150140124264225,0.0016017079802259887,2.81726594223593e-05,0.02650592605842885,0.024803737602255058,103.25685293580432,97.61719766503063,105.17454379100207,1.9176908551977476,0.029836545926469393,0.027221239233560617,11.645277021613959,11.296559230692308,11.840770086680394,0.19426567062346578,0.019651596063154968,0.01784551285368871,69.87166212968376,67.77935538415386,71.04462052008236,1.1655940237407805,0.019651596063154843,0.01784551285368868,4.734541952845671e-05,4.69709472572417e-05,5.0263986445162225e-05,3.7447227121500774e-07,0.032478437157064194,0.02937941809991144,3.2574812809774435e-08,3.1818087473034336e-08,3.559743115201561e-08,7.567253367400986e-10,0.04853354182309524,0.043751132272925465,76.0,74.0,78.0,2.0,0.023475779291336374,0.029572567658804467,76.0,74.0,78.0,2.0,0.023475779291336374,0.030451461204882627,76.0,74.0,78.0,2.0,0.023475779291336374,0.020621820554935697,3555.0,3439.0,3579.0,24.0,0.020061376381357583,0.02255197261331201,3120.0,3119.0,3239.0,1.0,0.020695063182127195,0.021970497456414877,0.9069767441860465,0.8714724783459067,0.9088134193551762,0.0001477916748094943,0.017901079761895172,0.02727105342848046,-1.0,-1.0,-1.0,0.0,-0.0,-0.0,-1.0,-1.0,-1.0,0.0,-0.0,-0.0,stable,stable,0.021986978246968693
intel,Intel i9-7900X,cpu,axpy_intel_20260725_163341,4000000,20,50,5,50,0,0,0,-1,1413.0,0.0007757265463451395,0.0007725745034246576,0.000779082101090909,2.032448639993547e-06,0.003210108008399655,0.003946236261778609,0.0007757265463451395,0.0007725745034246576,0.000779082101090909,2.032448639993547e-06,0.003210108008399655,0.003946236261778609,0.08160966849315068,0.07619194749652294,0.08228680981818182,0.000517173768207202,0.030825212342198725,0.027883569698885564,0.08346479863013699,0.07795219228094576,0.08412926363636364,0.0005604184492779135,0.030606422294897167,0.027675628143886796,0.001853208,0.0017691978442280947,0.0018585623287671234,5.3543287671232835e-06,0.0211224928022918,0.020568144078138565,105.172679545724,98.57762897341354,105.64993854878998,0.47725900306598135,0.02898888569257114,0.02632455160717589,10.312912769337622,10.268494921150825,10.354988563275853,0.027091149571774054,0.0032062342363483654,0.0039315711582541615,61.87747661602573,61.61096952690496,62.12993137965511,0.16254689743064432,0.003206234236348284,0.003931571158254156,6.30474946746542e-05,5.894432626577726e-05,6.411395205624638e-05,3.392669315360633e-07,0.032468950996173404,0.029898529757381904,4.876648922738e-08,4.5607120085328886e-08,4.9941533133861035e-08,4.1124518338572825e-10,0.03424317885866092,0.03228968122004453,79.0,69.0,80.0,1.0,0.05880120219569752,0.057231457891144547,79.0,69.0,80.0,1.0,0.05880120219569752,0.058082134958027554,79.0,69.0,80.0,1.0,0.05880120219569752,0.05470694686654679,3999.5,3999.0,4000.5,0.5,0.00016299635976604283,0.0036848485923266765,3599.5,3599.0,3600.0,0.5,0.00013890818169190166,0.00014020693253037896,0.8999749937484371,0.89975,0.8999874968742185,0.0,0.00011352152861400942,0.003615622675295347,-1.0,-1.0,-1.0,0.0,-0.0,-0.0,-1.0,-1.0,-1.0,0.0,-0.0,-0.0,stable,stable,0.02220346817359785
intel,Intel i9-7900X,cpu,axpy_intel_20260725_163341,8000000,1,50,5,50,0,0,0,-1,251.0,0.004047255515873016,0.00404127479563492,0.004097021618951613,5.980720238095774e-06,0.0056822927172882325,0.006515706623594794,0.004047255515873016,0.00404127479563492,0.004097021618951613,5.980720238095774e-06,0.0056822927172882325,0.006515706623594794,0.17929588492063492,0.16178992430278882,0.18170930952380954,0.0024134246031746187,0.0465507544706257,0.04870864005305651,0.18286230357142857,0.16503285258964145,0.18518599206349207,0.0023236884920634915,0.04633436724053803,0.04819926897018494,0.003454840725806452,0.0032804780876494024,0.00357206374501992,6.664935355862704e-05,0.03189856204932927,0.031300150243395504,44.41716765486281,40.253026815885065,44.92194095130115,0.5047732964383442,0.044633119627173916,0.048661298547907184,3.9532962393084263,3.9052759940239,3.9591468057377703,0.005850566429344006,0.005645731807560494,0.006507755093496942,23.719777435850556,23.431655964143403,23.75488083442662,0.03510339857606226,0.005645731807560395,0.00650775509349695,0.000724626085706982,0.0006493254587285871,0.0007355216464132975,8.259294927565703e-06,0.05027096400701124,0.04960723796054461,2.9439644881295232e-06,2.6059943748742983e-06,2.978082477365926e-06,2.7942562203742976e-08,0.054637127653482144,0.051315213324812335,78.0,63.0,80.0,2.0,0.09243951002177095,0.112318083119927,78.0,62.0,80.0,2.0,0.09930363822093966,0.11413654146429418,78.0,62.0,80.0,2.0,0.09930363822093966,0.08872800549023002,1364.5,1358.5,1365.0,0.5,0.002217072655705426,0.4015232154679704,1340.0,1339.5,1495.0,0.5,0.050649519108628485,0.4760914610413508,0.9816785365172462,0.9816715542521994,1.1009129040217123,6.982265046806546e-06,0.0521060741173096,0.4596471130293669,-1.0,-1.0,-1.0,0.0,-0.0,-0.0,-1.0,-1.0,-1.0,0.0,-0.0,-0.0,stable,stable,0.018893127005025084
intel,Intel i9-7900X,cpu,axpy_intel_20260725_163341,8000000,2,50,5,50,0,0,0,-1,392.0,0.0025682125525641024,0.0025508534427480917,0.0025730255000000002,4.812947435897837e-06,0.004176317994998159,0.0038221015670444228,0.0025682125525641024,0.0025508534427480917,0.0025730255000000002,4.812947435897837e-06,0.004176317994998159,0.0038221015670444228,0.14272149618320612,0.13135678846153848,0.14482114631043255,0.0017072436127122392,0.03933946731803636,0.03979857296623885,0.14657902417302798,0.13522553076923077,0.14854895547073793,0.0016173010820740574,0.03800629203558556,0.03859119675857172,0.003800531806615776,0.0037366160714285713,0.003850753846153846,3.486898610295533e-05,0.012183055141934466,0.013698956830985029,55.918960321521794,51.05597082806538,56.79266387741842,0.5897872405794686,0.0417774112281119,0.041318250814210956,6.230014071979783,6.2183604880682015,6.272410971808393,0.011653583911581222,0.004181512004914461,0.0038243458293309384,37.380084431878686,37.310162928409206,37.63446583085036,0.06992150346948023,0.004181512004914501,0.0038243458293309354,0.0003644226171869233,0.0003380173632378718,0.00037110697558391634,4.776994542017869e-06,0.03707696187242666,0.03860498102152262,9.338917492204577e-07,8.698122329314487e-07,9.546843582207033e-07,9.231724324879107e-09,0.035643468605263746,0.0377678655370527,77.0,63.0,80.0,2.5,0.08897170326265631,0.09904774476796768,77.0,63.0,79.0,2.0,0.08652870591125471,0.09936063372774195,77.0,63.0,79.0,2.0,0.08652870591125471,0.078183164184453,1792.0,1750.5,1830.0,14.0,0.01620401590730937,0.07038287268068184,1616.5,1469.0,1619.5,3.0,0.04213395534031328,0.25047300338513667,0.8846323154551039,0.8371797731003507,0.8917061077304484,0.007073792275344548,0.02587639700855901,0.2925606590174222,-1.0,-1.0,-1.0,0.0,-0.0,-0.0,-1.0,-1.0,-1.0,0.0,-0.0,-0.0,stable,stable,0.025928210588504603
intel,Intel i9-7900X,cpu,axpy_intel_20260725_163341,8000000,4,50,5,50,0,0,0,-1,460.0,0.0021811223891304347,0.002173979179738562,0.002194329276805252,5.386067391304362e-06,0.003573013173001907,0.0037691272747571282,0.0021811223891304347,0.002173979179738562,0.002194329276805252,5.386067391304362e-06,0.003573013173001907,0.0037691272747571282,0.14688733807439824,0.13882364270152506,0.1501807956521739,0.0027345901864713196,0.031078420687819196,0.02871356515198745,0.1509279113785558,0.14266500980392155,0.15424505217391304,0.0025512625344877027,0.0306432439785633,0.028226028647247155,0.0039050509761388284,0.0038532494553376907,0.004062201312910284,5.180152080113765e-05,0.024915077294850017,0.025562840850827686,67.02263220542702,63.8086964009794,68.91491808650304,1.2397931819760117,0.029335481151896173,0.02706023169697452,7.3356856353782405,7.291522344910842,7.35977659970731,0.018082033948052967,0.0035682895283874077,0.003765450094953042,44.01411381226944,43.74913406946505,44.15865959824386,0.10849220368831425,0.0035682895283873826,0.00376545009495304,0.0003221123956100969,0.0003020286831609834,0.00032759348653443605,5.178014439602234e-06,0.03294361447129196,0.030736275964541638,7.063685805992073e-07,6.571040312723824e-07,7.147803828316912e-07,8.411802232483895e-09,0.034648221339769275,0.03306182873918459,74.0,66.0,76.0,1.0,0.05442750757186525,0.0671935462486927,74.0,66.0,76.0,1.0,0.05442750757186525,0.06881220081483162,74.0,65.5,76.0,1.0,0.057459693464113955,0.05500791167450284,2168.0,2049.0,2196.0,28.0,0.03344628334912361,0.066634997165338,1849.0,1719.0,1850.0,1.0,0.039643334393672215,0.05450442086135603,0.8393465889197457,0.8153079886062018,0.903297009198393,0.013512905241776951,0.03882490602938171,0.0778530917888994,-1.0,-1.0,-1.0,0.0,-0.0,-0.0,-1.0,-1.0,-1.0,0.0,-0.0,-0.0,stable,stable,0.0258736170166976
intel,Intel i9-7900X,cpu,axpy_intel_20260725_163341,8000000,8,50,5,50,0,0,0,-1,464.0,0.002164647325431034,0.0021612012435344827,0.0021726952445887448,3.2038857758617464e-06,0.0021658664470741475,0.002339527508718691,0.002164647325431034,0.0021612012435344827,0.0021726952445887448,3.2038857758617464e-06,0.0021658664470741475,0.002339527508718691,0.1981673588362069,0.191420625,0.201768762987013,0.0022357359913793007,0.02011924061304051,0.018519021679833193,0.20266870797413794,0.19574345150862066,0.20627514285714285,0.0021972381465517055,0.020026955853257866,0.01840437946804931,0.004438615301724138,0.0042999428879310336,0.004526129310344827,7.71433189655172e-05,0.0209016403787657,0.019290006497472128,91.47434279853306,88.55459695889931,92.80557020571632,1.0850519712505218,0.018489631308959885,0.017223954185626097,7.3915046152609865,7.364126872021635,7.403290206345901,0.010956030578645581,0.002162547452127668,0.0023338844787409133,44.349027691565915,44.18476123212981,44.41974123807542,0.06573618347187704,0.00216254745212771,0.0023338844787409233,0.0004292015549598071,0.00041378391017812745,0.0004383366476007702,4.69713813890495e-06,0.021679757087571402,0.020011835871137744,9.299352965089459e-07,8.943766690973945e-07,9.524705344295626e-07,9.511652017041556e-09,0.023422518682155277,0.021663418720226264,76.0,72.0,79.0,2.0,0.03521366893700456,0.045313841536680784,76.0,72.0,79.0,2.0,0.03521366893700456,0.04529260992421769,76.0,72.0,78.5,2.0,0.03363070668086657,0.030613061064940047,2599.0,2584.5,2612.5,13.5,0.0048274843735276384,0.0356425238522203,2311.5,2200.0,2324.0,12.5,0.023496024195788216,0.03728266145495191,0.8875416918440574,0.8482519781069664,0.8992068434825828,0.01166515163852544,0.02899683240143684,0.05405247368023157,-1.0,-1.0,-1.0,0.0,-0.0,-0.0,-1.0,-1.0,-1.0,0.0,-0.0,-0.0,stable,stable,0.021900841753481445
intel,Intel i9-7900X,cpu,axpy_intel_20260725_163341,8000000,10,50,5,50,0,0,0,-1,453.0,0.0022126466169977927,0.0022084569988986783,0.0022279588688888887,4.189618099114355e-06,0.0036400398004663033,0.0033327915730769465,0.0022126466169977927,0.0022084569988986783,0.0022279588688888887,4.189618099114355e-06,0.0036400398004663033,0.0033327915730769465,0.22536998565121413,0.20618953097345133,0.23009930444444446,0.002968215231788085,0.04321261166563133,0.04087578865215396,0.23024215562913908,0.21067804977876106,0.23528134666666667,0.0029494392935981995,0.04325198016368648,0.04079396764699472,0.004793070640176601,0.004513889380530973,0.005185884444444445,3.7658940397351445e-05,0.049789613433331104,0.04572189047547395,101.89103432222271,92.86189155232486,103.28339042116852,1.3776937834328322,0.04373484976024976,0.04136725869206442,7.231159229304945,7.181461122793903,7.2448773102826385,0.01371808097769378,0.003633190511369894,0.00332734445397727,43.386955375829665,43.08876673676342,43.46926386169582,0.08230848586615735,0.0036331905113698095,0.003327344453977237,0.000498569761872882,0.00045782104310091397,0.0005127142846133167,6.340635850409079e-06,0.043025916331325215,0.04066586246058419,1.1032307092493064e-06,1.0165261773496945e-06,1.1424456327241562e-06,1.3247002312380212e-08,0.043176989207938006,0.04074334661766835,79.0,63.0,81.0,0.0,0.09750223423100635,0.0915057580078039,79.0,63.0,81.0,0.5,0.09705383943596142,0.09109588205240236,79.0,63.0,81.0,0.5,0.09705383943596142,0.08727646627412981,2905.5,2879.5,2912.0,6.5,0.004617379811799327,0.03278311745601518,2519.0,2519.0,2520.0,0.0,0.00017751502222838008,0.030095630484499494,0.8652136534927093,0.8550959889330814,0.8754344954528515,0.004721075717777579,0.008768343203440237,0.04651145451340562,-1.0,-1.0,-1.0,0.0,-0.0,-0.0,-1.0,-1.0,-1.0,0.0,-0.0,-0.0,stable,stable,0.020817519828545235
intel,Intel i9-7900X,cpu,axpy_intel_20260725_163341,8000000,16,50,5,50,0,0,0,-1,446.0,0.002248284912556054,0.002236926364955357,0.0022623923747178334,4.893213004484448e-06,0.004200399216741742,0.0038699253906498113,0.002248284912556054,0.002236926364955357,0.0022623923747178334,4.893213004484448e-06,0.004200399216741742,0.0038699253906498113,0.2204877109375,0.20946080561797753,0.22323744130925505,0.002749730371755049,0.026453657135135176,0.023765029672406564,0.2255041484375,0.21451955280898877,0.22841994469525959,0.0029157962577595897,0.026089532022203325,0.023424476274222783,0.00517504401805869,0.005033563616071428,0.0052811244394618834,9.511705176655592e-05,0.018969597936510416,0.020276125635640324,98.57174291766663,93.0991718583139,98.96627184163604,0.39452892396941763,0.02584632065836916,0.02329635704747955,7.116535782470063,7.072159645238491,7.152671742850089,0.015522361260540407,0.004194073286036405,0.0038628959364735804,42.69921469482037,42.43295787143094,42.91603045710053,0.09313416756324955,0.004194073286036439,0.0038628959364735782,0.0004931923694662065,0.0004713200400422797,0.000504992276548816,9.791099325800719e-06,0.02761567940914021,0.024861693730672218,1.1031849174526903e-06,1.0607737509257972e-06,1.142136220372837e-06,2.1748474520230076e-08,0.029170119795686348,0.02651173138892064,75.0,70.0,79.0,3.0,0.048989794855663564,0.05093006181152231,74.0,70.0,79.0,4.0,0.05156939426721541,0.051685422999926484,74.0,70.0,79.0,4.0,0.05156939426721541,0.04481053513521166,3580.0,3481.0,3588.5,8.5,0.013460398799459494,0.025391673278116787,3141.5,3125.0,3248.0,16.5,0.020026791768270436,0.024062474696175156,0.8740223463687151,0.8724477383312308,0.9086495895495017,0.0015746080374843263,0.021932045219959992,0.03899014817061738,-1.0,-1.0,-1.0,0.0,-0.0,-0.0,-1.0,-1.0,-1.0,0.0,-0.0,-0.0,stable,stable,0.022948775239463006
intel,Intel i9-7900X,cpu,axpy_intel_20260725_163341,8000000,20,50,5,50,0,0,0,-1,425.0,0.0023575665070588235,0.0023402326039719625,0.002389608429594272,1.0389439749687156e-05,0.007784847713907387,0.007225588941047647,0.0023575665070588235,0.0023402326039719625,0.002389608429594272,1.0389439749687156e-05,0.007784847713907387,0.007225588941047647,0.23498883333333334,0.23400603647058826,0.24564387947494032,0.0009827968627450778,0.02384770037951052,0.02168805252330953,0.24050426877934272,0.23952975176470592,0.25129921957040574,0.0009745170146367998,0.02356650676008845,0.021459620517559726,0.005559409411764705,0.005512110981308411,0.00570424231678487,4.729843045629418e-05,0.014463285513236078,0.014358986378365517,100.28626797770687,99.25963446624849,103.09696304225123,1.0266335114583853,0.017535706681045628,0.015835340417749352,6.786659027100859,6.695657763566032,6.836927239340595,0.02977656105922577,0.007759294734000828,0.007201445910686023,40.71995416260515,40.173946581396194,41.02156343604357,0.17865936635534752,0.007759294734000843,0.007201445910685998,0.0005532533731433851,0.0005494176036458386,0.0005870819137714673,3.835769497546513e-06,0.030785970184887282,0.02823455243830559,1.302946714541175e-06,1.2859908597025584e-06,1.4027489171273675e-06,1.6955854838616573e-08,0.03795899456189317,0.03510326440727187,75.0,73.0,79.0,2.0,0.031856070314265336,0.036564193319003215,75.0,73.0,79.0,2.0,0.031856070314265336,0.03752579832967495,75.0,73.0,79.0,2.0,0.031856070314265336,0.029253091184162305,4030.0,3999.0,4041.0,11.0,0.005021907231217601,0.007303621137496026,3600.0,3599.0,3600.0,0.0,0.00015216206175829706,0.0001374796253209783,0.8933002481389578,0.8907451445610345,0.9,0.0025551035779233233,0.004921571947375158,0.007447423130124887,-1.0,-1.0,-1.0,0.0,-0.0,-0.0,-1.0,-1.0,-1.0,0.0,-0.0,-0.0,stable,stable,0.02311563715679965
intel,Intel i9-7900X,cpu,axpy_intel_20260725_163341,16000000,1,50,5,50,0,0,0,-1,116.0,0.008713502487068966,0.008626292085470085,0.008722849568965518,9.347081896551868e-06,0.004547908872640864,0.004640687220006795,0.008713502487068966,0.008626292085470085,0.008722849568965518,9.347081896551868e-06,0.004547908872640864,0.004640687220006795,0.3860928034188034,0.3813908793103448,0.3884680431034483,0.001824337901562001,0.007063450040682789,0.01859421394525294,0.39387952136752136,0.3890319137931034,0.3962670172413793,0.0019505687813144434,0.0071081482531731004,0.018278487961373564,0.0077436465517241385,0.007616038793103449,0.007794034482758621,3.237931034482701e-05,0.008999306559250762,0.01397380069705309,44.5001250826892,43.80517910826743,44.726566394989234,0.2264413123000324,0.00823578738127698,0.019735849388582923,3.672461303794549,3.668525949846879,3.7095892458755717,0.00393535394766964,0.004573392370673622,0.004663637620438866,22.034767822767286,22.01115569908128,22.257535475253427,0.02361212368600718,0.004573392370673569,0.004663637620438855,0.0033442801092841545,0.0033205891582607956,0.003386034359592507,2.2450821537705733e-05,0.007806273205130329,0.01858310853299749,2.9154721988319254e-05,2.8776594835991637e-05,2.9541407935248305e-05,2.4393005221204757e-07,0.01042093385285416,0.019688489878264995,78.0,76.0,80.0,2.0,0.0228753757288981,0.07380557764464628,78.0,76.0,80.0,1.0,0.020271010642104997,0.07464141740801024,78.0,76.0,80.0,1.0,0.020271010642104997,0.01981410853800056,1364.0,1364.0,1365.0,0.0,0.0003277971087736993,0.03375425811975183,1340.0,1340.0,1483.0,0.0,0.04672771018302937,0.5129946611148012,0.9896572523417542,0.9834817578057616,1.0872434017595307,0.006175494535992532,0.043403429059355736,0.5183278649737291,-1.0,-1.0,-1.0,0.0,-0.0,-0.0,-1.0,-1.0,-1.0,0.0,-0.0,-0.0,stable,stable,0.019659936939190832
intel,Intel i9-7900X,cpu,axpy_intel_20260725_163341,16000000,2,50,5,50,0,0,0,-1,177.0,0.005662426446327683,0.0056497724185393255,0.005701982914772728,1.2654027788357516e-05,0.00408122505823816,0.004405854671719729,0.005662426446327683,0.0056497724185393255,0.005701982914772728,1.2654027788357516e-05,0.00408122505823816,0.004405854671719729,0.31409059322033894,0.30579414124293786,0.32270574431818183,0.002615224195391397,0.01977491374392845,0.020793132056980503,0.32294086440677966,0.3146648163841808,0.33179803125,0.0023796497175140874,0.019460478571751164,0.020378142188135766,0.008866389830508473,0.008602637640449438,0.009126017045454545,0.00025560451977400984,0.026568943871757077,0.02637124721402849,55.46119113578553,54.06685106982549,56.60608124742702,0.6799537335072259,0.018013251787554245,0.018962289457976955,5.651287537887533,5.612084624011565,5.663944982687616,0.012657444800082907,0.004075923724549047,0.004382726949927841,33.907725227325194,33.67250774406939,33.98366989612569,0.07594466880049566,0.004075923724549018,0.0043827269499278135,0.0017778326146482854,0.0017296485863730147,0.001833389707992128,1.3180003181677584e-05,0.020889386274464204,0.023355379171659366,1.0099481318350938e-05,9.783335562706666e-06,1.0423816443347189e-05,3.798141502531731e-08,0.022547812687185646,0.026449031579272933,77.0,74.5,79.0,2.0,0.027738269190769237,0.06907042601863762,77.0,74.5,79.0,2.0,0.02628467348722181,0.06961149395137026,77.0,74.0,79.0,2.0,0.027071072262829923,0.024900959117997792,1673.5,1518.0,1684.0,10.5,0.042327946703635516,0.3535248793349699,1619.0,1479.0,1620.0,1.0,0.040339628087663774,0.30476280638342934,0.9614128787611804,0.8878253109166283,0.9837780324111967,0.022365153650016234,0.049956965691598514,0.3952510101037072,-1.0,-1.0,-1.0,0.0,-0.0,-0.0,-1.0,-1.0,-1.0,0.0,-0.0,-0.0,stable,stable,0.02745514986712947
intel,Intel i9-7900X,cpu,axpy_intel_20260725_163341,16000000,4,50,5,50,0,0,0,-1,204.0,0.004942048458333333,0.004931456193627452,0.00496556521182266,6.254894607843342e-06,0.002691174315991095,0.003631142153481814,0.004942048458333333,0.004931456193627452,0.00496556521182266,6.254894607843342e-06,0.002691174315991095,0.003631142153481814,0.3430466200980392,0.33631728078817735,0.3447627794117647,0.0016632034313725508,0.010203944695908424,0.012473925295070258,0.3523130955882353,0.34512363546798036,0.35374941176470587,0.0014363161764705534,0.010123257933575498,0.01223293601881545,0.009033901960784314,0.00883070197044335,0.009363225490196077,0.00013128676470588324,0.02297457496632767,0.02262682795353311,69.41111621518445,67.68211362998821,69.79278540689496,0.3816691917105146,0.012281732711704437,0.014250748686187139,6.475049697427619,6.444391066490594,6.48895879272688,0.008207555088380225,0.0026860266693798174,0.0036313919218152945,38.850298184565716,38.66634639894356,38.93375275636128,0.04924533053028313,0.0026860266693798764,0.0036313919218153128,0.0016977910059351627,0.0016719116039058688,0.0017053765554201129,7.585549484950219e-06,0.007636176424484367,0.011587197839374773,8.38498375738866e-06,8.294935660516709e-06,8.413787153996673e-06,2.8803396608012615e-08,0.005670687986204304,0.01179267819647093,76.0,73.0,77.0,1.0,0.022133863135822107,0.05711773662673687,76.0,72.0,77.0,1.0,0.027501911609187954,0.05802355929761674,76.0,72.0,77.0,1.0,0.027501911609187954,0.023038471276225003,2039.5,2035.0,2117.5,0.5,0.017226405222917206,0.047640209142747136,1839.0,1826.0,1840.0,1.0,0.003275790048781254,0.03933944570864557,0.8947576862949453,0.8740841990158557,0.8970132441787295,0.002008865514062763,0.010898284372165916,0.059546086334867195,-1.0,-1.0,-1.0,0.0,-0.0,-0.0,-1.0,-1.0,-1.0,0.0,-0.0,-0.0,stable,stable,0.02564168653935775
intel,Intel i9-7900X,cpu,axpy_intel_20260725_163341,16000000,8,50,5,50,0,0,0,-1,204.0,0.0049253517647058825,0.004921422492647059,0.004957130405940594,3.9292720588231245e-06,0.0032039242720500985,0.003706364413084247,0.0049253517647058825,0.004921422492647059,0.004957130405940594,3.9292720588231245e-06,0.0032039242720500985,0.003706364413084247,0.45460378676470586,0.43955641666666667,0.45972000247524747,0.002417119277021096,0.016860080981323963,0.015385583058651328,0.46514728676470585,0.4499514142156863,0.47022125247524754,0.0023647670602723325,0.016567096699513614,0.015142480294241393,0.010444122549019608,0.010394997549019607,0.010553061274509805,3.0392302465541074e-05,0.005650098725959077,0.01026481178296673,92.36136787230251,89.23926761283681,92.59241425460394,0.23104638230142882,0.01544293237985566,0.014277836068673316,6.496997932284277,6.455347628061718,6.502185148619279,0.005187216335002631,0.003198023397963828,0.003687919880025092,38.98198759370566,38.73208576837031,39.013110891715684,0.031123298010022893,0.003198023397963853,0.003687919880025093,0.0022375654319387378,0.0021645419441018803,0.0022796547748599556,3.027979986044635e-06,0.01867347259300913,0.01725292847811023,1.1025831445243575e-05,1.0660452098674706e-05,1.1294584451276423e-05,2.9624522546342513e-08,0.020587291529490355,0.019675264309496256,76.0,70.0,77.0,1.0,0.03833419294049893,0.05236281399339025,76.0,70.0,77.0,1.0,0.037437640868013246,0.05275350658927618,76.0,70.0,77.0,1.0,0.037437640868013246,0.033698623420742195,2621.5,2599.0,2739.0,22.5,0.022091430825155325,0.04919010969533459,2296.0,2199.0,2447.5,51.0,0.04094628027898937,0.052750611665254875,0.8583274859032672,0.823206143760637,0.8921516247465615,0.023719215263892757,0.03151909382547548,0.06992947269575346,-1.0,-1.0,-1.0,0.0,-0.0,-0.0,-1.0,-1.0,-1.0,0.0,-0.0,-0.0,stable,stable,0.02245336659203766
intel,Intel i9-7900X,cpu,axpy_intel_20260725_163341,16000000,10,50,5,50,0,0,0,-1,196.0,0.005101524609693878,0.005099558842639594,0.005111209640306123,1.1740025510197788e-06,0.0009072210950389249,0.0008365223475417152,0.005101524609693878,0.005099558842639594,0.005111209640306123,1.1740025510197788e-06,0.0009072210950389249,0.0008365223475417152,0.525640078680203,0.4888363214285715,0.5309814162436548,0.005341337563451787,0.033276410490310375,0.029935418386966534,0.5369946598984772,0.4998939668367347,0.5424444162436548,0.0054497563451776365,0.03281374358432596,0.029604572865680762,0.011440885204081633,0.011033561224489796,0.011536510152284265,8.110094012224282e-05,0.01740028492213363,0.018132056167586227,103.0564350156829,95.64426819555749,104.11723925615631,1.0608042404734164,0.03405105834053623,0.030618675966498733,6.272634650427099,6.26074887626564,6.2750526113830105,0.0014431820720801625,0.0009062811929070949,0.0008357854724904296,37.63580790256259,37.56449325759384,37.65031566829806,0.00865909243247387,0.0009062811929070862,0.0008357854724904173,0.0026810309662919814,0.002498585535791259,0.002707921368521996,2.689040223001482e-05,0.03246959091480766,0.02925780342742918,1.3674617606148133e-05,1.2772279575798036e-05,1.381217018602904e-05,1.37552579880906e-07,0.03167645552095631,0.028586293839063134,79.0,67.0,80.0,1.0,0.07085743167282242,0.07253289622559075,78.5,67.0,80.0,1.5,0.06927691743069195,0.07271364079513123,78.0,67.0,80.0,2.0,0.06857779314355301,0.06317507918950385,2888.0,2755.0,2898.5,7.0,0.021386815915143423,0.033454554562707045,2519.0,2400.0,2519.5,0.5,0.02137164672270699,0.03166903554672448,0.854938546189477,0.8367657581918684,0.8749782974486158,0.012949794437866036,0.017152752074495493,0.04368245248719618,-1.0,-1.0,-1.0,0.0,-0.0,-0.0,-1.0,-1.0,-1.0,0.0,-0.0,-0.0,stable,stable,0.021305398467546432
intel,Intel i9-7900X,cpu,axpy_intel_20260725_163341,16000000,16,50,5,50,0,0,0,-1,196.0,0.005131842466836734,0.005128770969387755,0.005174846425257732,2.832358804291321e-06,0.0038328119823932924,0.003522696960360894,0.005131842466836734,0.005128770969387755,0.005174846425257732,2.832358804291321e-06,0.0038328119823932924,0.003522696960360894,0.5005749719387755,0.49829425510204084,0.529220956185567,0.0022807168367346975,0.025444902661387762,0.023152693648057655,0.5122259617346938,0.5098212704081633,0.5412456520618556,0.002404691326530539,0.02515694951305669,0.022903928724981457,0.011826351282051282,0.011537645408163266,0.012195739795918367,0.00022322603753634727,0.023715906899207457,0.021931982089810852,97.59153171202308,97.10322054379827,102.26868828190337,0.48831116822481135,0.021678248799386773,0.01970555919562863,6.235577259481666,6.183758390276029,6.239311561176708,0.0034396611903808605,0.003813902637413426,0.003505878921303921,37.413463556889994,37.102550341656176,37.43586936706025,0.020637967142285163,0.0038139026374134273,0.003505878921303921,0.0025680415199877873,0.002557489664982521,0.002738617510478841,1.0551855005266376e-05,0.02922618574122805,0.0266621000344229,1.3179091575907953e-05,1.3124239862502651e-05,1.417182328481046e-05,5.4851713405301624e-08,0.03304228943288679,0.030218175923334683,76.0,75.5,77.0,0.5,0.007481466043957599,0.04437813156112862,76.0,75.0,77.0,0.0,0.009304036594559837,0.044746101796034686,76.0,75.0,77.0,0.0,0.009304036594559837,0.009067409821652913,3579.0,3470.0,3580.0,1.0,0.015616105832282283,0.021953676317134522,3160.5,3153.0,3262.0,7.5,0.014488567224684185,0.02015364350917713,0.9063898909525675,0.8801675977653631,0.909089648211004,0.0026997572584365193,0.01621718640578294,0.030129168329195495,-1.0,-1.0,-1.0,0.0,-0.0,-0.0,-1.0,-1.0,-1.0,0.0,-0.0,-0.0,stable,stable,0.023088152818339012
intel,Intel i9-7900X,cpu,axpy_intel_20260725_163341,16000000,20,50,5,50,0,0,0,-1,184.0,0.0054453757961956525,0.005437700426630434,0.005446743149456522,1.3673532608697234e-06,0.0008655589939332377,0.0008002895716910199,0.0054453757961956525,0.005437700426630434,0.005446743149456522,1.3673532608697234e-06,0.0008655589939332377,0.0008002895716910199,0.5635568858695652,0.550861277173913,0.5665913913043479,0.003034505434782675,0.011090670094727398,0.010160130676933181,0.5768097201086957,0.5637318288043478,0.5796580489130434,0.0028483288043477106,0.011004590477790573,0.010046483434532953,0.013098173913043479,0.012966915760869564,0.013267304347826088,6.0703804347826684e-05,0.008547975326711177,0.010272540416216589,103.50916423442851,101.30586125789753,104.03531862396892,0.5261543895404088,0.01068324422099848,0.009814932120621416,5.876545760202383,5.875070500309093,5.884840559082848,0.001475259893290115,0.0008658063044270263,0.000800513834712743,35.2592745612143,35.25042300185456,35.309043354497085,0.00885155935974069,0.0008658063044270294,0.0008005138347127262,0.003068441645667249,0.0029958553594975294,0.003085738815381019,1.513029972043372e-05,0.011446436547155037,0.01055443036244671,1.6702248072326966e-05,1.628993492302898e-05,1.6809044490337522e-05,7.082403924344138e-08,0.011996390346251204,0.010992498510750766,78.0,75.0,79.0,1.0,0.01959399339548204,0.03796045969765622,78.0,75.0,79.0,1.0,0.01959399339548204,0.03880241803044711,78.0,75.0,79.0,1.0,0.01959399339548204,0.01828354086934358,4022.0,4018.5,4032.0,3.5,0.0014741369020489802,0.011648647498463546,3599.0,3599.0,3599.5,0.0,6.212853150787112e-05,0.00011986394644060968,0.894953350467268,0.8927332930635503,0.8956084932621515,0.0006551427948835453,0.001419976980111353,0.012136131866849134,-1.0,-1.0,-1.0,0.0,-0.0,-0.0,-1.0,-1.0,-1.0,0.0,-0.0,-0.0,stable,stable,0.022707963226720973
intel,Intel i9-7900X,cpu,axpy_intel_20260725_163341,32000000,1,50,5,50,0,0,0,-1,56.0,0.01794443998214286,0.01794303358035714,0.017965266589285715,1.4064017857182143e-06,0.0005197096281906564,0.0012778898526312453,0.01794443998214286,0.01794303358035714,0.017965266589285715,1.4064017857182143e-06,0.0005197096281906564,0.0012778898526312453,0.7995688571428572,0.7708606071428572,0.8198379285714286,0.01131872321428573,0.02291319788326983,0.02285273630764568,0.8157916339285713,0.7869279285714286,0.8359768303571429,0.011324321428571205,0.022471526170126696,0.02241064601292118,0.016164303571428573,0.015909535714285713,0.016292455357142854,0.0001281517857142818,0.010188826882640209,0.012477286982665802,44.562946451074026,42.94799656083344,45.636850480210185,0.6332567982668849,0.022635156145136504,0.022932167140997845,3.5665643577186223,3.562430055794403,3.5668439077134106,0.00027954999478829734,0.0005193812589574661,0.0012796196626767363,21.399386146311734,21.37458033476642,21.401063446280467,0.0016772999687333368,0.0005193812589574103,0.0012796196626767306,0.014346231842166258,0.01384868364096606,0.014706749213706183,0.00022712950532376847,0.022637244051253492,0.022843556817276213,0.00025740668553132263,0.00024891223133513085,0.00026354586939218125,4.505133462857653e-06,0.021912407152909614,0.022904419093638228,77.0,75.0,83.0,2.0,0.03878708667034041,0.08516287531145791,76.5,74.5,83.0,2.0,0.0427752218310893,0.08530105422489882,76.0,74.0,82.5,2.0,0.04279515858523097,0.039842882795585684,1364.5,1352.0,1365.0,0.5,0.004729661886128164,0.05278798279200219,1339.0,1339.0,1340.0,0.0,0.0004089312808012289,0.25012792985950344,0.9845740542643198,0.9816849816849816,0.9914847712257039,0.0028890725793381256,0.004609051400926407,0.25702995587178123,-1.0,-1.0,-1.0,0.0,-0.0,-0.0,-1.0,-1.0,-1.0,0.0,-0.0,-0.0,stable,stable,0.019814255134717254
intel,Intel i9-7900X,cpu,axpy_intel_20260725_163341,32000000,2,50,5,50,0,0,0,-1,85.0,0.01184020588235294,0.011832399794117647,0.011903649714285714,7.806088235293163e-06,0.0028396926464476823,0.003457002967289584,0.01184020588235294,0.011832399794117647,0.011903649714285714,7.806088235293163e-06,0.0028396926464476823,0.003457002967289584,0.6578650294117647,0.638299005882353,0.6587794642857143,0.0007880705882352679,0.013606652112322839,0.018296261008705954,0.6767973705882353,0.6563828882352942,0.6770768035714285,0.0002794329831932174,0.01348604003363157,0.017970181559027864,0.018192688235294116,0.018011611764705882,0.018988464705882353,5.729390756302466e-05,0.020771669672550733,0.022185422091120573,55.45103833284221,53.92816164855631,55.618120078417924,0.16708174557571454,0.012893302978556696,0.017282674712108717,5.405311415839958,5.37650230940906,5.408877448973668,0.003566033133710178,0.0028365569194404605,0.003438961907112039,32.43186849503975,32.25901385645436,32.45326469384201,0.021396198802257516,0.0028365569194404366,0.0034389619071120286,0.007798612711366745,0.007554969699693466,0.007827976176390021,1.8480234863100728e-05,0.01468520017598512,0.019883363316073512,9.230085261320014e-05,8.942136447105838e-05,9.347176953443617e-05,5.51941864592912e-07,0.01686701807354562,0.021928532950681767,75.0,74.0,78.0,1.0,0.02703680940886438,0.07253806055968195,74.5,74.0,78.0,0.5,0.02786660912777937,0.07340988235936813,74.0,73.5,78.0,0.5,0.030348183410303577,0.02666722847247165,1642.5,1566.5,1684.5,18.5,0.027024073215599364,0.05037368185016903,1605.0,1550.0,1620.0,14.5,0.018011621818699832,0.3999533149096074,0.9841237664247979,0.9614243323442137,1.020165987727148,0.014678898444598243,0.02312482143578817,0.4246864848910021,-1.0,-1.0,-1.0,0.0,-0.0,-0.0,-1.0,-1.0,-1.0,0.0,-0.0,-0.0,stable,stable,0.02688055395292394
intel,Intel i9-7900X,cpu,axpy_intel_20260725_163341,32000000,4,50,5,50,0,0,0,-1,97.0,0.010406539463917525,0.010344607958762887,0.010411021886597937,4.482422680411602e-06,0.002995939917649154,0.003441774675019291,0.010406539463917525,0.010344607958762887,0.010411021886597937,4.482422680411602e-06,0.002995939917649154,0.003441774675019291,0.7070898385416666,0.6737238402061856,0.7187711237113401,0.006199780015034406,0.024935834652824968,0.02327414303570969,0.725925890625,0.6919426701030928,0.7376244226804124,0.006264769168814355,0.024669046237684383,0.022894781515671144,0.018840922680412372,0.018418835051546394,0.018973354166666668,6.854123711340018e-05,0.011554867024249824,0.013805964356061132,67.89652067533109,65.14084353686249,69.24503828334167,0.4578748036194611,0.022658557429417064,0.02162852138049795,6.149979094729403,6.147331309052255,6.186798061584467,0.0026477856771469632,0.0029998644550838028,0.0034393486451499097,36.89987456837642,36.88398785431354,37.1207883695068,0.015886714062880003,0.0029998644550837976,0.003439348645149891,0.007363797284263871,0.00697001458821926,0.007448578857627749,6.168510911929923e-05,0.026647084353123233,0.02527709212793758,7.665464890615859e-05,7.213896205540295e-05,7.725141953145856e-05,5.34498303582037e-07,0.028269466274391895,0.027560442089450726,75.0,69.0,77.0,2.0,0.04109959590271843,0.07511189310034691,74.5,69.0,77.0,1.5,0.04059233460421056,0.07578326941494222,74.0,69.0,77.0,1.0,0.03966633942071633,0.046288686416635416,1891.5,1779.0,1924.0,15.0,0.03029868901376037,0.0427932197016892,1719.5,1708.5,1849.0,11.0,0.040547854534646245,0.05591183042088918,0.9655125720143425,0.9542647383180515,0.9710468869292395,0.004233985735756174,0.006501813765321665,0.05745401528530656,-1.0,-1.0,-1.0,0.0,-0.0,-0.0,-1.0,-1.0,-1.0,0.0,-0.0,-0.0,stable,stable,0.025954333525962152
intel,Intel i9-7900X,cpu,axpy_intel_20260725_163341,32000000,8,50,5,50,0,0,0,-1,97.0,0.0104491516875,0.010411106417525774,0.010466996635416666,1.2910264819589526e-05,0.002034492532716387,0.0027026478549538407,0.0104491516875,0.010411106417525774,0.010466996635416666,1.2910264819589526e-05,0.002034492532716387,0.0027026478549538407,0.9475782291666666,0.9198893229166667,0.9688510309278351,0.010090698238831464,0.019416882947027557,0.018050226311771812,0.9696005885416665,0.9414639999999999,0.9914518092783504,0.010723964830326338,0.01931414179897144,0.017976430954690738,0.02154681443298969,0.021443510416666665,0.022579407216494846,0.00010330401632302477,0.022045723686107264,0.0218319195305568,90.70254076939639,88.04739568039878,92.83160568064176,0.7003364665123399,0.01934582218475049,0.018371886512087626,6.124899154992928,6.1144573524567,6.147281354079951,0.007605132369336687,0.0020370810738052814,0.0027003293137104574,36.749394929957575,36.6867441147402,36.88368812447969,0.04563079421601657,0.0020370810738051543,0.0027003293137104387,0.00989688598122656,0.009620703140715526,0.010119100346281315,0.00013175923679539618,0.019412191181501205,0.01812832325637003,0.00010340607224596089,0.00010061530708387238,0.00010558203424593394,1.6898318929256566e-06,0.019217781570545843,0.01860210516376201,73.0,68.0,76.0,2.0,0.04222201371896559,0.0653148227760369,73.0,68.0,76.0,1.0,0.04051615715316656,0.06585533837692363,73.0,68.0,76.0,1.0,0.04051615715316656,0.03720720663540569,2477.0,2472.0,2530.0,5.0,0.00985412590579474,0.039139657662694095,2316.0,2300.0,2325.0,9.0,0.0052912891896742,0.035971355972007804,0.933691143127042,0.8885075559722315,0.9435115697310819,0.008338799633105687,0.02349324166078603,0.04304232063377939,-1.0,-1.0,-1.0,0.0,-0.0,-0.0,-1.0,-1.0,-1.0,0.0,-0.0,-0.0,stable,stable,0.02222236113263638
intel,Intel i9-7900X,cpu,axpy_intel_20260725_163341,32000000,10,50,5,50,0,0,0,-1,93.0,0.010804590978494625,0.010797924188172043,0.010808612973118279,4.021994623654157e-06,0.00042247137436580165,0.0004683578528897103,0.010804590978494625,0.010797924188172043,0.010808612973118279,4.021994623654157e-06,0.00042247137436580165,0.0004683578528897103,1.097097564516129,1.0795496720430107,1.1166586236559142,0.01135775806451611,0.012799834864668663,0.012820680860644027,1.121563994623656,1.103232752688172,1.1413312688172041,0.011042295698924676,0.012789490796452831,0.012878027374246684,0.024377677419354836,0.02355451612903226,0.024897048387096776,0.0003259946236559112,0.021313078622695842,0.020955795342724334,101.60820021021324,99.91023822066917,103.34298270272097,1.0308521344944523,0.012873140483596475,0.012909197181207623,5.923407941144211,5.921203783538797,5.927065136441687,0.0022041576054139256,0.0004225072151488144,0.00046822369983383507,35.54044764686527,35.52722270123278,35.56239081865013,0.013224945632487106,0.00042250721514890246,0.0004682236998338556,0.011845727686201069,0.01166474546122408,0.012065903857468394,0.00012508851457128725,0.012740502309446757,0.012748865339345111,0.0001280154972887116,0.0001260398577263499,0.00013037649483651028,1.272953288996377e-06,0.01270554038421455,0.012694049638532314,76.0,74.0,79.0,2.0,0.025448549203156565,0.046312326491506475,76.0,74.0,79.0,2.0,0.025448549203156565,0.046986501189242205,76.0,74.0,79.0,2.0,0.025448549203156565,0.023510136903854662,2893.0,2830.0,2903.0,6.0,0.010354438296171584,0.031066884984634724,2519.0,2400.0,2519.5,0.5,0.021496501703074024,0.04633849549876421,0.8703160335499385,0.8695446767549027,0.8710466082196365,0.0002927088915785081,0.0006427796236900361,0.053186265843327855,-1.0,-1.0,-1.0,0.0,-0.0,-0.0,-1.0,-1.0,-1.0,0.0,-0.0,-0.0,stable,stable,0.021735431536864587
intel,Intel i9-7900X,cpu,axpy_intel_20260725_163341,32000000,16,50,5,50,0,0,0,-1,93.0,0.010783459537634408,0.010780906887096774,0.010957728956521738,2.552650537633594e-06,0.007180102129245348,0.0064686485571716764,0.010783459537634408,0.010780906887096774,0.010957728956521738,2.552650537633594e-06,0.007180102129245348,0.0064686485571716764,1.037552010752688,1.0273854193548386,1.1157549619565217,0.010166591397849478,0.03523361417461842,0.03211197557926852,1.0621419086021504,1.0519823924731182,1.140743152173913,0.010159516129032209,0.03453661805028249,0.03138358056471855,0.02480030434782609,0.02459508064516129,0.025301999999999998,0.0001301418887330527,0.011021938069535341,0.013085659063297027,96.16654764839507,95.19237807608847,101.82592865496832,0.9741695723065931,0.028220301965575293,0.025737379607635086,5.935015547710292,5.840626307582271,5.93642082277734,0.0014052750670474623,0.0071120210319274065,0.006409114358647622,35.61009328626176,35.04375784549363,35.618524936664045,0.00843165040228655,0.0071120210319273805,0.006409114358647625,0.011191648223414435,0.011079218799552999,0.012227825229507352,0.00010394179953751581,0.042553875462557234,0.038655280847258,0.00012071973287985192,0.00011946544565899363,0.0001340205747721233,1.0660861128018186e-06,0.05003485415417243,0.045320933584698186,75.0,75.0,77.0,0.0,0.011831047499998889,0.05055197779746527,75.0,75.0,77.0,0.0,0.011831047499998889,0.051212425215536476,75.0,75.0,77.0,0.0,0.011831047499998889,0.012867503234646869,3580.0,3439.5,3580.0,0.0,0.01970442457872798,0.027016378083216497,3199.0,3178.5,3240.5,20.5,0.009578526897094002,0.025701465788685728,0.9158380152574096,0.8876938097936286,0.9300770657370653,0.01423905047965568,0.021627775441787418,0.035988339110366904,-1.0,-1.0,-1.0,0.0,-0.0,-0.0,-1.0,-1.0,-1.0,0.0,-0.0,-0.0,stable,stable,0.023349332275632493
intel,Intel i9-7900X,cpu,axpy_intel_20260725_163341,32000000,20,50,5,50,0,0,0,-1,87.0,0.011498249356321839,0.011491448212643678,0.011504554057471264,5.206901776383388e-06,0.0004808239916837449,0.0004446995127600531,0.011498249356321839,0.011491448212643678,0.011504554057471264,5.206901776383388e-06,0.0004808239916837449,0.0004446995127600531,1.1811587931034482,1.1261080287356322,1.187052172413793,0.005893379310344837,0.02126176719985176,0.01923503534576322,1.2082757183908046,1.1528169137931035,1.2145940172413794,0.006318298850574777,0.021010593379222696,0.019001361566675326,0.027297310344827585,0.0266097816091954,0.027397352272727275,0.00010004192789968974,0.012023031012743799,0.012803717076926886,102.66774739404728,98.00707515106424,103.24533871256155,0.5775913185142656,0.020900734012849566,0.018941505986696305,5.566064714225549,5.563014411223459,5.569358954428942,0.0025216958198015504,0.0004808202693284375,0.00044469093293882176,33.3963882853533,33.37808646734076,33.416153726573654,0.015130174918809303,0.0004808202693283908,0.00044469093293883467,0.013584986852746207,0.012939058670767493,0.013647801781475382,6.281492872917474e-05,0.021646127928189724,0.019534086660659325,0.00015624403751404877,0.00014868198497669532,0.0001569118006951831,6.677631811343224e-07,0.02198023238071062,0.019838410608736957,77.0,69.0,78.0,1.0,0.048367592914616626,0.05705167191609283,77.0,69.0,77.5,0.5,0.04732677206163469,0.05693091350958711,77.0,69.0,77.5,0.5,0.04732677206163469,0.04304004341729435,4030.0,3999.0,4047.5,16.0,0.004856612618034566,0.00463155565372183,3599.0,3599.0,3599.5,0.0,7.608948620598552e-05,0.0002929381391684913,0.8930521091811414,0.889437938218033,0.8999749937484371,0.003091456293505601,0.00471112161572572,0.004586885578768928,-1.0,-1.0,-1.0,0.0,-0.0,-0.0,-1.0,-1.0,-1.0,0.0,-0.0,-0.0,stable,stable,0.022591954741242714
intel,Intel i9-7900X,cpu,axpy_intel_20260725_163341,64000000,1,50,5,50,0,0,0,-1,28.0,0.036474397767857145,0.03642181410714286,0.036483803964285716,9.406196428571323e-06,0.0006903731487903306,0.0009396863884569254,0.036474397767857145,0.03642181410714286,0.036483803964285716,9.406196428571323e-06,0.0006903731487903306,0.0009396863884569254,1.5859683214285714,1.5558889642857143,1.615722875,0.02500799999999992,0.016593327002535244,0.020702910386420584,1.618988732142857,1.587879357142857,1.6483080535714285,0.026359035714285772,0.016500537726469745,0.020343274341392364,0.03247260714285714,0.03169341071428571,0.03269473214285715,5.3839285714285534e-05,0.01183759188377406,0.01416976220386275,43.477695594558035,42.68313016623725,44.36132312389822,0.6909097080579585,0.01687219320374233,0.020765761202049253,3.509310855593405,3.508406125372556,3.514377398697043,0.0009047302208493591,0.0006908503004319735,0.0009405364136321262,21.05586513356043,21.050436752235335,21.086264392182258,0.005428381325096154,0.0006908503004319606,0.0009405364136321288,0.05787572247943526,0.05667761057008054,0.05884767391758837,0.0009282989743624806,0.016539357045437464,0.02068335906974524,0.0021120217752333423,0.0020649555954700824,0.002143233278860677,3.121150362733489e-05,0.0164783149429674,0.020707112539085346,76.5,73.0,78.0,1.5,0.031062356025320727,0.08849366191336154,76.0,72.5,78.0,2.0,0.03239392010000124,0.08903106464203228,76.0,72.0,78.0,2.0,0.03442068911049145,0.029525808924816644,1364.5,1359.0,1365.0,0.5,0.0018698274710644608,0.04460797890226589,1339.5,1339.0,1340.0,0.5,0.0003732736095558044,0.24838953069078235,0.9816849816849816,0.9816782679685905,0.9856659100655385,6.7137163911601405e-06,0.0017799170727959362,0.22634189918752334,-1.0,-1.0,-1.0,0.0,-0.0,-0.0,-1.0,-1.0,-1.0,0.0,-0.0,-0.0,stable,stable,0.020057339806112875
intel,Intel i9-7900X,cpu,axpy_intel_20260725_163341,64000000,2,50,5,50,0,0,0,-1,42.0,0.024331710785714285,0.02421028836904762,0.024438964738095238,3.9585999999997706e-05,0.0034189825164518653,0.00445347875188339,0.024331710785714285,0.02421028836904762,0.024438964738095238,3.9585999999997706e-05,0.0034189825164518653,0.00445347875188339,1.3435845357142857,1.2767824404761905,1.3593591785714287,0.003998523809523924,0.02430091243017339,0.026497906886716226,1.3804944285714287,1.3116341904761906,1.3961032142857144,0.004911345238095333,0.024223267357850416,0.02615908773430949,0.03647464285714286,0.03509892857142857,0.03674403571428572,0.0002693928571428639,0.019483867751460344,0.019862305527900137,55.33458350871264,52.16021191945298,55.97271382973845,0.28737666244376214,0.02795083194271281,0.028462245243275335,5.2606258336597085,5.2375649484257725,5.287008509957278,0.00857428898378565,0.0034170004653158934,0.00444264585752273,31.563755001958253,31.42538969055464,31.72205105974367,0.0514457339027139,0.0034170004653158617,0.0044426458575227345,0.03260964564533221,0.03122877611098145,0.03318323065508375,9.805552941402618e-05,0.022465762376289274,0.0251515686696943,0.0007903179009470689,0.0007624906282313749,0.0008094251029363941,5.454404263372566e-06,0.021629415443594844,0.02453104478599349,76.0,67.0,78.0,2.0,0.05749522643585321,0.08628925930604817,75.0,67.0,78.0,1.5,0.05668838989351396,0.08655085968830024,75.0,67.0,78.0,1.5,0.05668838989351396,0.05024779595742793,1634.5,1563.0,1672.0,1.5,0.024338313143272946,0.06731108135379023,1604.0,1526.0,1620.0,16.0,0.026668960858083172,0.06449799258046061,0.9721801920733477,0.9675428178522316,0.9813399511152534,0.001477802145020135,0.005255904543946131,0.07854182084724977,-1.0,-1.0,-1.0,0.0,-0.0,-0.0,-1.0,-1.0,-1.0,0.0,-0.0,-0.0,stable,stable,0.02642143430806002
intel,Intel i9-7900X,cpu,axpy_intel_20260725_163341,64000000,4,50,5,50,0,0,0,-1,48.0,0.021194897989583333,0.021176994406250003,0.021286191308510637,8.359052083333623e-06,0.0020764995788637108,0.0025930508968232025,0.021194897989583333,0.021176994406250003,0.021286191308510637,8.359052083333623e-06,0.0020764995788637108,0.0025930508968232025,1.4364059479166666,1.4020896666666665,1.4611032234042554,0.003118500000000024,0.014708845665248906,0.018030794330746395,1.47414578125,1.4397271041666668,1.499461563829787,0.0034434687500000116,0.014537972858275199,0.017748833850465582,0.038137166666666666,0.03750827083333333,0.038900250000000004,0.0006029166666666613,0.01580065503641215,0.018177565886967475,67.64171138751294,66.21113158467847,68.54675030855438,0.23679412681298118,0.012603105033412765,0.016449230887808287,6.039192073776909,6.013301203131825,6.044295269128554,0.0023806738588474374,0.0020704278270009973,0.002586948108591835,36.23515244266146,36.07980721879095,36.265771614771324,0.014284043153082848,0.0020704278270010906,0.0025869481085918447,0.030468360809508946,0.02967712324090402,0.031138039232982112,0.00011524553408921376,0.017072093762516723,0.01983231430752036,0.0006450417248403644,0.0006281564634885088,0.0006627359062638697,2.245596391148492e-06,0.01906433989304596,0.021801510437583452,75.0,71.0,75.0,0.0,0.024239219268290403,0.06454069451445646,75.0,71.0,75.0,0.0,0.024239219268290403,0.06490717281182319,75.0,71.0,75.0,0.0,0.024239219268290403,0.021315178946696007,1912.5,1892.0,1924.5,12.0,0.00756075974123579,0.03835415408144575,1844.5,1782.5,1849.0,4.5,0.01506504479325396,0.052378582367320216,0.961028971028971,0.9310784822117604,0.9707894736842105,0.007647063449009117,0.01665413350692441,0.06388457785561019,-1.0,-1.0,-1.0,0.0,-0.0,-0.0,-1.0,-1.0,-1.0,0.0,-0.0,-0.0,stable,stable,0.025870688741739166
intel,Intel i9-7900X,cpu,axpy_intel_20260725_163341,64000000,8,50,5,50,0,0,0,-1,47.0,0.021377616393617023,0.021361773776595743,0.02144871968085106,7.500191489363123e-06,0.0016341492938489733,0.0022754393101881722,0.021377616393617023,0.021361773776595743,0.02144871968085106,7.500191489363123e-06,0.0016341492938489733,0.0022754393101881722,1.9775365957446809,1.9320122765957448,2.002670031914894,0.0041770106382978955,0.012941614706214624,0.01219629805985518,2.022430829787234,1.9764352340425533,2.0465642021276595,0.003228053191489,0.012617377001111625,0.011942844104500227,0.04468478723404255,0.043874712765957447,0.04589527659574468,0.0008100744680851063,0.020174707444411785,0.021545345033976888,92.42511321431721,90.26304866798023,93.33882638827671,0.07989407397192849,0.012396783440111766,0.01133102911455863,5.987571189886663,5.967722171984787,5.992011774905977,0.0021014491347495223,0.001630919438775361,0.002267057287496467,35.92542713931998,35.80633303190872,35.95207064943586,0.012608694808491805,0.0016309194387753249,0.002267057287496452,0.042275019514813564,0.04129258830949192,0.04298303182890377,0.00012190895078754288,0.014320889081699428,0.013403911960402493,0.0009037391667991049,0.0008825399073640143,0.0009226804842457977,3.2974031936097714e-06,0.01582529289008419,0.014874614803046898,76.0,72.5,77.0,0.0,0.022941070298925524,0.061832572180791946,75.5,72.0,76.0,0.5,0.02260776661041756,0.06174168354064472,75.5,72.0,76.0,0.5,0.02234072166980175,0.024730375058127762,2459.0,2459.0,2460.0,0.0,0.00022270576461948688,0.02956503600789434,2324.0,2300.0,2325.0,0.5,0.004703044671108305,0.026338905212621645,0.9449186991869918,0.936229674796748,0.9455063033753558,0.00019209342154424824,0.004218177578190388,0.03442200226313357,-1.0,-1.0,-1.0,0.0,-0.0,-0.0,-1.0,-1.0,-1.0,0.0,-0.0,-0.0,stable,stable,0.022094593583081173
intel,Intel i9-7900X,cpu,axpy_intel_20260725_163341,64000000,10,50,5,50,0,0,0,-1,46.0,0.021936593945652172,0.021927681282608698,0.021946022782608696,7.09906521739051e-06,0.00034223926518295013,0.00038475939773504735,0.021936593945652172,0.021927681282608698,0.021946022782608696,7.09906521739051e-06,0.00034223926518295013,0.00038475939773504735,2.216380532608696,2.1728095108695653,2.2611735978260867,0.005514380434782584,0.014195592064843362,0.014256886487614832,2.2641602717391303,2.220194619565217,2.309641010869565,0.006341413043478461,0.014055050684759289,0.014082364790062618,0.04857633695652174,0.04765019565217392,0.048968315217391305,0.0003855000000000039,0.010401700812742713,0.011889719965402614,101.0307961569076,99.00422844906106,103.11641751502378,0.24087406366385267,0.014469108231010872,0.014472713637249416,5.834998830235416,5.83249189468275,5.837370506727547,0.001888918672774409,0.0003422197283409137,0.00038455460899654753,35.0099929814125,34.99495136809651,35.024223040365285,0.011333512036635796,0.0003422197283408559,0.0003845546089965419,0.04862223064463255,0.047685855773756364,0.04958382154315071,0.00013004058841464827,0.013925653204940299,0.014048174375471309,0.0010665879018216026,0.0010465440804590224,0.001087291733575988,3.177240016305049e-06,0.013659299898281923,0.013846916069876196,75.0,72.0,78.0,1.0,0.028983266562404814,0.05922811332174086,75.0,72.0,78.0,1.0,0.028983266562404814,0.05968753384165894,75.0,72.0,78.0,1.0,0.028983266562404814,0.025765350579129185,2740.0,2739.0,2757.0,1.0,0.0035264491735517768,0.022977692707696798,2520.0,2519.0,2520.0,0.0,0.00017748684188592212,0.028037289294284364,0.919693372028259,0.9105708551758098,0.9200438116100766,0.0003504395818176853,0.004784456250714301,0.03500070277060934,-1.0,-1.0,-1.0,0.0,-0.0,-0.0,-1.0,-1.0,-1.0,0.0,-0.0,-0.0,stable,stable,0.021454460429698133
intel,Intel i9-7900X,cpu,axpy_intel_20260725_163341,64000000,16,50,5,50,0,0,0,-1,46.0,0.022081936771739127,0.022056781945652172,0.022099532510869564,1.7595739130436133e-05,0.0008107168683989356,0.0009433420938269716,0.022081936771739127,0.022056781945652172,0.022099532510869564,1.7595739130436133e-05,0.0008107168683989356,0.0009433420938269716,2.1090571195652172,2.0593700000000004,2.1345365760869566,0.012724478260869532,0.013558846096069976,0.012391690461178953,2.1601414891304347,2.1093348152173914,2.184985510869565,0.013148554347826025,0.01339619827777294,0.012180008460706448,0.051231543478260866,0.050314391304347825,0.051962945652173916,0.0007229130434782544,0.013043733782362704,0.01406666527243014,95.50651044144828,93.18135260198544,96.74130252643158,0.5688576859623993,0.014061684199316367,0.012842431841149728,5.796593006280991,5.791977723527717,5.803203767220991,0.004615282753274386,0.000810735856433018,0.0009429455577147336,34.779558037685945,34.751866341166306,34.819222603325954,0.02769169651963921,0.0008107358564330421,0.0009429455577147432,0.04656299429526223,0.04551468248704606,0.047097219860316376,0.000299585236706465,0.013085949577991342,0.011997949404041064,0.0010279840056833145,0.0010059320729289812,0.0010390686413831304,7.098733587920314e-06,0.012636510926468014,0.011667079425862857,76.0,72.5,77.0,1.0,0.02453655960502868,0.05659376945925342,76.0,72.0,77.0,1.0,0.02742915522926947,0.057589289462455964,76.0,72.0,77.0,1.0,0.02742915522926947,0.024396511954076324,3020.0,2905.0,3082.0,62.0,0.02510526340620948,0.047539917027018694,3179.5,3179.0,3199.5,0.5,0.0028302183127118467,0.02726639085251553,1.0542033088404992,1.05145245980544,1.0967915317203276,0.0027508490350591774,0.021584332865146424,0.051888190635285034,-1.0,-1.0,-1.0,0.0,-0.0,-0.0,-1.0,-1.0,-1.0,0.0,-0.0,-0.0,stable,stable,0.02371675361824754
intel,Intel i9-7900X,cpu,axpy_intel_20260725_163341,64000000,20,50,5,50,0,0,0,-1,43.0,0.023310090170454545,0.023295126738636363,0.023319416988372095,5.349469080338787e-06,0.0003966224194254336,0.00037630633486767864,0.023310090170454545,0.023295126738636363,0.023319416988372095,5.349469080338787e-06,0.0003966224194254336,0.00037630633486767864,2.409547534883721,2.256493744186047,2.4387137727272727,0.019646174418604723,0.03044064145843563,0.027341583303200686,2.466034418604651,2.308971674418605,2.4945087045454546,0.020879244186046364,0.030328203677043475,0.027215316762384062,0.05522517441860465,0.05275244186046513,0.05631201162790698,0.0005746323995771685,0.024960391246418773,0.024934588837116058,103.37125218572874,96.77907490629224,104.69293971994232,0.8879823613401072,0.03067589757791358,0.027532401080165622,5.491184249751356,5.488988003581749,5.494711466488859,0.0012598915172787883,0.0003967199866957936,0.0003763877908315084,32.94710549850814,32.933928021490495,32.96826879893315,0.00755934910367273,0.00039671998669578955,0.00037638779083151074,0.05616570630840256,0.05261224140915591,0.05680731583464682,0.00043340445390718796,0.030209696750841994,0.02715481401892383,0.0013091375365343592,0.0012267031416025396,0.0013232676926246455,9.520146869598789e-06,0.02997749608807108,0.026972173958475898,78.0,67.0,79.0,1.0,0.06531960536367828,0.07699175865371508,78.0,67.0,79.0,1.0,0.06520506636966264,0.07800096693260758,78.0,67.0,79.0,1.0,0.06520506636966264,0.05879194703743026,4028.5,3999.0,4032.5,4.0,0.0034692845753872266,0.009444276797193,3599.0,3599.0,3599.0,0.0,0.0,0.00011986394644060968,0.8936328795971018,0.8925024155979737,0.8999749937484371,0.000899720518714564,0.0034368757184755957,0.009630937729033373,-1.0,-1.0,-1.0,0.0,-0.0,-0.0,-1.0,-1.0,-1.0,0.0,-0.0,-0.0,stable,stable,0.022394324264887005
intel,Intel i9-7900X,cpu,axpy_intel_20260725_163341,128000000,1,50,5,50,0,0,0,-1,14.0,0.07330368217857142,0.07322213317857143,0.07334919057142857,3.821203571427456e-05,0.000696306226279247,0.0007889638072301082,0.07330368217857142,0.07322213317857143,0.07334919057142857,3.821203571427456e-05,0.000696306226279247,0.0007889638072301082,3.2723479285714285,2.9684742857142856,3.307445214285714,0.0350972857142855,0.04431153818081892,0.040192880286675774,3.3377511785714287,3.0316234285714287,3.37239425,0.03464307142857148,0.043704963623185544,0.03959596400052361,0.06523157142857143,0.06330157142857143,0.06597360714285713,0.0005797857142857132,0.015701013415560107,0.017125594676497706,44.6674719521762,40.548948102724836,45.11157372526278,0.4441017730865795,0.0437570463468623,0.03975872853186079,3.4923211635477536,3.490154397261604,3.496210636394635,0.0018214510677250217,0.0006964732952607601,0.0007891878654987723,20.95392698128652,20.940926383569625,20.97726381836781,0.010928706406346578,0.00069647329526077,0.0007891878654987956,0.23976589546018906,0.21731367892863612,0.24249197284700896,0.002726077386819903,0.044886888052889456,0.04063723556222582,0.017568069412070047,0.01590892780741702,0.017782419032547812,0.00021434962047776548,0.045506362304298706,0.0410914503012117,80.0,67.0,81.0,1.0,0.07950200121186855,0.1051015700668069,79.5,67.0,81.0,1.5,0.07862431170381914,0.1055932130775314,79.0,67.0,81.0,2.0,0.07784315504078443,0.07005536743933509,1362.5,1351.0,1365.0,2.5,0.0043294965136202596,0.06112650281590163,1339.5,1339.0,1340.0,0.5,0.0003732736095558044,0.04575487271374713,0.9831208616227933,0.9816715542521994,0.9933259167687681,0.0014493073705938997,0.005244584578156289,0.06975123219996235,-1.0,-1.0,-1.0,0.0,-0.0,-0.0,-1.0,-1.0,-1.0,0.0,-0.0,-0.0,stable,stable,0.019543569289215506
intel,Intel i9-7900X,cpu,axpy_intel_20260725_163341,128000000,2,50,5,50,0,0,0,-1,21.0,0.04913553502380953,0.048994475238095234,0.04923568561904762,7.76984761904631e-05,0.00193751076433397,0.0037726556852792224,0.04913553502380953,0.048994475238095234,0.04923568561904762,7.76984761904631e-05,0.00193751076433397,0.0037726556852792224,2.710945071428571,2.545195857142857,2.7807240714285717,0.007084452380952566,0.03254011498213851,0.03032161575860918,2.782693666666667,2.6159120952380954,2.853602619047619,0.008448738095237829,0.031976668149607756,0.029710647165462355,0.07277007142857142,0.07083500000000001,0.07368916666666667,0.0009190952380952466,0.0165699042405885,0.017474012130823325,55.07615515782563,51.916941480465006,56.25485595056439,0.17261764686610803,0.02992683262891405,0.029118298865161974,5.2100834026818195,5.199480964677036,5.2250795755913995,0.008230514044022641,0.0019394494349292643,0.003770424144583003,31.260500416090913,31.196885788062215,31.350477453548397,0.04938308426412874,0.0019394494349292762,0.003770424144583009,0.1333432618283533,0.12516735608207746,0.13685802913940479,0.00031031778039605773,0.032624157348519194,0.03192913912402261,0.006557836822981625,0.006138637783219502,0.006718718928454238,1.0182609950950064e-05,0.03330938891224715,0.03388412915745355,76.0,67.0,78.0,1.0,0.05749798289303074,0.09128970527913748,75.5,67.0,78.0,0.5,0.057022126956433,0.09232745511787947,75.0,66.5,78.0,0.5,0.059097485420729394,0.05297831998681952,1644.5,1519.0,1679.0,34.5,0.04274704157573288,0.06251217324899914,1601.0,1474.5,1618.5,3.0,0.037305608397655225,0.057970760482296095,0.9663464153829415,0.9518715897877659,0.9817646741162804,0.00848685745751343,0.011567910493387608,0.0722296318536978,-1.0,-1.0,-1.0,0.0,-0.0,-0.0,-1.0,-1.0,-1.0,0.0,-0.0,-0.0,stable,stable,0.02615094586237415
intel,Intel i9-7900X,cpu,axpy_intel_20260725_163341,128000000,4,50,5,50,0,0,0,-1,24.0,0.04296228741666666,0.042807047687499995,0.04311894170833334,0.00011146227083332766,0.0029579417486223663,0.0030126951872274025,0.04296228741666666,0.042807047687499995,0.04311894170833334,0.00011146227083332766,0.0029579417486223663,0.0030126951872274025,2.9245441874999996,2.829311770833333,2.9999897708333334,0.03717416666666651,0.021659999944950374,0.02149905441296053,2.9999288749999997,2.904985895833333,3.076984166666667,0.03640595833333249,0.0212179358914823,0.02099087084788162,0.07613377083333334,0.0748230625,0.07674064583333334,0.0005138333333333384,0.009463417166245477,0.014644364437319908,67.98334745100237,66.08940823763153,69.5156203610166,0.7986744972760675,0.018737879084243042,0.020253622174159793,5.958714411957029,5.937066830004158,5.980323662466837,0.015501577849144077,0.0029571245235896987,0.0030121512198761093,35.752286471742174,35.622400980024935,35.88194197480102,0.09300946709486624,0.002957124523589813,0.003012151219876137,0.12571874847539144,0.12106514809019586,0.12909168862008663,0.0014858025639728767,0.023534904451840265,0.023072386116920324,0.005391977292703376,0.0051803305798592564,0.005560870651258797,5.333506668823984e-05,0.025904846702613688,0.024911754638690498,74.5,71.0,77.0,1.5,0.03032686242138223,0.07061416079341244,74.0,71.0,77.0,1.0,0.03021713483107824,0.07090650200818352,74.0,71.0,77.0,1.0,0.03021713483107824,0.027224354577235686,1899.5,1889.5,1931.5,10.0,0.0093646988870528,0.05871763743551625,1824.5,1702.5,1844.5,20.0,0.038872000765148226,0.04028225680677239,0.9617195867195867,0.9301522586757867,0.9649947262257941,0.003275139506207392,0.015289675200422893,0.057514518824017806,-1.0,-1.0,-1.0,0.0,-0.0,-0.0,-1.0,-1.0,-1.0,0.0,-0.0,-0.0,stable,stable,0.025378525293648285
intel,Intel i9-7900X,cpu,axpy_intel_20260725_163341,128000000,8,50,5,50,0,0,0,-1,24.0,0.043192905854166665,0.04318029029166667,0.04331246166666666,1.2615562499991573e-05,0.001283484006908512,0.0019047665932863441,0.043192905854166665,0.04318029029166667,0.04331246166666666,1.2615562499991573e-05,0.001283484006908512,0.0019047665932863441,3.9874699375000002,3.972930916666667,4.0915155625,0.01453902083333336,0.013037644389903045,0.012536656611711583,4.076754208333333,4.062557020833333,4.181339625,0.014197187499999764,0.012665098727193165,0.012211001127363875,0.08984320833333333,0.08976254166666667,0.09167472916666666,8.066666666665945e-05,0.009026967774070258,0.01219862919825483,92.2157550686835,91.74447270824896,94.59450082913011,0.4712823604345431,0.01366598181680513,0.012770031215737896,5.926899232429777,5.910539142855683,5.928631019870084,0.0017317874403062206,0.0012818572008472954,0.0019019453406361698,35.56139539457867,35.4632348571341,35.571786119220505,0.010390724641837323,0.0012818572008472925,0.0019019453406361434,0.17225431786611417,0.17182549075119397,0.17663475071446083,0.000428827114920205,0.012136760418632363,0.012595999841882484,0.007448855718171059,0.007425744989339624,0.00762549591188357,2.3110728831435105e-05,0.011249928420959777,0.012945346076307008,76.0,75.0,80.0,1.0,0.026965463398345536,0.07491724467142669,76.0,75.0,80.0,1.0,0.02822849399567552,0.07541579948288366,76.0,75.0,80.0,1.0,0.02822849399567552,0.023835919121899463,2460.0,2397.5,2460.0,0.0,0.011280520480265467,0.06660514967129802,2300.0,2243.0,2324.5,23.5,0.014407274755318802,0.13183213697798069,0.9447042058871178,0.9349593495934959,0.9720464513193974,0.009744856293621873,0.01603934338573493,0.13828105424022633,-1.0,-1.0,-1.0,0.0,-0.0,-0.0,-1.0,-1.0,-1.0,0.0,-0.0,-0.0,stable,stable,0.02203792618884993
intel,Intel i9-7900X,cpu,axpy_intel_20260725_163341,128000000,10,50,5,50,0,0,0,-1,23.0,0.043914360565217386,0.04390348176086957,0.043923522695652174,4.685499999990128e-06,0.00017711598184851364,0.0002802121519531723,0.043914360565217386,0.04390348176086957,0.043923522695652174,4.685499999990128e-06,0.00017711598184851364,0.0002802121519531723,4.4818425,4.470422326086957,4.580471086956521,0.011420173913043286,0.010065110037919643,0.010031815075241646,4.579716608695652,4.565006934782608,4.677254869565218,0.014709673913043453,0.009867280728596677,0.009841556175607594,0.09689921739130436,0.09497308695652174,0.09765858695652174,0.00037982608695649733,0.010695532360994893,0.012255508149925261,102.04607664347279,101.78954589415366,104.31074001547375,0.25653074931912556,0.010122783868529283,0.010120464581558434,5.8295281257829945,5.828312128162278,5.830972618422668,0.0006220551132525287,0.00017711988056868893,0.0002800799519120192,34.97716875469797,34.96987276897366,34.98583571053601,0.0037323306795116196,0.00017711988056879808,0.0002800799519120354,0.19684159211883534,0.1963458314647723,0.20113376740602854,0.0004957606540630377,0.009990719914857244,0.009950257101281548,0.008645241859825658,0.008624468396108484,0.008832015694832534,2.0773463717174007e-05,0.009902401182477802,0.00987597763422593,77.0,76.0,79.5,0.0,0.01686727659819573,0.05554600796050936,77.0,76.0,79.0,1.0,0.015905777550540116,0.05611958580845615,77.0,76.0,79.0,1.0,0.015905777550540116,0.01620609198122652,2756.0,2724.0,2777.0,8.0,0.00709100758951879,0.026196614922310922,2519.0,2459.5,2520.0,0.0,0.010658684870450704,0.034833141375343546,0.9123126465442013,0.9059571178266381,0.9141872823968291,0.0016932793056565476,0.003672683962344842,0.039171254650987065,-1.0,-1.0,-1.0,0.0,-0.0,-0.0,-1.0,-1.0,-1.0,0.0,-0.0,-0.0,stable,stable,0.02115834355499613
intel,Intel i9-7900X,cpu,axpy_intel_20260725_163341,128000000,16,50,5,50,0,0,0,-1,23.0,0.044571998173913045,0.044545989391304344,0.04459690695652174,4.592000000004648e-06,0.00040680417294932395,0.00050944311989227,0.044571998173913045,0.044545989391304344,0.04459690695652174,4.592000000004648e-06,0.00040680417294932395,0.00050944311989227,4.268407086956522,4.118084543478261,4.516201239130435,0.15032254347826068,0.038928394528900616,0.035259395767169716,4.372606413043478,4.2191499782608695,4.619229086956522,0.1534564347826084,0.03808869472798699,0.03456004707057256,0.10302784782608695,0.1004684347826087,0.10468926086956522,0.0007793043478260958,0.015476464952351382,0.014702295785769032,95.76509855499737,92.33929293585012,101.31018221745323,3.4258056191472406,0.03900635131258801,0.035333791465542434,5.743516345208878,5.7403084086704,5.746869776250188,0.0005917820133660712,0.0004067947528685637,0.0005092262503053313,34.46109807125327,34.44185045202241,34.48121865750113,0.0035506920801893216,0.00040679475286853095,0.0005092262503053297,0.19024988773687246,0.18367216609460388,0.20132304057083023,0.00657772164226858,0.0388274576120927,0.035191787824896105,0.008479748867066702,0.008192028173798015,0.008974570684476709,0.00028772069326868724,0.03873080026159558,0.03513101587515893,76.0,71.0,77.0,1.0,0.03126943839882287,0.067416108921134,75.0,71.0,76.0,1.0,0.027871560958773814,0.06790911184309951,75.0,71.0,76.0,1.0,0.027871560958773814,0.026534673421200725,2944.5,2891.5,3016.5,23.0,0.015697508202350947,0.052956458494819815,3180.5,3179.5,3313.5,1.0,0.019051189492047507,0.02538018511977955,1.1009224376487758,1.0883913875840676,1.1234225533480502,0.0014020609336415912,0.01146666858340698,0.05621029260663576,-1.0,-1.0,-1.0,0.0,-0.0,-0.0,-1.0,-1.0,-1.0,0.0,-0.0,-0.0,stable,stable,0.023562113324161776
intel,Intel i9-7900X,cpu,axpy_intel_20260725_163341,128000000,20,50,5,50,0,0,0,-1,22.0,0.046591233318181824,0.046570301840909094,0.04660618745454545,8.235772727266388e-06,0.0002917858990040906,0.0002667581159861152,0.046591233318181824,0.046570301840909094,0.04660618745454545,8.235772727266388e-06,0.0002917858990040906,0.0002667581159861152,4.8209313181818185,4.522395272727273,4.86621375,0.029138681818182022,0.02972016551006567,0.02691981503275573,4.932247863636364,4.627694386363636,4.980141386363636,0.026841568181818154,0.02962895842130132,0.026827807551164717,0.11110893181818182,0.10560963636363636,0.11364840909090909,0.0019357727272727443,0.02807122359000085,0.02752913445071212,103.4829265616076,97.10456329695057,104.40872096459287,0.6139391987445322,0.029493875318093964,0.026708729416055562,5.494595909974879,5.492832904826053,5.49706550951637,0.0009710893461098991,0.00029182753946647224,0.0002667881363241071,32.96757545984927,32.95699742895631,32.98239305709822,0.005826536076654065,0.0002918275394665448,0.00026678813632411384,0.2245914330728254,0.21061892839174962,0.22680132510251677,0.0013877883807621172,0.029950278198730817,0.027131714508214853,0.01046298079799858,0.009809034914796198,0.010570608634285435,6.606489593997608e-05,0.030181045618005248,0.027344408105924478,78.0,67.0,79.0,1.0,0.06556608780891386,0.08639465975596304,77.0,67.0,79.0,1.0,0.06453074559603422,0.08720347985513972,77.0,67.0,79.0,1.0,0.06453074559603422,0.05734472227740116,4026.5,4015.5,4037.5,4.5,0.0020436145676542856,0.00510813672282712,3599.0,3599.0,3600.0,0.0,0.0001242536106634691,0.0001424424490096253,0.8939531317751712,0.8913935306170022,0.896401522974295,0.0010003895992103384,0.002105336113163079,0.005149872287974553,-1.0,-1.0,-1.0,0.0,-0.0,-0.0,-1.0,-1.0,-1.0,0.0,-0.0,-0.0,stable,stable,0.022527037344847733
intel,Intel i9-7900X,cpu,axpy_intel_20260725_163341,256000000,1,50,5,50,0,0,0,-1,7.0,0.1462900028571429,0.1456522767142857,0.14647246585714285,0.00018246299999996607,0.0023356543682633507,0.0021686646728015886,0.1462900028571429,0.1456522767142857,0.14647246585714285,0.00018246299999996607,0.0023356543682633507,0.0021686646728015886,6.505018714285715,6.369080642857143,6.533705214285714,0.015001500000000334,0.010206520813797058,0.015060954042321746,6.631390142857143,6.492925428571429,6.659112714285715,0.014055071428572319,0.010180005342163533,0.014938064588815494,0.12618892857142858,0.12319778571428572,0.13305864285714286,0.00265671428571429,0.0313498971443635,0.030220002548676864,44.41654131082651,43.7184175657681,44.73736617320888,0.09478783846694938,0.008599668461166195,0.014256340284937656,3.4998973971600624,3.4955375221277114,3.515221399616676,0.004359875032351024,0.0023390919408784534,0.0021711478531790908,20.999384382960372,20.973225132766274,21.091328397700053,0.02615925019409815,0.0023390919408783077,0.002171147853179085,0.952599992005285,0.9278741497053935,0.9552584958121525,0.002658503806867496,0.012028276912416968,0.016114220495488708,0.13935766756762896,0.13517656838551956,0.14003546103413642,0.0005162848822840571,0.014073260385432822,0.01737004791855189,98.0,97.0,98.0,0.0,0.004572736150306319,0.01284661367599337,98.0,97.0,98.0,0.0,0.004572736150306319,0.01284661367599337,78.0,75.5,78.5,0.5,0.016448450043847693,0.016281710100685447,1364.0,1355.0,1432.0,5.5,0.02340531144791331,0.08959155425373042,1339.5,1339.0,1340.0,0.5,0.00031227979491418173,0.04580510168254927,0.9889581677671706,0.9423601673700022,0.993009565857248,0.004051398090077374,0.02155554875644517,0.07186840028681302,-1.0,-1.0,-1.0,0.0,-0.0,-0.0,-1.0,-1.0,-1.0,0.0,-0.0,-0.0,stable,stable,0.019029030995461823
intel,Intel i9-7900X,cpu,axpy_intel_20260725_163341,256000000,2,50,5,50,0,0,0,-1,11.0,0.09924855586363636,0.09866108618181818,0.09932018554545455,7.162968181818885e-05,0.00276781823605246,0.0033578794368169626,0.09924855586363636,0.09866108618181818,0.09932018554545455,7.162968181818885e-05,0.00276781823605246,0.0033578794368169626,5.514698136363636,5.052807454545455,5.616304727272727,0.10160659090909085,0.04067720603143203,0.038553617323193096,5.656421363636364,5.189933681818182,5.760482045454546,0.10406068181818195,0.04008879484562465,0.03788936280946527,0.14017513636363638,0.1366895,0.14273436363636363,0.0016426818181818348,0.016961908666037213,0.016964817016198733,55.84864849684456,50.95447814183139,56.42989931577863,0.5812508189340662,0.04060459559612086,0.038350181168722124,5.158765243589511,5.155044935742422,5.1894827217905695,0.0037203078470886553,0.0027747221959345007,0.003356316854013943,30.952591461537068,30.93026961445453,31.136896330743415,0.02232184708253726,0.0027747221959345076,0.003356316854013932,0.5441546479108327,0.5004606406226243,0.5582998839044953,0.007496333863036386,0.041150374611905335,0.039056697709346166,0.053700819458837486,0.04963054817954775,0.055493364278199196,0.0007848791509396866,0.04178260554322406,0.03984851323754848,74.0,62.0,78.0,2.0,0.08579841048152859,0.10900300846638672,74.0,62.0,78.0,2.0,0.08586137653785333,0.11052094870068319,74.0,62.0,78.0,2.0,0.08586137653785333,0.07845617954586523,1634.5,1567.5,1638.0,0.5,0.018741207073725816,0.05598051471455884,1604.5,1478.0,1609.5,0.5,0.0361812675804254,0.05090403570283006,0.9795548164238316,0.9672488733217035,0.981651376146789,0.002096559722957414,0.006294035570240169,0.07487560743903127,-1.0,-1.0,-1.0,0.0,-0.0,-0.0,-1.0,-1.0,-1.0,0.0,-0.0,-0.0,stable,stable,0.024781593759047944
intel,Intel i9-7900X,cpu,axpy_intel_20260725_163341,256000000,4,50,5,50,0,0,0,-1,12.0,0.08677698508333334,0.08640507825,0.086910414125,8.589879166664982e-05,0.0022932271743461314,0.0035717413989875923,0.08677698508333334,0.08640507825,0.086910414125,8.589879166664982e-05,0.0022932271743461314,0.0035717413989875923,5.893778666666666,5.769005249999999,5.9751662916666675,0.058143458333332454,0.01418206157136111,0.02336643640295576,6.045276708333333,5.918259916666666,6.126754208333335,0.056887166666665934,0.013810009790273001,0.02287606168466772,0.15095808333333333,0.15016249999999998,0.15158791666666666,0.0006298333333333295,0.00413826541289331,0.011431669663983148,67.95009908177596,66.75953413837911,68.91411091098504,0.7820081013003488,0.01301773268726884,0.02113071129472404,5.900182179413268,5.891123921052525,5.92557764781326,0.0058340334167743535,0.0022978464785454135,0.003548175904905899,35.401093076479604,35.34674352631515,35.553465886879565,0.035004200500644345,0.002297846478545518,0.0035481759049058796,0.5112432328423568,0.4985268952379338,0.5189893838661943,0.005710553632932491,0.0159727899336346,0.025943708699960853,0.04438824856781004,0.043080057523377985,0.045046441167852,0.0005623870730603053,0.017826714074372883,0.028781127678066745,74.5,72.0,76.0,1.5,0.022259226780908723,0.06974621439290153,74.0,72.0,76.0,1.5,0.021066589290038396,0.07020674921543314,74.0,72.0,75.5,1.0,0.018105813582994252,0.01851994097459279,1900.0,1835.0,1924.0,0.0,0.01766020692704235,0.06401183453160995,1840.0,1719.0,1915.0,15.0,0.03869509959422068,0.10380872671636623,0.9647370566653077,0.9615384615384616,0.9710526315789474,0.002600578761842831,0.0038042623069437335,0.10583934932611785,-1.0,-1.0,-1.0,0.0,-0.0,-0.0,-1.0,-1.0,-1.0,0.0,-0.0,-0.0,stable,stable,0.024971244595841185
intel,Intel i9-7900X,cpu,axpy_intel_20260725_163341,256000000,8,50,5,50,0,0,0,-1,12.0,0.08670707562499999,0.08665012620833332,0.08711974083333333,5.694941666667397e-05,0.0022103476093699843,0.0026187132893517504,0.08670707562499999,0.08665012620833332,0.08711974083333333,5.694941666667397e-05,0.0022103476093699843,0.0026187132893517504,8.001006958333333,7.871154958333333,8.196583416666666,0.12985199999999963,0.01690545425125158,0.015901511447423012,8.176747833333334,8.04513725,8.375805,0.13161058333333386,0.016794761446105835,0.015775299209562277,0.17880279166666668,0.1737614583333333,0.181071625,0.002268833333333331,0.018967819192650358,0.019884255546373616,92.05923468302404,90.3965607228472,94.56082674403655,1.6626739601768463,0.01888776532862784,0.01750061806973294,5.904939087620804,5.876968819699536,5.90882002144945,0.0038809338286460715,0.0022046286146575906,0.0026127453784207636,35.42963452572482,35.261812918197215,35.452920128696704,0.023285602971881758,0.0022046286146576543,0.002612745378420782,0.693546254128897,0.6859315044808789,0.710484271298295,0.007614749648018115,0.01521023697465988,0.01458914706104389,0.060118233858394654,0.05974527482387607,0.061585160173277906,0.00037295903451858153,0.013866368886031499,0.013649997591660641,75.0,72.0,79.0,3.0,0.04017905318043981,0.0802296168906577,75.0,72.0,79.0,3.0,0.041088156998410126,0.08060145106352082,75.0,72.0,79.0,3.0,0.041088156998410126,0.035731597679874744,2460.0,2460.0,2474.5,0.0,0.0026684817281326647,0.03744652927724367,2299.5,2237.5,2324.0,24.5,0.01580402710178993,0.09609184631875853,0.936921722754442,0.9290488263852787,0.9394521636775724,0.0025304409231304836,0.005320513713533816,0.11408262021670167,-1.0,-1.0,-1.0,0.0,-0.0,-0.0,-1.0,-1.0,-1.0,0.0,-0.0,-0.0,stable,stable,0.021867225859376407
intel,Intel i9-7900X,cpu,axpy_intel_20260725_163341,256000000,10,50,5,50,0,0,0,-1,12.0,0.08791119108333334,0.08784194295833334,0.08800684425,6.924812500000432e-05,0.0009055852467097297,0.0008967907691437445,0.08791119108333334,0.08784194295833334,0.08800684425,6.924812500000432e-05,0.0009055852467097297,0.0008967907691437445,9.046455125,8.244233958333332,9.180449833333334,0.1339947083333346,0.04212641326003132,0.03853007946007319,9.239634208333333,8.4262555,9.373448458333332,0.13381424999999858,0.04177684691800148,0.03813810651913963,0.19226870833333334,0.18262716666666667,0.19414362500000001,0.0018749166666666706,0.02557850462987831,0.023957914162774197,102.8905681763523,93.6776647372358,104.51243499031102,1.621866813958718,0.04274730986470665,0.03913035273475368,5.8240594242565304,5.817729340995985,5.828650674360317,0.0045912501037861375,0.0009055029605305544,0.0008965897881239893,34.94435654553919,34.906376045975904,34.9719040461619,0.02754750062270972,0.0009055029605307174,0.0008965897881240087,0.7953921577270626,0.7255453529429028,0.806417526655399,0.011025368928336388,0.04146521847566146,0.037941290577160086,0.06993332540380703,0.0638526354009212,0.07083631418373135,0.000902988779924313,0.04079623930776987,0.03736454688275458,77.0,63.0,80.0,3.0,0.09110751364504349,0.10579350236372298,77.0,63.0,79.5,2.5,0.08982219321076242,0.1061527711672888,77.0,63.0,79.5,2.5,0.08982219321076242,0.08208082847450004,2740.5,2739.0,2762.0,1.5,0.003642438253369543,0.0342146896073503,2519.5,2459.5,2520.0,0.5,0.010701952090284123,0.054690625272171695,0.9146851238983191,0.8767876737032161,0.9198759204035785,0.005190796505259332,0.02496737646279704,0.06681451262854712,-1.0,-1.0,-1.0,0.0,-0.0,-0.0,-1.0,-1.0,-1.0,0.0,-0.0,-0.0,stable,stable,0.020809125556066274
intel,Intel i9-7900X,cpu,axpy_intel_20260725_163341,256000000,16,50,5,50,0,0,0,-1,12.0,0.08917067000000001,0.08914131379166668,0.08923829875,1.1615458333349982e-05,0.0004128215906371959,0.0004465645745827946,0.08917067000000001,0.08914131379166668,0.08923829875,1.1615458333349982e-05,0.0004128215906371959,0.0004465645745827946,8.655798041666667,8.469178416666665,8.694384875,0.017148291666666537,0.010373822430509728,0.009736594012465804,8.859045791666667,8.670843249999999,8.898096708333334,0.017709916666666103,0.010251964491528752,0.009655247706144916,0.20325091666666667,0.20112866666666668,0.20810104166666665,0.0007082916666666661,0.012874709231369899,0.013400656100137876,97.00417400940395,95.0119735743898,97.52182197992009,0.2150667220882383,0.01022160823638424,0.00957397055904181,5.741798285713779,5.737446895021298,5.743689191232448,0.0007480280936533745,0.0004126576574020833,0.0004463560745667069,34.45078971428268,34.424681370127786,34.46213514739469,0.004488168561920247,0.0004126576574021443,0.0004463560745666852,0.7723672107667581,0.7549257393914042,0.7751324543730183,0.002072893507152007,0.010532861834737194,0.009916660303636816,0.06888977919095682,0.06729258195665681,0.06910421051267121,0.00020609406044277967,0.010700678482673233,0.010113265637826774,78.0,75.0,79.0,1.0,0.021120407101741626,0.07280741864250569,78.0,75.0,79.0,0.0,0.019543493412503995,0.07314295206980077,78.0,75.0,79.0,0.0,0.019543493412503995,0.018355728142106318,3009.0,2892.5,3031.0,22.0,0.01896522664103834,0.0407271902220927,2700.0,2699.0,2833.0,1.0,0.026129018193327285,0.058551098570495,0.9344202262375119,0.8995394371512926,0.939295166491269,0.001293624494262291,0.01756320983958345,0.07207921921628464,-1.0,-1.0,-1.0,0.0,-0.0,-0.0,-1.0,-1.0,-1.0,0.0,-0.0,-0.0,stable,stable,0.02294275494747485
intel,Intel i9-7900X,cpu,axpy_intel_20260725_163341,256000000,20,50,5,50,0,0,0,-1,11.0,0.092894765,0.09283626890909091,0.09290685768181817,1.2092681818162698e-05,0.0003664947888273803,0.0003420702996068471,0.092894765,0.09283626890909091,0.09290685768181817,1.2092681818162698e-05,0.0003664947888273803,0.0003420702996068471,9.671952909090908,9.381739818181817,9.735961954545456,0.06400904545454722,0.01601437710162262,0.014865230452435003,9.897266863636364,9.596241636363636,9.964078045454546,0.06681118181818135,0.016112956016962977,0.014888993282879879,0.2196259090909091,0.21538159090909087,0.22774118181818181,0.004244318181818224,0.02204377511235795,0.02029471027199841,104.11476987380271,101.0365593981956,104.79495505237716,0.6801851785744475,0.015969500615688546,0.01479255605904928,5.511613062401782,5.510895673194126,5.515085925169624,0.0007173892076561827,0.0003665407608323555,0.0003421170707801681,33.069678374410685,33.06537403916476,33.090515551017745,0.004304335245926438,0.00036654076083242126,0.0003421170707801469,0.8985025783468825,0.8710804730962913,0.9045416666967951,0.006039088349912625,0.016097343884329617,0.014945385866706315,0.08346886001235156,0.08087851684970879,0.08403927709908768,0.0005704170867361219,0.016177848237568147,0.015032899330014851,78.0,74.0,80.0,2.0,0.03181155510108023,0.07691364616244593,78.0,74.0,79.0,1.0,0.02822849399567552,0.0774468717283586,78.0,74.0,79.0,1.0,0.02822849399567552,0.028081397841038407,3989.5,3960.0,4034.5,15.0,0.0070755995429397705,0.007537497142116251,3599.0,3599.0,3599.5,0.0,7.608948620598552e-05,0.0016783800803233445,0.9023698659658246,0.8920576746803497,0.9090909090909092,0.003404459603204346,0.007175462761752181,0.007632747820231756,-1.0,-1.0,-1.0,0.0,-0.0,-0.0,-1.0,-1.0,-1.0,0.0,-0.0,-0.0,stable,stable,0.022190561507221613
