platform,platform_label,device_kind,energy_domain,session_number,problem_size,configuration,num_threads,runtime_s,energy_j,total_energy_j,power_w,edp_j_s,throughput_gflops,efficiency_gflop_per_j,logical_bandwidth_gb_s,logical_gb_per_j,temperature_c,clock_mhz,working_set_bytes,operational_intensity_flop_per_byte,policy,optimized_metric,selection_status
3090,RTX 3090,GPU,GPU board NVML,1,1000000,gpu_resident,-1,1.538917117033889e-05,0.0053173818652131,0.0053173818652131,345.5401208811676,8.183009970182028e-08,129.96151500704616,0.37612495222211156,779.769090042277,2.25674971333267,64.0,1935.0,12000000.0,0.1666666666666666,runtime_opt,runtime_s,clear_leader
3090,RTX 3090,GPU,GPU board NVML,2,1000000,gpu_resident,-1,1.539784871723798e-05,0.0053469386183744,0.0053469386183744,347.25422541854607,8.233135194608648e-08,129.88827444193475,0.3740458125191736,779.3296466516086,2.2442748751150416,65.0,1920.0,12000000.0,0.1666666666666666,runtime_opt,runtime_s,clear_leader
3090,RTX 3090,GPU,GPU board NVML,3,1000000,gpu_resident,-1,1.5354165067767732e-05,0.0053339498687623,0.0053339498687623,347.3848412608596,8.189834674817439e-08,130.25781546392938,0.3749566548633656,781.5468927835763,2.2497399291801936,65.0,1935.0,12000000.0,0.1666666666666666,runtime_opt,runtime_s,clear_leader
3090,RTX 3090,GPU,GPU board NVML,4,1000000,gpu_resident,-1,1.5482835740044266e-05,0.0053807478602714,0.0053807478602714,347.52986818440445,8.330923527917674e-08,129.17530312791925,0.37169554343308736,775.0518187675156,2.2301732605985243,65.0,1935.0,12000000.0,0.1666666666666666,runtime_opt,runtime_s,clear_leader
3090,RTX 3090,GPU,GPU board NVML,5,1000000,gpu_resident,-1,1.5353986374516665e-05,0.0053500352912293,0.0053500352912293,348.424119322583,8.214436896471797e-08,130.2593314345675,0.3738293097390861,781.5559886074052,2.2429758584345167,65.0,1935.0,12000000.0,0.1666666666666666,runtime_opt,runtime_s,clear_leader
3090,RTX 3090,GPU,GPU board NVML,1,1000000,gpu_resident,-1,1.538917117033889e-05,0.0053173818652131,0.0053173818652131,345.5401208811676,8.183009970182028e-08,129.96151500704616,0.37612495222211156,779.769090042277,2.25674971333267,64.0,1935.0,12000000.0,0.1666666666666666,energy_opt,energy_j,clear_leader
3090,RTX 3090,GPU,GPU board NVML,2,1000000,gpu_resident,-1,1.539784871723798e-05,0.0053469386183744,0.0053469386183744,347.25422541854607,8.233135194608648e-08,129.88827444193475,0.3740458125191736,779.3296466516086,2.2442748751150416,65.0,1920.0,12000000.0,0.1666666666666666,energy_opt,energy_j,clear_leader
3090,RTX 3090,GPU,GPU board NVML,3,1000000,gpu_resident,-1,1.5354165067767732e-05,0.0053339498687623,0.0053339498687623,347.3848412608596,8.189834674817439e-08,130.25781546392938,0.3749566548633656,781.5468927835763,2.2497399291801936,65.0,1935.0,12000000.0,0.1666666666666666,energy_opt,energy_j,clear_leader
3090,RTX 3090,GPU,GPU board NVML,4,1000000,gpu_resident,-1,1.5482835740044266e-05,0.0053807478602714,0.0053807478602714,347.52986818440445,8.330923527917674e-08,129.17530312791925,0.37169554343308736,775.0518187675156,2.2301732605985243,65.0,1935.0,12000000.0,0.1666666666666666,energy_opt,energy_j,clear_leader
3090,RTX 3090,GPU,GPU board NVML,5,1000000,gpu_resident,-1,1.5353986374516665e-05,0.0053500352912293,0.0053500352912293,348.424119322583,8.214436896471797e-08,130.2593314345675,0.3738293097390861,781.5559886074052,2.2429758584345167,65.0,1935.0,12000000.0,0.1666666666666666,energy_opt,energy_j,clear_leader
3090,RTX 3090,GPU,GPU board NVML,1,1000000,gpu_resident,-1,1.538917117033889e-05,0.0053173818652131,0.0053173818652131,345.5401208811676,8.183009970182028e-08,129.96151500704616,0.37612495222211156,779.769090042277,2.25674971333267,64.0,1935.0,12000000.0,0.1666666666666666,edp_opt,edp_j_s,clear_leader
3090,RTX 3090,GPU,GPU board NVML,2,1000000,gpu_resident,-1,1.539784871723798e-05,0.0053469386183744,0.0053469386183744,347.25422541854607,8.233135194608648e-08,129.88827444193475,0.3740458125191736,779.3296466516086,2.2442748751150416,65.0,1920.0,12000000.0,0.1666666666666666,edp_opt,edp_j_s,clear_leader
3090,RTX 3090,GPU,GPU board NVML,3,1000000,gpu_resident,-1,1.5354165067767732e-05,0.0053339498687623,0.0053339498687623,347.3848412608596,8.189834674817439e-08,130.25781546392938,0.3749566548633656,781.5468927835763,2.2497399291801936,65.0,1935.0,12000000.0,0.1666666666666666,edp_opt,edp_j_s,clear_leader
3090,RTX 3090,GPU,GPU board NVML,4,1000000,gpu_resident,-1,1.5482835740044266e-05,0.0053807478602714,0.0053807478602714,347.52986818440445,8.330923527917674e-08,129.17530312791925,0.37169554343308736,775.0518187675156,2.2301732605985243,65.0,1935.0,12000000.0,0.1666666666666666,edp_opt,edp_j_s,clear_leader
3090,RTX 3090,GPU,GPU board NVML,5,1000000,gpu_resident,-1,1.5353986374516665e-05,0.0053500352912293,0.0053500352912293,348.424119322583,8.214436896471797e-08,130.2593314345675,0.3738293097390861,781.5559886074052,2.2429758584345167,65.0,1935.0,12000000.0,0.1666666666666666,edp_opt,edp_j_s,clear_leader
3090,RTX 3090,GPU,GPU board NVML,1,1000000,gpu_resident,-1,1.538917117033889e-05,0.0053173818652131,0.0053173818652131,345.5401208811676,8.183009970182028e-08,129.96151500704616,0.37612495222211156,779.769090042277,2.25674971333267,64.0,1935.0,12000000.0,0.1666666666666666,bandwidth_opt,logical_bandwidth_gb_s,clear_leader
3090,RTX 3090,GPU,GPU board NVML,2,1000000,gpu_resident,-1,1.539784871723798e-05,0.0053469386183744,0.0053469386183744,347.25422541854607,8.233135194608648e-08,129.88827444193475,0.3740458125191736,779.3296466516086,2.2442748751150416,65.0,1920.0,12000000.0,0.1666666666666666,bandwidth_opt,logical_bandwidth_gb_s,clear_leader
3090,RTX 3090,GPU,GPU board NVML,3,1000000,gpu_resident,-1,1.5354165067767732e-05,0.0053339498687623,0.0053339498687623,347.3848412608596,8.189834674817439e-08,130.25781546392938,0.3749566548633656,781.5468927835763,2.2497399291801936,65.0,1935.0,12000000.0,0.1666666666666666,bandwidth_opt,logical_bandwidth_gb_s,clear_leader
3090,RTX 3090,GPU,GPU board NVML,4,1000000,gpu_resident,-1,1.5482835740044266e-05,0.0053807478602714,0.0053807478602714,347.52986818440445,8.330923527917674e-08,129.17530312791925,0.37169554343308736,775.0518187675156,2.2301732605985243,65.0,1935.0,12000000.0,0.1666666666666666,bandwidth_opt,logical_bandwidth_gb_s,clear_leader
3090,RTX 3090,GPU,GPU board NVML,5,1000000,gpu_resident,-1,1.5353986374516665e-05,0.0053500352912293,0.0053500352912293,348.424119322583,8.214436896471797e-08,130.2593314345675,0.3738293097390861,781.5559886074052,2.2429758584345167,65.0,1935.0,12000000.0,0.1666666666666666,bandwidth_opt,logical_bandwidth_gb_s,clear_leader
3090,RTX 3090,GPU,GPU board NVML,1,1000000,gpu_resident,-1,1.538917117033889e-05,0.0053173818652131,0.0053173818652131,345.5401208811676,8.183009970182028e-08,129.96151500704616,0.37612495222211156,779.769090042277,2.25674971333267,64.0,1935.0,12000000.0,0.1666666666666666,bytes_per_j_opt,logical_gb_per_j,clear_leader
3090,RTX 3090,GPU,GPU board NVML,2,1000000,gpu_resident,-1,1.539784871723798e-05,0.0053469386183744,0.0053469386183744,347.25422541854607,8.233135194608648e-08,129.88827444193475,0.3740458125191736,779.3296466516086,2.2442748751150416,65.0,1920.0,12000000.0,0.1666666666666666,bytes_per_j_opt,logical_gb_per_j,clear_leader
3090,RTX 3090,GPU,GPU board NVML,3,1000000,gpu_resident,-1,1.5354165067767732e-05,0.0053339498687623,0.0053339498687623,347.3848412608596,8.189834674817439e-08,130.25781546392938,0.3749566548633656,781.5468927835763,2.2497399291801936,65.0,1935.0,12000000.0,0.1666666666666666,bytes_per_j_opt,logical_gb_per_j,clear_leader
3090,RTX 3090,GPU,GPU board NVML,4,1000000,gpu_resident,-1,1.5482835740044266e-05,0.0053807478602714,0.0053807478602714,347.52986818440445,8.330923527917674e-08,129.17530312791925,0.37169554343308736,775.0518187675156,2.2301732605985243,65.0,1935.0,12000000.0,0.1666666666666666,bytes_per_j_opt,logical_gb_per_j,clear_leader
3090,RTX 3090,GPU,GPU board NVML,5,1000000,gpu_resident,-1,1.5353986374516665e-05,0.0053500352912293,0.0053500352912293,348.424119322583,8.214436896471797e-08,130.2593314345675,0.3738293097390861,781.5559886074052,2.2429758584345167,65.0,1935.0,12000000.0,0.1666666666666666,bytes_per_j_opt,logical_gb_per_j,clear_leader
3090,RTX 3090,GPU,GPU board NVML,1,2000000,gpu_resident,-1,3.152441523233088e-05,0.0109568911165752,0.0109568911165752,347.556771342065,3.454095852143541e-07,126.88577949885875,0.36506705756607727,761.3146769931525,2.190402345396464,59.0,1950.0,24000000.0,0.1666666666666666,runtime_opt,runtime_s,clear_leader
3090,RTX 3090,GPU,GPU board NVML,2,2000000,gpu_resident,-1,3.1579489122541125e-05,0.0110269805184553,0.0110269805184553,349.2259217965061,3.48226411337032e-07,126.66449366797512,0.3627466279917156,759.9869620078508,2.1764797679502936,65.0,1935.0,24000000.0,0.1666666666666666,runtime_opt,runtime_s,clear_leader
3090,RTX 3090,GPU,GPU board NVML,3,2000000,gpu_resident,-1,3.1424124391393124e-05,0.0109481702528663,0.0109481702528663,348.4040266727402,3.440366638842205e-07,127.2907384842066,0.36535785502173523,763.7444309052396,2.1921471301304116,65.0,1912.5,24000000.0,0.1666666666666666,runtime_opt,runtime_s,clear_leader
3090,RTX 3090,GPU,GPU board NVML,4,2000000,gpu_resident,-1,3.165143508116832e-05,0.011062434733078,0.011062434733078,349.51967729346256,3.501419347936799e-07,126.37657628294662,0.3615840541901253,758.2594576976795,2.169504325140752,65.0,1920.0,24000000.0,0.1666666666666666,runtime_opt,runtime_s,clear_leader
3090,RTX 3090,GPU,GPU board NVML,5,2000000,gpu_resident,-1,3.127744598355273e-05,0.0109349770176042,0.0109349770176042,349.61116113266183,3.4201815299950593e-07,127.88767989890871,0.3657986654713958,767.3260793934522,2.194791992828375,64.0,1905.0,24000000.0,0.1666666666666666,runtime_opt,runtime_s,clear_leader
3090,RTX 3090,GPU,GPU board NVML,1,2000000,gpu_resident,-1,3.152441523233088e-05,0.0109568911165752,0.0109568911165752,347.556771342065,3.454095852143541e-07,126.88577949885875,0.36506705756607727,761.3146769931525,2.190402345396464,59.0,1950.0,24000000.0,0.1666666666666666,energy_opt,energy_j,clear_leader
3090,RTX 3090,GPU,GPU board NVML,2,2000000,gpu_resident,-1,3.1579489122541125e-05,0.0110269805184553,0.0110269805184553,349.2259217965061,3.48226411337032e-07,126.66449366797512,0.3627466279917156,759.9869620078508,2.1764797679502936,65.0,1935.0,24000000.0,0.1666666666666666,energy_opt,energy_j,clear_leader
3090,RTX 3090,GPU,GPU board NVML,3,2000000,gpu_resident,-1,3.1424124391393124e-05,0.0109481702528663,0.0109481702528663,348.4040266727402,3.440366638842205e-07,127.2907384842066,0.36535785502173523,763.7444309052396,2.1921471301304116,65.0,1912.5,24000000.0,0.1666666666666666,energy_opt,energy_j,clear_leader
3090,RTX 3090,GPU,GPU board NVML,4,2000000,gpu_resident,-1,3.165143508116832e-05,0.011062434733078,0.011062434733078,349.51967729346256,3.501419347936799e-07,126.37657628294662,0.3615840541901253,758.2594576976795,2.169504325140752,65.0,1920.0,24000000.0,0.1666666666666666,energy_opt,energy_j,clear_leader
3090,RTX 3090,GPU,GPU board NVML,5,2000000,gpu_resident,-1,3.127744598355273e-05,0.0109349770176042,0.0109349770176042,349.61116113266183,3.4201815299950593e-07,127.88767989890871,0.3657986654713958,767.3260793934522,2.194791992828375,64.0,1905.0,24000000.0,0.1666666666666666,energy_opt,energy_j,clear_leader
3090,RTX 3090,GPU,GPU board NVML,1,2000000,gpu_resident,-1,3.152441523233088e-05,0.0109568911165752,0.0109568911165752,347.556771342065,3.454095852143541e-07,126.88577949885875,0.36506705756607727,761.3146769931525,2.190402345396464,59.0,1950.0,24000000.0,0.1666666666666666,edp_opt,edp_j_s,clear_leader
3090,RTX 3090,GPU,GPU board NVML,2,2000000,gpu_resident,-1,3.1579489122541125e-05,0.0110269805184553,0.0110269805184553,349.2259217965061,3.48226411337032e-07,126.66449366797512,0.3627466279917156,759.9869620078508,2.1764797679502936,65.0,1935.0,24000000.0,0.1666666666666666,edp_opt,edp_j_s,clear_leader
3090,RTX 3090,GPU,GPU board NVML,3,2000000,gpu_resident,-1,3.1424124391393124e-05,0.0109481702528663,0.0109481702528663,348.4040266727402,3.440366638842205e-07,127.2907384842066,0.36535785502173523,763.7444309052396,2.1921471301304116,65.0,1912.5,24000000.0,0.1666666666666666,edp_opt,edp_j_s,clear_leader
3090,RTX 3090,GPU,GPU board NVML,4,2000000,gpu_resident,-1,3.165143508116832e-05,0.011062434733078,0.011062434733078,349.51967729346256,3.501419347936799e-07,126.37657628294662,0.3615840541901253,758.2594576976795,2.169504325140752,65.0,1920.0,24000000.0,0.1666666666666666,edp_opt,edp_j_s,clear_leader
3090,RTX 3090,GPU,GPU board NVML,5,2000000,gpu_resident,-1,3.127744598355273e-05,0.0109349770176042,0.0109349770176042,349.61116113266183,3.4201815299950593e-07,127.88767989890871,0.3657986654713958,767.3260793934522,2.194791992828375,64.0,1905.0,24000000.0,0.1666666666666666,edp_opt,edp_j_s,clear_leader
3090,RTX 3090,GPU,GPU board NVML,1,2000000,gpu_resident,-1,3.152441523233088e-05,0.0109568911165752,0.0109568911165752,347.556771342065,3.454095852143541e-07,126.88577949885875,0.36506705756607727,761.3146769931525,2.190402345396464,59.0,1950.0,24000000.0,0.1666666666666666,bandwidth_opt,logical_bandwidth_gb_s,clear_leader
3090,RTX 3090,GPU,GPU board NVML,2,2000000,gpu_resident,-1,3.1579489122541125e-05,0.0110269805184553,0.0110269805184553,349.2259217965061,3.48226411337032e-07,126.66449366797512,0.3627466279917156,759.9869620078508,2.1764797679502936,65.0,1935.0,24000000.0,0.1666666666666666,bandwidth_opt,logical_bandwidth_gb_s,clear_leader
3090,RTX 3090,GPU,GPU board NVML,3,2000000,gpu_resident,-1,3.1424124391393124e-05,0.0109481702528663,0.0109481702528663,348.4040266727402,3.440366638842205e-07,127.2907384842066,0.36535785502173523,763.7444309052396,2.1921471301304116,65.0,1912.5,24000000.0,0.1666666666666666,bandwidth_opt,logical_bandwidth_gb_s,clear_leader
3090,RTX 3090,GPU,GPU board NVML,4,2000000,gpu_resident,-1,3.165143508116832e-05,0.011062434733078,0.011062434733078,349.51967729346256,3.501419347936799e-07,126.37657628294662,0.3615840541901253,758.2594576976795,2.169504325140752,65.0,1920.0,24000000.0,0.1666666666666666,bandwidth_opt,logical_bandwidth_gb_s,clear_leader
3090,RTX 3090,GPU,GPU board NVML,5,2000000,gpu_resident,-1,3.127744598355273e-05,0.0109349770176042,0.0109349770176042,349.61116113266183,3.4201815299950593e-07,127.88767989890871,0.3657986654713958,767.3260793934522,2.194791992828375,64.0,1905.0,24000000.0,0.1666666666666666,bandwidth_opt,logical_bandwidth_gb_s,clear_leader
3090,RTX 3090,GPU,GPU board NVML,1,2000000,gpu_resident,-1,3.152441523233088e-05,0.0109568911165752,0.0109568911165752,347.556771342065,3.454095852143541e-07,126.88577949885875,0.36506705756607727,761.3146769931525,2.190402345396464,59.0,1950.0,24000000.0,0.1666666666666666,bytes_per_j_opt,logical_gb_per_j,clear_leader
3090,RTX 3090,GPU,GPU board NVML,2,2000000,gpu_resident,-1,3.1579489122541125e-05,0.0110269805184553,0.0110269805184553,349.2259217965061,3.48226411337032e-07,126.66449366797512,0.3627466279917156,759.9869620078508,2.1764797679502936,65.0,1935.0,24000000.0,0.1666666666666666,bytes_per_j_opt,logical_gb_per_j,clear_leader
3090,RTX 3090,GPU,GPU board NVML,3,2000000,gpu_resident,-1,3.1424124391393124e-05,0.0109481702528663,0.0109481702528663,348.4040266727402,3.440366638842205e-07,127.2907384842066,0.36535785502173523,763.7444309052396,2.1921471301304116,65.0,1912.5,24000000.0,0.1666666666666666,bytes_per_j_opt,logical_gb_per_j,clear_leader
3090,RTX 3090,GPU,GPU board NVML,4,2000000,gpu_resident,-1,3.165143508116832e-05,0.011062434733078,0.011062434733078,349.51967729346256,3.501419347936799e-07,126.37657628294662,0.3615840541901253,758.2594576976795,2.169504325140752,65.0,1920.0,24000000.0,0.1666666666666666,bytes_per_j_opt,logical_gb_per_j,clear_leader
3090,RTX 3090,GPU,GPU board NVML,5,2000000,gpu_resident,-1,3.127744598355273e-05,0.0109349770176042,0.0109349770176042,349.61116113266183,3.4201815299950593e-07,127.88767989890871,0.3657986654713958,767.3260793934522,2.194791992828375,64.0,1905.0,24000000.0,0.1666666666666666,bytes_per_j_opt,logical_gb_per_j,clear_leader
3090,RTX 3090,GPU,GPU board NVML,1,4000000,gpu_resident,-1,5.958870487310854e-05,0.0209661324913618,0.0209661324913618,351.85395346104974,1.2493446813582503e-06,134.25363107044598,0.3815677499556038,805.5217864226757,2.289406499733623,62.0,1920.0,48000000.0,0.1666666666666666,runtime_opt,runtime_s,clear_leader
3090,RTX 3090,GPU,GPU board NVML,2,4000000,gpu_resident,-1,5.967008710177783e-05,0.0211038062283737,0.0211038062283737,353.68328527666483,1.2592659558261002e-06,134.070526599946,0.37907853746515824,804.4231595996761,2.2744712247909495,65.0,1905.0,48000000.0,0.1666666666666666,runtime_opt,runtime_s,clear_leader
3090,RTX 3090,GPU,GPU board NVML,3,4000000,gpu_resident,-1,5.968340494092373e-05,0.0211188686000716,0.0211188686000716,353.8413584819177,1.2604459865522324e-06,134.0406099135701,0.3788081715690432,804.2436594814205,2.272849029414259,65.0,1905.0,48000000.0,0.1666666666666666,runtime_opt,runtime_s,clear_leader
3090,RTX 3090,GPU,GPU board NVML,4,4000000,gpu_resident,-1,5.9670525059665874e-05,0.021067661097852,0.021067661097852,353.05623215309873,1.2571183994879256e-06,134.0695425756791,0.37972891071499426,804.4172554540746,2.278373464289966,65.0,1920.0,48000000.0,0.1666666666666666,runtime_opt,runtime_s,clear_leader
3090,RTX 3090,GPU,GPU board NVML,5,4000000,gpu_resident,-1,6.055664547381168e-05,0.0213322434150772,0.0213322434150772,352.2671165679684,1.2918091016478838e-06,132.10771398259962,0.37501915969821353,792.6462838955978,2.250114958189281,65.0,1920.0,48000000.0,0.1666666666666666,runtime_opt,runtime_s,clear_leader
3090,RTX 3090,GPU,GPU board NVML,1,4000000,gpu_resident,-1,5.958870487310854e-05,0.0209661324913618,0.0209661324913618,351.85395346104974,1.2493446813582503e-06,134.25363107044598,0.3815677499556038,805.5217864226757,2.289406499733623,62.0,1920.0,48000000.0,0.1666666666666666,energy_opt,energy_j,clear_leader
3090,RTX 3090,GPU,GPU board NVML,2,4000000,gpu_resident,-1,5.967008710177783e-05,0.0211038062283737,0.0211038062283737,353.68328527666483,1.2592659558261002e-06,134.070526599946,0.37907853746515824,804.4231595996761,2.2744712247909495,65.0,1905.0,48000000.0,0.1666666666666666,energy_opt,energy_j,clear_leader
3090,RTX 3090,GPU,GPU board NVML,3,4000000,gpu_resident,-1,5.968340494092373e-05,0.0211188686000716,0.0211188686000716,353.8413584819177,1.2604459865522324e-06,134.0406099135701,0.3788081715690432,804.2436594814205,2.272849029414259,65.0,1905.0,48000000.0,0.1666666666666666,energy_opt,energy_j,clear_leader
3090,RTX 3090,GPU,GPU board NVML,4,4000000,gpu_resident,-1,5.9670525059665874e-05,0.021067661097852,0.021067661097852,353.05623215309873,1.2571183994879256e-06,134.0695425756791,0.37972891071499426,804.4172554540746,2.278373464289966,65.0,1920.0,48000000.0,0.1666666666666666,energy_opt,energy_j,clear_leader
3090,RTX 3090,GPU,GPU board NVML,5,4000000,gpu_resident,-1,6.055664547381168e-05,0.0213322434150772,0.0213322434150772,352.2671165679684,1.2918091016478838e-06,132.10771398259962,0.37501915969821353,792.6462838955978,2.250114958189281,65.0,1920.0,48000000.0,0.1666666666666666,energy_opt,energy_j,clear_leader
3090,RTX 3090,GPU,GPU board NVML,1,4000000,gpu_resident,-1,5.958870487310854e-05,0.0209661324913618,0.0209661324913618,351.85395346104974,1.2493446813582503e-06,134.25363107044598,0.3815677499556038,805.5217864226757,2.289406499733623,62.0,1920.0,48000000.0,0.1666666666666666,edp_opt,edp_j_s,clear_leader
3090,RTX 3090,GPU,GPU board NVML,2,4000000,gpu_resident,-1,5.967008710177783e-05,0.0211038062283737,0.0211038062283737,353.68328527666483,1.2592659558261002e-06,134.070526599946,0.37907853746515824,804.4231595996761,2.2744712247909495,65.0,1905.0,48000000.0,0.1666666666666666,edp_opt,edp_j_s,clear_leader
3090,RTX 3090,GPU,GPU board NVML,3,4000000,gpu_resident,-1,5.968340494092373e-05,0.0211188686000716,0.0211188686000716,353.8413584819177,1.2604459865522324e-06,134.0406099135701,0.3788081715690432,804.2436594814205,2.272849029414259,65.0,1905.0,48000000.0,0.1666666666666666,edp_opt,edp_j_s,clear_leader
3090,RTX 3090,GPU,GPU board NVML,4,4000000,gpu_resident,-1,5.9670525059665874e-05,0.021067661097852,0.021067661097852,353.05623215309873,1.2571183994879256e-06,134.0695425756791,0.37972891071499426,804.4172554540746,2.278373464289966,65.0,1920.0,48000000.0,0.1666666666666666,edp_opt,edp_j_s,clear_leader
3090,RTX 3090,GPU,GPU board NVML,5,4000000,gpu_resident,-1,6.055664547381168e-05,0.0213322434150772,0.0213322434150772,352.2671165679684,1.2918091016478838e-06,132.10771398259962,0.37501915969821353,792.6462838955978,2.250114958189281,65.0,1920.0,48000000.0,0.1666666666666666,edp_opt,edp_j_s,clear_leader
3090,RTX 3090,GPU,GPU board NVML,1,4000000,gpu_resident,-1,5.958870487310854e-05,0.0209661324913618,0.0209661324913618,351.85395346104974,1.2493446813582503e-06,134.25363107044598,0.3815677499556038,805.5217864226757,2.289406499733623,62.0,1920.0,48000000.0,0.1666666666666666,bandwidth_opt,logical_bandwidth_gb_s,clear_leader
3090,RTX 3090,GPU,GPU board NVML,2,4000000,gpu_resident,-1,5.967008710177783e-05,0.0211038062283737,0.0211038062283737,353.68328527666483,1.2592659558261002e-06,134.070526599946,0.37907853746515824,804.4231595996761,2.2744712247909495,65.0,1905.0,48000000.0,0.1666666666666666,bandwidth_opt,logical_bandwidth_gb_s,clear_leader
3090,RTX 3090,GPU,GPU board NVML,3,4000000,gpu_resident,-1,5.968340494092373e-05,0.0211188686000716,0.0211188686000716,353.8413584819177,1.2604459865522324e-06,134.0406099135701,0.3788081715690432,804.2436594814205,2.272849029414259,65.0,1905.0,48000000.0,0.1666666666666666,bandwidth_opt,logical_bandwidth_gb_s,clear_leader
3090,RTX 3090,GPU,GPU board NVML,4,4000000,gpu_resident,-1,5.9670525059665874e-05,0.021067661097852,0.021067661097852,353.05623215309873,1.2571183994879256e-06,134.0695425756791,0.37972891071499426,804.4172554540746,2.278373464289966,65.0,1920.0,48000000.0,0.1666666666666666,bandwidth_opt,logical_bandwidth_gb_s,clear_leader
3090,RTX 3090,GPU,GPU board NVML,5,4000000,gpu_resident,-1,6.055664547381168e-05,0.0213322434150772,0.0213322434150772,352.2671165679684,1.2918091016478838e-06,132.10771398259962,0.37501915969821353,792.6462838955978,2.250114958189281,65.0,1920.0,48000000.0,0.1666666666666666,bandwidth_opt,logical_bandwidth_gb_s,clear_leader
3090,RTX 3090,GPU,GPU board NVML,1,4000000,gpu_resident,-1,5.958870487310854e-05,0.0209661324913618,0.0209661324913618,351.85395346104974,1.2493446813582503e-06,134.25363107044598,0.3815677499556038,805.5217864226757,2.289406499733623,62.0,1920.0,48000000.0,0.1666666666666666,bytes_per_j_opt,logical_gb_per_j,clear_leader
3090,RTX 3090,GPU,GPU board NVML,2,4000000,gpu_resident,-1,5.967008710177783e-05,0.0211038062283737,0.0211038062283737,353.68328527666483,1.2592659558261002e-06,134.070526599946,0.37907853746515824,804.4231595996761,2.2744712247909495,65.0,1905.0,48000000.0,0.1666666666666666,bytes_per_j_opt,logical_gb_per_j,clear_leader
3090,RTX 3090,GPU,GPU board NVML,3,4000000,gpu_resident,-1,5.968340494092373e-05,0.0211188686000716,0.0211188686000716,353.8413584819177,1.2604459865522324e-06,134.0406099135701,0.3788081715690432,804.2436594814205,2.272849029414259,65.0,1905.0,48000000.0,0.1666666666666666,bytes_per_j_opt,logical_gb_per_j,clear_leader
3090,RTX 3090,GPU,GPU board NVML,4,4000000,gpu_resident,-1,5.9670525059665874e-05,0.021067661097852,0.021067661097852,353.05623215309873,1.2571183994879256e-06,134.0695425756791,0.37972891071499426,804.4172554540746,2.278373464289966,65.0,1920.0,48000000.0,0.1666666666666666,bytes_per_j_opt,logical_gb_per_j,clear_leader
3090,RTX 3090,GPU,GPU board NVML,5,4000000,gpu_resident,-1,6.055664547381168e-05,0.0213322434150772,0.0213322434150772,352.2671165679684,1.2918091016478838e-06,132.10771398259962,0.37501915969821353,792.6462838955978,2.250114958189281,65.0,1920.0,48000000.0,0.1666666666666666,bytes_per_j_opt,logical_gb_per_j,clear_leader
3090,RTX 3090,GPU,GPU board NVML,1,8000000,gpu_resident,-1,0.0001164360228198,0.0414299685644428,0.0414299685644428,355.8088939314524,4.823940765193059e-06,137.4145183983319,0.3861938725614185,824.4871103899915,2.317163235368511,65.0,1890.0,96000000.0,0.1666666666666666,runtime_opt,runtime_s,clear_leader
3090,RTX 3090,GPU,GPU board NVML,2,8000000,gpu_resident,-1,0.0001162032884034,0.0413121078317453,0.0413121078317453,355.51634714887314,4.800602780924658e-06,137.68973511709893,0.3872956583373648,826.1384107025937,2.323773950024189,65.0,1905.0,96000000.0,0.1666666666666666,runtime_opt,runtime_s,clear_leader
3090,RTX 3090,GPU,GPU board NVML,3,8000000,gpu_resident,-1,0.0001159728601252,0.0411414405010438,0.0411414405010438,354.7474027147856,4.77129052457679e-06,137.96331299173787,0.38890227967574603,827.779877950427,2.3334136780544763,65.0,1905.0,96000000.0,0.1666666666666666,runtime_opt,runtime_s,clear_leader
3090,RTX 3090,GPU,GPU board NVML,4,8000000,gpu_resident,-1,0.0001164227770018,0.0412695530726257,0.0412695530726257,354.469966342573,4.804715974338251e-06,137.43015251863153,0.3876950150597313,824.5809151117892,2.3261700903583877,65.0,1920.0,96000000.0,0.1666666666666666,runtime_opt,runtime_s,clear_leader
3090,RTX 3090,GPU,GPU board NVML,5,8000000,gpu_resident,-1,0.000116463029809,0.0411891592920354,0.0411891592920354,353.68488146273086,4.797014286435967e-06,137.38265290058217,0.38845172552705787,824.2959174034929,2.330710353162347,65.0,1905.0,96000000.0,0.1666666666666666,runtime_opt,runtime_s,clear_leader
3090,RTX 3090,GPU,GPU board NVML,1,8000000,gpu_resident,-1,0.0001164360228198,0.0414299685644428,0.0414299685644428,355.8088939314524,4.823940765193059e-06,137.4145183983319,0.3861938725614185,824.4871103899915,2.317163235368511,65.0,1890.0,96000000.0,0.1666666666666666,energy_opt,energy_j,clear_leader
3090,RTX 3090,GPU,GPU board NVML,2,8000000,gpu_resident,-1,0.0001162032884034,0.0413121078317453,0.0413121078317453,355.51634714887314,4.800602780924658e-06,137.68973511709893,0.3872956583373648,826.1384107025937,2.323773950024189,65.0,1905.0,96000000.0,0.1666666666666666,energy_opt,energy_j,clear_leader
3090,RTX 3090,GPU,GPU board NVML,3,8000000,gpu_resident,-1,0.0001159728601252,0.0411414405010438,0.0411414405010438,354.7474027147856,4.77129052457679e-06,137.96331299173787,0.38890227967574603,827.779877950427,2.3334136780544763,65.0,1905.0,96000000.0,0.1666666666666666,energy_opt,energy_j,clear_leader
3090,RTX 3090,GPU,GPU board NVML,4,8000000,gpu_resident,-1,0.0001164227770018,0.0412695530726257,0.0412695530726257,354.469966342573,4.804715974338251e-06,137.43015251863153,0.3876950150597313,824.5809151117892,2.3261700903583877,65.0,1920.0,96000000.0,0.1666666666666666,energy_opt,energy_j,clear_leader
3090,RTX 3090,GPU,GPU board NVML,5,8000000,gpu_resident,-1,0.000116463029809,0.0411891592920354,0.0411891592920354,353.68488146273086,4.797014286435967e-06,137.38265290058217,0.38845172552705787,824.2959174034929,2.330710353162347,65.0,1905.0,96000000.0,0.1666666666666666,energy_opt,energy_j,clear_leader
3090,RTX 3090,GPU,GPU board NVML,1,8000000,gpu_resident,-1,0.0001164360228198,0.0414299685644428,0.0414299685644428,355.8088939314524,4.823940765193059e-06,137.4145183983319,0.3861938725614185,824.4871103899915,2.317163235368511,65.0,1890.0,96000000.0,0.1666666666666666,edp_opt,edp_j_s,clear_leader
3090,RTX 3090,GPU,GPU board NVML,2,8000000,gpu_resident,-1,0.0001162032884034,0.0413121078317453,0.0413121078317453,355.51634714887314,4.800602780924658e-06,137.68973511709893,0.3872956583373648,826.1384107025937,2.323773950024189,65.0,1905.0,96000000.0,0.1666666666666666,edp_opt,edp_j_s,clear_leader
3090,RTX 3090,GPU,GPU board NVML,3,8000000,gpu_resident,-1,0.0001159728601252,0.0411414405010438,0.0411414405010438,354.7474027147856,4.77129052457679e-06,137.96331299173787,0.38890227967574603,827.779877950427,2.3334136780544763,65.0,1905.0,96000000.0,0.1666666666666666,edp_opt,edp_j_s,clear_leader
3090,RTX 3090,GPU,GPU board NVML,4,8000000,gpu_resident,-1,0.0001164227770018,0.0412695530726257,0.0412695530726257,354.469966342573,4.804715974338251e-06,137.43015251863153,0.3876950150597313,824.5809151117892,2.3261700903583877,65.0,1920.0,96000000.0,0.1666666666666666,edp_opt,edp_j_s,clear_leader
3090,RTX 3090,GPU,GPU board NVML,5,8000000,gpu_resident,-1,0.000116463029809,0.0411891592920354,0.0411891592920354,353.68488146273086,4.797014286435967e-06,137.38265290058217,0.38845172552705787,824.2959174034929,2.330710353162347,65.0,1905.0,96000000.0,0.1666666666666666,edp_opt,edp_j_s,clear_leader
3090,RTX 3090,GPU,GPU board NVML,1,8000000,gpu_resident,-1,0.0001164360228198,0.0414299685644428,0.0414299685644428,355.8088939314524,4.823940765193059e-06,137.4145183983319,0.3861938725614185,824.4871103899915,2.317163235368511,65.0,1890.0,96000000.0,0.1666666666666666,bandwidth_opt,logical_bandwidth_gb_s,clear_leader
3090,RTX 3090,GPU,GPU board NVML,2,8000000,gpu_resident,-1,0.0001162032884034,0.0413121078317453,0.0413121078317453,355.51634714887314,4.800602780924658e-06,137.68973511709893,0.3872956583373648,826.1384107025937,2.323773950024189,65.0,1905.0,96000000.0,0.1666666666666666,bandwidth_opt,logical_bandwidth_gb_s,clear_leader
3090,RTX 3090,GPU,GPU board NVML,3,8000000,gpu_resident,-1,0.0001159728601252,0.0411414405010438,0.0411414405010438,354.7474027147856,4.77129052457679e-06,137.96331299173787,0.38890227967574603,827.779877950427,2.3334136780544763,65.0,1905.0,96000000.0,0.1666666666666666,bandwidth_opt,logical_bandwidth_gb_s,clear_leader
3090,RTX 3090,GPU,GPU board NVML,4,8000000,gpu_resident,-1,0.0001164227770018,0.0412695530726257,0.0412695530726257,354.469966342573,4.804715974338251e-06,137.43015251863153,0.3876950150597313,824.5809151117892,2.3261700903583877,65.0,1920.0,96000000.0,0.1666666666666666,bandwidth_opt,logical_bandwidth_gb_s,clear_leader
3090,RTX 3090,GPU,GPU board NVML,5,8000000,gpu_resident,-1,0.000116463029809,0.0411891592920354,0.0411891592920354,353.68488146273086,4.797014286435967e-06,137.38265290058217,0.38845172552705787,824.2959174034929,2.330710353162347,65.0,1905.0,96000000.0,0.1666666666666666,bandwidth_opt,logical_bandwidth_gb_s,clear_leader
3090,RTX 3090,GPU,GPU board NVML,1,8000000,gpu_resident,-1,0.0001164360228198,0.0414299685644428,0.0414299685644428,355.8088939314524,4.823940765193059e-06,137.4145183983319,0.3861938725614185,824.4871103899915,2.317163235368511,65.0,1890.0,96000000.0,0.1666666666666666,bytes_per_j_opt,logical_gb_per_j,clear_leader
3090,RTX 3090,GPU,GPU board NVML,2,8000000,gpu_resident,-1,0.0001162032884034,0.0413121078317453,0.0413121078317453,355.51634714887314,4.800602780924658e-06,137.68973511709893,0.3872956583373648,826.1384107025937,2.323773950024189,65.0,1905.0,96000000.0,0.1666666666666666,bytes_per_j_opt,logical_gb_per_j,clear_leader
3090,RTX 3090,GPU,GPU board NVML,3,8000000,gpu_resident,-1,0.0001159728601252,0.0411414405010438,0.0411414405010438,354.7474027147856,4.77129052457679e-06,137.96331299173787,0.38890227967574603,827.779877950427,2.3334136780544763,65.0,1905.0,96000000.0,0.1666666666666666,bytes_per_j_opt,logical_gb_per_j,clear_leader
3090,RTX 3090,GPU,GPU board NVML,4,8000000,gpu_resident,-1,0.0001164227770018,0.0412695530726257,0.0412695530726257,354.469966342573,4.804715974338251e-06,137.43015251863153,0.3876950150597313,824.5809151117892,2.3261700903583877,65.0,1920.0,96000000.0,0.1666666666666666,bytes_per_j_opt,logical_gb_per_j,clear_leader
3090,RTX 3090,GPU,GPU board NVML,5,8000000,gpu_resident,-1,0.000116463029809,0.0411891592920354,0.0411891592920354,353.68488146273086,4.797014286435967e-06,137.38265290058217,0.38845172552705787,824.2959174034929,2.330710353162347,65.0,1905.0,96000000.0,0.1666666666666666,bytes_per_j_opt,logical_gb_per_j,clear_leader
3090,RTX 3090,GPU,GPU board NVML,1,16000000,gpu_resident,-1,0.0002298244485294,0.0816012178308823,0.0816012178308823,355.0511183482729,1.8753954887309968e-05,139.23670960492456,0.39215101012732034,835.4202576295473,2.3529060607639223,64.0,1905.0,192000000.0,0.1666666666666666,runtime_opt,runtime_s,clear_leader
3090,RTX 3090,GPU,GPU board NVML,2,16000000,gpu_resident,-1,0.0002296336394948,0.0812964408725602,0.0812964408725602,354.0238751630151,1.8668397595539813e-05,139.3524052939318,0.393621167870842,836.1144317635909,2.361727007225052,65.0,1897.5,192000000.0,0.1666666666666666,runtime_opt,runtime_s,clear_leader
3090,RTX 3090,GPU,GPU board NVML,3,16000000,gpu_resident,-1,0.0002295168655346,0.0810485314364387,0.0810485314364387,353.1233356950424,1.86020048914739e-05,139.42330523495212,0.39482516749974184,836.5398314097127,2.3689510049984506,65.0,1905.0,192000000.0,0.1666666666666666,runtime_opt,runtime_s,clear_leader
3090,RTX 3090,GPU,GPU board NVML,4,16000000,gpu_resident,-1,0.000229310522696,0.0810063044475011,0.0810063044475011,353.2641814670719,1.8575598014527787e-05,139.54876393711257,0.39503098207299026,837.2925836226756,2.3701858924379415,65.0,1905.0,192000000.0,0.1666666666666666,runtime_opt,runtime_s,clear_leader
3090,RTX 3090,GPU,GPU board NVML,5,16000000,gpu_resident,-1,0.0002298289292279,0.0813908547794117,0.0813908547794117,354.1363358879273,1.87059730028957e-05,139.2339950740865,0.3931645648239904,835.4039704445189,2.3589873889439423,65.0,1905.0,192000000.0,0.1666666666666666,runtime_opt,runtime_s,clear_leader
3090,RTX 3090,GPU,GPU board NVML,1,16000000,gpu_resident,-1,0.0002298244485294,0.0816012178308823,0.0816012178308823,355.0511183482729,1.8753954887309968e-05,139.23670960492456,0.39215101012732034,835.4202576295473,2.3529060607639223,64.0,1905.0,192000000.0,0.1666666666666666,energy_opt,energy_j,clear_leader
3090,RTX 3090,GPU,GPU board NVML,2,16000000,gpu_resident,-1,0.0002296336394948,0.0812964408725602,0.0812964408725602,354.0238751630151,1.8668397595539813e-05,139.3524052939318,0.393621167870842,836.1144317635909,2.361727007225052,65.0,1897.5,192000000.0,0.1666666666666666,energy_opt,energy_j,clear_leader
3090,RTX 3090,GPU,GPU board NVML,3,16000000,gpu_resident,-1,0.0002295168655346,0.0810485314364387,0.0810485314364387,353.1233356950424,1.86020048914739e-05,139.42330523495212,0.39482516749974184,836.5398314097127,2.3689510049984506,65.0,1905.0,192000000.0,0.1666666666666666,energy_opt,energy_j,clear_leader
3090,RTX 3090,GPU,GPU board NVML,4,16000000,gpu_resident,-1,0.000229310522696,0.0810063044475011,0.0810063044475011,353.2641814670719,1.8575598014527787e-05,139.54876393711257,0.39503098207299026,837.2925836226756,2.3701858924379415,65.0,1905.0,192000000.0,0.1666666666666666,energy_opt,energy_j,clear_leader
3090,RTX 3090,GPU,GPU board NVML,5,16000000,gpu_resident,-1,0.0002298289292279,0.0813908547794117,0.0813908547794117,354.1363358879273,1.87059730028957e-05,139.2339950740865,0.3931645648239904,835.4039704445189,2.3589873889439423,65.0,1905.0,192000000.0,0.1666666666666666,energy_opt,energy_j,clear_leader
3090,RTX 3090,GPU,GPU board NVML,1,16000000,gpu_resident,-1,0.0002298244485294,0.0816012178308823,0.0816012178308823,355.0511183482729,1.8753954887309968e-05,139.23670960492456,0.39215101012732034,835.4202576295473,2.3529060607639223,64.0,1905.0,192000000.0,0.1666666666666666,edp_opt,edp_j_s,clear_leader
3090,RTX 3090,GPU,GPU board NVML,2,16000000,gpu_resident,-1,0.0002296336394948,0.0812964408725602,0.0812964408725602,354.0238751630151,1.8668397595539813e-05,139.3524052939318,0.393621167870842,836.1144317635909,2.361727007225052,65.0,1897.5,192000000.0,0.1666666666666666,edp_opt,edp_j_s,clear_leader
3090,RTX 3090,GPU,GPU board NVML,3,16000000,gpu_resident,-1,0.0002295168655346,0.0810485314364387,0.0810485314364387,353.1233356950424,1.86020048914739e-05,139.42330523495212,0.39482516749974184,836.5398314097127,2.3689510049984506,65.0,1905.0,192000000.0,0.1666666666666666,edp_opt,edp_j_s,clear_leader
3090,RTX 3090,GPU,GPU board NVML,4,16000000,gpu_resident,-1,0.000229310522696,0.0810063044475011,0.0810063044475011,353.2641814670719,1.8575598014527787e-05,139.54876393711257,0.39503098207299026,837.2925836226756,2.3701858924379415,65.0,1905.0,192000000.0,0.1666666666666666,edp_opt,edp_j_s,clear_leader
3090,RTX 3090,GPU,GPU board NVML,5,16000000,gpu_resident,-1,0.0002298289292279,0.0813908547794117,0.0813908547794117,354.1363358879273,1.87059730028957e-05,139.2339950740865,0.3931645648239904,835.4039704445189,2.3589873889439423,65.0,1905.0,192000000.0,0.1666666666666666,edp_opt,edp_j_s,clear_leader
3090,RTX 3090,GPU,GPU board NVML,1,16000000,gpu_resident,-1,0.0002298244485294,0.0816012178308823,0.0816012178308823,355.0511183482729,1.8753954887309968e-05,139.23670960492456,0.39215101012732034,835.4202576295473,2.3529060607639223,64.0,1905.0,192000000.0,0.1666666666666666,bandwidth_opt,logical_bandwidth_gb_s,clear_leader
3090,RTX 3090,GPU,GPU board NVML,2,16000000,gpu_resident,-1,0.0002296336394948,0.0812964408725602,0.0812964408725602,354.0238751630151,1.8668397595539813e-05,139.3524052939318,0.393621167870842,836.1144317635909,2.361727007225052,65.0,1897.5,192000000.0,0.1666666666666666,bandwidth_opt,logical_bandwidth_gb_s,clear_leader
3090,RTX 3090,GPU,GPU board NVML,3,16000000,gpu_resident,-1,0.0002295168655346,0.0810485314364387,0.0810485314364387,353.1233356950424,1.86020048914739e-05,139.42330523495212,0.39482516749974184,836.5398314097127,2.3689510049984506,65.0,1905.0,192000000.0,0.1666666666666666,bandwidth_opt,logical_bandwidth_gb_s,clear_leader
3090,RTX 3090,GPU,GPU board NVML,4,16000000,gpu_resident,-1,0.000229310522696,0.0810063044475011,0.0810063044475011,353.2641814670719,1.8575598014527787e-05,139.54876393711257,0.39503098207299026,837.2925836226756,2.3701858924379415,65.0,1905.0,192000000.0,0.1666666666666666,bandwidth_opt,logical_bandwidth_gb_s,clear_leader
3090,RTX 3090,GPU,GPU board NVML,5,16000000,gpu_resident,-1,0.0002298289292279,0.0813908547794117,0.0813908547794117,354.1363358879273,1.87059730028957e-05,139.2339950740865,0.3931645648239904,835.4039704445189,2.3589873889439423,65.0,1905.0,192000000.0,0.1666666666666666,bandwidth_opt,logical_bandwidth_gb_s,clear_leader
3090,RTX 3090,GPU,GPU board NVML,1,16000000,gpu_resident,-1,0.0002298244485294,0.0816012178308823,0.0816012178308823,355.0511183482729,1.8753954887309968e-05,139.23670960492456,0.39215101012732034,835.4202576295473,2.3529060607639223,64.0,1905.0,192000000.0,0.1666666666666666,bytes_per_j_opt,logical_gb_per_j,clear_leader
3090,RTX 3090,GPU,GPU board NVML,2,16000000,gpu_resident,-1,0.0002296336394948,0.0812964408725602,0.0812964408725602,354.0238751630151,1.8668397595539813e-05,139.3524052939318,0.393621167870842,836.1144317635909,2.361727007225052,65.0,1897.5,192000000.0,0.1666666666666666,bytes_per_j_opt,logical_gb_per_j,clear_leader
3090,RTX 3090,GPU,GPU board NVML,3,16000000,gpu_resident,-1,0.0002295168655346,0.0810485314364387,0.0810485314364387,353.1233356950424,1.86020048914739e-05,139.42330523495212,0.39482516749974184,836.5398314097127,2.3689510049984506,65.0,1905.0,192000000.0,0.1666666666666666,bytes_per_j_opt,logical_gb_per_j,clear_leader
3090,RTX 3090,GPU,GPU board NVML,4,16000000,gpu_resident,-1,0.000229310522696,0.0810063044475011,0.0810063044475011,353.2641814670719,1.8575598014527787e-05,139.54876393711257,0.39503098207299026,837.2925836226756,2.3701858924379415,65.0,1905.0,192000000.0,0.1666666666666666,bytes_per_j_opt,logical_gb_per_j,clear_leader
3090,RTX 3090,GPU,GPU board NVML,5,16000000,gpu_resident,-1,0.0002298289292279,0.0813908547794117,0.0813908547794117,354.1363358879273,1.87059730028957e-05,139.2339950740865,0.3931645648239904,835.4039704445189,2.3589873889439423,65.0,1905.0,192000000.0,0.1666666666666666,bytes_per_j_opt,logical_gb_per_j,clear_leader
3090,RTX 3090,GPU,GPU board NVML,1,32000000,gpu_resident,-1,0.0004555765027322,0.1615334699453552,0.1615334699453552,354.5677608514436,7.359085331190186e-05,140.48134531999975,0.3962027189885194,842.8880719199985,2.377216313931116,57.0,1942.5,384000000.0,0.1666666666666666,runtime_opt,runtime_s,clear_leader
3090,RTX 3090,GPU,GPU board NVML,2,32000000,gpu_resident,-1,0.0004557681093394,0.1612892938496583,0.1612892938496583,353.897484554019,7.351051651454567e-05,140.42228644027543,0.39680253085896683,842.5337186416526,2.380815185153801,65.0,1905.0,384000000.0,0.1666666666666666,runtime_opt,runtime_s,clear_leader
3090,RTX 3090,GPU,GPU board NVML,3,32000000,gpu_resident,-1,0.0004553024578971,0.1614977241693218,0.1614977241693218,354.7035923535383,7.35303107590801e-05,140.56590051280642,0.39629041417883637,843.3954030768386,2.377742485073018,65.0,1882.5,384000000.0,0.1666666666666666,runtime_opt,runtime_s,clear_leader
3090,RTX 3090,GPU,GPU board NVML,4,32000000,gpu_resident,-1,0.0004557578587699,0.1612697038724373,0.1612697038724373,353.8504135248165,7.349993492135788e-05,140.42544471473806,0.3968507318065354,842.5526682884284,2.381104390839212,65.0,1905.0,384000000.0,0.1666666666666666,runtime_opt,runtime_s,clear_leader
3090,RTX 3090,GPU,GPU board NVML,5,32000000,gpu_resident,-1,0.0004557906605922,0.1612389521640091,0.1612389521640091,353.77748560935584,7.349120852002784e-05,140.4153387365288,0.39692641970843656,842.492032419173,2.3815585182506194,65.0,1905.0,384000000.0,0.1666666666666666,runtime_opt,runtime_s,clear_leader
3090,RTX 3090,GPU,GPU board NVML,1,32000000,gpu_resident,-1,0.0004555765027322,0.1615334699453552,0.1615334699453552,354.5677608514436,7.359085331190186e-05,140.48134531999975,0.3962027189885194,842.8880719199985,2.377216313931116,57.0,1942.5,384000000.0,0.1666666666666666,energy_opt,energy_j,clear_leader
3090,RTX 3090,GPU,GPU board NVML,2,32000000,gpu_resident,-1,0.0004557681093394,0.1612892938496583,0.1612892938496583,353.897484554019,7.351051651454567e-05,140.42228644027543,0.39680253085896683,842.5337186416526,2.380815185153801,65.0,1905.0,384000000.0,0.1666666666666666,energy_opt,energy_j,clear_leader
3090,RTX 3090,GPU,GPU board NVML,3,32000000,gpu_resident,-1,0.0004553024578971,0.1614977241693218,0.1614977241693218,354.7035923535383,7.35303107590801e-05,140.56590051280642,0.39629041417883637,843.3954030768386,2.377742485073018,65.0,1882.5,384000000.0,0.1666666666666666,energy_opt,energy_j,clear_leader
3090,RTX 3090,GPU,GPU board NVML,4,32000000,gpu_resident,-1,0.0004557578587699,0.1612697038724373,0.1612697038724373,353.8504135248165,7.349993492135788e-05,140.42544471473806,0.3968507318065354,842.5526682884284,2.381104390839212,65.0,1905.0,384000000.0,0.1666666666666666,energy_opt,energy_j,clear_leader
3090,RTX 3090,GPU,GPU board NVML,5,32000000,gpu_resident,-1,0.0004557906605922,0.1612389521640091,0.1612389521640091,353.77748560935584,7.349120852002784e-05,140.4153387365288,0.39692641970843656,842.492032419173,2.3815585182506194,65.0,1905.0,384000000.0,0.1666666666666666,energy_opt,energy_j,clear_leader
3090,RTX 3090,GPU,GPU board NVML,1,32000000,gpu_resident,-1,0.0004555765027322,0.1615334699453552,0.1615334699453552,354.5677608514436,7.359085331190186e-05,140.48134531999975,0.3962027189885194,842.8880719199985,2.377216313931116,57.0,1942.5,384000000.0,0.1666666666666666,edp_opt,edp_j_s,clear_leader
3090,RTX 3090,GPU,GPU board NVML,2,32000000,gpu_resident,-1,0.0004557681093394,0.1612892938496583,0.1612892938496583,353.897484554019,7.351051651454567e-05,140.42228644027543,0.39680253085896683,842.5337186416526,2.380815185153801,65.0,1905.0,384000000.0,0.1666666666666666,edp_opt,edp_j_s,clear_leader
3090,RTX 3090,GPU,GPU board NVML,3,32000000,gpu_resident,-1,0.0004553024578971,0.1614977241693218,0.1614977241693218,354.7035923535383,7.35303107590801e-05,140.56590051280642,0.39629041417883637,843.3954030768386,2.377742485073018,65.0,1882.5,384000000.0,0.1666666666666666,edp_opt,edp_j_s,clear_leader
3090,RTX 3090,GPU,GPU board NVML,4,32000000,gpu_resident,-1,0.0004557578587699,0.1612697038724373,0.1612697038724373,353.8504135248165,7.349993492135788e-05,140.42544471473806,0.3968507318065354,842.5526682884284,2.381104390839212,65.0,1905.0,384000000.0,0.1666666666666666,edp_opt,edp_j_s,clear_leader
3090,RTX 3090,GPU,GPU board NVML,5,32000000,gpu_resident,-1,0.0004557906605922,0.1612389521640091,0.1612389521640091,353.77748560935584,7.349120852002784e-05,140.4153387365288,0.39692641970843656,842.492032419173,2.3815585182506194,65.0,1905.0,384000000.0,0.1666666666666666,edp_opt,edp_j_s,clear_leader
3090,RTX 3090,GPU,GPU board NVML,1,32000000,gpu_resident,-1,0.0004555765027322,0.1615334699453552,0.1615334699453552,354.5677608514436,7.359085331190186e-05,140.48134531999975,0.3962027189885194,842.8880719199985,2.377216313931116,57.0,1942.5,384000000.0,0.1666666666666666,bandwidth_opt,logical_bandwidth_gb_s,clear_leader
3090,RTX 3090,GPU,GPU board NVML,2,32000000,gpu_resident,-1,0.0004557681093394,0.1612892938496583,0.1612892938496583,353.897484554019,7.351051651454567e-05,140.42228644027543,0.39680253085896683,842.5337186416526,2.380815185153801,65.0,1905.0,384000000.0,0.1666666666666666,bandwidth_opt,logical_bandwidth_gb_s,clear_leader
3090,RTX 3090,GPU,GPU board NVML,3,32000000,gpu_resident,-1,0.0004553024578971,0.1614977241693218,0.1614977241693218,354.7035923535383,7.35303107590801e-05,140.56590051280642,0.39629041417883637,843.3954030768386,2.377742485073018,65.0,1882.5,384000000.0,0.1666666666666666,bandwidth_opt,logical_bandwidth_gb_s,clear_leader
3090,RTX 3090,GPU,GPU board NVML,4,32000000,gpu_resident,-1,0.0004557578587699,0.1612697038724373,0.1612697038724373,353.8504135248165,7.349993492135788e-05,140.42544471473806,0.3968507318065354,842.5526682884284,2.381104390839212,65.0,1905.0,384000000.0,0.1666666666666666,bandwidth_opt,logical_bandwidth_gb_s,clear_leader
3090,RTX 3090,GPU,GPU board NVML,5,32000000,gpu_resident,-1,0.0004557906605922,0.1612389521640091,0.1612389521640091,353.77748560935584,7.349120852002784e-05,140.4153387365288,0.39692641970843656,842.492032419173,2.3815585182506194,65.0,1905.0,384000000.0,0.1666666666666666,bandwidth_opt,logical_bandwidth_gb_s,clear_leader
3090,RTX 3090,GPU,GPU board NVML,1,32000000,gpu_resident,-1,0.0004555765027322,0.1615334699453552,0.1615334699453552,354.5677608514436,7.359085331190186e-05,140.48134531999975,0.3962027189885194,842.8880719199985,2.377216313931116,57.0,1942.5,384000000.0,0.1666666666666666,bytes_per_j_opt,logical_gb_per_j,clear_leader
3090,RTX 3090,GPU,GPU board NVML,2,32000000,gpu_resident,-1,0.0004557681093394,0.1612892938496583,0.1612892938496583,353.897484554019,7.351051651454567e-05,140.42228644027543,0.39680253085896683,842.5337186416526,2.380815185153801,65.0,1905.0,384000000.0,0.1666666666666666,bytes_per_j_opt,logical_gb_per_j,clear_leader
3090,RTX 3090,GPU,GPU board NVML,3,32000000,gpu_resident,-1,0.0004553024578971,0.1614977241693218,0.1614977241693218,354.7035923535383,7.35303107590801e-05,140.56590051280642,0.39629041417883637,843.3954030768386,2.377742485073018,65.0,1882.5,384000000.0,0.1666666666666666,bytes_per_j_opt,logical_gb_per_j,clear_leader
3090,RTX 3090,GPU,GPU board NVML,4,32000000,gpu_resident,-1,0.0004557578587699,0.1612697038724373,0.1612697038724373,353.8504135248165,7.349993492135788e-05,140.42544471473806,0.3968507318065354,842.5526682884284,2.381104390839212,65.0,1905.0,384000000.0,0.1666666666666666,bytes_per_j_opt,logical_gb_per_j,clear_leader
3090,RTX 3090,GPU,GPU board NVML,5,32000000,gpu_resident,-1,0.0004557906605922,0.1612389521640091,0.1612389521640091,353.77748560935584,7.349120852002784e-05,140.4153387365288,0.39692641970843656,842.492032419173,2.3815585182506194,65.0,1905.0,384000000.0,0.1666666666666666,bytes_per_j_opt,logical_gb_per_j,clear_leader
3090,RTX 3090,GPU,GPU board NVML,1,64000000,gpu_resident,-1,0.0009091030881017,0.322758855585831,0.322758855585831,355.0225503441334,0.00029342107232524956,140.79811374007878,0.39658090795888656,844.7886824404727,2.379485447753319,61.0,1935.0,768000000.0,0.1666666666666666,runtime_opt,runtime_s,clear_leader
3090,RTX 3090,GPU,GPU board NVML,2,64000000,gpu_resident,-1,0.0009094963636363,0.3206759090909091,0.3206759090909091,352.6119689794658,0.0002916535732239465,140.73723119489694,0.39915689445730396,844.4233871693816,2.3949413667438235,65.0,1905.0,768000000.0,0.1666666666666666,runtime_opt,runtime_s,clear_leader
3090,RTX 3090,GPU,GPU board NVML,3,64000000,gpu_resident,-1,0.0009083574023614,0.3215694822888283,0.3215694822888283,354.03260426074013,0.0002921000196105803,140.91369725974204,0.3980477223427332,845.4821835584521,2.3882863340563993,65.0,1905.0,768000000.0,0.1666666666666666,runtime_opt,runtime_s,clear_leader
3090,RTX 3090,GPU,GPU board NVML,4,64000000,gpu_resident,-1,0.0009089736603088,0.3208197093551317,0.3208197093551317,352.95532371436866,0.00029161666551173943,140.81816183377123,0.3989779813007382,844.9089710026275,2.3938678878044293,65.0,1905.0,768000000.0,0.1666666666666666,runtime_opt,runtime_s,clear_leader
3090,RTX 3090,GPU,GPU board NVML,5,64000000,gpu_resident,-1,0.0009099363636363,0.319825,0.319825,351.4602406385512,0.00029102039749997967,140.6691776647816,0.40021886969436404,844.0150659886896,2.4013132181661843,65.0,1890.0,768000000.0,0.1666666666666666,runtime_opt,runtime_s,clear_leader
3090,RTX 3090,GPU,GPU board NVML,1,64000000,gpu_resident,-1,0.0009091030881017,0.322758855585831,0.322758855585831,355.0225503441334,0.00029342107232524956,140.79811374007878,0.39658090795888656,844.7886824404727,2.379485447753319,61.0,1935.0,768000000.0,0.1666666666666666,energy_opt,energy_j,clear_leader
3090,RTX 3090,GPU,GPU board NVML,2,64000000,gpu_resident,-1,0.0009094963636363,0.3206759090909091,0.3206759090909091,352.6119689794658,0.0002916535732239465,140.73723119489694,0.39915689445730396,844.4233871693816,2.3949413667438235,65.0,1905.0,768000000.0,0.1666666666666666,energy_opt,energy_j,clear_leader
3090,RTX 3090,GPU,GPU board NVML,3,64000000,gpu_resident,-1,0.0009083574023614,0.3215694822888283,0.3215694822888283,354.03260426074013,0.0002921000196105803,140.91369725974204,0.3980477223427332,845.4821835584521,2.3882863340563993,65.0,1905.0,768000000.0,0.1666666666666666,energy_opt,energy_j,clear_leader
3090,RTX 3090,GPU,GPU board NVML,4,64000000,gpu_resident,-1,0.0009089736603088,0.3208197093551317,0.3208197093551317,352.95532371436866,0.00029161666551173943,140.81816183377123,0.3989779813007382,844.9089710026275,2.3938678878044293,65.0,1905.0,768000000.0,0.1666666666666666,energy_opt,energy_j,clear_leader
3090,RTX 3090,GPU,GPU board NVML,5,64000000,gpu_resident,-1,0.0009099363636363,0.319825,0.319825,351.4602406385512,0.00029102039749997967,140.6691776647816,0.40021886969436404,844.0150659886896,2.4013132181661843,65.0,1890.0,768000000.0,0.1666666666666666,energy_opt,energy_j,clear_leader
3090,RTX 3090,GPU,GPU board NVML,1,64000000,gpu_resident,-1,0.0009091030881017,0.322758855585831,0.322758855585831,355.0225503441334,0.00029342107232524956,140.79811374007878,0.39658090795888656,844.7886824404727,2.379485447753319,61.0,1935.0,768000000.0,0.1666666666666666,edp_opt,edp_j_s,clear_leader
3090,RTX 3090,GPU,GPU board NVML,2,64000000,gpu_resident,-1,0.0009094963636363,0.3206759090909091,0.3206759090909091,352.6119689794658,0.0002916535732239465,140.73723119489694,0.39915689445730396,844.4233871693816,2.3949413667438235,65.0,1905.0,768000000.0,0.1666666666666666,edp_opt,edp_j_s,clear_leader
3090,RTX 3090,GPU,GPU board NVML,3,64000000,gpu_resident,-1,0.0009083574023614,0.3215694822888283,0.3215694822888283,354.03260426074013,0.0002921000196105803,140.91369725974204,0.3980477223427332,845.4821835584521,2.3882863340563993,65.0,1905.0,768000000.0,0.1666666666666666,edp_opt,edp_j_s,clear_leader
3090,RTX 3090,GPU,GPU board NVML,4,64000000,gpu_resident,-1,0.0009089736603088,0.3208197093551317,0.3208197093551317,352.95532371436866,0.00029161666551173943,140.81816183377123,0.3989779813007382,844.9089710026275,2.3938678878044293,65.0,1905.0,768000000.0,0.1666666666666666,edp_opt,edp_j_s,clear_leader
3090,RTX 3090,GPU,GPU board NVML,5,64000000,gpu_resident,-1,0.0009099363636363,0.319825,0.319825,351.4602406385512,0.00029102039749997967,140.6691776647816,0.40021886969436404,844.0150659886896,2.4013132181661843,65.0,1890.0,768000000.0,0.1666666666666666,edp_opt,edp_j_s,clear_leader
3090,RTX 3090,GPU,GPU board NVML,1,64000000,gpu_resident,-1,0.0009091030881017,0.322758855585831,0.322758855585831,355.0225503441334,0.00029342107232524956,140.79811374007878,0.39658090795888656,844.7886824404727,2.379485447753319,61.0,1935.0,768000000.0,0.1666666666666666,bandwidth_opt,logical_bandwidth_gb_s,clear_leader
3090,RTX 3090,GPU,GPU board NVML,2,64000000,gpu_resident,-1,0.0009094963636363,0.3206759090909091,0.3206759090909091,352.6119689794658,0.0002916535732239465,140.73723119489694,0.39915689445730396,844.4233871693816,2.3949413667438235,65.0,1905.0,768000000.0,0.1666666666666666,bandwidth_opt,logical_bandwidth_gb_s,clear_leader
3090,RTX 3090,GPU,GPU board NVML,3,64000000,gpu_resident,-1,0.0009083574023614,0.3215694822888283,0.3215694822888283,354.03260426074013,0.0002921000196105803,140.91369725974204,0.3980477223427332,845.4821835584521,2.3882863340563993,65.0,1905.0,768000000.0,0.1666666666666666,bandwidth_opt,logical_bandwidth_gb_s,clear_leader
3090,RTX 3090,GPU,GPU board NVML,4,64000000,gpu_resident,-1,0.0009089736603088,0.3208197093551317,0.3208197093551317,352.95532371436866,0.00029161666551173943,140.81816183377123,0.3989779813007382,844.9089710026275,2.3938678878044293,65.0,1905.0,768000000.0,0.1666666666666666,bandwidth_opt,logical_bandwidth_gb_s,clear_leader
3090,RTX 3090,GPU,GPU board NVML,5,64000000,gpu_resident,-1,0.0009099363636363,0.319825,0.319825,351.4602406385512,0.00029102039749997967,140.6691776647816,0.40021886969436404,844.0150659886896,2.4013132181661843,65.0,1890.0,768000000.0,0.1666666666666666,bandwidth_opt,logical_bandwidth_gb_s,clear_leader
3090,RTX 3090,GPU,GPU board NVML,1,64000000,gpu_resident,-1,0.0009091030881017,0.322758855585831,0.322758855585831,355.0225503441334,0.00029342107232524956,140.79811374007878,0.39658090795888656,844.7886824404727,2.379485447753319,61.0,1935.0,768000000.0,0.1666666666666666,bytes_per_j_opt,logical_gb_per_j,clear_leader
3090,RTX 3090,GPU,GPU board NVML,2,64000000,gpu_resident,-1,0.0009094963636363,0.3206759090909091,0.3206759090909091,352.6119689794658,0.0002916535732239465,140.73723119489694,0.39915689445730396,844.4233871693816,2.3949413667438235,65.0,1905.0,768000000.0,0.1666666666666666,bytes_per_j_opt,logical_gb_per_j,clear_leader
3090,RTX 3090,GPU,GPU board NVML,3,64000000,gpu_resident,-1,0.0009083574023614,0.3215694822888283,0.3215694822888283,354.03260426074013,0.0002921000196105803,140.91369725974204,0.3980477223427332,845.4821835584521,2.3882863340563993,65.0,1905.0,768000000.0,0.1666666666666666,bytes_per_j_opt,logical_gb_per_j,clear_leader
3090,RTX 3090,GPU,GPU board NVML,4,64000000,gpu_resident,-1,0.0009089736603088,0.3208197093551317,0.3208197093551317,352.95532371436866,0.00029161666551173943,140.81816183377123,0.3989779813007382,844.9089710026275,2.3938678878044293,65.0,1905.0,768000000.0,0.1666666666666666,bytes_per_j_opt,logical_gb_per_j,clear_leader
3090,RTX 3090,GPU,GPU board NVML,5,64000000,gpu_resident,-1,0.0009099363636363,0.319825,0.319825,351.4602406385512,0.00029102039749997967,140.6691776647816,0.40021886969436404,844.0150659886896,2.4013132181661843,65.0,1890.0,768000000.0,0.1666666666666666,bytes_per_j_opt,logical_gb_per_j,clear_leader
3090,RTX 3090,GPU,GPU board NVML,1,128000000,gpu_resident,-1,0.0018097649186256,0.6414566003616637,0.6414566003616637,354.44480540901645,0.0011608856521553804,141.45483613110122,0.39909169202665157,848.7290167866074,2.3945501521599093,63.0,1905.0,1536000000.0,0.1666666666666666,runtime_opt,runtime_s,clear_leader
3090,RTX 3090,GPU,GPU board NVML,2,128000000,gpu_resident,-1,0.0018104330922242,0.6405578661844485,0.6405578661844485,353.8072976113017,0.0011596871584248465,141.40262962465644,0.3996516372906188,848.4157777479385,2.3979098237437135,65.0,1905.0,1536000000.0,0.1666666666666666,runtime_opt,runtime_s,clear_leader
3090,RTX 3090,GPU,GPU board NVML,3,128000000,gpu_resident,-1,0.0018103218806509,0.6378363471971067,0.6378363471971067,352.34050782949464,0.0011546890956053667,141.41131626158955,0.4013568701830187,848.4678975695374,2.408141221098112,65.0,1875.0,1536000000.0,0.1666666666666666,runtime_opt,runtime_s,clear_leader
3090,RTX 3090,GPU,GPU board NVML,4,128000000,gpu_resident,-1,0.0018103182640144,0.6377576853526221,0.6377576853526221,352.2831555407929,0.0011545443858094009,141.41159877176364,0.40140637405013035,848.4695926305818,2.408438244300782,65.0,1897.5,1536000000.0,0.1666666666666666,runtime_opt,runtime_s,clear_leader
3090,RTX 3090,GPU,GPU board NVML,5,128000000,gpu_resident,-1,0.001811459312839,0.639745931283906,0.639745931283906,353.13204646241934,0.0011588737250750904,141.32252277793938,0.40015885601059414,847.9351366676364,2.4009531360635648,65.0,1890.0,1536000000.0,0.1666666666666666,runtime_opt,runtime_s,clear_leader
3090,RTX 3090,GPU,GPU board NVML,1,128000000,gpu_resident,-1,0.0018097649186256,0.6414566003616637,0.6414566003616637,354.44480540901645,0.0011608856521553804,141.45483613110122,0.39909169202665157,848.7290167866074,2.3945501521599093,63.0,1905.0,1536000000.0,0.1666666666666666,energy_opt,energy_j,clear_leader
3090,RTX 3090,GPU,GPU board NVML,2,128000000,gpu_resident,-1,0.0018104330922242,0.6405578661844485,0.6405578661844485,353.8072976113017,0.0011596871584248465,141.40262962465644,0.3996516372906188,848.4157777479385,2.3979098237437135,65.0,1905.0,1536000000.0,0.1666666666666666,energy_opt,energy_j,clear_leader
3090,RTX 3090,GPU,GPU board NVML,3,128000000,gpu_resident,-1,0.0018103218806509,0.6378363471971067,0.6378363471971067,352.34050782949464,0.0011546890956053667,141.41131626158955,0.4013568701830187,848.4678975695374,2.408141221098112,65.0,1875.0,1536000000.0,0.1666666666666666,energy_opt,energy_j,clear_leader
3090,RTX 3090,GPU,GPU board NVML,4,128000000,gpu_resident,-1,0.0018103182640144,0.6377576853526221,0.6377576853526221,352.2831555407929,0.0011545443858094009,141.41159877176364,0.40140637405013035,848.4695926305818,2.408438244300782,65.0,1897.5,1536000000.0,0.1666666666666666,energy_opt,energy_j,clear_leader
3090,RTX 3090,GPU,GPU board NVML,5,128000000,gpu_resident,-1,0.001811459312839,0.639745931283906,0.639745931283906,353.13204646241934,0.0011588737250750904,141.32252277793938,0.40015885601059414,847.9351366676364,2.4009531360635648,65.0,1890.0,1536000000.0,0.1666666666666666,energy_opt,energy_j,clear_leader
3090,RTX 3090,GPU,GPU board NVML,1,128000000,gpu_resident,-1,0.0018097649186256,0.6414566003616637,0.6414566003616637,354.44480540901645,0.0011608856521553804,141.45483613110122,0.39909169202665157,848.7290167866074,2.3945501521599093,63.0,1905.0,1536000000.0,0.1666666666666666,edp_opt,edp_j_s,clear_leader
3090,RTX 3090,GPU,GPU board NVML,2,128000000,gpu_resident,-1,0.0018104330922242,0.6405578661844485,0.6405578661844485,353.8072976113017,0.0011596871584248465,141.40262962465644,0.3996516372906188,848.4157777479385,2.3979098237437135,65.0,1905.0,1536000000.0,0.1666666666666666,edp_opt,edp_j_s,clear_leader
3090,RTX 3090,GPU,GPU board NVML,3,128000000,gpu_resident,-1,0.0018103218806509,0.6378363471971067,0.6378363471971067,352.34050782949464,0.0011546890956053667,141.41131626158955,0.4013568701830187,848.4678975695374,2.408141221098112,65.0,1875.0,1536000000.0,0.1666666666666666,edp_opt,edp_j_s,clear_leader
3090,RTX 3090,GPU,GPU board NVML,4,128000000,gpu_resident,-1,0.0018103182640144,0.6377576853526221,0.6377576853526221,352.2831555407929,0.0011545443858094009,141.41159877176364,0.40140637405013035,848.4695926305818,2.408438244300782,65.0,1897.5,1536000000.0,0.1666666666666666,edp_opt,edp_j_s,clear_leader
3090,RTX 3090,GPU,GPU board NVML,5,128000000,gpu_resident,-1,0.001811459312839,0.639745931283906,0.639745931283906,353.13204646241934,0.0011588737250750904,141.32252277793938,0.40015885601059414,847.9351366676364,2.4009531360635648,65.0,1890.0,1536000000.0,0.1666666666666666,edp_opt,edp_j_s,clear_leader
3090,RTX 3090,GPU,GPU board NVML,1,128000000,gpu_resident,-1,0.0018097649186256,0.6414566003616637,0.6414566003616637,354.44480540901645,0.0011608856521553804,141.45483613110122,0.39909169202665157,848.7290167866074,2.3945501521599093,63.0,1905.0,1536000000.0,0.1666666666666666,bandwidth_opt,logical_bandwidth_gb_s,clear_leader
3090,RTX 3090,GPU,GPU board NVML,2,128000000,gpu_resident,-1,0.0018104330922242,0.6405578661844485,0.6405578661844485,353.8072976113017,0.0011596871584248465,141.40262962465644,0.3996516372906188,848.4157777479385,2.3979098237437135,65.0,1905.0,1536000000.0,0.1666666666666666,bandwidth_opt,logical_bandwidth_gb_s,clear_leader
3090,RTX 3090,GPU,GPU board NVML,3,128000000,gpu_resident,-1,0.0018103218806509,0.6378363471971067,0.6378363471971067,352.34050782949464,0.0011546890956053667,141.41131626158955,0.4013568701830187,848.4678975695374,2.408141221098112,65.0,1875.0,1536000000.0,0.1666666666666666,bandwidth_opt,logical_bandwidth_gb_s,clear_leader
3090,RTX 3090,GPU,GPU board NVML,4,128000000,gpu_resident,-1,0.0018103182640144,0.6377576853526221,0.6377576853526221,352.2831555407929,0.0011545443858094009,141.41159877176364,0.40140637405013035,848.4695926305818,2.408438244300782,65.0,1897.5,1536000000.0,0.1666666666666666,bandwidth_opt,logical_bandwidth_gb_s,clear_leader
3090,RTX 3090,GPU,GPU board NVML,5,128000000,gpu_resident,-1,0.001811459312839,0.639745931283906,0.639745931283906,353.13204646241934,0.0011588737250750904,141.32252277793938,0.40015885601059414,847.9351366676364,2.4009531360635648,65.0,1890.0,1536000000.0,0.1666666666666666,bandwidth_opt,logical_bandwidth_gb_s,clear_leader
3090,RTX 3090,GPU,GPU board NVML,1,128000000,gpu_resident,-1,0.0018097649186256,0.6414566003616637,0.6414566003616637,354.44480540901645,0.0011608856521553804,141.45483613110122,0.39909169202665157,848.7290167866074,2.3945501521599093,63.0,1905.0,1536000000.0,0.1666666666666666,bytes_per_j_opt,logical_gb_per_j,clear_leader
3090,RTX 3090,GPU,GPU board NVML,2,128000000,gpu_resident,-1,0.0018104330922242,0.6405578661844485,0.6405578661844485,353.8072976113017,0.0011596871584248465,141.40262962465644,0.3996516372906188,848.4157777479385,2.3979098237437135,65.0,1905.0,1536000000.0,0.1666666666666666,bytes_per_j_opt,logical_gb_per_j,clear_leader
3090,RTX 3090,GPU,GPU board NVML,3,128000000,gpu_resident,-1,0.0018103218806509,0.6378363471971067,0.6378363471971067,352.34050782949464,0.0011546890956053667,141.41131626158955,0.4013568701830187,848.4678975695374,2.408141221098112,65.0,1875.0,1536000000.0,0.1666666666666666,bytes_per_j_opt,logical_gb_per_j,clear_leader
3090,RTX 3090,GPU,GPU board NVML,4,128000000,gpu_resident,-1,0.0018103182640144,0.6377576853526221,0.6377576853526221,352.2831555407929,0.0011545443858094009,141.41159877176364,0.40140637405013035,848.4695926305818,2.408438244300782,65.0,1897.5,1536000000.0,0.1666666666666666,bytes_per_j_opt,logical_gb_per_j,clear_leader
3090,RTX 3090,GPU,GPU board NVML,5,128000000,gpu_resident,-1,0.001811459312839,0.639745931283906,0.639745931283906,353.13204646241934,0.0011588737250750904,141.32252277793938,0.40015885601059414,847.9351366676364,2.4009531360635648,65.0,1890.0,1536000000.0,0.1666666666666666,bytes_per_j_opt,logical_gb_per_j,clear_leader
3090,RTX 3090,GPU,GPU board NVML,1,256000000,gpu_resident,-1,0.0036186895306859,1.2798429602888088,1.2798429602888088,353.6758127036532,0.004631354321319163,141.48768377566606,0.40004908093135294,848.9261026539962,2.4002944855881174,64.0,1882.5,3072000000.0,0.1666666666666666,runtime_opt,runtime_s,clear_leader
3090,RTX 3090,GPU,GPU board NVML,2,256000000,gpu_resident,-1,0.0036179855595667,1.2764314079422383,1.2764314079422383,352.8085661032584,0.00461811040171241,141.5152138034842,0.40111830280438326,849.0912828209052,2.4067098168262997,65.0,1905.0,3072000000.0,0.1666666666666666,runtime_opt,runtime_s,clear_leader
3090,RTX 3090,GPU,GPU board NVML,3,256000000,gpu_resident,-1,0.0036189025270758,1.2723303249097473,1.2723303249097473,351.6027504168741,0.004604439428091058,141.4793562880827,0.4024112213440474,848.8761377284964,2.4144673280642843,65.0,1905.0,3072000000.0,0.1666666666666666,runtime_opt,runtime_s,clear_leader
3090,RTX 3090,GPU,GPU board NVML,4,256000000,gpu_resident,-1,0.0036226823104693,1.277,1.277,352.5017636217118,0.004626165310469296,141.3317415442021,0.4009397024275646,847.9904492652126,2.405638214565388,65.0,1905.0,3072000000.0,0.1666666666666666,runtime_opt,runtime_s,clear_leader
3090,RTX 3090,GPU,GPU board NVML,5,256000000,gpu_resident,-1,0.0036244438405797,1.2799094202898549,1.2799094202898549,353.12346426371784,0.004638959814869499,141.26305235236032,0.4000283081626588,847.5783141141619,2.4001698489759526,65.0,1890.0,3072000000.0,0.1666666666666666,runtime_opt,runtime_s,clear_leader
3090,RTX 3090,GPU,GPU board NVML,1,256000000,gpu_resident,-1,0.0036186895306859,1.2798429602888088,1.2798429602888088,353.6758127036532,0.004631354321319163,141.48768377566606,0.40004908093135294,848.9261026539962,2.4002944855881174,64.0,1882.5,3072000000.0,0.1666666666666666,energy_opt,energy_j,clear_leader
3090,RTX 3090,GPU,GPU board NVML,2,256000000,gpu_resident,-1,0.0036179855595667,1.2764314079422383,1.2764314079422383,352.8085661032584,0.00461811040171241,141.5152138034842,0.40111830280438326,849.0912828209052,2.4067098168262997,65.0,1905.0,3072000000.0,0.1666666666666666,energy_opt,energy_j,clear_leader
3090,RTX 3090,GPU,GPU board NVML,3,256000000,gpu_resident,-1,0.0036189025270758,1.2723303249097473,1.2723303249097473,351.6027504168741,0.004604439428091058,141.4793562880827,0.4024112213440474,848.8761377284964,2.4144673280642843,65.0,1905.0,3072000000.0,0.1666666666666666,energy_opt,energy_j,clear_leader
3090,RTX 3090,GPU,GPU board NVML,4,256000000,gpu_resident,-1,0.0036226823104693,1.277,1.277,352.5017636217118,0.004626165310469296,141.3317415442021,0.4009397024275646,847.9904492652126,2.405638214565388,65.0,1905.0,3072000000.0,0.1666666666666666,energy_opt,energy_j,clear_leader
3090,RTX 3090,GPU,GPU board NVML,5,256000000,gpu_resident,-1,0.0036244438405797,1.2799094202898549,1.2799094202898549,353.12346426371784,0.004638959814869499,141.26305235236032,0.4000283081626588,847.5783141141619,2.4001698489759526,65.0,1890.0,3072000000.0,0.1666666666666666,energy_opt,energy_j,clear_leader
3090,RTX 3090,GPU,GPU board NVML,1,256000000,gpu_resident,-1,0.0036186895306859,1.2798429602888088,1.2798429602888088,353.6758127036532,0.004631354321319163,141.48768377566606,0.40004908093135294,848.9261026539962,2.4002944855881174,64.0,1882.5,3072000000.0,0.1666666666666666,edp_opt,edp_j_s,clear_leader
3090,RTX 3090,GPU,GPU board NVML,2,256000000,gpu_resident,-1,0.0036179855595667,1.2764314079422383,1.2764314079422383,352.8085661032584,0.00461811040171241,141.5152138034842,0.40111830280438326,849.0912828209052,2.4067098168262997,65.0,1905.0,3072000000.0,0.1666666666666666,edp_opt,edp_j_s,clear_leader
3090,RTX 3090,GPU,GPU board NVML,3,256000000,gpu_resident,-1,0.0036189025270758,1.2723303249097473,1.2723303249097473,351.6027504168741,0.004604439428091058,141.4793562880827,0.4024112213440474,848.8761377284964,2.4144673280642843,65.0,1905.0,3072000000.0,0.1666666666666666,edp_opt,edp_j_s,clear_leader
3090,RTX 3090,GPU,GPU board NVML,4,256000000,gpu_resident,-1,0.0036226823104693,1.277,1.277,352.5017636217118,0.004626165310469296,141.3317415442021,0.4009397024275646,847.9904492652126,2.405638214565388,65.0,1905.0,3072000000.0,0.1666666666666666,edp_opt,edp_j_s,clear_leader
3090,RTX 3090,GPU,GPU board NVML,5,256000000,gpu_resident,-1,0.0036244438405797,1.2799094202898549,1.2799094202898549,353.12346426371784,0.004638959814869499,141.26305235236032,0.4000283081626588,847.5783141141619,2.4001698489759526,65.0,1890.0,3072000000.0,0.1666666666666666,edp_opt,edp_j_s,clear_leader
3090,RTX 3090,GPU,GPU board NVML,1,256000000,gpu_resident,-1,0.0036186895306859,1.2798429602888088,1.2798429602888088,353.6758127036532,0.004631354321319163,141.48768377566606,0.40004908093135294,848.9261026539962,2.4002944855881174,64.0,1882.5,3072000000.0,0.1666666666666666,bandwidth_opt,logical_bandwidth_gb_s,clear_leader
3090,RTX 3090,GPU,GPU board NVML,2,256000000,gpu_resident,-1,0.0036179855595667,1.2764314079422383,1.2764314079422383,352.8085661032584,0.00461811040171241,141.5152138034842,0.40111830280438326,849.0912828209052,2.4067098168262997,65.0,1905.0,3072000000.0,0.1666666666666666,bandwidth_opt,logical_bandwidth_gb_s,clear_leader
3090,RTX 3090,GPU,GPU board NVML,3,256000000,gpu_resident,-1,0.0036189025270758,1.2723303249097473,1.2723303249097473,351.6027504168741,0.004604439428091058,141.4793562880827,0.4024112213440474,848.8761377284964,2.4144673280642843,65.0,1905.0,3072000000.0,0.1666666666666666,bandwidth_opt,logical_bandwidth_gb_s,clear_leader
3090,RTX 3090,GPU,GPU board NVML,4,256000000,gpu_resident,-1,0.0036226823104693,1.277,1.277,352.5017636217118,0.004626165310469296,141.3317415442021,0.4009397024275646,847.9904492652126,2.405638214565388,65.0,1905.0,3072000000.0,0.1666666666666666,bandwidth_opt,logical_bandwidth_gb_s,clear_leader
3090,RTX 3090,GPU,GPU board NVML,5,256000000,gpu_resident,-1,0.0036244438405797,1.2799094202898549,1.2799094202898549,353.12346426371784,0.004638959814869499,141.26305235236032,0.4000283081626588,847.5783141141619,2.4001698489759526,65.0,1890.0,3072000000.0,0.1666666666666666,bandwidth_opt,logical_bandwidth_gb_s,clear_leader
3090,RTX 3090,GPU,GPU board NVML,1,256000000,gpu_resident,-1,0.0036186895306859,1.2798429602888088,1.2798429602888088,353.6758127036532,0.004631354321319163,141.48768377566606,0.40004908093135294,848.9261026539962,2.4002944855881174,64.0,1882.5,3072000000.0,0.1666666666666666,bytes_per_j_opt,logical_gb_per_j,clear_leader
3090,RTX 3090,GPU,GPU board NVML,2,256000000,gpu_resident,-1,0.0036179855595667,1.2764314079422383,1.2764314079422383,352.8085661032584,0.00461811040171241,141.5152138034842,0.40111830280438326,849.0912828209052,2.4067098168262997,65.0,1905.0,3072000000.0,0.1666666666666666,bytes_per_j_opt,logical_gb_per_j,clear_leader
3090,RTX 3090,GPU,GPU board NVML,3,256000000,gpu_resident,-1,0.0036189025270758,1.2723303249097473,1.2723303249097473,351.6027504168741,0.004604439428091058,141.4793562880827,0.4024112213440474,848.8761377284964,2.4144673280642843,65.0,1905.0,3072000000.0,0.1666666666666666,bytes_per_j_opt,logical_gb_per_j,clear_leader
3090,RTX 3090,GPU,GPU board NVML,4,256000000,gpu_resident,-1,0.0036226823104693,1.277,1.277,352.5017636217118,0.004626165310469296,141.3317415442021,0.4009397024275646,847.9904492652126,2.405638214565388,65.0,1905.0,3072000000.0,0.1666666666666666,bytes_per_j_opt,logical_gb_per_j,clear_leader
3090,RTX 3090,GPU,GPU board NVML,5,256000000,gpu_resident,-1,0.0036244438405797,1.2799094202898549,1.2799094202898549,353.12346426371784,0.004638959814869499,141.26305235236032,0.4000283081626588,847.5783141141619,2.4001698489759526,65.0,1890.0,3072000000.0,0.1666666666666666,bytes_per_j_opt,logical_gb_per_j,clear_leader
5060ti,RTX 5060 Ti,GPU,GPU board NVML,1,1000000,gpu_resident,-1,8.188119217227545e-06,0.0011522025710308,0.0011522025710308,140.7151929643303,9.43437201399628e-09,244.25633615495767,1.735805881955923,1465.5380169297462,10.414835291735539,69.0,2745.0,12000000.0,0.1666666666666666,runtime_opt,runtime_s,clear_leader
5060ti,RTX 5060 Ti,GPU,GPU board NVML,2,1000000,gpu_resident,-1,8.188016867272578e-06,0.0011647752394988,0.0011647752394988,142.2140030080568,9.537199307597631e-09,244.2593893515266,1.7170694672910416,1465.5563361091597,10.302416803746251,70.0,2745.0,12000000.0,0.1666666666666666,runtime_opt,runtime_s,clear_leader
5060ti,RTX 5060 Ti,GPU,GPU board NVML,3,1000000,gpu_resident,-1,8.188328011135675e-06,0.0011795218210103,0.0011795218210103,144.0495981328944,9.658311566724401e-09,244.2501078706312,1.6956023740933701,1465.5006472237874,10.173614244560222,70.0,2745.0,12000000.0,0.1666666666666666,runtime_opt,runtime_s,clear_leader
5060ti,RTX 5060 Ti,GPU,GPU board NVML,4,1000000,gpu_resident,-1,8.18810284123475e-06,0.0011807213624826,0.0011807213624826,144.19976957440963,9.667867942850342e-09,244.25682466127938,1.693879744662851,1465.5409479676762,10.163278467977106,70.0,2737.0,12000000.0,0.1666666666666666,runtime_opt,runtime_s,clear_leader
5060ti,RTX 5060 Ti,GPU,GPU board NVML,5,1000000,gpu_resident,-1,8.188082371243758e-06,0.0011669327765495,0.0011669327765495,142.51507646584383,9.55494169609149e-09,244.25743529692934,1.7138947848510984,1465.5446117815761,10.28336870910659,69.5,2745.0,12000000.0,0.1666666666666666,runtime_opt,runtime_s,clear_leader
5060ti,RTX 5060 Ti,GPU,GPU board NVML,1,1000000,gpu_resident,-1,8.188119217227545e-06,0.0011522025710308,0.0011522025710308,140.7151929643303,9.43437201399628e-09,244.25633615495767,1.735805881955923,1465.5380169297462,10.414835291735539,69.0,2745.0,12000000.0,0.1666666666666666,energy_opt,energy_j,clear_leader
5060ti,RTX 5060 Ti,GPU,GPU board NVML,2,1000000,gpu_resident,-1,8.188016867272578e-06,0.0011647752394988,0.0011647752394988,142.2140030080568,9.537199307597631e-09,244.2593893515266,1.7170694672910416,1465.5563361091597,10.302416803746251,70.0,2745.0,12000000.0,0.1666666666666666,energy_opt,energy_j,clear_leader
5060ti,RTX 5060 Ti,GPU,GPU board NVML,3,1000000,gpu_resident,-1,8.188328011135675e-06,0.0011795218210103,0.0011795218210103,144.0495981328944,9.658311566724401e-09,244.2501078706312,1.6956023740933701,1465.5006472237874,10.173614244560222,70.0,2745.0,12000000.0,0.1666666666666666,energy_opt,energy_j,clear_leader
5060ti,RTX 5060 Ti,GPU,GPU board NVML,4,1000000,gpu_resident,-1,8.18810284123475e-06,0.0011807213624826,0.0011807213624826,144.19976957440963,9.667867942850342e-09,244.25682466127938,1.693879744662851,1465.5409479676762,10.163278467977106,70.0,2737.0,12000000.0,0.1666666666666666,energy_opt,energy_j,clear_leader
5060ti,RTX 5060 Ti,GPU,GPU board NVML,5,1000000,gpu_resident,-1,8.188082371243758e-06,0.0011669327765495,0.0011669327765495,142.51507646584383,9.55494169609149e-09,244.25743529692934,1.7138947848510984,1465.5446117815761,10.28336870910659,69.5,2745.0,12000000.0,0.1666666666666666,energy_opt,energy_j,clear_leader
5060ti,RTX 5060 Ti,GPU,GPU board NVML,1,1000000,gpu_resident,-1,8.188119217227545e-06,0.0011522025710308,0.0011522025710308,140.7151929643303,9.43437201399628e-09,244.25633615495767,1.735805881955923,1465.5380169297462,10.414835291735539,69.0,2745.0,12000000.0,0.1666666666666666,edp_opt,edp_j_s,clear_leader
5060ti,RTX 5060 Ti,GPU,GPU board NVML,2,1000000,gpu_resident,-1,8.188016867272578e-06,0.0011647752394988,0.0011647752394988,142.2140030080568,9.537199307597631e-09,244.2593893515266,1.7170694672910416,1465.5563361091597,10.302416803746251,70.0,2745.0,12000000.0,0.1666666666666666,edp_opt,edp_j_s,clear_leader
5060ti,RTX 5060 Ti,GPU,GPU board NVML,3,1000000,gpu_resident,-1,8.188328011135675e-06,0.0011795218210103,0.0011795218210103,144.0495981328944,9.658311566724401e-09,244.2501078706312,1.6956023740933701,1465.5006472237874,10.173614244560222,70.0,2745.0,12000000.0,0.1666666666666666,edp_opt,edp_j_s,clear_leader
5060ti,RTX 5060 Ti,GPU,GPU board NVML,4,1000000,gpu_resident,-1,8.18810284123475e-06,0.0011807213624826,0.0011807213624826,144.19976957440963,9.667867942850342e-09,244.25682466127938,1.693879744662851,1465.5409479676762,10.163278467977106,70.0,2737.0,12000000.0,0.1666666666666666,edp_opt,edp_j_s,clear_leader
5060ti,RTX 5060 Ti,GPU,GPU board NVML,5,1000000,gpu_resident,-1,8.188082371243758e-06,0.0011669327765495,0.0011669327765495,142.51507646584383,9.55494169609149e-09,244.25743529692934,1.7138947848510984,1465.5446117815761,10.28336870910659,69.5,2745.0,12000000.0,0.1666666666666666,edp_opt,edp_j_s,clear_leader
5060ti,RTX 5060 Ti,GPU,GPU board NVML,1,1000000,gpu_resident,-1,8.188119217227545e-06,0.0011522025710308,0.0011522025710308,140.7151929643303,9.43437201399628e-09,244.25633615495767,1.735805881955923,1465.5380169297462,10.414835291735539,69.0,2745.0,12000000.0,0.1666666666666666,bandwidth_opt,logical_bandwidth_gb_s,clear_leader
5060ti,RTX 5060 Ti,GPU,GPU board NVML,2,1000000,gpu_resident,-1,8.188016867272578e-06,0.0011647752394988,0.0011647752394988,142.2140030080568,9.537199307597631e-09,244.2593893515266,1.7170694672910416,1465.5563361091597,10.302416803746251,70.0,2745.0,12000000.0,0.1666666666666666,bandwidth_opt,logical_bandwidth_gb_s,clear_leader
5060ti,RTX 5060 Ti,GPU,GPU board NVML,3,1000000,gpu_resident,-1,8.188328011135675e-06,0.0011795218210103,0.0011795218210103,144.0495981328944,9.658311566724401e-09,244.2501078706312,1.6956023740933701,1465.5006472237874,10.173614244560222,70.0,2745.0,12000000.0,0.1666666666666666,bandwidth_opt,logical_bandwidth_gb_s,clear_leader
5060ti,RTX 5060 Ti,GPU,GPU board NVML,4,1000000,gpu_resident,-1,8.18810284123475e-06,0.0011807213624826,0.0011807213624826,144.19976957440963,9.667867942850342e-09,244.25682466127938,1.693879744662851,1465.5409479676762,10.163278467977106,70.0,2737.0,12000000.0,0.1666666666666666,bandwidth_opt,logical_bandwidth_gb_s,clear_leader
5060ti,RTX 5060 Ti,GPU,GPU board NVML,5,1000000,gpu_resident,-1,8.188082371243758e-06,0.0011669327765495,0.0011669327765495,142.51507646584383,9.55494169609149e-09,244.25743529692934,1.7138947848510984,1465.5446117815761,10.28336870910659,69.5,2745.0,12000000.0,0.1666666666666666,bandwidth_opt,logical_bandwidth_gb_s,clear_leader
5060ti,RTX 5060 Ti,GPU,GPU board NVML,1,1000000,gpu_resident,-1,8.188119217227545e-06,0.0011522025710308,0.0011522025710308,140.7151929643303,9.43437201399628e-09,244.25633615495767,1.735805881955923,1465.5380169297462,10.414835291735539,69.0,2745.0,12000000.0,0.1666666666666666,bytes_per_j_opt,logical_gb_per_j,clear_leader
5060ti,RTX 5060 Ti,GPU,GPU board NVML,2,1000000,gpu_resident,-1,8.188016867272578e-06,0.0011647752394988,0.0011647752394988,142.2140030080568,9.537199307597631e-09,244.2593893515266,1.7170694672910416,1465.5563361091597,10.302416803746251,70.0,2745.0,12000000.0,0.1666666666666666,bytes_per_j_opt,logical_gb_per_j,clear_leader
5060ti,RTX 5060 Ti,GPU,GPU board NVML,3,1000000,gpu_resident,-1,8.188328011135675e-06,0.0011795218210103,0.0011795218210103,144.0495981328944,9.658311566724401e-09,244.2501078706312,1.6956023740933701,1465.5006472237874,10.173614244560222,70.0,2745.0,12000000.0,0.1666666666666666,bytes_per_j_opt,logical_gb_per_j,clear_leader
5060ti,RTX 5060 Ti,GPU,GPU board NVML,4,1000000,gpu_resident,-1,8.18810284123475e-06,0.0011807213624826,0.0011807213624826,144.19976957440963,9.667867942850342e-09,244.25682466127938,1.693879744662851,1465.5409479676762,10.163278467977106,70.0,2737.0,12000000.0,0.1666666666666666,bytes_per_j_opt,logical_gb_per_j,clear_leader
5060ti,RTX 5060 Ti,GPU,GPU board NVML,5,1000000,gpu_resident,-1,8.188082371243758e-06,0.0011669327765495,0.0011669327765495,142.51507646584383,9.55494169609149e-09,244.25743529692934,1.7138947848510984,1465.5446117815761,10.28336870910659,69.5,2745.0,12000000.0,0.1666666666666666,bytes_per_j_opt,logical_gb_per_j,clear_leader
5060ti,RTX 5060 Ti,GPU,GPU board NVML,1,2000000,gpu_resident,-1,1.4329450199888234e-05,0.0021343406554041,0.0021343406554041,148.9481378670368,3.0583928131209865e-08,279.14539247508594,1.8741150761815337,1674.8723548505156,11.244690457089202,70.5,2752.0,24000000.0,0.1666666666666666,runtime_opt,runtime_s,clear_leader
5060ti,RTX 5060 Ti,GPU,GPU board NVML,2,2000000,gpu_resident,-1,1.4328955852641532e-05,0.0021426227628995,0.0021426227628995,149.53105146849492,3.070154697845176e-08,279.1550229574197,1.866870859986108,1674.930137744518,11.201225159916646,72.0,2745.0,24000000.0,0.1666666666666666,runtime_opt,runtime_s,clear_leader
5060ti,RTX 5060 Ti,GPU,GPU board NVML,3,2000000,gpu_resident,-1,1.4329471693246788e-05,0.0021713880410953,0.0021713880410953,151.5329386824527,3.1114843469929694e-08,279.14497377353587,1.8421396472195288,1674.8698426412157,11.052837883317173,73.0,2745.0,24000000.0,0.1666666666666666,runtime_opt,runtime_s,clear_leader
5060ti,RTX 5060 Ti,GPU,GPU board NVML,4,2000000,gpu_resident,-1,1.4329228101849862e-05,0.0021629841379013,0.0021629841379013,150.89656707086343,3.0993893092670806e-08,279.1497191313195,1.8492969642769177,1674.8983147879173,11.095781785661506,73.0,2745.0,24000000.0,0.1666666666666666,runtime_opt,runtime_s,clear_leader
5060ti,RTX 5060 Ti,GPU,GPU board NVML,5,2000000,gpu_resident,-1,1.4329084812792848e-05,0.0021483758185387,0.0021483758185387,149.9313507551417,3.078425931359429e-08,279.15251059361754,1.8618716359974454,1674.9150635617052,11.17122981598467,71.5,2745.0,24000000.0,0.1666666666666666,runtime_opt,runtime_s,clear_leader
5060ti,RTX 5060 Ti,GPU,GPU board NVML,1,2000000,gpu_resident,-1,1.4329450199888234e-05,0.0021343406554041,0.0021343406554041,148.9481378670368,3.0583928131209865e-08,279.14539247508594,1.8741150761815337,1674.8723548505156,11.244690457089202,70.5,2752.0,24000000.0,0.1666666666666666,energy_opt,energy_j,clear_leader
5060ti,RTX 5060 Ti,GPU,GPU board NVML,2,2000000,gpu_resident,-1,1.4328955852641532e-05,0.0021426227628995,0.0021426227628995,149.53105146849492,3.070154697845176e-08,279.1550229574197,1.866870859986108,1674.930137744518,11.201225159916646,72.0,2745.0,24000000.0,0.1666666666666666,energy_opt,energy_j,clear_leader
5060ti,RTX 5060 Ti,GPU,GPU board NVML,3,2000000,gpu_resident,-1,1.4329471693246788e-05,0.0021713880410953,0.0021713880410953,151.5329386824527,3.1114843469929694e-08,279.14497377353587,1.8421396472195288,1674.8698426412157,11.052837883317173,73.0,2745.0,24000000.0,0.1666666666666666,energy_opt,energy_j,clear_leader
5060ti,RTX 5060 Ti,GPU,GPU board NVML,4,2000000,gpu_resident,-1,1.4329228101849862e-05,0.0021629841379013,0.0021629841379013,150.89656707086343,3.0993893092670806e-08,279.1497191313195,1.8492969642769177,1674.8983147879173,11.095781785661506,73.0,2745.0,24000000.0,0.1666666666666666,energy_opt,energy_j,clear_leader
5060ti,RTX 5060 Ti,GPU,GPU board NVML,5,2000000,gpu_resident,-1,1.4329084812792848e-05,0.0021483758185387,0.0021483758185387,149.9313507551417,3.078425931359429e-08,279.15251059361754,1.8618716359974454,1674.9150635617052,11.17122981598467,71.5,2745.0,24000000.0,0.1666666666666666,energy_opt,energy_j,clear_leader
5060ti,RTX 5060 Ti,GPU,GPU board NVML,1,2000000,gpu_resident,-1,1.4329450199888234e-05,0.0021343406554041,0.0021343406554041,148.9481378670368,3.0583928131209865e-08,279.14539247508594,1.8741150761815337,1674.8723548505156,11.244690457089202,70.5,2752.0,24000000.0,0.1666666666666666,edp_opt,edp_j_s,clear_leader
5060ti,RTX 5060 Ti,GPU,GPU board NVML,2,2000000,gpu_resident,-1,1.4328955852641532e-05,0.0021426227628995,0.0021426227628995,149.53105146849492,3.070154697845176e-08,279.1550229574197,1.866870859986108,1674.930137744518,11.201225159916646,72.0,2745.0,24000000.0,0.1666666666666666,edp_opt,edp_j_s,clear_leader
5060ti,RTX 5060 Ti,GPU,GPU board NVML,3,2000000,gpu_resident,-1,1.4329471693246788e-05,0.0021713880410953,0.0021713880410953,151.5329386824527,3.1114843469929694e-08,279.14497377353587,1.8421396472195288,1674.8698426412157,11.052837883317173,73.0,2745.0,24000000.0,0.1666666666666666,edp_opt,edp_j_s,clear_leader
5060ti,RTX 5060 Ti,GPU,GPU board NVML,4,2000000,gpu_resident,-1,1.4329228101849862e-05,0.0021629841379013,0.0021629841379013,150.89656707086343,3.0993893092670806e-08,279.1497191313195,1.8492969642769177,1674.8983147879173,11.095781785661506,73.0,2745.0,24000000.0,0.1666666666666666,edp_opt,edp_j_s,clear_leader
5060ti,RTX 5060 Ti,GPU,GPU board NVML,5,2000000,gpu_resident,-1,1.4329084812792848e-05,0.0021483758185387,0.0021483758185387,149.9313507551417,3.078425931359429e-08,279.15251059361754,1.8618716359974454,1674.9150635617052,11.17122981598467,71.5,2745.0,24000000.0,0.1666666666666666,edp_opt,edp_j_s,clear_leader
5060ti,RTX 5060 Ti,GPU,GPU board NVML,1,2000000,gpu_resident,-1,1.4329450199888234e-05,0.0021343406554041,0.0021343406554041,148.9481378670368,3.0583928131209865e-08,279.14539247508594,1.8741150761815337,1674.8723548505156,11.244690457089202,70.5,2752.0,24000000.0,0.1666666666666666,bandwidth_opt,logical_bandwidth_gb_s,clear_leader
5060ti,RTX 5060 Ti,GPU,GPU board NVML,2,2000000,gpu_resident,-1,1.4328955852641532e-05,0.0021426227628995,0.0021426227628995,149.53105146849492,3.070154697845176e-08,279.1550229574197,1.866870859986108,1674.930137744518,11.201225159916646,72.0,2745.0,24000000.0,0.1666666666666666,bandwidth_opt,logical_bandwidth_gb_s,clear_leader
5060ti,RTX 5060 Ti,GPU,GPU board NVML,3,2000000,gpu_resident,-1,1.4329471693246788e-05,0.0021713880410953,0.0021713880410953,151.5329386824527,3.1114843469929694e-08,279.14497377353587,1.8421396472195288,1674.8698426412157,11.052837883317173,73.0,2745.0,24000000.0,0.1666666666666666,bandwidth_opt,logical_bandwidth_gb_s,clear_leader
5060ti,RTX 5060 Ti,GPU,GPU board NVML,4,2000000,gpu_resident,-1,1.4329228101849862e-05,0.0021629841379013,0.0021629841379013,150.89656707086343,3.0993893092670806e-08,279.1497191313195,1.8492969642769177,1674.8983147879173,11.095781785661506,73.0,2745.0,24000000.0,0.1666666666666666,bandwidth_opt,logical_bandwidth_gb_s,clear_leader
5060ti,RTX 5060 Ti,GPU,GPU board NVML,5,2000000,gpu_resident,-1,1.4329084812792848e-05,0.0021483758185387,0.0021483758185387,149.9313507551417,3.078425931359429e-08,279.15251059361754,1.8618716359974454,1674.9150635617052,11.17122981598467,71.5,2745.0,24000000.0,0.1666666666666666,bandwidth_opt,logical_bandwidth_gb_s,clear_leader
5060ti,RTX 5060 Ti,GPU,GPU board NVML,1,2000000,gpu_resident,-1,1.4329450199888234e-05,0.0021343406554041,0.0021343406554041,148.9481378670368,3.0583928131209865e-08,279.14539247508594,1.8741150761815337,1674.8723548505156,11.244690457089202,70.5,2752.0,24000000.0,0.1666666666666666,bytes_per_j_opt,logical_gb_per_j,clear_leader
5060ti,RTX 5060 Ti,GPU,GPU board NVML,2,2000000,gpu_resident,-1,1.4328955852641532e-05,0.0021426227628995,0.0021426227628995,149.53105146849492,3.070154697845176e-08,279.1550229574197,1.866870859986108,1674.930137744518,11.201225159916646,72.0,2745.0,24000000.0,0.1666666666666666,bytes_per_j_opt,logical_gb_per_j,clear_leader
5060ti,RTX 5060 Ti,GPU,GPU board NVML,3,2000000,gpu_resident,-1,1.4329471693246788e-05,0.0021713880410953,0.0021713880410953,151.5329386824527,3.1114843469929694e-08,279.14497377353587,1.8421396472195288,1674.8698426412157,11.052837883317173,73.0,2745.0,24000000.0,0.1666666666666666,bytes_per_j_opt,logical_gb_per_j,clear_leader
5060ti,RTX 5060 Ti,GPU,GPU board NVML,4,2000000,gpu_resident,-1,1.4329228101849862e-05,0.0021629841379013,0.0021629841379013,150.89656707086343,3.0993893092670806e-08,279.1497191313195,1.8492969642769177,1674.8983147879173,11.095781785661506,73.0,2745.0,24000000.0,0.1666666666666666,bytes_per_j_opt,logical_gb_per_j,clear_leader
5060ti,RTX 5060 Ti,GPU,GPU board NVML,5,2000000,gpu_resident,-1,1.4329084812792848e-05,0.0021483758185387,0.0021483758185387,149.9313507551417,3.078425931359429e-08,279.15251059361754,1.8618716359974454,1674.9150635617052,11.17122981598467,71.5,2745.0,24000000.0,0.1666666666666666,bytes_per_j_opt,logical_gb_per_j,clear_leader
5060ti,RTX 5060 Ti,GPU,GPU board NVML,1,4000000,gpu_resident,-1,9.577781501340484e-05,0.0104092301800076,0.0104092301800076,108.65600512577817,9.969733226127186e-07,83.52664966182762,0.7685486689846798,501.1598979709657,4.611292013908079,56.0,2782.0,48000000.0,0.1666666666666666,runtime_opt,runtime_s,clear_leader
5060ti,RTX 5060 Ti,GPU,GPU board NVML,2,4000000,gpu_resident,-1,9.548744630071598e-05,0.0104462052505966,0.0104462052505966,109.3987289840214,9.974814629126001e-07,83.78064667061909,0.7658283374762435,502.6838800237146,4.594970024857461,58.0,2790.0,48000000.0,0.1666666666666666,runtime_opt,runtime_s,clear_leader
5060ti,RTX 5060 Ti,GPU,GPU board NVML,3,4000000,gpu_resident,-1,9.549694569056028e-05,0.0104232127517419,0.0104232127517419,109.15074077040724,9.953849820742517e-07,83.77231273890666,0.7675176733452995,502.6338764334399,4.605106040071797,57.0,2782.0,48000000.0,0.1666666666666666,runtime_opt,runtime_s,clear_leader
5060ti,RTX 5060 Ti,GPU,GPU board NVML,4,4000000,gpu_resident,-1,9.559780324737344e-05,0.0105152817574021,0.0105152817574021,110.00808917732022,1.0052378365348212e-06,83.68393130644245,0.7607974930741633,502.10358783865473,4.56478495844498,58.0,2782.0,48000000.0,0.1666666666666666,runtime_opt,runtime_s,clear_leader
5060ti,RTX 5060 Ti,GPU,GPU board NVML,5,4000000,gpu_resident,-1,9.55852901870943e-05,0.0104175735013363,0.0104175735013363,109.01094443153588,9.957667861706143e-07,83.69488636108301,0.7679331467134656,502.16931816649804,4.6075988802807935,57.0,2782.0,48000000.0,0.1666666666666666,runtime_opt,runtime_s,clear_leader
5060ti,RTX 5060 Ti,GPU,GPU board NVML,1,4000000,gpu_resident,-1,9.577781501340484e-05,0.0104092301800076,0.0104092301800076,108.65600512577817,9.969733226127186e-07,83.52664966182762,0.7685486689846798,501.1598979709657,4.611292013908079,56.0,2782.0,48000000.0,0.1666666666666666,energy_opt,energy_j,clear_leader
5060ti,RTX 5060 Ti,GPU,GPU board NVML,2,4000000,gpu_resident,-1,9.548744630071598e-05,0.0104462052505966,0.0104462052505966,109.3987289840214,9.974814629126001e-07,83.78064667061909,0.7658283374762435,502.6838800237146,4.594970024857461,58.0,2790.0,48000000.0,0.1666666666666666,energy_opt,energy_j,clear_leader
5060ti,RTX 5060 Ti,GPU,GPU board NVML,3,4000000,gpu_resident,-1,9.549694569056028e-05,0.0104232127517419,0.0104232127517419,109.15074077040724,9.953849820742517e-07,83.77231273890666,0.7675176733452995,502.6338764334399,4.605106040071797,57.0,2782.0,48000000.0,0.1666666666666666,energy_opt,energy_j,clear_leader
5060ti,RTX 5060 Ti,GPU,GPU board NVML,4,4000000,gpu_resident,-1,9.559780324737344e-05,0.0105152817574021,0.0105152817574021,110.00808917732022,1.0052378365348212e-06,83.68393130644245,0.7607974930741633,502.10358783865473,4.56478495844498,58.0,2782.0,48000000.0,0.1666666666666666,energy_opt,energy_j,clear_leader
5060ti,RTX 5060 Ti,GPU,GPU board NVML,5,4000000,gpu_resident,-1,9.55852901870943e-05,0.0104175735013363,0.0104175735013363,109.01094443153588,9.957667861706143e-07,83.69488636108301,0.7679331467134656,502.16931816649804,4.6075988802807935,57.0,2782.0,48000000.0,0.1666666666666666,energy_opt,energy_j,clear_leader
5060ti,RTX 5060 Ti,GPU,GPU board NVML,1,4000000,gpu_resident,-1,9.577781501340484e-05,0.0104092301800076,0.0104092301800076,108.65600512577817,9.969733226127186e-07,83.52664966182762,0.7685486689846798,501.1598979709657,4.611292013908079,56.0,2782.0,48000000.0,0.1666666666666666,edp_opt,edp_j_s,clear_leader
5060ti,RTX 5060 Ti,GPU,GPU board NVML,2,4000000,gpu_resident,-1,9.548744630071598e-05,0.0104462052505966,0.0104462052505966,109.3987289840214,9.974814629126001e-07,83.78064667061909,0.7658283374762435,502.6838800237146,4.594970024857461,58.0,2790.0,48000000.0,0.1666666666666666,edp_opt,edp_j_s,clear_leader
5060ti,RTX 5060 Ti,GPU,GPU board NVML,3,4000000,gpu_resident,-1,9.549694569056028e-05,0.0104232127517419,0.0104232127517419,109.15074077040724,9.953849820742517e-07,83.77231273890666,0.7675176733452995,502.6338764334399,4.605106040071797,57.0,2782.0,48000000.0,0.1666666666666666,edp_opt,edp_j_s,clear_leader
5060ti,RTX 5060 Ti,GPU,GPU board NVML,4,4000000,gpu_resident,-1,9.559780324737344e-05,0.0105152817574021,0.0105152817574021,110.00808917732022,1.0052378365348212e-06,83.68393130644245,0.7607974930741633,502.10358783865473,4.56478495844498,58.0,2782.0,48000000.0,0.1666666666666666,edp_opt,edp_j_s,clear_leader
5060ti,RTX 5060 Ti,GPU,GPU board NVML,5,4000000,gpu_resident,-1,9.55852901870943e-05,0.0104175735013363,0.0104175735013363,109.01094443153588,9.957667861706143e-07,83.69488636108301,0.7679331467134656,502.16931816649804,4.6075988802807935,57.0,2782.0,48000000.0,0.1666666666666666,edp_opt,edp_j_s,clear_leader
5060ti,RTX 5060 Ti,GPU,GPU board NVML,1,4000000,gpu_resident,-1,9.577781501340484e-05,0.0104092301800076,0.0104092301800076,108.65600512577817,9.969733226127186e-07,83.52664966182762,0.7685486689846798,501.1598979709657,4.611292013908079,56.0,2782.0,48000000.0,0.1666666666666666,bandwidth_opt,logical_bandwidth_gb_s,clear_leader
5060ti,RTX 5060 Ti,GPU,GPU board NVML,2,4000000,gpu_resident,-1,9.548744630071598e-05,0.0104462052505966,0.0104462052505966,109.3987289840214,9.974814629126001e-07,83.78064667061909,0.7658283374762435,502.6838800237146,4.594970024857461,58.0,2790.0,48000000.0,0.1666666666666666,bandwidth_opt,logical_bandwidth_gb_s,clear_leader
5060ti,RTX 5060 Ti,GPU,GPU board NVML,3,4000000,gpu_resident,-1,9.549694569056028e-05,0.0104232127517419,0.0104232127517419,109.15074077040724,9.953849820742517e-07,83.77231273890666,0.7675176733452995,502.6338764334399,4.605106040071797,57.0,2782.0,48000000.0,0.1666666666666666,bandwidth_opt,logical_bandwidth_gb_s,clear_leader
5060ti,RTX 5060 Ti,GPU,GPU board NVML,4,4000000,gpu_resident,-1,9.559780324737344e-05,0.0105152817574021,0.0105152817574021,110.00808917732022,1.0052378365348212e-06,83.68393130644245,0.7607974930741633,502.10358783865473,4.56478495844498,58.0,2782.0,48000000.0,0.1666666666666666,bandwidth_opt,logical_bandwidth_gb_s,clear_leader
5060ti,RTX 5060 Ti,GPU,GPU board NVML,5,4000000,gpu_resident,-1,9.55852901870943e-05,0.0104175735013363,0.0104175735013363,109.01094443153588,9.957667861706143e-07,83.69488636108301,0.7679331467134656,502.16931816649804,4.6075988802807935,57.0,2782.0,48000000.0,0.1666666666666666,bandwidth_opt,logical_bandwidth_gb_s,clear_leader
5060ti,RTX 5060 Ti,GPU,GPU board NVML,1,4000000,gpu_resident,-1,9.577781501340484e-05,0.0104092301800076,0.0104092301800076,108.65600512577817,9.969733226127186e-07,83.52664966182762,0.7685486689846798,501.1598979709657,4.611292013908079,56.0,2782.0,48000000.0,0.1666666666666666,bytes_per_j_opt,logical_gb_per_j,clear_leader
5060ti,RTX 5060 Ti,GPU,GPU board NVML,2,4000000,gpu_resident,-1,9.548744630071598e-05,0.0104462052505966,0.0104462052505966,109.3987289840214,9.974814629126001e-07,83.78064667061909,0.7658283374762435,502.6838800237146,4.594970024857461,58.0,2790.0,48000000.0,0.1666666666666666,bytes_per_j_opt,logical_gb_per_j,clear_leader
5060ti,RTX 5060 Ti,GPU,GPU board NVML,3,4000000,gpu_resident,-1,9.549694569056028e-05,0.0104232127517419,0.0104232127517419,109.15074077040724,9.953849820742517e-07,83.77231273890666,0.7675176733452995,502.6338764334399,4.605106040071797,57.0,2782.0,48000000.0,0.1666666666666666,bytes_per_j_opt,logical_gb_per_j,clear_leader
5060ti,RTX 5060 Ti,GPU,GPU board NVML,4,4000000,gpu_resident,-1,9.559780324737344e-05,0.0105152817574021,0.0105152817574021,110.00808917732022,1.0052378365348212e-06,83.68393130644245,0.7607974930741633,502.10358783865473,4.56478495844498,58.0,2782.0,48000000.0,0.1666666666666666,bytes_per_j_opt,logical_gb_per_j,clear_leader
5060ti,RTX 5060 Ti,GPU,GPU board NVML,5,4000000,gpu_resident,-1,9.55852901870943e-05,0.0104175735013363,0.0104175735013363,109.01094443153588,9.957667861706143e-07,83.69488636108301,0.7679331467134656,502.16931816649804,4.6075988802807935,57.0,2782.0,48000000.0,0.1666666666666666,bytes_per_j_opt,logical_gb_per_j,clear_leader
5060ti,RTX 5060 Ti,GPU,GPU board NVML,1,8000000,gpu_resident,-1,0.0002429059995142,0.0245104444984211,0.0245104444984211,100.90622096642456,5.953734019426302e-06,65.86910175952512,0.6527829391682668,395.21461055715076,3.9166976350096006,55.0,2790.0,96000000.0,0.1666666666666666,runtime_opt,runtime_s,clear_leader
5060ti,RTX 5060 Ti,GPU,GPU board NVML,2,8000000,gpu_resident,-1,0.0002428610235265,0.0244504001940334,0.0244504001940334,100.69840449525032,5.938049216755486e-06,65.88130020894089,0.654386017121489,395.2878012536453,3.926316102728934,55.0,2782.0,96000000.0,0.1666666666666666,runtime_opt,runtime_s,clear_leader
5060ti,RTX 5060 Ti,GPU,GPU board NVML,3,8000000,gpu_resident,-1,0.0002427168163067,0.024787915554477,0.024787915554477,102.09077214020456,6.016443946261985e-06,65.92044277551086,0.6454758152147329,395.5226566530652,3.872854891288398,57.0,2790.0,96000000.0,0.1666666666666666,runtime_opt,runtime_s,clear_leader
5060ti,RTX 5060 Ti,GPU,GPU board NVML,4,8000000,gpu_resident,-1,0.0002426877729257,0.0246636341581756,0.0246636341581756,101.58502777795654,5.9855624461018585e-06,65.92833172892676,0.6487284030158328,395.56999037356053,3.8923704180949965,56.0,2790.0,96000000.0,0.1666666666666666,runtime_opt,runtime_s,clear_leader
5060ti,RTX 5060 Ti,GPU,GPU board NVML,5,8000000,gpu_resident,-1,0.0002428559980573,0.0248203011170471,0.0248203011170471,102.19891157121666,6.027758999863191e-06,65.8826635042587,0.644633597495353,395.2959810255522,3.867801584972118,57.0,2790.0,96000000.0,0.1666666666666666,runtime_opt,runtime_s,clear_leader
5060ti,RTX 5060 Ti,GPU,GPU board NVML,1,8000000,gpu_resident,-1,0.0002429059995142,0.0245104444984211,0.0245104444984211,100.90622096642456,5.953734019426302e-06,65.86910175952512,0.6527829391682668,395.21461055715076,3.9166976350096006,55.0,2790.0,96000000.0,0.1666666666666666,energy_opt,energy_j,clear_leader
5060ti,RTX 5060 Ti,GPU,GPU board NVML,2,8000000,gpu_resident,-1,0.0002428610235265,0.0244504001940334,0.0244504001940334,100.69840449525032,5.938049216755486e-06,65.88130020894089,0.654386017121489,395.2878012536453,3.926316102728934,55.0,2782.0,96000000.0,0.1666666666666666,energy_opt,energy_j,clear_leader
5060ti,RTX 5060 Ti,GPU,GPU board NVML,3,8000000,gpu_resident,-1,0.0002427168163067,0.024787915554477,0.024787915554477,102.09077214020456,6.016443946261985e-06,65.92044277551086,0.6454758152147329,395.5226566530652,3.872854891288398,57.0,2790.0,96000000.0,0.1666666666666666,energy_opt,energy_j,clear_leader
5060ti,RTX 5060 Ti,GPU,GPU board NVML,4,8000000,gpu_resident,-1,0.0002426877729257,0.0246636341581756,0.0246636341581756,101.58502777795654,5.9855624461018585e-06,65.92833172892676,0.6487284030158328,395.56999037356053,3.8923704180949965,56.0,2790.0,96000000.0,0.1666666666666666,energy_opt,energy_j,clear_leader
5060ti,RTX 5060 Ti,GPU,GPU board NVML,5,8000000,gpu_resident,-1,0.0002428559980573,0.0248203011170471,0.0248203011170471,102.19891157121666,6.027758999863191e-06,65.8826635042587,0.644633597495353,395.2959810255522,3.867801584972118,57.0,2790.0,96000000.0,0.1666666666666666,energy_opt,energy_j,clear_leader
5060ti,RTX 5060 Ti,GPU,GPU board NVML,1,8000000,gpu_resident,-1,0.0002429059995142,0.0245104444984211,0.0245104444984211,100.90622096642456,5.953734019426302e-06,65.86910175952512,0.6527829391682668,395.21461055715076,3.9166976350096006,55.0,2790.0,96000000.0,0.1666666666666666,edp_opt,edp_j_s,clear_leader
5060ti,RTX 5060 Ti,GPU,GPU board NVML,2,8000000,gpu_resident,-1,0.0002428610235265,0.0244504001940334,0.0244504001940334,100.69840449525032,5.938049216755486e-06,65.88130020894089,0.654386017121489,395.2878012536453,3.926316102728934,55.0,2782.0,96000000.0,0.1666666666666666,edp_opt,edp_j_s,clear_leader
5060ti,RTX 5060 Ti,GPU,GPU board NVML,3,8000000,gpu_resident,-1,0.0002427168163067,0.024787915554477,0.024787915554477,102.09077214020456,6.016443946261985e-06,65.92044277551086,0.6454758152147329,395.5226566530652,3.872854891288398,57.0,2790.0,96000000.0,0.1666666666666666,edp_opt,edp_j_s,clear_leader
5060ti,RTX 5060 Ti,GPU,GPU board NVML,4,8000000,gpu_resident,-1,0.0002426877729257,0.0246636341581756,0.0246636341581756,101.58502777795654,5.9855624461018585e-06,65.92833172892676,0.6487284030158328,395.56999037356053,3.8923704180949965,56.0,2790.0,96000000.0,0.1666666666666666,edp_opt,edp_j_s,clear_leader
5060ti,RTX 5060 Ti,GPU,GPU board NVML,5,8000000,gpu_resident,-1,0.0002428559980573,0.0248203011170471,0.0248203011170471,102.19891157121666,6.027758999863191e-06,65.8826635042587,0.644633597495353,395.2959810255522,3.867801584972118,57.0,2790.0,96000000.0,0.1666666666666666,edp_opt,edp_j_s,clear_leader
5060ti,RTX 5060 Ti,GPU,GPU board NVML,1,8000000,gpu_resident,-1,0.0002429059995142,0.0245104444984211,0.0245104444984211,100.90622096642456,5.953734019426302e-06,65.86910175952512,0.6527829391682668,395.21461055715076,3.9166976350096006,55.0,2790.0,96000000.0,0.1666666666666666,bandwidth_opt,logical_bandwidth_gb_s,clear_leader
5060ti,RTX 5060 Ti,GPU,GPU board NVML,2,8000000,gpu_resident,-1,0.0002428610235265,0.0244504001940334,0.0244504001940334,100.69840449525032,5.938049216755486e-06,65.88130020894089,0.654386017121489,395.2878012536453,3.926316102728934,55.0,2782.0,96000000.0,0.1666666666666666,bandwidth_opt,logical_bandwidth_gb_s,clear_leader
5060ti,RTX 5060 Ti,GPU,GPU board NVML,3,8000000,gpu_resident,-1,0.0002427168163067,0.024787915554477,0.024787915554477,102.09077214020456,6.016443946261985e-06,65.92044277551086,0.6454758152147329,395.5226566530652,3.872854891288398,57.0,2790.0,96000000.0,0.1666666666666666,bandwidth_opt,logical_bandwidth_gb_s,clear_leader
5060ti,RTX 5060 Ti,GPU,GPU board NVML,4,8000000,gpu_resident,-1,0.0002426877729257,0.0246636341581756,0.0246636341581756,101.58502777795654,5.9855624461018585e-06,65.92833172892676,0.6487284030158328,395.56999037356053,3.8923704180949965,56.0,2790.0,96000000.0,0.1666666666666666,bandwidth_opt,logical_bandwidth_gb_s,clear_leader
5060ti,RTX 5060 Ti,GPU,GPU board NVML,5,8000000,gpu_resident,-1,0.0002428559980573,0.0248203011170471,0.0248203011170471,102.19891157121666,6.027758999863191e-06,65.8826635042587,0.644633597495353,395.2959810255522,3.867801584972118,57.0,2790.0,96000000.0,0.1666666666666666,bandwidth_opt,logical_bandwidth_gb_s,clear_leader
5060ti,RTX 5060 Ti,GPU,GPU board NVML,1,8000000,gpu_resident,-1,0.0002429059995142,0.0245104444984211,0.0245104444984211,100.90622096642456,5.953734019426302e-06,65.86910175952512,0.6527829391682668,395.21461055715076,3.9166976350096006,55.0,2790.0,96000000.0,0.1666666666666666,bytes_per_j_opt,logical_gb_per_j,clear_leader
5060ti,RTX 5060 Ti,GPU,GPU board NVML,2,8000000,gpu_resident,-1,0.0002428610235265,0.0244504001940334,0.0244504001940334,100.69840449525032,5.938049216755486e-06,65.88130020894089,0.654386017121489,395.2878012536453,3.926316102728934,55.0,2782.0,96000000.0,0.1666666666666666,bytes_per_j_opt,logical_gb_per_j,clear_leader
5060ti,RTX 5060 Ti,GPU,GPU board NVML,3,8000000,gpu_resident,-1,0.0002427168163067,0.024787915554477,0.024787915554477,102.09077214020456,6.016443946261985e-06,65.92044277551086,0.6454758152147329,395.5226566530652,3.872854891288398,57.0,2790.0,96000000.0,0.1666666666666666,bytes_per_j_opt,logical_gb_per_j,clear_leader
5060ti,RTX 5060 Ti,GPU,GPU board NVML,4,8000000,gpu_resident,-1,0.0002426877729257,0.0246636341581756,0.0246636341581756,101.58502777795654,5.9855624461018585e-06,65.92833172892676,0.6487284030158328,395.56999037356053,3.8923704180949965,56.0,2790.0,96000000.0,0.1666666666666666,bytes_per_j_opt,logical_gb_per_j,clear_leader
5060ti,RTX 5060 Ti,GPU,GPU board NVML,5,8000000,gpu_resident,-1,0.0002428559980573,0.0248203011170471,0.0248203011170471,102.19891157121666,6.027758999863191e-06,65.8826635042587,0.644633597495353,395.2959810255522,3.867801584972118,57.0,2790.0,96000000.0,0.1666666666666666,bytes_per_j_opt,logical_gb_per_j,clear_leader
5060ti,RTX 5060 Ti,GPU,GPU board NVML,1,16000000,gpu_resident,-1,0.0004848536112457,0.0489721279689772,0.0489721279689772,101.00258301468008,2.3744313096145142e-05,65.99930217655731,0.6534329082099785,395.99581305934385,3.920597449259871,55.0,2790.0,192000000.0,0.1666666666666666,runtime_opt,runtime_s,clear_leader
5060ti,RTX 5060 Ti,GPU,GPU board NVML,2,16000000,gpu_resident,-1,0.000484838826951,0.0494774600096946,0.0494774600096946,102.04995855201072,2.398859367161534e-05,66.00131470748333,0.646759150403637,396.00788824489996,3.8805549024218218,56.5,2790.0,192000000.0,0.1666666666666666,runtime_opt,runtime_s,clear_leader
5060ti,RTX 5060 Ti,GPU,GPU board NVML,3,16000000,gpu_resident,-1,0.0004848441589917,0.0493795443528841,0.0493795443528841,101.84637164740604,2.3941383653167442e-05,66.0005888625087,0.648041621674684,396.00353317505227,3.8882497300481043,56.0,2790.0,192000000.0,0.1666666666666666,runtime_opt,runtime_s,clear_leader
5060ti,RTX 5060 Ti,GPU,GPU board NVML,4,16000000,gpu_resident,-1,0.0004849182832201,0.0492696411251212,0.0492696411251212,101.5894306362236,2.389174978926421e-05,65.99050006426648,0.6494871744394359,395.94300038559885,3.8969230466366156,56.0,2790.0,192000000.0,0.1666666666666666,runtime_opt,runtime_s,clear_leader
5060ti,RTX 5060 Ti,GPU,GPU board NVML,5,16000000,gpu_resident,-1,0.0004848553078041,0.0495196316044595,0.0495196316044595,102.13551229941544,2.4009856223925846e-05,65.99907123823675,0.6462083614757391,395.99442742942045,3.877250168854435,56.5,2790.0,192000000.0,0.1666666666666666,runtime_opt,runtime_s,clear_leader
5060ti,RTX 5060 Ti,GPU,GPU board NVML,1,16000000,gpu_resident,-1,0.0004848536112457,0.0489721279689772,0.0489721279689772,101.00258301468008,2.3744313096145142e-05,65.99930217655731,0.6534329082099785,395.99581305934385,3.920597449259871,55.0,2790.0,192000000.0,0.1666666666666666,energy_opt,energy_j,clear_leader
5060ti,RTX 5060 Ti,GPU,GPU board NVML,2,16000000,gpu_resident,-1,0.000484838826951,0.0494774600096946,0.0494774600096946,102.04995855201072,2.398859367161534e-05,66.00131470748333,0.646759150403637,396.00788824489996,3.8805549024218218,56.5,2790.0,192000000.0,0.1666666666666666,energy_opt,energy_j,clear_leader
5060ti,RTX 5060 Ti,GPU,GPU board NVML,3,16000000,gpu_resident,-1,0.0004848441589917,0.0493795443528841,0.0493795443528841,101.84637164740604,2.3941383653167442e-05,66.0005888625087,0.648041621674684,396.00353317505227,3.8882497300481043,56.0,2790.0,192000000.0,0.1666666666666666,energy_opt,energy_j,clear_leader
5060ti,RTX 5060 Ti,GPU,GPU board NVML,4,16000000,gpu_resident,-1,0.0004849182832201,0.0492696411251212,0.0492696411251212,101.5894306362236,2.389174978926421e-05,65.99050006426648,0.6494871744394359,395.94300038559885,3.8969230466366156,56.0,2790.0,192000000.0,0.1666666666666666,energy_opt,energy_j,clear_leader
5060ti,RTX 5060 Ti,GPU,GPU board NVML,5,16000000,gpu_resident,-1,0.0004848553078041,0.0495196316044595,0.0495196316044595,102.13551229941544,2.4009856223925846e-05,65.99907123823675,0.6462083614757391,395.99442742942045,3.877250168854435,56.5,2790.0,192000000.0,0.1666666666666666,energy_opt,energy_j,clear_leader
5060ti,RTX 5060 Ti,GPU,GPU board NVML,1,16000000,gpu_resident,-1,0.0004848536112457,0.0489721279689772,0.0489721279689772,101.00258301468008,2.3744313096145142e-05,65.99930217655731,0.6534329082099785,395.99581305934385,3.920597449259871,55.0,2790.0,192000000.0,0.1666666666666666,edp_opt,edp_j_s,clear_leader
5060ti,RTX 5060 Ti,GPU,GPU board NVML,2,16000000,gpu_resident,-1,0.000484838826951,0.0494774600096946,0.0494774600096946,102.04995855201072,2.398859367161534e-05,66.00131470748333,0.646759150403637,396.00788824489996,3.8805549024218218,56.5,2790.0,192000000.0,0.1666666666666666,edp_opt,edp_j_s,clear_leader
5060ti,RTX 5060 Ti,GPU,GPU board NVML,3,16000000,gpu_resident,-1,0.0004848441589917,0.0493795443528841,0.0493795443528841,101.84637164740604,2.3941383653167442e-05,66.0005888625087,0.648041621674684,396.00353317505227,3.8882497300481043,56.0,2790.0,192000000.0,0.1666666666666666,edp_opt,edp_j_s,clear_leader
5060ti,RTX 5060 Ti,GPU,GPU board NVML,4,16000000,gpu_resident,-1,0.0004849182832201,0.0492696411251212,0.0492696411251212,101.5894306362236,2.389174978926421e-05,65.99050006426648,0.6494871744394359,395.94300038559885,3.8969230466366156,56.0,2790.0,192000000.0,0.1666666666666666,edp_opt,edp_j_s,clear_leader
5060ti,RTX 5060 Ti,GPU,GPU board NVML,5,16000000,gpu_resident,-1,0.0004848553078041,0.0495196316044595,0.0495196316044595,102.13551229941544,2.4009856223925846e-05,65.99907123823675,0.6462083614757391,395.99442742942045,3.877250168854435,56.5,2790.0,192000000.0,0.1666666666666666,edp_opt,edp_j_s,clear_leader
5060ti,RTX 5060 Ti,GPU,GPU board NVML,1,16000000,gpu_resident,-1,0.0004848536112457,0.0489721279689772,0.0489721279689772,101.00258301468008,2.3744313096145142e-05,65.99930217655731,0.6534329082099785,395.99581305934385,3.920597449259871,55.0,2790.0,192000000.0,0.1666666666666666,bandwidth_opt,logical_bandwidth_gb_s,clear_leader
5060ti,RTX 5060 Ti,GPU,GPU board NVML,2,16000000,gpu_resident,-1,0.000484838826951,0.0494774600096946,0.0494774600096946,102.04995855201072,2.398859367161534e-05,66.00131470748333,0.646759150403637,396.00788824489996,3.8805549024218218,56.5,2790.0,192000000.0,0.1666666666666666,bandwidth_opt,logical_bandwidth_gb_s,clear_leader
5060ti,RTX 5060 Ti,GPU,GPU board NVML,3,16000000,gpu_resident,-1,0.0004848441589917,0.0493795443528841,0.0493795443528841,101.84637164740604,2.3941383653167442e-05,66.0005888625087,0.648041621674684,396.00353317505227,3.8882497300481043,56.0,2790.0,192000000.0,0.1666666666666666,bandwidth_opt,logical_bandwidth_gb_s,clear_leader
5060ti,RTX 5060 Ti,GPU,GPU board NVML,4,16000000,gpu_resident,-1,0.0004849182832201,0.0492696411251212,0.0492696411251212,101.5894306362236,2.389174978926421e-05,65.99050006426648,0.6494871744394359,395.94300038559885,3.8969230466366156,56.0,2790.0,192000000.0,0.1666666666666666,bandwidth_opt,logical_bandwidth_gb_s,clear_leader
5060ti,RTX 5060 Ti,GPU,GPU board NVML,5,16000000,gpu_resident,-1,0.0004848553078041,0.0495196316044595,0.0495196316044595,102.13551229941544,2.4009856223925846e-05,65.99907123823675,0.6462083614757391,395.99442742942045,3.877250168854435,56.5,2790.0,192000000.0,0.1666666666666666,bandwidth_opt,logical_bandwidth_gb_s,clear_leader
5060ti,RTX 5060 Ti,GPU,GPU board NVML,1,16000000,gpu_resident,-1,0.0004848536112457,0.0489721279689772,0.0489721279689772,101.00258301468008,2.3744313096145142e-05,65.99930217655731,0.6534329082099785,395.99581305934385,3.920597449259871,55.0,2790.0,192000000.0,0.1666666666666666,bytes_per_j_opt,logical_gb_per_j,clear_leader
5060ti,RTX 5060 Ti,GPU,GPU board NVML,2,16000000,gpu_resident,-1,0.000484838826951,0.0494774600096946,0.0494774600096946,102.04995855201072,2.398859367161534e-05,66.00131470748333,0.646759150403637,396.00788824489996,3.8805549024218218,56.5,2790.0,192000000.0,0.1666666666666666,bytes_per_j_opt,logical_gb_per_j,clear_leader
5060ti,RTX 5060 Ti,GPU,GPU board NVML,3,16000000,gpu_resident,-1,0.0004848441589917,0.0493795443528841,0.0493795443528841,101.84637164740604,2.3941383653167442e-05,66.0005888625087,0.648041621674684,396.00353317505227,3.8882497300481043,56.0,2790.0,192000000.0,0.1666666666666666,bytes_per_j_opt,logical_gb_per_j,clear_leader
5060ti,RTX 5060 Ti,GPU,GPU board NVML,4,16000000,gpu_resident,-1,0.0004849182832201,0.0492696411251212,0.0492696411251212,101.5894306362236,2.389174978926421e-05,65.99050006426648,0.6494871744394359,395.94300038559885,3.8969230466366156,56.0,2790.0,192000000.0,0.1666666666666666,bytes_per_j_opt,logical_gb_per_j,clear_leader
5060ti,RTX 5060 Ti,GPU,GPU board NVML,5,16000000,gpu_resident,-1,0.0004848553078041,0.0495196316044595,0.0495196316044595,102.13551229941544,2.4009856223925846e-05,65.99907123823675,0.6462083614757391,395.99442742942045,3.877250168854435,56.5,2790.0,192000000.0,0.1666666666666666,bytes_per_j_opt,logical_gb_per_j,clear_leader
5060ti,RTX 5060 Ti,GPU,GPU board NVML,1,32000000,gpu_resident,-1,0.000970083899127,0.0970882638215324,0.0970882638215324,100.08288647923725,9.418376152746301e-05,65.9736751198479,0.6591939898899084,395.8420507190874,3.955163939339451,53.5,2790.0,384000000.0,0.1666666666666666,runtime_opt,runtime_s,clear_leader
5060ti,RTX 5060 Ti,GPU,GPU board NVML,2,32000000,gpu_resident,-1,0.0009704689621726,0.0977298739088263,0.0977298739088263,100.70416435866989,9.484380930555772e-05,65.94749805982714,0.6548662905234748,395.68498835896287,3.9291977431408487,55.0,2790.0,384000000.0,0.1666666666666666,runtime_opt,runtime_s,clear_leader
5060ti,RTX 5060 Ti,GPU,GPU board NVML,3,32000000,gpu_resident,-1,0.0009713820388349,0.0978553398058252,0.0978553398058252,100.73447387319968,9.505491949146443e-05,65.88550893607545,0.6540266492047904,395.3130536164527,3.9241598952287426,55.0,2790.0,384000000.0,0.1666666666666666,runtime_opt,runtime_s,clear_leader
5060ti,RTX 5060 Ti,GPU,GPU board NVML,4,32000000,gpu_resident,-1,0.0009704762366634,0.0982754607177497,0.0982754607177497,101.24430156642124,9.537399927372352e-05,65.94700373090924,0.65123072975267,395.68202238545547,3.9073843785160203,56.0,2790.0,384000000.0,0.1666666666666666,runtime_opt,runtime_s,clear_leader
5060ti,RTX 5060 Ti,GPU,GPU board NVML,5,32000000,gpu_resident,-1,0.0009692320736434,0.097985465116279,0.097985465116279,101.09163299838364,9.497065554156411e-05,66.03165716485243,0.6531580977245087,396.1899429891146,3.9189485863470526,55.0,2790.0,384000000.0,0.1666666666666666,runtime_opt,runtime_s,clear_leader
5060ti,RTX 5060 Ti,GPU,GPU board NVML,1,32000000,gpu_resident,-1,0.000970083899127,0.0970882638215324,0.0970882638215324,100.08288647923725,9.418376152746301e-05,65.9736751198479,0.6591939898899084,395.8420507190874,3.955163939339451,53.5,2790.0,384000000.0,0.1666666666666666,energy_opt,energy_j,clear_leader
5060ti,RTX 5060 Ti,GPU,GPU board NVML,2,32000000,gpu_resident,-1,0.0009704689621726,0.0977298739088263,0.0977298739088263,100.70416435866989,9.484380930555772e-05,65.94749805982714,0.6548662905234748,395.68498835896287,3.9291977431408487,55.0,2790.0,384000000.0,0.1666666666666666,energy_opt,energy_j,clear_leader
5060ti,RTX 5060 Ti,GPU,GPU board NVML,3,32000000,gpu_resident,-1,0.0009713820388349,0.0978553398058252,0.0978553398058252,100.73447387319968,9.505491949146443e-05,65.88550893607545,0.6540266492047904,395.3130536164527,3.9241598952287426,55.0,2790.0,384000000.0,0.1666666666666666,energy_opt,energy_j,clear_leader
5060ti,RTX 5060 Ti,GPU,GPU board NVML,4,32000000,gpu_resident,-1,0.0009704762366634,0.0982754607177497,0.0982754607177497,101.24430156642124,9.537399927372352e-05,65.94700373090924,0.65123072975267,395.68202238545547,3.9073843785160203,56.0,2790.0,384000000.0,0.1666666666666666,energy_opt,energy_j,clear_leader
5060ti,RTX 5060 Ti,GPU,GPU board NVML,5,32000000,gpu_resident,-1,0.0009692320736434,0.097985465116279,0.097985465116279,101.09163299838364,9.497065554156411e-05,66.03165716485243,0.6531580977245087,396.1899429891146,3.9189485863470526,55.0,2790.0,384000000.0,0.1666666666666666,energy_opt,energy_j,clear_leader
5060ti,RTX 5060 Ti,GPU,GPU board NVML,1,32000000,gpu_resident,-1,0.000970083899127,0.0970882638215324,0.0970882638215324,100.08288647923725,9.418376152746301e-05,65.9736751198479,0.6591939898899084,395.8420507190874,3.955163939339451,53.5,2790.0,384000000.0,0.1666666666666666,edp_opt,edp_j_s,clear_leader
5060ti,RTX 5060 Ti,GPU,GPU board NVML,2,32000000,gpu_resident,-1,0.0009704689621726,0.0977298739088263,0.0977298739088263,100.70416435866989,9.484380930555772e-05,65.94749805982714,0.6548662905234748,395.68498835896287,3.9291977431408487,55.0,2790.0,384000000.0,0.1666666666666666,edp_opt,edp_j_s,clear_leader
5060ti,RTX 5060 Ti,GPU,GPU board NVML,3,32000000,gpu_resident,-1,0.0009713820388349,0.0978553398058252,0.0978553398058252,100.73447387319968,9.505491949146443e-05,65.88550893607545,0.6540266492047904,395.3130536164527,3.9241598952287426,55.0,2790.0,384000000.0,0.1666666666666666,edp_opt,edp_j_s,clear_leader
5060ti,RTX 5060 Ti,GPU,GPU board NVML,4,32000000,gpu_resident,-1,0.0009704762366634,0.0982754607177497,0.0982754607177497,101.24430156642124,9.537399927372352e-05,65.94700373090924,0.65123072975267,395.68202238545547,3.9073843785160203,56.0,2790.0,384000000.0,0.1666666666666666,edp_opt,edp_j_s,clear_leader
5060ti,RTX 5060 Ti,GPU,GPU board NVML,5,32000000,gpu_resident,-1,0.0009692320736434,0.097985465116279,0.097985465116279,101.09163299838364,9.497065554156411e-05,66.03165716485243,0.6531580977245087,396.1899429891146,3.9189485863470526,55.0,2790.0,384000000.0,0.1666666666666666,edp_opt,edp_j_s,clear_leader
5060ti,RTX 5060 Ti,GPU,GPU board NVML,1,32000000,gpu_resident,-1,0.000970083899127,0.0970882638215324,0.0970882638215324,100.08288647923725,9.418376152746301e-05,65.9736751198479,0.6591939898899084,395.8420507190874,3.955163939339451,53.5,2790.0,384000000.0,0.1666666666666666,bandwidth_opt,logical_bandwidth_gb_s,clear_leader
5060ti,RTX 5060 Ti,GPU,GPU board NVML,2,32000000,gpu_resident,-1,0.0009704689621726,0.0977298739088263,0.0977298739088263,100.70416435866989,9.484380930555772e-05,65.94749805982714,0.6548662905234748,395.68498835896287,3.9291977431408487,55.0,2790.0,384000000.0,0.1666666666666666,bandwidth_opt,logical_bandwidth_gb_s,clear_leader
5060ti,RTX 5060 Ti,GPU,GPU board NVML,3,32000000,gpu_resident,-1,0.0009713820388349,0.0978553398058252,0.0978553398058252,100.73447387319968,9.505491949146443e-05,65.88550893607545,0.6540266492047904,395.3130536164527,3.9241598952287426,55.0,2790.0,384000000.0,0.1666666666666666,bandwidth_opt,logical_bandwidth_gb_s,clear_leader
5060ti,RTX 5060 Ti,GPU,GPU board NVML,4,32000000,gpu_resident,-1,0.0009704762366634,0.0982754607177497,0.0982754607177497,101.24430156642124,9.537399927372352e-05,65.94700373090924,0.65123072975267,395.68202238545547,3.9073843785160203,56.0,2790.0,384000000.0,0.1666666666666666,bandwidth_opt,logical_bandwidth_gb_s,clear_leader
5060ti,RTX 5060 Ti,GPU,GPU board NVML,5,32000000,gpu_resident,-1,0.0009692320736434,0.097985465116279,0.097985465116279,101.09163299838364,9.497065554156411e-05,66.03165716485243,0.6531580977245087,396.1899429891146,3.9189485863470526,55.0,2790.0,384000000.0,0.1666666666666666,bandwidth_opt,logical_bandwidth_gb_s,clear_leader
5060ti,RTX 5060 Ti,GPU,GPU board NVML,1,32000000,gpu_resident,-1,0.000970083899127,0.0970882638215324,0.0970882638215324,100.08288647923725,9.418376152746301e-05,65.9736751198479,0.6591939898899084,395.8420507190874,3.955163939339451,53.5,2790.0,384000000.0,0.1666666666666666,bytes_per_j_opt,logical_gb_per_j,clear_leader
5060ti,RTX 5060 Ti,GPU,GPU board NVML,2,32000000,gpu_resident,-1,0.0009704689621726,0.0977298739088263,0.0977298739088263,100.70416435866989,9.484380930555772e-05,65.94749805982714,0.6548662905234748,395.68498835896287,3.9291977431408487,55.0,2790.0,384000000.0,0.1666666666666666,bytes_per_j_opt,logical_gb_per_j,clear_leader
5060ti,RTX 5060 Ti,GPU,GPU board NVML,3,32000000,gpu_resident,-1,0.0009713820388349,0.0978553398058252,0.0978553398058252,100.73447387319968,9.505491949146443e-05,65.88550893607545,0.6540266492047904,395.3130536164527,3.9241598952287426,55.0,2790.0,384000000.0,0.1666666666666666,bytes_per_j_opt,logical_gb_per_j,clear_leader
5060ti,RTX 5060 Ti,GPU,GPU board NVML,4,32000000,gpu_resident,-1,0.0009704762366634,0.0982754607177497,0.0982754607177497,101.24430156642124,9.537399927372352e-05,65.94700373090924,0.65123072975267,395.68202238545547,3.9073843785160203,56.0,2790.0,384000000.0,0.1666666666666666,bytes_per_j_opt,logical_gb_per_j,clear_leader
5060ti,RTX 5060 Ti,GPU,GPU board NVML,5,32000000,gpu_resident,-1,0.0009692320736434,0.097985465116279,0.097985465116279,101.09163299838364,9.497065554156411e-05,66.03165716485243,0.6531580977245087,396.1899429891146,3.9189485863470526,55.0,2790.0,384000000.0,0.1666666666666666,bytes_per_j_opt,logical_gb_per_j,clear_leader
5060ti,RTX 5060 Ti,GPU,GPU board NVML,1,64000000,gpu_resident,-1,0.0019394835271317,0.1977422480620155,0.1977422480620155,101.8916918024456,0.0003835178327342694,65.99695135812732,0.6473072965159014,395.9817081487639,3.8838437790954083,56.0,2790.0,768000000.0,0.1666666666666666,runtime_opt,runtime_s,clear_leader
5060ti,RTX 5060 Ti,GPU,GPU board NVML,2,64000000,gpu_resident,-1,0.0019409815891472,0.1951065891472868,0.1951065891472868,100.53681036663907,0.00037869829745619055,65.94601448859633,0.656051651353365,395.6760869315781,3.9363099081201893,55.0,2790.0,768000000.0,0.1666666666666666,runtime_opt,runtime_s,clear_leader
5060ti,RTX 5060 Ti,GPU,GPU board NVML,3,64000000,gpu_resident,-1,0.0019405116279069,0.1960968992248062,0.1960968992248062,101.03495380272314,0.000380528313142224,65.96198557081826,0.6527385211392881,395.77191342490954,3.916431126835729,55.0,2790.0,768000000.0,0.1666666666666666,runtime_opt,runtime_s,clear_leader
5060ti,RTX 5060 Ti,GPU,GPU board NVML,4,64000000,gpu_resident,-1,0.0019404166666666,0.1964176356589147,0.1964176356589147,101.19541584205272,0.00038113205385980595,65.9652136568629,0.6516726442134552,395.79128194117743,3.910035865280731,56.0,2790.0,768000000.0,0.1666666666666666,runtime_opt,runtime_s,clear_leader
5060ti,RTX 5060 Ti,GPU,GPU board NVML,5,64000000,gpu_resident,-1,0.0019407868217054,0.1957567829457364,0.1957567829457364,100.85793282514284,0.0003799221846005296,65.95263249341542,0.6538726172031621,395.7157949604925,3.9232357032189733,55.0,2790.0,768000000.0,0.1666666666666666,runtime_opt,runtime_s,clear_leader
5060ti,RTX 5060 Ti,GPU,GPU board NVML,1,64000000,gpu_resident,-1,0.0019394835271317,0.1977422480620155,0.1977422480620155,101.8916918024456,0.0003835178327342694,65.99695135812732,0.6473072965159014,395.9817081487639,3.8838437790954083,56.0,2790.0,768000000.0,0.1666666666666666,energy_opt,energy_j,clear_leader
5060ti,RTX 5060 Ti,GPU,GPU board NVML,2,64000000,gpu_resident,-1,0.0019409815891472,0.1951065891472868,0.1951065891472868,100.53681036663907,0.00037869829745619055,65.94601448859633,0.656051651353365,395.6760869315781,3.9363099081201893,55.0,2790.0,768000000.0,0.1666666666666666,energy_opt,energy_j,clear_leader
5060ti,RTX 5060 Ti,GPU,GPU board NVML,3,64000000,gpu_resident,-1,0.0019405116279069,0.1960968992248062,0.1960968992248062,101.03495380272314,0.000380528313142224,65.96198557081826,0.6527385211392881,395.77191342490954,3.916431126835729,55.0,2790.0,768000000.0,0.1666666666666666,energy_opt,energy_j,clear_leader
5060ti,RTX 5060 Ti,GPU,GPU board NVML,4,64000000,gpu_resident,-1,0.0019404166666666,0.1964176356589147,0.1964176356589147,101.19541584205272,0.00038113205385980595,65.9652136568629,0.6516726442134552,395.79128194117743,3.910035865280731,56.0,2790.0,768000000.0,0.1666666666666666,energy_opt,energy_j,clear_leader
5060ti,RTX 5060 Ti,GPU,GPU board NVML,5,64000000,gpu_resident,-1,0.0019407868217054,0.1957567829457364,0.1957567829457364,100.85793282514284,0.0003799221846005296,65.95263249341542,0.6538726172031621,395.7157949604925,3.9232357032189733,55.0,2790.0,768000000.0,0.1666666666666666,energy_opt,energy_j,clear_leader
5060ti,RTX 5060 Ti,GPU,GPU board NVML,1,64000000,gpu_resident,-1,0.0019394835271317,0.1977422480620155,0.1977422480620155,101.8916918024456,0.0003835178327342694,65.99695135812732,0.6473072965159014,395.9817081487639,3.8838437790954083,56.0,2790.0,768000000.0,0.1666666666666666,edp_opt,edp_j_s,clear_leader
5060ti,RTX 5060 Ti,GPU,GPU board NVML,2,64000000,gpu_resident,-1,0.0019409815891472,0.1951065891472868,0.1951065891472868,100.53681036663907,0.00037869829745619055,65.94601448859633,0.656051651353365,395.6760869315781,3.9363099081201893,55.0,2790.0,768000000.0,0.1666666666666666,edp_opt,edp_j_s,clear_leader
5060ti,RTX 5060 Ti,GPU,GPU board NVML,3,64000000,gpu_resident,-1,0.0019405116279069,0.1960968992248062,0.1960968992248062,101.03495380272314,0.000380528313142224,65.96198557081826,0.6527385211392881,395.77191342490954,3.916431126835729,55.0,2790.0,768000000.0,0.1666666666666666,edp_opt,edp_j_s,clear_leader
5060ti,RTX 5060 Ti,GPU,GPU board NVML,4,64000000,gpu_resident,-1,0.0019404166666666,0.1964176356589147,0.1964176356589147,101.19541584205272,0.00038113205385980595,65.9652136568629,0.6516726442134552,395.79128194117743,3.910035865280731,56.0,2790.0,768000000.0,0.1666666666666666,edp_opt,edp_j_s,clear_leader
5060ti,RTX 5060 Ti,GPU,GPU board NVML,5,64000000,gpu_resident,-1,0.0019407868217054,0.1957567829457364,0.1957567829457364,100.85793282514284,0.0003799221846005296,65.95263249341542,0.6538726172031621,395.7157949604925,3.9232357032189733,55.0,2790.0,768000000.0,0.1666666666666666,edp_opt,edp_j_s,clear_leader
5060ti,RTX 5060 Ti,GPU,GPU board NVML,1,64000000,gpu_resident,-1,0.0019394835271317,0.1977422480620155,0.1977422480620155,101.8916918024456,0.0003835178327342694,65.99695135812732,0.6473072965159014,395.9817081487639,3.8838437790954083,56.0,2790.0,768000000.0,0.1666666666666666,bandwidth_opt,logical_bandwidth_gb_s,clear_leader
5060ti,RTX 5060 Ti,GPU,GPU board NVML,2,64000000,gpu_resident,-1,0.0019409815891472,0.1951065891472868,0.1951065891472868,100.53681036663907,0.00037869829745619055,65.94601448859633,0.656051651353365,395.6760869315781,3.9363099081201893,55.0,2790.0,768000000.0,0.1666666666666666,bandwidth_opt,logical_bandwidth_gb_s,clear_leader
5060ti,RTX 5060 Ti,GPU,GPU board NVML,3,64000000,gpu_resident,-1,0.0019405116279069,0.1960968992248062,0.1960968992248062,101.03495380272314,0.000380528313142224,65.96198557081826,0.6527385211392881,395.77191342490954,3.916431126835729,55.0,2790.0,768000000.0,0.1666666666666666,bandwidth_opt,logical_bandwidth_gb_s,clear_leader
5060ti,RTX 5060 Ti,GPU,GPU board NVML,4,64000000,gpu_resident,-1,0.0019404166666666,0.1964176356589147,0.1964176356589147,101.19541584205272,0.00038113205385980595,65.9652136568629,0.6516726442134552,395.79128194117743,3.910035865280731,56.0,2790.0,768000000.0,0.1666666666666666,bandwidth_opt,logical_bandwidth_gb_s,clear_leader
5060ti,RTX 5060 Ti,GPU,GPU board NVML,5,64000000,gpu_resident,-1,0.0019407868217054,0.1957567829457364,0.1957567829457364,100.85793282514284,0.0003799221846005296,65.95263249341542,0.6538726172031621,395.7157949604925,3.9232357032189733,55.0,2790.0,768000000.0,0.1666666666666666,bandwidth_opt,logical_bandwidth_gb_s,clear_leader
5060ti,RTX 5060 Ti,GPU,GPU board NVML,1,64000000,gpu_resident,-1,0.0019394835271317,0.1977422480620155,0.1977422480620155,101.8916918024456,0.0003835178327342694,65.99695135812732,0.6473072965159014,395.9817081487639,3.8838437790954083,56.0,2790.0,768000000.0,0.1666666666666666,bytes_per_j_opt,logical_gb_per_j,clear_leader
5060ti,RTX 5060 Ti,GPU,GPU board NVML,2,64000000,gpu_resident,-1,0.0019409815891472,0.1951065891472868,0.1951065891472868,100.53681036663907,0.00037869829745619055,65.94601448859633,0.656051651353365,395.6760869315781,3.9363099081201893,55.0,2790.0,768000000.0,0.1666666666666666,bytes_per_j_opt,logical_gb_per_j,clear_leader
5060ti,RTX 5060 Ti,GPU,GPU board NVML,3,64000000,gpu_resident,-1,0.0019405116279069,0.1960968992248062,0.1960968992248062,101.03495380272314,0.000380528313142224,65.96198557081826,0.6527385211392881,395.77191342490954,3.916431126835729,55.0,2790.0,768000000.0,0.1666666666666666,bytes_per_j_opt,logical_gb_per_j,clear_leader
5060ti,RTX 5060 Ti,GPU,GPU board NVML,4,64000000,gpu_resident,-1,0.0019404166666666,0.1964176356589147,0.1964176356589147,101.19541584205272,0.00038113205385980595,65.9652136568629,0.6516726442134552,395.79128194117743,3.910035865280731,56.0,2790.0,768000000.0,0.1666666666666666,bytes_per_j_opt,logical_gb_per_j,clear_leader
5060ti,RTX 5060 Ti,GPU,GPU board NVML,5,64000000,gpu_resident,-1,0.0019407868217054,0.1957567829457364,0.1957567829457364,100.85793282514284,0.0003799221846005296,65.95263249341542,0.6538726172031621,395.7157949604925,3.9232357032189733,55.0,2790.0,768000000.0,0.1666666666666666,bytes_per_j_opt,logical_gb_per_j,clear_leader
5060ti,RTX 5060 Ti,GPU,GPU board NVML,1,128000000,gpu_resident,-1,0.0038822480620155,0.3917674418604651,0.3917674418604651,100.91413228672027,0.0015209383919235606,65.94117529602052,0.6534488899442005,395.64705177612313,3.9206933396652026,55.0,2790.0,1536000000.0,0.1666666666666666,runtime_opt,runtime_s,clear_leader
5060ti,RTX 5060 Ti,GPU,GPU board NVML,2,128000000,gpu_resident,-1,0.0038817848837209,0.3903100775193798,0.3903100775193798,100.5491260754912,0.001515099758878661,65.94904346028835,0.655888778550149,395.6942607617301,3.9353326713008943,55.0,2790.0,1536000000.0,0.1666666666666666,runtime_opt,runtime_s,clear_leader
5060ti,RTX 5060 Ti,GPU,GPU board NVML,3,128000000,gpu_resident,-1,0.0038824748062015,0.394265503875969,0.394265503875969,101.54791695531917,0.0015307258857527894,65.93732420132892,0.6493086447667874,395.6239452079736,3.8958518686007246,56.0,2790.0,1536000000.0,0.1666666666666666,runtime_opt,runtime_s,clear_leader
5060ti,RTX 5060 Ti,GPU,GPU board NVML,4,128000000,gpu_resident,-1,0.0038822364341085,0.3972693798449612,0.3972693798449612,102.36810756662308,0.0015422936605897972,65.94137280018258,0.6443990223961052,395.6482368010954,3.8663941343766317,57.0,2790.0,1536000000.0,0.1666666666666666,runtime_opt,runtime_s,clear_leader
5060ti,RTX 5060 Ti,GPU,GPU board NVML,5,128000000,gpu_resident,-1,0.00388246124031,0.3926027131782945,0.3926027131782945,101.14146825348834,0.0015242648167552724,65.93755459605293,0.6520586623754216,395.62532757631755,3.9123519742525295,55.0,2790.0,1536000000.0,0.1666666666666666,runtime_opt,runtime_s,clear_leader
5060ti,RTX 5060 Ti,GPU,GPU board NVML,1,128000000,gpu_resident,-1,0.0038822480620155,0.3917674418604651,0.3917674418604651,100.91413228672027,0.0015209383919235606,65.94117529602052,0.6534488899442005,395.64705177612313,3.9206933396652026,55.0,2790.0,1536000000.0,0.1666666666666666,energy_opt,energy_j,clear_leader
5060ti,RTX 5060 Ti,GPU,GPU board NVML,2,128000000,gpu_resident,-1,0.0038817848837209,0.3903100775193798,0.3903100775193798,100.5491260754912,0.001515099758878661,65.94904346028835,0.655888778550149,395.6942607617301,3.9353326713008943,55.0,2790.0,1536000000.0,0.1666666666666666,energy_opt,energy_j,clear_leader
5060ti,RTX 5060 Ti,GPU,GPU board NVML,3,128000000,gpu_resident,-1,0.0038824748062015,0.394265503875969,0.394265503875969,101.54791695531917,0.0015307258857527894,65.93732420132892,0.6493086447667874,395.6239452079736,3.8958518686007246,56.0,2790.0,1536000000.0,0.1666666666666666,energy_opt,energy_j,clear_leader
5060ti,RTX 5060 Ti,GPU,GPU board NVML,4,128000000,gpu_resident,-1,0.0038822364341085,0.3972693798449612,0.3972693798449612,102.36810756662308,0.0015422936605897972,65.94137280018258,0.6443990223961052,395.6482368010954,3.8663941343766317,57.0,2790.0,1536000000.0,0.1666666666666666,energy_opt,energy_j,clear_leader
5060ti,RTX 5060 Ti,GPU,GPU board NVML,5,128000000,gpu_resident,-1,0.00388246124031,0.3926027131782945,0.3926027131782945,101.14146825348834,0.0015242648167552724,65.93755459605293,0.6520586623754216,395.62532757631755,3.9123519742525295,55.0,2790.0,1536000000.0,0.1666666666666666,energy_opt,energy_j,clear_leader
5060ti,RTX 5060 Ti,GPU,GPU board NVML,1,128000000,gpu_resident,-1,0.0038822480620155,0.3917674418604651,0.3917674418604651,100.91413228672027,0.0015209383919235606,65.94117529602052,0.6534488899442005,395.64705177612313,3.9206933396652026,55.0,2790.0,1536000000.0,0.1666666666666666,edp_opt,edp_j_s,clear_leader
5060ti,RTX 5060 Ti,GPU,GPU board NVML,2,128000000,gpu_resident,-1,0.0038817848837209,0.3903100775193798,0.3903100775193798,100.5491260754912,0.001515099758878661,65.94904346028835,0.655888778550149,395.6942607617301,3.9353326713008943,55.0,2790.0,1536000000.0,0.1666666666666666,edp_opt,edp_j_s,clear_leader
5060ti,RTX 5060 Ti,GPU,GPU board NVML,3,128000000,gpu_resident,-1,0.0038824748062015,0.394265503875969,0.394265503875969,101.54791695531917,0.0015307258857527894,65.93732420132892,0.6493086447667874,395.6239452079736,3.8958518686007246,56.0,2790.0,1536000000.0,0.1666666666666666,edp_opt,edp_j_s,clear_leader
5060ti,RTX 5060 Ti,GPU,GPU board NVML,4,128000000,gpu_resident,-1,0.0038822364341085,0.3972693798449612,0.3972693798449612,102.36810756662308,0.0015422936605897972,65.94137280018258,0.6443990223961052,395.6482368010954,3.8663941343766317,57.0,2790.0,1536000000.0,0.1666666666666666,edp_opt,edp_j_s,clear_leader
5060ti,RTX 5060 Ti,GPU,GPU board NVML,5,128000000,gpu_resident,-1,0.00388246124031,0.3926027131782945,0.3926027131782945,101.14146825348834,0.0015242648167552724,65.93755459605293,0.6520586623754216,395.62532757631755,3.9123519742525295,55.0,2790.0,1536000000.0,0.1666666666666666,edp_opt,edp_j_s,clear_leader
5060ti,RTX 5060 Ti,GPU,GPU board NVML,1,128000000,gpu_resident,-1,0.0038822480620155,0.3917674418604651,0.3917674418604651,100.91413228672027,0.0015209383919235606,65.94117529602052,0.6534488899442005,395.64705177612313,3.9206933396652026,55.0,2790.0,1536000000.0,0.1666666666666666,bandwidth_opt,logical_bandwidth_gb_s,clear_leader
5060ti,RTX 5060 Ti,GPU,GPU board NVML,2,128000000,gpu_resident,-1,0.0038817848837209,0.3903100775193798,0.3903100775193798,100.5491260754912,0.001515099758878661,65.94904346028835,0.655888778550149,395.6942607617301,3.9353326713008943,55.0,2790.0,1536000000.0,0.1666666666666666,bandwidth_opt,logical_bandwidth_gb_s,clear_leader
5060ti,RTX 5060 Ti,GPU,GPU board NVML,3,128000000,gpu_resident,-1,0.0038824748062015,0.394265503875969,0.394265503875969,101.54791695531917,0.0015307258857527894,65.93732420132892,0.6493086447667874,395.6239452079736,3.8958518686007246,56.0,2790.0,1536000000.0,0.1666666666666666,bandwidth_opt,logical_bandwidth_gb_s,clear_leader
5060ti,RTX 5060 Ti,GPU,GPU board NVML,4,128000000,gpu_resident,-1,0.0038822364341085,0.3972693798449612,0.3972693798449612,102.36810756662308,0.0015422936605897972,65.94137280018258,0.6443990223961052,395.6482368010954,3.8663941343766317,57.0,2790.0,1536000000.0,0.1666666666666666,bandwidth_opt,logical_bandwidth_gb_s,clear_leader
5060ti,RTX 5060 Ti,GPU,GPU board NVML,5,128000000,gpu_resident,-1,0.00388246124031,0.3926027131782945,0.3926027131782945,101.14146825348834,0.0015242648167552724,65.93755459605293,0.6520586623754216,395.62532757631755,3.9123519742525295,55.0,2790.0,1536000000.0,0.1666666666666666,bandwidth_opt,logical_bandwidth_gb_s,clear_leader
5060ti,RTX 5060 Ti,GPU,GPU board NVML,1,128000000,gpu_resident,-1,0.0038822480620155,0.3917674418604651,0.3917674418604651,100.91413228672027,0.0015209383919235606,65.94117529602052,0.6534488899442005,395.64705177612313,3.9206933396652026,55.0,2790.0,1536000000.0,0.1666666666666666,bytes_per_j_opt,logical_gb_per_j,clear_leader
5060ti,RTX 5060 Ti,GPU,GPU board NVML,2,128000000,gpu_resident,-1,0.0038817848837209,0.3903100775193798,0.3903100775193798,100.5491260754912,0.001515099758878661,65.94904346028835,0.655888778550149,395.6942607617301,3.9353326713008943,55.0,2790.0,1536000000.0,0.1666666666666666,bytes_per_j_opt,logical_gb_per_j,clear_leader
5060ti,RTX 5060 Ti,GPU,GPU board NVML,3,128000000,gpu_resident,-1,0.0038824748062015,0.394265503875969,0.394265503875969,101.54791695531917,0.0015307258857527894,65.93732420132892,0.6493086447667874,395.6239452079736,3.8958518686007246,56.0,2790.0,1536000000.0,0.1666666666666666,bytes_per_j_opt,logical_gb_per_j,clear_leader
5060ti,RTX 5060 Ti,GPU,GPU board NVML,4,128000000,gpu_resident,-1,0.0038822364341085,0.3972693798449612,0.3972693798449612,102.36810756662308,0.0015422936605897972,65.94137280018258,0.6443990223961052,395.6482368010954,3.8663941343766317,57.0,2790.0,1536000000.0,0.1666666666666666,bytes_per_j_opt,logical_gb_per_j,clear_leader
5060ti,RTX 5060 Ti,GPU,GPU board NVML,5,128000000,gpu_resident,-1,0.00388246124031,0.3926027131782945,0.3926027131782945,101.14146825348834,0.0015242648167552724,65.93755459605293,0.6520586623754216,395.62532757631755,3.9123519742525295,55.0,2790.0,1536000000.0,0.1666666666666666,bytes_per_j_opt,logical_gb_per_j,clear_leader
5060ti,RTX 5060 Ti,GPU,GPU board NVML,1,256000000,gpu_resident,-1,0.0077620465116279,0.7899728682170541,0.7899728682170541,101.76637473625264,0.006131806146024872,65.96198557081571,0.6481235249959523,395.7719134248943,3.8887411499757136,56.0,2790.0,3072000000.0,0.1666666666666666,runtime_opt,runtime_s,clear_leader
5060ti,RTX 5060 Ti,GPU,GPU board NVML,2,256000000,gpu_resident,-1,0.0077617945736434,0.7845620155038759,0.7845620155038759,101.06968068425056,0.006089609194624713,65.96412661301164,0.6525934086563876,395.78475967806986,3.9155604519383256,55.5,2790.0,3072000000.0,0.1666666666666666,runtime_opt,runtime_s,clear_leader
5060ti,RTX 5060 Ti,GPU,GPU board NVML,3,256000000,gpu_resident,-1,0.0077617015503875,0.7856279069767442,0.7856279069767442,101.21806094722388,0.006097809343609082,65.96491718680404,0.6517080101829377,395.7895031208243,3.910248061097626,55.0,2790.0,3072000000.0,0.1666666666666666,runtime_opt,runtime_s,clear_leader
5060ti,RTX 5060 Ti,GPU,GPU board NVML,4,256000000,gpu_resident,-1,0.0077745348837209,0.7856627906976743,0.7856627906976743,101.07869294507404,0.006108162773120581,65.856029673502,0.6516790741042225,395.13617804101204,3.910074444625335,55.0,2790.0,3072000000.0,0.1666666666666666,runtime_opt,runtime_s,clear_leader
5060ti,RTX 5060 Ti,GPU,GPU board NVML,5,256000000,gpu_resident,-1,0.0077660930232558,0.7849069767441861,0.7849069767441861,101.07778078134368,0.006095660595997826,65.92761617286847,0.6523065983230126,395.5656970372108,3.9138395899380756,56.0,2790.0,3072000000.0,0.1666666666666666,runtime_opt,runtime_s,clear_leader
5060ti,RTX 5060 Ti,GPU,GPU board NVML,1,256000000,gpu_resident,-1,0.0077620465116279,0.7899728682170541,0.7899728682170541,101.76637473625264,0.006131806146024872,65.96198557081571,0.6481235249959523,395.7719134248943,3.8887411499757136,56.0,2790.0,3072000000.0,0.1666666666666666,energy_opt,energy_j,clear_leader
5060ti,RTX 5060 Ti,GPU,GPU board NVML,2,256000000,gpu_resident,-1,0.0077617945736434,0.7845620155038759,0.7845620155038759,101.06968068425056,0.006089609194624713,65.96412661301164,0.6525934086563876,395.78475967806986,3.9155604519383256,55.5,2790.0,3072000000.0,0.1666666666666666,energy_opt,energy_j,clear_leader
5060ti,RTX 5060 Ti,GPU,GPU board NVML,3,256000000,gpu_resident,-1,0.0077617015503875,0.7856279069767442,0.7856279069767442,101.21806094722388,0.006097809343609082,65.96491718680404,0.6517080101829377,395.7895031208243,3.910248061097626,55.0,2790.0,3072000000.0,0.1666666666666666,energy_opt,energy_j,clear_leader
5060ti,RTX 5060 Ti,GPU,GPU board NVML,4,256000000,gpu_resident,-1,0.0077745348837209,0.7856627906976743,0.7856627906976743,101.07869294507404,0.006108162773120581,65.856029673502,0.6516790741042225,395.13617804101204,3.910074444625335,55.0,2790.0,3072000000.0,0.1666666666666666,energy_opt,energy_j,clear_leader
5060ti,RTX 5060 Ti,GPU,GPU board NVML,5,256000000,gpu_resident,-1,0.0077660930232558,0.7849069767441861,0.7849069767441861,101.07778078134368,0.006095660595997826,65.92761617286847,0.6523065983230126,395.5656970372108,3.9138395899380756,56.0,2790.0,3072000000.0,0.1666666666666666,energy_opt,energy_j,clear_leader
5060ti,RTX 5060 Ti,GPU,GPU board NVML,1,256000000,gpu_resident,-1,0.0077620465116279,0.7899728682170541,0.7899728682170541,101.76637473625264,0.006131806146024872,65.96198557081571,0.6481235249959523,395.7719134248943,3.8887411499757136,56.0,2790.0,3072000000.0,0.1666666666666666,edp_opt,edp_j_s,clear_leader
5060ti,RTX 5060 Ti,GPU,GPU board NVML,2,256000000,gpu_resident,-1,0.0077617945736434,0.7845620155038759,0.7845620155038759,101.06968068425056,0.006089609194624713,65.96412661301164,0.6525934086563876,395.78475967806986,3.9155604519383256,55.5,2790.0,3072000000.0,0.1666666666666666,edp_opt,edp_j_s,clear_leader
5060ti,RTX 5060 Ti,GPU,GPU board NVML,3,256000000,gpu_resident,-1,0.0077617015503875,0.7856279069767442,0.7856279069767442,101.21806094722388,0.006097809343609082,65.96491718680404,0.6517080101829377,395.7895031208243,3.910248061097626,55.0,2790.0,3072000000.0,0.1666666666666666,edp_opt,edp_j_s,clear_leader
5060ti,RTX 5060 Ti,GPU,GPU board NVML,4,256000000,gpu_resident,-1,0.0077745348837209,0.7856627906976743,0.7856627906976743,101.07869294507404,0.006108162773120581,65.856029673502,0.6516790741042225,395.13617804101204,3.910074444625335,55.0,2790.0,3072000000.0,0.1666666666666666,edp_opt,edp_j_s,clear_leader
5060ti,RTX 5060 Ti,GPU,GPU board NVML,5,256000000,gpu_resident,-1,0.0077660930232558,0.7849069767441861,0.7849069767441861,101.07778078134368,0.006095660595997826,65.92761617286847,0.6523065983230126,395.5656970372108,3.9138395899380756,56.0,2790.0,3072000000.0,0.1666666666666666,edp_opt,edp_j_s,clear_leader
5060ti,RTX 5060 Ti,GPU,GPU board NVML,1,256000000,gpu_resident,-1,0.0077620465116279,0.7899728682170541,0.7899728682170541,101.76637473625264,0.006131806146024872,65.96198557081571,0.6481235249959523,395.7719134248943,3.8887411499757136,56.0,2790.0,3072000000.0,0.1666666666666666,bandwidth_opt,logical_bandwidth_gb_s,clear_leader
5060ti,RTX 5060 Ti,GPU,GPU board NVML,2,256000000,gpu_resident,-1,0.0077617945736434,0.7845620155038759,0.7845620155038759,101.06968068425056,0.006089609194624713,65.96412661301164,0.6525934086563876,395.78475967806986,3.9155604519383256,55.5,2790.0,3072000000.0,0.1666666666666666,bandwidth_opt,logical_bandwidth_gb_s,clear_leader
5060ti,RTX 5060 Ti,GPU,GPU board NVML,3,256000000,gpu_resident,-1,0.0077617015503875,0.7856279069767442,0.7856279069767442,101.21806094722388,0.006097809343609082,65.96491718680404,0.6517080101829377,395.7895031208243,3.910248061097626,55.0,2790.0,3072000000.0,0.1666666666666666,bandwidth_opt,logical_bandwidth_gb_s,clear_leader
5060ti,RTX 5060 Ti,GPU,GPU board NVML,4,256000000,gpu_resident,-1,0.0077745348837209,0.7856627906976743,0.7856627906976743,101.07869294507404,0.006108162773120581,65.856029673502,0.6516790741042225,395.13617804101204,3.910074444625335,55.0,2790.0,3072000000.0,0.1666666666666666,bandwidth_opt,logical_bandwidth_gb_s,clear_leader
5060ti,RTX 5060 Ti,GPU,GPU board NVML,5,256000000,gpu_resident,-1,0.0077660930232558,0.7849069767441861,0.7849069767441861,101.07778078134368,0.006095660595997826,65.92761617286847,0.6523065983230126,395.5656970372108,3.9138395899380756,56.0,2790.0,3072000000.0,0.1666666666666666,bandwidth_opt,logical_bandwidth_gb_s,clear_leader
5060ti,RTX 5060 Ti,GPU,GPU board NVML,1,256000000,gpu_resident,-1,0.0077620465116279,0.7899728682170541,0.7899728682170541,101.76637473625264,0.006131806146024872,65.96198557081571,0.6481235249959523,395.7719134248943,3.8887411499757136,56.0,2790.0,3072000000.0,0.1666666666666666,bytes_per_j_opt,logical_gb_per_j,clear_leader
5060ti,RTX 5060 Ti,GPU,GPU board NVML,2,256000000,gpu_resident,-1,0.0077617945736434,0.7845620155038759,0.7845620155038759,101.06968068425056,0.006089609194624713,65.96412661301164,0.6525934086563876,395.78475967806986,3.9155604519383256,55.5,2790.0,3072000000.0,0.1666666666666666,bytes_per_j_opt,logical_gb_per_j,clear_leader
5060ti,RTX 5060 Ti,GPU,GPU board NVML,3,256000000,gpu_resident,-1,0.0077617015503875,0.7856279069767442,0.7856279069767442,101.21806094722388,0.006097809343609082,65.96491718680404,0.6517080101829377,395.7895031208243,3.910248061097626,55.0,2790.0,3072000000.0,0.1666666666666666,bytes_per_j_opt,logical_gb_per_j,clear_leader
5060ti,RTX 5060 Ti,GPU,GPU board NVML,4,256000000,gpu_resident,-1,0.0077745348837209,0.7856627906976743,0.7856627906976743,101.07869294507404,0.006108162773120581,65.856029673502,0.6516790741042225,395.13617804101204,3.910074444625335,55.0,2790.0,3072000000.0,0.1666666666666666,bytes_per_j_opt,logical_gb_per_j,clear_leader
5060ti,RTX 5060 Ti,GPU,GPU board NVML,5,256000000,gpu_resident,-1,0.0077660930232558,0.7849069767441861,0.7849069767441861,101.07778078134368,0.006095660595997826,65.92761617286847,0.6523065983230126,395.5656970372108,3.9138395899380756,56.0,2790.0,3072000000.0,0.1666666666666666,bytes_per_j_opt,logical_gb_per_j,clear_leader
AMD,AMD CPU,CPU,CPU package RAPL,1,1000000,16T,16,2.195927503477052e-05,0.0039100311087447,0.0039100311087447,178.10498912123174,8.58614485114336e-08,91.07768798529011,0.511504881771156,546.4661279117406,3.069029290626936,64.0,2610.0,12000000.0,0.1666666666666666,runtime_opt,runtime_s,tie_or_uncertain
AMD,AMD CPU,CPU,CPU package RAPL,2,1000000,16T,16,2.130687980829865e-05,0.0038340479673771,0.0038340479673771,180.1252863532187,8.16915992201556e-08,93.86639517349865,0.5216418826831253,563.1983710409918,3.1298512960987517,65.0,2458.0,12000000.0,0.1666666666666666,runtime_opt,runtime_s,tie_or_uncertain
AMD,AMD CPU,CPU,CPU package RAPL,3,1000000,16T,16,2.1910510621626327e-05,0.0039019110329966,0.0039019110329966,178.0957266678293,8.549286313311295e-08,91.28039207018482,0.5125693495025782,547.6823524211089,3.075416097015469,67.0,2500.5,12000000.0,0.1666666666666666,runtime_opt,runtime_s,tie_or_uncertain
AMD,AMD CPU,CPU,CPU package RAPL,4,1000000,16T,16,2.1991949890827288e-05,0.0039202104827859,0.0039202104827859,178.24501032846356,8.621307249892336e-08,90.9423679995828,0.5101766879054664,545.6542079974969,3.0610601274327984,68.0,2562.5,12000000.0,0.1666666666666666,runtime_opt,runtime_s,tie_or_uncertain
AMD,AMD CPU,CPU,CPU package RAPL,5,1000000,16T,16,2.187716349282089e-05,0.0039046152236151,0.0039046152236151,178.41479800631018,8.542190562358494e-08,91.41952980587776,0.5122143631218785,548.5171788352666,3.073286178731271,65.0,2538.0,12000000.0,0.1666666666666666,runtime_opt,runtime_s,tie_or_uncertain
AMD,AMD CPU,CPU,CPU package RAPL,1,1000000,10T,10,2.2384571912969763e-05,0.0038055064446714,0.0038055064446714,169.824636344706,8.518463267601684e-08,89.34725255304915,0.5255542275589805,536.0835153182949,3.1533253653538833,63.0,2312.5,12000000.0,0.1666666666666666,energy_opt,energy_j,tie_or_uncertain
AMD,AMD CPU,CPU,CPU package RAPL,2,1000000,10T,10,2.264302467186866e-05,0.0038193342316539,0.0038193342316539,168.73814916893295,8.648127923745179e-08,88.32742219659235,0.523651473972712,529.9645331795541,3.141908843836272,64.0,2284.0,12000000.0,0.1666666666666666,energy_opt,energy_j,tie_or_uncertain
AMD,AMD CPU,CPU,CPU package RAPL,3,1000000,10T,10,2.2895552764403508e-05,0.0038460212360151,0.0038460212360151,167.97832372401336,8.805678214220013e-08,87.35320874669895,0.5200179295089435,524.1192524801937,3.120107577053661,65.5,2444.5,12000000.0,0.1666666666666666,energy_opt,energy_j,tie_or_uncertain
AMD,AMD CPU,CPU,CPU package RAPL,4,1000000,10T,10,2.267500395221211e-05,0.0038283625872309,0.0038283625872309,168.782750899182,8.680813679596162e-08,88.20285121956442,0.5224165565379804,529.2171073173866,3.1344993392278817,63.5,2299.0,12000000.0,0.1666666666666666,energy_opt,energy_j,tie_or_uncertain
AMD,AMD CPU,CPU,CPU package RAPL,5,1000000,10T,10,2.263186245903847e-05,0.0038193172217982,0.0038193172217982,168.78879679199417,8.643826205117378e-08,88.37098597695223,0.5236538061267311,530.2259158617134,3.141922836760387,65.0,2270.0,12000000.0,0.1666666666666666,energy_opt,energy_j,tie_or_uncertain
AMD,AMD CPU,CPU,CPU package RAPL,1,1000000,16T,16,2.195927503477052e-05,0.0039100311087447,0.0039100311087447,178.10498912123174,8.58614485114336e-08,91.07768798529011,0.511504881771156,546.4661279117406,3.069029290626936,64.0,2610.0,12000000.0,0.1666666666666666,edp_opt,edp_j_s,tie_or_uncertain
AMD,AMD CPU,CPU,CPU package RAPL,2,1000000,16T,16,2.130687980829865e-05,0.0038340479673771,0.0038340479673771,180.1252863532187,8.16915992201556e-08,93.86639517349865,0.5216418826831253,563.1983710409918,3.1298512960987517,65.0,2458.0,12000000.0,0.1666666666666666,edp_opt,edp_j_s,tie_or_uncertain
AMD,AMD CPU,CPU,CPU package RAPL,3,1000000,16T,16,2.1910510621626327e-05,0.0039019110329966,0.0039019110329966,178.0957266678293,8.549286313311295e-08,91.28039207018482,0.5125693495025782,547.6823524211089,3.075416097015469,67.0,2500.5,12000000.0,0.1666666666666666,edp_opt,edp_j_s,tie_or_uncertain
AMD,AMD CPU,CPU,CPU package RAPL,4,1000000,16T,16,2.1991949890827288e-05,0.0039202104827859,0.0039202104827859,178.24501032846356,8.621307249892336e-08,90.9423679995828,0.5101766879054664,545.6542079974969,3.0610601274327984,68.0,2562.5,12000000.0,0.1666666666666666,edp_opt,edp_j_s,tie_or_uncertain
AMD,AMD CPU,CPU,CPU package RAPL,5,1000000,16T,16,2.187716349282089e-05,0.0039046152236151,0.0039046152236151,178.41479800631018,8.542190562358494e-08,91.41952980587776,0.5122143631218785,548.5171788352666,3.073286178731271,65.0,2538.0,12000000.0,0.1666666666666666,edp_opt,edp_j_s,tie_or_uncertain
AMD,AMD CPU,CPU,CPU package RAPL,1,1000000,16T,16,2.195927503477052e-05,0.0039100311087447,0.0039100311087447,178.10498912123174,8.58614485114336e-08,91.07768798529011,0.511504881771156,546.4661279117406,3.069029290626936,64.0,2610.0,12000000.0,0.1666666666666666,bandwidth_opt,logical_bandwidth_gb_s,tie_or_uncertain
AMD,AMD CPU,CPU,CPU package RAPL,2,1000000,16T,16,2.130687980829865e-05,0.0038340479673771,0.0038340479673771,180.1252863532187,8.16915992201556e-08,93.86639517349865,0.5216418826831253,563.1983710409918,3.1298512960987517,65.0,2458.0,12000000.0,0.1666666666666666,bandwidth_opt,logical_bandwidth_gb_s,tie_or_uncertain
AMD,AMD CPU,CPU,CPU package RAPL,3,1000000,16T,16,2.1910510621626327e-05,0.0039019110329966,0.0039019110329966,178.0957266678293,8.549286313311295e-08,91.28039207018482,0.5125693495025782,547.6823524211089,3.075416097015469,67.0,2500.5,12000000.0,0.1666666666666666,bandwidth_opt,logical_bandwidth_gb_s,tie_or_uncertain
AMD,AMD CPU,CPU,CPU package RAPL,4,1000000,16T,16,2.1991949890827288e-05,0.0039202104827859,0.0039202104827859,178.24501032846356,8.621307249892336e-08,90.9423679995828,0.5101766879054664,545.6542079974969,3.0610601274327984,68.0,2562.5,12000000.0,0.1666666666666666,bandwidth_opt,logical_bandwidth_gb_s,tie_or_uncertain
AMD,AMD CPU,CPU,CPU package RAPL,5,1000000,16T,16,2.187716349282089e-05,0.0039046152236151,0.0039046152236151,178.41479800631018,8.542190562358494e-08,91.41952980587776,0.5122143631218785,548.5171788352666,3.073286178731271,65.0,2538.0,12000000.0,0.1666666666666666,bandwidth_opt,logical_bandwidth_gb_s,tie_or_uncertain
AMD,AMD CPU,CPU,CPU package RAPL,1,1000000,10T,10,2.2384571912969763e-05,0.0038055064446714,0.0038055064446714,169.824636344706,8.518463267601684e-08,89.34725255304915,0.5255542275589805,536.0835153182949,3.1533253653538833,63.0,2312.5,12000000.0,0.1666666666666666,bytes_per_j_opt,logical_gb_per_j,tie_or_uncertain
AMD,AMD CPU,CPU,CPU package RAPL,2,1000000,10T,10,2.264302467186866e-05,0.0038193342316539,0.0038193342316539,168.73814916893295,8.648127923745179e-08,88.32742219659235,0.523651473972712,529.9645331795541,3.141908843836272,64.0,2284.0,12000000.0,0.1666666666666666,bytes_per_j_opt,logical_gb_per_j,tie_or_uncertain
AMD,AMD CPU,CPU,CPU package RAPL,3,1000000,10T,10,2.2895552764403508e-05,0.0038460212360151,0.0038460212360151,167.97832372401336,8.805678214220013e-08,87.35320874669895,0.5200179295089435,524.1192524801937,3.120107577053661,65.5,2444.5,12000000.0,0.1666666666666666,bytes_per_j_opt,logical_gb_per_j,tie_or_uncertain
AMD,AMD CPU,CPU,CPU package RAPL,4,1000000,10T,10,2.267500395221211e-05,0.0038283625872309,0.0038283625872309,168.782750899182,8.680813679596162e-08,88.20285121956442,0.5224165565379804,529.2171073173866,3.1344993392278817,63.5,2299.0,12000000.0,0.1666666666666666,bytes_per_j_opt,logical_gb_per_j,tie_or_uncertain
AMD,AMD CPU,CPU,CPU package RAPL,5,1000000,10T,10,2.263186245903847e-05,0.0038193172217982,0.0038193172217982,168.78879679199417,8.643826205117378e-08,88.37098597695223,0.5236538061267311,530.2259158617134,3.141922836760387,65.0,2270.0,12000000.0,0.1666666666666666,bytes_per_j_opt,logical_gb_per_j,tie_or_uncertain
AMD,AMD CPU,CPU,CPU package RAPL,1,2000000,20T,20,3.0295913825336064e-05,0.0068851726163981,0.0068851726163981,227.4739292826507,2.0859259625896048e-07,132.0310066585565,0.5809585645642904,792.186039951339,3.485751387385742,73.0,2706.5,24000000.0,0.1666666666666666,runtime_opt,runtime_s,tie_or_uncertain
AMD,AMD CPU,CPU,CPU package RAPL,2,2000000,20T,20,3.01567331193498e-05,0.0068710531523307,0.0068710531523307,227.59547872300263,2.0720851616370408e-07,132.64036207666788,0.5821523878975056,795.8421724600073,3.492914327385033,72.5,2738.0,24000000.0,0.1666666666666666,runtime_opt,runtime_s,tie_or_uncertain
AMD,AMD CPU,CPU,CPU package RAPL,3,2000000,20T,20,2.8657915371474976e-05,0.006684854378448,0.006684854378448,233.10257957285845,1.9157399104819674e-07,139.57749362263283,0.5983675594932955,837.464961735797,3.5902053569597725,73.0,2611.0,24000000.0,0.1666666666666666,runtime_opt,runtime_s,tie_or_uncertain
AMD,AMD CPU,CPU,CPU package RAPL,4,2000000,20T,20,3.0216950443982062e-05,0.0068752273979427,0.0068752273979427,227.58498867139448,2.077484055747423e-07,132.37603203590754,0.5817989381990384,794.2561922154451,3.49079362919423,72.0,2721.5,24000000.0,0.1666666666666666,runtime_opt,runtime_s,tie_or_uncertain
AMD,AMD CPU,CPU,CPU package RAPL,5,2000000,20T,20,2.9866082269671573e-05,0.0068340987354517,0.0068340987354517,228.93152490162703,2.0410775507205892e-07,133.93119204194795,0.5853002941339008,803.5871522516876,3.5118017648034052,74.0,2742.0,24000000.0,0.1666666666666666,runtime_opt,runtime_s,tie_or_uncertain
AMD,AMD CPU,CPU,CPU package RAPL,1,2000000,16T,16,2.7504384594787576e-05,0.0063241592734737,0.0063241592734737,228.635747790396,1.73942108896313e-07,145.4313579064063,0.6324951392002026,872.5881474384379,3.794970835201216,67.0,2391.0,24000000.0,0.1666666666666666,energy_opt,energy_j,tie_or_uncertain
AMD,AMD CPU,CPU,CPU package RAPL,2,2000000,16T,16,2.9344125146835517e-05,0.006585019554193,0.006585019554193,224.42228652480676,1.9323163789259842e-07,136.31348625949278,0.6074393503437673,817.8809175569567,3.644636102062604,70.5,2509.5,24000000.0,0.1666666666666666,energy_opt,energy_j,tie_or_uncertain
AMD,AMD CPU,CPU,CPU package RAPL,3,2000000,16T,16,3.0283297752475837e-05,0.0066708533772163,0.0066708533772163,220.34749300577403,2.0201543908535022e-07,132.08601099835556,0.5996234325373783,792.5160659901334,3.5977405952242694,73.0,2493.5,24000000.0,0.1666666666666666,energy_opt,energy_j,tie_or_uncertain
AMD,AMD CPU,CPU,CPU package RAPL,4,2000000,16T,16,3.059675011662261e-05,0.0067099912921785,0.0067099912921785,219.2630185200186,2.053039268514992e-07,130.73283877384347,0.596125959904389,784.3970326430609,3.5767557594263337,72.0,2612.0,24000000.0,0.1666666666666666,energy_opt,energy_j,tie_or_uncertain
AMD,AMD CPU,CPU,CPU package RAPL,5,2000000,16T,16,3.047070206204269e-05,0.0066851586442522,0.0066851586442522,219.32513329760428,2.0370147728649803e-07,131.27364088478927,0.5983403256165267,787.6418453087357,3.590041953699161,73.0,2523.0,24000000.0,0.1666666666666666,energy_opt,energy_j,tie_or_uncertain
AMD,AMD CPU,CPU,CPU package RAPL,1,2000000,16T,16,2.7504384594787576e-05,0.0063241592734737,0.0063241592734737,228.635747790396,1.73942108896313e-07,145.4313579064063,0.6324951392002026,872.5881474384379,3.794970835201216,67.0,2391.0,24000000.0,0.1666666666666666,edp_opt,edp_j_s,tie_or_uncertain
AMD,AMD CPU,CPU,CPU package RAPL,2,2000000,16T,16,2.9344125146835517e-05,0.006585019554193,0.006585019554193,224.42228652480676,1.9323163789259842e-07,136.31348625949278,0.6074393503437673,817.8809175569567,3.644636102062604,70.5,2509.5,24000000.0,0.1666666666666666,edp_opt,edp_j_s,tie_or_uncertain
AMD,AMD CPU,CPU,CPU package RAPL,3,2000000,16T,16,3.0283297752475837e-05,0.0066708533772163,0.0066708533772163,220.34749300577403,2.0201543908535022e-07,132.08601099835556,0.5996234325373783,792.5160659901334,3.5977405952242694,73.0,2493.5,24000000.0,0.1666666666666666,edp_opt,edp_j_s,tie_or_uncertain
AMD,AMD CPU,CPU,CPU package RAPL,4,2000000,16T,16,3.059675011662261e-05,0.0067099912921785,0.0067099912921785,219.2630185200186,2.053039268514992e-07,130.73283877384347,0.596125959904389,784.3970326430609,3.5767557594263337,72.0,2612.0,24000000.0,0.1666666666666666,edp_opt,edp_j_s,tie_or_uncertain
AMD,AMD CPU,CPU,CPU package RAPL,5,2000000,16T,16,3.047070206204269e-05,0.0066851586442522,0.0066851586442522,219.32513329760428,2.0370147728649803e-07,131.27364088478927,0.5983403256165267,787.6418453087357,3.590041953699161,73.0,2523.0,24000000.0,0.1666666666666666,edp_opt,edp_j_s,tie_or_uncertain
AMD,AMD CPU,CPU,CPU package RAPL,1,2000000,20T,20,3.0295913825336064e-05,0.0068851726163981,0.0068851726163981,227.4739292826507,2.0859259625896048e-07,132.0310066585565,0.5809585645642904,792.186039951339,3.485751387385742,73.0,2706.5,24000000.0,0.1666666666666666,bandwidth_opt,logical_bandwidth_gb_s,tie_or_uncertain
AMD,AMD CPU,CPU,CPU package RAPL,2,2000000,20T,20,3.01567331193498e-05,0.0068710531523307,0.0068710531523307,227.59547872300263,2.0720851616370408e-07,132.64036207666788,0.5821523878975056,795.8421724600073,3.492914327385033,72.5,2738.0,24000000.0,0.1666666666666666,bandwidth_opt,logical_bandwidth_gb_s,tie_or_uncertain
AMD,AMD CPU,CPU,CPU package RAPL,3,2000000,20T,20,2.8657915371474976e-05,0.006684854378448,0.006684854378448,233.10257957285845,1.9157399104819674e-07,139.57749362263283,0.5983675594932955,837.464961735797,3.5902053569597725,73.0,2611.0,24000000.0,0.1666666666666666,bandwidth_opt,logical_bandwidth_gb_s,tie_or_uncertain
AMD,AMD CPU,CPU,CPU package RAPL,4,2000000,20T,20,3.0216950443982062e-05,0.0068752273979427,0.0068752273979427,227.58498867139448,2.077484055747423e-07,132.37603203590754,0.5817989381990384,794.2561922154451,3.49079362919423,72.0,2721.5,24000000.0,0.1666666666666666,bandwidth_opt,logical_bandwidth_gb_s,tie_or_uncertain
AMD,AMD CPU,CPU,CPU package RAPL,5,2000000,20T,20,2.9866082269671573e-05,0.0068340987354517,0.0068340987354517,228.93152490162703,2.0410775507205892e-07,133.93119204194795,0.5853002941339008,803.5871522516876,3.5118017648034052,74.0,2742.0,24000000.0,0.1666666666666666,bandwidth_opt,logical_bandwidth_gb_s,tie_or_uncertain
AMD,AMD CPU,CPU,CPU package RAPL,1,2000000,16T,16,2.7504384594787576e-05,0.0063241592734737,0.0063241592734737,228.635747790396,1.73942108896313e-07,145.4313579064063,0.6324951392002026,872.5881474384379,3.794970835201216,67.0,2391.0,24000000.0,0.1666666666666666,bytes_per_j_opt,logical_gb_per_j,tie_or_uncertain
AMD,AMD CPU,CPU,CPU package RAPL,2,2000000,16T,16,2.9344125146835517e-05,0.006585019554193,0.006585019554193,224.42228652480676,1.9323163789259842e-07,136.31348625949278,0.6074393503437673,817.8809175569567,3.644636102062604,70.5,2509.5,24000000.0,0.1666666666666666,bytes_per_j_opt,logical_gb_per_j,tie_or_uncertain
AMD,AMD CPU,CPU,CPU package RAPL,3,2000000,16T,16,3.0283297752475837e-05,0.0066708533772163,0.0066708533772163,220.34749300577403,2.0201543908535022e-07,132.08601099835556,0.5996234325373783,792.5160659901334,3.5977405952242694,73.0,2493.5,24000000.0,0.1666666666666666,bytes_per_j_opt,logical_gb_per_j,tie_or_uncertain
AMD,AMD CPU,CPU,CPU package RAPL,4,2000000,16T,16,3.059675011662261e-05,0.0067099912921785,0.0067099912921785,219.2630185200186,2.053039268514992e-07,130.73283877384347,0.596125959904389,784.3970326430609,3.5767557594263337,72.0,2612.0,24000000.0,0.1666666666666666,bytes_per_j_opt,logical_gb_per_j,tie_or_uncertain
AMD,AMD CPU,CPU,CPU package RAPL,5,2000000,16T,16,3.047070206204269e-05,0.0066851586442522,0.0066851586442522,219.32513329760428,2.0370147728649803e-07,131.27364088478927,0.5983403256165267,787.6418453087357,3.590041953699161,73.0,2523.0,24000000.0,0.1666666666666666,bytes_per_j_opt,logical_gb_per_j,tie_or_uncertain
AMD,AMD CPU,CPU,CPU package RAPL,1,4000000,32T,32,4.327333956571623e-05,0.0118868718820379,0.0118868718820379,274.6147643114543,5.143846433255903e-07,184.87133371925117,0.6730113758598423,1109.2280023155072,4.038068255159054,65.5,3048.5,48000000.0,0.1666666666666666,runtime_opt,runtime_s,clear_leader
AMD,AMD CPU,CPU,CPU package RAPL,2,4000000,32T,32,2.2380667838312828e-05,0.0064221460017574,0.0064221460017574,286.8773902799211,1.4373191647448117e-07,357.45135300676895,1.2456895246247632,2144.708118040614,7.47413714774858,68.0,2878.0,48000000.0,0.1666666666666666,runtime_opt,runtime_s,clear_leader
AMD,AMD CPU,CPU,CPU package RAPL,3,4000000,32T,32,4.335681224017486e-05,0.0119399679852569,0.0119399679852569,275.1354402837597,5.176789500904823e-07,184.51541030470685,0.6700185469406744,1107.0924618282409,4.020111281644047,70.5,3035.5,48000000.0,0.1666666666666666,runtime_opt,runtime_s,clear_leader
AMD,AMD CPU,CPU,CPU package RAPL,4,4000000,32T,32,4.363393962683062e-05,0.011997759660134,0.011997759660134,275.14349087414104,5.235095206675108e-07,183.34351810581825,0.6667911532335737,1100.0611086349095,4.0007469194014424,70.0,3089.0,48000000.0,0.1666666666666666,runtime_opt,runtime_s,clear_leader
AMD,AMD CPU,CPU,CPU package RAPL,5,4000000,32T,32,4.310296529968454e-05,0.0117776749316508,0.0117776749316508,273.23356517051707,5.076527138899089e-07,185.60207968008527,0.6792512143887718,1113.6124780805114,4.0755072863326305,70.0,3132.5,48000000.0,0.1666666666666666,runtime_opt,runtime_s,clear_leader
AMD,AMD CPU,CPU,CPU package RAPL,1,4000000,16T,16,4.649324572688844e-05,0.0118554116430803,0.0118554116430803,255.15234441878872,5.511965667151467e-07,172.06800417836521,0.6747973196417346,1032.4080250701911,4.0487839178504075,76.0,2480.5,48000000.0,0.1666666666666666,energy_opt,energy_j,tie_or_uncertain
AMD,AMD CPU,CPU,CPU package RAPL,2,4000000,16T,16,4.626283553708044e-05,0.0118041833900853,0.0118041833900853,255.15995584829136,5.460949948250529e-07,172.92498194555898,0.6777258312268724,1037.549891673354,4.066354987361234,76.5,2619.0,48000000.0,0.1666666666666666,energy_opt,energy_j,tie_or_uncertain
AMD,AMD CPU,CPU,CPU package RAPL,3,4000000,16T,16,4.702981545024575e-05,0.0118555530232773,0.0118555530232773,252.12836799718707,5.575644707453345e-07,170.10485632169744,0.6747892725284707,1020.6291379301846,4.048735635170824,77.0,2546.0,48000000.0,0.1666666666666666,energy_opt,energy_j,tie_or_uncertain
AMD,AMD CPU,CPU,CPU package RAPL,4,4000000,16T,16,4.694924340883773e-05,0.0118766426383215,0.0118766426383215,252.9514552483131,5.575993861063368e-07,170.39678212352362,0.6735910344045363,1022.3806927411417,4.041546206427218,77.0,2678.0,48000000.0,0.1666666666666666,energy_opt,energy_j,tie_or_uncertain
AMD,AMD CPU,CPU,CPU package RAPL,5,4000000,16T,16,4.666662884632841e-05,0.0118531448216392,0.0118531448216392,254.02130643643653,5.531463100532161e-07,171.42871036053884,0.6749263693627646,1028.572262163233,4.049558216176588,77.5,2551.0,48000000.0,0.1666666666666666,energy_opt,energy_j,tie_or_uncertain
AMD,AMD CPU,CPU,CPU package RAPL,1,4000000,32T,32,4.327333956571623e-05,0.0118868718820379,0.0118868718820379,274.6147643114543,5.143846433255903e-07,184.87133371925117,0.6730113758598423,1109.2280023155072,4.038068255159054,65.5,3048.5,48000000.0,0.1666666666666666,edp_opt,edp_j_s,clear_leader
AMD,AMD CPU,CPU,CPU package RAPL,2,4000000,32T,32,2.2380667838312828e-05,0.0064221460017574,0.0064221460017574,286.8773902799211,1.4373191647448117e-07,357.45135300676895,1.2456895246247632,2144.708118040614,7.47413714774858,68.0,2878.0,48000000.0,0.1666666666666666,edp_opt,edp_j_s,clear_leader
AMD,AMD CPU,CPU,CPU package RAPL,3,4000000,32T,32,4.335681224017486e-05,0.0119399679852569,0.0119399679852569,275.1354402837597,5.176789500904823e-07,184.51541030470685,0.6700185469406744,1107.0924618282409,4.020111281644047,70.5,3035.5,48000000.0,0.1666666666666666,edp_opt,edp_j_s,clear_leader
AMD,AMD CPU,CPU,CPU package RAPL,4,4000000,32T,32,4.363393962683062e-05,0.011997759660134,0.011997759660134,275.14349087414104,5.235095206675108e-07,183.34351810581825,0.6667911532335737,1100.0611086349095,4.0007469194014424,70.0,3089.0,48000000.0,0.1666666666666666,edp_opt,edp_j_s,clear_leader
AMD,AMD CPU,CPU,CPU package RAPL,5,4000000,32T,32,4.310296529968454e-05,0.0117776749316508,0.0117776749316508,273.23356517051707,5.076527138899089e-07,185.60207968008527,0.6792512143887718,1113.6124780805114,4.0755072863326305,70.0,3132.5,48000000.0,0.1666666666666666,edp_opt,edp_j_s,clear_leader
AMD,AMD CPU,CPU,CPU package RAPL,1,4000000,32T,32,4.327333956571623e-05,0.0118868718820379,0.0118868718820379,274.6147643114543,5.143846433255903e-07,184.87133371925117,0.6730113758598423,1109.2280023155072,4.038068255159054,65.5,3048.5,48000000.0,0.1666666666666666,bandwidth_opt,logical_bandwidth_gb_s,clear_leader
AMD,AMD CPU,CPU,CPU package RAPL,2,4000000,32T,32,2.2380667838312828e-05,0.0064221460017574,0.0064221460017574,286.8773902799211,1.4373191647448117e-07,357.45135300676895,1.2456895246247632,2144.708118040614,7.47413714774858,68.0,2878.0,48000000.0,0.1666666666666666,bandwidth_opt,logical_bandwidth_gb_s,clear_leader
AMD,AMD CPU,CPU,CPU package RAPL,3,4000000,32T,32,4.335681224017486e-05,0.0119399679852569,0.0119399679852569,275.1354402837597,5.176789500904823e-07,184.51541030470685,0.6700185469406744,1107.0924618282409,4.020111281644047,70.5,3035.5,48000000.0,0.1666666666666666,bandwidth_opt,logical_bandwidth_gb_s,clear_leader
AMD,AMD CPU,CPU,CPU package RAPL,4,4000000,32T,32,4.363393962683062e-05,0.011997759660134,0.011997759660134,275.14349087414104,5.235095206675108e-07,183.34351810581825,0.6667911532335737,1100.0611086349095,4.0007469194014424,70.0,3089.0,48000000.0,0.1666666666666666,bandwidth_opt,logical_bandwidth_gb_s,clear_leader
AMD,AMD CPU,CPU,CPU package RAPL,5,4000000,32T,32,4.310296529968454e-05,0.0117776749316508,0.0117776749316508,273.23356517051707,5.076527138899089e-07,185.60207968008527,0.6792512143887718,1113.6124780805114,4.0755072863326305,70.0,3132.5,48000000.0,0.1666666666666666,bandwidth_opt,logical_bandwidth_gb_s,clear_leader
AMD,AMD CPU,CPU,CPU package RAPL,1,4000000,16T,16,4.649324572688844e-05,0.0118554116430803,0.0118554116430803,255.15234441878872,5.511965667151467e-07,172.06800417836521,0.6747973196417346,1032.4080250701911,4.0487839178504075,76.0,2480.5,48000000.0,0.1666666666666666,bytes_per_j_opt,logical_gb_per_j,tie_or_uncertain
AMD,AMD CPU,CPU,CPU package RAPL,2,4000000,16T,16,4.626283553708044e-05,0.0118041833900853,0.0118041833900853,255.15995584829136,5.460949948250529e-07,172.92498194555898,0.6777258312268724,1037.549891673354,4.066354987361234,76.5,2619.0,48000000.0,0.1666666666666666,bytes_per_j_opt,logical_gb_per_j,tie_or_uncertain
AMD,AMD CPU,CPU,CPU package RAPL,3,4000000,16T,16,4.702981545024575e-05,0.0118555530232773,0.0118555530232773,252.12836799718707,5.575644707453345e-07,170.10485632169744,0.6747892725284707,1020.6291379301846,4.048735635170824,77.0,2546.0,48000000.0,0.1666666666666666,bytes_per_j_opt,logical_gb_per_j,tie_or_uncertain
AMD,AMD CPU,CPU,CPU package RAPL,4,4000000,16T,16,4.694924340883773e-05,0.0118766426383215,0.0118766426383215,252.9514552483131,5.575993861063368e-07,170.39678212352362,0.6735910344045363,1022.3806927411417,4.041546206427218,77.0,2678.0,48000000.0,0.1666666666666666,bytes_per_j_opt,logical_gb_per_j,tie_or_uncertain
AMD,AMD CPU,CPU,CPU package RAPL,5,4000000,16T,16,4.666662884632841e-05,0.0118531448216392,0.0118531448216392,254.02130643643653,5.531463100532161e-07,171.42871036053884,0.6749263693627646,1028.572262163233,4.049558216176588,77.5,2551.0,48000000.0,0.1666666666666666,bytes_per_j_opt,logical_gb_per_j,tie_or_uncertain
AMD,AMD CPU,CPU,CPU package RAPL,1,8000000,32T,32,9.78706550474885e-05,0.0262394409086458,0.0262394409086458,268.08331880557864,2.568071269809031e-06,163.48107604099033,0.6097690898104486,980.8864562459419,3.6586145388626914,67.0,2991.5,96000000.0,0.1666666666666666,runtime_opt,runtime_s,clear_leader
AMD,AMD CPU,CPU,CPU package RAPL,2,8000000,32T,32,8.491523300484382e-05,0.023155995866043,0.023155995866043,272.86065478099056,1.966296784424242e-06,188.42320080647147,0.6909657478158011,1130.5392048388287,4.145794486894807,69.0,3058.0,96000000.0,0.1666666666666666,runtime_opt,runtime_s,clear_leader
AMD,AMD CPU,CPU,CPU package RAPL,3,8000000,32T,32,8.388368542663805e-05,0.0240616173460967,0.0240616173460967,286.71372260129306,2.0183771403161132e-06,190.74030806613857,0.664959456792107,1144.4418483968313,3.9897567407526418,71.0,3068.5,96000000.0,0.1666666666666666,runtime_opt,runtime_s,clear_leader
AMD,AMD CPU,CPU,CPU package RAPL,4,8000000,32T,32,7.815402567094517e-05,0.0224100192532088,0.0224100192532088,286.75458231267896,1.7514332200016563e-06,204.72393920391767,0.7139663656339351,1228.343635223506,4.2837981938036105,69.0,3109.0,96000000.0,0.1666666666666666,runtime_opt,runtime_s,clear_leader
AMD,AMD CPU,CPU,CPU package RAPL,5,8000000,32T,32,8.050767344355668e-05,0.0230674755557313,0.0230674755557313,286.8769906181344,1.8571087892080417e-06,198.7388197376922,0.6936172951107634,1192.432918426153,4.161703770664581,69.5,3091.5,96000000.0,0.1666666666666666,runtime_opt,runtime_s,clear_leader
AMD,AMD CPU,CPU,CPU package RAPL,1,8000000,32T,32,9.78706550474885e-05,0.0262394409086458,0.0262394409086458,268.08331880557864,2.568071269809031e-06,163.48107604099033,0.6097690898104486,980.8864562459419,3.6586145388626914,67.0,2991.5,96000000.0,0.1666666666666666,energy_opt,energy_j,tie_or_uncertain
AMD,AMD CPU,CPU,CPU package RAPL,2,8000000,32T,32,8.491523300484382e-05,0.023155995866043,0.023155995866043,272.86065478099056,1.966296784424242e-06,188.42320080647147,0.6909657478158011,1130.5392048388287,4.145794486894807,69.0,3058.0,96000000.0,0.1666666666666666,energy_opt,energy_j,tie_or_uncertain
AMD,AMD CPU,CPU,CPU package RAPL,3,8000000,32T,32,8.388368542663805e-05,0.0240616173460967,0.0240616173460967,286.71372260129306,2.0183771403161132e-06,190.74030806613857,0.664959456792107,1144.4418483968313,3.9897567407526418,71.0,3068.5,96000000.0,0.1666666666666666,energy_opt,energy_j,tie_or_uncertain
AMD,AMD CPU,CPU,CPU package RAPL,4,8000000,32T,32,7.815402567094517e-05,0.0224100192532088,0.0224100192532088,286.75458231267896,1.7514332200016563e-06,204.72393920391767,0.7139663656339351,1228.343635223506,4.2837981938036105,69.0,3109.0,96000000.0,0.1666666666666666,energy_opt,energy_j,tie_or_uncertain
AMD,AMD CPU,CPU,CPU package RAPL,5,8000000,32T,32,8.050767344355668e-05,0.0230674755557313,0.0230674755557313,286.8769906181344,1.8571087892080417e-06,198.7388197376922,0.6936172951107634,1192.432918426153,4.161703770664581,69.5,3091.5,96000000.0,0.1666666666666666,energy_opt,energy_j,tie_or_uncertain
AMD,AMD CPU,CPU,CPU package RAPL,1,8000000,32T,32,9.78706550474885e-05,0.0262394409086458,0.0262394409086458,268.08331880557864,2.568071269809031e-06,163.48107604099033,0.6097690898104486,980.8864562459419,3.6586145388626914,67.0,2991.5,96000000.0,0.1666666666666666,edp_opt,edp_j_s,tie_or_uncertain
AMD,AMD CPU,CPU,CPU package RAPL,2,8000000,32T,32,8.491523300484382e-05,0.023155995866043,0.023155995866043,272.86065478099056,1.966296784424242e-06,188.42320080647147,0.6909657478158011,1130.5392048388287,4.145794486894807,69.0,3058.0,96000000.0,0.1666666666666666,edp_opt,edp_j_s,tie_or_uncertain
AMD,AMD CPU,CPU,CPU package RAPL,3,8000000,32T,32,8.388368542663805e-05,0.0240616173460967,0.0240616173460967,286.71372260129306,2.0183771403161132e-06,190.74030806613857,0.664959456792107,1144.4418483968313,3.9897567407526418,71.0,3068.5,96000000.0,0.1666666666666666,edp_opt,edp_j_s,tie_or_uncertain
AMD,AMD CPU,CPU,CPU package RAPL,4,8000000,32T,32,7.815402567094517e-05,0.0224100192532088,0.0224100192532088,286.75458231267896,1.7514332200016563e-06,204.72393920391767,0.7139663656339351,1228.343635223506,4.2837981938036105,69.0,3109.0,96000000.0,0.1666666666666666,edp_opt,edp_j_s,tie_or_uncertain
AMD,AMD CPU,CPU,CPU package RAPL,5,8000000,32T,32,8.050767344355668e-05,0.0230674755557313,0.0230674755557313,286.8769906181344,1.8571087892080417e-06,198.7388197376922,0.6936172951107634,1192.432918426153,4.161703770664581,69.5,3091.5,96000000.0,0.1666666666666666,edp_opt,edp_j_s,tie_or_uncertain
AMD,AMD CPU,CPU,CPU package RAPL,1,8000000,32T,32,9.78706550474885e-05,0.0262394409086458,0.0262394409086458,268.08331880557864,2.568071269809031e-06,163.48107604099033,0.6097690898104486,980.8864562459419,3.6586145388626914,67.0,2991.5,96000000.0,0.1666666666666666,bandwidth_opt,logical_bandwidth_gb_s,clear_leader
AMD,AMD CPU,CPU,CPU package RAPL,2,8000000,32T,32,8.491523300484382e-05,0.023155995866043,0.023155995866043,272.86065478099056,1.966296784424242e-06,188.42320080647147,0.6909657478158011,1130.5392048388287,4.145794486894807,69.0,3058.0,96000000.0,0.1666666666666666,bandwidth_opt,logical_bandwidth_gb_s,clear_leader
AMD,AMD CPU,CPU,CPU package RAPL,3,8000000,32T,32,8.388368542663805e-05,0.0240616173460967,0.0240616173460967,286.71372260129306,2.0183771403161132e-06,190.74030806613857,0.664959456792107,1144.4418483968313,3.9897567407526418,71.0,3068.5,96000000.0,0.1666666666666666,bandwidth_opt,logical_bandwidth_gb_s,clear_leader
AMD,AMD CPU,CPU,CPU package RAPL,4,8000000,32T,32,7.815402567094517e-05,0.0224100192532088,0.0224100192532088,286.75458231267896,1.7514332200016563e-06,204.72393920391767,0.7139663656339351,1228.343635223506,4.2837981938036105,69.0,3109.0,96000000.0,0.1666666666666666,bandwidth_opt,logical_bandwidth_gb_s,clear_leader
AMD,AMD CPU,CPU,CPU package RAPL,5,8000000,32T,32,8.050767344355668e-05,0.0230674755557313,0.0230674755557313,286.8769906181344,1.8571087892080417e-06,198.7388197376922,0.6936172951107634,1192.432918426153,4.161703770664581,69.5,3091.5,96000000.0,0.1666666666666666,bandwidth_opt,logical_bandwidth_gb_s,clear_leader
AMD,AMD CPU,CPU,CPU package RAPL,1,8000000,32T,32,9.78706550474885e-05,0.0262394409086458,0.0262394409086458,268.08331880557864,2.568071269809031e-06,163.48107604099033,0.6097690898104486,980.8864562459419,3.6586145388626914,67.0,2991.5,96000000.0,0.1666666666666666,bytes_per_j_opt,logical_gb_per_j,tie_or_uncertain
AMD,AMD CPU,CPU,CPU package RAPL,2,8000000,32T,32,8.491523300484382e-05,0.023155995866043,0.023155995866043,272.86065478099056,1.966296784424242e-06,188.42320080647147,0.6909657478158011,1130.5392048388287,4.145794486894807,69.0,3058.0,96000000.0,0.1666666666666666,bytes_per_j_opt,logical_gb_per_j,tie_or_uncertain
AMD,AMD CPU,CPU,CPU package RAPL,3,8000000,32T,32,8.388368542663805e-05,0.0240616173460967,0.0240616173460967,286.71372260129306,2.0183771403161132e-06,190.74030806613857,0.664959456792107,1144.4418483968313,3.9897567407526418,71.0,3068.5,96000000.0,0.1666666666666666,bytes_per_j_opt,logical_gb_per_j,tie_or_uncertain
AMD,AMD CPU,CPU,CPU package RAPL,4,8000000,32T,32,7.815402567094517e-05,0.0224100192532088,0.0224100192532088,286.75458231267896,1.7514332200016563e-06,204.72393920391767,0.7139663656339351,1228.343635223506,4.2837981938036105,69.0,3109.0,96000000.0,0.1666666666666666,bytes_per_j_opt,logical_gb_per_j,tie_or_uncertain
AMD,AMD CPU,CPU,CPU package RAPL,5,8000000,32T,32,8.050767344355668e-05,0.0230674755557313,0.0230674755557313,286.8769906181344,1.8571087892080417e-06,198.7388197376922,0.6936172951107634,1192.432918426153,4.161703770664581,69.5,3091.5,96000000.0,0.1666666666666666,bytes_per_j_opt,logical_gb_per_j,tie_or_uncertain
AMD,AMD CPU,CPU,CPU package RAPL,1,16000000,10T,10,0.0035359116607773,0.4171638286219081,0.4171638286219081,117.96996402510425,0.001475054446078708,9.049999850099601,0.07670847231820488,54.29999910059761,0.4602508339092293,51.0,2174.5,192000000.0,0.1666666666666666,runtime_opt,runtime_s,clear_leader
AMD,AMD CPU,CPU,CPU package RAPL,2,16000000,10T,10,0.0035483085106382,0.3708325975177304,0.3708325975177304,104.47185755109452,0.001315828461794233,9.01838154829566,0.08629230605453989,54.11028928977397,0.5177538363272394,59.0,2159.5,192000000.0,0.1666666666666666,runtime_opt,runtime_s,clear_leader
AMD,AMD CPU,CPU,CPU package RAPL,3,16000000,10T,10,0.0036046187050359,0.4195113273381294,0.4195113273381294,116.36437423843378,0.0015121783774974596,8.877499291476738,0.07627922755517814,53.26499574886043,0.4576753653310689,54.0,2140.0,192000000.0,0.1666666666666666,runtime_opt,runtime_s,clear_leader
AMD,AMD CPU,CPU,CPU package RAPL,4,16000000,10T,10,0.0035119,0.4183784543859649,0.4183784543859649,119.12153498076556,0.00146930329395807,9.111876761866794,0.07648577421838071,54.671260571200776,0.4589146453102842,53.0,2151.0,192000000.0,0.1666666666666666,runtime_opt,runtime_s,clear_leader
AMD,AMD CPU,CPU,CPU package RAPL,5,16000000,10T,10,0.0037123462962962,0.3915809166666666,0.3915809166666666,105.47862931541157,0.0014536839656877707,8.619885497192525,0.08172001912759198,51.71931298315515,0.49032011476555193,51.0,2144.0,192000000.0,0.1666666666666666,runtime_opt,runtime_s,clear_leader
AMD,AMD CPU,CPU,CPU package RAPL,1,16000000,10T,10,0.0035359116607773,0.4171638286219081,0.4171638286219081,117.96996402510425,0.001475054446078708,9.049999850099601,0.07670847231820488,54.29999910059761,0.4602508339092293,51.0,2174.5,192000000.0,0.1666666666666666,energy_opt,energy_j,tie_or_uncertain
AMD,AMD CPU,CPU,CPU package RAPL,2,16000000,10T,10,0.0035483085106382,0.3708325975177304,0.3708325975177304,104.47185755109452,0.001315828461794233,9.01838154829566,0.08629230605453989,54.11028928977397,0.5177538363272394,59.0,2159.5,192000000.0,0.1666666666666666,energy_opt,energy_j,tie_or_uncertain
AMD,AMD CPU,CPU,CPU package RAPL,3,16000000,10T,10,0.0036046187050359,0.4195113273381294,0.4195113273381294,116.36437423843378,0.0015121783774974596,8.877499291476738,0.07627922755517814,53.26499574886043,0.4576753653310689,54.0,2140.0,192000000.0,0.1666666666666666,energy_opt,energy_j,tie_or_uncertain
AMD,AMD CPU,CPU,CPU package RAPL,4,16000000,10T,10,0.0035119,0.4183784543859649,0.4183784543859649,119.12153498076556,0.00146930329395807,9.111876761866794,0.07648577421838071,54.671260571200776,0.4589146453102842,53.0,2151.0,192000000.0,0.1666666666666666,energy_opt,energy_j,tie_or_uncertain
AMD,AMD CPU,CPU,CPU package RAPL,5,16000000,10T,10,0.0037123462962962,0.3915809166666666,0.3915809166666666,105.47862931541157,0.0014536839656877707,8.619885497192525,0.08172001912759198,51.71931298315515,0.49032011476555193,51.0,2144.0,192000000.0,0.1666666666666666,energy_opt,energy_j,tie_or_uncertain
AMD,AMD CPU,CPU,CPU package RAPL,1,16000000,10T,10,0.0035359116607773,0.4171638286219081,0.4171638286219081,117.96996402510425,0.001475054446078708,9.049999850099601,0.07670847231820488,54.29999910059761,0.4602508339092293,51.0,2174.5,192000000.0,0.1666666666666666,edp_opt,edp_j_s,clear_leader
AMD,AMD CPU,CPU,CPU package RAPL,2,16000000,10T,10,0.0035483085106382,0.3708325975177304,0.3708325975177304,104.47185755109452,0.001315828461794233,9.01838154829566,0.08629230605453989,54.11028928977397,0.5177538363272394,59.0,2159.5,192000000.0,0.1666666666666666,edp_opt,edp_j_s,clear_leader
AMD,AMD CPU,CPU,CPU package RAPL,3,16000000,10T,10,0.0036046187050359,0.4195113273381294,0.4195113273381294,116.36437423843378,0.0015121783774974596,8.877499291476738,0.07627922755517814,53.26499574886043,0.4576753653310689,54.0,2140.0,192000000.0,0.1666666666666666,edp_opt,edp_j_s,clear_leader
AMD,AMD CPU,CPU,CPU package RAPL,4,16000000,10T,10,0.0035119,0.4183784543859649,0.4183784543859649,119.12153498076556,0.00146930329395807,9.111876761866794,0.07648577421838071,54.671260571200776,0.4589146453102842,53.0,2151.0,192000000.0,0.1666666666666666,edp_opt,edp_j_s,clear_leader
AMD,AMD CPU,CPU,CPU package RAPL,5,16000000,10T,10,0.0037123462962962,0.3915809166666666,0.3915809166666666,105.47862931541157,0.0014536839656877707,8.619885497192525,0.08172001912759198,51.71931298315515,0.49032011476555193,51.0,2144.0,192000000.0,0.1666666666666666,edp_opt,edp_j_s,clear_leader
AMD,AMD CPU,CPU,CPU package RAPL,1,16000000,10T,10,0.0035359116607773,0.4171638286219081,0.4171638286219081,117.96996402510425,0.001475054446078708,9.049999850099601,0.07670847231820488,54.29999910059761,0.4602508339092293,51.0,2174.5,192000000.0,0.1666666666666666,bandwidth_opt,logical_bandwidth_gb_s,clear_leader
AMD,AMD CPU,CPU,CPU package RAPL,2,16000000,10T,10,0.0035483085106382,0.3708325975177304,0.3708325975177304,104.47185755109452,0.001315828461794233,9.01838154829566,0.08629230605453989,54.11028928977397,0.5177538363272394,59.0,2159.5,192000000.0,0.1666666666666666,bandwidth_opt,logical_bandwidth_gb_s,clear_leader
AMD,AMD CPU,CPU,CPU package RAPL,3,16000000,10T,10,0.0036046187050359,0.4195113273381294,0.4195113273381294,116.36437423843378,0.0015121783774974596,8.877499291476738,0.07627922755517814,53.26499574886043,0.4576753653310689,54.0,2140.0,192000000.0,0.1666666666666666,bandwidth_opt,logical_bandwidth_gb_s,clear_leader
AMD,AMD CPU,CPU,CPU package RAPL,4,16000000,10T,10,0.0035119,0.4183784543859649,0.4183784543859649,119.12153498076556,0.00146930329395807,9.111876761866794,0.07648577421838071,54.671260571200776,0.4589146453102842,53.0,2151.0,192000000.0,0.1666666666666666,bandwidth_opt,logical_bandwidth_gb_s,clear_leader
AMD,AMD CPU,CPU,CPU package RAPL,5,16000000,10T,10,0.0037123462962962,0.3915809166666666,0.3915809166666666,105.47862931541157,0.0014536839656877707,8.619885497192525,0.08172001912759198,51.71931298315515,0.49032011476555193,51.0,2144.0,192000000.0,0.1666666666666666,bandwidth_opt,logical_bandwidth_gb_s,clear_leader
AMD,AMD CPU,CPU,CPU package RAPL,1,16000000,10T,10,0.0035359116607773,0.4171638286219081,0.4171638286219081,117.96996402510425,0.001475054446078708,9.049999850099601,0.07670847231820488,54.29999910059761,0.4602508339092293,51.0,2174.5,192000000.0,0.1666666666666666,bytes_per_j_opt,logical_gb_per_j,tie_or_uncertain
AMD,AMD CPU,CPU,CPU package RAPL,2,16000000,10T,10,0.0035483085106382,0.3708325975177304,0.3708325975177304,104.47185755109452,0.001315828461794233,9.01838154829566,0.08629230605453989,54.11028928977397,0.5177538363272394,59.0,2159.5,192000000.0,0.1666666666666666,bytes_per_j_opt,logical_gb_per_j,tie_or_uncertain
AMD,AMD CPU,CPU,CPU package RAPL,3,16000000,10T,10,0.0036046187050359,0.4195113273381294,0.4195113273381294,116.36437423843378,0.0015121783774974596,8.877499291476738,0.07627922755517814,53.26499574886043,0.4576753653310689,54.0,2140.0,192000000.0,0.1666666666666666,bytes_per_j_opt,logical_gb_per_j,tie_or_uncertain
AMD,AMD CPU,CPU,CPU package RAPL,4,16000000,10T,10,0.0035119,0.4183784543859649,0.4183784543859649,119.12153498076556,0.00146930329395807,9.111876761866794,0.07648577421838071,54.671260571200776,0.4589146453102842,53.0,2151.0,192000000.0,0.1666666666666666,bytes_per_j_opt,logical_gb_per_j,tie_or_uncertain
AMD,AMD CPU,CPU,CPU package RAPL,5,16000000,10T,10,0.0037123462962962,0.3915809166666666,0.3915809166666666,105.47862931541157,0.0014536839656877707,8.619885497192525,0.08172001912759198,51.71931298315515,0.49032011476555193,51.0,2144.0,192000000.0,0.1666666666666666,bytes_per_j_opt,logical_gb_per_j,tie_or_uncertain
AMD,AMD CPU,CPU,CPU package RAPL,1,32000000,4T,4,0.0094600235849056,0.9153118773584904,0.9153118773584904,96.7044398643935,0.00865887194735554,6.7653108288353865,0.06992152247024083,40.591864973012314,0.41952913482144494,50.0,1912.0,384000000.0,0.1666666666666666,runtime_opt,runtime_s,tie_or_uncertain
AMD,AMD CPU,CPU,CPU package RAPL,2,32000000,4T,4,0.0094632264150943,0.945934391509434,0.945934391509434,100.01788766846263,0.008951591320678229,6.763021108521396,0.06765796927826545,40.57812665112837,0.4059478156695926,54.0,1947.0,384000000.0,0.1666666666666666,runtime_opt,runtime_s,tie_or_uncertain
AMD,AMD CPU,CPU,CPU package RAPL,3,32000000,4T,4,0.0095173537735849,0.9020428820754718,0.9020428820754718,94.7981939573957,0.00858506122765639,6.724558267197115,0.07095006376276164,40.34734960318269,0.42570038257656984,53.0,1949.0,384000000.0,0.1666666666666666,runtime_opt,runtime_s,tie_or_uncertain
AMD,AMD CPU,CPU,CPU package RAPL,4,32000000,4T,4,0.0094585754716981,0.8429721132075472,0.8429721132075472,89.12812461326007,0.007973315353310419,6.7663466017161324,0.07592184723226145,40.5980796102968,0.4555310833935687,61.5,1915.0,384000000.0,0.1666666666666666,runtime_opt,runtime_s,tie_or_uncertain
AMD,AMD CPU,CPU,CPU package RAPL,5,32000000,4T,4,0.0094871650943396,0.9132863018867924,0.9132863018867924,96.18923380214405,0.008664497924398874,6.745956180122217,0.07007660124517362,40.47573708073331,0.42045960747104166,54.5,1945.5,384000000.0,0.1666666666666666,runtime_opt,runtime_s,tie_or_uncertain
AMD,AMD CPU,CPU,CPU package RAPL,1,32000000,4T,4,0.0094600235849056,0.9153118773584904,0.9153118773584904,96.7044398643935,0.00865887194735554,6.7653108288353865,0.06992152247024083,40.591864973012314,0.41952913482144494,50.0,1912.0,384000000.0,0.1666666666666666,energy_opt,energy_j,tie_or_uncertain
AMD,AMD CPU,CPU,CPU package RAPL,2,32000000,4T,4,0.0094632264150943,0.945934391509434,0.945934391509434,100.01788766846263,0.008951591320678229,6.763021108521396,0.06765796927826545,40.57812665112837,0.4059478156695926,54.0,1947.0,384000000.0,0.1666666666666666,energy_opt,energy_j,tie_or_uncertain
AMD,AMD CPU,CPU,CPU package RAPL,3,32000000,4T,4,0.0095173537735849,0.9020428820754718,0.9020428820754718,94.7981939573957,0.00858506122765639,6.724558267197115,0.07095006376276164,40.34734960318269,0.42570038257656984,53.0,1949.0,384000000.0,0.1666666666666666,energy_opt,energy_j,tie_or_uncertain
AMD,AMD CPU,CPU,CPU package RAPL,4,32000000,4T,4,0.0094585754716981,0.8429721132075472,0.8429721132075472,89.12812461326007,0.007973315353310419,6.7663466017161324,0.07592184723226145,40.5980796102968,0.4555310833935687,61.5,1915.0,384000000.0,0.1666666666666666,energy_opt,energy_j,tie_or_uncertain
AMD,AMD CPU,CPU,CPU package RAPL,5,32000000,4T,4,0.0094871650943396,0.9132863018867924,0.9132863018867924,96.18923380214405,0.008664497924398874,6.745956180122217,0.07007660124517362,40.47573708073331,0.42045960747104166,54.5,1945.5,384000000.0,0.1666666666666666,energy_opt,energy_j,tie_or_uncertain
AMD,AMD CPU,CPU,CPU package RAPL,1,32000000,4T,4,0.0094600235849056,0.9153118773584904,0.9153118773584904,96.7044398643935,0.00865887194735554,6.7653108288353865,0.06992152247024083,40.591864973012314,0.41952913482144494,50.0,1912.0,384000000.0,0.1666666666666666,edp_opt,edp_j_s,clear_leader
AMD,AMD CPU,CPU,CPU package RAPL,2,32000000,4T,4,0.0094632264150943,0.945934391509434,0.945934391509434,100.01788766846263,0.008951591320678229,6.763021108521396,0.06765796927826545,40.57812665112837,0.4059478156695926,54.0,1947.0,384000000.0,0.1666666666666666,edp_opt,edp_j_s,clear_leader
AMD,AMD CPU,CPU,CPU package RAPL,3,32000000,4T,4,0.0095173537735849,0.9020428820754718,0.9020428820754718,94.7981939573957,0.00858506122765639,6.724558267197115,0.07095006376276164,40.34734960318269,0.42570038257656984,53.0,1949.0,384000000.0,0.1666666666666666,edp_opt,edp_j_s,clear_leader
AMD,AMD CPU,CPU,CPU package RAPL,4,32000000,4T,4,0.0094585754716981,0.8429721132075472,0.8429721132075472,89.12812461326007,0.007973315353310419,6.7663466017161324,0.07592184723226145,40.5980796102968,0.4555310833935687,61.5,1915.0,384000000.0,0.1666666666666666,edp_opt,edp_j_s,clear_leader
AMD,AMD CPU,CPU,CPU package RAPL,5,32000000,4T,4,0.0094871650943396,0.9132863018867924,0.9132863018867924,96.18923380214405,0.008664497924398874,6.745956180122217,0.07007660124517362,40.47573708073331,0.42045960747104166,54.5,1945.5,384000000.0,0.1666666666666666,edp_opt,edp_j_s,clear_leader
AMD,AMD CPU,CPU,CPU package RAPL,1,32000000,4T,4,0.0094600235849056,0.9153118773584904,0.9153118773584904,96.7044398643935,0.00865887194735554,6.7653108288353865,0.06992152247024083,40.591864973012314,0.41952913482144494,50.0,1912.0,384000000.0,0.1666666666666666,bandwidth_opt,logical_bandwidth_gb_s,tie_or_uncertain
AMD,AMD CPU,CPU,CPU package RAPL,2,32000000,4T,4,0.0094632264150943,0.945934391509434,0.945934391509434,100.01788766846263,0.008951591320678229,6.763021108521396,0.06765796927826545,40.57812665112837,0.4059478156695926,54.0,1947.0,384000000.0,0.1666666666666666,bandwidth_opt,logical_bandwidth_gb_s,tie_or_uncertain
AMD,AMD CPU,CPU,CPU package RAPL,3,32000000,4T,4,0.0095173537735849,0.9020428820754718,0.9020428820754718,94.7981939573957,0.00858506122765639,6.724558267197115,0.07095006376276164,40.34734960318269,0.42570038257656984,53.0,1949.0,384000000.0,0.1666666666666666,bandwidth_opt,logical_bandwidth_gb_s,tie_or_uncertain
AMD,AMD CPU,CPU,CPU package RAPL,4,32000000,4T,4,0.0094585754716981,0.8429721132075472,0.8429721132075472,89.12812461326007,0.007973315353310419,6.7663466017161324,0.07592184723226145,40.5980796102968,0.4555310833935687,61.5,1915.0,384000000.0,0.1666666666666666,bandwidth_opt,logical_bandwidth_gb_s,tie_or_uncertain
AMD,AMD CPU,CPU,CPU package RAPL,5,32000000,4T,4,0.0094871650943396,0.9132863018867924,0.9132863018867924,96.18923380214405,0.008664497924398874,6.745956180122217,0.07007660124517362,40.47573708073331,0.42045960747104166,54.5,1945.5,384000000.0,0.1666666666666666,bandwidth_opt,logical_bandwidth_gb_s,tie_or_uncertain
AMD,AMD CPU,CPU,CPU package RAPL,1,32000000,4T,4,0.0094600235849056,0.9153118773584904,0.9153118773584904,96.7044398643935,0.00865887194735554,6.7653108288353865,0.06992152247024083,40.591864973012314,0.41952913482144494,50.0,1912.0,384000000.0,0.1666666666666666,bytes_per_j_opt,logical_gb_per_j,tie_or_uncertain
AMD,AMD CPU,CPU,CPU package RAPL,2,32000000,4T,4,0.0094632264150943,0.945934391509434,0.945934391509434,100.01788766846263,0.008951591320678229,6.763021108521396,0.06765796927826545,40.57812665112837,0.4059478156695926,54.0,1947.0,384000000.0,0.1666666666666666,bytes_per_j_opt,logical_gb_per_j,tie_or_uncertain
AMD,AMD CPU,CPU,CPU package RAPL,3,32000000,4T,4,0.0095173537735849,0.9020428820754718,0.9020428820754718,94.7981939573957,0.00858506122765639,6.724558267197115,0.07095006376276164,40.34734960318269,0.42570038257656984,53.0,1949.0,384000000.0,0.1666666666666666,bytes_per_j_opt,logical_gb_per_j,tie_or_uncertain
AMD,AMD CPU,CPU,CPU package RAPL,4,32000000,4T,4,0.0094585754716981,0.8429721132075472,0.8429721132075472,89.12812461326007,0.007973315353310419,6.7663466017161324,0.07592184723226145,40.5980796102968,0.4555310833935687,61.5,1915.0,384000000.0,0.1666666666666666,bytes_per_j_opt,logical_gb_per_j,tie_or_uncertain
AMD,AMD CPU,CPU,CPU package RAPL,5,32000000,4T,4,0.0094871650943396,0.9132863018867924,0.9132863018867924,96.18923380214405,0.008664497924398874,6.745956180122217,0.07007660124517362,40.47573708073331,0.42045960747104166,54.5,1945.5,384000000.0,0.1666666666666666,bytes_per_j_opt,logical_gb_per_j,tie_or_uncertain
AMD,AMD CPU,CPU,CPU package RAPL,1,64000000,4T,4,0.0186966944444444,1.689338361111111,1.689338361111111,90.361299859327,0.03158504315097292,6.846129960584254,0.07576930882917492,41.07677976350552,0.45461585297504953,50.5,1949.0,768000000.0,0.1666666666666666,runtime_opt,runtime_s,tie_or_uncertain
AMD,AMD CPU,CPU,CPU package RAPL,2,64000000,4T,4,0.0187142777777777,1.6775143981481482,1.6775143981481482,89.59040292067897,0.03139347042316602,6.8396975571236736,0.07630336892565723,41.03818534274204,0.4578202135539434,63.0,1915.0,768000000.0,0.1666666666666666,runtime_opt,runtime_s,tie_or_uncertain
AMD,AMD CPU,CPU,CPU package RAPL,3,64000000,4T,4,0.0187555462962962,1.6901122685185186,1.6901122685185186,90.06745616056581,0.03169897889813727,6.824647918961291,0.07573461383852294,40.94788751376774,0.45440768303113765,57.0,1947.0,768000000.0,0.1666666666666666,runtime_opt,runtime_s,tie_or_uncertain
AMD,AMD CPU,CPU,CPU package RAPL,4,64000000,4T,4,0.0188051666666666,1.7283507962962965,1.7283507962962965,91.94654465593092,0.032501924782817784,6.8066400191437,0.07405903956204535,40.8398401148622,0.4443542373722721,52.0,1915.0,768000000.0,0.1666666666666666,runtime_opt,runtime_s,tie_or_uncertain
AMD,AMD CPU,CPU,CPU package RAPL,5,64000000,4T,4,0.0187388425925925,1.714866398148148,1.714866398148148,91.49862532448688,0.03213461150222421,6.830731373484008,0.07464138322275414,40.984388240904046,0.44784829933652487,60.0,1913.5,768000000.0,0.1666666666666666,runtime_opt,runtime_s,tie_or_uncertain
AMD,AMD CPU,CPU,CPU package RAPL,1,64000000,4T,4,0.0186966944444444,1.689338361111111,1.689338361111111,90.361299859327,0.03158504315097292,6.846129960584254,0.07576930882917492,41.07677976350552,0.45461585297504953,50.5,1949.0,768000000.0,0.1666666666666666,energy_opt,energy_j,clear_leader
AMD,AMD CPU,CPU,CPU package RAPL,2,64000000,4T,4,0.0187142777777777,1.6775143981481482,1.6775143981481482,89.59040292067897,0.03139347042316602,6.8396975571236736,0.07630336892565723,41.03818534274204,0.4578202135539434,63.0,1915.0,768000000.0,0.1666666666666666,energy_opt,energy_j,clear_leader
AMD,AMD CPU,CPU,CPU package RAPL,3,64000000,4T,4,0.0187555462962962,1.6901122685185186,1.6901122685185186,90.06745616056581,0.03169897889813727,6.824647918961291,0.07573461383852294,40.94788751376774,0.45440768303113765,57.0,1947.0,768000000.0,0.1666666666666666,energy_opt,energy_j,clear_leader
AMD,AMD CPU,CPU,CPU package RAPL,4,64000000,4T,4,0.0188051666666666,1.7283507962962965,1.7283507962962965,91.94654465593092,0.032501924782817784,6.8066400191437,0.07405903956204535,40.8398401148622,0.4443542373722721,52.0,1915.0,768000000.0,0.1666666666666666,energy_opt,energy_j,clear_leader
AMD,AMD CPU,CPU,CPU package RAPL,5,64000000,4T,4,0.0187388425925925,1.714866398148148,1.714866398148148,91.49862532448688,0.03213461150222421,6.830731373484008,0.07464138322275414,40.984388240904046,0.44784829933652487,60.0,1913.5,768000000.0,0.1666666666666666,energy_opt,energy_j,clear_leader
AMD,AMD CPU,CPU,CPU package RAPL,1,64000000,4T,4,0.0186966944444444,1.689338361111111,1.689338361111111,90.361299859327,0.03158504315097292,6.846129960584254,0.07576930882917492,41.07677976350552,0.45461585297504953,50.5,1949.0,768000000.0,0.1666666666666666,edp_opt,edp_j_s,clear_leader
AMD,AMD CPU,CPU,CPU package RAPL,2,64000000,4T,4,0.0187142777777777,1.6775143981481482,1.6775143981481482,89.59040292067897,0.03139347042316602,6.8396975571236736,0.07630336892565723,41.03818534274204,0.4578202135539434,63.0,1915.0,768000000.0,0.1666666666666666,edp_opt,edp_j_s,clear_leader
AMD,AMD CPU,CPU,CPU package RAPL,3,64000000,4T,4,0.0187555462962962,1.6901122685185186,1.6901122685185186,90.06745616056581,0.03169897889813727,6.824647918961291,0.07573461383852294,40.94788751376774,0.45440768303113765,57.0,1947.0,768000000.0,0.1666666666666666,edp_opt,edp_j_s,clear_leader
AMD,AMD CPU,CPU,CPU package RAPL,4,64000000,4T,4,0.0188051666666666,1.7283507962962965,1.7283507962962965,91.94654465593092,0.032501924782817784,6.8066400191437,0.07405903956204535,40.8398401148622,0.4443542373722721,52.0,1915.0,768000000.0,0.1666666666666666,edp_opt,edp_j_s,clear_leader
AMD,AMD CPU,CPU,CPU package RAPL,5,64000000,4T,4,0.0187388425925925,1.714866398148148,1.714866398148148,91.49862532448688,0.03213461150222421,6.830731373484008,0.07464138322275414,40.984388240904046,0.44784829933652487,60.0,1913.5,768000000.0,0.1666666666666666,edp_opt,edp_j_s,clear_leader
AMD,AMD CPU,CPU,CPU package RAPL,1,64000000,4T,4,0.0186966944444444,1.689338361111111,1.689338361111111,90.361299859327,0.03158504315097292,6.846129960584254,0.07576930882917492,41.07677976350552,0.45461585297504953,50.5,1949.0,768000000.0,0.1666666666666666,bandwidth_opt,logical_bandwidth_gb_s,tie_or_uncertain
AMD,AMD CPU,CPU,CPU package RAPL,2,64000000,4T,4,0.0187142777777777,1.6775143981481482,1.6775143981481482,89.59040292067897,0.03139347042316602,6.8396975571236736,0.07630336892565723,41.03818534274204,0.4578202135539434,63.0,1915.0,768000000.0,0.1666666666666666,bandwidth_opt,logical_bandwidth_gb_s,tie_or_uncertain
AMD,AMD CPU,CPU,CPU package RAPL,3,64000000,4T,4,0.0187555462962962,1.6901122685185186,1.6901122685185186,90.06745616056581,0.03169897889813727,6.824647918961291,0.07573461383852294,40.94788751376774,0.45440768303113765,57.0,1947.0,768000000.0,0.1666666666666666,bandwidth_opt,logical_bandwidth_gb_s,tie_or_uncertain
AMD,AMD CPU,CPU,CPU package RAPL,4,64000000,4T,4,0.0188051666666666,1.7283507962962965,1.7283507962962965,91.94654465593092,0.032501924782817784,6.8066400191437,0.07405903956204535,40.8398401148622,0.4443542373722721,52.0,1915.0,768000000.0,0.1666666666666666,bandwidth_opt,logical_bandwidth_gb_s,tie_or_uncertain
AMD,AMD CPU,CPU,CPU package RAPL,5,64000000,4T,4,0.0187388425925925,1.714866398148148,1.714866398148148,91.49862532448688,0.03213461150222421,6.830731373484008,0.07464138322275414,40.984388240904046,0.44784829933652487,60.0,1913.5,768000000.0,0.1666666666666666,bandwidth_opt,logical_bandwidth_gb_s,tie_or_uncertain
AMD,AMD CPU,CPU,CPU package RAPL,1,64000000,4T,4,0.0186966944444444,1.689338361111111,1.689338361111111,90.361299859327,0.03158504315097292,6.846129960584254,0.07576930882917492,41.07677976350552,0.45461585297504953,50.5,1949.0,768000000.0,0.1666666666666666,bytes_per_j_opt,logical_gb_per_j,clear_leader
AMD,AMD CPU,CPU,CPU package RAPL,2,64000000,4T,4,0.0187142777777777,1.6775143981481482,1.6775143981481482,89.59040292067897,0.03139347042316602,6.8396975571236736,0.07630336892565723,41.03818534274204,0.4578202135539434,63.0,1915.0,768000000.0,0.1666666666666666,bytes_per_j_opt,logical_gb_per_j,clear_leader
AMD,AMD CPU,CPU,CPU package RAPL,3,64000000,4T,4,0.0187555462962962,1.6901122685185186,1.6901122685185186,90.06745616056581,0.03169897889813727,6.824647918961291,0.07573461383852294,40.94788751376774,0.45440768303113765,57.0,1947.0,768000000.0,0.1666666666666666,bytes_per_j_opt,logical_gb_per_j,clear_leader
AMD,AMD CPU,CPU,CPU package RAPL,4,64000000,4T,4,0.0188051666666666,1.7283507962962965,1.7283507962962965,91.94654465593092,0.032501924782817784,6.8066400191437,0.07405903956204535,40.8398401148622,0.4443542373722721,52.0,1915.0,768000000.0,0.1666666666666666,bytes_per_j_opt,logical_gb_per_j,clear_leader
AMD,AMD CPU,CPU,CPU package RAPL,5,64000000,4T,4,0.0187388425925925,1.714866398148148,1.714866398148148,91.49862532448688,0.03213461150222421,6.830731373484008,0.07464138322275414,40.984388240904046,0.44784829933652487,60.0,1913.5,768000000.0,0.1666666666666666,bytes_per_j_opt,logical_gb_per_j,clear_leader
AMD,AMD CPU,CPU,CPU package RAPL,1,128000000,4T,4,0.0370681296296296,3.3898698703703705,3.3898698703703705,91.46780515732758,0.12565613578246457,6.906202243216826,0.07551912309012321,41.437213459300956,0.45311473854073925,58.0,1926.5,1536000000.0,0.1666666666666666,runtime_opt,runtime_s,tie_or_uncertain
AMD,AMD CPU,CPU,CPU package RAPL,2,128000000,4T,4,0.0370618148148148,3.449959537037037,3.449959537037037,93.12574888918132,0.12786176148027084,6.907378963473439,0.07420376884184068,41.44427378084064,0.4452226130510441,61.0,1913.0,1536000000.0,0.1666666666666666,runtime_opt,runtime_s,tie_or_uncertain
AMD,AMD CPU,CPU,CPU package RAPL,3,128000000,4T,4,0.0372514814814814,3.4444598703703706,3.4444598703703706,92.46826135641066,0.12831123307480768,6.872209904652079,0.07432224779337412,41.23325942791248,0.44593348676024475,53.0,1942.5,1536000000.0,0.1666666666666666,runtime_opt,runtime_s,tie_or_uncertain
AMD,AMD CPU,CPU,CPU package RAPL,4,128000000,4T,4,0.0370335178571428,3.4010507142857147,3.4010507142857147,91.841170468432,0.1259528723605483,6.9126568258387655,0.0752708564223115,41.47594095503259,0.451625138533869,54.0,1949.5,1536000000.0,0.1666666666666666,runtime_opt,runtime_s,tie_or_uncertain
AMD,AMD CPU,CPU,CPU package RAPL,5,128000000,4T,4,0.0371722222222222,3.3496492222222223,3.3496492222222223,90.14634040195804,0.12451390525493819,6.8868629502316585,0.07642591298863366,41.321177701389956,0.458555477931802,52.0,1947.5,1536000000.0,0.1666666666666666,runtime_opt,runtime_s,tie_or_uncertain
AMD,AMD CPU,CPU,CPU package RAPL,1,128000000,4T,4,0.0370681296296296,3.3898698703703705,3.3898698703703705,91.46780515732758,0.12565613578246457,6.906202243216826,0.07551912309012321,41.437213459300956,0.45311473854073925,58.0,1926.5,1536000000.0,0.1666666666666666,energy_opt,energy_j,clear_leader
AMD,AMD CPU,CPU,CPU package RAPL,2,128000000,4T,4,0.0370618148148148,3.449959537037037,3.449959537037037,93.12574888918132,0.12786176148027084,6.907378963473439,0.07420376884184068,41.44427378084064,0.4452226130510441,61.0,1913.0,1536000000.0,0.1666666666666666,energy_opt,energy_j,clear_leader
AMD,AMD CPU,CPU,CPU package RAPL,3,128000000,4T,4,0.0372514814814814,3.4444598703703706,3.4444598703703706,92.46826135641066,0.12831123307480768,6.872209904652079,0.07432224779337412,41.23325942791248,0.44593348676024475,53.0,1942.5,1536000000.0,0.1666666666666666,energy_opt,energy_j,clear_leader
AMD,AMD CPU,CPU,CPU package RAPL,4,128000000,4T,4,0.0370335178571428,3.4010507142857147,3.4010507142857147,91.841170468432,0.1259528723605483,6.9126568258387655,0.0752708564223115,41.47594095503259,0.451625138533869,54.0,1949.5,1536000000.0,0.1666666666666666,energy_opt,energy_j,clear_leader
AMD,AMD CPU,CPU,CPU package RAPL,5,128000000,4T,4,0.0371722222222222,3.3496492222222223,3.3496492222222223,90.14634040195804,0.12451390525493819,6.8868629502316585,0.07642591298863366,41.321177701389956,0.458555477931802,52.0,1947.5,1536000000.0,0.1666666666666666,energy_opt,energy_j,clear_leader
AMD,AMD CPU,CPU,CPU package RAPL,1,128000000,4T,4,0.0370681296296296,3.3898698703703705,3.3898698703703705,91.46780515732758,0.12565613578246457,6.906202243216826,0.07551912309012321,41.437213459300956,0.45311473854073925,58.0,1926.5,1536000000.0,0.1666666666666666,edp_opt,edp_j_s,clear_leader
AMD,AMD CPU,CPU,CPU package RAPL,2,128000000,4T,4,0.0370618148148148,3.449959537037037,3.449959537037037,93.12574888918132,0.12786176148027084,6.907378963473439,0.07420376884184068,41.44427378084064,0.4452226130510441,61.0,1913.0,1536000000.0,0.1666666666666666,edp_opt,edp_j_s,clear_leader
AMD,AMD CPU,CPU,CPU package RAPL,3,128000000,4T,4,0.0372514814814814,3.4444598703703706,3.4444598703703706,92.46826135641066,0.12831123307480768,6.872209904652079,0.07432224779337412,41.23325942791248,0.44593348676024475,53.0,1942.5,1536000000.0,0.1666666666666666,edp_opt,edp_j_s,clear_leader
AMD,AMD CPU,CPU,CPU package RAPL,4,128000000,4T,4,0.0370335178571428,3.4010507142857147,3.4010507142857147,91.841170468432,0.1259528723605483,6.9126568258387655,0.0752708564223115,41.47594095503259,0.451625138533869,54.0,1949.5,1536000000.0,0.1666666666666666,edp_opt,edp_j_s,clear_leader
AMD,AMD CPU,CPU,CPU package RAPL,5,128000000,4T,4,0.0371722222222222,3.3496492222222223,3.3496492222222223,90.14634040195804,0.12451390525493819,6.8868629502316585,0.07642591298863366,41.321177701389956,0.458555477931802,52.0,1947.5,1536000000.0,0.1666666666666666,edp_opt,edp_j_s,clear_leader
AMD,AMD CPU,CPU,CPU package RAPL,1,128000000,4T,4,0.0370681296296296,3.3898698703703705,3.3898698703703705,91.46780515732758,0.12565613578246457,6.906202243216826,0.07551912309012321,41.437213459300956,0.45311473854073925,58.0,1926.5,1536000000.0,0.1666666666666666,bandwidth_opt,logical_bandwidth_gb_s,tie_or_uncertain
AMD,AMD CPU,CPU,CPU package RAPL,2,128000000,4T,4,0.0370618148148148,3.449959537037037,3.449959537037037,93.12574888918132,0.12786176148027084,6.907378963473439,0.07420376884184068,41.44427378084064,0.4452226130510441,61.0,1913.0,1536000000.0,0.1666666666666666,bandwidth_opt,logical_bandwidth_gb_s,tie_or_uncertain
AMD,AMD CPU,CPU,CPU package RAPL,3,128000000,4T,4,0.0372514814814814,3.4444598703703706,3.4444598703703706,92.46826135641066,0.12831123307480768,6.872209904652079,0.07432224779337412,41.23325942791248,0.44593348676024475,53.0,1942.5,1536000000.0,0.1666666666666666,bandwidth_opt,logical_bandwidth_gb_s,tie_or_uncertain
AMD,AMD CPU,CPU,CPU package RAPL,4,128000000,4T,4,0.0370335178571428,3.4010507142857147,3.4010507142857147,91.841170468432,0.1259528723605483,6.9126568258387655,0.0752708564223115,41.47594095503259,0.451625138533869,54.0,1949.5,1536000000.0,0.1666666666666666,bandwidth_opt,logical_bandwidth_gb_s,tie_or_uncertain
AMD,AMD CPU,CPU,CPU package RAPL,5,128000000,4T,4,0.0371722222222222,3.3496492222222223,3.3496492222222223,90.14634040195804,0.12451390525493819,6.8868629502316585,0.07642591298863366,41.321177701389956,0.458555477931802,52.0,1947.5,1536000000.0,0.1666666666666666,bandwidth_opt,logical_bandwidth_gb_s,tie_or_uncertain
AMD,AMD CPU,CPU,CPU package RAPL,1,128000000,4T,4,0.0370681296296296,3.3898698703703705,3.3898698703703705,91.46780515732758,0.12565613578246457,6.906202243216826,0.07551912309012321,41.437213459300956,0.45311473854073925,58.0,1926.5,1536000000.0,0.1666666666666666,bytes_per_j_opt,logical_gb_per_j,clear_leader
AMD,AMD CPU,CPU,CPU package RAPL,2,128000000,4T,4,0.0370618148148148,3.449959537037037,3.449959537037037,93.12574888918132,0.12786176148027084,6.907378963473439,0.07420376884184068,41.44427378084064,0.4452226130510441,61.0,1913.0,1536000000.0,0.1666666666666666,bytes_per_j_opt,logical_gb_per_j,clear_leader
AMD,AMD CPU,CPU,CPU package RAPL,3,128000000,4T,4,0.0372514814814814,3.4444598703703706,3.4444598703703706,92.46826135641066,0.12831123307480768,6.872209904652079,0.07432224779337412,41.23325942791248,0.44593348676024475,53.0,1942.5,1536000000.0,0.1666666666666666,bytes_per_j_opt,logical_gb_per_j,clear_leader
AMD,AMD CPU,CPU,CPU package RAPL,4,128000000,4T,4,0.0370335178571428,3.4010507142857147,3.4010507142857147,91.841170468432,0.1259528723605483,6.9126568258387655,0.0752708564223115,41.47594095503259,0.451625138533869,54.0,1949.5,1536000000.0,0.1666666666666666,bytes_per_j_opt,logical_gb_per_j,clear_leader
AMD,AMD CPU,CPU,CPU package RAPL,5,128000000,4T,4,0.0371722222222222,3.3496492222222223,3.3496492222222223,90.14634040195804,0.12451390525493819,6.8868629502316585,0.07642591298863366,41.321177701389956,0.458555477931802,52.0,1947.5,1536000000.0,0.1666666666666666,bytes_per_j_opt,logical_gb_per_j,clear_leader
AMD,AMD CPU,CPU,CPU package RAPL,1,256000000,4T,4,0.0734626785714285,6.900678964285714,6.900678964285714,93.89151370833945,0.5069423606779395,6.969525342071175,0.07419559765783089,41.81715205242705,0.44517358594698536,58.5,1913.0,3072000000.0,0.1666666666666666,runtime_opt,runtime_s,tie_or_uncertain
AMD,AMD CPU,CPU,CPU package RAPL,2,256000000,4T,4,0.0734132142857142,6.7506132857142855,6.7506132857142855,91.95365467345948,0.49558421970413213,6.974221262228975,0.07584496079541386,41.84532757337386,0.45506976477248323,62.5,1914.0,3072000000.0,0.1666666666666666,runtime_opt,runtime_s,tie_or_uncertain
AMD,AMD CPU,CPU,CPU package RAPL,3,256000000,4T,4,0.0734426428571428,6.802282857142857,6.802282857142857,92.60604802645864,0.4995776304904078,6.971426681851829,0.07526884881924094,41.82856009111098,0.4516130929154456,53.0,1954.0,3072000000.0,0.1666666666666666,runtime_opt,runtime_s,tie_or_uncertain
AMD,AMD CPU,CPU,CPU package RAPL,4,256000000,4T,4,0.0734019642857143,6.815670107142857,6.815670107142857,92.8142946255412,0.5002835737877106,6.975290170806054,0.07512100673174034,41.85174102483633,0.45072604039044206,53.0,1914.5,3072000000.0,0.1666666666666666,runtime_opt,runtime_s,tie_or_uncertain
AMD,AMD CPU,CPU,CPU package RAPL,5,256000000,4T,4,0.0733902857142857,6.899713357142857,6.899713357142857,93.9732475347221,0.5063719346273876,6.9764001463798255,0.07420598124847567,41.85840087827896,0.4452358874908541,56.5,1952.0,3072000000.0,0.1666666666666666,runtime_opt,runtime_s,tie_or_uncertain
AMD,AMD CPU,CPU,CPU package RAPL,1,256000000,4T,4,0.0734626785714285,6.900678964285714,6.900678964285714,93.89151370833945,0.5069423606779395,6.969525342071175,0.07419559765783089,41.81715205242705,0.44517358594698536,58.5,1913.0,3072000000.0,0.1666666666666666,energy_opt,energy_j,clear_leader
AMD,AMD CPU,CPU,CPU package RAPL,2,256000000,4T,4,0.0734132142857142,6.7506132857142855,6.7506132857142855,91.95365467345948,0.49558421970413213,6.974221262228975,0.07584496079541386,41.84532757337386,0.45506976477248323,62.5,1914.0,3072000000.0,0.1666666666666666,energy_opt,energy_j,clear_leader
AMD,AMD CPU,CPU,CPU package RAPL,3,256000000,4T,4,0.0734426428571428,6.802282857142857,6.802282857142857,92.60604802645864,0.4995776304904078,6.971426681851829,0.07526884881924094,41.82856009111098,0.4516130929154456,53.0,1954.0,3072000000.0,0.1666666666666666,energy_opt,energy_j,clear_leader
AMD,AMD CPU,CPU,CPU package RAPL,4,256000000,4T,4,0.0734019642857143,6.815670107142857,6.815670107142857,92.8142946255412,0.5002835737877106,6.975290170806054,0.07512100673174034,41.85174102483633,0.45072604039044206,53.0,1914.5,3072000000.0,0.1666666666666666,energy_opt,energy_j,clear_leader
AMD,AMD CPU,CPU,CPU package RAPL,5,256000000,4T,4,0.0733902857142857,6.899713357142857,6.899713357142857,93.9732475347221,0.5063719346273876,6.9764001463798255,0.07420598124847567,41.85840087827896,0.4452358874908541,56.5,1952.0,3072000000.0,0.1666666666666666,energy_opt,energy_j,clear_leader
AMD,AMD CPU,CPU,CPU package RAPL,1,256000000,4T,4,0.0734626785714285,6.900678964285714,6.900678964285714,93.89151370833945,0.5069423606779395,6.969525342071175,0.07419559765783089,41.81715205242705,0.44517358594698536,58.5,1913.0,3072000000.0,0.1666666666666666,edp_opt,edp_j_s,clear_leader
AMD,AMD CPU,CPU,CPU package RAPL,2,256000000,4T,4,0.0734132142857142,6.7506132857142855,6.7506132857142855,91.95365467345948,0.49558421970413213,6.974221262228975,0.07584496079541386,41.84532757337386,0.45506976477248323,62.5,1914.0,3072000000.0,0.1666666666666666,edp_opt,edp_j_s,clear_leader
AMD,AMD CPU,CPU,CPU package RAPL,3,256000000,4T,4,0.0734426428571428,6.802282857142857,6.802282857142857,92.60604802645864,0.4995776304904078,6.971426681851829,0.07526884881924094,41.82856009111098,0.4516130929154456,53.0,1954.0,3072000000.0,0.1666666666666666,edp_opt,edp_j_s,clear_leader
AMD,AMD CPU,CPU,CPU package RAPL,4,256000000,4T,4,0.0734019642857143,6.815670107142857,6.815670107142857,92.8142946255412,0.5002835737877106,6.975290170806054,0.07512100673174034,41.85174102483633,0.45072604039044206,53.0,1914.5,3072000000.0,0.1666666666666666,edp_opt,edp_j_s,clear_leader
AMD,AMD CPU,CPU,CPU package RAPL,5,256000000,4T,4,0.0733902857142857,6.899713357142857,6.899713357142857,93.9732475347221,0.5063719346273876,6.9764001463798255,0.07420598124847567,41.85840087827896,0.4452358874908541,56.5,1952.0,3072000000.0,0.1666666666666666,edp_opt,edp_j_s,clear_leader
AMD,AMD CPU,CPU,CPU package RAPL,1,256000000,4T,4,0.0734626785714285,6.900678964285714,6.900678964285714,93.89151370833945,0.5069423606779395,6.969525342071175,0.07419559765783089,41.81715205242705,0.44517358594698536,58.5,1913.0,3072000000.0,0.1666666666666666,bandwidth_opt,logical_bandwidth_gb_s,tie_or_uncertain
AMD,AMD CPU,CPU,CPU package RAPL,2,256000000,4T,4,0.0734132142857142,6.7506132857142855,6.7506132857142855,91.95365467345948,0.49558421970413213,6.974221262228975,0.07584496079541386,41.84532757337386,0.45506976477248323,62.5,1914.0,3072000000.0,0.1666666666666666,bandwidth_opt,logical_bandwidth_gb_s,tie_or_uncertain
AMD,AMD CPU,CPU,CPU package RAPL,3,256000000,4T,4,0.0734426428571428,6.802282857142857,6.802282857142857,92.60604802645864,0.4995776304904078,6.971426681851829,0.07526884881924094,41.82856009111098,0.4516130929154456,53.0,1954.0,3072000000.0,0.1666666666666666,bandwidth_opt,logical_bandwidth_gb_s,tie_or_uncertain
AMD,AMD CPU,CPU,CPU package RAPL,4,256000000,4T,4,0.0734019642857143,6.815670107142857,6.815670107142857,92.8142946255412,0.5002835737877106,6.975290170806054,0.07512100673174034,41.85174102483633,0.45072604039044206,53.0,1914.5,3072000000.0,0.1666666666666666,bandwidth_opt,logical_bandwidth_gb_s,tie_or_uncertain
AMD,AMD CPU,CPU,CPU package RAPL,5,256000000,4T,4,0.0733902857142857,6.899713357142857,6.899713357142857,93.9732475347221,0.5063719346273876,6.9764001463798255,0.07420598124847567,41.85840087827896,0.4452358874908541,56.5,1952.0,3072000000.0,0.1666666666666666,bandwidth_opt,logical_bandwidth_gb_s,tie_or_uncertain
AMD,AMD CPU,CPU,CPU package RAPL,1,256000000,4T,4,0.0734626785714285,6.900678964285714,6.900678964285714,93.89151370833945,0.5069423606779395,6.969525342071175,0.07419559765783089,41.81715205242705,0.44517358594698536,58.5,1913.0,3072000000.0,0.1666666666666666,bytes_per_j_opt,logical_gb_per_j,clear_leader
AMD,AMD CPU,CPU,CPU package RAPL,2,256000000,4T,4,0.0734132142857142,6.7506132857142855,6.7506132857142855,91.95365467345948,0.49558421970413213,6.974221262228975,0.07584496079541386,41.84532757337386,0.45506976477248323,62.5,1914.0,3072000000.0,0.1666666666666666,bytes_per_j_opt,logical_gb_per_j,clear_leader
AMD,AMD CPU,CPU,CPU package RAPL,3,256000000,4T,4,0.0734426428571428,6.802282857142857,6.802282857142857,92.60604802645864,0.4995776304904078,6.971426681851829,0.07526884881924094,41.82856009111098,0.4516130929154456,53.0,1954.0,3072000000.0,0.1666666666666666,bytes_per_j_opt,logical_gb_per_j,clear_leader
AMD,AMD CPU,CPU,CPU package RAPL,4,256000000,4T,4,0.0734019642857143,6.815670107142857,6.815670107142857,92.8142946255412,0.5002835737877106,6.975290170806054,0.07512100673174034,41.85174102483633,0.45072604039044206,53.0,1914.5,3072000000.0,0.1666666666666666,bytes_per_j_opt,logical_gb_per_j,clear_leader
AMD,AMD CPU,CPU,CPU package RAPL,5,256000000,4T,4,0.0733902857142857,6.899713357142857,6.899713357142857,93.9732475347221,0.5063719346273876,6.9764001463798255,0.07420598124847567,41.85840087827896,0.4452358874908541,56.5,1952.0,3072000000.0,0.1666666666666666,bytes_per_j_opt,logical_gb_per_j,clear_leader
INTEL,Intel CPU,CPU,CPU package RAPL,1,1000000,10T,10,5.098217568947906e-05,0.0071583908580183,0.0071583920071501,140.47364133913945,3.6495034037744975e-07,39.229396802944414,0.2793923997262245,235.37638081766647,1.676354398357347,76.0,2519.0,12000000.0,0.1666666666666666,runtime_opt,runtime_s,tie_or_uncertain
INTEL,Intel CPU,CPU,CPU package RAPL,2,1000000,10T,10,5.2620882584712367e-05,0.0077692344628316,0.0077692344628316,147.64017935406372,4.088239744417625e-07,38.00772434366291,0.2574256201905218,228.0463460619775,1.5445537211431308,88.0,2399.5,12000000.0,0.1666666666666666,runtime_opt,runtime_s,tie_or_uncertain
INTEL,Intel CPU,CPU,CPU package RAPL,3,1000000,10T,10,5.129379964130157e-05,0.0076560080450935,0.0076560080450935,149.30843148836982,3.927057427172189e-07,38.99106741918194,0.26123274534458446,233.94640451509164,1.5673964720675067,90.0,2519.0,12000000.0,0.1666666666666666,runtime_opt,runtime_s,tie_or_uncertain
INTEL,Intel CPU,CPU,CPU package RAPL,4,1000000,10T,10,5.714782857142858e-05,0.0084336419428571,0.0084336427999999,147.63193269560196,4.819643239832074e-07,34.99695526489195,0.2371454720927424,209.9817315893517,1.4228728325564541,90.0,2519.5,12000000.0,0.1666666666666666,runtime_opt,runtime_s,tie_or_uncertain
INTEL,Intel CPU,CPU,CPU package RAPL,5,1000000,10T,10,5.226265657620041e-05,0.0077999560281837,0.0077999560281837,149.19827128717435,4.0764642321042895e-07,38.26824220242123,0.25641170190875046,229.60945321452738,1.5384702114525026,90.0,2520.0,12000000.0,0.1666666666666666,runtime_opt,runtime_s,tie_or_uncertain
INTEL,Intel CPU,CPU,CPU package RAPL,1,1000000,10T,10,5.098217568947906e-05,0.0071583908580183,0.0071583920071501,140.47364133913945,3.6495034037744975e-07,39.229396802944414,0.2793923997262245,235.37638081766647,1.676354398357347,76.0,2519.0,12000000.0,0.1666666666666666,energy_opt,energy_j,tie_or_uncertain
INTEL,Intel CPU,CPU,CPU package RAPL,2,1000000,10T,10,5.2620882584712367e-05,0.0077692344628316,0.0077692344628316,147.64017935406372,4.088239744417625e-07,38.00772434366291,0.2574256201905218,228.0463460619775,1.5445537211431308,88.0,2399.5,12000000.0,0.1666666666666666,energy_opt,energy_j,tie_or_uncertain
INTEL,Intel CPU,CPU,CPU package RAPL,3,1000000,10T,10,5.129379964130157e-05,0.0076560080450935,0.0076560080450935,149.30843148836982,3.927057427172189e-07,38.99106741918194,0.26123274534458446,233.94640451509164,1.5673964720675067,90.0,2519.0,12000000.0,0.1666666666666666,energy_opt,energy_j,tie_or_uncertain
INTEL,Intel CPU,CPU,CPU package RAPL,4,1000000,10T,10,5.714782857142858e-05,0.0084336419428571,0.0084336427999999,147.63193269560196,4.819643239832074e-07,34.99695526489195,0.2371454720927424,209.9817315893517,1.4228728325564541,90.0,2519.5,12000000.0,0.1666666666666666,energy_opt,energy_j,tie_or_uncertain
INTEL,Intel CPU,CPU,CPU package RAPL,5,1000000,10T,10,5.226265657620041e-05,0.0077999560281837,0.0077999560281837,149.19827128717435,4.0764642321042895e-07,38.26824220242123,0.25641170190875046,229.60945321452738,1.5384702114525026,90.0,2520.0,12000000.0,0.1666666666666666,energy_opt,energy_j,tie_or_uncertain
INTEL,Intel CPU,CPU,CPU package RAPL,1,1000000,10T,10,5.098217568947906e-05,0.0071583908580183,0.0071583920071501,140.47364133913945,3.6495034037744975e-07,39.229396802944414,0.2793923997262245,235.37638081766647,1.676354398357347,76.0,2519.0,12000000.0,0.1666666666666666,edp_opt,edp_j_s,tie_or_uncertain
INTEL,Intel CPU,CPU,CPU package RAPL,2,1000000,10T,10,5.2620882584712367e-05,0.0077692344628316,0.0077692344628316,147.64017935406372,4.088239744417625e-07,38.00772434366291,0.2574256201905218,228.0463460619775,1.5445537211431308,88.0,2399.5,12000000.0,0.1666666666666666,edp_opt,edp_j_s,tie_or_uncertain
INTEL,Intel CPU,CPU,CPU package RAPL,3,1000000,10T,10,5.129379964130157e-05,0.0076560080450935,0.0076560080450935,149.30843148836982,3.927057427172189e-07,38.99106741918194,0.26123274534458446,233.94640451509164,1.5673964720675067,90.0,2519.0,12000000.0,0.1666666666666666,edp_opt,edp_j_s,tie_or_uncertain
INTEL,Intel CPU,CPU,CPU package RAPL,4,1000000,10T,10,5.714782857142858e-05,0.0084336419428571,0.0084336427999999,147.63193269560196,4.819643239832074e-07,34.99695526489195,0.2371454720927424,209.9817315893517,1.4228728325564541,90.0,2519.5,12000000.0,0.1666666666666666,edp_opt,edp_j_s,tie_or_uncertain
INTEL,Intel CPU,CPU,CPU package RAPL,5,1000000,10T,10,5.226265657620041e-05,0.0077999560281837,0.0077999560281837,149.19827128717435,4.0764642321042895e-07,38.26824220242123,0.25641170190875046,229.60945321452738,1.5384702114525026,90.0,2520.0,12000000.0,0.1666666666666666,edp_opt,edp_j_s,tie_or_uncertain
INTEL,Intel CPU,CPU,CPU package RAPL,1,1000000,10T,10,5.098217568947906e-05,0.0071583908580183,0.0071583920071501,140.47364133913945,3.6495034037744975e-07,39.229396802944414,0.2793923997262245,235.37638081766647,1.676354398357347,76.0,2519.0,12000000.0,0.1666666666666666,bandwidth_opt,logical_bandwidth_gb_s,tie_or_uncertain
INTEL,Intel CPU,CPU,CPU package RAPL,2,1000000,10T,10,5.2620882584712367e-05,0.0077692344628316,0.0077692344628316,147.64017935406372,4.088239744417625e-07,38.00772434366291,0.2574256201905218,228.0463460619775,1.5445537211431308,88.0,2399.5,12000000.0,0.1666666666666666,bandwidth_opt,logical_bandwidth_gb_s,tie_or_uncertain
INTEL,Intel CPU,CPU,CPU package RAPL,3,1000000,10T,10,5.129379964130157e-05,0.0076560080450935,0.0076560080450935,149.30843148836982,3.927057427172189e-07,38.99106741918194,0.26123274534458446,233.94640451509164,1.5673964720675067,90.0,2519.0,12000000.0,0.1666666666666666,bandwidth_opt,logical_bandwidth_gb_s,tie_or_uncertain
INTEL,Intel CPU,CPU,CPU package RAPL,4,1000000,10T,10,5.714782857142858e-05,0.0084336419428571,0.0084336427999999,147.63193269560196,4.819643239832074e-07,34.99695526489195,0.2371454720927424,209.9817315893517,1.4228728325564541,90.0,2519.5,12000000.0,0.1666666666666666,bandwidth_opt,logical_bandwidth_gb_s,tie_or_uncertain
INTEL,Intel CPU,CPU,CPU package RAPL,5,1000000,10T,10,5.226265657620041e-05,0.0077999560281837,0.0077999560281837,149.19827128717435,4.0764642321042895e-07,38.26824220242123,0.25641170190875046,229.60945321452738,1.5384702114525026,90.0,2520.0,12000000.0,0.1666666666666666,bandwidth_opt,logical_bandwidth_gb_s,tie_or_uncertain
INTEL,Intel CPU,CPU,CPU package RAPL,1,1000000,10T,10,5.098217568947906e-05,0.0071583908580183,0.0071583920071501,140.47364133913945,3.6495034037744975e-07,39.229396802944414,0.2793923997262245,235.37638081766647,1.676354398357347,76.0,2519.0,12000000.0,0.1666666666666666,bytes_per_j_opt,logical_gb_per_j,tie_or_uncertain
INTEL,Intel CPU,CPU,CPU package RAPL,2,1000000,10T,10,5.2620882584712367e-05,0.0077692344628316,0.0077692344628316,147.64017935406372,4.088239744417625e-07,38.00772434366291,0.2574256201905218,228.0463460619775,1.5445537211431308,88.0,2399.5,12000000.0,0.1666666666666666,bytes_per_j_opt,logical_gb_per_j,tie_or_uncertain
INTEL,Intel CPU,CPU,CPU package RAPL,3,1000000,10T,10,5.129379964130157e-05,0.0076560080450935,0.0076560080450935,149.30843148836982,3.927057427172189e-07,38.99106741918194,0.26123274534458446,233.94640451509164,1.5673964720675067,90.0,2519.0,12000000.0,0.1666666666666666,bytes_per_j_opt,logical_gb_per_j,tie_or_uncertain
INTEL,Intel CPU,CPU,CPU package RAPL,4,1000000,10T,10,5.714782857142858e-05,0.0084336419428571,0.0084336427999999,147.63193269560196,4.819643239832074e-07,34.99695526489195,0.2371454720927424,209.9817315893517,1.4228728325564541,90.0,2519.5,12000000.0,0.1666666666666666,bytes_per_j_opt,logical_gb_per_j,tie_or_uncertain
INTEL,Intel CPU,CPU,CPU package RAPL,5,1000000,10T,10,5.226265657620041e-05,0.0077999560281837,0.0077999560281837,149.19827128717435,4.0764642321042895e-07,38.26824220242123,0.25641170190875046,229.60945321452738,1.5384702114525026,90.0,2520.0,12000000.0,0.1666666666666666,bytes_per_j_opt,logical_gb_per_j,tie_or_uncertain
INTEL,Intel CPU,CPU,CPU package RAPL,1,2000000,10T,10,0.0002806352298206,0.0339082012331838,0.0344411325672645,120.88032585321534,9.515835845877688e-06,14.25337796169446,0.11796556156112034,85.52026777016677,0.7077933693667221,77.0,2519.5,24000000.0,0.1666666666666666,runtime_opt,runtime_s,tie_or_uncertain
INTEL,Intel CPU,CPU,CPU package RAPL,2,2000000,10T,10,0.000243084667637,0.0320214308588064,0.0325633545608927,131.6147912791277,7.783918877574129e-06,16.455171932000365,0.1249163417349271,98.73103159200218,0.7494980504095626,85.0,2519.0,24000000.0,0.1666666666666666,runtime_opt,runtime_s,tie_or_uncertain
INTEL,Intel CPU,CPU,CPU package RAPL,3,2000000,10T,10,0.0002398038581356,0.0315301573208722,0.0320219408099688,131.42215687570996,7.561053373167587e-06,16.68029877041491,0.1268626717999944,100.08179262248946,0.7611760307999663,85.0,2401.5,24000000.0,0.1666666666666666,runtime_opt,runtime_s,tie_or_uncertain
INTEL,Intel CPU,CPU,CPU package RAPL,4,2000000,10T,10,0.0002424371822803,0.0322702283950617,0.0327942190752844,133.08928562034424,7.823503243640486e-06,16.499119328054626,0.12395325967423641,98.99471596832774,0.7437195580454184,87.0,2519.0,24000000.0,0.1666666666666666,runtime_opt,runtime_s,tie_or_uncertain
INTEL,Intel CPU,CPU,CPU package RAPL,5,2000000,10T,10,0.0002419220826286,0.031755504832085,0.0322875300797294,131.1544448647503,7.682357863900575e-06,16.534249195187446,0.1259624125376365,99.20549517112467,0.755774475225819,85.0,2519.5,24000000.0,0.1666666666666666,runtime_opt,runtime_s,tie_or_uncertain
INTEL,Intel CPU,CPU,CPU package RAPL,1,2000000,10T,10,0.0002806352298206,0.0339082012331838,0.0344411325672645,120.88032585321534,9.515835845877688e-06,14.25337796169446,0.11796556156112034,85.52026777016677,0.7077933693667221,77.0,2519.5,24000000.0,0.1666666666666666,energy_opt,energy_j,tie_or_uncertain
INTEL,Intel CPU,CPU,CPU package RAPL,2,2000000,10T,10,0.000243084667637,0.0320214308588064,0.0325633545608927,131.6147912791277,7.783918877574129e-06,16.455171932000365,0.1249163417349271,98.73103159200218,0.7494980504095626,85.0,2519.0,24000000.0,0.1666666666666666,energy_opt,energy_j,tie_or_uncertain
INTEL,Intel CPU,CPU,CPU package RAPL,3,2000000,10T,10,0.0002398038581356,0.0315301573208722,0.0320219408099688,131.42215687570996,7.561053373167587e-06,16.68029877041491,0.1268626717999944,100.08179262248946,0.7611760307999663,85.0,2401.5,24000000.0,0.1666666666666666,energy_opt,energy_j,tie_or_uncertain
INTEL,Intel CPU,CPU,CPU package RAPL,4,2000000,10T,10,0.0002424371822803,0.0322702283950617,0.0327942190752844,133.08928562034424,7.823503243640486e-06,16.499119328054626,0.12395325967423641,98.99471596832774,0.7437195580454184,87.0,2519.0,24000000.0,0.1666666666666666,energy_opt,energy_j,tie_or_uncertain
INTEL,Intel CPU,CPU,CPU package RAPL,5,2000000,10T,10,0.0002419220826286,0.031755504832085,0.0322875300797294,131.1544448647503,7.682357863900575e-06,16.534249195187446,0.1259624125376365,99.20549517112467,0.755774475225819,85.0,2519.5,24000000.0,0.1666666666666666,energy_opt,energy_j,tie_or_uncertain
INTEL,Intel CPU,CPU,CPU package RAPL,1,2000000,10T,10,0.0002806352298206,0.0339082012331838,0.0344411325672645,120.88032585321534,9.515835845877688e-06,14.25337796169446,0.11796556156112034,85.52026777016677,0.7077933693667221,77.0,2519.5,24000000.0,0.1666666666666666,edp_opt,edp_j_s,tie_or_uncertain
INTEL,Intel CPU,CPU,CPU package RAPL,2,2000000,10T,10,0.000243084667637,0.0320214308588064,0.0325633545608927,131.6147912791277,7.783918877574129e-06,16.455171932000365,0.1249163417349271,98.73103159200218,0.7494980504095626,85.0,2519.0,24000000.0,0.1666666666666666,edp_opt,edp_j_s,tie_or_uncertain
INTEL,Intel CPU,CPU,CPU package RAPL,3,2000000,10T,10,0.0002398038581356,0.0315301573208722,0.0320219408099688,131.42215687570996,7.561053373167587e-06,16.68029877041491,0.1268626717999944,100.08179262248946,0.7611760307999663,85.0,2401.5,24000000.0,0.1666666666666666,edp_opt,edp_j_s,tie_or_uncertain
INTEL,Intel CPU,CPU,CPU package RAPL,4,2000000,10T,10,0.0002424371822803,0.0322702283950617,0.0327942190752844,133.08928562034424,7.823503243640486e-06,16.499119328054626,0.12395325967423641,98.99471596832774,0.7437195580454184,87.0,2519.0,24000000.0,0.1666666666666666,edp_opt,edp_j_s,tie_or_uncertain
INTEL,Intel CPU,CPU,CPU package RAPL,5,2000000,10T,10,0.0002419220826286,0.031755504832085,0.0322875300797294,131.1544448647503,7.682357863900575e-06,16.534249195187446,0.1259624125376365,99.20549517112467,0.755774475225819,85.0,2519.5,24000000.0,0.1666666666666666,edp_opt,edp_j_s,tie_or_uncertain
INTEL,Intel CPU,CPU,CPU package RAPL,1,2000000,10T,10,0.0002806352298206,0.0339082012331838,0.0344411325672645,120.88032585321534,9.515835845877688e-06,14.25337796169446,0.11796556156112034,85.52026777016677,0.7077933693667221,77.0,2519.5,24000000.0,0.1666666666666666,bandwidth_opt,logical_bandwidth_gb_s,tie_or_uncertain
INTEL,Intel CPU,CPU,CPU package RAPL,2,2000000,10T,10,0.000243084667637,0.0320214308588064,0.0325633545608927,131.6147912791277,7.783918877574129e-06,16.455171932000365,0.1249163417349271,98.73103159200218,0.7494980504095626,85.0,2519.0,24000000.0,0.1666666666666666,bandwidth_opt,logical_bandwidth_gb_s,tie_or_uncertain
INTEL,Intel CPU,CPU,CPU package RAPL,3,2000000,10T,10,0.0002398038581356,0.0315301573208722,0.0320219408099688,131.42215687570996,7.561053373167587e-06,16.68029877041491,0.1268626717999944,100.08179262248946,0.7611760307999663,85.0,2401.5,24000000.0,0.1666666666666666,bandwidth_opt,logical_bandwidth_gb_s,tie_or_uncertain
INTEL,Intel CPU,CPU,CPU package RAPL,4,2000000,10T,10,0.0002424371822803,0.0322702283950617,0.0327942190752844,133.08928562034424,7.823503243640486e-06,16.499119328054626,0.12395325967423641,98.99471596832774,0.7437195580454184,87.0,2519.0,24000000.0,0.1666666666666666,bandwidth_opt,logical_bandwidth_gb_s,tie_or_uncertain
INTEL,Intel CPU,CPU,CPU package RAPL,5,2000000,10T,10,0.0002419220826286,0.031755504832085,0.0322875300797294,131.1544448647503,7.682357863900575e-06,16.534249195187446,0.1259624125376365,99.20549517112467,0.755774475225819,85.0,2519.5,24000000.0,0.1666666666666666,bandwidth_opt,logical_bandwidth_gb_s,tie_or_uncertain
INTEL,Intel CPU,CPU,CPU package RAPL,1,2000000,10T,10,0.0002806352298206,0.0339082012331838,0.0344411325672645,120.88032585321534,9.515835845877688e-06,14.25337796169446,0.11796556156112034,85.52026777016677,0.7077933693667221,77.0,2519.5,24000000.0,0.1666666666666666,bytes_per_j_opt,logical_gb_per_j,tie_or_uncertain
INTEL,Intel CPU,CPU,CPU package RAPL,2,2000000,10T,10,0.000243084667637,0.0320214308588064,0.0325633545608927,131.6147912791277,7.783918877574129e-06,16.455171932000365,0.1249163417349271,98.73103159200218,0.7494980504095626,85.0,2519.0,24000000.0,0.1666666666666666,bytes_per_j_opt,logical_gb_per_j,tie_or_uncertain
INTEL,Intel CPU,CPU,CPU package RAPL,3,2000000,10T,10,0.0002398038581356,0.0315301573208722,0.0320219408099688,131.42215687570996,7.561053373167587e-06,16.68029877041491,0.1268626717999944,100.08179262248946,0.7611760307999663,85.0,2401.5,24000000.0,0.1666666666666666,bytes_per_j_opt,logical_gb_per_j,tie_or_uncertain
INTEL,Intel CPU,CPU,CPU package RAPL,4,2000000,10T,10,0.0002424371822803,0.0322702283950617,0.0327942190752844,133.08928562034424,7.823503243640486e-06,16.499119328054626,0.12395325967423641,98.99471596832774,0.7437195580454184,87.0,2519.0,24000000.0,0.1666666666666666,bytes_per_j_opt,logical_gb_per_j,tie_or_uncertain
INTEL,Intel CPU,CPU,CPU package RAPL,5,2000000,10T,10,0.0002419220826286,0.031755504832085,0.0322875300797294,131.1544448647503,7.682357863900575e-06,16.534249195187446,0.1259624125376365,99.20549517112467,0.755774475225819,85.0,2519.5,24000000.0,0.1666666666666666,bytes_per_j_opt,logical_gb_per_j,tie_or_uncertain
INTEL,Intel CPU,CPU,CPU package RAPL,1,4000000,10T,10,0.0013120183486238,0.1441273125819135,0.1470056671035386,109.76791395838728,0.00018909767864530838,6.097475701000177,0.05550648143427548,36.58485420600106,0.3330388886056529,72.0,2519.0,48000000.0,0.1666666666666666,runtime_opt,runtime_s,tie_or_uncertain
INTEL,Intel CPU,CPU,CPU package RAPL,2,4000000,10T,10,0.0013241957671957,0.1539358406084656,0.1570053505291005,116.230345766736,0.0002038411885534421,6.041402788155641,0.05196970353608506,36.24841672893385,0.3118182212165103,82.0,2400.0,48000000.0,0.1666666666666666,runtime_opt,runtime_s,tie_or_uncertain
INTEL,Intel CPU,CPU,CPU package RAPL,3,4000000,10T,10,0.0013028580729166,0.1512343587239583,0.1539888072916666,116.04756582667106,0.00019703690516587407,6.140346493836482,0.05289803234860183,36.84207896301889,0.317388194091611,82.0,2520.0,48000000.0,0.1666666666666666,runtime_opt,runtime_s,tie_or_uncertain
INTEL,Intel CPU,CPU,CPU package RAPL,4,4000000,10T,10,0.00133691188251,0.1581782730307076,0.1612853377837116,118.26791980468028,0.00021147041276966408,5.983939633313986,0.05057584614321169,35.90363779988391,0.30345507685927015,84.0,2519.5,48000000.0,0.1666666666666666,runtime_opt,runtime_s,tie_or_uncertain
INTEL,Intel CPU,CPU,CPU package RAPL,5,4000000,10T,10,0.001231422509225,0.1429996377613775,0.1456951291512915,116.143859610261,0.00017609297275038155,6.496551703472456,0.05594419765838529,38.97931022083473,0.3356651859503117,82.0,2519.0,48000000.0,0.1666666666666666,runtime_opt,runtime_s,tie_or_uncertain
INTEL,Intel CPU,CPU,CPU package RAPL,1,4000000,2T,2,0.0016446710743801,0.0962851338842975,0.0989928041322314,58.43288204660856,0.00015835737459231935,4.864194503460404,0.08308655425055878,29.185167020762425,0.4985193255033527,73.0,1592.0,48000000.0,0.1666666666666666,energy_opt,energy_j,tie_or_uncertain
INTEL,Intel CPU,CPU,CPU package RAPL,2,4000000,2T,2,0.0016305024793388,0.0978253338842975,0.1004052669421487,59.832686814600265,0.000159504449440493,4.90646294708129,0.0817784073138147,29.438777682487743,0.4906704438828883,79.0,1617.5,48000000.0,0.1666666666666666,energy_opt,energy_j,tie_or_uncertain
INTEL,Intel CPU,CPU,CPU package RAPL,3,4000000,2T,2,0.001648908496732,0.1039322826797385,0.1063720326797385,63.21180966726449,0.0001713748239953729,4.85169432740224,0.07697319633257312,29.11016596441344,0.4618391779954387,83.5,1666.5,48000000.0,0.1666666666666666,energy_opt,energy_j,tie_or_uncertain
INTEL,Intel CPU,CPU,CPU package RAPL,4,4000000,2T,2,0.0016534685430463,0.1029760496688741,0.1053889660596026,62.37938212005445,0.00017026765881465668,4.838313999769868,0.0776879675004479,29.02988399861921,0.46612780500268747,84.0,1606.5,48000000.0,0.1666666666666666,energy_opt,energy_j,tie_or_uncertain
INTEL,Intel CPU,CPU,CPU package RAPL,5,4000000,2T,2,0.0016338701298701,0.1015006599025974,0.1039781550324675,62.01488531675991,0.00016583889637695768,4.896349993641193,0.07881722155971203,29.37809996184716,0.47290332935827223,82.0,1609.0,48000000.0,0.1666666666666666,energy_opt,energy_j,tie_or_uncertain
INTEL,Intel CPU,CPU,CPU package RAPL,1,4000000,4T,4,0.0013379772727272,0.094651739973262,0.0971169725935828,70.73827289660595,0.0001266418769083092,5.9791748059319385,0.08452036911587579,35.87504883559163,0.5071222146952548,69.0,1850.0,48000000.0,0.1666666666666666,edp_opt,edp_j_s,clear_leader
INTEL,Intel CPU,CPU,CPU package RAPL,2,4000000,4T,4,0.0013335315860215,0.1027659583333333,0.1053918407258064,76.79883090818927,0.00013704165140526934,5.999107995534962,0.07784679021871302,35.99464797320978,0.4670807413122781,79.0,1833.5,48000000.0,0.1666666666666666,edp_opt,edp_j_s,clear_leader
INTEL,Intel CPU,CPU,CPU package RAPL,3,4000000,4T,4,0.0013462916666666,0.104096504704301,0.1065528642473118,77.12472115452297,0.00014014425681252096,5.942248769769103,0.07685176387742307,35.653492618614614,0.4611105832645384,81.0,1965.5,48000000.0,0.1666666666666666,edp_opt,edp_j_s,clear_leader
INTEL,Intel CPU,CPU,CPU package RAPL,4,4000000,4T,4,0.0013419651941097,0.1035915923694779,0.1061831378848728,76.9350484007199,0.00013901631136223932,5.961406476944762,0.07722634450358261,35.76843886166857,0.4633580670214956,81.0,1831.0,48000000.0,0.1666666666666666,edp_opt,edp_j_s,clear_leader
INTEL,Intel CPU,CPU,CPU package RAPL,5,4000000,4T,4,0.0013588731343283,0.1039402862957937,0.106581684531886,76.39919895991127,0.00014124166262174603,5.887230969471225,0.07696726923796963,35.32338581682735,0.46180361542781784,80.0,1778.5,48000000.0,0.1666666666666666,edp_opt,edp_j_s,clear_leader
INTEL,Intel CPU,CPU,CPU package RAPL,1,4000000,10T,10,0.0013120183486238,0.1441273125819135,0.1470056671035386,109.76791395838728,0.00018909767864530838,6.097475701000177,0.05550648143427548,36.58485420600106,0.3330388886056529,72.0,2519.0,48000000.0,0.1666666666666666,bandwidth_opt,logical_bandwidth_gb_s,tie_or_uncertain
INTEL,Intel CPU,CPU,CPU package RAPL,2,4000000,10T,10,0.0013241957671957,0.1539358406084656,0.1570053505291005,116.230345766736,0.0002038411885534421,6.041402788155641,0.05196970353608506,36.24841672893385,0.3118182212165103,82.0,2400.0,48000000.0,0.1666666666666666,bandwidth_opt,logical_bandwidth_gb_s,tie_or_uncertain
INTEL,Intel CPU,CPU,CPU package RAPL,3,4000000,10T,10,0.0013028580729166,0.1512343587239583,0.1539888072916666,116.04756582667106,0.00019703690516587407,6.140346493836482,0.05289803234860183,36.84207896301889,0.317388194091611,82.0,2520.0,48000000.0,0.1666666666666666,bandwidth_opt,logical_bandwidth_gb_s,tie_or_uncertain
INTEL,Intel CPU,CPU,CPU package RAPL,4,4000000,10T,10,0.00133691188251,0.1581782730307076,0.1612853377837116,118.26791980468028,0.00021147041276966408,5.983939633313986,0.05057584614321169,35.90363779988391,0.30345507685927015,84.0,2519.5,48000000.0,0.1666666666666666,bandwidth_opt,logical_bandwidth_gb_s,tie_or_uncertain
INTEL,Intel CPU,CPU,CPU package RAPL,5,4000000,10T,10,0.001231422509225,0.1429996377613775,0.1456951291512915,116.143859610261,0.00017609297275038155,6.496551703472456,0.05594419765838529,38.97931022083473,0.3356651859503117,82.0,2519.0,48000000.0,0.1666666666666666,bandwidth_opt,logical_bandwidth_gb_s,tie_or_uncertain
INTEL,Intel CPU,CPU,CPU package RAPL,1,4000000,2T,2,0.0016446710743801,0.0962851338842975,0.0989928041322314,58.43288204660856,0.00015835737459231935,4.864194503460404,0.08308655425055878,29.185167020762425,0.4985193255033527,73.0,1592.0,48000000.0,0.1666666666666666,bytes_per_j_opt,logical_gb_per_j,tie_or_uncertain
INTEL,Intel CPU,CPU,CPU package RAPL,2,4000000,2T,2,0.0016305024793388,0.0978253338842975,0.1004052669421487,59.832686814600265,0.000159504449440493,4.90646294708129,0.0817784073138147,29.438777682487743,0.4906704438828883,79.0,1617.5,48000000.0,0.1666666666666666,bytes_per_j_opt,logical_gb_per_j,tie_or_uncertain
INTEL,Intel CPU,CPU,CPU package RAPL,3,4000000,2T,2,0.001648908496732,0.1039322826797385,0.1063720326797385,63.21180966726449,0.0001713748239953729,4.85169432740224,0.07697319633257312,29.11016596441344,0.4618391779954387,83.5,1666.5,48000000.0,0.1666666666666666,bytes_per_j_opt,logical_gb_per_j,tie_or_uncertain
INTEL,Intel CPU,CPU,CPU package RAPL,4,4000000,2T,2,0.0016534685430463,0.1029760496688741,0.1053889660596026,62.37938212005445,0.00017026765881465668,4.838313999769868,0.0776879675004479,29.02988399861921,0.46612780500268747,84.0,1606.5,48000000.0,0.1666666666666666,bytes_per_j_opt,logical_gb_per_j,tie_or_uncertain
INTEL,Intel CPU,CPU,CPU package RAPL,5,4000000,2T,2,0.0016338701298701,0.1015006599025974,0.1039781550324675,62.01488531675991,0.00016583889637695768,4.896349993641193,0.07881722155971203,29.37809996184716,0.47290332935827223,82.0,1609.0,48000000.0,0.1666666666666666,bytes_per_j_opt,logical_gb_per_j,tie_or_uncertain
INTEL,Intel CPU,CPU,CPU package RAPL,1,8000000,8T,8,0.0031114378881987,0.3015076878881987,0.307924849378882,96.9151119515509,0.0009381224436785297,5.142317017056977,0.05306664023085514,30.853902102341866,0.31839984138513083,68.0,2325.0,96000000.0,0.1666666666666666,runtime_opt,runtime_s,tie_or_uncertain
INTEL,Intel CPU,CPU,CPU package RAPL,2,8000000,8T,8,0.003153121835443,0.3293178180379746,0.3360511503164557,104.4471294283994,0.0010383792028559823,5.074336113546361,0.04858528486349619,30.446016681278163,0.29151170918097713,81.0,2300.0,96000000.0,0.1666666666666666,runtime_opt,runtime_s,tie_or_uncertain
INTEL,Intel CPU,CPU,CPU package RAPL,3,8000000,8T,8,0.0030976795665634,0.3221364953560371,0.3286542956656346,104.0064038140992,0.0009978756393087416,5.165156581302106,0.04966838663317613,30.990939487812636,0.29801031979905684,80.0,2199.0,96000000.0,0.1666666666666666,runtime_opt,runtime_s,tie_or_uncertain
INTEL,Intel CPU,CPU,CPU package RAPL,4,8000000,8T,8,0.0031249561128526,0.3300942147335423,0.3367625689655172,105.56294566569171,0.0010315299341488618,5.120071905712137,0.04847101005061684,30.720431434272815,0.29082606030370106,82.5,2246.0,96000000.0,0.1666666666666666,runtime_opt,runtime_s,tie_or_uncertain
INTEL,Intel CPU,CPU,CPU package RAPL,5,8000000,8T,8,0.0031378348909657,0.3285688021806853,0.335402945482866,104.53972102392304,0.0010309946515653613,5.099057329646762,0.04869604141905519,30.59434397788057,0.2921762485143311,81.0,2296.5,96000000.0,0.1666666666666666,runtime_opt,runtime_s,tie_or_uncertain
INTEL,Intel CPU,CPU,CPU package RAPL,1,8000000,2T,2,0.0038557065637065,0.2030252702702702,0.2086495154440154,52.62595174799953,0.000782805867179367,4.14969337931649,0.07880792365748641,24.898160275898945,0.47284754194491846,58.0,1609.5,96000000.0,0.1666666666666666,energy_opt,energy_j,tie_or_uncertain
INTEL,Intel CPU,CPU,CPU package RAPL,2,8000000,2T,2,0.0038216311787072,0.2300634258555133,0.2360036349809885,60.28763881933628,0.0008792175613296217,4.18669391466828,0.0695460390564143,25.12016348800968,0.4172762343384857,80.0,1537.5,96000000.0,0.1666666666666666,energy_opt,energy_j,tie_or_uncertain
INTEL,Intel CPU,CPU,CPU package RAPL,3,8000000,2T,2,0.0037685545112781,0.2299276766917293,0.2358022725563909,60.99103193140042,0.0008664949832643089,4.245659695810961,0.06958709899657563,25.47395817486576,0.41752259397945374,80.0,1604.0,96000000.0,0.1666666666666666,energy_opt,energy_j,tie_or_uncertain
INTEL,Intel CPU,CPU,CPU package RAPL,4,8000000,2T,2,0.0038589478764478,0.2361209671814672,0.2419909382239382,61.18716644872359,0.0009111785048897235,4.146207855683234,0.0677618772741323,24.8772471340994,0.4065712636447938,84.0,1680.5,96000000.0,0.1666666666666666,energy_opt,energy_j,tie_or_uncertain
INTEL,Intel CPU,CPU,CPU package RAPL,5,8000000,2T,2,0.0037318643122676,0.2269078234200743,0.2326822657992565,60.65813894779967,0.0008467892083956935,4.287401325767359,0.07051321439181589,25.724407954604153,0.4230792863508953,82.0,1604.5,96000000.0,0.1666666666666666,energy_opt,energy_j,tie_or_uncertain
INTEL,Intel CPU,CPU,CPU package RAPL,1,8000000,4T,4,0.0031260390625,0.2214736031249999,0.2271792359375,70.8393553123338,0.0006923351346813717,5.118298165859851,0.07224337245721146,30.70978899515911,0.4334602347432688,70.0,1844.0,96000000.0,0.1666666666666666,edp_opt,edp_j_s,clear_leader
INTEL,Intel CPU,CPU,CPU package RAPL,2,8000000,4T,4,0.0031338915094339,0.2386214198113207,0.2447755314465408,76.12083724061647,0.0007478136415157603,5.105473482995653,0.06705181794933283,30.632840897973917,0.402310907695997,82.0,1844.0,96000000.0,0.1666666666666666,edp_opt,edp_j_s,clear_leader
INTEL,Intel CPU,CPU,CPU package RAPL,3,8000000,4T,4,0.0031881555555555,0.2432144968253968,0.2490015523809523,76.19833139095806,0.0007754056492455243,5.018575700335357,0.06578555229578427,30.111454202012137,0.39471331377470564,81.0,1837.0,96000000.0,0.1666666666666666,edp_opt,edp_j_s,clear_leader
INTEL,Intel CPU,CPU,CPU package RAPL,4,8000000,4T,4,0.0031523264984227,0.2420498864353312,0.2478907712933754,76.80943421521624,0.0007630202709502997,5.075616376668397,0.06610207604569457,30.453698260010384,0.39661245627416747,81.0,1841.0,96000000.0,0.1666666666666666,edp_opt,edp_j_s,clear_leader
INTEL,Intel CPU,CPU,CPU package RAPL,5,8000000,4T,4,0.0031650205047318,0.2424128249211356,0.2486396750788643,76.66436881816153,0.0007672415614853541,5.055259508138896,0.06600310856162538,30.33155704883338,0.3960186513697523,80.0,1849.5,96000000.0,0.1666666666666666,edp_opt,edp_j_s,clear_leader
INTEL,Intel CPU,CPU,CPU package RAPL,1,8000000,8T,8,0.0031114378881987,0.3015076878881987,0.307924849378882,96.9151119515509,0.0009381224436785297,5.142317017056977,0.05306664023085514,30.853902102341866,0.31839984138513083,68.0,2325.0,96000000.0,0.1666666666666666,bandwidth_opt,logical_bandwidth_gb_s,tie_or_uncertain
INTEL,Intel CPU,CPU,CPU package RAPL,2,8000000,8T,8,0.003153121835443,0.3293178180379746,0.3360511503164557,104.4471294283994,0.0010383792028559823,5.074336113546361,0.04858528486349619,30.446016681278163,0.29151170918097713,81.0,2300.0,96000000.0,0.1666666666666666,bandwidth_opt,logical_bandwidth_gb_s,tie_or_uncertain
INTEL,Intel CPU,CPU,CPU package RAPL,3,8000000,8T,8,0.0030976795665634,0.3221364953560371,0.3286542956656346,104.0064038140992,0.0009978756393087416,5.165156581302106,0.04966838663317613,30.990939487812636,0.29801031979905684,80.0,2199.0,96000000.0,0.1666666666666666,bandwidth_opt,logical_bandwidth_gb_s,tie_or_uncertain
INTEL,Intel CPU,CPU,CPU package RAPL,4,8000000,8T,8,0.0031249561128526,0.3300942147335423,0.3367625689655172,105.56294566569171,0.0010315299341488618,5.120071905712137,0.04847101005061684,30.720431434272815,0.29082606030370106,82.5,2246.0,96000000.0,0.1666666666666666,bandwidth_opt,logical_bandwidth_gb_s,tie_or_uncertain
INTEL,Intel CPU,CPU,CPU package RAPL,5,8000000,8T,8,0.0031378348909657,0.3285688021806853,0.335402945482866,104.53972102392304,0.0010309946515653613,5.099057329646762,0.04869604141905519,30.59434397788057,0.2921762485143311,81.0,2296.5,96000000.0,0.1666666666666666,bandwidth_opt,logical_bandwidth_gb_s,tie_or_uncertain
INTEL,Intel CPU,CPU,CPU package RAPL,1,8000000,2T,2,0.0038557065637065,0.2030252702702702,0.2086495154440154,52.62595174799953,0.000782805867179367,4.14969337931649,0.07880792365748641,24.898160275898945,0.47284754194491846,58.0,1609.5,96000000.0,0.1666666666666666,bytes_per_j_opt,logical_gb_per_j,tie_or_uncertain
INTEL,Intel CPU,CPU,CPU package RAPL,2,8000000,2T,2,0.0038216311787072,0.2300634258555133,0.2360036349809885,60.28763881933628,0.0008792175613296217,4.18669391466828,0.0695460390564143,25.12016348800968,0.4172762343384857,80.0,1537.5,96000000.0,0.1666666666666666,bytes_per_j_opt,logical_gb_per_j,tie_or_uncertain
INTEL,Intel CPU,CPU,CPU package RAPL,3,8000000,2T,2,0.0037685545112781,0.2299276766917293,0.2358022725563909,60.99103193140042,0.0008664949832643089,4.245659695810961,0.06958709899657563,25.47395817486576,0.41752259397945374,80.0,1604.0,96000000.0,0.1666666666666666,bytes_per_j_opt,logical_gb_per_j,tie_or_uncertain
INTEL,Intel CPU,CPU,CPU package RAPL,4,8000000,2T,2,0.0038589478764478,0.2361209671814672,0.2419909382239382,61.18716644872359,0.0009111785048897235,4.146207855683234,0.0677618772741323,24.8772471340994,0.4065712636447938,84.0,1680.5,96000000.0,0.1666666666666666,bytes_per_j_opt,logical_gb_per_j,tie_or_uncertain
INTEL,Intel CPU,CPU,CPU package RAPL,5,8000000,2T,2,0.0037318643122676,0.2269078234200743,0.2326822657992565,60.65813894779967,0.0008467892083956935,4.287401325767359,0.07051321439181589,25.724407954604153,0.4230792863508953,82.0,1604.5,96000000.0,0.1666666666666666,bytes_per_j_opt,logical_gb_per_j,tie_or_uncertain
INTEL,Intel CPU,CPU,CPU package RAPL,1,16000000,4T,4,0.0068140136054421,0.4867196632653061,0.4992755510204082,71.33264776500553,0.003316514407525993,4.696204300860624,0.0657462650785841,28.177225805163747,0.3944775904715045,69.0,1849.0,192000000.0,0.1666666666666666,runtime_opt,runtime_s,tie_or_uncertain
INTEL,Intel CPU,CPU,CPU package RAPL,2,16000000,4T,4,0.006743110738255,0.5195897281879194,0.532628768456376,76.99995763491641,0.0035036510756309555,4.745584232876034,0.06158705275333426,28.473505397256204,0.3695223165200056,80.5,1846.0,192000000.0,0.1666666666666666,runtime_opt,runtime_s,tie_or_uncertain
INTEL,Intel CPU,CPU,CPU package RAPL,3,16000000,4T,4,0.0067023758389261,0.5116990067114094,0.5241689194630872,76.33632988259339,0.003429599059385035,4.774426377904713,0.0625367639575027,28.64655826742828,0.37522058374501616,81.0,1849.5,192000000.0,0.1666666666666666,runtime_opt,runtime_s,tie_or_uncertain
INTEL,Intel CPU,CPU,CPU package RAPL,4,16000000,4T,4,0.0067363724832214,0.5139101912751678,0.5263724530201342,76.33324721853103,0.003461890471353087,4.750331143312503,0.062267689069559505,28.501986859875018,0.373606134417357,82.0,1849.5,192000000.0,0.1666666666666666,runtime_opt,runtime_s,tie_or_uncertain
INTEL,Intel CPU,CPU,CPU package RAPL,5,16000000,4T,4,0.0067128523489932,0.5032997315436241,0.5158949127516779,74.98787809449576,0.0033785767851402635,4.766975100353487,0.06358040347419967,28.601850602120923,0.381482420845198,79.0,1849.0,192000000.0,0.1666666666666666,runtime_opt,runtime_s,tie_or_uncertain
INTEL,Intel CPU,CPU,CPU package RAPL,1,16000000,2T,2,0.008000492,0.429142208,0.441283308,53.500332783304245,0.003433348801966336,3.9997540151280697,0.07456735646939673,23.998524090768417,0.44740413881638036,64.0,1469.0,192000000.0,0.1666666666666666,energy_opt,energy_j,tie_or_uncertain
INTEL,Intel CPU,CPU,CPU package RAPL,2,16000000,2T,2,0.0079598253968253,0.4794340396825396,0.4922805753968253,60.25914867219811,0.003816211245167628,4.020188685641634,0.06674536505832795,24.121132113849804,0.4004721903499678,80.5,1604.0,192000000.0,0.1666666666666666,energy_opt,energy_j,tie_or_uncertain
INTEL,Intel CPU,CPU,CPU package RAPL,3,16000000,2T,2,0.0079724166666666,0.4811020912698412,0.4937373452380952,60.35273331324661,0.0038355463308078377,4.013839383708445,0.06651394907791369,24.08303630225067,0.3990836944674821,81.0,1615.5,192000000.0,0.1666666666666666,energy_opt,energy_j,tie_or_uncertain
INTEL,Intel CPU,CPU,CPU package RAPL,4,16000000,2T,2,0.008132581300813,0.4896942235772358,0.5021685569105692,59.89805344349351,0.003982478085780368,3.9347900520589962,0.065346901105426,23.608740312353977,0.39208140663255603,82.0,1603.0,192000000.0,0.1666666666666666,energy_opt,energy_j,tie_or_uncertain
INTEL,Intel CPU,CPU,CPU package RAPL,5,16000000,2T,2,0.0079681587301587,0.4811854087301587,0.4937930317460317,60.21890958527919,0.0038341617153981964,4.015984254791905,0.06650243215904558,24.09590552875143,0.3990145929542735,81.5,1600.5,192000000.0,0.1666666666666666,energy_opt,energy_j,tie_or_uncertain
INTEL,Intel CPU,CPU,CPU package RAPL,1,16000000,4T,4,0.0068140136054421,0.4867196632653061,0.4992755510204082,71.33264776500553,0.003316514407525993,4.696204300860624,0.0657462650785841,28.177225805163747,0.3944775904715045,69.0,1849.0,192000000.0,0.1666666666666666,edp_opt,edp_j_s,tie_or_uncertain
INTEL,Intel CPU,CPU,CPU package RAPL,2,16000000,4T,4,0.006743110738255,0.5195897281879194,0.532628768456376,76.99995763491641,0.0035036510756309555,4.745584232876034,0.06158705275333426,28.473505397256204,0.3695223165200056,80.5,1846.0,192000000.0,0.1666666666666666,edp_opt,edp_j_s,tie_or_uncertain
INTEL,Intel CPU,CPU,CPU package RAPL,3,16000000,4T,4,0.0067023758389261,0.5116990067114094,0.5241689194630872,76.33632988259339,0.003429599059385035,4.774426377904713,0.0625367639575027,28.64655826742828,0.37522058374501616,81.0,1849.5,192000000.0,0.1666666666666666,edp_opt,edp_j_s,tie_or_uncertain
INTEL,Intel CPU,CPU,CPU package RAPL,4,16000000,4T,4,0.0067363724832214,0.5139101912751678,0.5263724530201342,76.33324721853103,0.003461890471353087,4.750331143312503,0.062267689069559505,28.501986859875018,0.373606134417357,82.0,1849.5,192000000.0,0.1666666666666666,edp_opt,edp_j_s,tie_or_uncertain
INTEL,Intel CPU,CPU,CPU package RAPL,5,16000000,4T,4,0.0067128523489932,0.5032997315436241,0.5158949127516779,74.98787809449576,0.0033785767851402635,4.766975100353487,0.06358040347419967,28.601850602120923,0.381482420845198,79.0,1849.0,192000000.0,0.1666666666666666,edp_opt,edp_j_s,tie_or_uncertain
INTEL,Intel CPU,CPU,CPU package RAPL,1,16000000,4T,4,0.0068140136054421,0.4867196632653061,0.4992755510204082,71.33264776500553,0.003316514407525993,4.696204300860624,0.0657462650785841,28.177225805163747,0.3944775904715045,69.0,1849.0,192000000.0,0.1666666666666666,bandwidth_opt,logical_bandwidth_gb_s,tie_or_uncertain
INTEL,Intel CPU,CPU,CPU package RAPL,2,16000000,4T,4,0.006743110738255,0.5195897281879194,0.532628768456376,76.99995763491641,0.0035036510756309555,4.745584232876034,0.06158705275333426,28.473505397256204,0.3695223165200056,80.5,1846.0,192000000.0,0.1666666666666666,bandwidth_opt,logical_bandwidth_gb_s,tie_or_uncertain
INTEL,Intel CPU,CPU,CPU package RAPL,3,16000000,4T,4,0.0067023758389261,0.5116990067114094,0.5241689194630872,76.33632988259339,0.003429599059385035,4.774426377904713,0.0625367639575027,28.64655826742828,0.37522058374501616,81.0,1849.5,192000000.0,0.1666666666666666,bandwidth_opt,logical_bandwidth_gb_s,tie_or_uncertain
INTEL,Intel CPU,CPU,CPU package RAPL,4,16000000,4T,4,0.0067363724832214,0.5139101912751678,0.5263724530201342,76.33324721853103,0.003461890471353087,4.750331143312503,0.062267689069559505,28.501986859875018,0.373606134417357,82.0,1849.5,192000000.0,0.1666666666666666,bandwidth_opt,logical_bandwidth_gb_s,tie_or_uncertain
INTEL,Intel CPU,CPU,CPU package RAPL,5,16000000,4T,4,0.0067128523489932,0.5032997315436241,0.5158949127516779,74.98787809449576,0.0033785767851402635,4.766975100353487,0.06358040347419967,28.601850602120923,0.381482420845198,79.0,1849.0,192000000.0,0.1666666666666666,bandwidth_opt,logical_bandwidth_gb_s,tie_or_uncertain
INTEL,Intel CPU,CPU,CPU package RAPL,1,16000000,2T,2,0.008000492,0.429142208,0.441283308,53.500332783304245,0.003433348801966336,3.9997540151280697,0.07456735646939673,23.998524090768417,0.44740413881638036,64.0,1469.0,192000000.0,0.1666666666666666,bytes_per_j_opt,logical_gb_per_j,tie_or_uncertain
INTEL,Intel CPU,CPU,CPU package RAPL,2,16000000,2T,2,0.0079598253968253,0.4794340396825396,0.4922805753968253,60.25914867219811,0.003816211245167628,4.020188685641634,0.06674536505832795,24.121132113849804,0.4004721903499678,80.5,1604.0,192000000.0,0.1666666666666666,bytes_per_j_opt,logical_gb_per_j,tie_or_uncertain
INTEL,Intel CPU,CPU,CPU package RAPL,3,16000000,2T,2,0.0079724166666666,0.4811020912698412,0.4937373452380952,60.35273331324661,0.0038355463308078377,4.013839383708445,0.06651394907791369,24.08303630225067,0.3990836944674821,81.0,1615.5,192000000.0,0.1666666666666666,bytes_per_j_opt,logical_gb_per_j,tie_or_uncertain
INTEL,Intel CPU,CPU,CPU package RAPL,4,16000000,2T,2,0.008132581300813,0.4896942235772358,0.5021685569105692,59.89805344349351,0.003982478085780368,3.9347900520589962,0.065346901105426,23.608740312353977,0.39208140663255603,82.0,1603.0,192000000.0,0.1666666666666666,bytes_per_j_opt,logical_gb_per_j,tie_or_uncertain
INTEL,Intel CPU,CPU,CPU package RAPL,5,16000000,2T,2,0.0079681587301587,0.4811854087301587,0.4937930317460317,60.21890958527919,0.0038341617153981964,4.015984254791905,0.06650243215904558,24.09590552875143,0.3990145929542735,81.5,1600.5,192000000.0,0.1666666666666666,bytes_per_j_opt,logical_gb_per_j,tie_or_uncertain
INTEL,Intel CPU,CPU,CPU package RAPL,1,32000000,4T,4,0.0138260821917808,1.0233717602739725,1.0472608150684932,74.02940601386968,0.01414922207029534,4.628932412831028,0.06253836824935076,27.77359447698617,0.3752302094961046,74.0,1846.5,384000000.0,0.1666666666666666,runtime_opt,runtime_s,tie_or_uncertain
INTEL,Intel CPU,CPU,CPU package RAPL,2,32000000,4T,4,0.0139019791666666,1.0423680208333337,1.0669141111111111,74.98769643171599,0.014490978509624502,4.603661049460905,0.061398660282032086,27.62196629676543,0.3683919616921925,79.0,1854.0,384000000.0,0.1666666666666666,runtime_opt,runtime_s,tie_or_uncertain
INTEL,Intel CPU,CPU,CPU package RAPL,3,32000000,4T,4,0.0137448219178082,1.046522828767123,1.0707865342465754,76.14102615498211,0.014384269914324992,4.6562989599071996,0.06115490101195065,27.937793759443196,0.36692940607170393,81.0,1849.5,384000000.0,0.1666666666666666,runtime_opt,runtime_s,tie_or_uncertain
INTEL,Intel CPU,CPU,CPU package RAPL,4,32000000,4T,4,0.013775602739726,1.0635131369863011,1.0879594931506849,77.21781934791838,0.014650534483603083,4.645894717581916,0.060177912029707605,27.8753683054915,0.3610674721782456,83.0,1721.5,384000000.0,0.1666666666666666,runtime_opt,runtime_s,tie_or_uncertain
INTEL,Intel CPU,CPU,CPU package RAPL,5,32000000,4T,4,0.0138840273972602,1.057367828767123,1.0829643013698629,76.00532763302465,0.014680523903584269,4.609613491012659,0.06052765958902226,27.657680946075953,0.36316595753413355,80.0,1720.0,384000000.0,0.1666666666666666,runtime_opt,runtime_s,tie_or_uncertain
INTEL,Intel CPU,CPU,CPU package RAPL,1,32000000,2T,2,0.0162416370967741,0.914346137096774,0.9386024354838708,56.39682912004589,0.014850478139563061,3.9404894727460467,0.0699953741842366,23.64293683647628,0.41997224510541964,70.0,1601.0,384000000.0,0.1666666666666666,energy_opt,energy_j,clear_leader
INTEL,Intel CPU,CPU,CPU package RAPL,2,32000000,2T,2,0.016123193548387,0.957881314516129,0.9824317661290324,59.432852548295095,0.01544410583032691,3.9694369361709176,0.0668141230339475,23.816621617025504,0.400884738203685,81.0,1610.5,384000000.0,0.1666666666666666,energy_opt,energy_j,clear_leader
INTEL,Intel CPU,CPU,CPU package RAPL,3,32000000,2T,2,0.0161604919354838,0.9793557983870969,1.0031020161290325,60.498154404839966,0.015826871481803978,3.9602754826710673,0.0653490795739421,23.761652896026405,0.39209447744365267,82.0,1612.5,384000000.0,0.1666666666666666,energy_opt,energy_j,clear_leader
INTEL,Intel CPU,CPU,CPU package RAPL,4,32000000,2T,2,0.0162259193548387,0.9906388951612904,1.0142039838709678,60.982833093689166,0.016074026822653607,3.9443065505508437,0.06460477204418656,23.665839303305063,0.3876286322651194,83.0,1606.5,384000000.0,0.1666666666666666,energy_opt,energy_j,clear_leader
INTEL,Intel CPU,CPU,CPU package RAPL,5,32000000,2T,2,0.0162467822580645,0.991620387096774,1.015675927419355,61.026354562767,0.016110640511818923,3.939241566940554,0.06454082714795387,23.635449401643324,0.3872449628877232,82.0,1604.5,384000000.0,0.1666666666666666,energy_opt,energy_j,clear_leader
INTEL,Intel CPU,CPU,CPU package RAPL,1,32000000,4T,4,0.0138260821917808,1.0233717602739725,1.0472608150684932,74.02940601386968,0.01414922207029534,4.628932412831028,0.06253836824935076,27.77359447698617,0.3752302094961046,74.0,1846.5,384000000.0,0.1666666666666666,edp_opt,edp_j_s,clear_leader
INTEL,Intel CPU,CPU,CPU package RAPL,2,32000000,4T,4,0.0139019791666666,1.0423680208333337,1.0669141111111111,74.98769643171599,0.014490978509624502,4.603661049460905,0.061398660282032086,27.62196629676543,0.3683919616921925,79.0,1854.0,384000000.0,0.1666666666666666,edp_opt,edp_j_s,clear_leader
INTEL,Intel CPU,CPU,CPU package RAPL,3,32000000,4T,4,0.0137448219178082,1.046522828767123,1.0707865342465754,76.14102615498211,0.014384269914324992,4.6562989599071996,0.06115490101195065,27.937793759443196,0.36692940607170393,81.0,1849.5,384000000.0,0.1666666666666666,edp_opt,edp_j_s,clear_leader
INTEL,Intel CPU,CPU,CPU package RAPL,4,32000000,4T,4,0.013775602739726,1.0635131369863011,1.0879594931506849,77.21781934791838,0.014650534483603083,4.645894717581916,0.060177912029707605,27.8753683054915,0.3610674721782456,83.0,1721.5,384000000.0,0.1666666666666666,edp_opt,edp_j_s,clear_leader
INTEL,Intel CPU,CPU,CPU package RAPL,5,32000000,4T,4,0.0138840273972602,1.057367828767123,1.0829643013698629,76.00532763302465,0.014680523903584269,4.609613491012659,0.06052765958902226,27.657680946075953,0.36316595753413355,80.0,1720.0,384000000.0,0.1666666666666666,edp_opt,edp_j_s,clear_leader
INTEL,Intel CPU,CPU,CPU package RAPL,1,32000000,4T,4,0.0138260821917808,1.0233717602739725,1.0472608150684932,74.02940601386968,0.01414922207029534,4.628932412831028,0.06253836824935076,27.77359447698617,0.3752302094961046,74.0,1846.5,384000000.0,0.1666666666666666,bandwidth_opt,logical_bandwidth_gb_s,tie_or_uncertain
INTEL,Intel CPU,CPU,CPU package RAPL,2,32000000,4T,4,0.0139019791666666,1.0423680208333337,1.0669141111111111,74.98769643171599,0.014490978509624502,4.603661049460905,0.061398660282032086,27.62196629676543,0.3683919616921925,79.0,1854.0,384000000.0,0.1666666666666666,bandwidth_opt,logical_bandwidth_gb_s,tie_or_uncertain
INTEL,Intel CPU,CPU,CPU package RAPL,3,32000000,4T,4,0.0137448219178082,1.046522828767123,1.0707865342465754,76.14102615498211,0.014384269914324992,4.6562989599071996,0.06115490101195065,27.937793759443196,0.36692940607170393,81.0,1849.5,384000000.0,0.1666666666666666,bandwidth_opt,logical_bandwidth_gb_s,tie_or_uncertain
INTEL,Intel CPU,CPU,CPU package RAPL,4,32000000,4T,4,0.013775602739726,1.0635131369863011,1.0879594931506849,77.21781934791838,0.014650534483603083,4.645894717581916,0.060177912029707605,27.8753683054915,0.3610674721782456,83.0,1721.5,384000000.0,0.1666666666666666,bandwidth_opt,logical_bandwidth_gb_s,tie_or_uncertain
INTEL,Intel CPU,CPU,CPU package RAPL,5,32000000,4T,4,0.0138840273972602,1.057367828767123,1.0829643013698629,76.00532763302465,0.014680523903584269,4.609613491012659,0.06052765958902226,27.657680946075953,0.36316595753413355,80.0,1720.0,384000000.0,0.1666666666666666,bandwidth_opt,logical_bandwidth_gb_s,tie_or_uncertain
INTEL,Intel CPU,CPU,CPU package RAPL,1,32000000,2T,2,0.0162416370967741,0.914346137096774,0.9386024354838708,56.39682912004589,0.014850478139563061,3.9404894727460467,0.0699953741842366,23.64293683647628,0.41997224510541964,70.0,1601.0,384000000.0,0.1666666666666666,bytes_per_j_opt,logical_gb_per_j,clear_leader
INTEL,Intel CPU,CPU,CPU package RAPL,2,32000000,2T,2,0.016123193548387,0.957881314516129,0.9824317661290324,59.432852548295095,0.01544410583032691,3.9694369361709176,0.0668141230339475,23.816621617025504,0.400884738203685,81.0,1610.5,384000000.0,0.1666666666666666,bytes_per_j_opt,logical_gb_per_j,clear_leader
INTEL,Intel CPU,CPU,CPU package RAPL,3,32000000,2T,2,0.0161604919354838,0.9793557983870969,1.0031020161290325,60.498154404839966,0.015826871481803978,3.9602754826710673,0.0653490795739421,23.761652896026405,0.39209447744365267,82.0,1612.5,384000000.0,0.1666666666666666,bytes_per_j_opt,logical_gb_per_j,clear_leader
INTEL,Intel CPU,CPU,CPU package RAPL,4,32000000,2T,2,0.0162259193548387,0.9906388951612904,1.0142039838709678,60.982833093689166,0.016074026822653607,3.9443065505508437,0.06460477204418656,23.665839303305063,0.3876286322651194,83.0,1606.5,384000000.0,0.1666666666666666,bytes_per_j_opt,logical_gb_per_j,clear_leader
INTEL,Intel CPU,CPU,CPU package RAPL,5,32000000,2T,2,0.0162467822580645,0.991620387096774,1.015675927419355,61.026354562767,0.016110640511818923,3.939241566940554,0.06454082714795387,23.635449401643324,0.3872449628877232,82.0,1604.5,384000000.0,0.1666666666666666,bytes_per_j_opt,logical_gb_per_j,clear_leader
INTEL,Intel CPU,CPU,CPU package RAPL,1,64000000,4T,4,0.0281593333333333,2.0920992361111117,2.139628263888889,74.25771956797362,0.058912119756064765,4.545562158195039,0.061182566195058775,27.27337294917023,0.3670953971703527,76.0,1837.5,768000000.0,0.1666666666666666,runtime_opt,runtime_s,tie_or_uncertain
INTEL,Intel CPU,CPU,CPU package RAPL,2,64000000,4T,4,0.0280301388888888,2.144187527777777,2.191107319444445,76.52635334233506,0.0601018742074342,4.566513227329724,0.059696271124503,27.399079363978345,0.35817762674701803,80.0,1840.0,768000000.0,0.1666666666666666,runtime_opt,runtime_s,tie_or_uncertain
INTEL,Intel CPU,CPU,CPU package RAPL,3,64000000,4T,4,0.0281220416666666,2.1337217083333333,2.180585388888889,75.83243706196984,0.06000461078682104,4.551589870934583,0.059989078941312265,27.309539225607498,0.35993447364787357,79.0,1839.0,768000000.0,0.1666666666666666,runtime_opt,runtime_s,tie_or_uncertain
INTEL,Intel CPU,CPU,CPU package RAPL,4,64000000,4T,4,0.0280764305555555,2.16172575,2.2076495416666666,76.81949654406243,0.06069354290003113,4.558984082635553,0.059211951377273454,27.353904495813318,0.35527170826364074,81.0,1834.5,768000000.0,0.1666666666666666,runtime_opt,runtime_s,tie_or_uncertain
INTEL,Intel CPU,CPU,CPU package RAPL,5,64000000,4T,4,0.0280920833333333,2.1382840833333336,2.1865885416666666,76.13078106385102,0.06006885465934021,4.556443837973337,0.059861082537014,27.338663027840024,0.359166495222084,81.0,1784.5,768000000.0,0.1666666666666666,runtime_opt,runtime_s,tie_or_uncertain
INTEL,Intel CPU,CPU,CPU package RAPL,1,64000000,2T,2,0.0329826129032258,1.7417065645161292,1.788323935483871,52.79009042983351,0.05744603340844276,3.8808326185546447,0.07349113944205649,23.28499571132787,0.4409468366523389,60.0,1605.0,768000000.0,0.1666666666666666,energy_opt,energy_j,clear_leader
INTEL,Intel CPU,CPU,CPU package RAPL,2,64000000,2T,2,0.0324945483870967,1.933271822580645,1.9811198548387097,59.506852610994464,0.0628207947842574,3.939122294459328,0.06620900305117884,23.634733766755968,0.3972540183070731,80.5,1479.5,768000000.0,0.1666666666666666,energy_opt,energy_j,clear_leader
INTEL,Intel CPU,CPU,CPU package RAPL,3,64000000,2T,2,0.0326543387096774,1.9753091612903224,2.0211341451612905,60.34553183160144,0.06450241440910297,3.9198466439029764,0.06479998296387544,23.519079863417858,0.3887998977832527,81.0,1581.0,768000000.0,0.1666666666666666,energy_opt,energy_j,clear_leader
INTEL,Intel CPU,CPU,CPU package RAPL,4,64000000,2T,2,0.0330326451612903,1.9997773225806448,2.04519685483871,60.45801406761375,0.06605793469840161,3.8749545903758964,0.06400712647087144,23.24972754225538,0.38404275882522865,82.0,1468.5,768000000.0,0.1666666666666666,energy_opt,energy_j,clear_leader
INTEL,Intel CPU,CPU,CPU package RAPL,5,64000000,2T,2,0.0327417096774193,2.008743564516129,2.054414064516129,61.37294702816296,0.06576969860577148,3.909386567198007,0.06372142380992915,23.45631940318804,0.38232854285957485,82.0,1604.0,768000000.0,0.1666666666666666,energy_opt,energy_j,clear_leader
INTEL,Intel CPU,CPU,CPU package RAPL,1,64000000,4T,4,0.0281593333333333,2.0920992361111117,2.139628263888889,74.25771956797362,0.058912119756064765,4.545562158195039,0.061182566195058775,27.27337294917023,0.3670953971703527,76.0,1837.5,768000000.0,0.1666666666666666,edp_opt,edp_j_s,tie_or_uncertain
INTEL,Intel CPU,CPU,CPU package RAPL,2,64000000,4T,4,0.0280301388888888,2.144187527777777,2.191107319444445,76.52635334233506,0.0601018742074342,4.566513227329724,0.059696271124503,27.399079363978345,0.35817762674701803,80.0,1840.0,768000000.0,0.1666666666666666,edp_opt,edp_j_s,tie_or_uncertain
INTEL,Intel CPU,CPU,CPU package RAPL,3,64000000,4T,4,0.0281220416666666,2.1337217083333333,2.180585388888889,75.83243706196984,0.06000461078682104,4.551589870934583,0.059989078941312265,27.309539225607498,0.35993447364787357,79.0,1839.0,768000000.0,0.1666666666666666,edp_opt,edp_j_s,tie_or_uncertain
INTEL,Intel CPU,CPU,CPU package RAPL,4,64000000,4T,4,0.0280764305555555,2.16172575,2.2076495416666666,76.81949654406243,0.06069354290003113,4.558984082635553,0.059211951377273454,27.353904495813318,0.35527170826364074,81.0,1834.5,768000000.0,0.1666666666666666,edp_opt,edp_j_s,tie_or_uncertain
INTEL,Intel CPU,CPU,CPU package RAPL,5,64000000,4T,4,0.0280920833333333,2.1382840833333336,2.1865885416666666,76.13078106385102,0.06006885465934021,4.556443837973337,0.059861082537014,27.338663027840024,0.359166495222084,81.0,1784.5,768000000.0,0.1666666666666666,edp_opt,edp_j_s,tie_or_uncertain
INTEL,Intel CPU,CPU,CPU package RAPL,1,64000000,4T,4,0.0281593333333333,2.0920992361111117,2.139628263888889,74.25771956797362,0.058912119756064765,4.545562158195039,0.061182566195058775,27.27337294917023,0.3670953971703527,76.0,1837.5,768000000.0,0.1666666666666666,bandwidth_opt,logical_bandwidth_gb_s,tie_or_uncertain
INTEL,Intel CPU,CPU,CPU package RAPL,2,64000000,4T,4,0.0280301388888888,2.144187527777777,2.191107319444445,76.52635334233506,0.0601018742074342,4.566513227329724,0.059696271124503,27.399079363978345,0.35817762674701803,80.0,1840.0,768000000.0,0.1666666666666666,bandwidth_opt,logical_bandwidth_gb_s,tie_or_uncertain
INTEL,Intel CPU,CPU,CPU package RAPL,3,64000000,4T,4,0.0281220416666666,2.1337217083333333,2.180585388888889,75.83243706196984,0.06000461078682104,4.551589870934583,0.059989078941312265,27.309539225607498,0.35993447364787357,79.0,1839.0,768000000.0,0.1666666666666666,bandwidth_opt,logical_bandwidth_gb_s,tie_or_uncertain
INTEL,Intel CPU,CPU,CPU package RAPL,4,64000000,4T,4,0.0280764305555555,2.16172575,2.2076495416666666,76.81949654406243,0.06069354290003113,4.558984082635553,0.059211951377273454,27.353904495813318,0.35527170826364074,81.0,1834.5,768000000.0,0.1666666666666666,bandwidth_opt,logical_bandwidth_gb_s,tie_or_uncertain
INTEL,Intel CPU,CPU,CPU package RAPL,5,64000000,4T,4,0.0280920833333333,2.1382840833333336,2.1865885416666666,76.13078106385102,0.06006885465934021,4.556443837973337,0.059861082537014,27.338663027840024,0.359166495222084,81.0,1784.5,768000000.0,0.1666666666666666,bandwidth_opt,logical_bandwidth_gb_s,tie_or_uncertain
INTEL,Intel CPU,CPU,CPU package RAPL,1,64000000,2T,2,0.0329826129032258,1.7417065645161292,1.788323935483871,52.79009042983351,0.05744603340844276,3.8808326185546447,0.07349113944205649,23.28499571132787,0.4409468366523389,60.0,1605.0,768000000.0,0.1666666666666666,bytes_per_j_opt,logical_gb_per_j,clear_leader
INTEL,Intel CPU,CPU,CPU package RAPL,2,64000000,2T,2,0.0324945483870967,1.933271822580645,1.9811198548387097,59.506852610994464,0.0628207947842574,3.939122294459328,0.06620900305117884,23.634733766755968,0.3972540183070731,80.5,1479.5,768000000.0,0.1666666666666666,bytes_per_j_opt,logical_gb_per_j,clear_leader
INTEL,Intel CPU,CPU,CPU package RAPL,3,64000000,2T,2,0.0326543387096774,1.9753091612903224,2.0211341451612905,60.34553183160144,0.06450241440910297,3.9198466439029764,0.06479998296387544,23.519079863417858,0.3887998977832527,81.0,1581.0,768000000.0,0.1666666666666666,bytes_per_j_opt,logical_gb_per_j,clear_leader
INTEL,Intel CPU,CPU,CPU package RAPL,4,64000000,2T,2,0.0330326451612903,1.9997773225806448,2.04519685483871,60.45801406761375,0.06605793469840161,3.8749545903758964,0.06400712647087144,23.24972754225538,0.38404275882522865,82.0,1468.5,768000000.0,0.1666666666666666,bytes_per_j_opt,logical_gb_per_j,clear_leader
INTEL,Intel CPU,CPU,CPU package RAPL,5,64000000,2T,2,0.0327417096774193,2.008743564516129,2.054414064516129,61.37294702816296,0.06576969860577148,3.909386567198007,0.06372142380992915,23.45631940318804,0.38232854285957485,82.0,1604.0,768000000.0,0.1666666666666666,bytes_per_j_opt,logical_gb_per_j,clear_leader
INTEL,Intel CPU,CPU,CPU package RAPL,1,128000000,4T,4,0.056623,4.018508805555555,4.110324111111111,70.98650944256376,0.22754002409697222,4.521130989174011,0.0637052231031775,27.126785935044065,0.38223133861906505,70.0,1719.5,1536000000.0,0.1666666666666666,runtime_opt,runtime_s,tie_or_uncertain
INTEL,Intel CPU,CPU,CPU package RAPL,2,128000000,4T,4,0.0567057222222222,4.328580166666667,4.422804333333334,76.2781890967982,0.2454552645476203,4.51453557009238,0.059141794801767365,27.087213420554274,0.35485076881060423,80.0,1816.0,1536000000.0,0.1666666666666666,runtime_opt,runtime_s,tie_or_uncertain
INTEL,Intel CPU,CPU,CPU package RAPL,3,128000000,4T,4,0.0566616111111111,4.349794888888889,4.442803944444444,76.77883658721149,0.24646638640732094,4.5180501397673725,0.058853349764589155,27.108300838604233,0.3531200985875349,81.0,1852.0,1536000000.0,0.1666666666666666,runtime_opt,runtime_s,tie_or_uncertain
INTEL,Intel CPU,CPU,CPU package RAPL,4,128000000,4T,4,0.0566531388888889,4.3370012777777776,4.429251333333333,76.53465696375193,0.24570473575123306,4.518725793853728,0.059026959782490784,27.11235476312237,0.3541617586949447,82.0,1847.5,1536000000.0,0.1666666666666666,runtime_opt,runtime_s,tie_or_uncertain
INTEL,Intel CPU,CPU,CPU package RAPL,5,128000000,4T,4,0.0568896388888888,4.322552972222223,4.413289194444444,75.96255125805727,0.24590847766781523,4.4999406746102535,0.05922425974768113,26.999644047661523,0.3553455584860868,80.0,1712.5,1536000000.0,0.1666666666666666,runtime_opt,runtime_s,tie_or_uncertain
INTEL,Intel CPU,CPU,CPU package RAPL,1,128000000,2T,2,0.0656673124999999,3.88305621875,3.9753305,59.06742502893318,0.2549898661717242,3.8984388161157106,0.06592745136263035,23.390632896694264,0.39556470817578215,78.0,1570.5,1536000000.0,0.1666666666666666,energy_opt,energy_j,clear_leader
INTEL,Intel CPU,CPU,CPU package RAPL,2,128000000,2T,2,0.06581509375,3.96762975,4.06298221875,60.34538608610319,0.26112992396153906,3.8896852593178903,0.06452214952768716,23.33811155590734,0.3871328971661229,81.0,1613.0,1536000000.0,0.1666666666666666,energy_opt,energy_j,clear_leader
INTEL,Intel CPU,CPU,CPU package RAPL,3,128000000,2T,2,0.06591825,3.98362475,4.073429031250001,60.46672193980108,0.2625935721766875,3.883598244795637,0.06426308100430393,23.301589468773823,0.3855784860258236,80.0,1604.5,1536000000.0,0.1666666666666666,energy_opt,energy_j,clear_leader
INTEL,Intel CPU,CPU,CPU package RAPL,4,128000000,2T,2,0.065759875,3.98619584375,4.0806575625,60.62271087321746,0.2621317404105195,3.89295143885234,0.06422163135847557,23.35770863311404,0.38532978815085345,82.5,1542.0,1536000000.0,0.1666666666666666,energy_opt,energy_j,clear_leader
INTEL,Intel CPU,CPU,CPU package RAPL,5,128000000,2T,2,0.0659459375,3.99469309375,4.084962625,60.52702289501438,0.2634337810921191,3.881967710292996,0.0640850233026741,23.291806261757976,0.3845101398160445,81.0,1529.5,1536000000.0,0.1666666666666666,energy_opt,energy_j,clear_leader
INTEL,Intel CPU,CPU,CPU package RAPL,1,128000000,4T,4,0.056623,4.018508805555555,4.110324111111111,70.98650944256376,0.22754002409697222,4.521130989174011,0.0637052231031775,27.126785935044065,0.38223133861906505,70.0,1719.5,1536000000.0,0.1666666666666666,edp_opt,edp_j_s,clear_leader
INTEL,Intel CPU,CPU,CPU package RAPL,2,128000000,4T,4,0.0567057222222222,4.328580166666667,4.422804333333334,76.2781890967982,0.2454552645476203,4.51453557009238,0.059141794801767365,27.087213420554274,0.35485076881060423,80.0,1816.0,1536000000.0,0.1666666666666666,edp_opt,edp_j_s,clear_leader
INTEL,Intel CPU,CPU,CPU package RAPL,3,128000000,4T,4,0.0566616111111111,4.349794888888889,4.442803944444444,76.77883658721149,0.24646638640732094,4.5180501397673725,0.058853349764589155,27.108300838604233,0.3531200985875349,81.0,1852.0,1536000000.0,0.1666666666666666,edp_opt,edp_j_s,clear_leader
INTEL,Intel CPU,CPU,CPU package RAPL,4,128000000,4T,4,0.0566531388888889,4.3370012777777776,4.429251333333333,76.53465696375193,0.24570473575123306,4.518725793853728,0.059026959782490784,27.11235476312237,0.3541617586949447,82.0,1847.5,1536000000.0,0.1666666666666666,edp_opt,edp_j_s,clear_leader
INTEL,Intel CPU,CPU,CPU package RAPL,5,128000000,4T,4,0.0568896388888888,4.322552972222223,4.413289194444444,75.96255125805727,0.24590847766781523,4.4999406746102535,0.05922425974768113,26.999644047661523,0.3553455584860868,80.0,1712.5,1536000000.0,0.1666666666666666,edp_opt,edp_j_s,clear_leader
INTEL,Intel CPU,CPU,CPU package RAPL,1,128000000,4T,4,0.056623,4.018508805555555,4.110324111111111,70.98650944256376,0.22754002409697222,4.521130989174011,0.0637052231031775,27.126785935044065,0.38223133861906505,70.0,1719.5,1536000000.0,0.1666666666666666,bandwidth_opt,logical_bandwidth_gb_s,tie_or_uncertain
INTEL,Intel CPU,CPU,CPU package RAPL,2,128000000,4T,4,0.0567057222222222,4.328580166666667,4.422804333333334,76.2781890967982,0.2454552645476203,4.51453557009238,0.059141794801767365,27.087213420554274,0.35485076881060423,80.0,1816.0,1536000000.0,0.1666666666666666,bandwidth_opt,logical_bandwidth_gb_s,tie_or_uncertain
INTEL,Intel CPU,CPU,CPU package RAPL,3,128000000,4T,4,0.0566616111111111,4.349794888888889,4.442803944444444,76.77883658721149,0.24646638640732094,4.5180501397673725,0.058853349764589155,27.108300838604233,0.3531200985875349,81.0,1852.0,1536000000.0,0.1666666666666666,bandwidth_opt,logical_bandwidth_gb_s,tie_or_uncertain
INTEL,Intel CPU,CPU,CPU package RAPL,4,128000000,4T,4,0.0566531388888889,4.3370012777777776,4.429251333333333,76.53465696375193,0.24570473575123306,4.518725793853728,0.059026959782490784,27.11235476312237,0.3541617586949447,82.0,1847.5,1536000000.0,0.1666666666666666,bandwidth_opt,logical_bandwidth_gb_s,tie_or_uncertain
INTEL,Intel CPU,CPU,CPU package RAPL,5,128000000,4T,4,0.0568896388888888,4.322552972222223,4.413289194444444,75.96255125805727,0.24590847766781523,4.4999406746102535,0.05922425974768113,26.999644047661523,0.3553455584860868,80.0,1712.5,1536000000.0,0.1666666666666666,bandwidth_opt,logical_bandwidth_gb_s,tie_or_uncertain
INTEL,Intel CPU,CPU,CPU package RAPL,1,128000000,2T,2,0.0656673124999999,3.88305621875,3.9753305,59.06742502893318,0.2549898661717242,3.8984388161157106,0.06592745136263035,23.390632896694264,0.39556470817578215,78.0,1570.5,1536000000.0,0.1666666666666666,bytes_per_j_opt,logical_gb_per_j,clear_leader
INTEL,Intel CPU,CPU,CPU package RAPL,2,128000000,2T,2,0.06581509375,3.96762975,4.06298221875,60.34538608610319,0.26112992396153906,3.8896852593178903,0.06452214952768716,23.33811155590734,0.3871328971661229,81.0,1613.0,1536000000.0,0.1666666666666666,bytes_per_j_opt,logical_gb_per_j,clear_leader
INTEL,Intel CPU,CPU,CPU package RAPL,3,128000000,2T,2,0.06591825,3.98362475,4.073429031250001,60.46672193980108,0.2625935721766875,3.883598244795637,0.06426308100430393,23.301589468773823,0.3855784860258236,80.0,1604.5,1536000000.0,0.1666666666666666,bytes_per_j_opt,logical_gb_per_j,clear_leader
INTEL,Intel CPU,CPU,CPU package RAPL,4,128000000,2T,2,0.065759875,3.98619584375,4.0806575625,60.62271087321746,0.2621317404105195,3.89295143885234,0.06422163135847557,23.35770863311404,0.38532978815085345,82.5,1542.0,1536000000.0,0.1666666666666666,bytes_per_j_opt,logical_gb_per_j,clear_leader
INTEL,Intel CPU,CPU,CPU package RAPL,5,128000000,2T,2,0.0659459375,3.99469309375,4.084962625,60.52702289501438,0.2634337810921191,3.881967710292996,0.0640850233026741,23.291806261757976,0.3845101398160445,81.0,1529.5,1536000000.0,0.1666666666666666,bytes_per_j_opt,logical_gb_per_j,clear_leader
INTEL,Intel CPU,CPU,CPU package RAPL,1,256000000,8T,8,0.1159213888888889,11.061040722222224,11.269175166666669,95.4008957136102,1.282211203076559,4.416786279974216,0.04628859190178774,26.500717679845295,0.2777315514107264,65.0,2263.0,3072000000.0,0.1666666666666666,runtime_opt,runtime_s,tie_or_uncertain
INTEL,Intel CPU,CPU,CPU package RAPL,2,256000000,8T,8,0.11609,12.067117944444444,12.276445833333334,103.9219004043613,1.4008717221705556,4.410371263674735,0.042429352423435845,26.462227582048413,0.2545761145406151,79.0,2319.0,3072000000.0,0.1666666666666666,runtime_opt,runtime_s,tie_or_uncertain
INTEL,Intel CPU,CPU,CPU package RAPL,3,256000000,8T,8,0.1159725,12.165764055555556,12.379323333333332,104.79389566120398,1.4108940719329168,4.414839724934791,0.042085313973041646,26.48903834960874,0.25251188383824985,80.0,2386.0,3072000000.0,0.1666666666666666,runtime_opt,runtime_s,tie_or_uncertain
INTEL,Intel CPU,CPU,CPU package RAPL,4,256000000,8T,8,0.1164095555555555,12.2797605,12.492407555555555,105.4676346670872,1.429481462133666,4.398264365468282,0.041694624255904665,26.389586192809688,0.250167745535428,82.0,2311.0,3072000000.0,0.1666666666666666,runtime_opt,runtime_s,tie_or_uncertain
INTEL,Intel CPU,CPU,CPU package RAPL,5,256000000,8T,8,0.115885,12.264515333333334,12.478817333333334,105.84356584330814,1.4212733594033333,4.418173188937308,0.04174645194567547,26.50903913362385,0.25047871167405283,81.0,2262.0,3072000000.0,0.1666666666666666,runtime_opt,runtime_s,tie_or_uncertain
INTEL,Intel CPU,CPU,CPU package RAPL,1,256000000,2T,2,0.135046875,7.8770550625,8.0581315,58.22823500992679,1.0637716703935547,3.7912761772532684,0.06499891087945533,22.747657063519608,0.389993465276732,75.0,1559.5,3072000000.0,0.1666666666666666,energy_opt,energy_j,tie_or_uncertain
INTEL,Intel CPU,CPU,CPU package RAPL,2,256000000,2T,2,0.1345499375,8.0917723125,8.2699169375,59.91352415301225,1.0887474589111055,3.805278616350156,0.06327414813798865,22.831671698100937,0.37964488882793196,81.0,1470.5,3072000000.0,0.1666666666666666,energy_opt,energy_j,tie_or_uncertain
INTEL,Intel CPU,CPU,CPU package RAPL,3,256000000,2T,2,0.1341823125,7.96736775,8.1481659375,59.37549459232415,1.069079829232922,3.8157041003448193,0.06426212722514282,22.89422460206892,0.385572763350857,82.0,1616.0,3072000000.0,0.1666666666666666,energy_opt,energy_j,tie_or_uncertain
INTEL,Intel CPU,CPU,CPU package RAPL,4,256000000,2T,2,0.1340774375,8.125505625,8.2971954375,60.57623984758433,1.089446972591836,3.8186887335164053,0.06301146336354914,22.91213240109843,0.37806878018129486,83.0,1556.5,3072000000.0,0.1666666666666666,energy_opt,energy_j,tie_or_uncertain
INTEL,Intel CPU,CPU,CPU package RAPL,5,256000000,2T,2,0.1352796875,8.1295683125,8.298509,60.11514607574624,1.0997654608249023,3.784751498631308,0.06297997388283832,22.70850899178785,0.3778798432970299,81.0,1478.0,3072000000.0,0.1666666666666666,energy_opt,energy_j,tie_or_uncertain
INTEL,Intel CPU,CPU,CPU package RAPL,1,256000000,4T,4,0.1173511666666666,7.821570833333332,7.991359999999999,66.70991649295149,0.9178704624576381,4.3629732412829325,0.0654599965799709,26.177839447697593,0.3927599794798254,59.0,1893.5,3072000000.0,0.1666666666666666,edp_opt,edp_j_s,tie_or_uncertain
INTEL,Intel CPU,CPU,CPU package RAPL,2,256000000,4T,4,0.1161355,8.71435688888889,8.889787555555555,75.09130244086316,1.0120461944695558,4.408643351946648,0.05875361848592842,26.45186011167989,0.35252171091557055,79.0,1850.5,3072000000.0,0.1666666666666666,edp_opt,edp_j_s,tie_or_uncertain
INTEL,Intel CPU,CPU,CPU package RAPL,3,256000000,4T,4,0.1161307777777777,8.84801338888889,9.021134555555555,76.05997670443321,1.0275266766398574,4.408822620474813,0.05786609688486192,26.452935722848878,0.34719658130917147,79.0,1838.0,3072000000.0,0.1666666666666666,edp_opt,edp_j_s,tie_or_uncertain
INTEL,Intel CPU,CPU,CPU package RAPL,4,256000000,4T,4,0.1167053888888888,9.128960833333334,9.306031222222222,78.28090378413326,1.0653989242056012,4.387115324104336,0.0560852444596423,26.32269194462602,0.33651146675785387,83.0,1854.5,3072000000.0,0.1666666666666666,edp_opt,edp_j_s,tie_or_uncertain
INTEL,Intel CPU,CPU,CPU package RAPL,5,256000000,4T,4,0.1168386666666666,8.9118865,9.0849915,76.30188207723928,1.041252936144666,4.382110945006792,0.057451360045934166,26.29266567004075,0.34470816027560497,80.0,1834.5,3072000000.0,0.1666666666666666,edp_opt,edp_j_s,tie_or_uncertain
INTEL,Intel CPU,CPU,CPU package RAPL,1,256000000,8T,8,0.1159213888888889,11.061040722222224,11.269175166666669,95.4008957136102,1.282211203076559,4.416786279974216,0.04628859190178774,26.500717679845295,0.2777315514107264,65.0,2263.0,3072000000.0,0.1666666666666666,bandwidth_opt,logical_bandwidth_gb_s,tie_or_uncertain
INTEL,Intel CPU,CPU,CPU package RAPL,2,256000000,8T,8,0.11609,12.067117944444444,12.276445833333334,103.9219004043613,1.4008717221705556,4.410371263674735,0.042429352423435845,26.462227582048413,0.2545761145406151,79.0,2319.0,3072000000.0,0.1666666666666666,bandwidth_opt,logical_bandwidth_gb_s,tie_or_uncertain
INTEL,Intel CPU,CPU,CPU package RAPL,3,256000000,8T,8,0.1159725,12.165764055555556,12.379323333333332,104.79389566120398,1.4108940719329168,4.414839724934791,0.042085313973041646,26.48903834960874,0.25251188383824985,80.0,2386.0,3072000000.0,0.1666666666666666,bandwidth_opt,logical_bandwidth_gb_s,tie_or_uncertain
INTEL,Intel CPU,CPU,CPU package RAPL,4,256000000,8T,8,0.1164095555555555,12.2797605,12.492407555555555,105.4676346670872,1.429481462133666,4.398264365468282,0.041694624255904665,26.389586192809688,0.250167745535428,82.0,2311.0,3072000000.0,0.1666666666666666,bandwidth_opt,logical_bandwidth_gb_s,tie_or_uncertain
INTEL,Intel CPU,CPU,CPU package RAPL,5,256000000,8T,8,0.115885,12.264515333333334,12.478817333333334,105.84356584330814,1.4212733594033333,4.418173188937308,0.04174645194567547,26.50903913362385,0.25047871167405283,81.0,2262.0,3072000000.0,0.1666666666666666,bandwidth_opt,logical_bandwidth_gb_s,tie_or_uncertain
INTEL,Intel CPU,CPU,CPU package RAPL,1,256000000,2T,2,0.135046875,7.8770550625,8.0581315,58.22823500992679,1.0637716703935547,3.7912761772532684,0.06499891087945533,22.747657063519608,0.389993465276732,75.0,1559.5,3072000000.0,0.1666666666666666,bytes_per_j_opt,logical_gb_per_j,tie_or_uncertain
INTEL,Intel CPU,CPU,CPU package RAPL,2,256000000,2T,2,0.1345499375,8.0917723125,8.2699169375,59.91352415301225,1.0887474589111055,3.805278616350156,0.06327414813798865,22.831671698100937,0.37964488882793196,81.0,1470.5,3072000000.0,0.1666666666666666,bytes_per_j_opt,logical_gb_per_j,tie_or_uncertain
INTEL,Intel CPU,CPU,CPU package RAPL,3,256000000,2T,2,0.1341823125,7.96736775,8.1481659375,59.37549459232415,1.069079829232922,3.8157041003448193,0.06426212722514282,22.89422460206892,0.385572763350857,82.0,1616.0,3072000000.0,0.1666666666666666,bytes_per_j_opt,logical_gb_per_j,tie_or_uncertain
INTEL,Intel CPU,CPU,CPU package RAPL,4,256000000,2T,2,0.1340774375,8.125505625,8.2971954375,60.57623984758433,1.089446972591836,3.8186887335164053,0.06301146336354914,22.91213240109843,0.37806878018129486,83.0,1556.5,3072000000.0,0.1666666666666666,bytes_per_j_opt,logical_gb_per_j,tie_or_uncertain
INTEL,Intel CPU,CPU,CPU package RAPL,5,256000000,2T,2,0.1352796875,8.1295683125,8.298509,60.11514607574624,1.0997654608249023,3.784751498631308,0.06297997388283832,22.70850899178785,0.3778798432970299,81.0,1478.0,3072000000.0,0.1666666666666666,bytes_per_j_opt,logical_gb_per_j,tie_or_uncertain
