platform,platform_label,device_kind,energy_domain,problem_size,configuration,num_threads,sessions,working_set_bytes,operational_intensity_flop_per_byte,runtime_s_median,runtime_s_ci95_low,runtime_s_ci95_high,runtime_s_session_cv_pct,energy_j_median,energy_j_ci95_low,energy_j_ci95_high,energy_j_session_cv_pct,total_energy_j_median,total_energy_j_ci95_low,total_energy_j_ci95_high,total_energy_j_session_cv_pct,power_w_median,power_w_ci95_low,power_w_ci95_high,power_w_session_cv_pct,edp_j_s_median,edp_j_s_ci95_low,edp_j_s_ci95_high,edp_j_s_session_cv_pct,throughput_gflops_median,throughput_gflops_ci95_low,throughput_gflops_ci95_high,throughput_gflops_session_cv_pct,efficiency_gflop_per_j_median,efficiency_gflop_per_j_ci95_low,efficiency_gflop_per_j_ci95_high,efficiency_gflop_per_j_session_cv_pct,logical_bandwidth_gb_s_median,logical_bandwidth_gb_s_ci95_low,logical_bandwidth_gb_s_ci95_high,logical_bandwidth_gb_s_session_cv_pct,logical_gb_per_j_median,logical_gb_per_j_ci95_low,logical_gb_per_j_ci95_high,logical_gb_per_j_session_cv_pct,temperature_c_median,temperature_c_ci95_low,temperature_c_ci95_high,temperature_c_session_cv_pct,clock_mhz_median,clock_mhz_ci95_low,clock_mhz_ci95_high,clock_mhz_session_cv_pct
3090,RTX 3090,GPU,GPU board NVML,1000000,gpu_resident,-1,5,12000000.0,0.1666666666666666,1.538917117033889e-05,1.5353986374516665e-05,1.5482835740044266e-05,0.34224159411816446,0.0053469386183744,0.0053173818652131,0.0053807478602714,0.4375622775411452,0.0053469386183744,0.0053173818652131,0.0053807478602714,0.4375622775411452,347.3848412608596,345.5401208811676,348.424119322583,0.30191713415931476,8.214436896471797e-08,8.183009970182028e-08,8.330923527917674e-08,0.7254271133130586,129.96151500704616,129.17530312791925,130.2593314345675,0.3412059626038511,0.3740458125191736,0.37169554343308736,0.37612495222211156,0.43689833038323594,779.769090042277,775.0518187675156,781.5559886074052,0.3412059626038508,2.2442748751150416,2.2301732605985243,2.25674971333267,0.4368983303832418,65.0,64.0,65.0,0.690144437499935,1935.0,1920.0,1935.0,0.3472155244564891
5060ti,RTX 5060 Ti,GPU,GPU board NVML,1000000,gpu_resident,-1,5,12000000.0,0.1666666666666666,8.18810284123475e-06,8.188016867272578e-06,8.188328011135675e-06,0.0014337653169848405,0.0011669327765495,0.0011522025710308,0.0011807213624826,1.005261268071046,0.0011669327765495,0.0011522025710308,0.0011807213624826,1.005261268071046,142.51507646584383,140.7151929643303,144.19976957440963,1.0075384284032671,9.55494169609149e-09,9.43437201399628e-09,9.667867942850342e-09,1.0059205941152458,244.25682466127938,244.2501078706312,244.2593893515266,0.001433745595615575,1.7138947848510984,1.693879744662851,1.735805881955923,1.008109487600183,1465.5409479676762,1465.5006472237874,1465.5563361091597,0.0014337455956134446,10.28336870910659,10.163278467977106,10.414835291735539,1.0081094876001861,70.0,69.0,70.0,0.6416263923959223,2745.0,2737.0,2745.0,0.1304114880804718
AMD,AMD CPU,CPU,CPU package RAPL,1000000,1T,1,5,12000000.0,0.1666666666666666,0.0001817408497333,0.0001692798032898,0.000191934073359,4.679865627894202,0.0131779518116608,0.0125240882652196,0.0139447117760617,3.906262529157684,0.0131779518116608,0.0125240882652196,0.0139447117760617,3.906262529157684,73.98323400814641,72.44472468938645,74.70076085683581,1.3592278853537096,2.3949721599957138e-06,2.120075197920467e-06,2.6764653329967373e-06,8.52517169395136,11.004680581910717,10.42024464441565,11.814758530739091,4.667407238991311,0.15176865332215408,0.1434235452204409,0.15969226323277844,3.9201586001165176,66.0280834914643,62.52146786649389,70.88855118443456,4.667407238991321,0.9106119199329243,0.8605412713226455,0.9581535793966707,3.920158600116518,60.0,59.0,62.0,2.1658479751503816,1827.0,1807.0,1833.5,0.6449460254154638
AMD,AMD CPU,CPU,CPU package RAPL,1000000,2T,2,5,12000000.0,0.1666666666666666,6.597086070959265e-05,6.583224308235756e-05,6.800193862127883e-05,1.3893788385003565,0.0062603777392555,0.0061983434625492,0.0063695657488335,1.0214984125848086,0.0062603777392555,0.0061983434625492,0.0063695657488335,1.0214984125848086,94.83553466144885,93.91700178145842,95.1083288717102,0.588334519553193,4.121347091180482e-07,4.0891005319804743e-07,4.3314281909637565e-07,2.334543030629152,30.31641513370744,29.410926225773363,30.38024995590621,1.364860291431161,0.31946954054530347,0.3139931478635373,0.3226668564083504,1.0176747491660036,181.89849080224462,176.46555735464017,182.28149973543722,1.3648602914311612,1.9168172432718205,1.8839588871812238,1.9360011384501024,1.0176747491660014,68.0,67.0,68.0,0.8102404696821984,1867.0,1833.0,1946.0,2.2314963421038887
AMD,AMD CPU,CPU,CPU package RAPL,1000000,4T,4,5,12000000.0,0.1666666666666666,3.757998674862885e-05,3.731910911472955e-05,3.770685336125028e-05,0.4521497768247544,0.0045918014311954,0.0045692674936503,0.0046463838704853,0.6357404890472329,0.0045918014311954,0.0045692674936503,0.0046463838704853,0.6357404890472329,122.75535166240915,121.9996291872061,123.25652277602312,0.42330400098916376,1.7266502022023212e-07,1.7126468582175482e-07,1.7520051526446772e-07,0.8880154763684325,53.219816531014935,53.0407557702843,53.59184737908484,0.45276888411191335,0.4355589042706781,0.43044226558730425,0.4377069197150983,0.6336841466459863,319.3188991860896,318.24453462170584,321.55108427450904,0.4527688841119082,2.613353425624069,2.5826535935238257,2.62624151829059,0.6336841466459827,67.0,61.0,67.5,4.08414242465715,1983.0,1949.0,1995.5,0.8841663357512572
AMD,AMD CPU,CPU,CPU package RAPL,1000000,8T,8,5,12000000.0,0.1666666666666666,2.431966914885876e-05,2.4239636928453545e-05,2.474093188922004e-05,0.8631900755275014,0.0038585049360855,0.0038473213638963,0.0038983285963509,0.556378425480623,0.0038585049360855,0.0038473213638963,0.0038983285963509,0.556378425480623,158.57122506213784,157.34683487686624,159.32290489172254,0.45047493700215624,9.383756345483778e-08,9.326536594432115e-08,9.644828228411638e-08,1.4135218335481818,82.23796087677668,80.83769879627805,82.50948666860239,0.8571430488086469,0.5183354778934206,0.5130403839922925,0.5198421995022893,0.5549501374912909,493.4277652606602,485.02619277766826,495.05692001161435,0.857143048808651,3.1100128673605236,3.0782423039537545,3.119053197013735,0.5549501374912902,66.0,64.0,67.0,1.9728931563330467,2204.0,2170.0,2206.0,0.687806314284267
AMD,AMD CPU,CPU,CPU package RAPL,1000000,10T,10,5,12000000.0,0.1666666666666666,2.264302467186866e-05,2.2384571912969763e-05,2.2895552764403508e-05,0.8011683839471395,0.0038193342316539,0.0038055064446714,0.0038460212360151,0.38993969420134705,0.0038193342316539,0.0038055064446714,0.0038460212360151,0.38993969420134705,168.782750899182,167.97832372401336,169.824636344706,0.3891824938771442,8.648127923745179e-08,8.518463267601684e-08,8.805678214220013e-08,1.1845829665480094,88.32742219659235,87.35320874669895,89.34725255304915,0.8018781560779789,0.523651473972712,0.5200179295089435,0.5255542275589805,0.38937364352643283,529.9645331795541,524.1192524801937,536.0835153182949,0.801878156077978,3.141908843836272,3.120107577053661,3.1533253653538833,0.389373643526443,64.0,63.0,65.5,1.614987644340165,2299.0,2270.0,2444.5,3.0279560210400667
AMD,AMD CPU,CPU,CPU package RAPL,1000000,16T,16,5,12000000.0,0.1666666666666666,2.1910510621626327e-05,2.130687980829865e-05,2.1991949890827288e-05,1.3032231028316823,0.0039046152236151,0.0038340479673771,0.0039202104827859,0.8814982607371,0.0039046152236151,0.0038340479673771,0.0039202104827859,0.8814982607371,178.24501032846356,178.0957266678293,180.1252863532187,0.48377992466297853,8.549286313311295e-08,8.16915992201556e-08,8.621307249892336e-08,2.167716237508973,91.28039207018482,90.9423679995828,93.86639517349865,1.3250471876352405,0.5122143631218785,0.5101766879054664,0.5216418826831253,0.8909354258588751,547.6823524211089,545.6542079974969,563.1983710409918,1.3250471876352317,3.073286178731271,3.0610601274327984,3.1298512960987517,0.8909354258588776,65.0,64.0,68.0,2.4972153077743133,2538.0,2458.0,2610.0,2.292986770636986
AMD,AMD CPU,CPU,CPU package RAPL,1000000,20T,20,5,12000000.0,0.1666666666666666,2.264972583495717e-05,1.342772e-05,2.3032038004322765e-05,19.864727443627473,0.004111769452123,0.002957877205,0.0041442446635518,13.244825422616401,0.004111769452123,0.002957877205,0.0041442446635518,13.244825422616401,181.735034845886,179.29735047964215,220.3152017970081,9.215028636226444,9.313045078713801e-08,3.9717546903122595e-08,9.49614549009029e-08,29.049868384140392,88.30128958617401,86.83556355823268,148.94561399850457,26.92206104132529,0.48640859447198687,0.4825969898905321,0.676160591325156,16.050124888047744,529.8077375170441,521.013381349396,893.6736839910275,26.92206104132529,2.918451566831921,2.895581939343193,4.056963547950937,16.050124888047744,67.0,66.0,69.5,2.456759103966963,2677.5,2501.0,2749.0,3.517775575742601
AMD,AMD CPU,CPU,CPU package RAPL,1000000,32T,32,5,12000000.0,0.1666666666666666,2.867405740011255e-05,2.812249119472242e-05,2.933496346924346e-05,1.9460774334750308,0.0050779212155317,0.0050173713451109,0.0052058098152424,1.7838892752586113,0.0050779212155317,0.0050173713451109,0.0052058098152424,1.7838892752586113,177.77384073829188,176.98353411875772,178.2406869458169,0.27805364566997187,1.4560460440740525e-07,1.411009814735339e-07,1.5264369424679607e-07,3.725911089722632,69.74945931412378,68.17802933679873,71.1174549278667,1.9440456299138926,0.3938619594732298,0.38418614413152036,0.39861510389277227,1.7771393193483669,418.49675588474264,409.0681760207924,426.7047295672002,1.944045629913891,2.363171756839378,2.305116864789122,2.3916906233566335,1.7771393193483673,58.5,57.5,60.0,1.9576300056498872,3029.0,2993.5,3039.5,0.5982978877643467
AMD,AMD CPU,CPU,CPU package RAPL,1000000,64T,64,5,12000000.0,0.1666666666666666,5.731218128688478e-05,7.774320001326019e-06,5.803044961413712e-05,69.36412172826041,0.0095054153727152,0.001584850828485,0.009533887344816,64.63569363170834,0.0095054153727152,0.001584850828485,0.009533887344816,64.63569363170834,165.84106753551117,164.35634843261658,206.872198008664,12.178602247283775,5.44776089048195e-07,1.2321137495009048e-08,5.532557691902044e-07,86.43985837557456,34.89659536754845,34.464664900903486,257.2572263116095,96.30489171501236,0.2104063759002995,0.2097780189407723,1.2619484206673581,88.44025103396639,209.37957220529069,206.78798940542092,1543.543357869657,96.30489171501236,1.262438255401797,1.2586681136446338,7.57169052400415,88.44025103396639,59.5,58.0,65.0,4.745571725741286,4140.0,3890.5,4173.0,2.8447058555845826
INTEL,Intel CPU,CPU,CPU package RAPL,1000000,1T,1,5,12000000.0,0.1666666666666666,0.0004688265449438,0.0004682140851661,0.0004719349670122,0.31990420411373777,0.0221374686476368,0.0205942360980207,0.0227965154494382,3.7078607864746886,0.0221382847449695,0.0205999538171536,0.0227971921816479,3.698051591279853,47.17093400974251,43.6275524113441,48.624563989192325,3.9789882070493556,1.0365074630746485e-05,9.719140133560857e-06,1.0687611574918067e-05,3.447951973271298,4.2659700513326255,4.23787203703492,4.2715502659226825,0.3189044761792333,0.09034456612154265,0.08773270653736198,0.09711455139587424,3.838047052133749,25.595820307995755,25.427232222209522,25.6293015955361,0.3189044761792363,0.542067396729256,0.5263962392241719,0.5826873083752454,3.838047052133743,83.0,74.0,85.0,5.5620113281551715,1339.0,1336.0,1348.0,0.3460305408767054
INTEL,Intel CPU,CPU,CPU package RAPL,1000000,2T,2,5,12000000.0,0.1666666666666666,0.000261985878661,0.0002604632679738,0.0002678139784946,1.142685494358262,0.0163195471599791,0.0161446991370292,0.0167897932795698,1.5697202952281792,0.0163416758728504,0.0161638522489539,0.0169227838709677,1.8293793205584274,62.72168454553049,61.60561573086368,62.82483981144502,0.8232626186611824,4.253051302322048e-06,4.229683189132083e-06,4.496541336303486e-06,2.6287462765255802,7.633999245386527,7.467870091180944,7.678625917421799,1.1300329896799124,0.12255242013728532,0.1191199895494631,0.12387966991672425,1.5597591798860078,45.80399547231916,44.80722054708566,46.0717555045308,1.1300329896799144,0.7353145208237118,0.7147199372967785,0.7432780195003454,1.5597591798860067,82.0,80.0,83.0,1.4935913065751085,1478.5,1467.5,1616.5,5.040840465640913
INTEL,Intel CPU,CPU,CPU package RAPL,1000000,4T,4,5,12000000.0,0.1666666666666666,0.0001258353997975,0.0001251956386679,0.0001342502588661,2.9834953360011283,0.011434896444838,0.0112531681982914,0.0115814027672955,1.0189908119864757,0.0114364284294234,0.0112920638105099,0.0115861044025157,0.9090362289346392,90.95232776038227,82.13992627002315,91.54831146331524,4.527977195185875,1.438914765779201e-06,1.431787748962999e-06,1.5107407436843847e-06,2.261570173216526,15.893778723781148,14.897550417349898,15.974997382339305,2.8735458208534057,0.17490320176033167,0.1726906524352785,0.17772772651737895,1.0219636421755254,95.36267234268689,89.38530250409939,95.84998429403585,2.8735458208534106,1.04941921056199,1.036143914611671,1.0663663591042738,1.0219636421755278,85.0,65.0,85.0,11.042310999998962,1839.0,1784.5,2043.0,5.391397850211463
INTEL,Intel CPU,CPU,CPU package RAPL,1000000,8T,8,5,12000000.0,0.1666666666666666,7.479832997837919e-05,7.253131577037521e-05,7.809590752889722e-05,2.8743305862302706,0.0099387937978839,0.0095291054503229,0.0104269435723211,3.561107965005227,0.0099387977015687,0.0095291132520502,0.0104269435723211,3.5610722893523317,133.3596551760158,129.73697028046882,135.15779487880656,1.6276227847888465,7.303929275320781e-07,6.911585564265737e-07,8.143016210330179e-07,6.297081468772761,26.73856489280054,25.609536572194333,27.574296409177826,2.8454505724351957,0.20123166258121047,0.19181076277319759,0.20988328971973216,3.546557905420484,160.43138935680327,153.65721943316598,165.44577845506694,2.845450572435196,1.2073899754872628,1.1508645766391856,1.259299738318393,3.546557905420485,88.0,83.0,88.5,2.630162456976097,2281.5,2187.0,2324.5,2.4663612599753977
INTEL,Intel CPU,CPU,CPU package RAPL,1000000,10T,10,5,12000000.0,0.1666666666666666,5.226265657620041e-05,5.098217568947906e-05,5.714782857142858e-05,4.70836095989186,0.0077692344628316,0.0071583908580183,0.0084336419428571,5.8610247567055,0.0077692344628316,0.0071583920071501,0.0084336427999999,5.861023598616496,147.64017935406372,140.47364133913945,149.30843148836982,2.489296554597761,4.0764642321042895e-07,3.6495034037744975e-07,4.819643239832074e-07,10.534863122360449,38.26824220242123,34.99695526489195,39.229396802944414,4.480323714751367,0.2574256201905218,0.2371454720927424,0.2793923997262245,5.823891814749928,229.60945321452738,209.9817315893517,235.37638081766647,4.480323714751366,1.5445537211431308,1.4228728325564541,1.676354398357347,5.823891814749936,90.0,76.0,90.0,7.026705383399495,2519.0,2399.5,2520.0,2.148406378022358
INTEL,Intel CPU,CPU,CPU package RAPL,1000000,16T,16,5,12000000.0,0.1666666666666666,6.820107768910715e-05,6.71453734147487e-05,0.0001126697562071,26.022743036995976,0.0089701245883644,0.00872773647773,0.0140605173014268,23.342215543768226,0.0089701319635016,0.0087277370233954,0.0142912487922705,24.268415188119484,130.85887811951696,124.85287067017386,132.19090756490766,2.4333548596231633,6.094534180896041e-07,5.95241033567718e-07,1.5841950564974693e-06,54.82352066654504,29.32504980517974,17.750992522995872,29.786117766390937,19.302938301523024,0.22296234353247452,0.14224227723094146,0.22915448983860484,17.809216881651174,175.95029883107847,106.50595513797523,178.7167065983456,19.302938301523024,1.3377740611948472,0.8534536633856489,1.374926939031629,17.809216881651174,86.0,81.0,87.0,3.0560045113446956,3120.0,3119.0,3141.0,0.2985523327073898
INTEL,Intel CPU,CPU,CPU package RAPL,1000000,20T,20,5,12000000.0,0.1666666666666666,5.4815005194947225e-05,5.414410209367581e-05,7.271315102277673e-05,13.898764709798137,0.0081116105130176,0.0074901446656094,0.0104622893152473,13.682542015204808,0.0081116130396572,0.0074901471810575,0.0105797828231539,14.247440430972402,147.5245644748693,136.66515683456714,149.99947024005303,3.6020635337648343,4.456810024718799e-07,4.105723187562855e-07,7.607460230235603e-07,29.374896478120277,36.48635976384725,27.505340806555314,36.93846462796187,11.723303259843542,0.2465601617324178,0.19116275030602378,0.26701753961881314,11.933082834582978,218.91815858308345,165.0320448393319,221.6307877677712,11.723303259843536,1.4793609703945068,1.1469765018361426,1.602105237712879,11.933082834582985,88.5,72.5,92.0,8.91730015763564,3600.0,3599.0,3601.0,0.019641855032959656
3090,RTX 3090,GPU,GPU board NVML,2000000,gpu_resident,-1,5,24000000.0,0.1666666666666666,3.152441523233088e-05,3.127744598355273e-05,3.165143508116832e-05,0.4622555065654818,0.0109568911165752,0.0109349770176042,0.011062434733078,0.5068793925357848,0.0109568911165752,0.0109349770176042,0.011062434733078,0.5068793925357848,349.2259217965061,347.556771342065,349.61116113266183,0.24987372705773608,3.454095852143541e-07,3.4201815299950593e-07,3.501419347936799e-07,0.9384553119582674,126.88577949885875,126.37657628294662,127.88767989890871,0.46317976873009126,0.36506705756607727,0.3615840541901253,0.3657986654713958,0.5057411116426966,761.3146769931525,758.2594576976795,767.3260793934522,0.46317976873009303,2.190402345396464,2.169504325140752,2.194791992828375,0.5057411116427001,65.0,59.0,65.0,4.100127298869591,1920.0,1905.0,1950.0,0.938549850256609
5060ti,RTX 5060 Ti,GPU,GPU board NVML,2000000,gpu_resident,-1,5,24000000.0,0.1666666666666666,1.4329228101849862e-05,1.4328955852641532e-05,1.4329471693246788e-05,0.001571427828189706,0.0021483758185387,0.0021343406554041,0.0021713880410953,0.7006948327580464,0.0021483758185387,0.0021343406554041,0.0021713880410953,0.7006948327580464,149.9313507551417,148.9481378670368,151.5329386824527,0.6939359198608969,3.078425931359429e-08,3.0583928131209865e-08,3.1114843469929694e-08,0.7011516712824075,279.1497191313195,279.14497377353587,279.1550229574197,0.0015714298936075847,1.8618716359974454,1.8421396472195288,1.8741150761815337,0.6998621107736126,1674.8983147879173,1674.8698426412157,1674.930137744518,0.001571429893598643,11.17122981598467,11.052837883317173,11.244690457089202,0.6998621107736109,72.0,70.5,73.0,1.4731391274719738,2745.0,2745.0,2752.0,0.11398540520316433
AMD,AMD CPU,CPU,CPU package RAPL,2000000,1T,1,5,24000000.0,0.1666666666666666,0.0010158356997971,0.001002052342971,0.001026687113402,0.9944411966133657,0.0739688094034378,0.0724172603092783,0.0767542981557377,2.3327355100678977,0.0739688094034378,0.0724172603092783,0.0767542981557377,2.3327355100678977,72.91477854635401,70.59331076213147,74.80891010545464,2.0820802802832605,7.495007409440819e-05,7.284632056216682e-05,7.873142910853252e-05,2.8866594866830386,3.9376446415487747,3.8960263042025716,3.991807442054714,0.9980536008769032,0.0540768471503084,0.05211434533456136,0.05523545053923435,2.2997131143355176,23.62586784929265,23.376157825215426,23.950844652328282,0.9980536008769065,0.3244610829018504,0.3126860720073681,0.3314127032354061,2.2997131143355274,55.0,49.0,62.0,8.472120632999985,1814.0,1795.0,1829.0,0.7184354626142877
AMD,AMD CPU,CPU,CPU package RAPL,2000000,2T,2,5,24000000.0,0.1666666666666666,0.0001795868959107,0.0001726615631872,0.0001936474741447,5.3084103057380965,0.0167074583333333,0.0151841389781762,0.0176601123435722,5.957414920490049,0.0167074583333333,0.0151841389781762,0.0176601123435722,5.957414920490049,90.50482313322432,86.2117193778558,93.77325386279632,3.4760976071859586,3.026970627870384e-06,2.6217171716235966e-06,3.3658586926759474e-06,10.645459722440576,22.273340043635528,20.656091785690236,23.166707900490813,5.2530849006103875,0.2394140341514149,0.22649912538387057,0.26343278375870405,6.0012652157363435,133.64004026181317,123.9365507141414,139.0002474029449,5.253084900610395,1.4364842049084894,1.3589947523032233,1.580596702552224,6.001265215736342,62.5,60.0,64.0,2.380802082534723,1872.0,1868.5,1913.0,1.0173747581104862
AMD,AMD CPU,CPU,CPU package RAPL,2000000,4T,4,5,24000000.0,0.1666666666666666,6.866334890649333e-05,6.792291027862951e-05,6.909411366711772e-05,0.6450841701308411,0.0086479856199905,0.0086305226303159,0.0087733324192565,0.6812369815418562,0.0086479856199905,0.0086305226303159,0.0087733324192565,0.6812369815418562,126.08808550075996,125.7098978608083,127.65184148511229,0.6681730916152577,5.935530003211008e-07,5.862102142766285e-07,6.024063849760582e-07,1.1345733556258277,58.25524189691438,57.89205169157011,58.890291708518184,0.6459868889215076,0.4625354592118753,0.4559270991739057,0.4634713529339983,0.6771177509425681,349.53145138148625,347.35231014942065,353.34175025110915,0.6459868889215123,2.7752127552712516,2.7355625950434344,2.78082811760399,0.6771177509425702,67.0,65.0,69.0,2.3599087016181937,1988.0,1986.0,2042.0,1.4078127632248145
AMD,AMD CPU,CPU,CPU package RAPL,2000000,8T,8,5,24000000.0,0.1666666666666666,4.104921220780251e-05,4.054964509908505e-05,4.132227042069079e-05,0.7299062140896482,0.0070631663094812,0.0070177744635457,0.0071029049558029,0.4961029513001129,0.0070631663094812,0.0070177744635457,0.0071029049558029,0.4961029513001129,172.23228450107254,172.16163805269093,173.25385892957115,0.26957534649887044,2.899374126968951e-07,2.845682638822001e-07,2.935081593561522e-07,1.2185275001444902,97.44401377914122,96.8001022034145,98.64451316961721,0.7332008262339396,0.5663182522873097,0.5631498696504587,0.5699812698139942,0.4970540825704209,584.6640826748472,580.800613220487,591.8670790177034,0.7332008262339482,3.397909513723858,3.378899217902752,3.419887618883965,0.49705408257041706,69.0,66.5,71.5,2.6350552787298365,2234.0,2228.0,2244.5,0.33329745535268507
AMD,AMD CPU,CPU,CPU package RAPL,2000000,10T,10,5,24000000.0,0.1666666666666666,3.564489481605937e-05,3.557270927092709e-05,3.5774813873252226e-05,0.23238104540599763,0.0067871677644323,0.0067525140054005,0.0067987157254403,0.25806171875892314,0.0067871677644323,0.0067525140054005,0.0067987157254403,0.25806171875892314,190.17803409786612,189.8974648059957,190.74997322582203,0.17205264384480023,2.417685085413912e-07,2.4020521756197536e-07,2.4322278965477974e-07,0.45655310765969853,112.21803348393804,111.81050484767671,112.44575074491514,0.23213014461112083,0.589347447835566,0.5883464115189124,0.5923719664706946,0.2587032143378309,673.3082009036283,670.8630290860604,674.674504469491,0.2321301446111182,3.536084687013396,3.5300784691134743,3.5542317988241674,0.2587032143378319,68.0,68.0,70.0,1.5922167369336222,2285.5,2261.0,2325.0,1.0528571412238494
AMD,AMD CPU,CPU,CPU package RAPL,2000000,16T,16,5,24000000.0,0.1666666666666666,3.0283297752475837e-05,2.7504384594787576e-05,3.059675011662261e-05,4.3559292508708864,0.0066708533772163,0.0063241592734737,0.0067099912921785,2.404166861704575,0.0066708533772163,0.0063241592734737,0.0067099912921785,2.404166861704575,220.34749300577403,219.2630185200186,228.635747790396,1.8331209761708094,2.0201543908535022e-07,1.73942108896313e-07,2.053039268514992e-07,6.643045434769977,132.08601099835556,130.73283877384347,145.4313579064063,4.545307697561805,0.5996234325373783,0.596125959904389,0.6324951392002026,2.4687394233857223,792.5160659901334,784.3970326430609,872.5881474384379,4.545307697561805,3.5977405952242694,3.5767557594263337,3.794970835201216,2.468739423385725,72.0,67.0,73.0,3.5302110824222597,2509.5,2391.0,2612.0,3.1497987369187372
AMD,AMD CPU,CPU,CPU package RAPL,2000000,20T,20,5,24000000.0,0.1666666666666666,3.01567331193498e-05,2.8657915371474976e-05,3.0295913825336064e-05,2.278095665789815,0.0068710531523307,0.006684854378448,0.0068851726163981,1.221873453164649,0.0068710531523307,0.006684854378448,0.0068851726163981,1.221873453164649,227.59547872300263,227.4739292826507,233.10257957285845,1.050144699942994,2.0720851616370408e-07,1.9157399104819674e-07,2.0859259625896048e-07,3.4665354114736093,132.64036207666788,132.0310066585565,139.57749362263283,2.3406202395912654,0.5821523878975056,0.5809585645642904,0.5983675594932955,1.2397454434998936,795.8421724600073,792.186039951339,837.464961735797,2.3406202395912694,3.492914327385033,3.485751387385742,3.5902053569597725,1.2397454434998936,73.0,72.0,74.0,1.0173111779280744,2721.5,2611.0,2742.0,1.98837720627617
AMD,AMD CPU,CPU,CPU package RAPL,2000000,32T,32,5,24000000.0,0.1666666666666666,3.401054232133806e-05,3.2208521319184084e-05,3.4383457242760635e-05,2.982901582759178,0.0074876793208312,0.0072875497712397,0.0075725779950436,1.7051085994192243,0.0074876793208312,0.0072875497712397,0.0075725779950436,1.7051085994192243,220.71831241358177,219.95920951393555,226.5330942702344,1.41958670903318,2.5466003442973734e-07,2.3472120217158896e-07,2.6037141171005166e-07,4.662450446590357,117.61059151033938,116.33501459025595,124.19073699038503,3.0164240363729498,0.5342109121676386,0.528221697104748,0.5488813285071469,1.7129095709312099,705.6635490620363,698.0100875415357,745.1444219423103,3.0164240363729515,3.2052654730058316,3.1693301826284874,3.2932879710428806,1.7129095709312072,63.5,62.5,67.0,2.66811721942076,3082.5,3032.0,3166.5,1.6759337125516385
AMD,AMD CPU,CPU,CPU package RAPL,2000000,64T,64,5,24000000.0,0.1666666666666666,6.043162779485326e-05,2.353506e-05,6.106553147574819e-05,31.113179751851376,0.0118162454320689,0.00510763251,0.0118804477326534,28.652319694681594,0.0118162454320689,0.00510763251,0.0118804477326534,28.652319694681594,196.2210175564105,194.52026217921497,219.4507742274152,5.34986051313254,7.163410857671496e-07,1.202084375808006e-07,7.254858549643274e-07,44.6451004827548,66.19050563355279,65.50340107313363,169.95920129372942,53.3526792256231,0.3385170038144377,0.3366876476385653,0.7831416986575647,46.527953619725906,397.1430338013168,393.02040643880184,1019.7552077623766,53.35267922562311,2.0311020228866266,2.020125885831392,4.698850191945388,46.52795361972589,61.5,60.0,65.5,3.493012651121107,4123.0,3896.5,4147.5,2.5598443605749726
INTEL,Intel CPU,CPU,CPU package RAPL,2000000,1T,1,5,24000000.0,0.1666666666666666,0.0011073316722037,0.0010972267250821,0.0011438179223744,1.6467142001568287,0.0509464118942731,0.0507149375684556,0.0531914617516629,2.3778168838181797,0.0515789102422907,0.0512709408543264,0.053804614745011,2.3656430261337755,46.21952099595848,45.88066784088802,47.87919391188491,1.7008506845836258,5.626121808281829e-05,5.5645784860979695e-05,6.0532390434267954e-05,3.7364102429320223,3.6122871768307703,3.49706008426287,3.645554659362403,1.6182985176730644,0.07851387077663151,0.07520003903398932,0.0788722256554246,2.357179216099967,21.673723060984624,20.982360505577216,21.873327956174414,1.618298517673065,0.471083224659789,0.4512002342039359,0.47323335393254756,2.3571792160999707,81.0,74.0,83.0,4.286373778568187,1339.0,1338.0,1339.0,0.03340655826547829
INTEL,Intel CPU,CPU,CPU package RAPL,2000000,2T,2,5,24000000.0,0.1666666666666666,0.0006142594077729,0.0006077880170316,0.0006601325857519,3.492914432915349,0.0389645886267392,0.0377511801378446,0.0418068614775725,3.910500463642794,0.0397027542579075,0.0385300037593984,0.0425621625989445,3.833557783659838,63.28187042709671,60.15707669240035,63.93512524525517,2.483228939723356,2.3693371551417852e-05,2.368796603676133e-05,2.7598071569361436e-05,7.120705546363578,6.511906776491495,6.059388805120029,6.581241959220845,3.3808601565322514,0.1026573137552651,0.0956780743310717,0.10595695248186696,3.7714279715723587,39.071440658948966,36.35633283072017,39.487451755325075,3.380860156532253,0.6159438825315906,0.5740684459864301,0.6357417148912017,3.7714279715723618,82.5,75.0,83.0,4.235650810682532,1603.0,1471.5,1609.5,3.7900970854834326
INTEL,Intel CPU,CPU,CPU package RAPL,2000000,4T,4,5,24000000.0,0.1666666666666666,0.0004514294382022,0.000445180248007,0.0004684749766136,2.1489189141342515,0.0366508593258426,0.0342726491750687,0.0376394251637044,3.6076932180072934,0.0374819415730337,0.0350804429422548,0.0384721375116931,3.5414883677015054,80.45440039616287,74.69261669490815,82.24122889274824,3.659321119515197,1.636886514357676e-05,1.5726229683916494e-05,1.7633128823315766e-05,4.705612688780889,8.860742480441335,8.538342920499712,8.985124604937782,2.1256453103772857,0.10913795947970016,0.10627154858510404,0.11671114128258754,3.659174844069392,53.16445488264801,51.23005752299827,53.91074762962669,2.1256453103772843,0.654827756878201,0.6376292915106243,0.7002668476955252,3.6591748440693834,81.0,69.0,84.0,7.37703891827821,1840.0,1780.0,1849.0,1.7483525541418532
INTEL,Intel CPU,CPU,CPU package RAPL,2000000,8T,8,5,24000000.0,0.1666666666666666,0.0003185559273422,0.000306168685645,0.0003731360924683,7.942932700664383,0.0358165281488549,0.034647778316172,0.0400885706562267,5.954196661106192,0.0364605176526717,0.0352313628104179,0.0408370997390007,5.998200532918914,113.09248902088606,105.58731105541126,113.30502099611536,3.38204338930015,1.1496939744649513e-05,1.0608064747581712e-05,1.4958492607303784e-05,14.10105373978135,12.556664800975778,10.719949318062344,13.064693378335779,7.41395394780378,0.11168028300721507,0.09977906257375393,0.11544751768782192,5.593069873888259,75.33998880585467,64.31969590837406,78.38816027001468,7.413953947803785,0.6700816980432904,0.5986743754425236,0.6926851061269316,5.593069873888265,82.0,73.5,83.0,4.8906881205042305,2200.0,2193.0,2325.5,3.1187604722097846
INTEL,Intel CPU,CPU,CPU package RAPL,2000000,10T,10,5,24000000.0,0.1666666666666666,0.0002424371822803,0.0002398038581356,0.0002806352298206,6.974147338399948,0.0320214308588064,0.0315301573208722,0.0339082012331838,2.918490966977625,0.0325633545608927,0.0320219408099688,0.0344411325672645,2.896440677182557,131.42215687570996,120.88032585321534,133.08928562034424,3.8182733202956203,7.783918877574129e-06,7.561053373167587e-06,9.515835845877688e-06,10.067152924450863,16.499119328054626,14.25337796169446,16.68029877041491,6.385542824929397,0.1249163417349271,0.11796556156112034,0.1268626717999944,2.8321621296154125,98.99471596832774,85.52026777016677,100.08179262248946,6.385542824929387,0.7494980504095626,0.7077933693667221,0.7611760307999663,2.8321621296154103,85.0,77.0,87.0,4.652407801818121,2519.0,2401.5,2519.5,2.1100290220409517
INTEL,Intel CPU,CPU,CPU package RAPL,2000000,16T,16,5,24000000.0,0.1666666666666666,0.0002625433586586,0.0002611140396659,0.0003639022173754,15.37339007323645,0.0327251608820459,0.0322415348441184,0.0406766217739004,10.404993299808254,0.033302837552192,0.032843389572963,0.0414426786623046,10.433843086236648,122.6725097270812,110.0891014170835,125.30582681981252,6.136548900902891,8.55629802679847e-06,8.464800846283127e-06,1.4802312858862831e-05,26.92363797305436,15.235578688552645,10.991963799642411,15.318977122479014,13.619032995491398,0.12223010956057764,0.09833658316646506,0.12406357263508788,9.178311839372345,91.41347213131587,65.95178279785446,91.91386273487409,13.619032995491398,0.7333806573634659,0.5900194989987904,0.7443814358105272,9.178311839372343,83.0,70.0,85.0,7.599050214360768,3240.0,3239.0,3240.0,0.016907104503801892
INTEL,Intel CPU,CPU,CPU package RAPL,2000000,20T,20,5,24000000.0,0.1666666666666666,0.0002728740811325,0.0002339992979171,0.0004046097413096,24.283336853466913,0.0341651986030974,0.031322113961115,0.0472158765157639,18.090888876993645,0.0347844886122077,0.031787373506676,0.0481060440582053,18.216790289930003,131.31141934473789,112.28932334269476,135.08561781124888,8.337030148968488,9.780330676970338e-06,7.346198655494456e-06,1.9104003582749252e-05,44.76001658889946,14.658775884462665,9.88606944324475,17.094068382278216,20.980799578944723,0.11707820131440307,0.0847172666309504,0.12770530127582772,15.342990696803593,87.95265530677598,59.31641665946851,102.5644102936693,20.980799578944715,0.7024692078864184,0.5083035997857024,0.7662318076549662,15.342990696803598,84.0,65.0,86.0,11.013568744998585,3600.0,3600.0,3999.5,5.816376374070797
3090,RTX 3090,GPU,GPU board NVML,4000000,gpu_resident,-1,5,48000000.0,0.1666666666666666,5.9670525059665874e-05,5.958870487310854e-05,6.055664547381168e-05,0.6781915359963976,0.0211038062283737,0.0209661324913618,0.0213322434150772,0.6339889769659798,0.0211038062283737,0.0209661324913618,0.0213322434150772,0.6339889769659798,353.05623215309873,351.85395346104974,353.8413584819177,0.24581154414386702,1.2592659558261002e-06,1.2493446813582503e-06,1.2918091016478838e-06,1.2941796878220473,134.0695425756791,132.10771398259962,134.25363107044598,0.6722121665105347,0.37907853746515824,0.37501915969821353,0.3815677499556038,0.6314121193144627,804.4172554540746,792.6462838955978,805.5217864226757,0.6722121665105304,2.2744712247909495,2.250114958189281,2.289406499733623,0.6314121193144682,65.0,62.0,65.0,2.0832931467389346,1920.0,1905.0,1920.0,0.4292496532172148
5060ti,RTX 5060 Ti,GPU,GPU board NVML,4000000,gpu_resident,-1,5,48000000.0,0.1666666666666666,9.55852901870943e-05,9.548744630071598e-05,9.577781501340484e-05,0.12214552883083266,0.0104232127517419,0.0104092301800076,0.0105152817574021,0.4122018909830665,0.0104232127517419,0.0104092301800076,0.0105152817574021,0.4122018909830665,109.15074077040724,108.65600512577817,110.00808917732022,0.4614521414097821,9.969733226127186e-07,9.953849820742517e-07,1.0052378365348212e-06,0.40506891441249193,83.69488636108301,83.52664966182762,83.78064667061909,0.12203108453328353,0.7675176733452995,0.7607974930741633,0.7685486689846798,0.41045210170160146,502.16931816649804,501.1598979709657,502.6838800237146,0.1220310845332858,4.605106040071797,4.56478495844498,4.611292013908079,0.41045210170160323,57.0,56.0,58.0,1.4626923540805516,2782.0,2782.0,2790.0,0.12852812056328725
AMD,AMD CPU,CPU,CPU package RAPL,4000000,1T,1,5,48000000.0,0.1666666666666666,0.0022589370786516,0.0022357332589285,0.0022624886877828,0.5346105589802131,0.1647349720982142,0.1603401049661399,0.1671255390625,1.5179551146909305,0.1647349720982142,0.1603401049661399,0.1671255390625,1.5179551146909305,73.16995166782455,70.86642977213236,74.70572817408285,1.9376747846379068,0.00037102910815513496,0.00036251793811127765,0.00037364812609838545,1.2206550238635423,3.5414886388846845,3.5359292814143806,3.5782443938925383,0.535941029809861,0.048562851579751015,0.047868207605351314,0.04989394263954993,1.5326123976105845,21.248931833308106,21.215575688486283,21.46946636335523,0.5359410298098625,0.2913771094785061,0.28720924563210787,0.29936365583729957,1.5326123976105857,53.0,53.0,59.0,4.767112314409754,1810.0,1794.0,1825.0,0.6190899849820354
AMD,AMD CPU,CPU,CPU package RAPL,4000000,2T,2,5,48000000.0,0.1666666666666666,0.00125223875,0.0012390740049751,0.0012675714285714,0.9124564982656359,0.1012955301886792,0.1012885644753476,0.105166519777503,1.6403241974123974,0.1012955301886792,0.1012885644753476,0.105166519777503,1.6403241974123974,81.68674401443181,79.87938998606757,84.57401241647389,2.233626748234663,0.00012809157843712344,0.00012551039855165775,0.00013092438738539886,1.5102084764029644,6.38855809245641,6.311281415530402,6.456434375895705,0.9117327831876467,0.07897683130833823,0.07606983683519536,0.07898226262202682,1.6102375693492463,38.33134855473846,37.86768849318241,38.73860625537422,0.91173278318764,0.47386098785002934,0.45641902101117215,0.47389357573216084,1.6102375693492428,54.0,52.0,55.5,2.5110141423989396,1867.5,1849.5,1871.5,0.4636011465178759
AMD,AMD CPU,CPU,CPU package RAPL,4000000,4T,4,5,48000000.0,0.1666666666666666,0.0002036182576836,0.0001730368874055,0.0002141374493495,9.39157251294328,0.0234095873320537,0.0201551708238187,0.0250346014654996,10.232671421348416,0.0234095873320537,0.0201551708238187,0.0250346014654996,10.232671421348416,116.0356639323505,109.2630607666864,122.91065377349469,4.368254200950104,5.012869321610346e-06,3.487588024479735e-06,5.265306659432885e-06,18.593978645434696,39.28920761335217,37.35918226495247,46.23291669164478,9.70243537524742,0.34174032572739793,0.31955771339219713,0.39692047613637044,10.464117153995305,235.735245680113,224.15509358971488,277.39750014986873,9.702435375247422,2.0504419543643877,1.9173462803531829,2.3815228568182225,10.464117153995302,62.0,58.0,64.0,3.7260634807161366,1953.0,1945.0,2024.0,1.7463228943447713
AMD,AMD CPU,CPU,CPU package RAPL,4000000,8T,8,5,48000000.0,0.1666666666666666,7.267587728514393e-05,7.155567084078712e-05,7.313223498807718e-05,0.8897606310552102,0.0133581686139332,0.0132060981395348,0.0134068762555097,0.6049382666782122,0.0133581686139332,0.0132060981395348,0.0134068762555097,0.6049382666782122,183.8723916310272,183.11121701693068,184.47416086638736,0.3129803172423575,9.713369586983803e-07,9.449712115636834e-07,9.804748247740076e-07,1.4886301090274008,110.0777905798369,109.39088626655877,111.80106211009004,0.8928002783816138,0.5988844901729735,0.5967087222657338,0.6057807473087437,0.6066151805296712,660.4667434790215,656.3453175993525,670.8063726605403,0.8928002783816167,3.5933069410378407,3.5802523335944034,3.6346844838524617,0.6066151805296656,72.0,69.0,72.0,1.828668276354179,2166.5,2131.0,2234.5,1.8629632982331268
AMD,AMD CPU,CPU,CPU package RAPL,4000000,10T,10,5,48000000.0,0.1666666666666666,6.205777213307725e-05,6.095314099861471e-05,7.010488676996424e-05,5.774307038517333,0.0128722749519856,0.0126444340781786,0.0135610088340461,2.795249049085767,0.0128722749519856,0.0126444340781786,0.0135610088340461,2.795249049085767,205.935231435192,193.67744155750404,207.5314367046844,2.8533358026858977,7.988247058046402e-07,7.707179732149091e-07,9.506929887972866e-07,8.685863165322537,128.91213662721773,114.11472678431774,131.24836339741404,5.415219886162787,0.6214907644406685,0.5899266122381175,0.6326894466400966,2.7318004229637305,773.4728197633063,684.6883607059063,787.4901803844842,5.415219886162792,3.728944586644011,3.5395596734287054,3.7961366798405805,2.7318004229637283,71.0,70.0,72.0,1.1750843069298813,2239.5,2202.5,2336.5,2.248134546215861
AMD,AMD CPU,CPU,CPU package RAPL,4000000,16T,16,5,48000000.0,0.1666666666666666,4.666662884632841e-05,4.626283553708044e-05,4.702981545024575e-05,0.6807641015600752,0.0118554116430803,0.0118041833900853,0.0118766426383215,0.22621564496072108,0.0118554116430803,0.0118041833900853,0.0118766426383215,0.22621564496072108,254.02130643643653,252.12836799718707,255.15995584829136,0.5287238567931603,5.531463100532161e-07,5.460949948250529e-07,5.575993861063368e-07,0.8711365480057225,171.42871036053884,170.10485632169744,172.92498194555898,0.6814076771209113,0.6747973196417346,0.6735910344045363,0.6777258312268724,0.2266705264714923,1028.572262163233,1020.6291379301846,1037.549891673354,0.6814076771209158,4.0487839178504075,4.041546206427218,4.066354987361234,0.22667052647149066,77.0,76.0,77.5,0.742301709048918,2551.0,2480.5,2678.0,2.9380109010810393
AMD,AMD CPU,CPU,CPU package RAPL,4000000,20T,20,5,48000000.0,0.1666666666666666,4.580419206253199e-05,4.534888536434928e-05,4.693318541561828e-05,1.3027467295676494,0.0121584712385403,0.0120967690104855,0.0122914546639827,0.596432524137579,0.0121584712385403,0.0120967690104855,0.0122914546639827,0.596432524137579,266.0480862071562,262.1231127013769,266.69959286872825,0.6855021134048362,5.56200552490967e-07,5.485749911355198e-07,5.768771207723662e-07,1.894822528895809,174.6565028169994,170.4550826703057,176.41006908384006,1.286296358758917,0.6579774581068507,0.6508586834268015,0.6613336166926546,0.5940038884992224,1047.9390169019964,1022.7304960218343,1058.4604145030405,1.286296358758919,3.9478647486411047,3.905152100560809,3.9680017001559276,0.5940038884992249,79.0,75.5,79.5,2.1465819047217893,2650.5,2612.5,2789.0,2.609677556695188
AMD,AMD CPU,CPU,CPU package RAPL,4000000,32T,32,5,48000000.0,0.1666666666666666,4.327333956571623e-05,2.2380667838312828e-05,4.363393962683062e-05,23.949323714865724,0.0118868718820379,0.0064221460017574,0.011997759660134,22.687572968081202,0.0118868718820379,0.0064221460017574,0.011997759660134,22.687572968081202,275.1354402837597,273.23356517051707,286.8773902799211,2.0129436625602137,5.143846433255903e-07,1.4373191647448117e-07,5.235095206675108e-07,37.720576070953655,184.87133371925117,183.34351810581825,357.45135300676895,35.277648663318985,0.6730113758598423,0.6667911532335737,1.2456895246247632,32.59193379423658,1109.2280023155072,1100.0611086349095,2144.708118040614,35.277648663319,4.038068255159054,4.0007469194014424,7.47413714774858,32.591933794236596,70.0,65.5,70.5,3.022766619634509,3048.5,2878.0,3132.5,3.1773778909690584
AMD,AMD CPU,CPU,CPU package RAPL,4000000,64T,64,5,48000000.0,0.1666666666666666,6.616281498890195e-05,6.609305828421741e-05,6.631052457934674e-05,0.13640286752526892,0.0159087463368158,0.0158199188209949,0.0159889724843286,0.4158707441021863,0.0159087463368158,0.0158199188209949,0.0159889724843286,0.4158707441021863,240.63118812308116,239.2029681713705,241.10245496942312,0.3057734736939443,1.0516560443929892e-06,1.0466903620929333e-06,1.0602371529205701e-06,0.5181926390038574,120.91383961431973,120.64449875414954,121.04145590597291,0.13632213543020438,0.5028680343897691,0.5003448475404598,0.5056915961782975,0.41635477576334134,725.4830376859185,723.8669925248972,726.2487354358375,0.1363221354302058,3.0172082063386143,3.002069085242759,3.0341495770697846,0.416354775763335,66.0,62.0,67.0,3.0534351145038165,4105.5,4094.0,4141.0,0.44811774913559915
INTEL,Intel CPU,CPU,CPU package RAPL,4000000,1T,1,5,48000000.0,0.1666666666666666,0.0026650853333333,0.0026437203166226,0.0026753729946524,0.47149991024264926,0.1240331564171123,0.118735212,0.1269190266666666,2.6651720325644828,0.1261711069518716,0.120952692,0.1290300813333333,2.573480629916859,46.32820834697219,44.55814434682044,47.791092626730936,2.769962153971448,0.00033183495711983926,0.00031643947205142004,0.0003390142582561691,2.6419861790955923,3.0017800555729925,2.990237255138103,3.0260387037537098,0.47260536440199763,0.06449888264632017,0.06303231446149343,0.06737681152243194,2.7033341806653035,18.010680333437953,17.941423530828622,18.15623222252226,0.4726053644019932,0.38699329587792103,0.3781938867689606,0.40426086913459164,2.7033341806653035,81.0,76.0,83.0,3.352172726080967,1339.0,1338.5,1339.0,0.020455727424005306
INTEL,Intel CPU,CPU,CPU package RAPL,4000000,2T,2,5,48000000.0,0.1666666666666666,0.0016446710743801,0.0016305024793388,0.0016534685430463,0.5968180312683989,0.1015006599025974,0.0962851338842975,0.1039322826797385,3.293674050450892,0.1039781550324675,0.0989928041322314,0.1063720326797385,3.1006955195337578,62.01488531675991,58.43288204660856,63.21180966726449,3.2308623309302162,0.00016583889637695768,0.00015835737459231935,0.0001713748239953729,3.6271742336407384,4.864194503460404,4.838313999769868,4.90646294708129,0.5973275353743694,0.07881722155971203,0.07697319633257312,0.08308655425055878,3.323708544018108,29.185167020762425,29.02988399861921,29.438777682487743,0.5973275353743706,0.47290332935827223,0.4618391779954387,0.4985193255033527,3.323708544018112,82.0,73.0,84.0,5.631591060819434,1609.0,1592.0,1666.5,1.7590192199776782
INTEL,Intel CPU,CPU,CPU package RAPL,4000000,4T,4,5,48000000.0,0.1666666666666666,0.0013419651941097,0.0013335315860215,0.0013588731343283,0.7216160032986091,0.1035915923694779,0.094651739973262,0.104096504704301,3.9623804671785945,0.1061831378848728,0.0971169725935828,0.106581684531886,3.9096027412221996,76.79883090818927,70.73827289660595,77.12472115452297,3.6116228776331147,0.00013901631136223932,0.0001266418769083092,0.00014124166262174603,4.309673646264101,5.961406476944762,5.887230969471225,5.999107995534962,0.718474693093775,0.07722634450358261,0.07685176387742307,0.08452036911587579,4.176371613680799,35.76843886166857,35.32338581682735,35.99464797320978,0.71847469309378,0.4633580670214956,0.4611105832645384,0.5071222146952548,4.176371613680798,80.0,69.0,81.0,6.537204504606134,1833.5,1778.5,1965.5,3.7289754717380927
INTEL,Intel CPU,CPU,CPU package RAPL,4000000,8T,8,5,48000000.0,0.1666666666666666,0.00131494921875,0.001306448366013,0.0013218133245382,0.5202653658923178,0.1374305546874999,0.1190007777777777,0.1408963588390501,6.63520110902003,0.140139384765625,0.1216056980392156,0.1435652697889182,6.5326042595015705,104.54962478469866,91.0749104454804,106.62591271567716,6.278754074116555,0.00018071420051870714,0.0001554683716820538,0.00018623868449237202,6.990703690462204,6.083885131020388,6.052291841433017,6.123472008629229,0.5203275840156565,0.058211218154441795,0.05677932393653002,0.06722645136773153,7.229257545668817,36.50331078612232,36.3137510485981,36.74083205177538,0.5203275840156628,0.34926730892665075,0.3406759436191801,0.4033587082063892,7.229257545668821,81.0,59.0,82.0,12.877384120791326,2312.0,2189.5,2420.0,3.7577439474664875
INTEL,Intel CPU,CPU,CPU package RAPL,4000000,10T,10,5,48000000.0,0.1666666666666666,0.0013120183486238,0.001231422509225,0.00133691188251,3.166246512752123,0.1512343587239583,0.1429996377613775,0.1581782730307076,4.30935669685904,0.1539888072916666,0.1456951291512915,0.1612853377837116,4.322746278572227,116.143859610261,109.76791395838728,118.26791980468028,2.795446300077275,0.00019703690516587407,0.00017609297275038155,0.00021147041276966408,6.97864905082734,6.097475701000177,5.983939633313986,6.496551703472456,3.2742944889645305,0.05289803234860183,0.05057584614321169,0.05594419765838529,4.311014454486638,36.58485420600106,35.90363779988391,38.97931022083473,3.274294488964532,0.317388194091611,0.30345507685927015,0.3356651859503117,4.311014454486638,82.0,72.0,84.0,5.938973326524041,2519.0,2400.0,2520.0,2.1393601552129775
INTEL,Intel CPU,CPU,CPU package RAPL,4000000,16T,16,5,48000000.0,0.1666666666666666,0.001318326745718,0.0012869562982005,0.0013479320323014,2.274214204624063,0.1469063580080753,0.1420858293010752,0.1537133096179183,3.2668919650411583,0.1501374959623149,0.1450095167310167,0.1568088577075098,3.215250520717292,110.24216396011856,105.4003775373066,116.57153064316712,3.9801116476408485,0.00019138359633786903,0.00018303189669314338,0.00020264436724213357,3.9566680941805923,6.068298338014042,5.935017351239254,6.216217295945544,2.275447209824457,0.054456458579963216,0.05204494015440445,0.05630399624897331,3.2141700596177802,36.40979002808425,35.610104107435525,37.297303775673264,2.2754472098244545,0.3267387514797793,0.31226964092642673,0.33782397749383986,3.214170059617774,81.0,75.0,83.0,3.8833943896252956,3163.5,3124.0,3244.5,1.733653244688953
INTEL,Intel CPU,CPU,CPU package RAPL,4000000,20T,20,5,48000000.0,0.1666666666666666,0.001452470289855,0.0013698123287671,0.0014879769687964,3.0215128443456076,0.1727523573551262,0.1622272671232876,0.1734378178519593,3.342940469013832,0.1762508256150506,0.1654446369863013,0.1770285428156748,3.3589731441974218,118.42836119667125,112.33108328921956,119.35877938217727,2.5251511379711022,0.00025033504685295735,0.000222220910567673,0.00025705152904971317,5.789169934300499,5.507857927199764,5.376427302145051,5.840216087995356,3.1051539622874063,0.04630906415681748,0.04612604159277725,0.04931353490606639,3.3847485012488456,33.04714756319858,32.25856381287031,35.04129652797213,3.1051539622873983,0.2778543849409049,0.2767562495566635,0.29588120943639834,3.3847485012488487,83.0,74.0,84.0,5.181202947774047,3600.0,3600.0,3999.0,4.831406809741931
3090,RTX 3090,GPU,GPU board NVML,8000000,gpu_resident,-1,5,96000000.0,0.1666666666666666,0.0001164227770018,0.0001159728601252,0.000116463029809,0.18063359090808728,0.0412695530726257,0.0411414405010438,0.0414299685644428,0.2720364088659954,0.0412695530726257,0.0411414405010438,0.0414299685644428,0.2720364088659954,354.7474027147856,353.68488146273086,355.8088939314524,0.23895363978820128,4.800602780924658e-06,4.77129052457679e-06,4.823940765193059e-06,0.3936364196591121,137.43015251863153,137.38265290058217,137.96331299173787,0.18087174096198963,0.3876950150597313,0.3861938725614185,0.38890227967574603,0.27180971751563104,824.5809151117892,824.2959174034929,827.779877950427,0.1808717409619828,2.3261700903583877,2.317163235368511,2.3334136780544763,0.2718097175156288,65.0,65.0,65.0,0.0,1905.0,1890.0,1920.0,0.5567769930602736
5060ti,RTX 5060 Ti,GPU,GPU board NVML,8000000,gpu_resident,-1,5,96000000.0,0.1666666666666666,0.0002428559980573,0.0002426877729257,0.0002429059995142,0.039854833255304555,0.0246636341581756,0.0244504001940334,0.0248203011170471,0.6650396928036859,0.0246636341581756,0.0244504001940334,0.0248203011170471,0.6650396928036859,101.58502777795654,100.69840449525032,102.19891157121666,0.6681938992187749,5.9855624461018585e-06,5.938049216755486e-06,6.027758999863191e-06,0.647023811088189,65.8826635042587,65.86910175952512,65.92833172892676,0.039859290388329874,0.6487284030158328,0.644633597495353,0.654386017121489,0.6655515631860128,395.2959810255522,395.21461055715076,395.56999037356053,0.039859290388327244,3.8923704180949965,3.867801584972118,3.926316102728934,0.665551563186007,56.0,55.0,57.0,1.7857142857142856,2790.0,2782.0,2790.0,0.12830687003298177
AMD,AMD CPU,CPU,CPU package RAPL,8000000,1T,1,5,96000000.0,0.1666666666666666,0.0043493766233766,0.0043166115879828,0.0043711413043478,0.49576211642369994,0.3239960347826087,0.3153312727272727,0.3297831282608696,1.8429174085234294,0.3239960347826087,0.3153312727272727,0.3297831282608696,1.8429174085234294,74.0561436882002,72.52098252322443,75.5415095937447,1.6597320563207945,0.0014162324500831673,0.001371494466219591,0.001439808762712252,2.10033035313289,3.678688093830454,3.6603712591229756,3.7066110012175026,0.49699205062299523,0.0493833204185215,0.048516733055377716,0.05074028928884026,1.8511945237171819,22.072128562982723,21.96222755473785,22.239666007305015,0.4969920506229997,0.29629992251112897,0.29110039833226625,0.3044417357330415,1.8511945237171799,54.0,53.0,55.0,1.3094570021973104,1809.5,1794.0,1832.0,0.7520849831791103
AMD,AMD CPU,CPU,CPU package RAPL,8000000,2T,2,5,96000000.0,0.1666666666666666,0.0028603071428571,0.0028443579545454,0.0028857118155619,0.6446829407367146,0.2355458771428571,0.2307216363636363,0.2360001633237822,1.0149765079670856,0.2355458771428571,0.2307216363636363,0.2360001633237822,1.0149765079670856,81.74542460139295,81.06298426255805,82.32285991052935,0.5694673014800288,0.0006737335548622551,0.0006562549216766401,0.000680961101498163,1.6071660624646162,5.593804861116397,5.544559201551632,5.6251710423546895,0.643994873130291,0.06792731927248338,0.06779656325088504,0.06934763575784754,1.020941841256192,33.562829166698386,33.26735520930979,33.75102625412814,0.643994873130294,0.4075639156349003,0.40677937950531023,0.4160858145470852,1.0209418412561895,53.5,51.0,54.0,2.5361829612473987,1866.5,1834.0,1873.5,0.8374720873620006
AMD,AMD CPU,CPU,CPU package RAPL,8000000,4T,4,5,96000000.0,0.1666666666666666,0.001954591796875,0.0018147092391304,0.0020043276553106,3.7316495338135836,0.1876571728515625,0.1636070697463768,0.1944006970588235,6.845597015445808,0.1876571728515625,0.1636070697463768,0.1944006970588235,6.845597015445808,95.58076754458897,90.1396713829084,98.72491319926088,3.743700617737854,0.000366793170680418,0.0002968992610558017,0.000383769407449992,10.155905364004198,8.185852424828953,7.982726755082649,8.816839444575223,3.881267360471594,0.08526186213332787,0.0823042316312198,0.09779528491527387,7.192708605211087,49.11511454897372,47.8963605304959,52.90103666745133,3.8812673604715875,0.5115711727999672,0.4938253897873188,0.5867717094916431,7.192708605211082,55.0,48.0,69.5,14.748869753405883,1936.5,1909.0,1947.5,0.819597827346288
AMD,AMD CPU,CPU,CPU package RAPL,8000000,8T,8,5,96000000.0,0.1666666666666666,0.0002365112926477,0.0002159480630055,0.0002540548273254,7.007997983921056,0.0376698565698178,0.0349117071094082,0.0391758016133098,5.196847938987699,0.0376698565698178,0.0349117071094082,0.0391758016133098,5.196847938987699,161.12844291623946,147.3973966669561,172.73754594614246,6.152214970914195,8.694479018403046e-06,7.539115526492044e-06,9.952801514203548e-06,10.671431328969994,67.65004673088954,62.97853171475772,74.09188939838971,7.013447822760998,0.42474279057435205,0.40841538248356024,0.458298986923164,5.257605237971448,405.90028038533734,377.8711902885463,444.5513363903383,7.013447822761005,2.548456743446112,2.4504922949013617,2.749793921538984,5.257605237971448,65.0,59.0,66.0,4.623160251960071,2201.5,2128.0,2216.0,2.041174580541805
AMD,AMD CPU,CPU,CPU package RAPL,8000000,10T,10,5,96000000.0,0.1666666666666666,0.0005569021134593,0.0005419290357529,0.0005765049019607,2.2363218729204397,0.0657594054712892,0.0645136796440489,0.0726166043185642,4.938041344822276,0.0657594054712892,0.0645136796440489,0.0726166043185642,4.938041344822276,117.43349126076669,115.7981645205584,129.3052365636563,4.575088866121464,3.6028718191492735e-05,3.563693119873973e-05,4.076544661245767e-05,6.131776178320646,28.730363224181453,27.753450049745997,29.52416081151891,2.2275310514265634,0.24331120218210703,0.22033528213201853,0.24800941580575195,4.724545735998719,172.38217934508876,166.520700298476,177.14496486911347,2.2275310514265625,1.459867213092642,1.322011692792111,1.4880564948345119,4.7245457359987215,54.5,53.0,56.0,2.7522935779816518,2157.0,2147.0,2176.5,0.5571868613448646
AMD,AMD CPU,CPU,CPU package RAPL,8000000,16T,16,5,96000000.0,0.1666666666666666,0.0001617795834648,0.000124199006828,0.0002402268152408,26.548298827331607,0.0329351164405175,0.0278970433891992,0.0393946770908219,14.16482877834158,0.0329351164405175,0.0278970433891992,0.0393946770908219,14.16482877834158,202.996263957448,164.07299991110665,224.52338254988356,12.05955108364128,5.328229419111607e-06,3.4647850823761637e-06,9.46365781496785e-06,41.067557594768985,98.89999502614172,66.60372191989401,128.82550681067835,24.833829389286965,0.4858036566804559,0.4061462405977596,0.5735374812584858,13.737571556082987,593.3999701568504,399.6223315193641,772.9530408640701,24.83382938928696,2.914821940082735,2.4368774435865572,3.441224887550914,13.737571556082997,68.0,61.0,69.0,5.38324159553035,2457.0,2397.0,2486.0,1.6804521773925516
AMD,AMD CPU,CPU,CPU package RAPL,8000000,20T,20,5,96000000.0,0.1666666666666666,0.0006627362673726,0.0006549748036649,0.0007301119620714,4.517312773467086,0.0835399533421575,0.0818754463350785,0.0902412706053975,4.064907783844718,0.0835399533421575,0.0818754463350785,0.0902412706053975,4.064907783844718,124.97246958412772,123.59645282475115,126.0048096908054,0.842930876497183,5.536495685446262e-05,5.36263543882941e-05,6.588623114152291e-05,8.710476153707077,24.142333515912092,21.914447141239016,24.42842062087317,4.315330975519298,0.1915251249239779,0.17730246806878414,0.19541878201823007,3.940705555375909,144.85400109547257,131.4866828474341,146.570523725239,4.315330975519293,1.1491507495438673,1.063814808412705,1.1725126921093805,3.9407055553758985,58.0,56.0,60.0,2.5485218168713613,2544.5,2515.5,2556.0,0.6572397500630851
AMD,AMD CPU,CPU,CPU package RAPL,8000000,32T,32,5,96000000.0,0.1666666666666666,8.388368542663805e-05,7.815402567094517e-05,9.78706550474885e-05,8.989984029146802,0.023155995866043,0.0224100192532088,0.0262394409086458,6.271505949804689,0.023155995866043,0.0224100192532088,0.0262394409086458,6.271505949804689,286.71372260129306,268.08331880557864,286.8769906181344,3.2440507788382678,1.966296784424242e-06,1.7514332200016563e-06,2.568071269809031e-06,15.583338292505832,190.74030806613857,163.48107604099033,204.72393920391767,8.341045344902009,0.6909657478158011,0.6097690898104486,0.7139663656339351,5.963671587661279,1144.4418483968313,980.8864562459419,1228.343635223506,8.34104534490201,4.145794486894807,3.6586145388626914,4.2837981938036105,5.963671587661283,69.0,67.0,71.0,2.072043569215102,3068.5,2991.5,3109.0,1.4682046231257109
AMD,AMD CPU,CPU,CPU package RAPL,8000000,64T,64,5,96000000.0,0.1666666666666666,0.0001080798078998,9.91869608329202e-05,0.0001237398794142,8.108579599847552,0.0283538127079532,0.0222436827466534,0.0304729671465485,11.273810078778435,0.0283538127079532,0.0222436827466534,0.0304729671465485,11.273810078778435,260.9443356015001,224.26015030887788,262.81925622743984,6.622343399563535,3.059778706742718e-06,2.2062832893722136e-06,3.7707212801067895e-06,18.2901977560173,148.03875312984903,129.30350405823887,161.3115258864711,7.76873591967992,0.5642980069312521,0.5250555327629863,0.7193053498484745,12.855936046478858,888.2325187790942,775.8210243494332,967.8691553188265,7.768735919679921,3.385788041587513,3.1503331965779178,4.315832099090847,12.855936046478856,67.5,58.0,68.5,6.631535589681771,4090.0,3943.5,4100.0,1.6359473527341974
INTEL,Intel CPU,CPU,CPU package RAPL,8000000,1T,1,5,96000000.0,0.1666666666666666,0.0058433976608187,0.0058291686046511,0.0059636994047619,0.9494129699836673,0.2739222251461988,0.269099590116279,0.2843833184523809,2.350596646656574,0.278871865497076,0.2744211540697674,0.2897437351190476,2.3070356553410187,46.94203763594196,46.139458506544536,47.88515199473749,1.7359369662517916,0.0015997786805920585,0.001568626882230293,0.0016959766269786778,3.1736323636180015,2.738133005611377,2.6828984685620316,2.7448168143967533,0.9379388914756712,0.058410740462773406,0.05626209050190526,0.05945754132544883,2.332158855801278,16.428798033668265,16.09739081137219,16.46890088638052,0.9379388914756733,0.3504644427766404,0.3375725430114316,0.35674524795269297,2.332158855801276,81.5,78.0,83.0,2.409590690929286,1339.0,1338.0,1394.5,1.8431275977435164
INTEL,Intel CPU,CPU,CPU package RAPL,8000000,2T,2,5,96000000.0,0.1666666666666666,0.0038216311787072,0.0037318643122676,0.0038589478764478,1.4628376749182723,0.2299276766917293,0.2030252702702702,0.2361209671814672,5.703288240637798,0.2358022725563909,0.2086495154440154,0.2419909382239382,5.607357024095457,60.65813894779967,52.62595174799953,61.18716644872359,6.192794191229448,0.0008664949832643089,0.000782805867179367,0.0009111785048897235,5.5720964284942465,4.18669391466828,4.146207855683234,4.287401325767359,1.4702948175250885,0.06958709899657563,0.0677618772741323,0.07880792365748641,6.098197366807588,25.12016348800968,24.8772471340994,25.724407954604153,1.4702948175250878,0.41752259397945374,0.4065712636447938,0.47284754194491846,6.098197366807587,80.0,58.0,84.0,13.853579248198319,1604.5,1537.5,1680.5,3.150231731578954
INTEL,Intel CPU,CPU,CPU package RAPL,8000000,4T,4,5,96000000.0,0.1666666666666666,0.0031523264984227,0.0031260390625,0.0031881555555555,0.788556537111792,0.2420498864353312,0.2214736031249999,0.2432144968253968,3.85572000080387,0.2478907712933754,0.2271792359375,0.2490015523809523,3.808268123126872,76.19833139095806,70.8393553123338,76.80943421521624,3.35286511145901,0.0007630202709502997,0.0006923351346813717,0.0007754056492455243,4.446563200325028,5.075616376668397,5.018575700335357,5.118298165859851,0.7867841472788462,0.06610207604569457,0.06578555229578427,0.07224337245721146,4.048437563830346,30.453698260010384,30.111454202012137,30.70978899515911,0.7867841472788496,0.39661245627416747,0.39471331377470564,0.4334602347432688,4.048437563830342,81.0,70.0,82.0,6.306991695324457,1844.0,1837.0,1849.5,0.24892994947543734
INTEL,Intel CPU,CPU,CPU package RAPL,8000000,8T,8,5,96000000.0,0.1666666666666666,0.0031249561128526,0.0030976795665634,0.003153121835443,0.6948318369941274,0.3285688021806853,0.3015076878881987,0.3300942147335423,3.741137072237746,0.335402945482866,0.307924849378882,0.3367625689655172,3.7083152356968583,104.4471294283994,96.9151119515509,105.56294566569171,3.3959176530765465,0.0010309946515653613,0.0009381224436785297,0.0010383792028559823,4.149317762678869,5.120071905712137,5.074336113546361,5.165156581302106,0.6946929355107191,0.04869604141905519,0.04847101005061684,0.05306664023085514,3.909031150859273,30.720431434272815,30.446016681278163,30.990939487812636,0.6946929355107274,0.2921762485143311,0.29082606030370106,0.31839984138513083,3.909031150859273,81.0,68.0,82.5,7.5632752146738325,2296.5,2199.0,2325.0,2.2202203674884893
INTEL,Intel CPU,CPU,CPU package RAPL,8000000,10T,10,5,96000000.0,0.1666666666666666,0.0032171746794871,0.0031881958598726,0.0032383899676375,0.5591097529606173,0.3730097106109324,0.347694483974359,0.3883022259615384,4.045706812981946,0.3800898729903537,0.3548054038461538,0.3955865705128205,3.9904641147195155,115.9997982164016,108.17136422282596,120.68821688813576,3.9349081338808523,0.001200924553216128,0.0011173034085895186,0.0012492360893519398,4.229827989428238,4.9733078225490726,4.94072676851592,5.018512256847155,0.5601806201728583,0.04289432565654783,0.04120501745870705,0.04601741108202319,4.157473512789496,29.83984693529444,29.64436061109552,30.11107354108293,0.5601806201728547,0.25736595393928696,0.2472301047522423,0.2761044664921391,4.157473512789492,81.0,69.0,86.0,8.100925873009826,2520.0,2519.0,2520.0,0.017748684188592212
INTEL,Intel CPU,CPU,CPU package RAPL,8000000,16T,16,5,96000000.0,0.1666666666666666,0.0032671433224755,0.0031980445859872,0.0032928519736842,1.1125812330264562,0.3599973534201954,0.3313732761437908,0.3815850986842105,5.056892149884463,0.3675315570032573,0.3383547303921568,0.3892947878289474,5.0303433794358545,111.034433463845,101.22407897834805,115.87240771318436,4.90894941886225,0.001176162949335644,0.0010849502180496449,0.0012565032453307828,5.429295717036768,4.897244602014236,4.85900979693856,5.003057202550221,1.1215990510179776,0.044444771185094,0.04193035853646153,0.04828391772020028,5.154815431748194,29.38346761208542,29.15405878163136,30.018343215301325,1.1215990510179763,0.26666862711056394,0.2515821512187692,0.2897035063212016,5.154815431748186,81.0,66.5,83.0,8.738429934603039,3248.5,3129.0,3439.0,3.495322463440665
INTEL,Intel CPU,CPU,CPU package RAPL,8000000,20T,20,5,96000000.0,0.1666666666666666,0.0035084825174825,0.0033483327759197,0.0035683932384341,2.380557970328516,0.4147630210526316,0.3859462437722419,0.4207576835664335,3.5816076255631852,0.4232064210526315,0.3940900729537366,0.4290063636363636,3.550975898399163,118.90117884445162,108.16934142930816,119.8080216137646,4.161557331055234,0.0014591828779462008,0.0013358476807223641,0.0014762209768892658,4.348151568280423,4.5603761513056496,4.483810760447803,4.778497560059638,2.4403133840416,0.038576245199954,0.038026637717891505,0.04145655064191288,3.657335787261885,27.3622569078339,26.902864562686815,28.670985360357825,2.440313384041592,0.231457471199724,0.22815982630734905,0.2487393038514773,3.6573357872618892,84.0,69.0,84.0,8.18143261437545,3599.0,3599.0,3599.5,0.006212853150787112
3090,RTX 3090,GPU,GPU board NVML,16000000,gpu_resident,-1,5,192000000.0,0.1666666666666666,0.0002296336394948,0.000229310522696,0.0002298289292279,0.09541454633619335,0.0812964408725602,0.0810063044475011,0.0816012178308823,0.3036492320409944,0.0812964408725602,0.0810063044475011,0.0816012178308823,0.3036492320409944,354.0238751630151,353.1233356950424,355.0511183482729,0.21894390019787255,1.8668397595539813e-05,1.8575598014527787e-05,1.8753954887309968e-05,0.392794783068857,139.3524052939318,139.2339950740865,139.54876393711257,0.09544649701379598,0.393621167870842,0.39215101012732034,0.39503098207299026,0.3034996090805447,836.1144317635909,835.4039704445189,837.2925836226756,0.09544649701380477,2.361727007225052,2.3529060607639223,2.3701858924379415,0.3034996090805388,65.0,64.0,65.0,0.690144437499935,1905.0,1897.5,1905.0,0.17620709042551536
5060ti,RTX 5060 Ti,GPU,GPU board NVML,16000000,gpu_resident,-1,5,192000000.0,0.1666666666666666,0.0004848536112457,0.000484838826951,0.0004849182832201,0.0066337603284927224,0.0493795443528841,0.0489721279689772,0.0495196316044595,0.44381038750731655,0.0493795443528841,0.0489721279689772,0.0495196316044595,0.44381038750731655,101.84637164740604,101.00258301468008,102.13551229941544,0.4475592709937436,2.3941383653167442e-05,2.3744313096145142e-05,2.4009856223925846e-05,0.4424447667413311,65.99930217655731,65.99050006426648,66.00131470748333,0.006633235311934399,0.648041621674684,0.6462083614757391,0.6534329082099785,0.445337037430564,395.99581305934385,395.94300038559885,396.00788824489996,0.006633235311939626,3.8882497300481043,3.877250168854435,3.920597449259871,0.4453370374305651,56.0,55.0,56.5,1.093522206599633,2790.0,2790.0,2790.0,0.0
AMD,AMD CPU,CPU,CPU package RAPL,16000000,1T,1,5,192000000.0,0.1666666666666666,0.0091863256880733,0.0091641318181818,0.0092229818181818,0.24954681708489682,0.6663207409090909,0.6595918954545454,0.6921705681818182,2.235315721583465,0.6663207409090909,0.6595918954545454,0.6921705681818182,2.235315721583465,72.61486702339334,71.86329354730276,75.15113450489883,2.0542543541290383,0.0061062511028794715,0.006050301540480439,0.006383876565421475,2.4541992302150324,3.483438437366305,3.4695937421145664,3.491874695266979,0.24925762537016988,0.04802491958503495,0.04623137918744082,0.04851484716613717,2.219775540524451,20.900630624197827,20.8175624526874,20.951248171601872,0.24925762537016694,0.28814951751020973,0.2773882751246449,0.291089082996823,2.2197755405244477,56.5,54.0,64.0,6.772864751233004,1829.0,1814.0,1848.5,0.6838389672036126
AMD,AMD CPU,CPU,CPU package RAPL,16000000,2T,2,5,192000000.0,0.1666666666666666,0.005833203488372,0.0058140319767441,0.0059111411764705,0.6763797120538008,0.4750576941176471,0.4720481017441861,0.4782188081395349,0.5060884809580852,0.4750576941176471,0.4720481017441861,0.4782188081395349,0.5060884809580852,81.26588746012303,80.28167039559362,82.07043673463974,0.9029095008048321,0.0027748511760209192,0.0027445027581020505,0.002808133096897951,0.8619085146068193,5.485836395693945,5.413506300167064,5.503925697003172,0.6711231910935177,0.06736023939036605,0.06691497585486647,0.06778970168879432,0.5063403454722268,32.91501837416367,32.48103780100239,33.023554182019026,0.6711231910935089,0.40416143634219637,0.4014898551291988,0.40673821013276584,0.5063403454722183,57.5,53.0,67.0,9.675036360627843,1862.5,1834.0,1874.0,0.8559599474746613
AMD,AMD CPU,CPU,CPU package RAPL,16000000,4T,4,5,192000000.0,0.1666666666666666,0.0048152727272727,0.004808485645933,0.0048454806763285,0.2991801909410902,0.4471483076923077,0.4311251111111111,0.4701563277511962,3.1058356053983203,0.4471483076923077,0.4311251111111111,0.4701563277511962,3.1058356053983203,92.76152984933476,88.96597789148197,97.64744720944128,3.3159098908559934,0.0021559449133017445,0.0020890083949688665,0.00226393094257502,2.9167094140818013,6.645521824497847,6.604091964772197,6.654901845670577,0.2982796366818946,0.07156462285443756,0.06806246797327845,0.0742243937439145,3.072351478186548,39.87313094698708,39.624551788633184,39.92941107402346,0.2982796366818912,0.42938773712662537,0.40837480783967073,0.44534636246348697,3.07235147818654,60.5,53.0,67.0,8.680277773333192,1914.0,1910.0,1945.0,0.7947427643528812
AMD,AMD CPU,CPU,CPU package RAPL,16000000,8T,8,5,192000000.0,0.1666666666666666,0.0039392775590551,0.003887742248062,0.0039660892857142,0.8791965347872138,0.4530640486381323,0.4175424365079365,0.4875454670542636,5.836818089830237,0.4530640486381323,0.4175424365079365,0.4875454670542636,5.836818089830237,115.40783025569785,105.2340241802741,125.38324716926212,6.645146992387847,0.001765572087143895,0.0016560105837651283,0.0018954511101179807,5.073584877654758,8.123316907802689,8.068401312916372,8.230998342534583,0.880693110794316,0.07063019035871192,0.0656349041523104,0.0766389166754593,5.766606293028098,48.73990144681614,48.41040787749822,49.38599005520751,0.8806931107943231,0.42378114215227153,0.3938094249138624,0.4598335000527558,5.766606293028098,54.0,52.0,62.5,7.281615723760591,2066.0,2062.0,2080.0,0.42528543144103886
AMD,AMD CPU,CPU,CPU package RAPL,16000000,10T,10,5,192000000.0,0.1666666666666666,0.0035483085106382,0.0035119,0.0037123462962962,2.236191272332892,0.4171638286219081,0.3708325975177304,0.4195113273381294,5.363871003873812,0.4171638286219081,0.3708325975177304,0.4195113273381294,5.363871003873812,116.36437423843378,104.47185755109452,119.12153498076556,6.31102856896754,0.00146930329395807,0.001315828461794233,0.0015121783774974596,5.220296889889461,9.01838154829566,8.619885497192525,9.111876761866794,2.196350457521372,0.07670847231820488,0.07627922755517814,0.08629230605453989,5.565985185681983,54.11028928977397,51.71931298315515,54.671260571200776,2.1963504575213824,0.4602508339092293,0.4576753653310689,0.5177538363272394,5.565985185681988,53.0,51.0,59.0,6.131222658639919,2151.0,2140.0,2174.5,0.6380054286568997
AMD,AMD CPU,CPU,CPU package RAPL,16000000,16T,16,5,192000000.0,0.1666666666666666,0.003917064453125,0.003906224609375,0.0039382843137254,0.33344308513602067,0.49164851953125,0.477753251953125,0.50207980859375,2.1732191599334394,0.49164851953125,0.477753251953125,0.50207980859375,2.1732191599334394,125.49108365801357,122.3362817872322,128.4519832206131,2.1120614585031414,0.0019258189392873915,0.0018662115099882318,0.0019618552783383023,2.269818429390746,8.169383062990113,8.125365629006547,8.192053248346115,0.33282818467462477,0.06508714809211588,0.06373488726747882,0.06698018248788329,2.1773862414509795,49.01629837794067,48.75219377403928,49.152319490076685,0.3328281846746239,0.39052288855269535,0.38240932360487295,0.4018810949272998,2.1773862414509804,54.0,52.5,56.0,2.4011795230948985,2395.0,2362.0,2404.0,0.8129067190037677
AMD,AMD CPU,CPU,CPU package RAPL,16000000,20T,20,5,192000000.0,0.1666666666666666,0.0041981464435146,0.0041241893004115,0.0042082226890756,0.8641977932075268,0.5025979502074689,0.4860072366255143,0.5451314079497908,5.1448512097279515,0.5025979502074689,0.4860072366255143,0.5451314079497908,5.1448512097279515,120.70910812704102,117.84309689279526,129.851658670215,4.541253505150311,0.0021138107281889282,0.002004385845213506,0.0022885414815325207,5.80166204878007,7.622411564378463,7.604160322378113,7.759100678721786,0.8694833871558382,0.06366918127459657,0.05870144250236881,0.06584264099066724,5.101894243170034,45.734469386270774,45.624961934268676,46.55460407233072,0.8694833871558368,0.3820150876475794,0.3522086550142129,0.3950558459440034,5.101894243170032,56.0,53.0,58.5,3.840323779929744,2496.5,2487.0,2506.0,0.29282643830943705
AMD,AMD CPU,CPU,CPU package RAPL,16000000,32T,32,5,192000000.0,0.1666666666666666,0.0037666315789473,0.0037178277777777,0.0037954015151515,0.8651761547810055,0.5789694548872181,0.5770827992565055,0.5879191458333333,0.8402717803163272,0.5789694548872181,0.5770827992565055,0.5879191458333333,0.8402717803163272,154.81116910071384,153.43705975522147,155.69722229425295,0.5898663681560216,0.002184489843385141,0.0021510954418315327,0.0022313892168824086,1.6028913162348692,8.495654361009572,8.431255526524357,8.607176532294277,0.8658956046288718,0.05527061873451256,0.0544292531154812,0.05545131485677228,0.8378876387633494,50.97392616605743,50.58753315914614,51.643059193765666,0.865895604628872,0.33162371240707533,0.3265755186928872,0.3327078891406337,0.8378876387633506,55.0,52.0,61.0,6.187720127525768,2975.0,2961.5,3001.0,0.5191569122259038
AMD,AMD CPU,CPU,CPU package RAPL,16000000,64T,64,5,192000000.0,0.1666666666666666,0.0039448307086614,0.0039078501945525,0.0040024203187251,1.007990475017666,0.6344854271653544,0.6297586031128404,0.6410909047619048,0.8182243877812875,0.6344854271653544,0.6297586031128404,0.6410909047619048,0.8182243877812875,160.85518789798954,159.79002139814432,161.24903045525753,0.35812220476225215,0.0025029375972800364,0.0024610022796956238,0.002559252714988056,1.7995340350564277,8.11188169107986,7.9951622897499774,8.188645522954705,1.0058098842722032,0.05043457048803175,0.04991491809088214,0.050813120839996256,0.817526410129794,48.67129014647916,47.970973738499865,49.13187313772823,1.0058098842722054,0.3026074229281905,0.2994895085452929,0.30487872503997754,0.8175264101297928,57.0,55.0,59.5,2.8053857580211905,4147.5,4135.5,4172.5,0.3337636212900963
INTEL,Intel CPU,CPU,CPU package RAPL,16000000,1T,1,5,192000000.0,0.1666666666666666,0.0124029876543209,0.0123905061728395,0.0126769493670886,0.990150282698286,0.5941636666666668,0.5507086296296296,0.5950000740740742,3.2968027855538375,0.6054448641975309,0.561233987654321,0.606246082278481,3.2787137462513978,46.9180644220869,44.4443030123625,47.962483537340574,3.035829280494748,0.007377092073209862,0.006823558674861908,0.007540934921382546,3.811767291958727,2.580023530770183,2.5242666096842785,2.582622497710813,0.9773507456761846,0.05385721442632809,0.05378150590955419,0.05810695216728507,3.4055916445196335,15.480141184621097,15.145599658105668,15.49573498626488,0.9773507456761927,0.32314328655796853,0.3226890354573251,0.34864171300371044,3.4055916445196392,82.0,70.0,84.0,7.1844689730114375,1339.0,1338.0,1339.5,0.04090839924603525
INTEL,Intel CPU,CPU,CPU package RAPL,16000000,2T,2,5,192000000.0,0.1666666666666666,0.0079724166666666,0.0079598253968253,0.008132581300813,0.8993915551597107,0.4811020912698412,0.429142208,0.4896942235772358,5.158340338010447,0.4937373452380952,0.441283308,0.5021685569105692,5.066703272854981,60.21890958527919,53.500332783304245,60.35273331324661,5.086376653111697,0.0038341617153981964,0.003433348801966336,0.003982478085780368,5.429130102788628,4.013839383708445,3.9347900520589962,4.020188685641634,0.8897969599467141,0.06651394907791369,0.065346901105426,0.07456735646939673,5.516200153416202,24.08303630225067,23.608740312353977,24.121132113849804,0.8897969599467118,0.3990836944674821,0.39208140663255603,0.44740413881638036,5.516200153416198,81.0,64.0,82.0,9.94172524696773,1603.0,1469.0,1615.5,3.891802466537498
INTEL,Intel CPU,CPU,CPU package RAPL,16000000,4T,4,5,192000000.0,0.1666666666666666,0.0067363724832214,0.0067023758389261,0.0068140136054421,0.6481762288213796,0.5116990067114094,0.4867196632653061,0.5195897281879194,2.5204805942308406,0.5241689194630872,0.4992755510204082,0.532628768456376,2.4779446972135184,76.33324721853103,71.33264776500553,76.99995763491641,3.0336810284490543,0.003429599059385035,0.003316514407525993,0.0035036510756309555,2.1324402295872,4.750331143312503,4.696204300860624,4.774426377904713,0.6445405454616882,0.0625367639575027,0.06158705275333426,0.0657462650785841,2.568677812080726,28.501986859875018,28.177225805163747,28.64655826742828,0.6445405454616879,0.37522058374501616,0.3695223165200056,0.3944775904715045,2.5686778120807143,80.5,69.0,82.0,6.782078185109454,1849.0,1846.0,1849.5,0.07977864980932937
INTEL,Intel CPU,CPU,CPU package RAPL,16000000,8T,8,5,192000000.0,0.1666666666666666,0.0067555067114093,0.0067184966442953,0.0067680067114093,0.30250803143764815,0.7149285604026845,0.6856370805369127,0.72756177852349,2.2020512718562233,0.729032744966443,0.699718365771812,0.7418126510067113,2.1711193173328613,106.02014351153171,101.89661488324522,107.619813681066,2.018214127481079,0.0048253130480549805,0.004606450424791675,0.004915048477780324,2.441868840665779,4.736876353916658,4.728127699113443,4.762970303359653,0.3030411159955121,0.044759716945670706,0.04398251934693522,0.04667192149955083,2.2478366482159426,28.42125812349995,28.36876619468066,28.577821820157922,0.30304111599551675,0.2685583016740242,0.2638951160816113,0.280031528997305,2.247836648215947,81.0,75.0,84.0,4.181028933823783,2199.5,2181.5,2309.5,2.7141972439488824
INTEL,Intel CPU,CPU,CPU package RAPL,16000000,10T,10,5,192000000.0,0.1666666666666666,0.0069396551724137,0.0069254344827586,0.0069456275862068,0.11797706182200925,0.8195640896551724,0.7994284310344828,0.8245394931034482,1.2301643643530564,0.8342497689655173,0.8144372586206896,0.8400975379310345,1.2303143516525474,117.98117276282905,115.34242530736996,118.69484409426796,1.1509536964322198,0.0056874921739000425,0.005540769539255907,0.005726944249216282,1.304898522827956,4.611180124223664,4.607215057649828,4.620648723147473,0.11802004789951315,0.03904514656500366,0.03880954189296209,0.04002859888106694,1.2468397613283535,27.667080745341988,27.64329034589897,27.723892338884834,0.11802004789950836,0.23427087939002192,0.23285725135777252,0.24017159328640167,1.2468397613283608,82.0,79.0,83.0,1.8585479029538114,2519.5,2400.5,2522.0,2.1458190395965504
INTEL,Intel CPU,CPU,CPU package RAPL,16000000,16T,16,5,192000000.0,0.1666666666666666,0.0069749618055555,0.0069549618055555,0.0070641373239436,0.6278626211080297,0.7756594545454546,0.7268157429577464,0.7802629652777778,2.900920119214756,0.791642013986014,0.7423857535211268,0.7964956249999999,2.866071085195657,110.55558011926922,102.903446801568,111.85061437818436,3.360109538168611,0.0054176163739071545,0.005134326217457614,0.0054423043811019775,2.4939836665590396,4.587838742645481,4.5299232634588416,4.6010317374336935,0.6251991120416976,0.04125521814048198,0.041011814508725056,0.04402766493441286,2.990012409461386,27.527032455872888,27.179539580753048,27.60619042460216,0.6251991120417048,0.2475313088428919,0.2460708870523503,0.26416598960647714,2.9900124094613822,80.0,60.0,82.0,12.2325919322428,3179.5,3177.0,3321.5,1.9396552102499427
INTEL,Intel CPU,CPU,CPU package RAPL,16000000,20T,20,5,192000000.0,0.1666666666666666,0.0073898235294117,0.0073600772058823,0.0074449185185185,0.4600053359033657,0.889916974074074,0.8536911617647058,0.9053238529411765,2.1851262754331113,0.9078673888888888,0.8710201102941177,0.9228310477941176,2.1566412439960754,119.7050017568265,115.47818208243778,122.31517620757576,2.173208615628857,0.006576681861664355,0.0063086270340596325,0.006701293697779975,2.309479150118458,4.330279318936254,4.298233744318781,4.3477804790451176,0.4587882149631466,0.035958410652066536,0.03534646733988042,0.03748428170891598,2.219572018590883,25.981675913617522,25.78940246591268,26.086682874270707,0.4587882149631518,0.21575046391239922,0.21207880403928253,0.2249056902534959,2.219572018590887,83.0,77.0,86.0,4.079547649022235,3599.5,3599.0,3887.5,3.4785175795772396
3090,RTX 3090,GPU,GPU board NVML,32000000,gpu_resident,-1,5,384000000.0,0.1666666666666666,0.0004557578587699,0.0004553024578971,0.0004557906605922,0.04537340006147463,0.1612892938496583,0.1612389521640091,0.1615334699453552,0.08581092611129192,0.1612892938496583,0.1612389521640091,0.1615334699453552,0.08581092611129192,353.897484554019,353.77748560935584,354.7035923535383,0.12411224741401515,7.351051651454567e-05,7.349120852002784e-05,7.359085331190186e-05,0.05416423438783885,140.42544471473806,140.4153387365288,140.56590051280642,0.0453915278185268,0.39680253085896683,0.3962027189885194,0.39692641970843656,0.08578579379439631,842.5526682884284,842.492032419173,843.3954030768386,0.045391527818527067,2.380815185153801,2.377216313931116,2.3815585182506194,0.0857857937943983,65.0,57.0,65.0,5.643073760251834,1905.0,1882.5,1942.5,1.1324575700383597
5060ti,RTX 5060 Ti,GPU,GPU board NVML,32000000,gpu_resident,-1,5,384000000.0,0.1666666666666666,0.0009704689621726,0.0009692320736434,0.0009713820388349,0.08005215193886188,0.0978553398058252,0.0970882638215324,0.0982754607177497,0.44988494229181764,0.0978553398058252,0.0970882638215324,0.0982754607177497,0.44988494229181764,100.73447387319968,100.08288647923725,101.24430156642124,0.4454840721490765,9.497065554156411e-05,9.418376152746301e-05,9.537399927372352e-05,0.4620257006076383,65.94749805982714,65.88550893607545,66.03165716485243,0.08005764540150463,0.6540266492047904,0.65123072975267,0.6591939898899084,0.45118516894816807,395.68498835896287,395.3130536164527,396.1899429891146,0.08005764540150986,3.9241598952287426,3.9073843785160203,3.955163939339451,0.45118516894817157,55.0,53.5,56.0,1.6291934262293548,2790.0,2790.0,2790.0,0.0
AMD,AMD CPU,CPU,CPU package RAPL,32000000,1T,1,5,384000000.0,0.1666666666666666,0.0182399272727272,0.0181665714285714,0.0182592272727272,0.20017569306194008,1.3689645454545454,1.345177294642857,1.3704954910714284,0.7816719642735583,1.3689645454545454,1.345177294642857,1.3704954910714284,0.7816719642735583,75.05681294341406,73.95569793979593,75.22559860008863,0.729024067082736,0.024944739374846817,0.024437259407221898,0.025001814641380224,0.9519345993358362,3.5087859201990574,3.5050771341015765,3.5229542487771943,0.20045621662928334,0.04675066290979048,0.04669843893464105,0.04757737158877033,0.7884661061932677,21.052715521194344,21.03046280460946,21.137725492663165,0.20045621662927948,0.2805039774587429,0.2801906336078463,0.28546422953262196,0.7884661061932607,55.0,50.0,64.0,9.145627021149032,1809.0,1794.0,1834.0,0.9024575233663756
AMD,AMD CPU,CPU,CPU package RAPL,32000000,2T,2,5,384000000.0,0.1666666666666666,0.0114891193181818,0.0114242102272727,0.0115539540229885,0.40083018877938176,0.9361870965909092,0.9328756875,0.955487264367816,1.0034781183852999,0.9361870965909092,0.9328756875,0.955487264367816,1.0034781183852999,81.49775398499634,81.08225855537489,82.61993607835679,0.7115681290089939,0.01075066728898761,0.010664090728168587,0.011039655922056803,1.352857436377419,5.5704878875022645,5.539229243310249,5.6021378044334815,0.40084798406085903,0.06836240344804329,0.066981531190104,0.0686050680252078,0.9910556471879238,33.42292732501359,33.235375459861494,33.61282682660089,0.4008479840608575,0.4101744206882597,0.40188918714062394,0.41163040815124685,0.991055647187933,54.0,53.5,55.0,1.134023029066286,1834.0,1834.0,1869.0,0.8618182845401612
AMD,AMD CPU,CPU,CPU package RAPL,32000000,4T,4,5,384000000.0,0.1666666666666666,0.0094632264150943,0.0094585754716981,0.0095173537735849,0.2663495579283536,0.9132863018867924,0.8429721132075472,0.945934391509434,4.17653358342031,0.9132863018867924,0.8429721132075472,0.945934391509434,4.17653358342031,96.18923380214405,89.12812461326007,100.01788766846263,4.172702856381219,0.00865887194735554,0.007973315353310419,0.008951591320678229,4.2033226442687575,6.763021108521396,6.724558267197115,6.7663466017161324,0.2657898746787899,0.07007660124517362,0.06765796927826545,0.07592184723226145,4.3105857408339965,40.57812665112837,40.34734960318269,40.5980796102968,0.26578987467878595,0.42045960747104166,0.4059478156695926,0.4555310833935687,4.310585740834006,54.0,50.0,61.5,7.75419894872401,1945.5,1912.0,1949.0,0.9573438572167001
AMD,AMD CPU,CPU,CPU package RAPL,32000000,8T,8,5,384000000.0,0.1666666666666666,0.0096072714285714,0.0095685571428571,0.0097784320388349,0.8832873721398361,1.055830639423077,0.9786391809523808,1.2020829285714285,9.175860499654117,1.055830639423077,0.9786391809523808,1.2020829285714285,9.175860499654117,109.7632494337217,101.8611493519466,125.48267313524263,9.648084967158795,0.010184974717916198,0.009402052242044323,0.011515880041056687,8.751831973599035,6.661620885371071,6.545016598348787,6.688573736300025,0.874400164940635,0.06061578212484025,0.05324091914029464,0.06539693203139202,9.10311439439941,39.96972531222642,39.27009959009273,40.131442417800145,0.8744001649406242,0.3636946927490415,0.31944551484176786,0.3923815921883521,9.103114394399405,55.5,46.5,61.0,9.642365197998377,2070.5,2059.5,2096.0,0.8073553709918864
AMD,AMD CPU,CPU,CPU package RAPL,32000000,10T,10,5,384000000.0,0.1666666666666666,0.0097027403846153,0.0096787403846153,0.0097075528846153,0.1227575603646408,1.1264612451923075,1.0495389134615385,1.2497660528846155,7.837281171408829,1.1264612451923075,1.0495389134615385,1.2497660528846155,7.837281171408829,116.04222405148138,108.21944981350244,128.81071436976322,7.910200129880354,0.010935182110173929,0.010181733421155333,0.012126155552644818,7.769533777332356,6.596074661698528,6.592804670827837,6.612430694156262,0.12293365732579734,0.05681509263913827,0.05120958426761556,0.06097915873258886,7.772900143227609,39.57644797019116,39.556828024967025,39.67458416493758,0.12293365732580065,0.34089055583482963,0.3072575056056933,0.36587495239553314,7.772900143227611,55.0,54.0,66.0,9.204377803475268,2153.5,2143.5,2176.5,0.6454041315911392
AMD,AMD CPU,CPU,CPU package RAPL,32000000,16T,16,5,384000000.0,0.1666666666666666,0.0097460145631067,0.0097155339805825,0.009790354368932,0.2895707938944767,1.320005432038835,1.209755417475728,1.3290383106796115,4.463378154442905,1.320005432038835,1.209755417475728,1.3290383106796115,4.463378154442905,135.38257451276385,124.1016864824364,136.7721693770289,4.655098360778602,0.012844165477206534,0.01179029391651567,0.012912316868903729,4.287552097225291,6.566786821997009,6.53704632011002,6.587388827820542,0.2891562361272981,0.048484648961745404,0.04815512050008042,0.052903255546928825,4.544166845521975,39.40072093198205,39.222277920660126,39.52433296692325,0.28915623612729136,0.2909078937704725,0.28893072300048245,0.31741953328157296,4.544166845521977,55.0,52.0,59.5,4.852227075948911,2374.0,2364.5,2401.5,0.6883874725580359
AMD,AMD CPU,CPU,CPU package RAPL,32000000,20T,20,5,384000000.0,0.1666666666666666,0.0107398457446808,0.0106724255319148,0.0107450744680851,0.2861234151292383,1.329057824468085,1.307266079787234,1.364215510638298,1.6280623345448257,1.329057824468085,1.307266079787234,1.364215510638298,1.6280623345448257,124.28495362721006,121.64376606245784,127.304137079318,1.688881064054452,0.014277948027499801,0.014046671376915508,0.01461974613613393,1.6242944605947915,5.959117246325231,5.956217445499524,5.9967623862649155,0.28690876076277116,0.04815441346625686,0.04691340884260674,0.04895713350905304,1.6251621301559989,35.75470347795139,35.73730467299715,35.98057431758949,0.28690876076277094,0.28892648079754113,0.28148045305564046,0.29374280105431827,1.6251621301559966,55.0,52.0,59.5,5.786338982743451,2541.0,2525.5,2551.5,0.374459425564549
AMD,AMD CPU,CPU,CPU package RAPL,32000000,32T,32,5,384000000.0,0.1666666666666666,0.0098495931372549,0.0098386323529411,0.0098660588235294,0.09958987894593181,1.5070661666666667,1.504119274509804,1.5110784166666669,0.1643840062412596,1.5070661666666667,1.504119274509804,1.5110784166666669,0.1643840062412596,153.0268555966104,152.7025410872161,153.18437152517333,0.12199729331026665,0.014843113696069903,0.014814962883824586,0.014908388545799003,0.24260532709465774,6.49773032328896,6.48688611579808,6.504969156700752,0.09954181451134277,0.04246661587629917,0.04235385754577815,0.042549817082064685,0.16428374059367634,38.986381939733754,38.92131669478847,39.02981494020452,0.09954181451135174,0.25479969525779506,0.2541231452746689,0.2552989024923881,0.16428374059367626,55.5,55.0,57.0,1.502082632915755,2964.0,2951.0,2989.0,0.46625958473624884
AMD,AMD CPU,CPU,CPU package RAPL,32000000,64T,64,5,384000000.0,0.1666666666666666,0.010006707920792,0.0099877128712871,0.010032315,0.1600810110701432,1.587847115,1.579325594059406,1.591865702970297,0.33067823892402654,1.587847115,1.579325594059406,1.591865702970297,0.33067823892402654,158.36517650240006,157.85504146752066,159.35039923244386,0.3592493246611784,0.015899097570916922,0.015801473124749242,0.015937109344397567,0.35231624701167635,6.395709808519584,6.379385017316542,6.407873436569109,0.1600272682874651,0.040306147484482475,0.040204396564723396,0.04052362618622431,0.33122043411398616,38.3742588511175,38.27631010389925,38.44724061941466,0.1600272682874695,0.24183688490689484,0.24122637938834038,0.24314175711734584,0.3312204341139864,56.0,54.0,57.0,2.2271734522341204,4169.5,4145.5,4174.0,0.33167292388189534
INTEL,Intel CPU,CPU,CPU package RAPL,32000000,1T,1,5,384000000.0,0.1666666666666666,0.0251715,0.025127575,0.0253474125,0.3694834182898939,1.1695107125,1.1360299625,1.1974830625,1.9162795038172888,1.1910427875,1.15792445,1.2185028875,1.8745149476829734,46.27060489302747,45.13553436551904,47.56822275310383,1.8643684023939135,0.029575551744037813,0.028589827049383596,0.030142444907718748,2.035852817261003,2.542558051764893,2.5249125527112484,2.5470026455000134,0.3689376496946507,0.054723739864845404,0.05344543234405873,0.05633654226791575,1.925949733469771,15.255348310589357,15.14947531626749,15.282015873000082,0.3689376496946549,0.3283424391890724,0.3206725940643524,0.33801925360749446,1.9259497334697662,80.0,78.0,82.0,1.8494260566323348,1339.0,1338.0,1354.5,0.5346102359820912
INTEL,Intel CPU,CPU,CPU package RAPL,32000000,2T,2,5,384000000.0,0.1666666666666666,0.0162259193548387,0.016123193548387,0.0162467822580645,0.338859736868765,0.9793557983870969,0.914346137096774,0.991620387096774,3.340938595060513,1.0031020161290325,0.9386024354838708,1.015675927419355,3.236205719302877,60.498154404839966,56.39682912004589,61.026354562767,3.247522900525996,0.015826871481803978,0.014850478139563061,0.016110640511818923,3.354917520962364,3.9443065505508437,3.939241566940554,3.9694369361709176,0.3393972496717362,0.0653490795739421,0.06454082714795387,0.0699953741842366,3.440249924943157,23.665839303305063,23.635449401643324,23.816621617025504,0.33939724967173307,0.39209447744365267,0.3872449628877232,0.41997224510541964,3.4402499249431595,82.0,70.0,83.0,6.8001852274996795,1606.5,1601.0,1612.5,0.2868557702953605
INTEL,Intel CPU,CPU,CPU package RAPL,32000000,4T,4,5,384000000.0,0.1666666666666666,0.0138260821917808,0.0137448219178082,0.0139019791666666,0.48877541579049066,1.046522828767123,1.0233717602739725,1.0635131369863011,1.479760603879427,1.0707865342465754,1.0472608150684932,1.0879594931506849,1.4840997333840367,76.00532763302465,74.02940601386968,77.21781934791838,1.6030807653837975,0.014490978509624502,0.01414922207029534,0.014680523903584269,1.4965080635176524,4.628932412831028,4.603661049460905,4.6562989599071996,0.48889060290867514,0.06115490101195065,0.060177912029707605,0.06253836824935076,1.4898954494051395,27.77359447698617,27.62196629676543,27.937793759443196,0.48889060290868197,0.36692940607170393,0.3610674721782456,0.3752302094961046,1.4898954494051455,80.0,74.0,83.0,4.2336867289601035,1846.5,1720.0,1854.0,3.9395779535993998
INTEL,Intel CPU,CPU,CPU package RAPL,32000000,8T,8,5,384000000.0,0.1666666666666666,0.0139010555555555,0.0138601164383561,0.0139394652777777,0.21802805207533504,1.4760225486111112,1.4339253402777778,1.4921272465753423,1.6006545298703476,1.5038934027777775,1.462699326388889,1.5201458150684932,1.5646498195683687,105.90902657118929,102.81455278624313,107.34403800173064,1.6142273499097366,0.02057496506558153,0.019933075817720216,0.020706423541569707,1.6434428599552533,4.603966924973742,4.591280850781903,4.61756582526884,0.21794177616073193,0.04335977120418784,0.04289178429446261,0.04463272821972866,1.6122506983123004,27.62380154984245,27.54768510469142,27.70539495161304,0.21794177616072827,0.260158627225127,0.25735070576677566,0.267796369318372,1.6122506983123002,81.0,76.5,83.0,3.2234568133361856,2296.0,2179.0,2325.0,2.6670121963874056
INTEL,Intel CPU,CPU,CPU package RAPL,32000000,10T,10,5,384000000.0,0.1666666666666666,0.0142540915492957,0.0142416408450704,0.0142637957746478,0.06302172519247412,1.6818482253521123,1.6292983873239435,1.6999468169014085,1.6660161853129702,1.7112209929577464,1.659141676056338,1.7300475211267607,1.6394120453517846,118.11655463432704,114.23666367425308,119.32624322904088,1.697311118806229,0.02395227838138381,0.023237351922253936,0.02422603785931351,1.6446695272919223,4.48993889078552,4.4868842074809,4.493864204007992,0.06303492907045517,0.03805337427912138,0.03764823661757637,0.039280711561445414,1.6872530570442652,26.939633344713126,26.9213052448854,26.96318522404795,0.06303492907045424,0.22832024567472825,0.22588941970545823,0.23568426936867248,1.6872530570442614,83.0,77.0,83.0,3.2035392654558468,2520.0,2519.0,2520.0,0.017748684188592212
INTEL,Intel CPU,CPU,CPU package RAPL,32000000,16T,16,5,384000000.0,0.1666666666666666,0.0142626126760563,0.0142096056338028,0.0143106857142857,0.25111974122274267,1.5643305357142858,1.5281350140845071,1.5870097112676056,1.3750930350869641,1.59622295,1.559555443661972,1.619497218309859,1.370638120846992,109.3076993856658,107.56143945878472,111.27463511616747,1.2357101889000612,0.022380335211203455,0.021714195905346536,0.0226349048249498,1.538570837854639,4.487256399203879,4.472182624771903,4.503995511863632,0.2512197593333659,0.04091206975690536,0.04032741548183769,0.04188111613838118,1.3848167185212794,26.923538395223275,26.833095748631422,27.023973071181793,0.2512197593333592,0.24547241854143217,0.24196449289102614,0.2512866968302871,1.384816718521285,80.5,78.0,83.0,2.239472841903099,3178.5,3175.5,3185.0,0.11086718709199575
INTEL,Intel CPU,CPU,CPU package RAPL,32000000,20T,20,5,384000000.0,0.1666666666666666,0.0149968283582089,0.0149278455882352,0.0151069253731343,0.5073600371736877,1.816557828358209,1.7498079264705884,1.8395944402985076,1.8929982826627099,1.8523847164179104,1.7853500514705885,1.875014276119403,1.850929296811496,120.61281938629617,117.19295893853403,123.15429369134978,1.8077533215913493,0.027323751700490808,0.026120862535422958,0.027477404380486327,2.107254912791054,4.267569013348609,4.236467608016101,4.287289791531546,0.5067011299540013,0.035231468550518265,0.03479027692082763,0.03657544295681058,1.9320928091644947,25.605414080091656,25.418805648096605,25.723738749189273,0.5067011299539972,0.2113888113031096,0.20874166152496582,0.21945265774086348,1.9320928091644887,83.0,79.0,86.0,3.071698502164328,3600.0,3599.5,3601.0,0.01863234711690517
3090,RTX 3090,GPU,GPU board NVML,64000000,gpu_resident,-1,5,768000000.0,0.1666666666666666,0.0009091030881017,0.0009083574023614,0.0009099363636363,0.06500379784858962,0.3208197093551317,0.319825,0.322758855585831,0.3429585977376973,0.3208197093551317,0.319825,0.322758855585831,0.3429585977376973,352.95532371436866,351.4602406385512,355.0225503441334,0.3862685736378335,0.0002916535732239465,0.00029102039749997967,0.00029342107232524956,0.30868387742378717,140.79811374007878,140.6691776647816,140.91369725974204,0.06500760502427115,0.3989779813007382,0.39658090795888656,0.40021886969436404,0.34250952439114,844.7886824404727,844.0150659886896,845.4821835584521,0.06500760502427219,2.3938678878044293,2.379485447753319,2.4013132181661843,0.34250952439114285,65.0,61.0,65.0,2.7863775420558126,1905.0,1890.0,1935.0,0.861198989787997
5060ti,RTX 5060 Ti,GPU,GPU board NVML,64000000,gpu_resident,-1,5,768000000.0,0.1666666666666666,0.0019405116279069,0.0019394835271317,0.0019409815891472,0.02976153369603144,0.1960968992248062,0.1951065891472868,0.1977422480620155,0.4983896660799944,0.1960968992248062,0.1951065891472868,0.1977422480620155,0.4983896660799944,101.03495380272314,100.53681036663907,101.8916918024456,0.4984432510852854,0.000380528313142224,0.00037869829745619055,0.0003835178327342694,0.4688987979768311,65.96198557081826,65.94601448859633,65.99695135812732,0.02976910593970673,0.6527385211392881,0.6473072965159014,0.656051651353365,0.49707539051975713,395.77191342490954,395.6760869315781,395.9817081487639,0.02976910593970388,3.916431126835729,3.8838437790954083,3.9363099081201893,0.49707539051975286,55.0,55.0,56.0,0.9886688763631157,2790.0,2790.0,2790.0,0.0
AMD,AMD CPU,CPU,CPU package RAPL,64000000,1T,1,5,768000000.0,0.1666666666666666,0.0360720892857142,0.035929,0.0363334821428571,0.42078451290525065,2.664960625,2.59700125,2.712001607142857,1.7949330646864898,2.664960625,2.59700125,2.712001607142857,1.7949330646864898,73.8271289443166,71.4706306945412,75.50528754333718,2.221801887944869,0.09608782029499999,0.09435809854185256,0.09743950574303573,1.4070214148896607,3.548449855126425,3.5229213510757282,3.5625817584680894,0.4202798153536692,0.048030728408979775,0.04719761214848627,0.04928761586079329,1.8027197568029185,21.290699130758547,21.137528106454372,21.375490550808536,0.4202798153536612,0.2881843704538786,0.2831856728909176,0.29572569516475977,1.802719756802925,54.0,53.0,55.0,1.3759180866596776,1822.5,1794.0,1834.0,1.0249006316403808
AMD,AMD CPU,CPU,CPU package RAPL,64000000,2T,2,5,768000000.0,0.1666666666666666,0.0226051,0.0225471777777777,0.022699625,0.28079555688316166,1.8410331666666664,1.8238102666666665,1.8677407954545453,0.9741810939713077,1.8410331666666664,1.8238102666666665,1.8677407954545453,0.9741810939713077,81.52527571682134,80.51708475237031,82.30169958735064,0.8633834493940671,0.04151010210361837,0.04115145766917665,0.04239701565401988,1.1671419489231225,5.662439007126711,5.638859672791951,5.6769854418833585,0.28052948538205225,0.06952617819034404,0.06853199347120814,0.07018273903783998,0.9690119379558425,33.974634042760265,33.833158036751705,34.061912651300155,0.28052948538205247,0.41715706914206424,0.41119196082724885,0.42109643422703985,0.9690119379558435,53.0,49.0,53.0,3.426924103447954,1848.0,1834.0,1875.0,0.9062843195045576
AMD,AMD CPU,CPU,CPU package RAPL,64000000,4T,4,5,768000000.0,0.1666666666666666,0.0187388425925925,0.0186966944444444,0.0188051666666666,0.22327598047548344,1.6901122685185186,1.6775143981481482,1.7283507962962965,1.2274739134466295,1.6901122685185186,1.6775143981481482,1.7283507962962965,1.2274739134466295,90.361299859327,89.59040292067897,91.94654465593092,1.0939683895548356,0.03169897889813727,0.03139347042316602,0.032501924782817784,1.4093539107963569,6.830731373484008,6.8066400191437,6.846129960584254,0.22304267609968365,0.07573461383852294,0.07405903956204535,0.07630336892565723,1.2224825535301345,40.984388240904046,40.8398401148622,41.07677976350552,0.22304267609968026,0.45440768303113765,0.4443542373722721,0.4578202135539434,1.2224825535301378,57.0,50.5,63.0,9.323587391905077,1915.0,1913.5,1949.0,0.9529816820432295
AMD,AMD CPU,CPU,CPU package RAPL,64000000,8T,8,5,768000000.0,0.1666666666666666,0.0189595943396226,0.0189254622641509,0.0190641509433962,0.2938195782853633,2.094157773584906,1.9247716509433963,2.3796945377358494,9.792454064764803,2.094157773584906,1.9247716509433963,2.3796945377358494,9.792454064764803,110.45449219223688,101.57044668032532,125.15058839575808,9.838190939453074,0.03970438187033705,0.036471735368355275,0.04524194435328886,9.734257804925756,6.751199298209664,6.714172604908956,6.763375087670165,0.2933799804057243,0.06112242430563474,0.0537884161056171,0.06650139508095042,9.669549514611042,40.50719578925798,40.28503562945374,40.580250526021,0.29337998040572505,0.3667345458338085,0.32273049663370257,0.39900837048570253,9.669549514611044,53.0,52.0,57.0,3.8687390584566645,2098.0,2062.5,2101.0,0.9543519435873237
AMD,AMD CPU,CPU,CPU package RAPL,64000000,10T,10,5,768000000.0,0.1666666666666666,0.0191900188679245,0.0191532641509433,0.0192564519230769,0.2104661492593478,2.3016461320754718,2.010321254716981,2.4610260094339624,8.89079520761571,2.3016461320754718,2.010321254716981,2.4610260094339624,8.89079520761571,120.0747524849375,104.75554964898204,128.503273997319,9.033350446165297,0.04412327290209768,0.03857810280860852,0.047136681241030556,8.757604817798455,6.670134140094458,6.647122767543953,6.6829339892801505,0.21027741488417354,0.05561237160491656,0.05201082780487967,0.06367141555095393,9.010176892940885,40.02080484056675,39.882736605263716,40.0976039356809,0.21027741488417684,0.3336742296294994,0.31206496682927803,0.3820284933057235,9.010176892940878,54.0,48.0,60.5,8.163033876615843,2147.0,2136.0,2174.5,0.8067645994787049
AMD,AMD CPU,CPU,CPU package RAPL,64000000,16T,16,5,768000000.0,0.1666666666666666,0.019279625,0.0192562788461538,0.019339548076923,0.1628951500979779,2.429244086538461,2.341158028846154,2.631097144230769,4.433896960336825,2.429244086538461,2.341158028846154,2.631097144230769,4.433896960336825,125.94901741476065,121.03841657646672,136.53907592652735,4.542234870858105,0.04685156935879143,0.04527693825454448,0.050709843633067596,4.337489221908524,6.6391332818973385,6.6185621034617945,6.647182512397321,0.16265492511287916,0.05269128808805415,0.048648906894474334,0.054673797506563517,4.296790591315325,39.834799691384035,39.71137262077077,39.88309507438392,0.16265492511287524,0.3161477285283249,0.29189344136684603,0.3280427850393811,4.296790591315325,54.0,53.0,58.5,3.976207314012095,2383.5,2359.0,2408.5,0.7443683196341363
AMD,AMD CPU,CPU,CPU package RAPL,64000000,20T,20,5,768000000.0,0.1666666666666666,0.0214261489361702,0.0213613191489361,0.0214596808510638,0.17825082019081473,2.7016636063829784,2.654723680851064,2.8713200638297875,3.2712929115310194,2.7016636063829784,2.654723680851064,2.8713200638297875,3.2712929115310194,125.89250344738724,123.85621791174594,134.13856757875106,3.3624261797726076,0.057976838759912774,0.056880504970292865,0.06145483278019074,3.191562967181146,5.974008692897626,5.964673980398678,5.992139301302235,0.17840375565564423,0.04737821529578511,0.044578799003435615,0.04821594086167384,3.183901182551954,35.84405215738576,35.78804388239207,35.95283580781341,0.1784037556556445,0.28426929177471066,0.26747279402061364,0.289295645170043,3.1839011825519616,55.0,55.0,57.0,1.6086819982012877,2526.5,2512.5,2558.5,0.7255899455483075
AMD,AMD CPU,CPU,CPU package RAPL,64000000,32T,32,5,768000000.0,0.1666666666666666,0.0195793557692307,0.0195181057692307,0.0195914423076923,0.14731812705935055,2.9984511153846154,2.9846430576923075,3.0058126442307693,0.2997129571008615,2.9984511153846154,2.9846430576923075,3.0058126442307693,0.2997129571008615,153.2005271105377,152.4391617276458,153.64219462777822,0.3866638594534062,0.05852408601394469,0.05843974154697938,0.05880473590221223,0.26341002487508874,6.537498041746309,6.533464866430106,6.5580134421540786,0.14753071260252817,0.04268870662698174,0.04258415781358756,0.04288620030127427,0.2997912928877774,39.22498825047785,39.20078919858064,39.348080652924466,0.14753071260252376,0.2561322397618904,0.25550494688152536,0.2573172018076456,0.2997912928877809,56.0,53.5,65.0,8.298635056326537,2971.5,2951.0,2987.0,0.4427553634969359
AMD,AMD CPU,CPU,CPU package RAPL,64000000,64T,64,5,768000000.0,0.1666666666666666,0.0198448235294117,0.0198424607843137,0.0198492450980392,0.014069828487369236,3.153166225490196,3.143431019607843,3.166556607843137,0.30261642657813653,3.153166225490196,3.143431019607843,3.166556607843137,0.30261642657813653,158.84527883147308,158.38323381833354,159.56184559177794,0.29510658863306516,0.06256657717571167,0.06238083386099633,0.06283298933990732,0.29820231641821116,6.450044759042237,6.448607963062758,6.450812799448211,0.014068870085248751,0.04059411741926195,0.04042245753098527,0.040719837401098295,0.3021831053191349,38.70026855425343,38.69164777837655,38.70487679668926,0.014068870085247272,0.24356470451557166,0.24253474518591164,0.24431902440658979,0.30218310531913484,57.0,55.0,58.0,2.378795720744457,4147.0,4145.0,4173.5,0.2877526096868527
INTEL,Intel CPU,CPU,CPU package RAPL,64000000,1T,1,5,768000000.0,0.1666666666666666,0.0505276,0.050292975,0.050992725,0.5573875019987128,2.331880325,2.260003975,2.413651975,2.457745519562895,2.375776125,2.304278425,2.45682895,2.419449162311758,46.2241041172228,44.4738201012881,47.77759540989463,2.551503668202871,0.11764336239624977,0.11482554746050812,0.12195604153201,2.5000414821655714,2.5332689460809537,2.5101619887934996,2.545087062358113,0.5565957195316288,0.054891324665214104,0.05303167205785747,0.05663706852551,2.467580589264036,15.199613676485724,15.060971932760996,15.270522374148676,0.5565957195316266,0.3293479479912847,0.3181900323471448,0.33982241115306,2.467580589264036,81.0,74.0,83.0,4.620441696767838,1338.5,1317.5,1374.0,1.5243616458894402
INTEL,Intel CPU,CPU,CPU package RAPL,64000000,2T,2,5,768000000.0,0.1666666666666666,0.0327417096774193,0.0324945483870967,0.0330326451612903,0.6882553844529405,1.9753091612903224,1.7417065645161292,2.008743564516129,5.704390133402217,2.0211341451612905,1.788323935483871,2.054414064516129,5.549669600303596,60.34553183160144,52.79009042983351,61.37294702816296,5.902137135513905,0.06450241440910297,0.05744603340844276,0.06605793469840161,5.563969032286266,3.909386567198007,3.8749545903758964,3.939122294459328,0.688438058542467,0.06479998296387544,0.06372142380992915,0.07349113944205649,6.102670842762647,23.45631940318804,23.24972754225538,23.634733766755968,0.6884380585424655,0.3887998977832527,0.38232854285957485,0.4409468366523389,6.102670842762647,81.0,60.0,82.0,12.427019005969893,1581.0,1468.5,1605.0,4.392676630898353
INTEL,Intel CPU,CPU,CPU package RAPL,64000000,4T,4,5,768000000.0,0.1666666666666666,0.0280920833333333,0.0280301388888888,0.0281593333333333,0.17277157624036033,2.1382840833333336,2.0920992361111117,2.16172575,1.205367923004303,2.1865885416666666,2.139628263888889,2.2076495416666666,1.1588161199722793,76.13078106385102,74.25771956797362,76.81949654406243,1.3159419534598709,0.06006885465934021,0.058912119756064765,0.06069354290003113,1.0777015973001218,4.556443837973337,4.545562158195039,4.566513227329724,0.17278635079202384,0.059861082537014,0.059211951377273454,0.061182566195058775,1.2165792080832993,27.338663027840024,27.27337294917023,27.399079363978345,0.17278635079202334,0.359166495222084,0.35527170826364074,0.3670953971703527,1.2165792080833056,80.0,76.0,81.0,2.6116424878246494,1837.5,1784.5,1840.0,1.3083300029983618
INTEL,Intel CPU,CPU,CPU package RAPL,64000000,8T,8,5,768000000.0,0.1666666666666666,0.0281951388888888,0.0281751805555555,0.0282366388888888,0.08061712028402546,3.000418708333333,2.808959541666667,3.065610875,3.2440090124422594,3.0555681805555555,2.861917305555555,3.121931027777777,3.2248656362999966,106.42738219569802,99.551277915229,108.56854622487884,3.2378569983940326,0.08458505384151725,0.0792032178498736,0.08656254725122542,3.275220069648261,4.5397896603532075,4.533117433122268,4.543005491929717,0.08056239343440662,0.04266071253471859,0.04175350532705818,0.04556847405643036,3.353533131014446,27.238737962119245,27.198704598733606,27.2580329515783,0.08056239343440245,0.25596427520831155,0.2505210319623491,0.2734108443385821,3.353533131014437,82.0,71.5,85.0,6.40467789321235,2302.5,2262.5,2324.5,1.1015423071099166
INTEL,Intel CPU,CPU,CPU package RAPL,64000000,10T,10,5,768000000.0,0.1666666666666666,0.0286041,0.028592,0.0286151142857142,0.033686842272857245,3.3682008000000003,3.207547942857143,3.462172014285714,3.1091377153359425,3.426413142857143,3.264894742857143,3.5221104142857143,3.0815944953644414,117.71028849251704,112.17746488000446,121.1143750385967,3.1107685991262213,0.09638145082923401,0.09171021078217143,0.09900295125644382,3.118524528542262,4.474882971322293,4.473160537538117,4.476776720761052,0.0336854942031382,0.03800248488748058,0.03697101110858811,0.039905872735290504,3.1665175377115156,26.849297827933757,26.838963225228706,26.860660324566314,0.03368549420313659,0.22801490932488347,0.22182606665152863,0.23943523641174302,3.166517537711519,82.5,74.0,86.0,5.799440754214019,2519.0,2399.5,2593.5,2.913344506477114
INTEL,Intel CPU,CPU,CPU package RAPL,64000000,16T,16,5,768000000.0,0.1666666666666666,0.0288528571428571,0.0286912714285714,0.0289191285714285,0.30987626318868705,3.1747869714285715,3.0213414857142853,3.486552871428572,6.746158267601427,3.2384942,3.084222557142857,3.5515064,6.632156549750072,109.78493400799572,105.02057765405472,120.78370615337693,6.580826126509037,0.09181207261363895,0.08691859929134667,0.10062829128039324,6.91487797992387,4.436302421151662,4.426136136289436,4.461287131128485,0.3102367555024278,0.04031766576842267,0.03671247926538787,0.04236528727560867,6.662942530418543,26.617814526909978,26.55681681773662,26.767722786770914,0.31023675550242763,0.24190599461053605,0.22027487559232722,0.254191723653652,6.662942530418538,82.0,75.0,86.0,5.629910204844186,3191.5,3177.5,3355.0,2.3405034258772424
INTEL,Intel CPU,CPU,CPU package RAPL,64000000,20T,20,5,768000000.0,0.1666666666666666,0.0296262205882352,0.0295495,0.0298999117647058,0.5604612975223651,3.5879774852941178,3.457221661764706,3.6144882058823526,1.7719623110013012,3.656804088235294,3.525060058823529,3.685290764705882,1.763715860456447,120.45572818298604,117.00940020636916,121.9894025106256,1.5294161228842102,0.10705545315473472,0.10215917149431618,0.10768698401335265,2.1263411102589544,4.320497095428696,4.280949087986697,4.331714580618962,0.5596041384782255,0.03567469431584447,0.03541303573537411,0.03702394943767176,1.8089427501194906,25.922982572572174,25.68569452792018,25.990287483713768,0.5596041384782274,0.21404816589506684,0.21247821441224465,0.22214369662603053,1.8089427501194844,83.0,79.0,85.0,2.658847366529932,3607.0,3604.0,3999.0,4.759394785853384
3090,RTX 3090,GPU,GPU board NVML,128000000,gpu_resident,-1,5,1536000000.0,0.1666666666666666,0.0018103218806509,0.0018097649186256,0.001811459312839,0.03406740184670776,0.639745931283906,0.6377576853526221,0.6414566003616637,0.2570407754172804,0.639745931283906,0.6377576853526221,0.6414566003616637,0.2570407754172804,353.13204646241934,352.2831555407929,354.44480540901645,0.2649251869133093,0.0011588737250750904,0.0011545443858094009,0.0011608856521553804,0.2536402833007812,141.41131626158955,141.32252277793938,141.45483613110122,0.034059260337384815,0.40015885601059414,0.39909169202665157,0.40140637405013035,0.25705127718679144,848.4678975695374,847.9351366676364,848.7290167866074,0.03405926033738642,2.4009531360635648,2.3945501521599093,2.408438244300782,0.2570512771867861,65.0,63.0,65.0,1.3845622151701484,1897.5,1875.0,1905.0,0.662438659171873
5060ti,RTX 5060 Ti,GPU,GPU board NVML,128000000,gpu_resident,-1,5,1536000000.0,0.1666666666666666,0.0038822480620155,0.0038817848837209,0.0038824748062015,0.007185645976764271,0.3926027131782945,0.3903100775193798,0.3972693798449612,0.6781465656988669,0.3926027131782945,0.3903100775193798,0.3972693798449612,0.6781465656988669,101.14146825348834,100.5491260754912,102.36810756662308,0.6874660870120682,0.0015242648167552724,0.001515099758878661,0.0015422936605897972,0.6815507480697831,65.94117529602052,65.93732420132892,65.94904346028835,0.007186071212116046,0.6520586623754216,0.6443990223961052,0.655888778550149,0.6759027176229796,395.64705177612313,395.6239452079736,395.6942607617301,0.007186071212115735,3.9123519742525295,3.8663941343766317,3.9353326713008943,0.6759027176229754,55.0,55.0,57.0,1.6086819982012877,2790.0,2790.0,2790.0,0.0
AMD,AMD CPU,CPU,CPU package RAPL,128000000,1T,1,5,1536000000.0,0.1666666666666666,0.0713538666666666,0.0712783333333333,0.0717138333333333,0.2405281547510213,5.268939333333334,5.211071866666666,5.3092856,0.885435406966306,5.268939333333334,5.211071866666666,5.3092856,0.885435406966306,73.84901018255617,72.92005483356971,74.41612358530651,0.808053225221538,0.3759591946654219,0.3721396307756666,0.38074922263746647,1.0087151841113078,3.5877523105498637,3.569743633840986,3.591554235742513,0.2400309167913014,0.048586628883814556,0.04821740989032498,0.04912616953865845,0.8862439258393402,21.526513863299183,21.418461803045915,21.54932541445508,0.24003091679130534,0.29151977330288736,0.28930445934194987,0.2947570172319507,0.8862439258393356,53.0,51.0,55.0,2.668327476175651,1795.0,1794.0,1833.5,1.0592347431999656
AMD,AMD CPU,CPU,CPU package RAPL,128000000,2T,2,5,1536000000.0,0.1666666666666666,0.0445027608695652,0.0443898695652173,0.0449982391304347,0.5331658389744572,3.639394565217392,3.6171934782608695,3.806126326086957,2.125577295502086,3.639394565217392,3.6171934782608695,3.806126326086957,2.125577295502086,81.77816924466295,80.77306430095315,85.42187409470603,2.241971910413496,0.16193280413024577,0.16097509638199425,0.16951692334375404,2.1355534846265356,5.752452095058101,5.689111506295668,5.767081600090906,0.52991322912621,0.07034137008574347,0.06725998510490619,0.07077310117320117,2.0688460632332264,34.5147125703486,34.134669037774,34.60248960054543,0.5299132291262141,0.4220482205144608,0.4035599106294371,0.4246386070392071,2.0688460632332344,53.5,50.0,56.0,4.636834114707162,1869.0,1834.0,1872.5,0.9117650041131914
AMD,AMD CPU,CPU,CPU package RAPL,128000000,4T,4,5,1536000000.0,0.1666666666666666,0.0370681296296296,0.0370335178571428,0.0372514814814814,0.2466907957892983,3.4010507142857147,3.3496492222222223,3.449959537037037,1.2161090553949625,3.4010507142857147,3.3496492222222223,3.449959537037037,1.2161090553949625,91.841170468432,90.14634040195804,93.12574888918132,1.2238854099870637,0.1259528723605483,0.12451390525493819,0.12831123307480768,1.255472276843446,6.906202243216826,6.872209904652079,6.9126568258387655,0.2463569523894993,0.0752708564223115,0.07420376884184068,0.07642591298863366,1.2194849752009982,41.437213459300956,41.23325942791248,41.47594095503259,0.24635695238949518,0.451625138533869,0.4452226130510441,0.458555477931802,1.2194849752010022,54.0,52.0,61.0,6.801320288197495,1942.5,1913.0,1949.5,0.8068446538286452
AMD,AMD CPU,CPU,CPU package RAPL,128000000,8T,8,5,1536000000.0,0.1666666666666666,0.037506537037037,0.0374663333333333,0.0376503888888888,0.2035002857210912,4.68970962962963,4.002576611111111,4.748758907407408,8.822783814199099,4.68970962962963,4.002576611111111,4.748758907407408,8.822783814199099,125.15569839070749,106.45549059156748,126.64382717846972,9.011185915320667,0.1757062242202468,0.15046100563185583,0.17805462729326063,8.641308446225208,6.825476842802225,6.7993985601447395,6.832801003567653,0.20331058348058642,0.05458760141194874,0.0539088222821073,0.06395880076082658,9.11114892947639,40.95286105681335,40.796391360868434,40.99680602140592,0.20331058348058653,0.32752560847169243,0.3234529336926438,0.38375280456495947,9.11114892947639,53.5,53.0,56.0,2.4799275166356263,2094.5,2082.5,2098.0,0.3054637327411472
AMD,AMD CPU,CPU,CPU package RAPL,128000000,10T,10,5,1536000000.0,0.1666666666666666,0.038085537037037,0.0380292962962963,0.0381888888888888,0.15718219468310093,4.19694687037037,4.062395888888888,4.849263388888889,7.738836645426739,4.19694687037037,4.062395888888888,4.849263388888889,7.738836645426739,109.90714616292853,106.5981831644636,127.51276916551797,7.851374680462985,0.16027673770514364,0.15478811642237006,0.18441407423483744,7.629826893333067,6.721711702556483,6.703520512074499,6.731652303146404,0.1570208279280723,0.060996721642418275,0.052791523056176425,0.06301699957411559,7.425486020267089,40.330270215338906,40.221123072447,40.389913818878426,0.15702082792806682,0.3659803298545097,0.31674913833705853,0.3781019974446936,7.425486020267097,51.0,50.0,54.0,3.597747487282636,2168.5,2142.5,2175.0,0.7311465168003858
AMD,AMD CPU,CPU,CPU package RAPL,128000000,16T,16,5,1536000000.0,0.1666666666666666,0.0382753333333333,0.0382350925925926,0.0383222777777777,0.09489696157265873,5.167723555555555,4.807842703703703,5.233194203703704,4.368277607427067,5.167723555555555,4.807842703703703,5.233194203703704,4.368277607427067,135.09969773395176,125.47979290880988,136.86490522134025,4.437299202280498,0.1976267637719176,0.18416699199675415,0.20009166493363,4.289036160799125,6.688380680333728,6.6801874743585605,6.695419904634824,0.0948824308768545,0.049538253594232515,0.0489184979641727,0.05324633432844868,4.432805793380544,40.13028408200236,40.08112484615137,40.17251942780894,0.09488243087684514,0.2972295215653951,0.2935109877850362,0.31947800597069204,4.432805793380535,56.0,53.0,70.0,11.679888177159068,2384.0,2359.0,2401.0,0.6688885816791659
AMD,AMD CPU,CPU,CPU package RAPL,128000000,20T,20,5,1536000000.0,0.1666666666666666,0.0426277291666666,0.0425882916666666,0.0426758124999999,0.07492745158428872,5.2444975625,5.210107291666667,5.7564193333333336,5.167185518606483,5.2444975625,5.210107291666667,5.7564193333333336,5.167185518606483,123.05296017603742,122.22174259931629,135.16178373710255,5.166238535747791,0.22352911768265477,0.22209504255844148,0.2451560655236385,5.166192497427671,6.005480587508824,5.998714142818033,6.011041767152367,0.07492375931233666,0.04881306492169811,0.044472090231091575,0.049135264528901455,5.072113936213558,36.032883525052945,35.99228485690819,36.0662506029142,0.07492375931233732,0.2928783895301887,0.26683254138654944,0.2948115871734088,5.072113936213565,55.5,55.0,60.0,3.7657129641210285,2516.0,2504.5,2521.0,0.27361851986898733
AMD,AMD CPU,CPU,CPU package RAPL,128000000,32T,32,5,1536000000.0,0.1666666666666666,0.0388798846153846,0.038872173076923,0.0389303461538461,0.06086255943728154,5.959221423076923,5.875691173076923,5.963969288461538,0.6433069156874847,5.959221423076923,5.875691173076923,5.963969288461538,0.6433069156874847,153.19069992660636,151.0688084874758,153.30222222539322,0.6355397164407286,0.2316938413267588,0.22840088422639487,0.2321793888507149,0.6776954599740388,6.584381680461621,6.575847000905966,6.5856879031025395,0.060832942780061634,0.04295863197978295,0.0429244329770916,0.0435693423052969,0.6488166127762367,39.50629008276973,39.4550820054358,39.51412741861523,0.06083294278006079,0.25775179187869773,0.25754659786254963,0.26141605383178146,0.6488166127762424,54.5,48.0,68.0,13.121374469332558,2994.0,2971.5,3024.5,0.6525017474727666
AMD,AMD CPU,CPU,CPU package RAPL,128000000,64T,64,5,1536000000.0,0.1666666666666666,0.0394322692307692,0.0394191153846153,0.0394644807692307,0.053150325248295036,6.283972980769231,6.207047711538461,6.305840615384616,0.6114590040696404,6.283972980769231,6.207047711538461,6.305840615384616,0.6114590040696404,159.34347493707827,157.30711353715947,159.94260017393128,0.6488721868069115,0.24779131441657157,0.24495791504570705,0.2485826641652424,0.5668247644295531,6.492144758441695,6.4868457663731816,6.494311135655597,0.05314301346829025,0.04073855835845155,0.040597283631848606,0.04124344002127037,0.615180799890191,38.952868550650166,38.92107459823908,38.96586681393358,0.05314301346830051,0.24443135015070927,0.24358370179109162,0.2474606401276222,0.615180799890192,57.0,52.5,58.0,4.055376721199858,4146.5,4144.5,4193.5,0.5133537323382191
INTEL,Intel CPU,CPU,CPU package RAPL,128000000,1T,1,5,1536000000.0,0.1666666666666666,0.1004912,0.1004392,0.10063845,0.0916518737503603,4.68708825,4.47609325,4.71695875,2.1293006623834962,4.7719007,4.5649266,4.8019824,2.0610729289901673,46.6460368080765,44.54500132963281,46.87370537067134,2.0829956351210925,0.47076739415940005,0.44980798200440003,0.4746677948604375,2.17078246885342,2.547486745108029,2.5437593683130055,2.548805645604505,0.09163129797437486,0.05461813098995948,0.05427225752186194,0.057192731630423474,2.183239167322401,15.284920470648176,15.262556209878033,15.29283387362703,0.09163129797437614,0.32770878593975694,0.32563354513117165,0.34315638978254087,2.1832391673224016,81.0,71.0,83.0,6.081613423632472,1339.0,1338.5,1439.0,3.2030209634416105
INTEL,Intel CPU,CPU,CPU package RAPL,128000000,2T,2,5,1536000000.0,0.1666666666666666,0.06581509375,0.0656673124999999,0.0659459375,0.17398323982140868,3.98362475,3.88305621875,3.99469309375,1.1549726848991673,4.073429031250001,3.9753305,4.084962625,1.1236011532743602,60.46672193980108,59.06742502893318,60.62271087321746,1.0701523685383076,0.2621317404105195,0.2549898661717242,0.2634337810921191,1.2968771434514816,3.8896852593178903,3.881967710292996,3.8984388161157106,0.17403579058538246,0.06426308100430393,0.0640850233026741,0.06592745136263035,1.171192820613429,23.33811155590734,23.291806261757976,23.390632896694264,0.1740357905853818,0.3855784860258236,0.3845101398160445,0.39556470817578215,1.1711928206134359,81.0,78.0,82.5,2.060015397736273,1570.5,1529.5,1613.0,2.3473180952845905
INTEL,Intel CPU,CPU,CPU package RAPL,128000000,4T,4,5,1536000000.0,0.1666666666666666,0.0566616111111111,0.056623,0.0568896388888888,0.18782128173563983,4.328580166666667,4.018508805555555,4.349794888888889,3.316959983826537,4.422804333333334,4.110324111111111,4.442803944444444,3.255135017113749,76.2781890967982,70.98650944256376,76.77883658721149,3.233118180975008,0.24570473575123306,0.22754002409697222,0.24646638640732094,3.3903815034787095,4.5180501397673725,4.4999406746102535,4.521130989174011,0.1874354054084377,0.059141794801767365,0.058853349764589155,0.0637052231031775,3.469480693829077,27.108300838604233,26.999644047661523,27.126785935044065,0.18743540540843467,0.35485076881060423,0.3531200985875349,0.38223133861906505,3.469480693829083,80.0,70.0,82.0,6.206774003893369,1816.0,1712.5,1852.0,3.8311975925146307
INTEL,Intel CPU,CPU,CPU package RAPL,128000000,8T,8,5,1536000000.0,0.1666666666666666,0.0571490555555555,0.0569447777777777,0.0571964444444444,0.17710041867269663,5.997721277777778,5.913748972222223,6.087988638888889,1.083087117323762,6.105865055555555,6.022035972222222,6.195162722222221,1.0633181319529779,104.91387199073372,103.4312934719463,106.49017672520765,1.0428351291939475,0.34247405004533155,0.3381358459213075,0.3479228009454518,1.1327408055831791,4.4795140971514105,4.475802691698012,4.4955834404871835,0.17740102726314028,0.04268287707008133,0.042050012768539306,0.043288952778088974,1.0788425724421802,26.877084582908463,26.854816150188068,26.973500642923103,0.17740102726314164,0.25609726242048797,0.2523000766112358,0.25973371666853384,1.0788425724421857,80.0,78.0,83.0,2.338535866733713,2305.5,2198.0,2321.5,2.1934971163149113
INTEL,Intel CPU,CPU,CPU package RAPL,128000000,10T,10,5,1536000000.0,0.1666666666666666,0.0574268055555555,0.0573348611111111,0.0575219166666666,0.11552872416516928,6.740040805555555,6.453913777777778,6.935245972222223,2.5661370086834023,6.857573722222222,6.569114277777778,7.05140825,2.5308297794538888,117.35444757190524,112.3604483103905,120.5568337422101,2.5188245542011276,0.3871252898450696,0.370596099121407,0.3989286408770019,2.6260300166141355,4.457848517315524,4.450477571592282,4.464997299006083,0.11552919781946348,0.03798196589388437,0.036912894081242126,0.039665853746212634,2.597904967581476,26.747091103893148,26.702865429553693,26.7899837940365,0.11552919781946701,0.2278917953633062,0.22147736448745278,0.23799512247727578,2.597904967581469,83.0,74.0,85.0,5.2553438909600585,2520.0,2399.0,2579.5,2.635940597960948
INTEL,Intel CPU,CPU,CPU package RAPL,128000000,16T,16,5,1536000000.0,0.1666666666666666,0.0576346944444444,0.0575453611111111,0.0576669444444444,0.0992919753741043,6.305781833333334,6.183562638888889,6.337682833333334,1.0101418103458268,6.430794305555555,6.307418805555555,6.463590222222223,1.0040756997699696,109.53076021026068,107.22632461130128,109.91288135259472,1.0260076251245474,0.36298287256308337,0.35658716316554756,0.36546265663091154,1.0039636305516249,4.441769015480166,4.439284974542515,4.448664411119151,0.09931905343257344,0.04059766207684899,0.04039331199307675,0.041400081951138784,1.0186258233945602,26.650614092880996,26.63570984725509,26.69198646671491,0.0993190534325761,0.24358597246109392,0.2423598719584605,0.2484004917068327,1.0186258233945562,81.0,78.0,82.0,2.033623357073637,2699.0,2697.0,2837.0,2.5996821166131094
INTEL,Intel CPU,CPU,CPU package RAPL,128000000,20T,20,5,1536000000.0,0.1666666666666666,0.0589646764705882,0.0587428333333333,0.0595385882352941,0.5137578210716216,7.12253525,6.223848470588235,7.18357355882353,5.875437186035419,7.2579955,6.350180117647058,7.3197746176470595,5.826956223124074,121.25676798702368,104.25083528046773,121.4005691903995,6.375482920740792,0.41839790110154146,0.3705591513292179,0.4251509272528093,5.498266500788515,4.3415823730957595,4.299732452309724,4.357978420062592,0.5123070446363311,0.035942258060428695,0.03563685927396917,0.04113210680012019,6.362429251257397,26.049494238574553,25.798394713858347,26.147870520375548,0.5123070446363182,0.21565354836257217,0.21382115564381501,0.24679264080072114,6.362429251257399,83.0,63.0,84.0,11.482265196353188,3600.5,3599.5,3999.0,4.78934065515512
3090,RTX 3090,GPU,GPU board NVML,256000000,gpu_resident,-1,5,3072000000.0,0.1666666666666666,0.0036189025270758,0.0036179855595667,0.0036244438405797,0.0786813937527393,1.277,1.2723303249097473,1.2799094202898549,0.24331543997543925,1.277,1.2723303249097473,1.2799094202898549,0.24331543997543925,352.8085661032584,351.6027504168741,353.6758127036532,0.21856341378714436,0.004626165310469296,0.004604439428091058,0.004638959814869499,0.2860367712320115,141.4793562880827,141.26305235236032,141.5152138034842,0.07865339385718255,0.4009397024275646,0.4000283081626588,0.4024112213440474,0.24364435234937318,848.8761377284964,847.5783141141619,849.0912828209052,0.07865339385718267,2.405638214565388,2.4001698489759526,2.4144673280642843,0.24364435234937556,65.0,64.0,65.0,0.690144437499935,1905.0,1882.5,1905.0,0.5589776926375869
5060ti,RTX 5060 Ti,GPU,GPU board NVML,256000000,gpu_resident,-1,5,3072000000.0,0.1666666666666666,0.0077620465116279,0.0077617015503875,0.0077745348837209,0.07103668337137163,0.7856279069767442,0.7845620155038759,0.7899728682170541,0.2786220596328086,0.7856279069767442,0.7845620155038759,0.7899728682170541,0.2786220596328086,101.07869294507404,101.06968068425056,101.76637473625264,0.29585516374262455,0.006097809343609082,0.006089609194624713,0.006131806146024872,0.27209552093433653,65.96198557081571,65.856029673502,65.96491718680404,0.07098502280153579,0.6517080101829377,0.6481235249959523,0.6525934086563876,0.2777044999978408,395.7719134248943,395.13617804101204,395.7895031208243,0.07098502280152916,3.910248061097626,3.8887411499757136,3.9155604519383256,0.27770449999783936,55.5,55.0,56.0,0.9009009009009009,2790.0,2790.0,2790.0,0.0
AMD,AMD CPU,CPU,CPU package RAPL,256000000,1T,1,5,3072000000.0,0.1666666666666666,0.1417988124999999,0.1412108125,0.1421753125,0.2574787343001452,10.43848225,10.3277339375,10.742044,1.541745612167057,10.43848225,10.3277339375,10.742044,1.541745612167057,73.92780279755623,72.92920438409385,76.01940909870126,1.6803020099109007,1.476049850185879,1.464460408153448,1.5204188370937501,1.4768149910779733,3.610749561107928,3.6011877941186166,3.625784675660017,0.25762177228734456,0.04904927629684862,0.047663182165330914,0.049575250785743825,1.5237442254124685,21.664497366647566,21.6071267647117,21.7547080539601,0.25762177228733923,0.2942956577810917,0.2859790929919855,0.2974515047144629,1.5237442254124627,54.0,49.0,56.0,4.86548086674616,1823.0,1794.0,1827.0,0.9107627045086444
AMD,AMD CPU,CPU,CPU package RAPL,256000000,2T,2,5,3072000000.0,0.1666666666666666,0.0881099166666666,0.0879552916666666,0.088169,0.09020920808332424,7.247583041666667,7.136900291666667,7.256365291666666,0.7035762672064556,7.247583041666667,7.136900291666667,7.256365291666666,0.7035762672064556,82.23281064670545,81.11371992303671,82.35711735237419,0.6403675627876757,0.6390121492007084,0.6277281467494596,0.6391866118701802,0.7849376604943616,5.810923666367487,5.807029681634134,5.821139243564562,0.09027736374824369,0.07064424057737455,0.07055874110802961,0.07173982808724846,0.710101917100331,34.865541998204925,34.84217808980481,34.92683546138737,0.09027736374823549,0.42386544346424726,0.4233524466481776,0.43043896852349073,0.7101019171003267,54.0,49.0,65.0,10.671504692045753,1849.0,1834.0,1867.5,0.7551180746037188
AMD,AMD CPU,CPU,CPU package RAPL,256000000,4T,4,5,3072000000.0,0.1666666666666666,0.0734132142857142,0.0733902857142857,0.0734626785714285,0.04066143197488499,6.815670107142857,6.7506132857142855,6.900678964285714,0.9556313386122232,6.815670107142857,6.7506132857142855,6.900678964285714,0.9556313386122232,92.8142946255412,91.95365467345948,93.9732475347221,0.9330761875281683,0.5002835737877106,0.49558421970413213,0.5069423606779395,0.9620786826292492,6.974221262228975,6.969525342071175,6.9764001463798255,0.04065618466223609,0.07512100673174034,0.07419559765783089,0.07584496079541386,0.9559063900563816,41.84532757337386,41.81715205242705,41.85840087827896,0.040656184662241454,0.45072604039044206,0.44517358594698536,0.45506976477248323,0.9559063900563819,56.5,53.0,62.5,7.0711887819151515,1914.5,1913.0,1954.0,1.112770694666177
AMD,AMD CPU,CPU,CPU package RAPL,256000000,8T,8,5,3072000000.0,0.1666666666666666,0.0743474285714285,0.0742649285714285,0.0743985714285714,0.07908883793790633,8.079975785714286,7.609909535714285,9.329672464285714,8.451382615322672,8.079975785714286,7.609909535714285,9.329672464285714,8.451382615322672,108.67877155391872,102.3354018962522,125.63341264407909,8.519645987306664,0.6007254225872647,0.5658671656435618,0.6929031118319195,8.38210125320018,6.886586528115111,6.881852570133837,6.894236752783719,0.07909353438942351,0.06336652653158145,0.054878668244780555,0.06728069467805341,8.049017495806694,41.31951916869067,41.29111542080303,41.36542051670231,0.07909353438941281,0.3801991591894887,0.32927200946868335,0.40368416806832047,8.049017495806696,54.0,53.0,59.0,4.264014327112209,2077.0,2061.5,2092.0,0.5201589255914978
AMD,AMD CPU,CPU,CPU package RAPL,256000000,10T,10,5,3072000000.0,0.1666666666666666,0.0755287857142857,0.07542475,0.0755665,0.0701112429664223,8.919615392857143,8.03152292857143,9.713872178571428,7.122830828662033,8.919615392857143,8.03152292857143,9.713872178571428,7.122830828662033,118.12511672511008,106.33126190311866,128.79006067576577,7.177058655559835,0.6734602694684335,0.606611174231444,0.7326663806007053,7.07136819615688,6.77887238829472,6.775489138705644,6.788222698782561,0.07014778911610761,0.05740157814539978,0.05270812613011935,0.06374880636630015,7.056376761608845,40.67323432976832,40.65293483223386,40.729336192695364,0.0701477891161068,0.34440946887239865,0.31624875678071607,0.3824928381978009,7.056376761608847,56.0,51.0,58.0,4.810456929208347,2143.0,2138.0,2174.0,0.8412776357669509
AMD,AMD CPU,CPU,CPU package RAPL,256000000,16T,16,5,3072000000.0,0.1666666666666666,0.0760059642857142,0.0760007142857142,0.076037,0.019876592075514156,9.282217392857142,9.13893332142857,9.873677428571428,3.5564485377617028,9.282217392857142,9.13893332142857,9.873677428571428,3.5564485377617028,122.12980266334668,120.22917397602198,129.89291577885618,3.572731821903648,0.7054551520124226,0.6946147451999268,0.7504583740046623,3.5493386261024455,6.736313456603742,6.733563922827045,6.7367787896730364,0.019871630070730204,0.0551592338694841,0.0518550462787479,0.05602404372504664,3.516513932019821,40.417880739622454,40.40138353696227,40.42067273803822,0.0198716300707312,0.3309554032169046,0.31113027767248747,0.3361442623502799,3.516513932019811,56.0,54.0,62.0,5.359560872399616,2373.0,2365.0,2385.0,0.3390978861367051
AMD,AMD CPU,CPU,CPU package RAPL,256000000,20T,20,5,3072000000.0,0.1666666666666666,0.084852125,0.084710125,0.0849248333333333,0.09321980022086028,10.60525025,10.524754166666668,11.33108475,3.103008535925071,10.60525025,10.524754166666668,11.33108475,3.103008535925071,124.94769276379604,124.01855420746308,133.75031778309193,3.182345298731589,0.9006491099395412,0.8931525651545136,0.9598576055580937,3.0185823840413,6.03402684375907,6.028860816133486,6.0441417126937305,0.09326664770161194,0.04827797439291921,0.045185435578001476,0.04864721701734125,2.9838919209138717,36.20416106255441,36.17316489680091,36.264850276162385,0.09326664770161877,0.2896678463575153,0.27111261346800886,0.29188330210404756,2.983891920913875,56.0,53.0,56.0,2.421734271660423,2131.0,2109.5,2136.5,0.5017423990616218
AMD,AMD CPU,CPU,CPU package RAPL,256000000,32T,32,5,3072000000.0,0.1666666666666666,0.0773405384615384,0.0773273076923077,0.0774080384615384,0.04603410950614314,11.875579576923077,11.84765096153846,11.92733823076923,0.2511358279238399,11.875579576923077,11.84765096153846,11.92733823076923,0.2511358279238399,153.50939308890622,153.23422598140644,154.04187877590346,0.1968494795029448,0.9184637190220791,0.9161469513339495,0.923271856511162,0.29182695535301845,6.620072864564016,6.614300144737507,6.6212055647572,0.04602541231352387,0.043113685246565246,0.042926593519347155,0.0432153176745439,0.25061551251381664,39.72043718738409,39.68580086842504,39.727233388543205,0.04602541231352702,0.25868211147939146,0.2575595611160829,0.2592919060472634,0.2506155125138141,56.0,55.0,68.5,10.153820145877791,2964.0,2953.0,2988.0,0.49201542240388124
AMD,AMD CPU,CPU,CPU package RAPL,256000000,64T,64,5,3072000000.0,0.1666666666666666,0.0784703846153846,0.078347423076923,0.0785115,0.07997056940783566,12.490496307692307,12.435063423076924,12.557253,0.3660676323084926,12.490496307692307,12.435063423076924,12.557253,0.3660676323084926,159.14451404787846,158.40953670717516,160.05858442449204,0.3793821411664387,0.9806476008613846,0.9757842095255471,0.9851198786488842,0.38318901819483697,6.52475456198566,6.521337638435134,6.534994769353277,0.08003007521382922,0.040991165393858955,0.04077324873521303,0.04117389534578755,0.3659759792155428,39.148527371913964,39.1280258306108,39.20996861611966,0.08003007521382621,0.24594699236315376,0.2446394924112782,0.24704337207472532,0.36597597921553837,57.0,56.0,63.0,4.970179888253423,4146.0,4132.5,4162.5,0.26305069000809533
INTEL,Intel CPU,CPU,CPU package RAPL,256000000,1T,1,5,3072000000.0,0.1666666666666666,0.2006293,0.1999323,0.2010681,0.22607043204970248,9.2933356,9.222181,9.5221436,1.2635651897564755,9.4704332,9.3994147,9.6946175,1.2144606081663134,46.307634978261376,46.12873609361293,47.3486586182435,1.0619027512496377,1.86524494293768,1.8438118583463003,1.91459932157916,1.4650398208692743,2.551970225684882,2.5464009457492263,2.5608668534298857,0.22610738888603463,0.055093243377544655,0.05376940545194047,0.05551832044936007,1.2464773818059895,15.311821354109295,15.278405674495357,15.365201120579314,0.22610738888603474,0.3305594602652679,0.3226164327116428,0.3331099226961604,1.2464773818059902,82.0,77.0,85.0,3.530603012472533,1339.0,1336.0,1368.5,1.0109676273804638
INTEL,Intel CPU,CPU,CPU package RAPL,256000000,2T,2,5,3072000000.0,0.1666666666666666,0.1345499375,0.1340774375,0.1352796875,0.39093715917953387,8.0917723125,7.8770550625,8.1295683125,1.3884598510071142,8.2699169375,8.0581315,8.298509,1.3029107148616588,59.91352415301225,58.22823500992679,60.57623984758433,1.509046206066946,1.0887474589111055,1.0637716703935547,1.0997654608249023,1.3981272897241148,3.805278616350156,3.784751498631308,3.8186887335164053,0.3906860497657827,0.06327414813798865,0.06297997388283832,0.06499891087945533,1.3989268546246705,22.831671698100937,22.70850899178785,22.91213240109843,0.3906860497657873,0.37964488882793196,0.3778798432970299,0.389993465276732,1.3989268546246725,81.0,75.0,83.0,3.8936507070891855,1556.5,1470.5,1616.0,3.9900866144721867
INTEL,Intel CPU,CPU,CPU package RAPL,256000000,4T,4,5,3072000000.0,0.1666666666666666,0.1167053888888888,0.1161307777777777,0.1173511666666666,0.4420023606244721,8.84801338888889,7.821570833333332,9.128960833333334,5.818707752746011,9.021134555555555,7.991359999999999,9.306031222222222,5.730853188593193,76.05997670443321,66.70991649295149,78.28090378413326,6.041548062492481,1.0275266766398574,0.9178704624576381,1.0653989242056012,5.586407359622437,4.387115324104336,4.3629732412829325,4.408822620474813,0.44153949246245894,0.05786609688486192,0.0560852444596423,0.0654599965799709,6.208552061165995,26.32269194462602,26.177839447697593,26.452935722848878,0.44153949246246066,0.34719658130917147,0.33651146675785387,0.3927599794798254,6.208552061165993,79.0,59.0,83.0,12.689014159201257,1850.5,1834.5,1893.5,1.2673355703878886
INTEL,Intel CPU,CPU,CPU package RAPL,256000000,8T,8,5,3072000000.0,0.1666666666666666,0.1159725,0.115885,0.1164095555555555,0.18303354117338635,12.165764055555556,11.061040722222224,12.2797605,4.294593141164457,12.379323333333332,11.269175166666669,12.492407555555555,4.237707758805168,104.79389566120398,95.4008957136102,105.84356584330814,4.227114730850954,1.4108940719329168,1.282211203076559,1.429481462133666,4.365246429190153,4.414839724934791,4.398264365468282,4.418173188937308,0.182716539096828,0.042085313973041646,0.041694624255904665,0.04628859190178774,4.540140954194373,26.48903834960874,26.389586192809688,26.50903913362385,0.18271653909682892,0.25251188383824985,0.250167745535428,0.2777315514107264,4.540140954194373,80.0,65.0,82.0,9.071570894853725,2311.0,2262.0,2386.0,2.2042833750399176
INTEL,Intel CPU,CPU,CPU package RAPL,256000000,10T,10,5,3072000000.0,0.1666666666666666,0.1163553888888888,0.1162583333333333,0.1164234444444444,0.06016123450563537,13.594339111111111,12.193345111111112,13.801186722222225,4.914693391464257,13.820353277777777,12.412226888888888,14.029914944444444,4.859405268323212,116.82030570468348,104.88302584013758,118.66871088661472,4.884223818119804,1.5823720096405922,1.4175779803759256,1.6049591722421146,4.945965683206886,4.400311879743911,4.397739668699796,4.403985377392304,0.06016638585847929,0.03766273562953312,0.03709825903417378,0.04199011799751678,5.2377337312766485,26.401871278463464,26.386438012198777,26.423912264353817,0.060166385858469486,0.2259764137771987,0.22258955420504276,0.2519407079851007,5.237733731276655,83.0,64.0,84.0,10.703502864106179,2520.0,2520.0,2523.5,0.060488538090990585
INTEL,Intel CPU,CPU,CPU package RAPL,256000000,16T,16,5,3072000000.0,0.1666666666666666,0.1164097777777777,0.1163552777777777,0.1164225555555555,0.025860587465361826,12.80090788888889,12.03252127777778,13.281565277777778,3.5272813178749836,13.04494122222222,12.272880055555556,13.529262055555556,3.482994905680073,109.95757554470856,103.34006418825533,114.10361975519666,3.539180141368111,1.4903144098557155,1.4008555399886788,1.5461040625271594,3.522445393173162,4.398255969334385,4.397773245543296,4.400316081732436,0.025863615327704814,0.03999716304844385,0.03854967312148511,0.042551347982702964,3.6008861353881385,26.38953581600631,26.386639473259777,26.40189649039462,0.02586361532770856,0.23998297829066306,0.2312980387289107,0.2553080878962178,3.600886135388138,81.0,73.0,84.0,5.272101245103417,2709.5,2699.5,3259.0,10.23908485129427
INTEL,Intel CPU,CPU,CPU package RAPL,256000000,20T,20,5,3072000000.0,0.1666666666666666,0.1177654444444444,0.1177058333333333,0.1179828333333333,0.09027363152269166,14.246213277777777,13.464242944444443,14.44996838888889,2.6936541434870653,14.514174944444443,13.717466444444444,14.718474055555555,2.689317302345274,120.7624546901136,114.3832514949748,122.68734654397971,2.6605867993119983,1.6796423635143634,1.5848199359782864,1.7019983572215154,2.7338833447762565,4.347625081494384,4.339614378928009,4.349826898978387,0.09018636679336856,0.03593937490734136,0.03543260346463426,0.038026645992098596,2.7768665805024337,26.08575048896631,26.037686273568053,26.09896139387032,0.09018636679336618,0.2156362494440482,0.21259562078780556,0.22815987595259155,2.776866580502425,84.0,75.0,86.0,5.191565445681417,3600.0,3600.0,3600.5,0.007606835141175021
