platform,platform_label,device_kind,energy_domain,session_number,problem_size,configuration,num_threads,runtime_s,energy_j,power_w,throughput_gflops,efficiency_gflop_per_j,edp_j_s,temperature_c,clock_mhz,reported_throughput_gflops,throughput_normalization_delta_pct,policy,optimized_metric,selection_status,leader_configurations
3090,RTX 3090,GPU,GPU board NVML,1,64,gpu_resident,-1,5.266399936827144e-06,0.0009206785817693,174.8181105,99.55339630280123,0.569458234808132,4.848748744884246e-09,56.0,1965.0,99.55339632229892,1.9585155719425984e-08,energy_opt,energy_j,single_configuration,gpu_resident
3090,RTX 3090,GPU,GPU board NVML,2,64,gpu_resident,-1,5.2663084400027385e-06,0.0009366275794162,177.75053350000002,99.55512594316018,0.5597614372265107,4.935406381350505e-09,58.0,1950.0,99.55512610640272,1.639720137447398e-07,energy_opt,energy_j,single_configuration,gpu_resident
3090,RTX 3090,GPU,GPU board NVML,3,64,gpu_resident,-1,5.265313804667716e-06,0.0009229584664873,175.29308600000002,99.57393223841989,0.5680515635718633,4.859588271306211e-09,57.0,1950.0,99.57393224143136,3.024358541381389e-09,energy_opt,energy_j,single_configuration,gpu_resident
3090,RTX 3090,GPU,GPU board NVML,4,64,gpu_resident,-1,5.265390629524527e-06,0.0009341966020311,177.4047055,99.57247940165533,0.5612180550219408,4.919391837770915e-09,58.0,1950.0,99.57247940586151,4.224243177475273e-09,energy_opt,energy_j,single_configuration,gpu_resident
3090,RTX 3090,GPU,GPU board NVML,5,64,gpu_resident,-1,5.265276790649924e-06,0.0009361078206849,177.707753,99.5746322265584,0.5600722357136239,4.93111656963096e-09,58.0,1950.0,99.574632322228,9.607827866631169e-08,energy_opt,energy_j,single_configuration,gpu_resident
3090,RTX 3090,GPU,GPU board NVML,1,64,gpu_resident,-1,5.266399936827144e-06,0.0009206785817693,174.8181105,99.55339630280123,0.569458234808132,4.848748744884246e-09,56.0,1965.0,99.55339632229892,1.9585155719425984e-08,runtime_opt,runtime_s,single_configuration,gpu_resident
3090,RTX 3090,GPU,GPU board NVML,2,64,gpu_resident,-1,5.2663084400027385e-06,0.0009366275794162,177.75053350000002,99.55512594316018,0.5597614372265107,4.935406381350505e-09,58.0,1950.0,99.55512610640272,1.639720137447398e-07,runtime_opt,runtime_s,single_configuration,gpu_resident
3090,RTX 3090,GPU,GPU board NVML,3,64,gpu_resident,-1,5.265313804667716e-06,0.0009229584664873,175.29308600000002,99.57393223841989,0.5680515635718633,4.859588271306211e-09,57.0,1950.0,99.57393224143136,3.024358541381389e-09,runtime_opt,runtime_s,single_configuration,gpu_resident
3090,RTX 3090,GPU,GPU board NVML,4,64,gpu_resident,-1,5.265390629524527e-06,0.0009341966020311,177.4047055,99.57247940165533,0.5612180550219408,4.919391837770915e-09,58.0,1950.0,99.57247940586151,4.224243177475273e-09,runtime_opt,runtime_s,single_configuration,gpu_resident
3090,RTX 3090,GPU,GPU board NVML,5,64,gpu_resident,-1,5.265276790649924e-06,0.0009361078206849,177.707753,99.5746322265584,0.5600722357136239,4.93111656963096e-09,58.0,1950.0,99.574632322228,9.607827866631169e-08,runtime_opt,runtime_s,single_configuration,gpu_resident
3090,RTX 3090,GPU,GPU board NVML,1,64,gpu_resident,-1,5.266399936827144e-06,0.0009206785817693,174.8181105,99.55339630280123,0.569458234808132,4.848748744884246e-09,56.0,1965.0,99.55339632229892,1.9585155719425984e-08,edp_opt,edp_j_s,single_configuration,gpu_resident
3090,RTX 3090,GPU,GPU board NVML,2,64,gpu_resident,-1,5.2663084400027385e-06,0.0009366275794162,177.75053350000002,99.55512594316018,0.5597614372265107,4.935406381350505e-09,58.0,1950.0,99.55512610640272,1.639720137447398e-07,edp_opt,edp_j_s,single_configuration,gpu_resident
3090,RTX 3090,GPU,GPU board NVML,3,64,gpu_resident,-1,5.265313804667716e-06,0.0009229584664873,175.29308600000002,99.57393223841989,0.5680515635718633,4.859588271306211e-09,57.0,1950.0,99.57393224143136,3.024358541381389e-09,edp_opt,edp_j_s,single_configuration,gpu_resident
3090,RTX 3090,GPU,GPU board NVML,4,64,gpu_resident,-1,5.265390629524527e-06,0.0009341966020311,177.4047055,99.57247940165533,0.5612180550219408,4.919391837770915e-09,58.0,1950.0,99.57247940586151,4.224243177475273e-09,edp_opt,edp_j_s,single_configuration,gpu_resident
3090,RTX 3090,GPU,GPU board NVML,5,64,gpu_resident,-1,5.265276790649924e-06,0.0009361078206849,177.707753,99.5746322265584,0.5600722357136239,4.93111656963096e-09,58.0,1950.0,99.574632322228,9.607827866631169e-08,edp_opt,edp_j_s,single_configuration,gpu_resident
3090,RTX 3090,GPU,GPU board NVML,1,64,gpu_resident,-1,5.266399936827144e-06,0.0009206785817693,174.8181105,99.55339630280123,0.569458234808132,4.848748744884246e-09,56.0,1965.0,99.55339632229892,1.9585155719425984e-08,throughput_opt,throughput_gflops,single_configuration,gpu_resident
3090,RTX 3090,GPU,GPU board NVML,2,64,gpu_resident,-1,5.2663084400027385e-06,0.0009366275794162,177.75053350000002,99.55512594316018,0.5597614372265107,4.935406381350505e-09,58.0,1950.0,99.55512610640272,1.639720137447398e-07,throughput_opt,throughput_gflops,single_configuration,gpu_resident
3090,RTX 3090,GPU,GPU board NVML,3,64,gpu_resident,-1,5.265313804667716e-06,0.0009229584664873,175.29308600000002,99.57393223841989,0.5680515635718633,4.859588271306211e-09,57.0,1950.0,99.57393224143136,3.024358541381389e-09,throughput_opt,throughput_gflops,single_configuration,gpu_resident
3090,RTX 3090,GPU,GPU board NVML,4,64,gpu_resident,-1,5.265390629524527e-06,0.0009341966020311,177.4047055,99.57247940165533,0.5612180550219408,4.919391837770915e-09,58.0,1950.0,99.57247940586151,4.224243177475273e-09,throughput_opt,throughput_gflops,single_configuration,gpu_resident
3090,RTX 3090,GPU,GPU board NVML,5,64,gpu_resident,-1,5.265276790649924e-06,0.0009361078206849,177.707753,99.5746322265584,0.5600722357136239,4.93111656963096e-09,58.0,1950.0,99.574632322228,9.607827866631169e-08,throughput_opt,throughput_gflops,single_configuration,gpu_resident
3090,RTX 3090,GPU,GPU board NVML,1,64,gpu_resident,-1,5.266399936827144e-06,0.0009206785817693,174.8181105,99.55339630280123,0.569458234808132,4.848748744884246e-09,56.0,1965.0,99.55339632229892,1.9585155719425984e-08,efficiency_opt,efficiency_gflop_per_j,single_configuration,gpu_resident
3090,RTX 3090,GPU,GPU board NVML,2,64,gpu_resident,-1,5.2663084400027385e-06,0.0009366275794162,177.75053350000002,99.55512594316018,0.5597614372265107,4.935406381350505e-09,58.0,1950.0,99.55512610640272,1.639720137447398e-07,efficiency_opt,efficiency_gflop_per_j,single_configuration,gpu_resident
3090,RTX 3090,GPU,GPU board NVML,3,64,gpu_resident,-1,5.265313804667716e-06,0.0009229584664873,175.29308600000002,99.57393223841989,0.5680515635718633,4.859588271306211e-09,57.0,1950.0,99.57393224143136,3.024358541381389e-09,efficiency_opt,efficiency_gflop_per_j,single_configuration,gpu_resident
3090,RTX 3090,GPU,GPU board NVML,4,64,gpu_resident,-1,5.265390629524527e-06,0.0009341966020311,177.4047055,99.57247940165533,0.5612180550219408,4.919391837770915e-09,58.0,1950.0,99.57247940586151,4.224243177475273e-09,efficiency_opt,efficiency_gflop_per_j,single_configuration,gpu_resident
3090,RTX 3090,GPU,GPU board NVML,5,64,gpu_resident,-1,5.265276790649924e-06,0.0009361078206849,177.707753,99.5746322265584,0.5600722357136239,4.93111656963096e-09,58.0,1950.0,99.574632322228,9.607827866631169e-08,efficiency_opt,efficiency_gflop_per_j,single_configuration,gpu_resident
3090,RTX 3090,GPU,GPU board NVML,1,128,gpu_resident,-1,5.1937753868660095e-06,0.0010043627799364,193.312501,807.5636098177316,4.176084661625553,5.220928062878346e-09,57.0,1950.0,807.563619477646,1.196179999496394e-06,energy_opt,energy_j,single_configuration,gpu_resident
3090,RTX 3090,GPU,GPU board NVML,2,128,gpu_resident,-1,5.18906807248901e-06,0.0010086930828564,194.3847205,808.2961991262031,4.158156798421419,5.234266457310598e-09,58.0,1950.0,808.2962095173872,1.2855663644728565e-06,energy_opt,energy_j,single_configuration,gpu_resident
3090,RTX 3090,GPU,GPU board NVML,3,128,gpu_resident,-1,5.180780624707656e-06,0.0010143157840029,195.5519015,809.5891920219414,4.135106705574058,5.274751224002071e-09,60.0,1950.0,809.5891939781321,2.4162758460732903e-07,energy_opt,energy_j,single_configuration,gpu_resident
3090,RTX 3090,GPU,GPU board NVML,4,128,gpu_resident,-1,5.186626183838249e-06,0.0010128198496893,195.275198,808.6767488795765,4.141214255710604,5.247058943940629e-09,59.0,1950.0,808.6767648689453,1.9772262271899876e-06,energy_opt,energy_j,single_configuration,gpu_resident
3090,RTX 3090,GPU,GPU board NVML,5,128,gpu_resident,-1,5.183225422148554e-06,0.0010082849891225,194.488466,809.2073291038487,4.159839772731576,5.227245972809585e-09,59.0,1950.0,809.2073384426674,1.1540699507150975e-06,energy_opt,energy_j,single_configuration,gpu_resident
3090,RTX 3090,GPU,GPU board NVML,1,128,gpu_resident,-1,5.1937753868660095e-06,0.0010043627799364,193.312501,807.5636098177316,4.176084661625553,5.220928062878346e-09,57.0,1950.0,807.563619477646,1.196179999496394e-06,runtime_opt,runtime_s,single_configuration,gpu_resident
3090,RTX 3090,GPU,GPU board NVML,2,128,gpu_resident,-1,5.18906807248901e-06,0.0010086930828564,194.3847205,808.2961991262031,4.158156798421419,5.234266457310598e-09,58.0,1950.0,808.2962095173872,1.2855663644728565e-06,runtime_opt,runtime_s,single_configuration,gpu_resident
3090,RTX 3090,GPU,GPU board NVML,3,128,gpu_resident,-1,5.180780624707656e-06,0.0010143157840029,195.5519015,809.5891920219414,4.135106705574058,5.274751224002071e-09,60.0,1950.0,809.5891939781321,2.4162758460732903e-07,runtime_opt,runtime_s,single_configuration,gpu_resident
3090,RTX 3090,GPU,GPU board NVML,4,128,gpu_resident,-1,5.186626183838249e-06,0.0010128198496893,195.275198,808.6767488795765,4.141214255710604,5.247058943940629e-09,59.0,1950.0,808.6767648689453,1.9772262271899876e-06,runtime_opt,runtime_s,single_configuration,gpu_resident
3090,RTX 3090,GPU,GPU board NVML,5,128,gpu_resident,-1,5.183225422148554e-06,0.0010082849891225,194.488466,809.2073291038487,4.159839772731576,5.227245972809585e-09,59.0,1950.0,809.2073384426674,1.1540699507150975e-06,runtime_opt,runtime_s,single_configuration,gpu_resident
3090,RTX 3090,GPU,GPU board NVML,1,128,gpu_resident,-1,5.1937753868660095e-06,0.0010043627799364,193.312501,807.5636098177316,4.176084661625553,5.220928062878346e-09,57.0,1950.0,807.563619477646,1.196179999496394e-06,edp_opt,edp_j_s,single_configuration,gpu_resident
3090,RTX 3090,GPU,GPU board NVML,2,128,gpu_resident,-1,5.18906807248901e-06,0.0010086930828564,194.3847205,808.2961991262031,4.158156798421419,5.234266457310598e-09,58.0,1950.0,808.2962095173872,1.2855663644728565e-06,edp_opt,edp_j_s,single_configuration,gpu_resident
3090,RTX 3090,GPU,GPU board NVML,3,128,gpu_resident,-1,5.180780624707656e-06,0.0010143157840029,195.5519015,809.5891920219414,4.135106705574058,5.274751224002071e-09,60.0,1950.0,809.5891939781321,2.4162758460732903e-07,edp_opt,edp_j_s,single_configuration,gpu_resident
3090,RTX 3090,GPU,GPU board NVML,4,128,gpu_resident,-1,5.186626183838249e-06,0.0010128198496893,195.275198,808.6767488795765,4.141214255710604,5.247058943940629e-09,59.0,1950.0,808.6767648689453,1.9772262271899876e-06,edp_opt,edp_j_s,single_configuration,gpu_resident
3090,RTX 3090,GPU,GPU board NVML,5,128,gpu_resident,-1,5.183225422148554e-06,0.0010082849891225,194.488466,809.2073291038487,4.159839772731576,5.227245972809585e-09,59.0,1950.0,809.2073384426674,1.1540699507150975e-06,edp_opt,edp_j_s,single_configuration,gpu_resident
3090,RTX 3090,GPU,GPU board NVML,1,128,gpu_resident,-1,5.1937753868660095e-06,0.0010043627799364,193.312501,807.5636098177316,4.176084661625553,5.220928062878346e-09,57.0,1950.0,807.563619477646,1.196179999496394e-06,throughput_opt,throughput_gflops,single_configuration,gpu_resident
3090,RTX 3090,GPU,GPU board NVML,2,128,gpu_resident,-1,5.18906807248901e-06,0.0010086930828564,194.3847205,808.2961991262031,4.158156798421419,5.234266457310598e-09,58.0,1950.0,808.2962095173872,1.2855663644728565e-06,throughput_opt,throughput_gflops,single_configuration,gpu_resident
3090,RTX 3090,GPU,GPU board NVML,3,128,gpu_resident,-1,5.180780624707656e-06,0.0010143157840029,195.5519015,809.5891920219414,4.135106705574058,5.274751224002071e-09,60.0,1950.0,809.5891939781321,2.4162758460732903e-07,throughput_opt,throughput_gflops,single_configuration,gpu_resident
3090,RTX 3090,GPU,GPU board NVML,4,128,gpu_resident,-1,5.186626183838249e-06,0.0010128198496893,195.275198,808.6767488795765,4.141214255710604,5.247058943940629e-09,59.0,1950.0,808.6767648689453,1.9772262271899876e-06,throughput_opt,throughput_gflops,single_configuration,gpu_resident
3090,RTX 3090,GPU,GPU board NVML,5,128,gpu_resident,-1,5.183225422148554e-06,0.0010082849891225,194.488466,809.2073291038487,4.159839772731576,5.227245972809585e-09,59.0,1950.0,809.2073384426674,1.1540699507150975e-06,throughput_opt,throughput_gflops,single_configuration,gpu_resident
3090,RTX 3090,GPU,GPU board NVML,1,128,gpu_resident,-1,5.1937753868660095e-06,0.0010043627799364,193.312501,807.5636098177316,4.176084661625553,5.220928062878346e-09,57.0,1950.0,807.563619477646,1.196179999496394e-06,efficiency_opt,efficiency_gflop_per_j,single_configuration,gpu_resident
3090,RTX 3090,GPU,GPU board NVML,2,128,gpu_resident,-1,5.18906807248901e-06,0.0010086930828564,194.3847205,808.2961991262031,4.158156798421419,5.234266457310598e-09,58.0,1950.0,808.2962095173872,1.2855663644728565e-06,efficiency_opt,efficiency_gflop_per_j,single_configuration,gpu_resident
3090,RTX 3090,GPU,GPU board NVML,3,128,gpu_resident,-1,5.180780624707656e-06,0.0010143157840029,195.5519015,809.5891920219414,4.135106705574058,5.274751224002071e-09,60.0,1950.0,809.5891939781321,2.4162758460732903e-07,efficiency_opt,efficiency_gflop_per_j,single_configuration,gpu_resident
3090,RTX 3090,GPU,GPU board NVML,4,128,gpu_resident,-1,5.186626183838249e-06,0.0010128198496893,195.275198,808.6767488795765,4.141214255710604,5.247058943940629e-09,59.0,1950.0,808.6767648689453,1.9772262271899876e-06,efficiency_opt,efficiency_gflop_per_j,single_configuration,gpu_resident
3090,RTX 3090,GPU,GPU board NVML,5,128,gpu_resident,-1,5.183225422148554e-06,0.0010082849891225,194.488466,809.2073291038487,4.159839772731576,5.227245972809585e-09,59.0,1950.0,809.2073384426674,1.1540699507150975e-06,efficiency_opt,efficiency_gflop_per_j,single_configuration,gpu_resident
3090,RTX 3090,GPU,GPU board NVML,1,256,gpu_resident,-1,7.281878877013135e-06,0.0021376285056935,293.52828250000005,4607.9360240283595,15.697036183148253,1.556734517057519e-08,61.5,1950.0,4607.936024038723,2.249089803285642e-10,energy_opt,energy_j,single_configuration,gpu_resident
3090,RTX 3090,GPU,GPU board NVML,2,256,gpu_resident,-1,7.282653811704909e-06,0.0021720491964435,298.25167250000004,4607.445701465345,15.448283609294771,1.5818179191046823e-08,63.0,1950.0,4607.445703496804,4.409077547506968e-08,energy_opt,energy_j,single_configuration,gpu_resident
3090,RTX 3090,GPU,GPU board NVML,3,256,gpu_resident,-1,7.282969953831142e-06,0.0021686073608016,297.7877015,4607.245699585646,15.472801857315932,1.579265495036514e-08,63.0,1950.0,4607.2457016169865,4.40901093412549e-08,energy_opt,energy_j,single_configuration,gpu_resident
3090,RTX 3090,GPU,GPU board NVML,4,256,gpu_resident,-1,7.282658879559572e-06,0.0021616795683107,296.822251,4607.442495237295,15.522389391977264,1.5742947946253712e-08,63.0,1950.0,4607.442495255722,3.999467423909664e-10,energy_opt,energy_j,single_configuration,gpu_resident
3090,RTX 3090,GPU,GPU board NVML,5,256,gpu_resident,-1,7.283292793055231e-06,0.0021610055931018,296.6286315,4607.04147882052,15.527230520416023,1.5738474010484184e-08,63.0,1950.0,4607.041479236235,9.023470859403915e-09,energy_opt,energy_j,single_configuration,gpu_resident
3090,RTX 3090,GPU,GPU board NVML,1,256,gpu_resident,-1,7.281878877013135e-06,0.0021376285056935,293.52828250000005,4607.9360240283595,15.697036183148253,1.556734517057519e-08,61.5,1950.0,4607.936024038723,2.249089803285642e-10,runtime_opt,runtime_s,single_configuration,gpu_resident
3090,RTX 3090,GPU,GPU board NVML,2,256,gpu_resident,-1,7.282653811704909e-06,0.0021720491964435,298.25167250000004,4607.445701465345,15.448283609294771,1.5818179191046823e-08,63.0,1950.0,4607.445703496804,4.409077547506968e-08,runtime_opt,runtime_s,single_configuration,gpu_resident
3090,RTX 3090,GPU,GPU board NVML,3,256,gpu_resident,-1,7.282969953831142e-06,0.0021686073608016,297.7877015,4607.245699585646,15.472801857315932,1.579265495036514e-08,63.0,1950.0,4607.2457016169865,4.40901093412549e-08,runtime_opt,runtime_s,single_configuration,gpu_resident
3090,RTX 3090,GPU,GPU board NVML,4,256,gpu_resident,-1,7.282658879559572e-06,0.0021616795683107,296.822251,4607.442495237295,15.522389391977264,1.5742947946253712e-08,63.0,1950.0,4607.442495255722,3.999467423909664e-10,runtime_opt,runtime_s,single_configuration,gpu_resident
3090,RTX 3090,GPU,GPU board NVML,5,256,gpu_resident,-1,7.283292793055231e-06,0.0021610055931018,296.6286315,4607.04147882052,15.527230520416023,1.5738474010484184e-08,63.0,1950.0,4607.041479236235,9.023470859403915e-09,runtime_opt,runtime_s,single_configuration,gpu_resident
3090,RTX 3090,GPU,GPU board NVML,1,256,gpu_resident,-1,7.281878877013135e-06,0.0021376285056935,293.52828250000005,4607.9360240283595,15.697036183148253,1.556734517057519e-08,61.5,1950.0,4607.936024038723,2.249089803285642e-10,edp_opt,edp_j_s,single_configuration,gpu_resident
3090,RTX 3090,GPU,GPU board NVML,2,256,gpu_resident,-1,7.282653811704909e-06,0.0021720491964435,298.25167250000004,4607.445701465345,15.448283609294771,1.5818179191046823e-08,63.0,1950.0,4607.445703496804,4.409077547506968e-08,edp_opt,edp_j_s,single_configuration,gpu_resident
3090,RTX 3090,GPU,GPU board NVML,3,256,gpu_resident,-1,7.282969953831142e-06,0.0021686073608016,297.7877015,4607.245699585646,15.472801857315932,1.579265495036514e-08,63.0,1950.0,4607.2457016169865,4.40901093412549e-08,edp_opt,edp_j_s,single_configuration,gpu_resident
3090,RTX 3090,GPU,GPU board NVML,4,256,gpu_resident,-1,7.282658879559572e-06,0.0021616795683107,296.822251,4607.442495237295,15.522389391977264,1.5742947946253712e-08,63.0,1950.0,4607.442495255722,3.999467423909664e-10,edp_opt,edp_j_s,single_configuration,gpu_resident
3090,RTX 3090,GPU,GPU board NVML,5,256,gpu_resident,-1,7.283292793055231e-06,0.0021610055931018,296.6286315,4607.04147882052,15.527230520416023,1.5738474010484184e-08,63.0,1950.0,4607.041479236235,9.023470859403915e-09,edp_opt,edp_j_s,single_configuration,gpu_resident
3090,RTX 3090,GPU,GPU board NVML,1,256,gpu_resident,-1,7.281878877013135e-06,0.0021376285056935,293.52828250000005,4607.9360240283595,15.697036183148253,1.556734517057519e-08,61.5,1950.0,4607.936024038723,2.249089803285642e-10,throughput_opt,throughput_gflops,single_configuration,gpu_resident
3090,RTX 3090,GPU,GPU board NVML,2,256,gpu_resident,-1,7.282653811704909e-06,0.0021720491964435,298.25167250000004,4607.445701465345,15.448283609294771,1.5818179191046823e-08,63.0,1950.0,4607.445703496804,4.409077547506968e-08,throughput_opt,throughput_gflops,single_configuration,gpu_resident
3090,RTX 3090,GPU,GPU board NVML,3,256,gpu_resident,-1,7.282969953831142e-06,0.0021686073608016,297.7877015,4607.245699585646,15.472801857315932,1.579265495036514e-08,63.0,1950.0,4607.2457016169865,4.40901093412549e-08,throughput_opt,throughput_gflops,single_configuration,gpu_resident
3090,RTX 3090,GPU,GPU board NVML,4,256,gpu_resident,-1,7.282658879559572e-06,0.0021616795683107,296.822251,4607.442495237295,15.522389391977264,1.5742947946253712e-08,63.0,1950.0,4607.442495255722,3.999467423909664e-10,throughput_opt,throughput_gflops,single_configuration,gpu_resident
3090,RTX 3090,GPU,GPU board NVML,5,256,gpu_resident,-1,7.283292793055231e-06,0.0021610055931018,296.6286315,4607.04147882052,15.527230520416023,1.5738474010484184e-08,63.0,1950.0,4607.041479236235,9.023470859403915e-09,throughput_opt,throughput_gflops,single_configuration,gpu_resident
3090,RTX 3090,GPU,GPU board NVML,1,256,gpu_resident,-1,7.281878877013135e-06,0.0021376285056935,293.52828250000005,4607.9360240283595,15.697036183148253,1.556734517057519e-08,61.5,1950.0,4607.936024038723,2.249089803285642e-10,efficiency_opt,efficiency_gflop_per_j,single_configuration,gpu_resident
3090,RTX 3090,GPU,GPU board NVML,2,256,gpu_resident,-1,7.282653811704909e-06,0.0021720491964435,298.25167250000004,4607.445701465345,15.448283609294771,1.5818179191046823e-08,63.0,1950.0,4607.445703496804,4.409077547506968e-08,efficiency_opt,efficiency_gflop_per_j,single_configuration,gpu_resident
3090,RTX 3090,GPU,GPU board NVML,3,256,gpu_resident,-1,7.282969953831142e-06,0.0021686073608016,297.7877015,4607.245699585646,15.472801857315932,1.579265495036514e-08,63.0,1950.0,4607.2457016169865,4.40901093412549e-08,efficiency_opt,efficiency_gflop_per_j,single_configuration,gpu_resident
3090,RTX 3090,GPU,GPU board NVML,4,256,gpu_resident,-1,7.282658879559572e-06,0.0021616795683107,296.822251,4607.442495237295,15.522389391977264,1.5742947946253712e-08,63.0,1950.0,4607.442495255722,3.999467423909664e-10,efficiency_opt,efficiency_gflop_per_j,single_configuration,gpu_resident
3090,RTX 3090,GPU,GPU board NVML,5,256,gpu_resident,-1,7.283292793055231e-06,0.0021610055931018,296.6286315,4607.04147882052,15.527230520416023,1.5738474010484184e-08,63.0,1950.0,4607.041479236235,9.023470859403915e-09,efficiency_opt,efficiency_gflop_per_j,single_configuration,gpu_resident
3090,RTX 3090,GPU,GPU board NVML,1,512,gpu_resident,-1,2.2870950780696337e-05,0.0075070639873808,328.2856295,11736.960941150131,35.757715193480934,1.7166760354009117e-07,63.0,1815.0,11736.961075407353,1.1438840319399901e-06,energy_opt,energy_j,single_configuration,gpu_resident
3090,RTX 3090,GPU,GPU board NVML,2,512,gpu_resident,-1,2.291826648056197e-05,0.0075459808251149,329.034089,11712.729504549236,35.57330216193766,1.7305756872265278e-07,64.0,1815.0,11712.729558536324,4.609266301969228e-07,energy_opt,energy_j,single_configuration,gpu_resident
3090,RTX 3090,GPU,GPU board NVML,3,512,gpu_resident,-1,2.281510320678216e-05,0.0076243319203833,334.17926,11765.69106731909,35.207734763271546,1.7446198159411659e-07,66.0,1792.5,11765.691504941711,3.7194808122364975e-06,energy_opt,energy_j,single_configuration,gpu_resident
3090,RTX 3090,GPU,GPU board NVML,4,512,gpu_resident,-1,2.2847072797459968e-05,0.0075230361588889,329.3329935,11749.227499719062,35.68179792447602,1.7185056457694625e-07,62.0,1811.0,11749.227510288674,8.996006162220738e-08,energy_opt,energy_j,single_configuration,gpu_resident
3090,RTX 3090,GPU,GPU board NVML,5,512,gpu_resident,-1,2.2875730590455152e-05,0.0069264347185788,302.798105,11734.50854120498,38.75521345490698,1.584405628733446e-07,64.0,1815.0,11734.508562651328,1.827630713435724e-07,energy_opt,energy_j,single_configuration,gpu_resident
3090,RTX 3090,GPU,GPU board NVML,1,512,gpu_resident,-1,2.2870950780696337e-05,0.0075070639873808,328.2856295,11736.960941150131,35.757715193480934,1.7166760354009117e-07,63.0,1815.0,11736.961075407353,1.1438840319399901e-06,runtime_opt,runtime_s,single_configuration,gpu_resident
3090,RTX 3090,GPU,GPU board NVML,2,512,gpu_resident,-1,2.291826648056197e-05,0.0075459808251149,329.034089,11712.729504549236,35.57330216193766,1.7305756872265278e-07,64.0,1815.0,11712.729558536324,4.609266301969228e-07,runtime_opt,runtime_s,single_configuration,gpu_resident
3090,RTX 3090,GPU,GPU board NVML,3,512,gpu_resident,-1,2.281510320678216e-05,0.0076243319203833,334.17926,11765.69106731909,35.207734763271546,1.7446198159411659e-07,66.0,1792.5,11765.691504941711,3.7194808122364975e-06,runtime_opt,runtime_s,single_configuration,gpu_resident
3090,RTX 3090,GPU,GPU board NVML,4,512,gpu_resident,-1,2.2847072797459968e-05,0.0075230361588889,329.3329935,11749.227499719062,35.68179792447602,1.7185056457694625e-07,62.0,1811.0,11749.227510288674,8.996006162220738e-08,runtime_opt,runtime_s,single_configuration,gpu_resident
3090,RTX 3090,GPU,GPU board NVML,5,512,gpu_resident,-1,2.2875730590455152e-05,0.0069264347185788,302.798105,11734.50854120498,38.75521345490698,1.584405628733446e-07,64.0,1815.0,11734.508562651328,1.827630713435724e-07,runtime_opt,runtime_s,single_configuration,gpu_resident
3090,RTX 3090,GPU,GPU board NVML,1,512,gpu_resident,-1,2.2870950780696337e-05,0.0075070639873808,328.2856295,11736.960941150131,35.757715193480934,1.7166760354009117e-07,63.0,1815.0,11736.961075407353,1.1438840319399901e-06,edp_opt,edp_j_s,single_configuration,gpu_resident
3090,RTX 3090,GPU,GPU board NVML,2,512,gpu_resident,-1,2.291826648056197e-05,0.0075459808251149,329.034089,11712.729504549236,35.57330216193766,1.7305756872265278e-07,64.0,1815.0,11712.729558536324,4.609266301969228e-07,edp_opt,edp_j_s,single_configuration,gpu_resident
3090,RTX 3090,GPU,GPU board NVML,3,512,gpu_resident,-1,2.281510320678216e-05,0.0076243319203833,334.17926,11765.69106731909,35.207734763271546,1.7446198159411659e-07,66.0,1792.5,11765.691504941711,3.7194808122364975e-06,edp_opt,edp_j_s,single_configuration,gpu_resident
3090,RTX 3090,GPU,GPU board NVML,4,512,gpu_resident,-1,2.2847072797459968e-05,0.0075230361588889,329.3329935,11749.227499719062,35.68179792447602,1.7185056457694625e-07,62.0,1811.0,11749.227510288674,8.996006162220738e-08,edp_opt,edp_j_s,single_configuration,gpu_resident
3090,RTX 3090,GPU,GPU board NVML,5,512,gpu_resident,-1,2.2875730590455152e-05,0.0069264347185788,302.798105,11734.50854120498,38.75521345490698,1.584405628733446e-07,64.0,1815.0,11734.508562651328,1.827630713435724e-07,edp_opt,edp_j_s,single_configuration,gpu_resident
3090,RTX 3090,GPU,GPU board NVML,1,512,gpu_resident,-1,2.2870950780696337e-05,0.0075070639873808,328.2856295,11736.960941150131,35.757715193480934,1.7166760354009117e-07,63.0,1815.0,11736.961075407353,1.1438840319399901e-06,throughput_opt,throughput_gflops,single_configuration,gpu_resident
3090,RTX 3090,GPU,GPU board NVML,2,512,gpu_resident,-1,2.291826648056197e-05,0.0075459808251149,329.034089,11712.729504549236,35.57330216193766,1.7305756872265278e-07,64.0,1815.0,11712.729558536324,4.609266301969228e-07,throughput_opt,throughput_gflops,single_configuration,gpu_resident
3090,RTX 3090,GPU,GPU board NVML,3,512,gpu_resident,-1,2.281510320678216e-05,0.0076243319203833,334.17926,11765.69106731909,35.207734763271546,1.7446198159411659e-07,66.0,1792.5,11765.691504941711,3.7194808122364975e-06,throughput_opt,throughput_gflops,single_configuration,gpu_resident
3090,RTX 3090,GPU,GPU board NVML,4,512,gpu_resident,-1,2.2847072797459968e-05,0.0075230361588889,329.3329935,11749.227499719062,35.68179792447602,1.7185056457694625e-07,62.0,1811.0,11749.227510288674,8.996006162220738e-08,throughput_opt,throughput_gflops,single_configuration,gpu_resident
3090,RTX 3090,GPU,GPU board NVML,5,512,gpu_resident,-1,2.2875730590455152e-05,0.0069264347185788,302.798105,11734.50854120498,38.75521345490698,1.584405628733446e-07,64.0,1815.0,11734.508562651328,1.827630713435724e-07,throughput_opt,throughput_gflops,single_configuration,gpu_resident
3090,RTX 3090,GPU,GPU board NVML,1,512,gpu_resident,-1,2.2870950780696337e-05,0.0075070639873808,328.2856295,11736.960941150131,35.757715193480934,1.7166760354009117e-07,63.0,1815.0,11736.961075407353,1.1438840319399901e-06,efficiency_opt,efficiency_gflop_per_j,single_configuration,gpu_resident
3090,RTX 3090,GPU,GPU board NVML,2,512,gpu_resident,-1,2.291826648056197e-05,0.0075459808251149,329.034089,11712.729504549236,35.57330216193766,1.7305756872265278e-07,64.0,1815.0,11712.729558536324,4.609266301969228e-07,efficiency_opt,efficiency_gflop_per_j,single_configuration,gpu_resident
3090,RTX 3090,GPU,GPU board NVML,3,512,gpu_resident,-1,2.281510320678216e-05,0.0076243319203833,334.17926,11765.69106731909,35.207734763271546,1.7446198159411659e-07,66.0,1792.5,11765.691504941711,3.7194808122364975e-06,efficiency_opt,efficiency_gflop_per_j,single_configuration,gpu_resident
3090,RTX 3090,GPU,GPU board NVML,4,512,gpu_resident,-1,2.2847072797459968e-05,0.0075230361588889,329.3329935,11749.227499719062,35.68179792447602,1.7185056457694625e-07,62.0,1811.0,11749.227510288674,8.996006162220738e-08,efficiency_opt,efficiency_gflop_per_j,single_configuration,gpu_resident
3090,RTX 3090,GPU,GPU board NVML,5,512,gpu_resident,-1,2.2875730590455152e-05,0.0069264347185788,302.798105,11734.50854120498,38.75521345490698,1.584405628733446e-07,64.0,1815.0,11734.508562651328,1.827630713435724e-07,efficiency_opt,efficiency_gflop_per_j,single_configuration,gpu_resident
3090,RTX 3090,GPU,GPU board NVML,1,1024,gpu_resident,-1,0.0001220956264775,0.0398911938534278,326.633788,17588.538672150902,53.83352666481977,4.871840744024166e-06,59.0,1575.0,17588.538711725414,2.250017061555809e-07,energy_opt,energy_j,single_configuration,gpu_resident
3090,RTX 3090,GPU,GPU board NVML,2,1024,gpu_resident,-1,0.0001219558594218,0.0405251289432649,332.30662800000005,17608.695950988727,52.99140814595489,4.942081551515678e-06,62.0,1593.5,17608.696509013273,3.1690282176199958e-06,energy_opt,energy_j,single_configuration,gpu_resident
3090,RTX 3090,GPU,GPU board NVML,3,1024,gpu_resident,-1,0.0001225172497276,0.0411330347415567,335.7088415,17528.010568100657,52.20824725170102,5.039862339240915e-06,65.0,1575.0,17528.010642630616,4.252048935171615e-07,energy_opt,energy_j,single_configuration,gpu_resident
3090,RTX 3090,GPU,GPU board NVML,4,1024,gpu_resident,-1,0.0001221521401243,0.0404943806791009,331.501936,17580.401340613073,53.031645674934694,4.94656256546926e-06,63.0,1575.0,17580.401363044977,1.2759608924994836e-07,energy_opt,energy_j,single_configuration,gpu_resident
3090,RTX 3090,GPU,GPU board NVML,5,1024,gpu_resident,-1,0.000122197205156,0.0406902180460185,333.009875,17573.91787527766,52.77641042796352,4.971667723074891e-06,65.0,1590.0,17573.917885951836,6.073872516054735e-08,energy_opt,energy_j,single_configuration,gpu_resident
3090,RTX 3090,GPU,GPU board NVML,1,1024,gpu_resident,-1,0.0001220956264775,0.0398911938534278,326.633788,17588.538672150902,53.83352666481977,4.871840744024166e-06,59.0,1575.0,17588.538711725414,2.250017061555809e-07,runtime_opt,runtime_s,single_configuration,gpu_resident
3090,RTX 3090,GPU,GPU board NVML,2,1024,gpu_resident,-1,0.0001219558594218,0.0405251289432649,332.30662800000005,17608.695950988727,52.99140814595489,4.942081551515678e-06,62.0,1593.5,17608.696509013273,3.1690282176199958e-06,runtime_opt,runtime_s,single_configuration,gpu_resident
3090,RTX 3090,GPU,GPU board NVML,3,1024,gpu_resident,-1,0.0001225172497276,0.0411330347415567,335.7088415,17528.010568100657,52.20824725170102,5.039862339240915e-06,65.0,1575.0,17528.010642630616,4.252048935171615e-07,runtime_opt,runtime_s,single_configuration,gpu_resident
3090,RTX 3090,GPU,GPU board NVML,4,1024,gpu_resident,-1,0.0001221521401243,0.0404943806791009,331.501936,17580.401340613073,53.031645674934694,4.94656256546926e-06,63.0,1575.0,17580.401363044977,1.2759608924994836e-07,runtime_opt,runtime_s,single_configuration,gpu_resident
3090,RTX 3090,GPU,GPU board NVML,5,1024,gpu_resident,-1,0.000122197205156,0.0406902180460185,333.009875,17573.91787527766,52.77641042796352,4.971667723074891e-06,65.0,1590.0,17573.917885951836,6.073872516054735e-08,runtime_opt,runtime_s,single_configuration,gpu_resident
3090,RTX 3090,GPU,GPU board NVML,1,1024,gpu_resident,-1,0.0001220956264775,0.0398911938534278,326.633788,17588.538672150902,53.83352666481977,4.871840744024166e-06,59.0,1575.0,17588.538711725414,2.250017061555809e-07,edp_opt,edp_j_s,single_configuration,gpu_resident
3090,RTX 3090,GPU,GPU board NVML,2,1024,gpu_resident,-1,0.0001219558594218,0.0405251289432649,332.30662800000005,17608.695950988727,52.99140814595489,4.942081551515678e-06,62.0,1593.5,17608.696509013273,3.1690282176199958e-06,edp_opt,edp_j_s,single_configuration,gpu_resident
3090,RTX 3090,GPU,GPU board NVML,3,1024,gpu_resident,-1,0.0001225172497276,0.0411330347415567,335.7088415,17528.010568100657,52.20824725170102,5.039862339240915e-06,65.0,1575.0,17528.010642630616,4.252048935171615e-07,edp_opt,edp_j_s,single_configuration,gpu_resident
3090,RTX 3090,GPU,GPU board NVML,4,1024,gpu_resident,-1,0.0001221521401243,0.0404943806791009,331.501936,17580.401340613073,53.031645674934694,4.94656256546926e-06,63.0,1575.0,17580.401363044977,1.2759608924994836e-07,edp_opt,edp_j_s,single_configuration,gpu_resident
3090,RTX 3090,GPU,GPU board NVML,5,1024,gpu_resident,-1,0.000122197205156,0.0406902180460185,333.009875,17573.91787527766,52.77641042796352,4.971667723074891e-06,65.0,1590.0,17573.917885951836,6.073872516054735e-08,edp_opt,edp_j_s,single_configuration,gpu_resident
3090,RTX 3090,GPU,GPU board NVML,1,1024,gpu_resident,-1,0.0001220956264775,0.0398911938534278,326.633788,17588.538672150902,53.83352666481977,4.871840744024166e-06,59.0,1575.0,17588.538711725414,2.250017061555809e-07,throughput_opt,throughput_gflops,single_configuration,gpu_resident
3090,RTX 3090,GPU,GPU board NVML,2,1024,gpu_resident,-1,0.0001219558594218,0.0405251289432649,332.30662800000005,17608.695950988727,52.99140814595489,4.942081551515678e-06,62.0,1593.5,17608.696509013273,3.1690282176199958e-06,throughput_opt,throughput_gflops,single_configuration,gpu_resident
3090,RTX 3090,GPU,GPU board NVML,3,1024,gpu_resident,-1,0.0001225172497276,0.0411330347415567,335.7088415,17528.010568100657,52.20824725170102,5.039862339240915e-06,65.0,1575.0,17528.010642630616,4.252048935171615e-07,throughput_opt,throughput_gflops,single_configuration,gpu_resident
3090,RTX 3090,GPU,GPU board NVML,4,1024,gpu_resident,-1,0.0001221521401243,0.0404943806791009,331.501936,17580.401340613073,53.031645674934694,4.94656256546926e-06,63.0,1575.0,17580.401363044977,1.2759608924994836e-07,throughput_opt,throughput_gflops,single_configuration,gpu_resident
3090,RTX 3090,GPU,GPU board NVML,5,1024,gpu_resident,-1,0.000122197205156,0.0406902180460185,333.009875,17573.91787527766,52.77641042796352,4.971667723074891e-06,65.0,1590.0,17573.917885951836,6.073872516054735e-08,throughput_opt,throughput_gflops,single_configuration,gpu_resident
3090,RTX 3090,GPU,GPU board NVML,1,1024,gpu_resident,-1,0.0001220956264775,0.0398911938534278,326.633788,17588.538672150902,53.83352666481977,4.871840744024166e-06,59.0,1575.0,17588.538711725414,2.250017061555809e-07,efficiency_opt,efficiency_gflop_per_j,single_configuration,gpu_resident
3090,RTX 3090,GPU,GPU board NVML,2,1024,gpu_resident,-1,0.0001219558594218,0.0405251289432649,332.30662800000005,17608.695950988727,52.99140814595489,4.942081551515678e-06,62.0,1593.5,17608.696509013273,3.1690282176199958e-06,efficiency_opt,efficiency_gflop_per_j,single_configuration,gpu_resident
3090,RTX 3090,GPU,GPU board NVML,3,1024,gpu_resident,-1,0.0001225172497276,0.0411330347415567,335.7088415,17528.010568100657,52.20824725170102,5.039862339240915e-06,65.0,1575.0,17528.010642630616,4.252048935171615e-07,efficiency_opt,efficiency_gflop_per_j,single_configuration,gpu_resident
3090,RTX 3090,GPU,GPU board NVML,4,1024,gpu_resident,-1,0.0001221521401243,0.0404943806791009,331.501936,17580.401340613073,53.031645674934694,4.94656256546926e-06,63.0,1575.0,17580.401363044977,1.2759608924994836e-07,efficiency_opt,efficiency_gflop_per_j,single_configuration,gpu_resident
3090,RTX 3090,GPU,GPU board NVML,5,1024,gpu_resident,-1,0.000122197205156,0.0406902180460185,333.009875,17573.91787527766,52.77641042796352,4.971667723074891e-06,65.0,1590.0,17573.917885951836,6.073872516054735e-08,efficiency_opt,efficiency_gflop_per_j,single_configuration,gpu_resident
3090,RTX 3090,GPU,GPU board NVML,1,2048,gpu_resident,-1,0.0007633280182232,0.2573864844343204,337.199192,22506.535557268828,66.74736329593071,0.0001964649356715,61.0,1672.0,22506.535610737395,2.375690755229698e-07,energy_opt,energy_j,single_configuration,gpu_resident
3090,RTX 3090,GPU,GPU board NVML,2,2048,gpu_resident,-1,0.0007663213740458,0.2585576335877863,337.40095,22418.621959216325,66.44502792514551,0.0001981382353583,64.0,1665.0,22418.62196491116,2.5402258074791462e-08,energy_opt,energy_j,single_configuration,gpu_resident
3090,RTX 3090,GPU,GPU board NVML,3,2048,gpu_resident,-1,0.0007656031866464,0.2575174506828528,336.358858,22439.6521378831,66.71341743421486,0.0001971587218874,63.0,1668.5,22439.652140548733,1.1879119909963265e-08,energy_opt,energy_j,single_configuration,gpu_resident
3090,RTX 3090,GPU,GPU board NVML,4,2048,gpu_resident,-1,0.0007647087155963,0.2590519877675841,338.581104,22465.899542682186,66.31822952624248,0.0001981393248481,63.0,1672.0,22465.89956863947,1.1554082135489807e-07,energy_opt,energy_j,single_configuration,gpu_resident
3090,RTX 3090,GPU,GPU board NVML,5,2048,gpu_resident,-1,0.0007633897727272,0.2570708333333333,336.69583850000004,22504.714888470593,66.82932077994069,0.0001962723268092,63.0,1676.0,22504.71510788993,9.749927309954387e-07,energy_opt,energy_j,single_configuration,gpu_resident
3090,RTX 3090,GPU,GPU board NVML,1,2048,gpu_resident,-1,0.0007633280182232,0.2573864844343204,337.199192,22506.535557268828,66.74736329593071,0.0001964649356715,61.0,1672.0,22506.535610737395,2.375690755229698e-07,runtime_opt,runtime_s,single_configuration,gpu_resident
3090,RTX 3090,GPU,GPU board NVML,2,2048,gpu_resident,-1,0.0007663213740458,0.2585576335877863,337.40095,22418.621959216325,66.44502792514551,0.0001981382353583,64.0,1665.0,22418.62196491116,2.5402258074791462e-08,runtime_opt,runtime_s,single_configuration,gpu_resident
3090,RTX 3090,GPU,GPU board NVML,3,2048,gpu_resident,-1,0.0007656031866464,0.2575174506828528,336.358858,22439.6521378831,66.71341743421486,0.0001971587218874,63.0,1668.5,22439.652140548733,1.1879119909963265e-08,runtime_opt,runtime_s,single_configuration,gpu_resident
3090,RTX 3090,GPU,GPU board NVML,4,2048,gpu_resident,-1,0.0007647087155963,0.2590519877675841,338.581104,22465.899542682186,66.31822952624248,0.0001981393248481,63.0,1672.0,22465.89956863947,1.1554082135489807e-07,runtime_opt,runtime_s,single_configuration,gpu_resident
3090,RTX 3090,GPU,GPU board NVML,5,2048,gpu_resident,-1,0.0007633897727272,0.2570708333333333,336.69583850000004,22504.714888470593,66.82932077994069,0.0001962723268092,63.0,1676.0,22504.71510788993,9.749927309954387e-07,runtime_opt,runtime_s,single_configuration,gpu_resident
3090,RTX 3090,GPU,GPU board NVML,1,2048,gpu_resident,-1,0.0007633280182232,0.2573864844343204,337.199192,22506.535557268828,66.74736329593071,0.0001964649356715,61.0,1672.0,22506.535610737395,2.375690755229698e-07,edp_opt,edp_j_s,single_configuration,gpu_resident
3090,RTX 3090,GPU,GPU board NVML,2,2048,gpu_resident,-1,0.0007663213740458,0.2585576335877863,337.40095,22418.621959216325,66.44502792514551,0.0001981382353583,64.0,1665.0,22418.62196491116,2.5402258074791462e-08,edp_opt,edp_j_s,single_configuration,gpu_resident
3090,RTX 3090,GPU,GPU board NVML,3,2048,gpu_resident,-1,0.0007656031866464,0.2575174506828528,336.358858,22439.6521378831,66.71341743421486,0.0001971587218874,63.0,1668.5,22439.652140548733,1.1879119909963265e-08,edp_opt,edp_j_s,single_configuration,gpu_resident
3090,RTX 3090,GPU,GPU board NVML,4,2048,gpu_resident,-1,0.0007647087155963,0.2590519877675841,338.581104,22465.899542682186,66.31822952624248,0.0001981393248481,63.0,1672.0,22465.89956863947,1.1554082135489807e-07,edp_opt,edp_j_s,single_configuration,gpu_resident
3090,RTX 3090,GPU,GPU board NVML,5,2048,gpu_resident,-1,0.0007633897727272,0.2570708333333333,336.69583850000004,22504.714888470593,66.82932077994069,0.0001962723268092,63.0,1676.0,22504.71510788993,9.749927309954387e-07,edp_opt,edp_j_s,single_configuration,gpu_resident
3090,RTX 3090,GPU,GPU board NVML,1,2048,gpu_resident,-1,0.0007633280182232,0.2573864844343204,337.199192,22506.535557268828,66.74736329593071,0.0001964649356715,61.0,1672.0,22506.535610737395,2.375690755229698e-07,throughput_opt,throughput_gflops,single_configuration,gpu_resident
3090,RTX 3090,GPU,GPU board NVML,2,2048,gpu_resident,-1,0.0007663213740458,0.2585576335877863,337.40095,22418.621959216325,66.44502792514551,0.0001981382353583,64.0,1665.0,22418.62196491116,2.5402258074791462e-08,throughput_opt,throughput_gflops,single_configuration,gpu_resident
3090,RTX 3090,GPU,GPU board NVML,3,2048,gpu_resident,-1,0.0007656031866464,0.2575174506828528,336.358858,22439.6521378831,66.71341743421486,0.0001971587218874,63.0,1668.5,22439.652140548733,1.1879119909963265e-08,throughput_opt,throughput_gflops,single_configuration,gpu_resident
3090,RTX 3090,GPU,GPU board NVML,4,2048,gpu_resident,-1,0.0007647087155963,0.2590519877675841,338.581104,22465.899542682186,66.31822952624248,0.0001981393248481,63.0,1672.0,22465.89956863947,1.1554082135489807e-07,throughput_opt,throughput_gflops,single_configuration,gpu_resident
3090,RTX 3090,GPU,GPU board NVML,5,2048,gpu_resident,-1,0.0007633897727272,0.2570708333333333,336.69583850000004,22504.714888470593,66.82932077994069,0.0001962723268092,63.0,1676.0,22504.71510788993,9.749927309954387e-07,throughput_opt,throughput_gflops,single_configuration,gpu_resident
3090,RTX 3090,GPU,GPU board NVML,1,2048,gpu_resident,-1,0.0007633280182232,0.2573864844343204,337.199192,22506.535557268828,66.74736329593071,0.0001964649356715,61.0,1672.0,22506.535610737395,2.375690755229698e-07,efficiency_opt,efficiency_gflop_per_j,single_configuration,gpu_resident
3090,RTX 3090,GPU,GPU board NVML,2,2048,gpu_resident,-1,0.0007663213740458,0.2585576335877863,337.40095,22418.621959216325,66.44502792514551,0.0001981382353583,64.0,1665.0,22418.62196491116,2.5402258074791462e-08,efficiency_opt,efficiency_gflop_per_j,single_configuration,gpu_resident
3090,RTX 3090,GPU,GPU board NVML,3,2048,gpu_resident,-1,0.0007656031866464,0.2575174506828528,336.358858,22439.6521378831,66.71341743421486,0.0001971587218874,63.0,1668.5,22439.652140548733,1.1879119909963265e-08,efficiency_opt,efficiency_gflop_per_j,single_configuration,gpu_resident
3090,RTX 3090,GPU,GPU board NVML,4,2048,gpu_resident,-1,0.0007647087155963,0.2590519877675841,338.581104,22465.899542682186,66.31822952624248,0.0001981393248481,63.0,1672.0,22465.89956863947,1.1554082135489807e-07,efficiency_opt,efficiency_gflop_per_j,single_configuration,gpu_resident
3090,RTX 3090,GPU,GPU board NVML,5,2048,gpu_resident,-1,0.0007633897727272,0.2570708333333333,336.69583850000004,22504.714888470593,66.82932077994069,0.0001962723268092,63.0,1676.0,22504.71510788993,9.749927309954387e-07,efficiency_opt,efficiency_gflop_per_j,single_configuration,gpu_resident
3090,RTX 3090,GPU,GPU board NVML,1,4096,gpu_resident,-1,0.0055567777777777,1.7928916666666668,322.473992,24733.570239507655,76.65770109106796,0.0099681464562962,61.0,1672.0,24733.59616315498,0.0001048115863433452,energy_opt,energy_j,single_configuration,gpu_resident
3090,RTX 3090,GPU,GPU board NVML,2,4096,gpu_resident,-1,0.0055515994475138,1.7959088397790053,323.44407950000004,24756.640815206858,76.52891417857963,0.0099717026841061,63.0,1680.0,24756.64081536005,6.187939050050772e-10,energy_opt,energy_j,single_configuration,gpu_resident
3090,RTX 3090,GPU,GPU board NVML,3,4096,gpu_resident,-1,0.0055629916666666,1.8130888888888888,325.87303,24705.942720628733,75.8037591616517,0.0100870261435648,65.0,1680.0,24705.94279928528,3.1837095182396524e-07,energy_opt,energy_j,single_configuration,gpu_resident
3090,RTX 3090,GPU,GPU board NVML,4,4096,gpu_resident,-1,0.0055562472222222,1.8068722222222224,325.164138,24735.93200142592,76.06456714629638,0.0100404290886111,64.0,1680.0,24735.932006625266,2.101940843601824e-08,energy_opt,energy_j,single_configuration,gpu_resident
3090,RTX 3090,GPU,GPU board NVML,5,4096,gpu_resident,-1,0.0055470552486187,1.798779005524862,324.218193,24776.921684027642,76.40680319809323,0.009979714305943,62.5,1680.0,24776.921697029586,5.2476023526537574e-08,energy_opt,energy_j,single_configuration,gpu_resident
3090,RTX 3090,GPU,GPU board NVML,1,4096,gpu_resident,-1,0.0055567777777777,1.7928916666666668,322.473992,24733.570239507655,76.65770109106796,0.0099681464562962,61.0,1672.0,24733.59616315498,0.0001048115863433452,runtime_opt,runtime_s,single_configuration,gpu_resident
3090,RTX 3090,GPU,GPU board NVML,2,4096,gpu_resident,-1,0.0055515994475138,1.7959088397790053,323.44407950000004,24756.640815206858,76.52891417857963,0.0099717026841061,63.0,1680.0,24756.64081536005,6.187939050050772e-10,runtime_opt,runtime_s,single_configuration,gpu_resident
3090,RTX 3090,GPU,GPU board NVML,3,4096,gpu_resident,-1,0.0055629916666666,1.8130888888888888,325.87303,24705.942720628733,75.8037591616517,0.0100870261435648,65.0,1680.0,24705.94279928528,3.1837095182396524e-07,runtime_opt,runtime_s,single_configuration,gpu_resident
3090,RTX 3090,GPU,GPU board NVML,4,4096,gpu_resident,-1,0.0055562472222222,1.8068722222222224,325.164138,24735.93200142592,76.06456714629638,0.0100404290886111,64.0,1680.0,24735.932006625266,2.101940843601824e-08,runtime_opt,runtime_s,single_configuration,gpu_resident
3090,RTX 3090,GPU,GPU board NVML,5,4096,gpu_resident,-1,0.0055470552486187,1.798779005524862,324.218193,24776.921684027642,76.40680319809323,0.009979714305943,62.5,1680.0,24776.921697029586,5.2476023526537574e-08,runtime_opt,runtime_s,single_configuration,gpu_resident
3090,RTX 3090,GPU,GPU board NVML,1,4096,gpu_resident,-1,0.0055567777777777,1.7928916666666668,322.473992,24733.570239507655,76.65770109106796,0.0099681464562962,61.0,1672.0,24733.59616315498,0.0001048115863433452,edp_opt,edp_j_s,single_configuration,gpu_resident
3090,RTX 3090,GPU,GPU board NVML,2,4096,gpu_resident,-1,0.0055515994475138,1.7959088397790053,323.44407950000004,24756.640815206858,76.52891417857963,0.0099717026841061,63.0,1680.0,24756.64081536005,6.187939050050772e-10,edp_opt,edp_j_s,single_configuration,gpu_resident
3090,RTX 3090,GPU,GPU board NVML,3,4096,gpu_resident,-1,0.0055629916666666,1.8130888888888888,325.87303,24705.942720628733,75.8037591616517,0.0100870261435648,65.0,1680.0,24705.94279928528,3.1837095182396524e-07,edp_opt,edp_j_s,single_configuration,gpu_resident
3090,RTX 3090,GPU,GPU board NVML,4,4096,gpu_resident,-1,0.0055562472222222,1.8068722222222224,325.164138,24735.93200142592,76.06456714629638,0.0100404290886111,64.0,1680.0,24735.932006625266,2.101940843601824e-08,edp_opt,edp_j_s,single_configuration,gpu_resident
3090,RTX 3090,GPU,GPU board NVML,5,4096,gpu_resident,-1,0.0055470552486187,1.798779005524862,324.218193,24776.921684027642,76.40680319809323,0.009979714305943,62.5,1680.0,24776.921697029586,5.2476023526537574e-08,edp_opt,edp_j_s,single_configuration,gpu_resident
3090,RTX 3090,GPU,GPU board NVML,1,4096,gpu_resident,-1,0.0055567777777777,1.7928916666666668,322.473992,24733.570239507655,76.65770109106796,0.0099681464562962,61.0,1672.0,24733.59616315498,0.0001048115863433452,throughput_opt,throughput_gflops,single_configuration,gpu_resident
3090,RTX 3090,GPU,GPU board NVML,2,4096,gpu_resident,-1,0.0055515994475138,1.7959088397790053,323.44407950000004,24756.640815206858,76.52891417857963,0.0099717026841061,63.0,1680.0,24756.64081536005,6.187939050050772e-10,throughput_opt,throughput_gflops,single_configuration,gpu_resident
3090,RTX 3090,GPU,GPU board NVML,3,4096,gpu_resident,-1,0.0055629916666666,1.8130888888888888,325.87303,24705.942720628733,75.8037591616517,0.0100870261435648,65.0,1680.0,24705.94279928528,3.1837095182396524e-07,throughput_opt,throughput_gflops,single_configuration,gpu_resident
3090,RTX 3090,GPU,GPU board NVML,4,4096,gpu_resident,-1,0.0055562472222222,1.8068722222222224,325.164138,24735.93200142592,76.06456714629638,0.0100404290886111,64.0,1680.0,24735.932006625266,2.101940843601824e-08,throughput_opt,throughput_gflops,single_configuration,gpu_resident
3090,RTX 3090,GPU,GPU board NVML,5,4096,gpu_resident,-1,0.0055470552486187,1.798779005524862,324.218193,24776.921684027642,76.40680319809323,0.009979714305943,62.5,1680.0,24776.921697029586,5.2476023526537574e-08,throughput_opt,throughput_gflops,single_configuration,gpu_resident
3090,RTX 3090,GPU,GPU board NVML,1,4096,gpu_resident,-1,0.0055567777777777,1.7928916666666668,322.473992,24733.570239507655,76.65770109106796,0.0099681464562962,61.0,1672.0,24733.59616315498,0.0001048115863433452,efficiency_opt,efficiency_gflop_per_j,single_configuration,gpu_resident
3090,RTX 3090,GPU,GPU board NVML,2,4096,gpu_resident,-1,0.0055515994475138,1.7959088397790053,323.44407950000004,24756.640815206858,76.52891417857963,0.0099717026841061,63.0,1680.0,24756.64081536005,6.187939050050772e-10,efficiency_opt,efficiency_gflop_per_j,single_configuration,gpu_resident
3090,RTX 3090,GPU,GPU board NVML,3,4096,gpu_resident,-1,0.0055629916666666,1.8130888888888888,325.87303,24705.942720628733,75.8037591616517,0.0100870261435648,65.0,1680.0,24705.94279928528,3.1837095182396524e-07,efficiency_opt,efficiency_gflop_per_j,single_configuration,gpu_resident
3090,RTX 3090,GPU,GPU board NVML,4,4096,gpu_resident,-1,0.0055562472222222,1.8068722222222224,325.164138,24735.93200142592,76.06456714629638,0.0100404290886111,64.0,1680.0,24735.932006625266,2.101940843601824e-08,efficiency_opt,efficiency_gflop_per_j,single_configuration,gpu_resident
3090,RTX 3090,GPU,GPU board NVML,5,4096,gpu_resident,-1,0.0055470552486187,1.798779005524862,324.218193,24776.921684027642,76.40680319809323,0.009979714305943,62.5,1680.0,24776.921697029586,5.2476023526537574e-08,efficiency_opt,efficiency_gflop_per_j,single_configuration,gpu_resident
3090,RTX 3090,GPU,GPU board NVML,1,8192,gpu_resident,-1,0.041750125,13.693625,327.8230615,26335.52900203293,80.29368613321891,0.572001785139757,60.5,1605.0,26335.52920516072,7.713070404591349e-07,energy_opt,energy_j,single_configuration,gpu_resident
3090,RTX 3090,GPU,GPU board NVML,2,8192,gpu_resident,-1,0.0418021458333333,13.703958333333333,327.740274,26302.755656606565,80.23314147866037,0.5730101654036458,63.0,1605.0,26302.75600522116,1.3253919073363818e-06,energy_opt,energy_j,single_configuration,gpu_resident
3090,RTX 3090,GPU,GPU board NVML,3,8192,gpu_resident,-1,0.041721375,13.5970625,325.632354,26353.67668913117,80.86390922862935,0.5680459060321179,61.0,1605.0,26353.67671604661,1.021316364813174e-07,energy_opt,energy_j,single_configuration,gpu_resident
3090,RTX 3090,GPU,GPU board NVML,4,8192,gpu_resident,-1,0.041805375,13.599875,325.244533,26300.72395657257,80.84718629957996,0.5684647558940973,62.0,1605.0,26300.724021888786,2.4834378997695694e-07,energy_opt,energy_j,single_configuration,gpu_resident
3090,RTX 3090,GPU,GPU board NVML,5,8192,gpu_resident,-1,0.0417089166666666,13.750395833333332,328.7049165,26361.54845648916,79.96218007852502,0.5733642549149305,63.0,1605.0,26361.54862909701,6.547713038429492e-07,energy_opt,energy_j,single_configuration,gpu_resident
3090,RTX 3090,GPU,GPU board NVML,1,8192,gpu_resident,-1,0.041750125,13.693625,327.8230615,26335.52900203293,80.29368613321891,0.572001785139757,60.5,1605.0,26335.52920516072,7.713070404591349e-07,runtime_opt,runtime_s,single_configuration,gpu_resident
3090,RTX 3090,GPU,GPU board NVML,2,8192,gpu_resident,-1,0.0418021458333333,13.703958333333333,327.740274,26302.755656606565,80.23314147866037,0.5730101654036458,63.0,1605.0,26302.75600522116,1.3253919073363818e-06,runtime_opt,runtime_s,single_configuration,gpu_resident
3090,RTX 3090,GPU,GPU board NVML,3,8192,gpu_resident,-1,0.041721375,13.5970625,325.632354,26353.67668913117,80.86390922862935,0.5680459060321179,61.0,1605.0,26353.67671604661,1.021316364813174e-07,runtime_opt,runtime_s,single_configuration,gpu_resident
3090,RTX 3090,GPU,GPU board NVML,4,8192,gpu_resident,-1,0.041805375,13.599875,325.244533,26300.72395657257,80.84718629957996,0.5684647558940973,62.0,1605.0,26300.724021888786,2.4834378997695694e-07,runtime_opt,runtime_s,single_configuration,gpu_resident
3090,RTX 3090,GPU,GPU board NVML,5,8192,gpu_resident,-1,0.0417089166666666,13.750395833333332,328.7049165,26361.54845648916,79.96218007852502,0.5733642549149305,63.0,1605.0,26361.54862909701,6.547713038429492e-07,runtime_opt,runtime_s,single_configuration,gpu_resident
3090,RTX 3090,GPU,GPU board NVML,1,8192,gpu_resident,-1,0.041750125,13.693625,327.8230615,26335.52900203293,80.29368613321891,0.572001785139757,60.5,1605.0,26335.52920516072,7.713070404591349e-07,edp_opt,edp_j_s,single_configuration,gpu_resident
3090,RTX 3090,GPU,GPU board NVML,2,8192,gpu_resident,-1,0.0418021458333333,13.703958333333333,327.740274,26302.755656606565,80.23314147866037,0.5730101654036458,63.0,1605.0,26302.75600522116,1.3253919073363818e-06,edp_opt,edp_j_s,single_configuration,gpu_resident
3090,RTX 3090,GPU,GPU board NVML,3,8192,gpu_resident,-1,0.041721375,13.5970625,325.632354,26353.67668913117,80.86390922862935,0.5680459060321179,61.0,1605.0,26353.67671604661,1.021316364813174e-07,edp_opt,edp_j_s,single_configuration,gpu_resident
3090,RTX 3090,GPU,GPU board NVML,4,8192,gpu_resident,-1,0.041805375,13.599875,325.244533,26300.72395657257,80.84718629957996,0.5684647558940973,62.0,1605.0,26300.724021888786,2.4834378997695694e-07,edp_opt,edp_j_s,single_configuration,gpu_resident
3090,RTX 3090,GPU,GPU board NVML,5,8192,gpu_resident,-1,0.0417089166666666,13.750395833333332,328.7049165,26361.54845648916,79.96218007852502,0.5733642549149305,63.0,1605.0,26361.54862909701,6.547713038429492e-07,edp_opt,edp_j_s,single_configuration,gpu_resident
3090,RTX 3090,GPU,GPU board NVML,1,8192,gpu_resident,-1,0.041750125,13.693625,327.8230615,26335.52900203293,80.29368613321891,0.572001785139757,60.5,1605.0,26335.52920516072,7.713070404591349e-07,throughput_opt,throughput_gflops,single_configuration,gpu_resident
3090,RTX 3090,GPU,GPU board NVML,2,8192,gpu_resident,-1,0.0418021458333333,13.703958333333333,327.740274,26302.755656606565,80.23314147866037,0.5730101654036458,63.0,1605.0,26302.75600522116,1.3253919073363818e-06,throughput_opt,throughput_gflops,single_configuration,gpu_resident
3090,RTX 3090,GPU,GPU board NVML,3,8192,gpu_resident,-1,0.041721375,13.5970625,325.632354,26353.67668913117,80.86390922862935,0.5680459060321179,61.0,1605.0,26353.67671604661,1.021316364813174e-07,throughput_opt,throughput_gflops,single_configuration,gpu_resident
3090,RTX 3090,GPU,GPU board NVML,4,8192,gpu_resident,-1,0.041805375,13.599875,325.244533,26300.72395657257,80.84718629957996,0.5684647558940973,62.0,1605.0,26300.724021888786,2.4834378997695694e-07,throughput_opt,throughput_gflops,single_configuration,gpu_resident
3090,RTX 3090,GPU,GPU board NVML,5,8192,gpu_resident,-1,0.0417089166666666,13.750395833333332,328.7049165,26361.54845648916,79.96218007852502,0.5733642549149305,63.0,1605.0,26361.54862909701,6.547713038429492e-07,throughput_opt,throughput_gflops,single_configuration,gpu_resident
3090,RTX 3090,GPU,GPU board NVML,1,8192,gpu_resident,-1,0.041750125,13.693625,327.8230615,26335.52900203293,80.29368613321891,0.572001785139757,60.5,1605.0,26335.52920516072,7.713070404591349e-07,efficiency_opt,efficiency_gflop_per_j,single_configuration,gpu_resident
3090,RTX 3090,GPU,GPU board NVML,2,8192,gpu_resident,-1,0.0418021458333333,13.703958333333333,327.740274,26302.755656606565,80.23314147866037,0.5730101654036458,63.0,1605.0,26302.75600522116,1.3253919073363818e-06,efficiency_opt,efficiency_gflop_per_j,single_configuration,gpu_resident
3090,RTX 3090,GPU,GPU board NVML,3,8192,gpu_resident,-1,0.041721375,13.5970625,325.632354,26353.67668913117,80.86390922862935,0.5680459060321179,61.0,1605.0,26353.67671604661,1.021316364813174e-07,efficiency_opt,efficiency_gflop_per_j,single_configuration,gpu_resident
3090,RTX 3090,GPU,GPU board NVML,4,8192,gpu_resident,-1,0.041805375,13.599875,325.244533,26300.72395657257,80.84718629957996,0.5684647558940973,62.0,1605.0,26300.724021888786,2.4834378997695694e-07,efficiency_opt,efficiency_gflop_per_j,single_configuration,gpu_resident
3090,RTX 3090,GPU,GPU board NVML,5,8192,gpu_resident,-1,0.0417089166666666,13.750395833333332,328.7049165,26361.54845648916,79.96218007852502,0.5733642549149305,63.0,1605.0,26361.54862909701,6.547713038429492e-07,efficiency_opt,efficiency_gflop_per_j,single_configuration,gpu_resident
3090,RTX 3090,GPU,GPU board NVML,1,16384,gpu_resident,-1,0.3327878333333333,114.07783333333332,342.809217,26431.534272460885,77.1060666668342,37.98328352122222,63.0,1597.0,26431.534382783462,4.1738998923790405e-07,energy_opt,energy_j,single_configuration,gpu_resident
3090,RTX 3090,GPU,GPU board NVML,2,16384,gpu_resident,-1,0.332657375,112.3175,337.5546245,26441.89993445358,78.3145371131658,37.3724433290625,62.0,1582.0,26441.903856982608,1.4834520345452518e-05,energy_opt,energy_j,single_configuration,gpu_resident
3090,RTX 3090,GPU,GPU board NVML,3,16384,gpu_resident,-1,0.333162875,111.708625,335.252932,26401.780277013157,78.74139550288083,37.24682131112501,64.0,1597.0,26401.78042124876,5.463101526714809e-07,energy_opt,energy_j,single_configuration,gpu_resident
3090,RTX 3090,GPU,GPU board NVML,4,16384,gpu_resident,-1,0.33255825,111.51975,335.95082449999995,26449.78142087288,78.8747555675833,37.1108144101875,62.0,1597.0,26449.781544652586,4.679800547080504e-07,energy_opt,energy_j,single_configuration,gpu_resident
3090,RTX 3090,GPU,GPU board NVML,5,16384,gpu_resident,-1,0.332510375,111.2755,334.836341,26453.5896728275,79.04788585275286,36.979984387656245,64.0,1593.5,26453.59009740214,1.6049793050143535e-06,energy_opt,energy_j,single_configuration,gpu_resident
3090,RTX 3090,GPU,GPU board NVML,1,16384,gpu_resident,-1,0.3327878333333333,114.07783333333332,342.809217,26431.534272460885,77.1060666668342,37.98328352122222,63.0,1597.0,26431.534382783462,4.1738998923790405e-07,runtime_opt,runtime_s,single_configuration,gpu_resident
3090,RTX 3090,GPU,GPU board NVML,2,16384,gpu_resident,-1,0.332657375,112.3175,337.5546245,26441.89993445358,78.3145371131658,37.3724433290625,62.0,1582.0,26441.903856982608,1.4834520345452518e-05,runtime_opt,runtime_s,single_configuration,gpu_resident
3090,RTX 3090,GPU,GPU board NVML,3,16384,gpu_resident,-1,0.333162875,111.708625,335.252932,26401.780277013157,78.74139550288083,37.24682131112501,64.0,1597.0,26401.78042124876,5.463101526714809e-07,runtime_opt,runtime_s,single_configuration,gpu_resident
3090,RTX 3090,GPU,GPU board NVML,4,16384,gpu_resident,-1,0.33255825,111.51975,335.95082449999995,26449.78142087288,78.8747555675833,37.1108144101875,62.0,1597.0,26449.781544652586,4.679800547080504e-07,runtime_opt,runtime_s,single_configuration,gpu_resident
3090,RTX 3090,GPU,GPU board NVML,5,16384,gpu_resident,-1,0.332510375,111.2755,334.836341,26453.5896728275,79.04788585275286,36.979984387656245,64.0,1593.5,26453.59009740214,1.6049793050143535e-06,runtime_opt,runtime_s,single_configuration,gpu_resident
3090,RTX 3090,GPU,GPU board NVML,1,16384,gpu_resident,-1,0.3327878333333333,114.07783333333332,342.809217,26431.534272460885,77.1060666668342,37.98328352122222,63.0,1597.0,26431.534382783462,4.1738998923790405e-07,edp_opt,edp_j_s,single_configuration,gpu_resident
3090,RTX 3090,GPU,GPU board NVML,2,16384,gpu_resident,-1,0.332657375,112.3175,337.5546245,26441.89993445358,78.3145371131658,37.3724433290625,62.0,1582.0,26441.903856982608,1.4834520345452518e-05,edp_opt,edp_j_s,single_configuration,gpu_resident
3090,RTX 3090,GPU,GPU board NVML,3,16384,gpu_resident,-1,0.333162875,111.708625,335.252932,26401.780277013157,78.74139550288083,37.24682131112501,64.0,1597.0,26401.78042124876,5.463101526714809e-07,edp_opt,edp_j_s,single_configuration,gpu_resident
3090,RTX 3090,GPU,GPU board NVML,4,16384,gpu_resident,-1,0.33255825,111.51975,335.95082449999995,26449.78142087288,78.8747555675833,37.1108144101875,62.0,1597.0,26449.781544652586,4.679800547080504e-07,edp_opt,edp_j_s,single_configuration,gpu_resident
3090,RTX 3090,GPU,GPU board NVML,5,16384,gpu_resident,-1,0.332510375,111.2755,334.836341,26453.5896728275,79.04788585275286,36.979984387656245,64.0,1593.5,26453.59009740214,1.6049793050143535e-06,edp_opt,edp_j_s,single_configuration,gpu_resident
3090,RTX 3090,GPU,GPU board NVML,1,16384,gpu_resident,-1,0.3327878333333333,114.07783333333332,342.809217,26431.534272460885,77.1060666668342,37.98328352122222,63.0,1597.0,26431.534382783462,4.1738998923790405e-07,throughput_opt,throughput_gflops,single_configuration,gpu_resident
3090,RTX 3090,GPU,GPU board NVML,2,16384,gpu_resident,-1,0.332657375,112.3175,337.5546245,26441.89993445358,78.3145371131658,37.3724433290625,62.0,1582.0,26441.903856982608,1.4834520345452518e-05,throughput_opt,throughput_gflops,single_configuration,gpu_resident
3090,RTX 3090,GPU,GPU board NVML,3,16384,gpu_resident,-1,0.333162875,111.708625,335.252932,26401.780277013157,78.74139550288083,37.24682131112501,64.0,1597.0,26401.78042124876,5.463101526714809e-07,throughput_opt,throughput_gflops,single_configuration,gpu_resident
3090,RTX 3090,GPU,GPU board NVML,4,16384,gpu_resident,-1,0.33255825,111.51975,335.95082449999995,26449.78142087288,78.8747555675833,37.1108144101875,62.0,1597.0,26449.781544652586,4.679800547080504e-07,throughput_opt,throughput_gflops,single_configuration,gpu_resident
3090,RTX 3090,GPU,GPU board NVML,5,16384,gpu_resident,-1,0.332510375,111.2755,334.836341,26453.5896728275,79.04788585275286,36.979984387656245,64.0,1593.5,26453.59009740214,1.6049793050143535e-06,throughput_opt,throughput_gflops,single_configuration,gpu_resident
3090,RTX 3090,GPU,GPU board NVML,1,16384,gpu_resident,-1,0.3327878333333333,114.07783333333332,342.809217,26431.534272460885,77.1060666668342,37.98328352122222,63.0,1597.0,26431.534382783462,4.1738998923790405e-07,efficiency_opt,efficiency_gflop_per_j,single_configuration,gpu_resident
3090,RTX 3090,GPU,GPU board NVML,2,16384,gpu_resident,-1,0.332657375,112.3175,337.5546245,26441.89993445358,78.3145371131658,37.3724433290625,62.0,1582.0,26441.903856982608,1.4834520345452518e-05,efficiency_opt,efficiency_gflop_per_j,single_configuration,gpu_resident
3090,RTX 3090,GPU,GPU board NVML,3,16384,gpu_resident,-1,0.333162875,111.708625,335.252932,26401.780277013157,78.74139550288083,37.24682131112501,64.0,1597.0,26401.78042124876,5.463101526714809e-07,efficiency_opt,efficiency_gflop_per_j,single_configuration,gpu_resident
3090,RTX 3090,GPU,GPU board NVML,4,16384,gpu_resident,-1,0.33255825,111.51975,335.95082449999995,26449.78142087288,78.8747555675833,37.1108144101875,62.0,1597.0,26449.781544652586,4.679800547080504e-07,efficiency_opt,efficiency_gflop_per_j,single_configuration,gpu_resident
3090,RTX 3090,GPU,GPU board NVML,5,16384,gpu_resident,-1,0.332510375,111.2755,334.836341,26453.5896728275,79.04788585275286,36.979984387656245,64.0,1593.5,26453.59009740214,1.6049793050143535e-06,efficiency_opt,efficiency_gflop_per_j,single_configuration,gpu_resident
5060ti,RTX 5060 Ti,GPU,GPU board NVML,1,64,gpu_resident,-1,9.745628561687204e-06,0.0003328917247089,34.146522,53.797248343849574,1.5749505352182247,3.245336509715089e-09,48.0,2797.0,53.797249124316025,1.450755338083809e-06,energy_opt,energy_j,single_configuration,gpu_resident
5060ti,RTX 5060 Ti,GPU,GPU board NVML,2,64,gpu_resident,-1,9.841122870342216e-06,0.000328479789707,33.4394035,53.27522142620788,1.5961042853432734,3.235826667882598e-09,48.0,2797.0,53.275260749583175,7.381175384235661e-05,energy_opt,energy_j,single_configuration,gpu_resident
5060ti,RTX 5060 Ti,GPU,GPU board NVML,3,64,gpu_resident,-1,9.859147042353149e-06,0.00032838672915,33.318714,53.17782539886581,1.5965566006795497,3.2365547994416223e-09,47.0,2797.0,53.177825440264186,7.784894950901844e-08,energy_opt,energy_j,single_configuration,gpu_resident
5060ti,RTX 5060 Ti,GPU,GPU board NVML,4,64,gpu_resident,-1,9.824193706499364e-06,0.0003301833153612,33.572706,53.36702590189648,1.587869451932971,3.241224180560288e-09,47.0,2797.0,53.36702678614248,1.6569145167011357e-06,energy_opt,energy_j,single_configuration,gpu_resident
5060ti,RTX 5060 Ti,GPU,GPU board NVML,5,64,gpu_resident,-1,9.817174014917796e-06,0.0003306468934275,33.6804705,53.40518556595945,1.5856432055514205,3.246018511873912e-09,49.0,2797.0,53.40521002444275,4.579795584991331e-05,energy_opt,energy_j,single_configuration,gpu_resident
5060ti,RTX 5060 Ti,GPU,GPU board NVML,1,64,gpu_resident,-1,9.745628561687204e-06,0.0003328917247089,34.146522,53.797248343849574,1.5749505352182247,3.245336509715089e-09,48.0,2797.0,53.797249124316025,1.450755338083809e-06,runtime_opt,runtime_s,single_configuration,gpu_resident
5060ti,RTX 5060 Ti,GPU,GPU board NVML,2,64,gpu_resident,-1,9.841122870342216e-06,0.000328479789707,33.4394035,53.27522142620788,1.5961042853432734,3.235826667882598e-09,48.0,2797.0,53.275260749583175,7.381175384235661e-05,runtime_opt,runtime_s,single_configuration,gpu_resident
5060ti,RTX 5060 Ti,GPU,GPU board NVML,3,64,gpu_resident,-1,9.859147042353149e-06,0.00032838672915,33.318714,53.17782539886581,1.5965566006795497,3.2365547994416223e-09,47.0,2797.0,53.177825440264186,7.784894950901844e-08,runtime_opt,runtime_s,single_configuration,gpu_resident
5060ti,RTX 5060 Ti,GPU,GPU board NVML,4,64,gpu_resident,-1,9.824193706499364e-06,0.0003301833153612,33.572706,53.36702590189648,1.587869451932971,3.241224180560288e-09,47.0,2797.0,53.36702678614248,1.6569145167011357e-06,runtime_opt,runtime_s,single_configuration,gpu_resident
5060ti,RTX 5060 Ti,GPU,GPU board NVML,5,64,gpu_resident,-1,9.817174014917796e-06,0.0003306468934275,33.6804705,53.40518556595945,1.5856432055514205,3.246018511873912e-09,49.0,2797.0,53.40521002444275,4.579795584991331e-05,runtime_opt,runtime_s,single_configuration,gpu_resident
5060ti,RTX 5060 Ti,GPU,GPU board NVML,1,64,gpu_resident,-1,9.745628561687204e-06,0.0003328917247089,34.146522,53.797248343849574,1.5749505352182247,3.245336509715089e-09,48.0,2797.0,53.797249124316025,1.450755338083809e-06,edp_opt,edp_j_s,single_configuration,gpu_resident
5060ti,RTX 5060 Ti,GPU,GPU board NVML,2,64,gpu_resident,-1,9.841122870342216e-06,0.000328479789707,33.4394035,53.27522142620788,1.5961042853432734,3.235826667882598e-09,48.0,2797.0,53.275260749583175,7.381175384235661e-05,edp_opt,edp_j_s,single_configuration,gpu_resident
5060ti,RTX 5060 Ti,GPU,GPU board NVML,3,64,gpu_resident,-1,9.859147042353149e-06,0.00032838672915,33.318714,53.17782539886581,1.5965566006795497,3.2365547994416223e-09,47.0,2797.0,53.177825440264186,7.784894950901844e-08,edp_opt,edp_j_s,single_configuration,gpu_resident
5060ti,RTX 5060 Ti,GPU,GPU board NVML,4,64,gpu_resident,-1,9.824193706499364e-06,0.0003301833153612,33.572706,53.36702590189648,1.587869451932971,3.241224180560288e-09,47.0,2797.0,53.36702678614248,1.6569145167011357e-06,edp_opt,edp_j_s,single_configuration,gpu_resident
5060ti,RTX 5060 Ti,GPU,GPU board NVML,5,64,gpu_resident,-1,9.817174014917796e-06,0.0003306468934275,33.6804705,53.40518556595945,1.5856432055514205,3.246018511873912e-09,49.0,2797.0,53.40521002444275,4.579795584991331e-05,edp_opt,edp_j_s,single_configuration,gpu_resident
5060ti,RTX 5060 Ti,GPU,GPU board NVML,1,64,gpu_resident,-1,9.745628561687204e-06,0.0003328917247089,34.146522,53.797248343849574,1.5749505352182247,3.245336509715089e-09,48.0,2797.0,53.797249124316025,1.450755338083809e-06,throughput_opt,throughput_gflops,single_configuration,gpu_resident
5060ti,RTX 5060 Ti,GPU,GPU board NVML,2,64,gpu_resident,-1,9.841122870342216e-06,0.000328479789707,33.4394035,53.27522142620788,1.5961042853432734,3.235826667882598e-09,48.0,2797.0,53.275260749583175,7.381175384235661e-05,throughput_opt,throughput_gflops,single_configuration,gpu_resident
5060ti,RTX 5060 Ti,GPU,GPU board NVML,3,64,gpu_resident,-1,9.859147042353149e-06,0.00032838672915,33.318714,53.17782539886581,1.5965566006795497,3.2365547994416223e-09,47.0,2797.0,53.177825440264186,7.784894950901844e-08,throughput_opt,throughput_gflops,single_configuration,gpu_resident
5060ti,RTX 5060 Ti,GPU,GPU board NVML,4,64,gpu_resident,-1,9.824193706499364e-06,0.0003301833153612,33.572706,53.36702590189648,1.587869451932971,3.241224180560288e-09,47.0,2797.0,53.36702678614248,1.6569145167011357e-06,throughput_opt,throughput_gflops,single_configuration,gpu_resident
5060ti,RTX 5060 Ti,GPU,GPU board NVML,5,64,gpu_resident,-1,9.817174014917796e-06,0.0003306468934275,33.6804705,53.40518556595945,1.5856432055514205,3.246018511873912e-09,49.0,2797.0,53.40521002444275,4.579795584991331e-05,throughput_opt,throughput_gflops,single_configuration,gpu_resident
5060ti,RTX 5060 Ti,GPU,GPU board NVML,1,64,gpu_resident,-1,9.745628561687204e-06,0.0003328917247089,34.146522,53.797248343849574,1.5749505352182247,3.245336509715089e-09,48.0,2797.0,53.797249124316025,1.450755338083809e-06,efficiency_opt,efficiency_gflop_per_j,single_configuration,gpu_resident
5060ti,RTX 5060 Ti,GPU,GPU board NVML,2,64,gpu_resident,-1,9.841122870342216e-06,0.000328479789707,33.4394035,53.27522142620788,1.5961042853432734,3.235826667882598e-09,48.0,2797.0,53.275260749583175,7.381175384235661e-05,efficiency_opt,efficiency_gflop_per_j,single_configuration,gpu_resident
5060ti,RTX 5060 Ti,GPU,GPU board NVML,3,64,gpu_resident,-1,9.859147042353149e-06,0.00032838672915,33.318714,53.17782539886581,1.5965566006795497,3.2365547994416223e-09,47.0,2797.0,53.177825440264186,7.784894950901844e-08,efficiency_opt,efficiency_gflop_per_j,single_configuration,gpu_resident
5060ti,RTX 5060 Ti,GPU,GPU board NVML,4,64,gpu_resident,-1,9.824193706499364e-06,0.0003301833153612,33.572706,53.36702590189648,1.587869451932971,3.241224180560288e-09,47.0,2797.0,53.36702678614248,1.6569145167011357e-06,efficiency_opt,efficiency_gflop_per_j,single_configuration,gpu_resident
5060ti,RTX 5060 Ti,GPU,GPU board NVML,5,64,gpu_resident,-1,9.817174014917796e-06,0.0003306468934275,33.6804705,53.40518556595945,1.5856432055514205,3.246018511873912e-09,49.0,2797.0,53.40521002444275,4.579795584991331e-05,efficiency_opt,efficiency_gflop_per_j,single_configuration,gpu_resident
5060ti,RTX 5060 Ti,GPU,GPU board NVML,1,128,gpu_resident,-1,9.768276010234174e-06,0.0004304749907228,44.1777745,429.38016857894354,9.743432465048544,4.194613587808226e-09,50.0,2790.0,429.38018786578016,4.491785610127863e-06,energy_opt,energy_j,single_configuration,gpu_resident
5060ti,RTX 5060 Ti,GPU,GPU board NVML,2,128,gpu_resident,-1,9.844514270493175e-06,0.0004243214979824,43.096408,426.054946415338,9.884731317982789,4.177338209321127e-09,51.0,2788.0,426.0549494704808,7.170771754161365e-07,energy_opt,energy_j,single_configuration,gpu_resident
5060ti,RTX 5060 Ti,GPU,GPU board NVML,3,128,gpu_resident,-1,9.852779058248905e-06,0.0004190262752675,42.5344305,425.6975595619858,10.009644376888824,4.134026292109671e-09,49.0,2790.0,425.6976174660466,1.3602159443237838e-05,energy_opt,energy_j,single_configuration,gpu_resident
5060ti,RTX 5060 Ti,GPU,GPU board NVML,4,128,gpu_resident,-1,9.861121776885136e-06,0.0004277205107757,43.270138,425.33741037775405,9.806179255685791,4.239478810327265e-09,50.0,2790.0,425.3374273368029,3.987198970989425e-06,energy_opt,energy_j,single_configuration,gpu_resident
5060ti,RTX 5060 Ti,GPU,GPU board NVML,5,128,gpu_resident,-1,9.77020933189866e-06,0.0004241905507189,43.2283795,429.29520315455864,9.887782726163215,4.166053960775269e-09,50.0,2790.0,429.2952145176977,2.6469289649000416e-06,energy_opt,energy_j,single_configuration,gpu_resident
5060ti,RTX 5060 Ti,GPU,GPU board NVML,1,128,gpu_resident,-1,9.768276010234174e-06,0.0004304749907228,44.1777745,429.38016857894354,9.743432465048544,4.194613587808226e-09,50.0,2790.0,429.38018786578016,4.491785610127863e-06,runtime_opt,runtime_s,single_configuration,gpu_resident
5060ti,RTX 5060 Ti,GPU,GPU board NVML,2,128,gpu_resident,-1,9.844514270493175e-06,0.0004243214979824,43.096408,426.054946415338,9.884731317982789,4.177338209321127e-09,51.0,2788.0,426.0549494704808,7.170771754161365e-07,runtime_opt,runtime_s,single_configuration,gpu_resident
5060ti,RTX 5060 Ti,GPU,GPU board NVML,3,128,gpu_resident,-1,9.852779058248905e-06,0.0004190262752675,42.5344305,425.6975595619858,10.009644376888824,4.134026292109671e-09,49.0,2790.0,425.6976174660466,1.3602159443237838e-05,runtime_opt,runtime_s,single_configuration,gpu_resident
5060ti,RTX 5060 Ti,GPU,GPU board NVML,4,128,gpu_resident,-1,9.861121776885136e-06,0.0004277205107757,43.270138,425.33741037775405,9.806179255685791,4.239478810327265e-09,50.0,2790.0,425.3374273368029,3.987198970989425e-06,runtime_opt,runtime_s,single_configuration,gpu_resident
5060ti,RTX 5060 Ti,GPU,GPU board NVML,5,128,gpu_resident,-1,9.77020933189866e-06,0.0004241905507189,43.2283795,429.29520315455864,9.887782726163215,4.166053960775269e-09,50.0,2790.0,429.2952145176977,2.6469289649000416e-06,runtime_opt,runtime_s,single_configuration,gpu_resident
5060ti,RTX 5060 Ti,GPU,GPU board NVML,1,128,gpu_resident,-1,9.768276010234174e-06,0.0004304749907228,44.1777745,429.38016857894354,9.743432465048544,4.194613587808226e-09,50.0,2790.0,429.38018786578016,4.491785610127863e-06,edp_opt,edp_j_s,single_configuration,gpu_resident
5060ti,RTX 5060 Ti,GPU,GPU board NVML,2,128,gpu_resident,-1,9.844514270493175e-06,0.0004243214979824,43.096408,426.054946415338,9.884731317982789,4.177338209321127e-09,51.0,2788.0,426.0549494704808,7.170771754161365e-07,edp_opt,edp_j_s,single_configuration,gpu_resident
5060ti,RTX 5060 Ti,GPU,GPU board NVML,3,128,gpu_resident,-1,9.852779058248905e-06,0.0004190262752675,42.5344305,425.6975595619858,10.009644376888824,4.134026292109671e-09,49.0,2790.0,425.6976174660466,1.3602159443237838e-05,edp_opt,edp_j_s,single_configuration,gpu_resident
5060ti,RTX 5060 Ti,GPU,GPU board NVML,4,128,gpu_resident,-1,9.861121776885136e-06,0.0004277205107757,43.270138,425.33741037775405,9.806179255685791,4.239478810327265e-09,50.0,2790.0,425.3374273368029,3.987198970989425e-06,edp_opt,edp_j_s,single_configuration,gpu_resident
5060ti,RTX 5060 Ti,GPU,GPU board NVML,5,128,gpu_resident,-1,9.77020933189866e-06,0.0004241905507189,43.2283795,429.29520315455864,9.887782726163215,4.166053960775269e-09,50.0,2790.0,429.2952145176977,2.6469289649000416e-06,edp_opt,edp_j_s,single_configuration,gpu_resident
5060ti,RTX 5060 Ti,GPU,GPU board NVML,1,128,gpu_resident,-1,9.768276010234174e-06,0.0004304749907228,44.1777745,429.38016857894354,9.743432465048544,4.194613587808226e-09,50.0,2790.0,429.38018786578016,4.491785610127863e-06,throughput_opt,throughput_gflops,single_configuration,gpu_resident
5060ti,RTX 5060 Ti,GPU,GPU board NVML,2,128,gpu_resident,-1,9.844514270493175e-06,0.0004243214979824,43.096408,426.054946415338,9.884731317982789,4.177338209321127e-09,51.0,2788.0,426.0549494704808,7.170771754161365e-07,throughput_opt,throughput_gflops,single_configuration,gpu_resident
5060ti,RTX 5060 Ti,GPU,GPU board NVML,3,128,gpu_resident,-1,9.852779058248905e-06,0.0004190262752675,42.5344305,425.6975595619858,10.009644376888824,4.134026292109671e-09,49.0,2790.0,425.6976174660466,1.3602159443237838e-05,throughput_opt,throughput_gflops,single_configuration,gpu_resident
5060ti,RTX 5060 Ti,GPU,GPU board NVML,4,128,gpu_resident,-1,9.861121776885136e-06,0.0004277205107757,43.270138,425.33741037775405,9.806179255685791,4.239478810327265e-09,50.0,2790.0,425.3374273368029,3.987198970989425e-06,throughput_opt,throughput_gflops,single_configuration,gpu_resident
5060ti,RTX 5060 Ti,GPU,GPU board NVML,5,128,gpu_resident,-1,9.77020933189866e-06,0.0004241905507189,43.2283795,429.29520315455864,9.887782726163215,4.166053960775269e-09,50.0,2790.0,429.2952145176977,2.6469289649000416e-06,throughput_opt,throughput_gflops,single_configuration,gpu_resident
5060ti,RTX 5060 Ti,GPU,GPU board NVML,1,128,gpu_resident,-1,9.768276010234174e-06,0.0004304749907228,44.1777745,429.38016857894354,9.743432465048544,4.194613587808226e-09,50.0,2790.0,429.38018786578016,4.491785610127863e-06,efficiency_opt,efficiency_gflop_per_j,single_configuration,gpu_resident
5060ti,RTX 5060 Ti,GPU,GPU board NVML,2,128,gpu_resident,-1,9.844514270493175e-06,0.0004243214979824,43.096408,426.054946415338,9.884731317982789,4.177338209321127e-09,51.0,2788.0,426.0549494704808,7.170771754161365e-07,efficiency_opt,efficiency_gflop_per_j,single_configuration,gpu_resident
5060ti,RTX 5060 Ti,GPU,GPU board NVML,3,128,gpu_resident,-1,9.852779058248905e-06,0.0004190262752675,42.5344305,425.6975595619858,10.009644376888824,4.134026292109671e-09,49.0,2790.0,425.6976174660466,1.3602159443237838e-05,efficiency_opt,efficiency_gflop_per_j,single_configuration,gpu_resident
5060ti,RTX 5060 Ti,GPU,GPU board NVML,4,128,gpu_resident,-1,9.861121776885136e-06,0.0004277205107757,43.270138,425.33741037775405,9.806179255685791,4.239478810327265e-09,50.0,2790.0,425.3374273368029,3.987198970989425e-06,efficiency_opt,efficiency_gflop_per_j,single_configuration,gpu_resident
5060ti,RTX 5060 Ti,GPU,GPU board NVML,5,128,gpu_resident,-1,9.77020933189866e-06,0.0004241905507189,43.2283795,429.29520315455864,9.887782726163215,4.166053960775269e-09,50.0,2790.0,429.2952145176977,2.6469289649000416e-06,efficiency_opt,efficiency_gflop_per_j,single_configuration,gpu_resident
5060ti,RTX 5060 Ti,GPU,GPU board NVML,1,256,gpu_resident,-1,1.63740113641946e-05,0.001246295174311,76.1207115,2049.249341146434,26.923342633136794,2.0405119531043698e-08,56.0,2775.0,2049.24936267875,1.0507416492444577e-06,energy_opt,energy_j,single_configuration,gpu_resident
5060ti,RTX 5060 Ti,GPU,GPU board NVML,2,256,gpu_resident,-1,1.6375423714936054e-05,0.0012476624035895,76.190404,2049.072597089194,26.89383915349582,2.04331027280577e-08,57.5,2775.0,2049.072604713824,3.7210150516386875e-07,energy_opt,energy_j,single_configuration,gpu_resident
5060ti,RTX 5060 Ti,GPU,GPU board NVML,3,256,gpu_resident,-1,1.6367679811345476e-05,0.0012450789335778,76.070106,2050.0420576862275,26.949642384181676,2.037885009344273e-08,56.0,2775.0,2050.042065574854,3.848031449038558e-07,energy_opt,energy_j,single_configuration,gpu_resident
5060ti,RTX 5060 Ti,GPU,GPU board NVML,4,256,gpu_resident,-1,1.637376772672191e-05,0.0012573772639439,76.81147250000001,2049.279833452097,26.68604957493258,2.058282493894281e-08,57.5,2775.0,2049.279892342495,2.87371186846741e-06,energy_opt,energy_j,single_configuration,gpu_resident
5060ti,RTX 5060 Ti,GPU,GPU board NVML,5,256,gpu_resident,-1,1.637639603052435e-05,0.0012522025349621,76.48573200000001,2048.9509375235616,26.796329717552904,2.0500702187028035e-08,58.0,2775.0,2048.9509375235616,0.0,energy_opt,energy_j,single_configuration,gpu_resident
5060ti,RTX 5060 Ti,GPU,GPU board NVML,1,256,gpu_resident,-1,1.63740113641946e-05,0.001246295174311,76.1207115,2049.249341146434,26.923342633136794,2.0405119531043698e-08,56.0,2775.0,2049.24936267875,1.0507416492444577e-06,runtime_opt,runtime_s,single_configuration,gpu_resident
5060ti,RTX 5060 Ti,GPU,GPU board NVML,2,256,gpu_resident,-1,1.6375423714936054e-05,0.0012476624035895,76.190404,2049.072597089194,26.89383915349582,2.04331027280577e-08,57.5,2775.0,2049.072604713824,3.7210150516386875e-07,runtime_opt,runtime_s,single_configuration,gpu_resident
5060ti,RTX 5060 Ti,GPU,GPU board NVML,3,256,gpu_resident,-1,1.6367679811345476e-05,0.0012450789335778,76.070106,2050.0420576862275,26.949642384181676,2.037885009344273e-08,56.0,2775.0,2050.042065574854,3.848031449038558e-07,runtime_opt,runtime_s,single_configuration,gpu_resident
5060ti,RTX 5060 Ti,GPU,GPU board NVML,4,256,gpu_resident,-1,1.637376772672191e-05,0.0012573772639439,76.81147250000001,2049.279833452097,26.68604957493258,2.058282493894281e-08,57.5,2775.0,2049.279892342495,2.87371186846741e-06,runtime_opt,runtime_s,single_configuration,gpu_resident
5060ti,RTX 5060 Ti,GPU,GPU board NVML,5,256,gpu_resident,-1,1.637639603052435e-05,0.0012522025349621,76.48573200000001,2048.9509375235616,26.796329717552904,2.0500702187028035e-08,58.0,2775.0,2048.9509375235616,0.0,runtime_opt,runtime_s,single_configuration,gpu_resident
5060ti,RTX 5060 Ti,GPU,GPU board NVML,1,256,gpu_resident,-1,1.63740113641946e-05,0.001246295174311,76.1207115,2049.249341146434,26.923342633136794,2.0405119531043698e-08,56.0,2775.0,2049.24936267875,1.0507416492444577e-06,edp_opt,edp_j_s,single_configuration,gpu_resident
5060ti,RTX 5060 Ti,GPU,GPU board NVML,2,256,gpu_resident,-1,1.6375423714936054e-05,0.0012476624035895,76.190404,2049.072597089194,26.89383915349582,2.04331027280577e-08,57.5,2775.0,2049.072604713824,3.7210150516386875e-07,edp_opt,edp_j_s,single_configuration,gpu_resident
5060ti,RTX 5060 Ti,GPU,GPU board NVML,3,256,gpu_resident,-1,1.6367679811345476e-05,0.0012450789335778,76.070106,2050.0420576862275,26.949642384181676,2.037885009344273e-08,56.0,2775.0,2050.042065574854,3.848031449038558e-07,edp_opt,edp_j_s,single_configuration,gpu_resident
5060ti,RTX 5060 Ti,GPU,GPU board NVML,4,256,gpu_resident,-1,1.637376772672191e-05,0.0012573772639439,76.81147250000001,2049.279833452097,26.68604957493258,2.058282493894281e-08,57.5,2775.0,2049.279892342495,2.87371186846741e-06,edp_opt,edp_j_s,single_configuration,gpu_resident
5060ti,RTX 5060 Ti,GPU,GPU board NVML,5,256,gpu_resident,-1,1.637639603052435e-05,0.0012522025349621,76.48573200000001,2048.9509375235616,26.796329717552904,2.0500702187028035e-08,58.0,2775.0,2048.9509375235616,0.0,edp_opt,edp_j_s,single_configuration,gpu_resident
5060ti,RTX 5060 Ti,GPU,GPU board NVML,1,256,gpu_resident,-1,1.63740113641946e-05,0.001246295174311,76.1207115,2049.249341146434,26.923342633136794,2.0405119531043698e-08,56.0,2775.0,2049.24936267875,1.0507416492444577e-06,throughput_opt,throughput_gflops,single_configuration,gpu_resident
5060ti,RTX 5060 Ti,GPU,GPU board NVML,2,256,gpu_resident,-1,1.6375423714936054e-05,0.0012476624035895,76.190404,2049.072597089194,26.89383915349582,2.04331027280577e-08,57.5,2775.0,2049.072604713824,3.7210150516386875e-07,throughput_opt,throughput_gflops,single_configuration,gpu_resident
5060ti,RTX 5060 Ti,GPU,GPU board NVML,3,256,gpu_resident,-1,1.6367679811345476e-05,0.0012450789335778,76.070106,2050.0420576862275,26.949642384181676,2.037885009344273e-08,56.0,2775.0,2050.042065574854,3.848031449038558e-07,throughput_opt,throughput_gflops,single_configuration,gpu_resident
5060ti,RTX 5060 Ti,GPU,GPU board NVML,4,256,gpu_resident,-1,1.637376772672191e-05,0.0012573772639439,76.81147250000001,2049.279833452097,26.68604957493258,2.058282493894281e-08,57.5,2775.0,2049.279892342495,2.87371186846741e-06,throughput_opt,throughput_gflops,single_configuration,gpu_resident
5060ti,RTX 5060 Ti,GPU,GPU board NVML,5,256,gpu_resident,-1,1.637639603052435e-05,0.0012522025349621,76.48573200000001,2048.9509375235616,26.796329717552904,2.0500702187028035e-08,58.0,2775.0,2048.9509375235616,0.0,throughput_opt,throughput_gflops,single_configuration,gpu_resident
5060ti,RTX 5060 Ti,GPU,GPU board NVML,1,256,gpu_resident,-1,1.63740113641946e-05,0.001246295174311,76.1207115,2049.249341146434,26.923342633136794,2.0405119531043698e-08,56.0,2775.0,2049.24936267875,1.0507416492444577e-06,efficiency_opt,efficiency_gflop_per_j,single_configuration,gpu_resident
5060ti,RTX 5060 Ti,GPU,GPU board NVML,2,256,gpu_resident,-1,1.6375423714936054e-05,0.0012476624035895,76.190404,2049.072597089194,26.89383915349582,2.04331027280577e-08,57.5,2775.0,2049.072604713824,3.7210150516386875e-07,efficiency_opt,efficiency_gflop_per_j,single_configuration,gpu_resident
5060ti,RTX 5060 Ti,GPU,GPU board NVML,3,256,gpu_resident,-1,1.6367679811345476e-05,0.0012450789335778,76.070106,2050.0420576862275,26.949642384181676,2.037885009344273e-08,56.0,2775.0,2050.042065574854,3.848031449038558e-07,efficiency_opt,efficiency_gflop_per_j,single_configuration,gpu_resident
5060ti,RTX 5060 Ti,GPU,GPU board NVML,4,256,gpu_resident,-1,1.637376772672191e-05,0.0012573772639439,76.81147250000001,2049.279833452097,26.68604957493258,2.058282493894281e-08,57.5,2775.0,2049.279892342495,2.87371186846741e-06,efficiency_opt,efficiency_gflop_per_j,single_configuration,gpu_resident
5060ti,RTX 5060 Ti,GPU,GPU board NVML,5,256,gpu_resident,-1,1.637639603052435e-05,0.0012522025349621,76.48573200000001,2048.9509375235616,26.796329717552904,2.0500702187028035e-08,58.0,2775.0,2048.9509375235616,0.0,efficiency_opt,efficiency_gflop_per_j,single_configuration,gpu_resident
5060ti,RTX 5060 Ti,GPU,GPU board NVML,1,512,gpu_resident,-1,6.762039353573603e-05,0.0072855162620866,107.7417555,3969.741108621872,36.84508363489934,4.926480052392131e-07,62.0,2767.0,3969.741108685383,1.5998757874058356e-09,energy_opt,energy_j,single_configuration,gpu_resident
5060ti,RTX 5060 Ti,GPU,GPU board NVML,2,512,gpu_resident,-1,6.927420554428668e-05,0.007332893847194,108.4053045,3874.96982305182,36.60702876569246,5.023348617311279e-07,65.0,2752.0,3874.9947865465097,0.0006442242347581839,energy_opt,energy_j,single_configuration,gpu_resident
5060ti,RTX 5060 Ti,GPU,GPU board NVML,3,512,gpu_resident,-1,6.766491508908686e-05,0.0074883421492204,107.767326,3967.129134006611,35.84711417438991,5.14127722968264e-07,65.0,2752.0,3967.129136735821,6.879559144579162e-08,energy_opt,energy_j,single_configuration,gpu_resident
5060ti,RTX 5060 Ti,GPU,GPU board NVML,4,512,gpu_resident,-1,6.762133198106828e-05,0.0072599729546991,107.359074,3969.6860167609975,36.974718456251566,4.909432765363728e-07,61.5,2767.0,3969.686016761989,2.4980018054066022e-11,energy_opt,energy_j,single_configuration,gpu_resident
5060ti,RTX 5060 Ti,GPU,GPU board NVML,5,512,gpu_resident,-1,6.76209939148073e-05,0.007356186612576,108.7889735,3969.705862918696,36.49111559256636,4.998092197938138e-07,65.0,2767.0,3969.705863999201,2.7218760578762158e-08,energy_opt,energy_j,single_configuration,gpu_resident
5060ti,RTX 5060 Ti,GPU,GPU board NVML,1,512,gpu_resident,-1,6.762039353573603e-05,0.0072855162620866,107.7417555,3969.741108621872,36.84508363489934,4.926480052392131e-07,62.0,2767.0,3969.741108685383,1.5998757874058356e-09,runtime_opt,runtime_s,single_configuration,gpu_resident
5060ti,RTX 5060 Ti,GPU,GPU board NVML,2,512,gpu_resident,-1,6.927420554428668e-05,0.007332893847194,108.4053045,3874.96982305182,36.60702876569246,5.023348617311279e-07,65.0,2752.0,3874.9947865465097,0.0006442242347581839,runtime_opt,runtime_s,single_configuration,gpu_resident
5060ti,RTX 5060 Ti,GPU,GPU board NVML,3,512,gpu_resident,-1,6.766491508908686e-05,0.0074883421492204,107.767326,3967.129134006611,35.84711417438991,5.14127722968264e-07,65.0,2752.0,3967.129136735821,6.879559144579162e-08,runtime_opt,runtime_s,single_configuration,gpu_resident
5060ti,RTX 5060 Ti,GPU,GPU board NVML,4,512,gpu_resident,-1,6.762133198106828e-05,0.0072599729546991,107.359074,3969.6860167609975,36.974718456251566,4.909432765363728e-07,61.5,2767.0,3969.686016761989,2.4980018054066022e-11,runtime_opt,runtime_s,single_configuration,gpu_resident
5060ti,RTX 5060 Ti,GPU,GPU board NVML,5,512,gpu_resident,-1,6.76209939148073e-05,0.007356186612576,108.7889735,3969.705862918696,36.49111559256636,4.998092197938138e-07,65.0,2767.0,3969.705863999201,2.7218760578762158e-08,runtime_opt,runtime_s,single_configuration,gpu_resident
5060ti,RTX 5060 Ti,GPU,GPU board NVML,1,512,gpu_resident,-1,6.762039353573603e-05,0.0072855162620866,107.7417555,3969.741108621872,36.84508363489934,4.926480052392131e-07,62.0,2767.0,3969.741108685383,1.5998757874058356e-09,edp_opt,edp_j_s,single_configuration,gpu_resident
5060ti,RTX 5060 Ti,GPU,GPU board NVML,2,512,gpu_resident,-1,6.927420554428668e-05,0.007332893847194,108.4053045,3874.96982305182,36.60702876569246,5.023348617311279e-07,65.0,2752.0,3874.9947865465097,0.0006442242347581839,edp_opt,edp_j_s,single_configuration,gpu_resident
5060ti,RTX 5060 Ti,GPU,GPU board NVML,3,512,gpu_resident,-1,6.766491508908686e-05,0.0074883421492204,107.767326,3967.129134006611,35.84711417438991,5.14127722968264e-07,65.0,2752.0,3967.129136735821,6.879559144579162e-08,edp_opt,edp_j_s,single_configuration,gpu_resident
5060ti,RTX 5060 Ti,GPU,GPU board NVML,4,512,gpu_resident,-1,6.762133198106828e-05,0.0072599729546991,107.359074,3969.6860167609975,36.974718456251566,4.909432765363728e-07,61.5,2767.0,3969.686016761989,2.4980018054066022e-11,edp_opt,edp_j_s,single_configuration,gpu_resident
5060ti,RTX 5060 Ti,GPU,GPU board NVML,5,512,gpu_resident,-1,6.76209939148073e-05,0.007356186612576,108.7889735,3969.705862918696,36.49111559256636,4.998092197938138e-07,65.0,2767.0,3969.705863999201,2.7218760578762158e-08,edp_opt,edp_j_s,single_configuration,gpu_resident
5060ti,RTX 5060 Ti,GPU,GPU board NVML,1,512,gpu_resident,-1,6.762039353573603e-05,0.0072855162620866,107.7417555,3969.741108621872,36.84508363489934,4.926480052392131e-07,62.0,2767.0,3969.741108685383,1.5998757874058356e-09,throughput_opt,throughput_gflops,single_configuration,gpu_resident
5060ti,RTX 5060 Ti,GPU,GPU board NVML,2,512,gpu_resident,-1,6.927420554428668e-05,0.007332893847194,108.4053045,3874.96982305182,36.60702876569246,5.023348617311279e-07,65.0,2752.0,3874.9947865465097,0.0006442242347581839,throughput_opt,throughput_gflops,single_configuration,gpu_resident
5060ti,RTX 5060 Ti,GPU,GPU board NVML,3,512,gpu_resident,-1,6.766491508908686e-05,0.0074883421492204,107.767326,3967.129134006611,35.84711417438991,5.14127722968264e-07,65.0,2752.0,3967.129136735821,6.879559144579162e-08,throughput_opt,throughput_gflops,single_configuration,gpu_resident
5060ti,RTX 5060 Ti,GPU,GPU board NVML,4,512,gpu_resident,-1,6.762133198106828e-05,0.0072599729546991,107.359074,3969.6860167609975,36.974718456251566,4.909432765363728e-07,61.5,2767.0,3969.686016761989,2.4980018054066022e-11,throughput_opt,throughput_gflops,single_configuration,gpu_resident
5060ti,RTX 5060 Ti,GPU,GPU board NVML,5,512,gpu_resident,-1,6.76209939148073e-05,0.007356186612576,108.7889735,3969.705862918696,36.49111559256636,4.998092197938138e-07,65.0,2767.0,3969.705863999201,2.7218760578762158e-08,throughput_opt,throughput_gflops,single_configuration,gpu_resident
5060ti,RTX 5060 Ti,GPU,GPU board NVML,1,512,gpu_resident,-1,6.762039353573603e-05,0.0072855162620866,107.7417555,3969.741108621872,36.84508363489934,4.926480052392131e-07,62.0,2767.0,3969.741108685383,1.5998757874058356e-09,efficiency_opt,efficiency_gflop_per_j,single_configuration,gpu_resident
5060ti,RTX 5060 Ti,GPU,GPU board NVML,2,512,gpu_resident,-1,6.927420554428668e-05,0.007332893847194,108.4053045,3874.96982305182,36.60702876569246,5.023348617311279e-07,65.0,2752.0,3874.9947865465097,0.0006442242347581839,efficiency_opt,efficiency_gflop_per_j,single_configuration,gpu_resident
5060ti,RTX 5060 Ti,GPU,GPU board NVML,3,512,gpu_resident,-1,6.766491508908686e-05,0.0074883421492204,107.767326,3967.129134006611,35.84711417438991,5.14127722968264e-07,65.0,2752.0,3967.129136735821,6.879559144579162e-08,efficiency_opt,efficiency_gflop_per_j,single_configuration,gpu_resident
5060ti,RTX 5060 Ti,GPU,GPU board NVML,4,512,gpu_resident,-1,6.762133198106828e-05,0.0072599729546991,107.359074,3969.6860167609975,36.974718456251566,4.909432765363728e-07,61.5,2767.0,3969.686016761989,2.4980018054066022e-11,efficiency_opt,efficiency_gflop_per_j,single_configuration,gpu_resident
5060ti,RTX 5060 Ti,GPU,GPU board NVML,5,512,gpu_resident,-1,6.76209939148073e-05,0.007356186612576,108.7889735,3969.705862918696,36.49111559256636,4.998092197938138e-07,65.0,2767.0,3969.705863999201,2.7218760578762158e-08,efficiency_opt,efficiency_gflop_per_j,single_configuration,gpu_resident
5060ti,RTX 5060 Ti,GPU,GPU board NVML,1,1024,gpu_resident,-1,0.000448285682722,0.0542160848431285,121.2467835,4790.435498542881,39.609714611699374,2.427526827634472e-05,63.0,2746.5,4790.436028747265,1.1067978755718855e-05,energy_opt,energy_j,single_configuration,gpu_resident
5060ti,RTX 5060 Ti,GPU,GPU board NVML,2,1024,gpu_resident,-1,0.0004485868117229,0.0549960035523978,122.5963785,4787.219757424653,39.047994568441155,2.467088456244932e-05,67.0,2745.0,4787.219760015048,5.411064929461418e-08,energy_opt,energy_j,single_configuration,gpu_resident
5060ti,RTX 5060 Ti,GPU,GPU board NVML,3,1024,gpu_resident,-1,0.000450731635872,0.0567052726453357,125.814451,4764.439584644217,37.87096944990426,2.5557378381957127e-05,70.0,2730.0,4764.439584788139,3.0207614187816034e-09,energy_opt,energy_j,single_configuration,gpu_resident
5060ti,RTX 5060 Ti,GPU,GPU board NVML,4,1024,gpu_resident,-1,0.0004506816133393,0.0562879675529517,124.9045875,4764.96840438717,38.15173546601768,2.536605157483985e-05,69.0,2730.0,4764.968404387917,1.567634910770721e-11,energy_opt,energy_j,single_configuration,gpu_resident
5060ti,RTX 5060 Ti,GPU,GPU board NVML,5,1024,gpu_resident,-1,0.0004507165389815,0.056675304191077,125.7430215,4764.5991710283015,37.890994651919335,2.554486729758826e-05,70.0,2730.0,4764.59917104711,3.9475089863572066e-10,energy_opt,energy_j,single_configuration,gpu_resident
5060ti,RTX 5060 Ti,GPU,GPU board NVML,1,1024,gpu_resident,-1,0.000448285682722,0.0542160848431285,121.2467835,4790.435498542881,39.609714611699374,2.427526827634472e-05,63.0,2746.5,4790.436028747265,1.1067978755718855e-05,runtime_opt,runtime_s,single_configuration,gpu_resident
5060ti,RTX 5060 Ti,GPU,GPU board NVML,2,1024,gpu_resident,-1,0.0004485868117229,0.0549960035523978,122.5963785,4787.219757424653,39.047994568441155,2.467088456244932e-05,67.0,2745.0,4787.219760015048,5.411064929461418e-08,runtime_opt,runtime_s,single_configuration,gpu_resident
5060ti,RTX 5060 Ti,GPU,GPU board NVML,3,1024,gpu_resident,-1,0.000450731635872,0.0567052726453357,125.814451,4764.439584644217,37.87096944990426,2.5557378381957127e-05,70.0,2730.0,4764.439584788139,3.0207614187816034e-09,runtime_opt,runtime_s,single_configuration,gpu_resident
5060ti,RTX 5060 Ti,GPU,GPU board NVML,4,1024,gpu_resident,-1,0.0004506816133393,0.0562879675529517,124.9045875,4764.96840438717,38.15173546601768,2.536605157483985e-05,69.0,2730.0,4764.968404387917,1.567634910770721e-11,runtime_opt,runtime_s,single_configuration,gpu_resident
5060ti,RTX 5060 Ti,GPU,GPU board NVML,5,1024,gpu_resident,-1,0.0004507165389815,0.056675304191077,125.7430215,4764.5991710283015,37.890994651919335,2.554486729758826e-05,70.0,2730.0,4764.59917104711,3.9475089863572066e-10,runtime_opt,runtime_s,single_configuration,gpu_resident
5060ti,RTX 5060 Ti,GPU,GPU board NVML,1,1024,gpu_resident,-1,0.000448285682722,0.0542160848431285,121.2467835,4790.435498542881,39.609714611699374,2.427526827634472e-05,63.0,2746.5,4790.436028747265,1.1067978755718855e-05,edp_opt,edp_j_s,single_configuration,gpu_resident
5060ti,RTX 5060 Ti,GPU,GPU board NVML,2,1024,gpu_resident,-1,0.0004485868117229,0.0549960035523978,122.5963785,4787.219757424653,39.047994568441155,2.467088456244932e-05,67.0,2745.0,4787.219760015048,5.411064929461418e-08,edp_opt,edp_j_s,single_configuration,gpu_resident
5060ti,RTX 5060 Ti,GPU,GPU board NVML,3,1024,gpu_resident,-1,0.000450731635872,0.0567052726453357,125.814451,4764.439584644217,37.87096944990426,2.5557378381957127e-05,70.0,2730.0,4764.439584788139,3.0207614187816034e-09,edp_opt,edp_j_s,single_configuration,gpu_resident
5060ti,RTX 5060 Ti,GPU,GPU board NVML,4,1024,gpu_resident,-1,0.0004506816133393,0.0562879675529517,124.9045875,4764.96840438717,38.15173546601768,2.536605157483985e-05,69.0,2730.0,4764.968404387917,1.567634910770721e-11,edp_opt,edp_j_s,single_configuration,gpu_resident
5060ti,RTX 5060 Ti,GPU,GPU board NVML,5,1024,gpu_resident,-1,0.0004507165389815,0.056675304191077,125.7430215,4764.5991710283015,37.890994651919335,2.554486729758826e-05,70.0,2730.0,4764.59917104711,3.9475089863572066e-10,edp_opt,edp_j_s,single_configuration,gpu_resident
5060ti,RTX 5060 Ti,GPU,GPU board NVML,1,1024,gpu_resident,-1,0.000448285682722,0.0542160848431285,121.2467835,4790.435498542881,39.609714611699374,2.427526827634472e-05,63.0,2746.5,4790.436028747265,1.1067978755718855e-05,throughput_opt,throughput_gflops,single_configuration,gpu_resident
5060ti,RTX 5060 Ti,GPU,GPU board NVML,2,1024,gpu_resident,-1,0.0004485868117229,0.0549960035523978,122.5963785,4787.219757424653,39.047994568441155,2.467088456244932e-05,67.0,2745.0,4787.219760015048,5.411064929461418e-08,throughput_opt,throughput_gflops,single_configuration,gpu_resident
5060ti,RTX 5060 Ti,GPU,GPU board NVML,3,1024,gpu_resident,-1,0.000450731635872,0.0567052726453357,125.814451,4764.439584644217,37.87096944990426,2.5557378381957127e-05,70.0,2730.0,4764.439584788139,3.0207614187816034e-09,throughput_opt,throughput_gflops,single_configuration,gpu_resident
5060ti,RTX 5060 Ti,GPU,GPU board NVML,4,1024,gpu_resident,-1,0.0004506816133393,0.0562879675529517,124.9045875,4764.96840438717,38.15173546601768,2.536605157483985e-05,69.0,2730.0,4764.968404387917,1.567634910770721e-11,throughput_opt,throughput_gflops,single_configuration,gpu_resident
5060ti,RTX 5060 Ti,GPU,GPU board NVML,5,1024,gpu_resident,-1,0.0004507165389815,0.056675304191077,125.7430215,4764.5991710283015,37.890994651919335,2.554486729758826e-05,70.0,2730.0,4764.59917104711,3.9475089863572066e-10,throughput_opt,throughput_gflops,single_configuration,gpu_resident
5060ti,RTX 5060 Ti,GPU,GPU board NVML,1,1024,gpu_resident,-1,0.000448285682722,0.0542160848431285,121.2467835,4790.435498542881,39.609714611699374,2.427526827634472e-05,63.0,2746.5,4790.436028747265,1.1067978755718855e-05,efficiency_opt,efficiency_gflop_per_j,single_configuration,gpu_resident
5060ti,RTX 5060 Ti,GPU,GPU board NVML,2,1024,gpu_resident,-1,0.0004485868117229,0.0549960035523978,122.5963785,4787.219757424653,39.047994568441155,2.467088456244932e-05,67.0,2745.0,4787.219760015048,5.411064929461418e-08,efficiency_opt,efficiency_gflop_per_j,single_configuration,gpu_resident
5060ti,RTX 5060 Ti,GPU,GPU board NVML,3,1024,gpu_resident,-1,0.000450731635872,0.0567052726453357,125.814451,4764.439584644217,37.87096944990426,2.5557378381957127e-05,70.0,2730.0,4764.439584788139,3.0207614187816034e-09,efficiency_opt,efficiency_gflop_per_j,single_configuration,gpu_resident
5060ti,RTX 5060 Ti,GPU,GPU board NVML,4,1024,gpu_resident,-1,0.0004506816133393,0.0562879675529517,124.9045875,4764.96840438717,38.15173546601768,2.536605157483985e-05,69.0,2730.0,4764.968404387917,1.567634910770721e-11,efficiency_opt,efficiency_gflop_per_j,single_configuration,gpu_resident
5060ti,RTX 5060 Ti,GPU,GPU board NVML,5,1024,gpu_resident,-1,0.0004507165389815,0.056675304191077,125.7430215,4764.5991710283015,37.890994651919335,2.554486729758826e-05,70.0,2730.0,4764.59917104711,3.9475089863572066e-10,efficiency_opt,efficiency_gflop_per_j,single_configuration,gpu_resident
5060ti,RTX 5060 Ti,GPU,GPU board NVML,1,2048,gpu_resident,-1,0.0035088663194444,0.4697951388888889,133.89275600000002,4896.131006415852,36.568852595265376,0.0016483896543029,66.0,2745.0,4896.131006685477,5.5068838378247165e-09,energy_opt,energy_j,single_configuration,gpu_resident
5060ti,RTX 5060 Ti,GPU,GPU board NVML,2,2048,gpu_resident,-1,0.0035261443661971,0.4810404929577464,136.4336085,4872.140048686736,35.713977171375134,0.0016960620713772,69.0,2730.0,4872.140049779735,2.2433654933706748e-08,energy_opt,energy_j,single_configuration,gpu_resident
5060ti,RTX 5060 Ti,GPU,GPU board NVML,3,2048,gpu_resident,-1,0.0035091747404844,0.4682439446366782,133.430855,4895.700685919255,36.689997555291995,0.0016431911006812,66.5,2745.0,4895.700685920405,2.3492319201068312e-11,energy_opt,energy_j,single_configuration,gpu_resident
5060ti,RTX 5060 Ti,GPU,GPU board NVML,4,2048,gpu_resident,-1,0.0035090719298245,0.4785807017543859,135.99648050000002,4895.8441227675885,35.89753853638867,0.0016793741206648,68.0,2745.0,4895.844127027383,8.700837828001795e-08,energy_opt,energy_j,single_configuration,gpu_resident
5060ti,RTX 5060 Ti,GPU,GPU board NVML,5,2048,gpu_resident,-1,0.00350928125,0.47328125,134.80837300000002,4895.552097455853,36.29949249838231,0.001661582233947,67.5,2745.0,4895.552102675105,1.0661211913287616e-07,energy_opt,energy_j,single_configuration,gpu_resident
5060ti,RTX 5060 Ti,GPU,GPU board NVML,1,2048,gpu_resident,-1,0.0035088663194444,0.4697951388888889,133.89275600000002,4896.131006415852,36.568852595265376,0.0016483896543029,66.0,2745.0,4896.131006685477,5.5068838378247165e-09,runtime_opt,runtime_s,single_configuration,gpu_resident
5060ti,RTX 5060 Ti,GPU,GPU board NVML,2,2048,gpu_resident,-1,0.0035261443661971,0.4810404929577464,136.4336085,4872.140048686736,35.713977171375134,0.0016960620713772,69.0,2730.0,4872.140049779735,2.2433654933706748e-08,runtime_opt,runtime_s,single_configuration,gpu_resident
5060ti,RTX 5060 Ti,GPU,GPU board NVML,3,2048,gpu_resident,-1,0.0035091747404844,0.4682439446366782,133.430855,4895.700685919255,36.689997555291995,0.0016431911006812,66.5,2745.0,4895.700685920405,2.3492319201068312e-11,runtime_opt,runtime_s,single_configuration,gpu_resident
5060ti,RTX 5060 Ti,GPU,GPU board NVML,4,2048,gpu_resident,-1,0.0035090719298245,0.4785807017543859,135.99648050000002,4895.8441227675885,35.89753853638867,0.0016793741206648,68.0,2745.0,4895.844127027383,8.700837828001795e-08,runtime_opt,runtime_s,single_configuration,gpu_resident
5060ti,RTX 5060 Ti,GPU,GPU board NVML,5,2048,gpu_resident,-1,0.00350928125,0.47328125,134.80837300000002,4895.552097455853,36.29949249838231,0.001661582233947,67.5,2745.0,4895.552102675105,1.0661211913287616e-07,runtime_opt,runtime_s,single_configuration,gpu_resident
5060ti,RTX 5060 Ti,GPU,GPU board NVML,1,2048,gpu_resident,-1,0.0035088663194444,0.4697951388888889,133.89275600000002,4896.131006415852,36.568852595265376,0.0016483896543029,66.0,2745.0,4896.131006685477,5.5068838378247165e-09,edp_opt,edp_j_s,single_configuration,gpu_resident
5060ti,RTX 5060 Ti,GPU,GPU board NVML,2,2048,gpu_resident,-1,0.0035261443661971,0.4810404929577464,136.4336085,4872.140048686736,35.713977171375134,0.0016960620713772,69.0,2730.0,4872.140049779735,2.2433654933706748e-08,edp_opt,edp_j_s,single_configuration,gpu_resident
5060ti,RTX 5060 Ti,GPU,GPU board NVML,3,2048,gpu_resident,-1,0.0035091747404844,0.4682439446366782,133.430855,4895.700685919255,36.689997555291995,0.0016431911006812,66.5,2745.0,4895.700685920405,2.3492319201068312e-11,edp_opt,edp_j_s,single_configuration,gpu_resident
5060ti,RTX 5060 Ti,GPU,GPU board NVML,4,2048,gpu_resident,-1,0.0035090719298245,0.4785807017543859,135.99648050000002,4895.8441227675885,35.89753853638867,0.0016793741206648,68.0,2745.0,4895.844127027383,8.700837828001795e-08,edp_opt,edp_j_s,single_configuration,gpu_resident
5060ti,RTX 5060 Ti,GPU,GPU board NVML,5,2048,gpu_resident,-1,0.00350928125,0.47328125,134.80837300000002,4895.552097455853,36.29949249838231,0.001661582233947,67.5,2745.0,4895.552102675105,1.0661211913287616e-07,edp_opt,edp_j_s,single_configuration,gpu_resident
5060ti,RTX 5060 Ti,GPU,GPU board NVML,1,2048,gpu_resident,-1,0.0035088663194444,0.4697951388888889,133.89275600000002,4896.131006415852,36.568852595265376,0.0016483896543029,66.0,2745.0,4896.131006685477,5.5068838378247165e-09,throughput_opt,throughput_gflops,single_configuration,gpu_resident
5060ti,RTX 5060 Ti,GPU,GPU board NVML,2,2048,gpu_resident,-1,0.0035261443661971,0.4810404929577464,136.4336085,4872.140048686736,35.713977171375134,0.0016960620713772,69.0,2730.0,4872.140049779735,2.2433654933706748e-08,throughput_opt,throughput_gflops,single_configuration,gpu_resident
5060ti,RTX 5060 Ti,GPU,GPU board NVML,3,2048,gpu_resident,-1,0.0035091747404844,0.4682439446366782,133.430855,4895.700685919255,36.689997555291995,0.0016431911006812,66.5,2745.0,4895.700685920405,2.3492319201068312e-11,throughput_opt,throughput_gflops,single_configuration,gpu_resident
5060ti,RTX 5060 Ti,GPU,GPU board NVML,4,2048,gpu_resident,-1,0.0035090719298245,0.4785807017543859,135.99648050000002,4895.8441227675885,35.89753853638867,0.0016793741206648,68.0,2745.0,4895.844127027383,8.700837828001795e-08,throughput_opt,throughput_gflops,single_configuration,gpu_resident
5060ti,RTX 5060 Ti,GPU,GPU board NVML,5,2048,gpu_resident,-1,0.00350928125,0.47328125,134.80837300000002,4895.552097455853,36.29949249838231,0.001661582233947,67.5,2745.0,4895.552102675105,1.0661211913287616e-07,throughput_opt,throughput_gflops,single_configuration,gpu_resident
5060ti,RTX 5060 Ti,GPU,GPU board NVML,1,2048,gpu_resident,-1,0.0035088663194444,0.4697951388888889,133.89275600000002,4896.131006415852,36.568852595265376,0.0016483896543029,66.0,2745.0,4896.131006685477,5.5068838378247165e-09,efficiency_opt,efficiency_gflop_per_j,single_configuration,gpu_resident
5060ti,RTX 5060 Ti,GPU,GPU board NVML,2,2048,gpu_resident,-1,0.0035261443661971,0.4810404929577464,136.4336085,4872.140048686736,35.713977171375134,0.0016960620713772,69.0,2730.0,4872.140049779735,2.2433654933706748e-08,efficiency_opt,efficiency_gflop_per_j,single_configuration,gpu_resident
5060ti,RTX 5060 Ti,GPU,GPU board NVML,3,2048,gpu_resident,-1,0.0035091747404844,0.4682439446366782,133.430855,4895.700685919255,36.689997555291995,0.0016431911006812,66.5,2745.0,4895.700685920405,2.3492319201068312e-11,efficiency_opt,efficiency_gflop_per_j,single_configuration,gpu_resident
5060ti,RTX 5060 Ti,GPU,GPU board NVML,4,2048,gpu_resident,-1,0.0035090719298245,0.4785807017543859,135.99648050000002,4895.8441227675885,35.89753853638867,0.0016793741206648,68.0,2745.0,4895.844127027383,8.700837828001795e-08,efficiency_opt,efficiency_gflop_per_j,single_configuration,gpu_resident
5060ti,RTX 5060 Ti,GPU,GPU board NVML,5,2048,gpu_resident,-1,0.00350928125,0.47328125,134.80837300000002,4895.552097455853,36.29949249838231,0.001661582233947,67.5,2745.0,4895.552102675105,1.0661211913287616e-07,efficiency_opt,efficiency_gflop_per_j,single_configuration,gpu_resident
5060ti,RTX 5060 Ti,GPU,GPU board NVML,1,4096,gpu_resident,-1,0.0279947222222222,3.880527777777778,138.61771800000002,4909.459446713174,35.41759300347175,0.1086332207415123,67.0,2745.0,4909.459446718003,9.836575998178887e-11,energy_opt,energy_j,single_configuration,gpu_resident
5060ti,RTX 5060 Ti,GPU,GPU board NVML,2,4096,gpu_resident,-1,0.0281308194444444,3.884069444444444,138.0705505,4885.707426455471,35.38529767241546,0.1092629191994598,69.0,2730.0,4885.707426456655,2.424727085781342e-11,energy_opt,energy_j,single_configuration,gpu_resident
5060ti,RTX 5060 Ti,GPU,GPU board NVML,3,4096,gpu_resident,-1,0.0281308472222222,3.938194444444444,139.997006,4885.702602068413,34.8989760182825,0.1107836521755401,71.0,2730.0,4885.7026020696,2.4291679778798425e-11,energy_opt,energy_j,single_configuration,gpu_resident
5060ti,RTX 5060 Ti,GPU,GPU board NVML,4,4096,gpu_resident,-1,0.0281295277777777,3.9108333333333336,139.044288,4885.931770976143,35.14313747419561,0.1100004412692901,69.0,2730.0,4885.931771147651,3.5102365458783424e-09,energy_opt,energy_j,single_configuration,gpu_resident
5060ti,RTX 5060 Ti,GPU,GPU board NVML,5,4096,gpu_resident,-1,0.0279974189189189,3.7996891891891895,135.410504,4908.986570155843,36.17110416900386,0.1066217890398101,67.5,2745.0,4908.986570568697,8.410161456140486e-09,energy_opt,energy_j,single_configuration,gpu_resident
5060ti,RTX 5060 Ti,GPU,GPU board NVML,1,4096,gpu_resident,-1,0.0279947222222222,3.880527777777778,138.61771800000002,4909.459446713174,35.41759300347175,0.1086332207415123,67.0,2745.0,4909.459446718003,9.836575998178887e-11,runtime_opt,runtime_s,single_configuration,gpu_resident
5060ti,RTX 5060 Ti,GPU,GPU board NVML,2,4096,gpu_resident,-1,0.0281308194444444,3.884069444444444,138.0705505,4885.707426455471,35.38529767241546,0.1092629191994598,69.0,2730.0,4885.707426456655,2.424727085781342e-11,runtime_opt,runtime_s,single_configuration,gpu_resident
5060ti,RTX 5060 Ti,GPU,GPU board NVML,3,4096,gpu_resident,-1,0.0281308472222222,3.938194444444444,139.997006,4885.702602068413,34.8989760182825,0.1107836521755401,71.0,2730.0,4885.7026020696,2.4291679778798425e-11,runtime_opt,runtime_s,single_configuration,gpu_resident
5060ti,RTX 5060 Ti,GPU,GPU board NVML,4,4096,gpu_resident,-1,0.0281295277777777,3.9108333333333336,139.044288,4885.931770976143,35.14313747419561,0.1100004412692901,69.0,2730.0,4885.931771147651,3.5102365458783424e-09,runtime_opt,runtime_s,single_configuration,gpu_resident
5060ti,RTX 5060 Ti,GPU,GPU board NVML,5,4096,gpu_resident,-1,0.0279974189189189,3.7996891891891895,135.410504,4908.986570155843,36.17110416900386,0.1066217890398101,67.5,2745.0,4908.986570568697,8.410161456140486e-09,runtime_opt,runtime_s,single_configuration,gpu_resident
5060ti,RTX 5060 Ti,GPU,GPU board NVML,1,4096,gpu_resident,-1,0.0279947222222222,3.880527777777778,138.61771800000002,4909.459446713174,35.41759300347175,0.1086332207415123,67.0,2745.0,4909.459446718003,9.836575998178887e-11,edp_opt,edp_j_s,single_configuration,gpu_resident
5060ti,RTX 5060 Ti,GPU,GPU board NVML,2,4096,gpu_resident,-1,0.0281308194444444,3.884069444444444,138.0705505,4885.707426455471,35.38529767241546,0.1092629191994598,69.0,2730.0,4885.707426456655,2.424727085781342e-11,edp_opt,edp_j_s,single_configuration,gpu_resident
5060ti,RTX 5060 Ti,GPU,GPU board NVML,3,4096,gpu_resident,-1,0.0281308472222222,3.938194444444444,139.997006,4885.702602068413,34.8989760182825,0.1107836521755401,71.0,2730.0,4885.7026020696,2.4291679778798425e-11,edp_opt,edp_j_s,single_configuration,gpu_resident
5060ti,RTX 5060 Ti,GPU,GPU board NVML,4,4096,gpu_resident,-1,0.0281295277777777,3.9108333333333336,139.044288,4885.931770976143,35.14313747419561,0.1100004412692901,69.0,2730.0,4885.931771147651,3.5102365458783424e-09,edp_opt,edp_j_s,single_configuration,gpu_resident
5060ti,RTX 5060 Ti,GPU,GPU board NVML,5,4096,gpu_resident,-1,0.0279974189189189,3.7996891891891895,135.410504,4908.986570155843,36.17110416900386,0.1066217890398101,67.5,2745.0,4908.986570568697,8.410161456140486e-09,edp_opt,edp_j_s,single_configuration,gpu_resident
5060ti,RTX 5060 Ti,GPU,GPU board NVML,1,4096,gpu_resident,-1,0.0279947222222222,3.880527777777778,138.61771800000002,4909.459446713174,35.41759300347175,0.1086332207415123,67.0,2745.0,4909.459446718003,9.836575998178887e-11,throughput_opt,throughput_gflops,single_configuration,gpu_resident
5060ti,RTX 5060 Ti,GPU,GPU board NVML,2,4096,gpu_resident,-1,0.0281308194444444,3.884069444444444,138.0705505,4885.707426455471,35.38529767241546,0.1092629191994598,69.0,2730.0,4885.707426456655,2.424727085781342e-11,throughput_opt,throughput_gflops,single_configuration,gpu_resident
5060ti,RTX 5060 Ti,GPU,GPU board NVML,3,4096,gpu_resident,-1,0.0281308472222222,3.938194444444444,139.997006,4885.702602068413,34.8989760182825,0.1107836521755401,71.0,2730.0,4885.7026020696,2.4291679778798425e-11,throughput_opt,throughput_gflops,single_configuration,gpu_resident
5060ti,RTX 5060 Ti,GPU,GPU board NVML,4,4096,gpu_resident,-1,0.0281295277777777,3.9108333333333336,139.044288,4885.931770976143,35.14313747419561,0.1100004412692901,69.0,2730.0,4885.931771147651,3.5102365458783424e-09,throughput_opt,throughput_gflops,single_configuration,gpu_resident
5060ti,RTX 5060 Ti,GPU,GPU board NVML,5,4096,gpu_resident,-1,0.0279974189189189,3.7996891891891895,135.410504,4908.986570155843,36.17110416900386,0.1066217890398101,67.5,2745.0,4908.986570568697,8.410161456140486e-09,throughput_opt,throughput_gflops,single_configuration,gpu_resident
5060ti,RTX 5060 Ti,GPU,GPU board NVML,1,4096,gpu_resident,-1,0.0279947222222222,3.880527777777778,138.61771800000002,4909.459446713174,35.41759300347175,0.1086332207415123,67.0,2745.0,4909.459446718003,9.836575998178887e-11,efficiency_opt,efficiency_gflop_per_j,single_configuration,gpu_resident
5060ti,RTX 5060 Ti,GPU,GPU board NVML,2,4096,gpu_resident,-1,0.0281308194444444,3.884069444444444,138.0705505,4885.707426455471,35.38529767241546,0.1092629191994598,69.0,2730.0,4885.707426456655,2.424727085781342e-11,efficiency_opt,efficiency_gflop_per_j,single_configuration,gpu_resident
5060ti,RTX 5060 Ti,GPU,GPU board NVML,3,4096,gpu_resident,-1,0.0281308472222222,3.938194444444444,139.997006,4885.702602068413,34.8989760182825,0.1107836521755401,71.0,2730.0,4885.7026020696,2.4291679778798425e-11,efficiency_opt,efficiency_gflop_per_j,single_configuration,gpu_resident
5060ti,RTX 5060 Ti,GPU,GPU board NVML,4,4096,gpu_resident,-1,0.0281295277777777,3.9108333333333336,139.044288,4885.931770976143,35.14313747419561,0.1100004412692901,69.0,2730.0,4885.931771147651,3.5102365458783424e-09,efficiency_opt,efficiency_gflop_per_j,single_configuration,gpu_resident
5060ti,RTX 5060 Ti,GPU,GPU board NVML,5,4096,gpu_resident,-1,0.0279974189189189,3.7996891891891895,135.410504,4908.986570155843,36.17110416900386,0.1066217890398101,67.5,2745.0,4908.986570568697,8.410161456140486e-09,efficiency_opt,efficiency_gflop_per_j,single_configuration,gpu_resident
5060ti,RTX 5060 Ti,GPU,GPU board NVML,1,8192,gpu_resident,-1,0.2233311,30.8585,138.1795705,4923.235625383119,35.6307541771635,6.89137109238,66.5,2745.0,4923.235625392003,1.8045565042257294e-10,energy_opt,energy_j,single_configuration,gpu_resident
5060ti,RTX 5060 Ti,GPU,GPU board NVML,2,8192,gpu_resident,-1,0.2237597,31.0421,138.825492,4913.805425087717,35.42001436036866,6.95401237284,68.0,2741.0,4913.818507235035,0.0002662325059077375,energy_opt,energy_j,single_configuration,gpu_resident
5060ti,RTX 5060 Ti,GPU,GPU board NVML,3,8192,gpu_resident,-1,0.2232954,30.8521,138.1712125,4924.022741964232,35.63814546743982,6.888820404279999,66.5,2745.0,4924.022742853031,1.8050250183421213e-08,energy_opt,energy_j,single_configuration,gpu_resident
5060ti,RTX 5060 Ti,GPU,GPU board NVML,4,8192,gpu_resident,-1,0.2243722,31.0508,138.833802,4900.391527007357,35.41009016759633,6.95608433544,69.0,2731.5,4900.391527256547,5.0851101107696195e-09,energy_opt,energy_j,single_configuration,gpu_resident
5060ti,RTX 5060 Ti,GPU,GPU board NVML,5,8192,gpu_resident,-1,0.2234366,31.1218,139.3447785,4920.911022527195,35.329307038024794,6.953095192819999,68.0,2741.0,4920.9118067991085,1.593753493622785e-05,energy_opt,energy_j,single_configuration,gpu_resident
5060ti,RTX 5060 Ti,GPU,GPU board NVML,1,8192,gpu_resident,-1,0.2233311,30.8585,138.1795705,4923.235625383119,35.6307541771635,6.89137109238,66.5,2745.0,4923.235625392003,1.8045565042257294e-10,runtime_opt,runtime_s,single_configuration,gpu_resident
5060ti,RTX 5060 Ti,GPU,GPU board NVML,2,8192,gpu_resident,-1,0.2237597,31.0421,138.825492,4913.805425087717,35.42001436036866,6.95401237284,68.0,2741.0,4913.818507235035,0.0002662325059077375,runtime_opt,runtime_s,single_configuration,gpu_resident
5060ti,RTX 5060 Ti,GPU,GPU board NVML,3,8192,gpu_resident,-1,0.2232954,30.8521,138.1712125,4924.022741964232,35.63814546743982,6.888820404279999,66.5,2745.0,4924.022742853031,1.8050250183421213e-08,runtime_opt,runtime_s,single_configuration,gpu_resident
5060ti,RTX 5060 Ti,GPU,GPU board NVML,4,8192,gpu_resident,-1,0.2243722,31.0508,138.833802,4900.391527007357,35.41009016759633,6.95608433544,69.0,2731.5,4900.391527256547,5.0851101107696195e-09,runtime_opt,runtime_s,single_configuration,gpu_resident
5060ti,RTX 5060 Ti,GPU,GPU board NVML,5,8192,gpu_resident,-1,0.2234366,31.1218,139.3447785,4920.911022527195,35.329307038024794,6.953095192819999,68.0,2741.0,4920.9118067991085,1.593753493622785e-05,runtime_opt,runtime_s,single_configuration,gpu_resident
5060ti,RTX 5060 Ti,GPU,GPU board NVML,1,8192,gpu_resident,-1,0.2233311,30.8585,138.1795705,4923.235625383119,35.6307541771635,6.89137109238,66.5,2745.0,4923.235625392003,1.8045565042257294e-10,edp_opt,edp_j_s,single_configuration,gpu_resident
5060ti,RTX 5060 Ti,GPU,GPU board NVML,2,8192,gpu_resident,-1,0.2237597,31.0421,138.825492,4913.805425087717,35.42001436036866,6.95401237284,68.0,2741.0,4913.818507235035,0.0002662325059077375,edp_opt,edp_j_s,single_configuration,gpu_resident
5060ti,RTX 5060 Ti,GPU,GPU board NVML,3,8192,gpu_resident,-1,0.2232954,30.8521,138.1712125,4924.022741964232,35.63814546743982,6.888820404279999,66.5,2745.0,4924.022742853031,1.8050250183421213e-08,edp_opt,edp_j_s,single_configuration,gpu_resident
5060ti,RTX 5060 Ti,GPU,GPU board NVML,4,8192,gpu_resident,-1,0.2243722,31.0508,138.833802,4900.391527007357,35.41009016759633,6.95608433544,69.0,2731.5,4900.391527256547,5.0851101107696195e-09,edp_opt,edp_j_s,single_configuration,gpu_resident
5060ti,RTX 5060 Ti,GPU,GPU board NVML,5,8192,gpu_resident,-1,0.2234366,31.1218,139.3447785,4920.911022527195,35.329307038024794,6.953095192819999,68.0,2741.0,4920.9118067991085,1.593753493622785e-05,edp_opt,edp_j_s,single_configuration,gpu_resident
5060ti,RTX 5060 Ti,GPU,GPU board NVML,1,8192,gpu_resident,-1,0.2233311,30.8585,138.1795705,4923.235625383119,35.6307541771635,6.89137109238,66.5,2745.0,4923.235625392003,1.8045565042257294e-10,throughput_opt,throughput_gflops,single_configuration,gpu_resident
5060ti,RTX 5060 Ti,GPU,GPU board NVML,2,8192,gpu_resident,-1,0.2237597,31.0421,138.825492,4913.805425087717,35.42001436036866,6.95401237284,68.0,2741.0,4913.818507235035,0.0002662325059077375,throughput_opt,throughput_gflops,single_configuration,gpu_resident
5060ti,RTX 5060 Ti,GPU,GPU board NVML,3,8192,gpu_resident,-1,0.2232954,30.8521,138.1712125,4924.022741964232,35.63814546743982,6.888820404279999,66.5,2745.0,4924.022742853031,1.8050250183421213e-08,throughput_opt,throughput_gflops,single_configuration,gpu_resident
5060ti,RTX 5060 Ti,GPU,GPU board NVML,4,8192,gpu_resident,-1,0.2243722,31.0508,138.833802,4900.391527007357,35.41009016759633,6.95608433544,69.0,2731.5,4900.391527256547,5.0851101107696195e-09,throughput_opt,throughput_gflops,single_configuration,gpu_resident
5060ti,RTX 5060 Ti,GPU,GPU board NVML,5,8192,gpu_resident,-1,0.2234366,31.1218,139.3447785,4920.911022527195,35.329307038024794,6.953095192819999,68.0,2741.0,4920.9118067991085,1.593753493622785e-05,throughput_opt,throughput_gflops,single_configuration,gpu_resident
5060ti,RTX 5060 Ti,GPU,GPU board NVML,1,8192,gpu_resident,-1,0.2233311,30.8585,138.1795705,4923.235625383119,35.6307541771635,6.89137109238,66.5,2745.0,4923.235625392003,1.8045565042257294e-10,efficiency_opt,efficiency_gflop_per_j,single_configuration,gpu_resident
5060ti,RTX 5060 Ti,GPU,GPU board NVML,2,8192,gpu_resident,-1,0.2237597,31.0421,138.825492,4913.805425087717,35.42001436036866,6.95401237284,68.0,2741.0,4913.818507235035,0.0002662325059077375,efficiency_opt,efficiency_gflop_per_j,single_configuration,gpu_resident
5060ti,RTX 5060 Ti,GPU,GPU board NVML,3,8192,gpu_resident,-1,0.2232954,30.8521,138.1712125,4924.022741964232,35.63814546743982,6.888820404279999,66.5,2745.0,4924.022742853031,1.8050250183421213e-08,efficiency_opt,efficiency_gflop_per_j,single_configuration,gpu_resident
5060ti,RTX 5060 Ti,GPU,GPU board NVML,4,8192,gpu_resident,-1,0.2243722,31.0508,138.833802,4900.391527007357,35.41009016759633,6.95608433544,69.0,2731.5,4900.391527256547,5.0851101107696195e-09,efficiency_opt,efficiency_gflop_per_j,single_configuration,gpu_resident
5060ti,RTX 5060 Ti,GPU,GPU board NVML,5,8192,gpu_resident,-1,0.2234366,31.1218,139.3447785,4920.911022527195,35.329307038024794,6.953095192819999,68.0,2741.0,4920.9118067991085,1.593753493622785e-05,efficiency_opt,efficiency_gflop_per_j,single_configuration,gpu_resident
5060ti,RTX 5060 Ti,GPU,GPU board NVML,1,16384,gpu_resident,-1,1.791952,290.4395,162.070587,4908.665534683965,30.285457116569884,520.4941150425,70.0,2730.0,4908.665534738997,1.121103210266483e-09,energy_opt,energy_j,single_configuration,gpu_resident
5060ti,RTX 5060 Ti,GPU,GPU board NVML,2,16384,gpu_resident,-1,1.7920859999999998,289.402,161.5944355,4908.298498067616,30.394029834652144,518.6584591789999,69.5,2730.0,4908.298498220447,3.113731494863714e-09,energy_opt,energy_j,single_configuration,gpu_resident
5060ti,RTX 5060 Ti,GPU,GPU board NVML,3,16384,gpu_resident,-1,1.792207,292.225,163.058589,4907.967116637754,30.10041242949097,523.7102860605,72.0,2730.0,4907.967116712627,1.525535253676935e-09,energy_opt,energy_j,single_configuration,gpu_resident
5060ti,RTX 5060 Ti,GPU,GPU board NVML,4,16384,gpu_resident,-1,1.792015,291.865,162.881559,4908.492965855755,30.13753969200829,522.988512119,70.5,2730.0,4908.492971543295,1.1587142356717095e-07,energy_opt,energy_j,single_configuration,gpu_resident
5060ti,RTX 5060 Ti,GPU,GPU board NVML,5,16384,gpu_resident,-1,1.792203,291.9185,162.8796855,4907.97807068061,30.132016375145803,523.1862641074999,71.0,2730.0,4907.978071122207,8.997558254009164e-09,energy_opt,energy_j,single_configuration,gpu_resident
5060ti,RTX 5060 Ti,GPU,GPU board NVML,1,16384,gpu_resident,-1,1.791952,290.4395,162.070587,4908.665534683965,30.285457116569884,520.4941150425,70.0,2730.0,4908.665534738997,1.121103210266483e-09,runtime_opt,runtime_s,single_configuration,gpu_resident
5060ti,RTX 5060 Ti,GPU,GPU board NVML,2,16384,gpu_resident,-1,1.7920859999999998,289.402,161.5944355,4908.298498067616,30.394029834652144,518.6584591789999,69.5,2730.0,4908.298498220447,3.113731494863714e-09,runtime_opt,runtime_s,single_configuration,gpu_resident
5060ti,RTX 5060 Ti,GPU,GPU board NVML,3,16384,gpu_resident,-1,1.792207,292.225,163.058589,4907.967116637754,30.10041242949097,523.7102860605,72.0,2730.0,4907.967116712627,1.525535253676935e-09,runtime_opt,runtime_s,single_configuration,gpu_resident
5060ti,RTX 5060 Ti,GPU,GPU board NVML,4,16384,gpu_resident,-1,1.792015,291.865,162.881559,4908.492965855755,30.13753969200829,522.988512119,70.5,2730.0,4908.492971543295,1.1587142356717095e-07,runtime_opt,runtime_s,single_configuration,gpu_resident
5060ti,RTX 5060 Ti,GPU,GPU board NVML,5,16384,gpu_resident,-1,1.792203,291.9185,162.8796855,4907.97807068061,30.132016375145803,523.1862641074999,71.0,2730.0,4907.978071122207,8.997558254009164e-09,runtime_opt,runtime_s,single_configuration,gpu_resident
5060ti,RTX 5060 Ti,GPU,GPU board NVML,1,16384,gpu_resident,-1,1.791952,290.4395,162.070587,4908.665534683965,30.285457116569884,520.4941150425,70.0,2730.0,4908.665534738997,1.121103210266483e-09,edp_opt,edp_j_s,single_configuration,gpu_resident
5060ti,RTX 5060 Ti,GPU,GPU board NVML,2,16384,gpu_resident,-1,1.7920859999999998,289.402,161.5944355,4908.298498067616,30.394029834652144,518.6584591789999,69.5,2730.0,4908.298498220447,3.113731494863714e-09,edp_opt,edp_j_s,single_configuration,gpu_resident
5060ti,RTX 5060 Ti,GPU,GPU board NVML,3,16384,gpu_resident,-1,1.792207,292.225,163.058589,4907.967116637754,30.10041242949097,523.7102860605,72.0,2730.0,4907.967116712627,1.525535253676935e-09,edp_opt,edp_j_s,single_configuration,gpu_resident
5060ti,RTX 5060 Ti,GPU,GPU board NVML,4,16384,gpu_resident,-1,1.792015,291.865,162.881559,4908.492965855755,30.13753969200829,522.988512119,70.5,2730.0,4908.492971543295,1.1587142356717095e-07,edp_opt,edp_j_s,single_configuration,gpu_resident
5060ti,RTX 5060 Ti,GPU,GPU board NVML,5,16384,gpu_resident,-1,1.792203,291.9185,162.8796855,4907.97807068061,30.132016375145803,523.1862641074999,71.0,2730.0,4907.978071122207,8.997558254009164e-09,edp_opt,edp_j_s,single_configuration,gpu_resident
5060ti,RTX 5060 Ti,GPU,GPU board NVML,1,16384,gpu_resident,-1,1.791952,290.4395,162.070587,4908.665534683965,30.285457116569884,520.4941150425,70.0,2730.0,4908.665534738997,1.121103210266483e-09,throughput_opt,throughput_gflops,single_configuration,gpu_resident
5060ti,RTX 5060 Ti,GPU,GPU board NVML,2,16384,gpu_resident,-1,1.7920859999999998,289.402,161.5944355,4908.298498067616,30.394029834652144,518.6584591789999,69.5,2730.0,4908.298498220447,3.113731494863714e-09,throughput_opt,throughput_gflops,single_configuration,gpu_resident
5060ti,RTX 5060 Ti,GPU,GPU board NVML,3,16384,gpu_resident,-1,1.792207,292.225,163.058589,4907.967116637754,30.10041242949097,523.7102860605,72.0,2730.0,4907.967116712627,1.525535253676935e-09,throughput_opt,throughput_gflops,single_configuration,gpu_resident
5060ti,RTX 5060 Ti,GPU,GPU board NVML,4,16384,gpu_resident,-1,1.792015,291.865,162.881559,4908.492965855755,30.13753969200829,522.988512119,70.5,2730.0,4908.492971543295,1.1587142356717095e-07,throughput_opt,throughput_gflops,single_configuration,gpu_resident
5060ti,RTX 5060 Ti,GPU,GPU board NVML,5,16384,gpu_resident,-1,1.792203,291.9185,162.8796855,4907.97807068061,30.132016375145803,523.1862641074999,71.0,2730.0,4907.978071122207,8.997558254009164e-09,throughput_opt,throughput_gflops,single_configuration,gpu_resident
5060ti,RTX 5060 Ti,GPU,GPU board NVML,1,16384,gpu_resident,-1,1.791952,290.4395,162.070587,4908.665534683965,30.285457116569884,520.4941150425,70.0,2730.0,4908.665534738997,1.121103210266483e-09,efficiency_opt,efficiency_gflop_per_j,single_configuration,gpu_resident
5060ti,RTX 5060 Ti,GPU,GPU board NVML,2,16384,gpu_resident,-1,1.7920859999999998,289.402,161.5944355,4908.298498067616,30.394029834652144,518.6584591789999,69.5,2730.0,4908.298498220447,3.113731494863714e-09,efficiency_opt,efficiency_gflop_per_j,single_configuration,gpu_resident
5060ti,RTX 5060 Ti,GPU,GPU board NVML,3,16384,gpu_resident,-1,1.792207,292.225,163.058589,4907.967116637754,30.10041242949097,523.7102860605,72.0,2730.0,4907.967116712627,1.525535253676935e-09,efficiency_opt,efficiency_gflop_per_j,single_configuration,gpu_resident
5060ti,RTX 5060 Ti,GPU,GPU board NVML,4,16384,gpu_resident,-1,1.792015,291.865,162.881559,4908.492965855755,30.13753969200829,522.988512119,70.5,2730.0,4908.492971543295,1.1587142356717095e-07,efficiency_opt,efficiency_gflop_per_j,single_configuration,gpu_resident
5060ti,RTX 5060 Ti,GPU,GPU board NVML,5,16384,gpu_resident,-1,1.792203,291.9185,162.8796855,4907.97807068061,30.132016375145803,523.1862641074999,71.0,2730.0,4907.978071122207,8.997558254009164e-09,efficiency_opt,efficiency_gflop_per_j,single_configuration,gpu_resident
AMD,AMD CPU,CPU,CPU package RAPL,1,64,8T,8,6.138008702643321e-06,0.0004388980722847,71.48723784239588,85.41662702013058,1.1945552580598033,2.693620855628583e-09,69.0,1795.0,85.4166273173939,3.480157717561383e-07,energy_opt,energy_j,tie_or_uncertain,"1T,2T,4T,8T,10T,16T,20T,32T,64T"
AMD,AMD CPU,CPU,CPU package RAPL,2,64,8T,8,6.13427514130188e-06,0.0004390853733376,71.57092028914343,85.46861494196527,1.1940456955210168,2.692611883354252e-09,69.0,1795.5,85.46861505282703,1.2971048679588648e-07,energy_opt,energy_j,tie_or_uncertain,"1T,2T,4T,8T,10T,16T,20T,32T,64T"
AMD,AMD CPU,CPU,CPU package RAPL,3,64,8T,8,6.187864285581274e-06,0.0004488895768545,72.51264293808521,84.72842580301509,1.167966526810087,2.7776677860560594e-09,74.0,1808.5,84.7284258209408,2.1156676410782893e-08,energy_opt,energy_j,tie_or_uncertain,"1T,2T,4T,8T,10T,16T,20T,32T,64T"
AMD,AMD CPU,CPU,CPU package RAPL,4,64,8T,8,6.121002484487254e-06,0.0004387737066591,71.70195036390024,85.65394334158954,1.1948938417299908,2.685904578434268e-09,69.0,1812.0,85.65394389636278,6.476914116149146e-07,energy_opt,energy_j,tie_or_uncertain,"1T,2T,4T,8T,10T,16T,20T,32T,64T"
AMD,AMD CPU,CPU,CPU package RAPL,5,64,8T,8,6.156317141884152e-06,0.000443742992477,72.08077002457784,85.16260418636274,1.1815127424849978,2.7318223955194684e-09,72.5,1795.0,85.16261251848897,9.783785159811487e-06,energy_opt,energy_j,tie_or_uncertain,"1T,2T,4T,8T,10T,16T,20T,32T,64T"
AMD,AMD CPU,CPU,CPU package RAPL,1,64,8T,8,6.138008702643321e-06,0.0004388980722847,71.48723784239588,85.41662702013058,1.1945552580598033,2.693620855628583e-09,69.0,1795.0,85.4166273173939,3.480157717561383e-07,runtime_opt,runtime_s,tie_or_uncertain,"1T,2T,4T,8T,10T,16T,20T,32T,64T"
AMD,AMD CPU,CPU,CPU package RAPL,2,64,8T,8,6.13427514130188e-06,0.0004390853733376,71.57092028914343,85.46861494196527,1.1940456955210168,2.692611883354252e-09,69.0,1795.5,85.46861505282703,1.2971048679588648e-07,runtime_opt,runtime_s,tie_or_uncertain,"1T,2T,4T,8T,10T,16T,20T,32T,64T"
AMD,AMD CPU,CPU,CPU package RAPL,3,64,8T,8,6.187864285581274e-06,0.0004488895768545,72.51264293808521,84.72842580301509,1.167966526810087,2.7776677860560594e-09,74.0,1808.5,84.7284258209408,2.1156676410782893e-08,runtime_opt,runtime_s,tie_or_uncertain,"1T,2T,4T,8T,10T,16T,20T,32T,64T"
AMD,AMD CPU,CPU,CPU package RAPL,4,64,8T,8,6.121002484487254e-06,0.0004387737066591,71.70195036390024,85.65394334158954,1.1948938417299908,2.685904578434268e-09,69.0,1812.0,85.65394389636278,6.476914116149146e-07,runtime_opt,runtime_s,tie_or_uncertain,"1T,2T,4T,8T,10T,16T,20T,32T,64T"
AMD,AMD CPU,CPU,CPU package RAPL,5,64,8T,8,6.156317141884152e-06,0.000443742992477,72.08077002457784,85.16260418636274,1.1815127424849978,2.7318223955194684e-09,72.5,1795.0,85.16261251848897,9.783785159811487e-06,runtime_opt,runtime_s,tie_or_uncertain,"1T,2T,4T,8T,10T,16T,20T,32T,64T"
AMD,AMD CPU,CPU,CPU package RAPL,1,64,8T,8,6.138008702643321e-06,0.0004388980722847,71.48723784239588,85.41662702013058,1.1945552580598033,2.693620855628583e-09,69.0,1795.0,85.4166273173939,3.480157717561383e-07,edp_opt,edp_j_s,tie_or_uncertain,"1T,2T,4T,8T,10T,16T,20T,32T,64T"
AMD,AMD CPU,CPU,CPU package RAPL,2,64,8T,8,6.13427514130188e-06,0.0004390853733376,71.57092028914343,85.46861494196527,1.1940456955210168,2.692611883354252e-09,69.0,1795.5,85.46861505282703,1.2971048679588648e-07,edp_opt,edp_j_s,tie_or_uncertain,"1T,2T,4T,8T,10T,16T,20T,32T,64T"
AMD,AMD CPU,CPU,CPU package RAPL,3,64,8T,8,6.187864285581274e-06,0.0004488895768545,72.51264293808521,84.72842580301509,1.167966526810087,2.7776677860560594e-09,74.0,1808.5,84.7284258209408,2.1156676410782893e-08,edp_opt,edp_j_s,tie_or_uncertain,"1T,2T,4T,8T,10T,16T,20T,32T,64T"
AMD,AMD CPU,CPU,CPU package RAPL,4,64,8T,8,6.121002484487254e-06,0.0004387737066591,71.70195036390024,85.65394334158954,1.1948938417299908,2.685904578434268e-09,69.0,1812.0,85.65394389636278,6.476914116149146e-07,edp_opt,edp_j_s,tie_or_uncertain,"1T,2T,4T,8T,10T,16T,20T,32T,64T"
AMD,AMD CPU,CPU,CPU package RAPL,5,64,8T,8,6.156317141884152e-06,0.000443742992477,72.08077002457784,85.16260418636274,1.1815127424849978,2.7318223955194684e-09,72.5,1795.0,85.16261251848897,9.783785159811487e-06,edp_opt,edp_j_s,tie_or_uncertain,"1T,2T,4T,8T,10T,16T,20T,32T,64T"
AMD,AMD CPU,CPU,CPU package RAPL,1,64,8T,8,6.138008702643321e-06,0.0004388980722847,71.48723784239588,85.41662702013058,1.1945552580598033,2.693620855628583e-09,69.0,1795.0,85.4166273173939,3.480157717561383e-07,throughput_opt,throughput_gflops,tie_or_uncertain,"1T,2T,4T,8T,10T,16T,20T,32T,64T"
AMD,AMD CPU,CPU,CPU package RAPL,2,64,8T,8,6.13427514130188e-06,0.0004390853733376,71.57092028914343,85.46861494196527,1.1940456955210168,2.692611883354252e-09,69.0,1795.5,85.46861505282703,1.2971048679588648e-07,throughput_opt,throughput_gflops,tie_or_uncertain,"1T,2T,4T,8T,10T,16T,20T,32T,64T"
AMD,AMD CPU,CPU,CPU package RAPL,3,64,8T,8,6.187864285581274e-06,0.0004488895768545,72.51264293808521,84.72842580301509,1.167966526810087,2.7776677860560594e-09,74.0,1808.5,84.7284258209408,2.1156676410782893e-08,throughput_opt,throughput_gflops,tie_or_uncertain,"1T,2T,4T,8T,10T,16T,20T,32T,64T"
AMD,AMD CPU,CPU,CPU package RAPL,4,64,8T,8,6.121002484487254e-06,0.0004387737066591,71.70195036390024,85.65394334158954,1.1948938417299908,2.685904578434268e-09,69.0,1812.0,85.65394389636278,6.476914116149146e-07,throughput_opt,throughput_gflops,tie_or_uncertain,"1T,2T,4T,8T,10T,16T,20T,32T,64T"
AMD,AMD CPU,CPU,CPU package RAPL,5,64,8T,8,6.156317141884152e-06,0.000443742992477,72.08077002457784,85.16260418636274,1.1815127424849978,2.7318223955194684e-09,72.5,1795.0,85.16261251848897,9.783785159811487e-06,throughput_opt,throughput_gflops,tie_or_uncertain,"1T,2T,4T,8T,10T,16T,20T,32T,64T"
AMD,AMD CPU,CPU,CPU package RAPL,1,64,8T,8,6.138008702643321e-06,0.0004388980722847,71.48723784239588,85.41662702013058,1.1945552580598033,2.693620855628583e-09,69.0,1795.0,85.4166273173939,3.480157717561383e-07,efficiency_opt,efficiency_gflop_per_j,tie_or_uncertain,"1T,2T,4T,8T,10T,16T,20T,32T,64T"
AMD,AMD CPU,CPU,CPU package RAPL,2,64,8T,8,6.13427514130188e-06,0.0004390853733376,71.57092028914343,85.46861494196527,1.1940456955210168,2.692611883354252e-09,69.0,1795.5,85.46861505282703,1.2971048679588648e-07,efficiency_opt,efficiency_gflop_per_j,tie_or_uncertain,"1T,2T,4T,8T,10T,16T,20T,32T,64T"
AMD,AMD CPU,CPU,CPU package RAPL,3,64,8T,8,6.187864285581274e-06,0.0004488895768545,72.51264293808521,84.72842580301509,1.167966526810087,2.7776677860560594e-09,74.0,1808.5,84.7284258209408,2.1156676410782893e-08,efficiency_opt,efficiency_gflop_per_j,tie_or_uncertain,"1T,2T,4T,8T,10T,16T,20T,32T,64T"
AMD,AMD CPU,CPU,CPU package RAPL,4,64,8T,8,6.121002484487254e-06,0.0004387737066591,71.70195036390024,85.65394334158954,1.1948938417299908,2.685904578434268e-09,69.0,1812.0,85.65394389636278,6.476914116149146e-07,efficiency_opt,efficiency_gflop_per_j,tie_or_uncertain,"1T,2T,4T,8T,10T,16T,20T,32T,64T"
AMD,AMD CPU,CPU,CPU package RAPL,5,64,8T,8,6.156317141884152e-06,0.000443742992477,72.08077002457784,85.16260418636274,1.1815127424849978,2.7318223955194684e-09,72.5,1795.0,85.16261251848897,9.783785159811487e-06,efficiency_opt,efficiency_gflop_per_j,tie_or_uncertain,"1T,2T,4T,8T,10T,16T,20T,32T,64T"
AMD,AMD CPU,CPU,CPU package RAPL,1,128,4T,4,1.3406942609716718e-05,0.0015256776350026,113.74900797740266,312.8456742225604,2.7491416953181282,2.0454009134503173e-08,82.5,1904.5,312.8456809646195,2.1550750517462802e-06,energy_opt,energy_j,tie_or_uncertain,"4T,10T,16T,64T"
AMD,AMD CPU,CPU,CPU package RAPL,2,128,4T,4,1.3358346501653231e-05,0.0015128181311166,113.34092793419616,313.98377033272135,2.772510398790775,2.0210748729947094e-08,80.0,1905.0,313.98377043324683,3.201614529046992e-08,energy_opt,energy_j,tie_or_uncertain,"4T,10T,16T,64T"
AMD,AMD CPU,CPU,CPU package RAPL,3,128,4T,4,1.3384121053119742e-05,0.0015232270739754,113.84165991935286,313.3791142020744,2.7535645024044113,2.0387055385465706e-08,83.0,1904.5,313.3791153827036,3.7674152686406615e-07,energy_opt,energy_j,tie_or_uncertain,"4T,10T,16T,64T"
AMD,AMD CPU,CPU,CPU package RAPL,4,128,4T,4,1.331136998821145e-05,0.0015195568035815,113.82360098087054,315.0918353042907,2.760215340495524,2.0253929201305706e-08,83.0,1940.5,315.09183550715824,6.438360955485223e-08,energy_opt,energy_j,tie_or_uncertain,"4T,10T,16T,64T"
AMD,AMD CPU,CPU,CPU package RAPL,5,128,4T,4,1.3249158205720332e-05,0.0015010768387238,113.28919338238283,316.5713575817297,2.7941967338367255,1.9889798747875138e-08,79.0,1922.0,316.5714740807326,3.680023479279981e-05,energy_opt,energy_j,tie_or_uncertain,"4T,10T,16T,64T"
AMD,AMD CPU,CPU,CPU package RAPL,1,128,4T,4,1.3406942609716718e-05,0.0015256776350026,113.74900797740266,312.8456742225604,2.7491416953181282,2.0454009134503173e-08,82.5,1904.5,312.8456809646195,2.1550750517462802e-06,runtime_opt,runtime_s,tie_or_uncertain,"4T,10T,16T,64T"
AMD,AMD CPU,CPU,CPU package RAPL,2,128,4T,4,1.3358346501653231e-05,0.0015128181311166,113.34092793419616,313.98377033272135,2.772510398790775,2.0210748729947094e-08,80.0,1905.0,313.98377043324683,3.201614529046992e-08,runtime_opt,runtime_s,tie_or_uncertain,"4T,10T,16T,64T"
AMD,AMD CPU,CPU,CPU package RAPL,3,128,4T,4,1.3384121053119742e-05,0.0015232270739754,113.84165991935286,313.3791142020744,2.7535645024044113,2.0387055385465706e-08,83.0,1904.5,313.3791153827036,3.7674152686406615e-07,runtime_opt,runtime_s,tie_or_uncertain,"4T,10T,16T,64T"
AMD,AMD CPU,CPU,CPU package RAPL,4,128,4T,4,1.331136998821145e-05,0.0015195568035815,113.82360098087054,315.0918353042907,2.760215340495524,2.0253929201305706e-08,83.0,1940.5,315.09183550715824,6.438360955485223e-08,runtime_opt,runtime_s,tie_or_uncertain,"4T,10T,16T,64T"
AMD,AMD CPU,CPU,CPU package RAPL,5,128,4T,4,1.3249158205720332e-05,0.0015010768387238,113.28919338238283,316.5713575817297,2.7941967338367255,1.9889798747875138e-08,79.0,1922.0,316.5714740807326,3.680023479279981e-05,runtime_opt,runtime_s,tie_or_uncertain,"4T,10T,16T,64T"
AMD,AMD CPU,CPU,CPU package RAPL,1,128,4T,4,1.3406942609716718e-05,0.0015256776350026,113.74900797740266,312.8456742225604,2.7491416953181282,2.0454009134503173e-08,82.5,1904.5,312.8456809646195,2.1550750517462802e-06,edp_opt,edp_j_s,tie_or_uncertain,"4T,10T,16T,64T"
AMD,AMD CPU,CPU,CPU package RAPL,2,128,4T,4,1.3358346501653231e-05,0.0015128181311166,113.34092793419616,313.98377033272135,2.772510398790775,2.0210748729947094e-08,80.0,1905.0,313.98377043324683,3.201614529046992e-08,edp_opt,edp_j_s,tie_or_uncertain,"4T,10T,16T,64T"
AMD,AMD CPU,CPU,CPU package RAPL,3,128,4T,4,1.3384121053119742e-05,0.0015232270739754,113.84165991935286,313.3791142020744,2.7535645024044113,2.0387055385465706e-08,83.0,1904.5,313.3791153827036,3.7674152686406615e-07,edp_opt,edp_j_s,tie_or_uncertain,"4T,10T,16T,64T"
AMD,AMD CPU,CPU,CPU package RAPL,4,128,4T,4,1.331136998821145e-05,0.0015195568035815,113.82360098087054,315.0918353042907,2.760215340495524,2.0253929201305706e-08,83.0,1940.5,315.09183550715824,6.438360955485223e-08,edp_opt,edp_j_s,tie_or_uncertain,"4T,10T,16T,64T"
AMD,AMD CPU,CPU,CPU package RAPL,5,128,4T,4,1.3249158205720332e-05,0.0015010768387238,113.28919338238283,316.5713575817297,2.7941967338367255,1.9889798747875138e-08,79.0,1922.0,316.5714740807326,3.680023479279981e-05,edp_opt,edp_j_s,tie_or_uncertain,"4T,10T,16T,64T"
AMD,AMD CPU,CPU,CPU package RAPL,1,128,4T,4,1.3406942609716718e-05,0.0015256776350026,113.74900797740266,312.8456742225604,2.7491416953181282,2.0454009134503173e-08,82.5,1904.5,312.8456809646195,2.1550750517462802e-06,throughput_opt,throughput_gflops,tie_or_uncertain,"4T,10T,16T,64T"
AMD,AMD CPU,CPU,CPU package RAPL,2,128,4T,4,1.3358346501653231e-05,0.0015128181311166,113.34092793419616,313.98377033272135,2.772510398790775,2.0210748729947094e-08,80.0,1905.0,313.98377043324683,3.201614529046992e-08,throughput_opt,throughput_gflops,tie_or_uncertain,"4T,10T,16T,64T"
AMD,AMD CPU,CPU,CPU package RAPL,3,128,4T,4,1.3384121053119742e-05,0.0015232270739754,113.84165991935286,313.3791142020744,2.7535645024044113,2.0387055385465706e-08,83.0,1904.5,313.3791153827036,3.7674152686406615e-07,throughput_opt,throughput_gflops,tie_or_uncertain,"4T,10T,16T,64T"
AMD,AMD CPU,CPU,CPU package RAPL,4,128,4T,4,1.331136998821145e-05,0.0015195568035815,113.82360098087054,315.0918353042907,2.760215340495524,2.0253929201305706e-08,83.0,1940.5,315.09183550715824,6.438360955485223e-08,throughput_opt,throughput_gflops,tie_or_uncertain,"4T,10T,16T,64T"
AMD,AMD CPU,CPU,CPU package RAPL,5,128,4T,4,1.3249158205720332e-05,0.0015010768387238,113.28919338238283,316.5713575817297,2.7941967338367255,1.9889798747875138e-08,79.0,1922.0,316.5714740807326,3.680023479279981e-05,throughput_opt,throughput_gflops,tie_or_uncertain,"4T,10T,16T,64T"
AMD,AMD CPU,CPU,CPU package RAPL,1,128,4T,4,1.3406942609716718e-05,0.0015256776350026,113.74900797740266,312.8456742225604,2.7491416953181282,2.0454009134503173e-08,82.5,1904.5,312.8456809646195,2.1550750517462802e-06,efficiency_opt,efficiency_gflop_per_j,tie_or_uncertain,"4T,10T,16T,64T"
AMD,AMD CPU,CPU,CPU package RAPL,2,128,4T,4,1.3358346501653231e-05,0.0015128181311166,113.34092793419616,313.98377033272135,2.772510398790775,2.0210748729947094e-08,80.0,1905.0,313.98377043324683,3.201614529046992e-08,efficiency_opt,efficiency_gflop_per_j,tie_or_uncertain,"4T,10T,16T,64T"
AMD,AMD CPU,CPU,CPU package RAPL,3,128,4T,4,1.3384121053119742e-05,0.0015232270739754,113.84165991935286,313.3791142020744,2.7535645024044113,2.0387055385465706e-08,83.0,1904.5,313.3791153827036,3.7674152686406615e-07,efficiency_opt,efficiency_gflop_per_j,tie_or_uncertain,"4T,10T,16T,64T"
AMD,AMD CPU,CPU,CPU package RAPL,4,128,4T,4,1.331136998821145e-05,0.0015195568035815,113.82360098087054,315.0918353042907,2.760215340495524,2.0253929201305706e-08,83.0,1940.5,315.09183550715824,6.438360955485223e-08,efficiency_opt,efficiency_gflop_per_j,tie_or_uncertain,"4T,10T,16T,64T"
AMD,AMD CPU,CPU,CPU package RAPL,5,128,4T,4,1.3249158205720332e-05,0.0015010768387238,113.28919338238283,316.5713575817297,2.7941967338367255,1.9889798747875138e-08,79.0,1922.0,316.5714740807326,3.680023479279981e-05,efficiency_opt,efficiency_gflop_per_j,tie_or_uncertain,"4T,10T,16T,64T"
AMD,AMD CPU,CPU,CPU package RAPL,1,256,4T,4,8.796396982310093e-05,0.0105701415626083,120.29068101388636,381.45654484988916,3.1744543629101662,9.29075124831115e-07,89.0,1902.0,381.4565558806222,2.8917404026884697e-06,energy_opt,energy_j,tie_or_uncertain,"4T,8T"
AMD,AMD CPU,CPU,CPU package RAPL,2,256,4T,4,8.740453284798059e-05,0.0104298685214075,119.26878718675022,383.89807606843414,3.217148129061157,9.11868827924908e-07,82.0,1905.0,383.89816141540143,2.2231673613148928e-05,energy_opt,energy_j,tie_or_uncertain,"4T,8T"
AMD,AMD CPU,CPU,CPU package RAPL,3,256,4T,4,8.743677808890445e-05,0.0104694173083654,119.58106089777736,383.7565007928625,3.204995178976096,9.164640167787572e-07,85.0,1934.0,383.75657037955534,1.8133032986256126e-05,energy_opt,energy_j,tie_or_uncertain,"4T,8T"
AMD,AMD CPU,CPU,CPU package RAPL,4,256,4T,4,8.717490084497327e-05,0.010384113554061,119.41058599083796,384.9093222333712,3.231323677780622,9.055697330612818e-07,83.0,1939.5,384.9093400459927,4.62774487619555e-06,energy_opt,energy_j,tie_or_uncertain,"4T,8T"
AMD,AMD CPU,CPU,CPU package RAPL,5,256,4T,4,8.665355384748251e-05,0.0103382299421366,119.3686556380722,387.22511091765034,3.2456650884924416,8.953267011871592e-07,82.0,1934.5,387.2271165574022,0.0005179518825837448,energy_opt,energy_j,tie_or_uncertain,"4T,8T"
AMD,AMD CPU,CPU,CPU package RAPL,1,256,16T,16,6.52472982592377e-05,0.0116606058370542,178.72521126990875,514.2654622522914,2.8775890780368583,7.610485859590864e-07,67.0,2384.5,514.2654722382404,1.941788774217912e-06,runtime_opt,runtime_s,tie_or_uncertain,"8T,16T"
AMD,AMD CPU,CPU,CPU package RAPL,2,256,16T,16,6.875187329700273e-05,0.0120990420980926,176.0025863234219,488.05116705762293,2.773313104290282,8.318323509434511e-07,68.0,2348.0,488.0519453173272,0.000159462727844506,runtime_opt,runtime_s,tie_or_uncertain,"8T,16T"
AMD,AMD CPU,CPU,CPU package RAPL,3,256,16T,16,6.577063919149494e-05,0.0116605535175219,177.2949059613457,510.173421035249,2.877601989440634,7.669382439931066e-07,77.0,2347.0,510.17342988529714,1.73471368380973e-06,runtime_opt,runtime_s,tie_or_uncertain,"8T,16T"
AMD,AMD CPU,CPU,CPU package RAPL,4,256,16T,16,6.542946749428291e-05,0.0117967718065991,180.11621353219329,512.8336403308176,2.84437408386841,7.718843541403335e-07,75.0,2361.0,512.8336544230324,2.7479115427553324e-06,runtime_opt,runtime_s,tie_or_uncertain,"8T,16T"
AMD,AMD CPU,CPU,CPU package RAPL,5,256,16T,16,7.280384255594732e-05,0.0125795238180902,172.7819282688329,460.8882007047161,2.667384909414971,9.148003168833507e-07,71.0,2381.5,460.8882079666505,1.5756390414622956e-06,runtime_opt,runtime_s,tie_or_uncertain,"8T,16T"
AMD,AMD CPU,CPU,CPU package RAPL,1,256,16T,16,6.52472982592377e-05,0.0116606058370542,178.72521126990875,514.2654622522914,2.8775890780368583,7.610485859590864e-07,67.0,2384.5,514.2654722382404,1.941788774217912e-06,edp_opt,edp_j_s,tie_or_uncertain,"4T,8T,16T"
AMD,AMD CPU,CPU,CPU package RAPL,2,256,16T,16,6.875187329700273e-05,0.0120990420980926,176.0025863234219,488.05116705762293,2.773313104290282,8.318323509434511e-07,68.0,2348.0,488.0519453173272,0.000159462727844506,edp_opt,edp_j_s,tie_or_uncertain,"4T,8T,16T"
AMD,AMD CPU,CPU,CPU package RAPL,3,256,16T,16,6.577063919149494e-05,0.0116605535175219,177.2949059613457,510.173421035249,2.877601989440634,7.669382439931066e-07,77.0,2347.0,510.17342988529714,1.73471368380973e-06,edp_opt,edp_j_s,tie_or_uncertain,"4T,8T,16T"
AMD,AMD CPU,CPU,CPU package RAPL,4,256,16T,16,6.542946749428291e-05,0.0117967718065991,180.11621353219329,512.8336403308176,2.84437408386841,7.718843541403335e-07,75.0,2361.0,512.8336544230324,2.7479115427553324e-06,edp_opt,edp_j_s,tie_or_uncertain,"4T,8T,16T"
AMD,AMD CPU,CPU,CPU package RAPL,5,256,16T,16,7.280384255594732e-05,0.0125795238180902,172.7819282688329,460.8882007047161,2.667384909414971,9.148003168833507e-07,71.0,2381.5,460.8882079666505,1.5756390414622956e-06,edp_opt,edp_j_s,tie_or_uncertain,"4T,8T,16T"
AMD,AMD CPU,CPU,CPU package RAPL,1,256,16T,16,6.52472982592377e-05,0.0116606058370542,178.72521126990875,514.2654622522914,2.8775890780368583,7.610485859590864e-07,67.0,2384.5,514.2654722382404,1.941788774217912e-06,throughput_opt,throughput_gflops,tie_or_uncertain,"8T,16T"
AMD,AMD CPU,CPU,CPU package RAPL,2,256,16T,16,6.875187329700273e-05,0.0120990420980926,176.0025863234219,488.05116705762293,2.773313104290282,8.318323509434511e-07,68.0,2348.0,488.0519453173272,0.000159462727844506,throughput_opt,throughput_gflops,tie_or_uncertain,"8T,16T"
AMD,AMD CPU,CPU,CPU package RAPL,3,256,16T,16,6.577063919149494e-05,0.0116605535175219,177.2949059613457,510.173421035249,2.877601989440634,7.669382439931066e-07,77.0,2347.0,510.17342988529714,1.73471368380973e-06,throughput_opt,throughput_gflops,tie_or_uncertain,"8T,16T"
AMD,AMD CPU,CPU,CPU package RAPL,4,256,16T,16,6.542946749428291e-05,0.0117967718065991,180.11621353219329,512.8336403308176,2.84437408386841,7.718843541403335e-07,75.0,2361.0,512.8336544230324,2.7479115427553324e-06,throughput_opt,throughput_gflops,tie_or_uncertain,"8T,16T"
AMD,AMD CPU,CPU,CPU package RAPL,5,256,16T,16,7.280384255594732e-05,0.0125795238180902,172.7819282688329,460.8882007047161,2.667384909414971,9.148003168833507e-07,71.0,2381.5,460.8882079666505,1.5756390414622956e-06,throughput_opt,throughput_gflops,tie_or_uncertain,"8T,16T"
AMD,AMD CPU,CPU,CPU package RAPL,1,256,4T,4,8.796396982310093e-05,0.0105701415626083,120.29068101388636,381.45654484988916,3.1744543629101662,9.29075124831115e-07,89.0,1902.0,381.4565558806222,2.8917404026884697e-06,efficiency_opt,efficiency_gflop_per_j,tie_or_uncertain,"4T,8T"
AMD,AMD CPU,CPU,CPU package RAPL,2,256,4T,4,8.740453284798059e-05,0.0104298685214075,119.26878718675022,383.89807606843414,3.217148129061157,9.11868827924908e-07,82.0,1905.0,383.89816141540143,2.2231673613148928e-05,efficiency_opt,efficiency_gflop_per_j,tie_or_uncertain,"4T,8T"
AMD,AMD CPU,CPU,CPU package RAPL,3,256,4T,4,8.743677808890445e-05,0.0104694173083654,119.58106089777736,383.7565007928625,3.204995178976096,9.164640167787572e-07,85.0,1934.0,383.75657037955534,1.8133032986256126e-05,efficiency_opt,efficiency_gflop_per_j,tie_or_uncertain,"4T,8T"
AMD,AMD CPU,CPU,CPU package RAPL,4,256,4T,4,8.717490084497327e-05,0.010384113554061,119.41058599083796,384.9093222333712,3.231323677780622,9.055697330612818e-07,83.0,1939.5,384.9093400459927,4.62774487619555e-06,efficiency_opt,efficiency_gflop_per_j,tie_or_uncertain,"4T,8T"
AMD,AMD CPU,CPU,CPU package RAPL,5,256,4T,4,8.665355384748251e-05,0.0103382299421366,119.3686556380722,387.22511091765034,3.2456650884924416,8.953267011871592e-07,82.0,1934.5,387.2271165574022,0.0005179518825837448,efficiency_opt,efficiency_gflop_per_j,tie_or_uncertain,"4T,8T"
AMD,AMD CPU,CPU,CPU package RAPL,1,512,16T,16,0.0002918957489878,0.0636516237709658,217.91121082468092,919.6278360710882,4.217260143525904,1.857615111089364e-05,79.0,2338.0,919.6278361216896,5.502376332344738e-09,energy_opt,energy_j,tie_or_uncertain,"8T,16T"
AMD,AMD CPU,CPU,CPU package RAPL,2,512,16T,16,0.0003210643998746,0.0675389177373864,210.30151909100184,836.0797899263961,3.974530019029408,2.168275909047525e-05,77.0,2369.0,836.079790820194,1.0690341945007731e-07,energy_opt,energy_j,tie_or_uncertain,"8T,16T"
AMD,AMD CPU,CPU,CPU package RAPL,3,512,16T,16,0.000330853602115,0.0683055305684071,206.38006839406,811.3420989948771,3.929922712937064,2.259273113198905e-05,75.5,2371.0,811.342099111431,1.4365575395913766e-08,energy_opt,energy_j,tie_or_uncertain,"8T,16T"
AMD,AMD CPU,CPU,CPU package RAPL,4,512,16T,16,0.0003125081148564,0.0663010816167291,212.14487167008477,858.9711538317916,4.048734190367542,2.07185034281708e-05,77.0,2375.5,858.971164966466,1.2962803497273967e-06,energy_opt,energy_j,tie_or_uncertain,"8T,16T"
AMD,AMD CPU,CPU,CPU package RAPL,5,512,16T,16,0.0003268417207792,0.0676380974025974,206.99490834316776,821.3010730699931,3.9687020526643573,2.209972125114337e-05,74.5,2344.5,821.3011386679344,7.987076044990715e-06,energy_opt,energy_j,tie_or_uncertain,"8T,16T"
AMD,AMD CPU,CPU,CPU package RAPL,1,512,16T,16,0.0002918957489878,0.0636516237709658,217.91121082468092,919.6278360710882,4.217260143525904,1.857615111089364e-05,79.0,2338.0,919.6278361216896,5.502376332344738e-09,runtime_opt,runtime_s,tie_or_uncertain,"8T,16T,20T,32T"
AMD,AMD CPU,CPU,CPU package RAPL,2,512,16T,16,0.0003210643998746,0.0675389177373864,210.30151909100184,836.0797899263961,3.974530019029408,2.168275909047525e-05,77.0,2369.0,836.079790820194,1.0690341945007731e-07,runtime_opt,runtime_s,tie_or_uncertain,"8T,16T,20T,32T"
AMD,AMD CPU,CPU,CPU package RAPL,3,512,16T,16,0.000330853602115,0.0683055305684071,206.38006839406,811.3420989948771,3.929922712937064,2.259273113198905e-05,75.5,2371.0,811.342099111431,1.4365575395913766e-08,runtime_opt,runtime_s,tie_or_uncertain,"8T,16T,20T,32T"
AMD,AMD CPU,CPU,CPU package RAPL,4,512,16T,16,0.0003125081148564,0.0663010816167291,212.14487167008477,858.9711538317916,4.048734190367542,2.07185034281708e-05,77.0,2375.5,858.971164966466,1.2962803497273967e-06,runtime_opt,runtime_s,tie_or_uncertain,"8T,16T,20T,32T"
AMD,AMD CPU,CPU,CPU package RAPL,5,512,16T,16,0.0003268417207792,0.0676380974025974,206.99490834316776,821.3010730699931,3.9687020526643573,2.209972125114337e-05,74.5,2344.5,821.3011386679344,7.987076044990715e-06,runtime_opt,runtime_s,tie_or_uncertain,"8T,16T,20T,32T"
AMD,AMD CPU,CPU,CPU package RAPL,1,512,16T,16,0.0002918957489878,0.0636516237709658,217.91121082468092,919.6278360710882,4.217260143525904,1.857615111089364e-05,79.0,2338.0,919.6278361216896,5.502376332344738e-09,edp_opt,edp_j_s,tie_or_uncertain,"8T,16T"
AMD,AMD CPU,CPU,CPU package RAPL,2,512,16T,16,0.0003210643998746,0.0675389177373864,210.30151909100184,836.0797899263961,3.974530019029408,2.168275909047525e-05,77.0,2369.0,836.079790820194,1.0690341945007731e-07,edp_opt,edp_j_s,tie_or_uncertain,"8T,16T"
AMD,AMD CPU,CPU,CPU package RAPL,3,512,16T,16,0.000330853602115,0.0683055305684071,206.38006839406,811.3420989948771,3.929922712937064,2.259273113198905e-05,75.5,2371.0,811.342099111431,1.4365575395913766e-08,edp_opt,edp_j_s,tie_or_uncertain,"8T,16T"
AMD,AMD CPU,CPU,CPU package RAPL,4,512,16T,16,0.0003125081148564,0.0663010816167291,212.14487167008477,858.9711538317916,4.048734190367542,2.07185034281708e-05,77.0,2375.5,858.971164966466,1.2962803497273967e-06,edp_opt,edp_j_s,tie_or_uncertain,"8T,16T"
AMD,AMD CPU,CPU,CPU package RAPL,5,512,16T,16,0.0003268417207792,0.0676380974025974,206.99490834316776,821.3010730699931,3.9687020526643573,2.209972125114337e-05,74.5,2344.5,821.3011386679344,7.987076044990715e-06,edp_opt,edp_j_s,tie_or_uncertain,"8T,16T"
AMD,AMD CPU,CPU,CPU package RAPL,1,512,16T,16,0.0002918957489878,0.0636516237709658,217.91121082468092,919.6278360710882,4.217260143525904,1.857615111089364e-05,79.0,2338.0,919.6278361216896,5.502376332344738e-09,throughput_opt,throughput_gflops,tie_or_uncertain,"8T,16T,20T,32T"
AMD,AMD CPU,CPU,CPU package RAPL,2,512,16T,16,0.0003210643998746,0.0675389177373864,210.30151909100184,836.0797899263961,3.974530019029408,2.168275909047525e-05,77.0,2369.0,836.079790820194,1.0690341945007731e-07,throughput_opt,throughput_gflops,tie_or_uncertain,"8T,16T,20T,32T"
AMD,AMD CPU,CPU,CPU package RAPL,3,512,16T,16,0.000330853602115,0.0683055305684071,206.38006839406,811.3420989948771,3.929922712937064,2.259273113198905e-05,75.5,2371.0,811.342099111431,1.4365575395913766e-08,throughput_opt,throughput_gflops,tie_or_uncertain,"8T,16T,20T,32T"
AMD,AMD CPU,CPU,CPU package RAPL,4,512,16T,16,0.0003125081148564,0.0663010816167291,212.14487167008477,858.9711538317916,4.048734190367542,2.07185034281708e-05,77.0,2375.5,858.971164966466,1.2962803497273967e-06,throughput_opt,throughput_gflops,tie_or_uncertain,"8T,16T,20T,32T"
AMD,AMD CPU,CPU,CPU package RAPL,5,512,16T,16,0.0003268417207792,0.0676380974025974,206.99490834316776,821.3010730699931,3.9687020526643573,2.209972125114337e-05,74.5,2344.5,821.3011386679344,7.987076044990715e-06,throughput_opt,throughput_gflops,tie_or_uncertain,"8T,16T,20T,32T"
AMD,AMD CPU,CPU,CPU package RAPL,1,512,16T,16,0.0002918957489878,0.0636516237709658,217.91121082468092,919.6278360710882,4.217260143525904,1.857615111089364e-05,79.0,2338.0,919.6278361216896,5.502376332344738e-09,efficiency_opt,efficiency_gflop_per_j,tie_or_uncertain,"8T,16T"
AMD,AMD CPU,CPU,CPU package RAPL,2,512,16T,16,0.0003210643998746,0.0675389177373864,210.30151909100184,836.0797899263961,3.974530019029408,2.168275909047525e-05,77.0,2369.0,836.079790820194,1.0690341945007731e-07,efficiency_opt,efficiency_gflop_per_j,tie_or_uncertain,"8T,16T"
AMD,AMD CPU,CPU,CPU package RAPL,3,512,16T,16,0.000330853602115,0.0683055305684071,206.38006839406,811.3420989948771,3.929922712937064,2.259273113198905e-05,75.5,2371.0,811.342099111431,1.4365575395913766e-08,efficiency_opt,efficiency_gflop_per_j,tie_or_uncertain,"8T,16T"
AMD,AMD CPU,CPU,CPU package RAPL,4,512,16T,16,0.0003125081148564,0.0663010816167291,212.14487167008477,858.9711538317916,4.048734190367542,2.07185034281708e-05,77.0,2375.5,858.971164966466,1.2962803497273967e-06,efficiency_opt,efficiency_gflop_per_j,tie_or_uncertain,"8T,16T"
AMD,AMD CPU,CPU,CPU package RAPL,5,512,16T,16,0.0003268417207792,0.0676380974025974,206.99490834316776,821.3010730699931,3.9687020526643573,2.209972125114337e-05,74.5,2344.5,821.3011386679344,7.987076044990715e-06,efficiency_opt,efficiency_gflop_per_j,tie_or_uncertain,"8T,16T"
AMD,AMD CPU,CPU,CPU package RAPL,1,1024,16T,16,0.0018604453703703,0.4429525953703703,238.12725856244035,1154.284711715329,4.8481116725468185,0.0008238288951096,80.5,2335.0,1154.2847123468637,5.471221253827707e-08,energy_opt,energy_j,clear_leader,16T
AMD,AMD CPU,CPU,CPU package RAPL,2,1024,16T,16,0.0018885992509363,0.4461501058052434,236.1767458932333,1137.0774646528926,4.813365770975374,0.0008427288228742,80.0,2368.0,1137.0774721700664,6.610960223696338e-07,energy_opt,energy_j,clear_leader,16T
AMD,AMD CPU,CPU,CPU package RAPL,3,1024,16T,16,0.0019166435361216,0.4515001606463878,234.88894967749215,1120.4397727213864,4.756329753959703,0.000863629102553,82.0,2362.0,1120.4398014740943,2.5661984315306086e-06,energy_opt,energy_j,clear_leader,16T
AMD,AMD CPU,CPU,CPU package RAPL,4,1024,16T,16,0.0018749255514705,0.4433394209558823,236.511590524279,1145.3700901967725,4.8438815645354065,0.0008314016702992,78.5,2358.5,1145.3701413265724,4.464041825080756e-06,energy_opt,energy_j,clear_leader,16T
AMD,AMD CPU,CPU,CPU package RAPL,5,1024,16T,16,0.0018773803738317,0.4434588682242991,236.19859088495195,1143.872428801961,4.842576847316118,0.0008324638580854,80.0,2337.5,1143.8728838516777,3.978150930894486e-05,energy_opt,energy_j,clear_leader,16T
AMD,AMD CPU,CPU,CPU package RAPL,1,1024,32T,32,0.0016064703525641,0.4585569022435898,285.3903735643719,1336.7714160254402,4.683134497579181,0.0007362971577095,72.0,2925.0,1336.7714311137884,1.1287156542749699e-06,runtime_opt,runtime_s,tie_or_uncertain,"32T,64T"
AMD,AMD CPU,CPU,CPU package RAPL,2,1024,32T,32,0.0016052744,0.4598089488,285.9666256243796,1337.767329996666,4.6703824568974985,0.0007378120717038,75.5,2938.0,1337.7673406422152,7.957698722194095e-07,runtime_opt,runtime_s,tie_or_uncertain,"32T,64T"
AMD,AMD CPU,CPU,CPU package RAPL,3,1024,32T,32,0.0017910196428571,0.4866835678571428,271.8211382805725,1199.0285291200132,4.412484394029007,0.0008717435754872,76.0,2920.0,1199.028531533654,2.012996880296214e-07,runtime_opt,runtime_s,tie_or_uncertain,"32T,64T"
AMD,AMD CPU,CPU,CPU package RAPL,4,1024,32T,32,0.001594576433121,0.4573614785031847,286.7336435881711,1346.7423720773404,4.695374990976742,0.0007291907057415,74.5,2945.0,1346.742405180821,2.458041059583138e-06,runtime_opt,runtime_s,tie_or_uncertain,"32T,64T"
AMD,AMD CPU,CPU,CPU package RAPL,5,1024,32T,32,0.0016241653160453,0.4598204902755267,282.89777238475915,1322.2075528794903,4.67026523048857,0.0007462383184418,73.0,2946.5,1322.207594128611,3.1197159966467325e-06,runtime_opt,runtime_s,tie_or_uncertain,"32T,64T"
AMD,AMD CPU,CPU,CPU package RAPL,1,1024,32T,32,0.0016064703525641,0.4585569022435898,285.3903735643719,1336.7714160254402,4.683134497579181,0.0007362971577095,72.0,2925.0,1336.7714311137884,1.1287156542749699e-06,edp_opt,edp_j_s,tie_or_uncertain,"16T,20T,32T,64T"
AMD,AMD CPU,CPU,CPU package RAPL,2,1024,32T,32,0.0016052744,0.4598089488,285.9666256243796,1337.767329996666,4.6703824568974985,0.0007378120717038,75.5,2938.0,1337.7673406422152,7.957698722194095e-07,edp_opt,edp_j_s,tie_or_uncertain,"16T,20T,32T,64T"
AMD,AMD CPU,CPU,CPU package RAPL,3,1024,32T,32,0.0017910196428571,0.4866835678571428,271.8211382805725,1199.0285291200132,4.412484394029007,0.0008717435754872,76.0,2920.0,1199.028531533654,2.012996880296214e-07,edp_opt,edp_j_s,tie_or_uncertain,"16T,20T,32T,64T"
AMD,AMD CPU,CPU,CPU package RAPL,4,1024,32T,32,0.001594576433121,0.4573614785031847,286.7336435881711,1346.7423720773404,4.695374990976742,0.0007291907057415,74.5,2945.0,1346.742405180821,2.458041059583138e-06,edp_opt,edp_j_s,tie_or_uncertain,"16T,20T,32T,64T"
AMD,AMD CPU,CPU,CPU package RAPL,5,1024,32T,32,0.0016241653160453,0.4598204902755267,282.89777238475915,1322.2075528794903,4.67026523048857,0.0007462383184418,73.0,2946.5,1322.207594128611,3.1197159966467325e-06,edp_opt,edp_j_s,tie_or_uncertain,"16T,20T,32T,64T"
AMD,AMD CPU,CPU,CPU package RAPL,1,1024,32T,32,0.0016064703525641,0.4585569022435898,285.3903735643719,1336.7714160254402,4.683134497579181,0.0007362971577095,72.0,2925.0,1336.7714311137884,1.1287156542749699e-06,throughput_opt,throughput_gflops,tie_or_uncertain,"32T,64T"
AMD,AMD CPU,CPU,CPU package RAPL,2,1024,32T,32,0.0016052744,0.4598089488,285.9666256243796,1337.767329996666,4.6703824568974985,0.0007378120717038,75.5,2938.0,1337.7673406422152,7.957698722194095e-07,throughput_opt,throughput_gflops,tie_or_uncertain,"32T,64T"
AMD,AMD CPU,CPU,CPU package RAPL,3,1024,32T,32,0.0017910196428571,0.4866835678571428,271.8211382805725,1199.0285291200132,4.412484394029007,0.0008717435754872,76.0,2920.0,1199.028531533654,2.012996880296214e-07,throughput_opt,throughput_gflops,tie_or_uncertain,"32T,64T"
AMD,AMD CPU,CPU,CPU package RAPL,4,1024,32T,32,0.001594576433121,0.4573614785031847,286.7336435881711,1346.7423720773404,4.695374990976742,0.0007291907057415,74.5,2945.0,1346.742405180821,2.458041059583138e-06,throughput_opt,throughput_gflops,tie_or_uncertain,"32T,64T"
AMD,AMD CPU,CPU,CPU package RAPL,5,1024,32T,32,0.0016241653160453,0.4598204902755267,282.89777238475915,1322.2075528794903,4.67026523048857,0.0007462383184418,73.0,2946.5,1322.207594128611,3.1197159966467325e-06,throughput_opt,throughput_gflops,tie_or_uncertain,"32T,64T"
AMD,AMD CPU,CPU,CPU package RAPL,1,1024,16T,16,0.0018604453703703,0.4429525953703703,238.12725856244035,1154.284711715329,4.8481116725468185,0.0008238288951096,80.5,2335.0,1154.2847123468637,5.471221253827707e-08,efficiency_opt,efficiency_gflop_per_j,clear_leader,16T
AMD,AMD CPU,CPU,CPU package RAPL,2,1024,16T,16,0.0018885992509363,0.4461501058052434,236.1767458932333,1137.0774646528926,4.813365770975374,0.0008427288228742,80.0,2368.0,1137.0774721700664,6.610960223696338e-07,efficiency_opt,efficiency_gflop_per_j,clear_leader,16T
AMD,AMD CPU,CPU,CPU package RAPL,3,1024,16T,16,0.0019166435361216,0.4515001606463878,234.88894967749215,1120.4397727213864,4.756329753959703,0.000863629102553,82.0,2362.0,1120.4398014740943,2.5661984315306086e-06,efficiency_opt,efficiency_gflop_per_j,clear_leader,16T
AMD,AMD CPU,CPU,CPU package RAPL,4,1024,16T,16,0.0018749255514705,0.4433394209558823,236.511590524279,1145.3700901967725,4.8438815645354065,0.0008314016702992,78.5,2358.5,1145.3701413265724,4.464041825080756e-06,efficiency_opt,efficiency_gflop_per_j,clear_leader,16T
AMD,AMD CPU,CPU,CPU package RAPL,5,1024,16T,16,0.0018773803738317,0.4434588682242991,236.19859088495195,1143.872428801961,4.842576847316118,0.0008324638580854,80.0,2337.5,1143.8728838516777,3.978150930894486e-05,efficiency_opt,efficiency_gflop_per_j,clear_leader,16T
AMD,AMD CPU,CPU,CPU package RAPL,1,2048,64T,64,0.0084357058823529,1.9985477773109244,236.7445798640632,2036.5656915492368,8.596176373184218,0.0168591616146213,69.0,3624.5,2036.565735220547,2.1443604891757673e-06,energy_opt,energy_j,clear_leader,64T
AMD,AMD CPU,CPU,CPU package RAPL,2,2048,64T,64,0.0083304173553719,1.998782991735537,239.40705085230888,2062.305938720045,8.59516478528906,0.0166475496378321,65.0,3650.0,2062.305988433909,2.4105959672837685e-06,energy_opt,energy_j,clear_leader,64T
AMD,AMD CPU,CPU,CPU package RAPL,3,2048,64T,64,0.0081551048387096,1.9723544717741937,241.89555834955743,2106.6398928990848,8.71033550503028,0.0160820759308007,64.0,3647.0,2106.6398929011248,9.683365220780615e-11,energy_opt,energy_j,clear_leader,64T
AMD,AMD CPU,CPU,CPU package RAPL,4,2048,64T,64,0.0082813305785123,1.999129326446281,241.25185126406083,2074.5300554209102,8.593675735095893,0.0165557735243469,66.5,3648.5,2074.5300555221243,4.878897286175743e-09,energy_opt,energy_j,clear_leader,64T
AMD,AMD CPU,CPU,CPU package RAPL,5,2048,64T,64,0.0084559873949579,2.034774886554622,240.48459505825045,2031.6810304428718,8.443130145511956,0.0172098362740842,68.0,3648.0,2031.6810312860712,4.1502556946682034e-08,energy_opt,energy_j,clear_leader,64T
AMD,AMD CPU,CPU,CPU package RAPL,1,2048,64T,64,0.0084357058823529,1.9985477773109244,236.7445798640632,2036.5656915492368,8.596176373184218,0.0168591616146213,69.0,3624.5,2036.565735220547,2.1443604891757673e-06,runtime_opt,runtime_s,tie_or_uncertain,"32T,64T"
AMD,AMD CPU,CPU,CPU package RAPL,2,2048,64T,64,0.0083304173553719,1.998782991735537,239.40705085230888,2062.305938720045,8.59516478528906,0.0166475496378321,65.0,3650.0,2062.305988433909,2.4105959672837685e-06,runtime_opt,runtime_s,tie_or_uncertain,"32T,64T"
AMD,AMD CPU,CPU,CPU package RAPL,3,2048,64T,64,0.0081551048387096,1.9723544717741937,241.89555834955743,2106.6398928990848,8.71033550503028,0.0160820759308007,64.0,3647.0,2106.6398929011248,9.683365220780615e-11,runtime_opt,runtime_s,tie_or_uncertain,"32T,64T"
AMD,AMD CPU,CPU,CPU package RAPL,4,2048,64T,64,0.0082813305785123,1.999129326446281,241.25185126406083,2074.5300554209102,8.593675735095893,0.0165557735243469,66.5,3648.5,2074.5300555221243,4.878897286175743e-09,runtime_opt,runtime_s,tie_or_uncertain,"32T,64T"
AMD,AMD CPU,CPU,CPU package RAPL,5,2048,64T,64,0.0084559873949579,2.034774886554622,240.48459505825045,2031.6810304428718,8.443130145511956,0.0172098362740842,68.0,3648.0,2031.6810312860712,4.1502556946682034e-08,runtime_opt,runtime_s,tie_or_uncertain,"32T,64T"
AMD,AMD CPU,CPU,CPU package RAPL,1,2048,64T,64,0.0084357058823529,1.9985477773109244,236.7445798640632,2036.5656915492368,8.596176373184218,0.0168591616146213,69.0,3624.5,2036.565735220547,2.1443604891757673e-06,edp_opt,edp_j_s,clear_leader,64T
AMD,AMD CPU,CPU,CPU package RAPL,2,2048,64T,64,0.0083304173553719,1.998782991735537,239.40705085230888,2062.305938720045,8.59516478528906,0.0166475496378321,65.0,3650.0,2062.305988433909,2.4105959672837685e-06,edp_opt,edp_j_s,clear_leader,64T
AMD,AMD CPU,CPU,CPU package RAPL,3,2048,64T,64,0.0081551048387096,1.9723544717741937,241.89555834955743,2106.6398928990848,8.71033550503028,0.0160820759308007,64.0,3647.0,2106.6398929011248,9.683365220780615e-11,edp_opt,edp_j_s,clear_leader,64T
AMD,AMD CPU,CPU,CPU package RAPL,4,2048,64T,64,0.0082813305785123,1.999129326446281,241.25185126406083,2074.5300554209102,8.593675735095893,0.0165557735243469,66.5,3648.5,2074.5300555221243,4.878897286175743e-09,edp_opt,edp_j_s,clear_leader,64T
AMD,AMD CPU,CPU,CPU package RAPL,5,2048,64T,64,0.0084559873949579,2.034774886554622,240.48459505825045,2031.6810304428718,8.443130145511956,0.0172098362740842,68.0,3648.0,2031.6810312860712,4.1502556946682034e-08,edp_opt,edp_j_s,clear_leader,64T
AMD,AMD CPU,CPU,CPU package RAPL,1,2048,64T,64,0.0084357058823529,1.9985477773109244,236.7445798640632,2036.5656915492368,8.596176373184218,0.0168591616146213,69.0,3624.5,2036.565735220547,2.1443604891757673e-06,throughput_opt,throughput_gflops,tie_or_uncertain,"32T,64T"
AMD,AMD CPU,CPU,CPU package RAPL,2,2048,64T,64,0.0083304173553719,1.998782991735537,239.40705085230888,2062.305938720045,8.59516478528906,0.0166475496378321,65.0,3650.0,2062.305988433909,2.4105959672837685e-06,throughput_opt,throughput_gflops,tie_or_uncertain,"32T,64T"
AMD,AMD CPU,CPU,CPU package RAPL,3,2048,64T,64,0.0081551048387096,1.9723544717741937,241.89555834955743,2106.6398928990848,8.71033550503028,0.0160820759308007,64.0,3647.0,2106.6398929011248,9.683365220780615e-11,throughput_opt,throughput_gflops,tie_or_uncertain,"32T,64T"
AMD,AMD CPU,CPU,CPU package RAPL,4,2048,64T,64,0.0082813305785123,1.999129326446281,241.25185126406083,2074.5300554209102,8.593675735095893,0.0165557735243469,66.5,3648.5,2074.5300555221243,4.878897286175743e-09,throughput_opt,throughput_gflops,tie_or_uncertain,"32T,64T"
AMD,AMD CPU,CPU,CPU package RAPL,5,2048,64T,64,0.0084559873949579,2.034774886554622,240.48459505825045,2031.6810304428718,8.443130145511956,0.0172098362740842,68.0,3648.0,2031.6810312860712,4.1502556946682034e-08,throughput_opt,throughput_gflops,tie_or_uncertain,"32T,64T"
AMD,AMD CPU,CPU,CPU package RAPL,1,2048,64T,64,0.0084357058823529,1.9985477773109244,236.7445798640632,2036.5656915492368,8.596176373184218,0.0168591616146213,69.0,3624.5,2036.565735220547,2.1443604891757673e-06,efficiency_opt,efficiency_gflop_per_j,clear_leader,64T
AMD,AMD CPU,CPU,CPU package RAPL,2,2048,64T,64,0.0083304173553719,1.998782991735537,239.40705085230888,2062.305938720045,8.59516478528906,0.0166475496378321,65.0,3650.0,2062.305988433909,2.4105959672837685e-06,efficiency_opt,efficiency_gflop_per_j,clear_leader,64T
AMD,AMD CPU,CPU,CPU package RAPL,3,2048,64T,64,0.0081551048387096,1.9723544717741937,241.89555834955743,2106.6398928990848,8.71033550503028,0.0160820759308007,64.0,3647.0,2106.6398929011248,9.683365220780615e-11,efficiency_opt,efficiency_gflop_per_j,clear_leader,64T
AMD,AMD CPU,CPU,CPU package RAPL,4,2048,64T,64,0.0082813305785123,1.999129326446281,241.25185126406083,2074.5300554209102,8.593675735095893,0.0165557735243469,66.5,3648.5,2074.5300555221243,4.878897286175743e-09,efficiency_opt,efficiency_gflop_per_j,clear_leader,64T
AMD,AMD CPU,CPU,CPU package RAPL,5,2048,64T,64,0.0084559873949579,2.034774886554622,240.48459505825045,2031.6810304428718,8.443130145511956,0.0172098362740842,68.0,3648.0,2031.6810312860712,4.1502556946682034e-08,efficiency_opt,efficiency_gflop_per_j,clear_leader,64T
AMD,AMD CPU,CPU,CPU package RAPL,1,4096,64T,64,0.0545302894736842,13.589177105263158,249.03605014839263,2520.4148886524204,10.113854018340021,0.7408042726817797,75.0,3565.5,2520.4152057580623,1.258148583094254e-05,energy_opt,energy_j,clear_leader,64T
AMD,AMD CPU,CPU,CPU package RAPL,2,4096,64T,64,0.0584261388888888,14.264868222222225,244.1697796130177,2352.35386225629,9.634786058373368,0.8325075583566559,68.5,3574.0,2352.3538911228525,1.227135215664532e-06,energy_opt,energy_j,clear_leader,64T
AMD,AMD CPU,CPU,CPU package RAPL,3,4096,64T,64,0.0585146666666666,14.17582722222222,242.50212715522707,2348.7949483662246,9.69530393658783,0.82950438481979,71.0,3573.5,2348.7953564034037,1.7372192462339342e-05,energy_opt,energy_j,clear_leader,64T
AMD,AMD CPU,CPU,CPU package RAPL,4,4096,64T,64,0.0570593333333333,13.94568188888889,244.30730240063303,2408.7024057764443,9.855305360256596,0.7955361337190447,67.0,3572.5,2408.7024671911604,2.5497012723363355e-06,energy_opt,energy_j,clear_leader,64T
AMD,AMD CPU,CPU,CPU package RAPL,5,4096,64T,64,0.0601754705882352,14.617362352941177,242.83385902379484,2283.9697326583173,9.40244554068578,0.8803752169699688,75.5,3611.5,2283.9697635646444,1.3531846088099542e-06,energy_opt,energy_j,clear_leader,64T
AMD,AMD CPU,CPU,CPU package RAPL,1,4096,32T,32,0.0526511249999999,15.108609675,287.0209343098719,2610.370689553172,9.096730700470625,0.795485295817425,72.5,2828.5,2610.370690448318,3.429190265080706e-08,runtime_opt,runtime_s,tie_or_uncertain,"32T,64T"
AMD,AMD CPU,CPU,CPU package RAPL,2,4096,32T,32,0.0563856388888888,15.675768277777776,277.6270574217529,2437.4815321828933,8.76760558312384,0.8843556566494937,70.0,2790.0,2437.4822676261742,3.017226064550016e-05,runtime_opt,runtime_s,tie_or_uncertain,"32T,64T"
AMD,AMD CPU,CPU,CPU package RAPL,3,4096,32T,32,0.0542776052631578,15.197801157894736,279.8967759371507,2532.148439593924,9.043344628877788,0.8247222312194875,70.0,2779.5,2532.148465098684,1.0072379375003493e-06,runtime_opt,runtime_s,tie_or_uncertain,"32T,64T"
AMD,AMD CPU,CPU,CPU package RAPL,4,4096,32T,32,0.0533256052631578,15.031359684210525,281.9093292532257,2577.3538395626124,9.143481119433977,0.8015616687652174,72.0,2778.0,2577.3542835057297,1.7224764037315765e-05,runtime_opt,runtime_s,tie_or_uncertain,"32T,64T"
AMD,AMD CPU,CPU,CPU package RAPL,5,4096,32T,32,0.0571756388888888,15.85737111111111,277.4396456586232,2403.802670908311,8.667196631079525,0.9066645067795912,68.0,2764.0,2403.80267789896,2.90816259962412e-07,runtime_opt,runtime_s,tie_or_uncertain,"32T,64T"
AMD,AMD CPU,CPU,CPU package RAPL,1,4096,32T,32,0.0526511249999999,15.108609675,287.0209343098719,2610.370689553172,9.096730700470625,0.795485295817425,72.5,2828.5,2610.370690448318,3.429190265080706e-08,edp_opt,edp_j_s,tie_or_uncertain,"32T,64T"
AMD,AMD CPU,CPU,CPU package RAPL,2,4096,32T,32,0.0563856388888888,15.675768277777776,277.6270574217529,2437.4815321828933,8.76760558312384,0.8843556566494937,70.0,2790.0,2437.4822676261742,3.017226064550016e-05,edp_opt,edp_j_s,tie_or_uncertain,"32T,64T"
AMD,AMD CPU,CPU,CPU package RAPL,3,4096,32T,32,0.0542776052631578,15.197801157894736,279.8967759371507,2532.148439593924,9.043344628877788,0.8247222312194875,70.0,2779.5,2532.148465098684,1.0072379375003493e-06,edp_opt,edp_j_s,tie_or_uncertain,"32T,64T"
AMD,AMD CPU,CPU,CPU package RAPL,4,4096,32T,32,0.0533256052631578,15.031359684210525,281.9093292532257,2577.3538395626124,9.143481119433977,0.8015616687652174,72.0,2778.0,2577.3542835057297,1.7224764037315765e-05,edp_opt,edp_j_s,tie_or_uncertain,"32T,64T"
AMD,AMD CPU,CPU,CPU package RAPL,5,4096,32T,32,0.0571756388888888,15.85737111111111,277.4396456586232,2403.802670908311,8.667196631079525,0.9066645067795912,68.0,2764.0,2403.80267789896,2.90816259962412e-07,edp_opt,edp_j_s,tie_or_uncertain,"32T,64T"
AMD,AMD CPU,CPU,CPU package RAPL,1,4096,32T,32,0.0526511249999999,15.108609675,287.0209343098719,2610.370689553172,9.096730700470625,0.795485295817425,72.5,2828.5,2610.370690448318,3.429190265080706e-08,throughput_opt,throughput_gflops,tie_or_uncertain,"32T,64T"
AMD,AMD CPU,CPU,CPU package RAPL,2,4096,32T,32,0.0563856388888888,15.675768277777776,277.6270574217529,2437.4815321828933,8.76760558312384,0.8843556566494937,70.0,2790.0,2437.4822676261742,3.017226064550016e-05,throughput_opt,throughput_gflops,tie_or_uncertain,"32T,64T"
AMD,AMD CPU,CPU,CPU package RAPL,3,4096,32T,32,0.0542776052631578,15.197801157894736,279.8967759371507,2532.148439593924,9.043344628877788,0.8247222312194875,70.0,2779.5,2532.148465098684,1.0072379375003493e-06,throughput_opt,throughput_gflops,tie_or_uncertain,"32T,64T"
AMD,AMD CPU,CPU,CPU package RAPL,4,4096,32T,32,0.0533256052631578,15.031359684210525,281.9093292532257,2577.3538395626124,9.143481119433977,0.8015616687652174,72.0,2778.0,2577.3542835057297,1.7224764037315765e-05,throughput_opt,throughput_gflops,tie_or_uncertain,"32T,64T"
AMD,AMD CPU,CPU,CPU package RAPL,5,4096,32T,32,0.0571756388888888,15.85737111111111,277.4396456586232,2403.802670908311,8.667196631079525,0.9066645067795912,68.0,2764.0,2403.80267789896,2.90816259962412e-07,throughput_opt,throughput_gflops,tie_or_uncertain,"32T,64T"
AMD,AMD CPU,CPU,CPU package RAPL,1,4096,64T,64,0.0545302894736842,13.589177105263158,249.03605014839263,2520.4148886524204,10.113854018340021,0.7408042726817797,75.0,3565.5,2520.4152057580623,1.258148583094254e-05,efficiency_opt,efficiency_gflop_per_j,clear_leader,64T
AMD,AMD CPU,CPU,CPU package RAPL,2,4096,64T,64,0.0584261388888888,14.264868222222225,244.1697796130177,2352.35386225629,9.634786058373368,0.8325075583566559,68.5,3574.0,2352.3538911228525,1.227135215664532e-06,efficiency_opt,efficiency_gflop_per_j,clear_leader,64T
AMD,AMD CPU,CPU,CPU package RAPL,3,4096,64T,64,0.0585146666666666,14.17582722222222,242.50212715522707,2348.7949483662246,9.69530393658783,0.82950438481979,71.0,3573.5,2348.7953564034037,1.7372192462339342e-05,efficiency_opt,efficiency_gflop_per_j,clear_leader,64T
AMD,AMD CPU,CPU,CPU package RAPL,4,4096,64T,64,0.0570593333333333,13.94568188888889,244.30730240063303,2408.7024057764443,9.855305360256596,0.7955361337190447,67.0,3572.5,2408.7024671911604,2.5497012723363355e-06,efficiency_opt,efficiency_gflop_per_j,clear_leader,64T
AMD,AMD CPU,CPU,CPU package RAPL,5,4096,64T,64,0.0601754705882352,14.617362352941177,242.83385902379484,2283.9697326583173,9.40244554068578,0.8803752169699688,75.5,3611.5,2283.9697635646444,1.3531846088099542e-06,efficiency_opt,efficiency_gflop_per_j,clear_leader,64T
AMD,AMD CPU,CPU,CPU package RAPL,1,8192,64T,64,0.4836096666666666,117.16592016666668,242.2031181247949,2273.5517992320256,9.384227309544977,56.618184423175,70.0,3682.5,2273.551818917231,8.65834914876018e-07,energy_opt,energy_j,clear_leader,64T
AMD,AMD CPU,CPU,CPU package RAPL,2,8192,64T,64,0.4815068333333333,117.33353933333332,243.9631235741559,2283.480839024438,9.370821284546722,56.44006705786517,70.0,3696.0,2283.480849641941,4.6497008465706813e-07,energy_opt,energy_j,clear_leader,64T
AMD,AMD CPU,CPU,CPU package RAPL,3,8192,64T,64,0.4712531666666666,114.13564066666667,242.3077723319212,2333.16549478748,9.633376755531827,53.70605360603133,69.0,3672.0,2333.165563433912,2.9422015934699175e-06,energy_opt,energy_j,clear_leader,64T
AMD,AMD CPU,CPU,CPU package RAPL,4,8192,64T,64,0.4803816666666667,116.24781333333334,241.8920073747248,2288.8292873569276,9.458342451769129,55.82766280139056,69.5,3650.0,2288.8293925809803,4.597287062146904e-06,energy_opt,energy_j,clear_leader,64T
AMD,AMD CPU,CPU,CPU package RAPL,5,8192,64T,64,0.4793509999999999,116.35490383333334,242.40611421162876,2293.7505664450478,9.449637200946334,55.79560137784267,70.0,3683.0,2293.7505934377027,1.1767911978211032e-06,energy_opt,energy_j,clear_leader,64T
AMD,AMD CPU,CPU,CPU package RAPL,1,8192,32T,32,0.4669395,132.91681699999998,284.55481412786713,2354.719675195609,8.272178439060877,62.05822878633175,83.5,2892.5,2354.7198167844363,6.0129801804365e-06,runtime_opt,runtime_s,clear_leader,32T
AMD,AMD CPU,CPU,CPU package RAPL,2,8192,32T,32,0.464613,131.9633573333333,283.9773969108728,2366.5106826025103,8.331946458430007,61.31318790201567,84.0,2920.0,2366.555283719572,0.001884678458852207,runtime_opt,runtime_s,clear_leader,32T
AMD,AMD CPU,CPU,CPU package RAPL,3,8192,32T,32,0.4573135,129.93899966666666,284.1506528678429,2404.2842115441595,8.461752288355184,59.422858571321605,79.0,2934.5,2404.28422576156,5.913360912046528e-07,runtime_opt,runtime_s,clear_leader,32T
AMD,AMD CPU,CPU,CPU package RAPL,4,8192,32T,32,0.4537831666666667,129.0440035,284.35880392162824,2422.9890144507344,8.52043952415038,58.55460293483189,79.5,2961.5,2422.989131725844,4.840100742420361e-06,runtime_opt,runtime_s,clear_leader,32T
AMD,AMD CPU,CPU,CPU package RAPL,5,8192,32T,32,0.4591805,129.8749515,282.8436820236875,2394.508538093408,8.465925223279102,59.647103468732894,74.0,2879.5,2394.5086826787874,6.038206890046638e-06,runtime_opt,runtime_s,clear_leader,32T
AMD,AMD CPU,CPU,CPU package RAPL,1,8192,64T,64,0.4836096666666666,117.16592016666668,242.2031181247949,2273.5517992320256,9.384227309544977,56.618184423175,70.0,3682.5,2273.551818917231,8.65834914876018e-07,edp_opt,edp_j_s,clear_leader,64T
AMD,AMD CPU,CPU,CPU package RAPL,2,8192,64T,64,0.4815068333333333,117.33353933333332,243.9631235741559,2283.480839024438,9.370821284546722,56.44006705786517,70.0,3696.0,2283.480849641941,4.6497008465706813e-07,edp_opt,edp_j_s,clear_leader,64T
AMD,AMD CPU,CPU,CPU package RAPL,3,8192,64T,64,0.4712531666666666,114.13564066666667,242.3077723319212,2333.16549478748,9.633376755531827,53.70605360603133,69.0,3672.0,2333.165563433912,2.9422015934699175e-06,edp_opt,edp_j_s,clear_leader,64T
AMD,AMD CPU,CPU,CPU package RAPL,4,8192,64T,64,0.4803816666666667,116.24781333333334,241.8920073747248,2288.8292873569276,9.458342451769129,55.82766280139056,69.5,3650.0,2288.8293925809803,4.597287062146904e-06,edp_opt,edp_j_s,clear_leader,64T
AMD,AMD CPU,CPU,CPU package RAPL,5,8192,64T,64,0.4793509999999999,116.35490383333334,242.40611421162876,2293.7505664450478,9.449637200946334,55.79560137784267,70.0,3683.0,2293.7505934377027,1.1767911978211032e-06,edp_opt,edp_j_s,clear_leader,64T
AMD,AMD CPU,CPU,CPU package RAPL,1,8192,32T,32,0.4669395,132.91681699999998,284.55481412786713,2354.719675195609,8.272178439060877,62.05822878633175,83.5,2892.5,2354.7198167844363,6.0129801804365e-06,throughput_opt,throughput_gflops,clear_leader,32T
AMD,AMD CPU,CPU,CPU package RAPL,2,8192,32T,32,0.464613,131.9633573333333,283.9773969108728,2366.5106826025103,8.331946458430007,61.31318790201567,84.0,2920.0,2366.555283719572,0.001884678458852207,throughput_opt,throughput_gflops,clear_leader,32T
AMD,AMD CPU,CPU,CPU package RAPL,3,8192,32T,32,0.4573135,129.93899966666666,284.1506528678429,2404.2842115441595,8.461752288355184,59.422858571321605,79.0,2934.5,2404.28422576156,5.913360912046528e-07,throughput_opt,throughput_gflops,clear_leader,32T
AMD,AMD CPU,CPU,CPU package RAPL,4,8192,32T,32,0.4537831666666667,129.0440035,284.35880392162824,2422.9890144507344,8.52043952415038,58.55460293483189,79.5,2961.5,2422.989131725844,4.840100742420361e-06,throughput_opt,throughput_gflops,clear_leader,32T
AMD,AMD CPU,CPU,CPU package RAPL,5,8192,32T,32,0.4591805,129.8749515,282.8436820236875,2394.508538093408,8.465925223279102,59.647103468732894,74.0,2879.5,2394.5086826787874,6.038206890046638e-06,throughput_opt,throughput_gflops,clear_leader,32T
AMD,AMD CPU,CPU,CPU package RAPL,1,8192,64T,64,0.4836096666666666,117.16592016666668,242.2031181247949,2273.5517992320256,9.384227309544977,56.618184423175,70.0,3682.5,2273.551818917231,8.65834914876018e-07,efficiency_opt,efficiency_gflop_per_j,clear_leader,64T
AMD,AMD CPU,CPU,CPU package RAPL,2,8192,64T,64,0.4815068333333333,117.33353933333332,243.9631235741559,2283.480839024438,9.370821284546722,56.44006705786517,70.0,3696.0,2283.480849641941,4.6497008465706813e-07,efficiency_opt,efficiency_gflop_per_j,clear_leader,64T
AMD,AMD CPU,CPU,CPU package RAPL,3,8192,64T,64,0.4712531666666666,114.13564066666667,242.3077723319212,2333.16549478748,9.633376755531827,53.70605360603133,69.0,3672.0,2333.165563433912,2.9422015934699175e-06,efficiency_opt,efficiency_gflop_per_j,clear_leader,64T
AMD,AMD CPU,CPU,CPU package RAPL,4,8192,64T,64,0.4803816666666667,116.24781333333334,241.8920073747248,2288.8292873569276,9.458342451769129,55.82766280139056,69.5,3650.0,2288.8293925809803,4.597287062146904e-06,efficiency_opt,efficiency_gflop_per_j,clear_leader,64T
AMD,AMD CPU,CPU,CPU package RAPL,5,8192,64T,64,0.4793509999999999,116.35490383333334,242.40611421162876,2293.7505664450478,9.449637200946334,55.79560137784267,70.0,3683.0,2293.7505934377027,1.1767911978211032e-06,efficiency_opt,efficiency_gflop_per_j,clear_leader,64T
AMD,AMD CPU,CPU,CPU package RAPL,1,16384,64T,64,3.692942,934.1156485,253.50870059295903,2381.8660087832413,9.41649252566611,3448.7603046915583,80.0,3756.0,2381.91137109108,0.0019044861327754958,energy_opt,energy_j,clear_leader,64T
AMD,AMD CPU,CPU,CPU package RAPL,2,16384,64T,64,3.574141,899.714496,251.56747987537895,2461.0369378846553,9.776538069925683,3215.7187874372503,77.5,3588.5,2461.0458618984626,0.0003626119409183559,energy_opt,energy_j,clear_leader,64T
AMD,AMD CPU,CPU,CPU package RAPL,3,16384,64T,64,3.5669885,901.024426,252.62825563845468,2465.9717916690793,9.762324714389042,3210.377321490336,81.0,3703.5,2465.973595214409,7.31373057893947e-05,energy_opt,energy_j,clear_leader,64T
AMD,AMD CPU,CPU,CPU package RAPL,4,16384,64T,64,3.67175,921.1224775,250.60917268773017,2395.6132694785865,9.549319701850399,3382.1318630827923,76.0,3937.0,2395.6134903910806,9.221542440762676e-06,energy_opt,energy_j,clear_leader,64T
AMD,AMD CPU,CPU,CPU package RAPL,5,16384,64T,64,3.6836345,929.647938,252.54272262489076,2387.8843088824365,9.46174639093106,3423.972736461926,81.0,3666.0,2387.8843160986653,3.022017747156269e-07,energy_opt,energy_j,clear_leader,64T
AMD,AMD CPU,CPU,CPU package RAPL,1,16384,32T,32,3.633402,1036.3885650000002,285.2404265311964,2420.8972808976273,8.48725402736183,3765.616485682491,78.0,2965.5,2420.8974039010754,5.080903231480249e-06,runtime_opt,runtime_s,tie_or_uncertain,"32T,64T"
AMD,AMD CPU,CPU,CPU package RAPL,2,16384,32T,32,3.5336105,1007.43947,285.0747697137697,2489.265022901647,8.731137983116744,3559.8987131163803,83.0,2946.0,2489.265028101353,2.088851758230703e-07,runtime_opt,runtime_s,tie_or_uncertain,"32T,64T"
AMD,AMD CPU,CPU,CPU package RAPL,3,16384,32T,32,3.3208935000000004,946.8787515,285.0955636792279,2648.7127702854664,9.289566386692753,3144.483547935024,83.0,2912.0,2648.712818166984,1.8077278340911107e-06,runtime_opt,runtime_s,tie_or_uncertain,"32T,64T"
AMD,AMD CPU,CPU,CPU package RAPL,4,16384,32T,32,3.374387,961.9550135,285.0619679590152,2606.723242535015,9.143975444552325,3246.0084877849185,84.0,2706.5,2606.723243857321,5.072675612893818e-08,runtime_opt,runtime_s,tie_or_uncertain,"32T,64T"
AMD,AMD CPU,CPU,CPU package RAPL,5,16384,32T,32,3.469416,988.003639,284.8981008936689,2535.323818823687,8.902895368999749,3429.1481304806184,83.0,2732.0,2535.3239466427467,5.041527972871052e-06,runtime_opt,runtime_s,tie_or_uncertain,"32T,64T"
AMD,AMD CPU,CPU,CPU package RAPL,1,16384,64T,64,3.692942,934.1156485,253.50870059295903,2381.8660087832413,9.41649252566611,3448.7603046915583,80.0,3756.0,2381.91137109108,0.0019044861327754958,edp_opt,edp_j_s,tie_or_uncertain,"32T,64T"
AMD,AMD CPU,CPU,CPU package RAPL,2,16384,64T,64,3.574141,899.714496,251.56747987537895,2461.0369378846553,9.776538069925683,3215.7187874372503,77.5,3588.5,2461.0458618984626,0.0003626119409183559,edp_opt,edp_j_s,tie_or_uncertain,"32T,64T"
AMD,AMD CPU,CPU,CPU package RAPL,3,16384,64T,64,3.5669885,901.024426,252.62825563845468,2465.9717916690793,9.762324714389042,3210.377321490336,81.0,3703.5,2465.973595214409,7.31373057893947e-05,edp_opt,edp_j_s,tie_or_uncertain,"32T,64T"
AMD,AMD CPU,CPU,CPU package RAPL,4,16384,64T,64,3.67175,921.1224775,250.60917268773017,2395.6132694785865,9.549319701850399,3382.1318630827923,76.0,3937.0,2395.6134903910806,9.221542440762676e-06,edp_opt,edp_j_s,tie_or_uncertain,"32T,64T"
AMD,AMD CPU,CPU,CPU package RAPL,5,16384,64T,64,3.6836345,929.647938,252.54272262489076,2387.8843088824365,9.46174639093106,3423.972736461926,81.0,3666.0,2387.8843160986653,3.022017747156269e-07,edp_opt,edp_j_s,tie_or_uncertain,"32T,64T"
AMD,AMD CPU,CPU,CPU package RAPL,1,16384,32T,32,3.633402,1036.3885650000002,285.2404265311964,2420.8972808976273,8.48725402736183,3765.616485682491,78.0,2965.5,2420.8974039010754,5.080903231480249e-06,throughput_opt,throughput_gflops,tie_or_uncertain,"32T,64T"
AMD,AMD CPU,CPU,CPU package RAPL,2,16384,32T,32,3.5336105,1007.43947,285.0747697137697,2489.265022901647,8.731137983116744,3559.8987131163803,83.0,2946.0,2489.265028101353,2.088851758230703e-07,throughput_opt,throughput_gflops,tie_or_uncertain,"32T,64T"
AMD,AMD CPU,CPU,CPU package RAPL,3,16384,32T,32,3.3208935000000004,946.8787515,285.0955636792279,2648.7127702854664,9.289566386692753,3144.483547935024,83.0,2912.0,2648.712818166984,1.8077278340911107e-06,throughput_opt,throughput_gflops,tie_or_uncertain,"32T,64T"
AMD,AMD CPU,CPU,CPU package RAPL,4,16384,32T,32,3.374387,961.9550135,285.0619679590152,2606.723242535015,9.143975444552325,3246.0084877849185,84.0,2706.5,2606.723243857321,5.072675612893818e-08,throughput_opt,throughput_gflops,tie_or_uncertain,"32T,64T"
AMD,AMD CPU,CPU,CPU package RAPL,5,16384,32T,32,3.469416,988.003639,284.8981008936689,2535.323818823687,8.902895368999749,3429.1481304806184,83.0,2732.0,2535.3239466427467,5.041527972871052e-06,throughput_opt,throughput_gflops,tie_or_uncertain,"32T,64T"
AMD,AMD CPU,CPU,CPU package RAPL,1,16384,64T,64,3.692942,934.1156485,253.50870059295903,2381.8660087832413,9.41649252566611,3448.7603046915583,80.0,3756.0,2381.91137109108,0.0019044861327754958,efficiency_opt,efficiency_gflop_per_j,clear_leader,64T
AMD,AMD CPU,CPU,CPU package RAPL,2,16384,64T,64,3.574141,899.714496,251.56747987537895,2461.0369378846553,9.776538069925683,3215.7187874372503,77.5,3588.5,2461.0458618984626,0.0003626119409183559,efficiency_opt,efficiency_gflop_per_j,clear_leader,64T
AMD,AMD CPU,CPU,CPU package RAPL,3,16384,64T,64,3.5669885,901.024426,252.62825563845468,2465.9717916690793,9.762324714389042,3210.377321490336,81.0,3703.5,2465.973595214409,7.31373057893947e-05,efficiency_opt,efficiency_gflop_per_j,clear_leader,64T
AMD,AMD CPU,CPU,CPU package RAPL,4,16384,64T,64,3.67175,921.1224775,250.60917268773017,2395.6132694785865,9.549319701850399,3382.1318630827923,76.0,3937.0,2395.6134903910806,9.221542440762676e-06,efficiency_opt,efficiency_gflop_per_j,clear_leader,64T
AMD,AMD CPU,CPU,CPU package RAPL,5,16384,64T,64,3.6836345,929.647938,252.54272262489076,2387.8843088824365,9.46174639093106,3423.972736461926,81.0,3666.0,2387.8843160986653,3.022017747156269e-07,efficiency_opt,efficiency_gflop_per_j,clear_leader,64T
INTEL,Intel CPU,CPU,CPU package RAPL,1,64,16T,16,2.452508285720594e-06,0.0001315633664435,53.61573401051566,213.77624004477283,3.9850606910788953,3.229599081398164e-10,84.0,1337.5,213.7762403143388,1.2609724375778342e-07,energy_opt,energy_j,tie_or_uncertain,"1T,2T,4T,8T,10T,16T,20T"
INTEL,Intel CPU,CPU,CPU package RAPL,2,64,16T,16,2.703339499034521e-06,0.0001866692755797,69.09547741839927,193.94086469244644,2.8086464597445278,5.04510621728678e-10,99.0,1389.0,193.94086584647252,5.950401948950912e-07,energy_opt,energy_j,tie_or_uncertain,"1T,2T,4T,8T,10T,16T,20T"
INTEL,Intel CPU,CPU,CPU package RAPL,3,64,16T,16,2.8508282456004385e-06,0.0001687389038626,59.18944416069746,183.90725600853412,3.1070961586126873,4.810457374547168e-10,99.0,1348.5,183.90733441520644,4.263381119251619e-05,energy_opt,energy_j,tie_or_uncertain,"1T,2T,4T,8T,10T,16T,20T"
INTEL,Intel CPU,CPU,CPU package RAPL,4,64,16T,16,2.4735785542287093e-06,0.000129541006929,52.30729730522242,211.9552658247715,4.0472743915550735,3.2087021108040376e-10,88.0,1339.0,211.95526609582288,1.2788141656727703e-07,energy_opt,energy_j,tie_or_uncertain,"1T,2T,4T,8T,10T,16T,20T"
INTEL,Intel CPU,CPU,CPU package RAPL,5,64,16T,16,2.476036837876259e-06,0.0001297599802212,52.41109000027653,211.7448302787333,4.040444512293033,3.2130700104138506e-10,84.0,1339.0,211.7448313131877,4.885382098862578e-07,energy_opt,energy_j,tie_or_uncertain,"1T,2T,4T,8T,10T,16T,20T"
INTEL,Intel CPU,CPU,CPU package RAPL,1,64,16T,16,2.452508285720594e-06,0.0001315633664435,53.61573401051566,213.77624004477283,3.9850606910788953,3.229599081398164e-10,84.0,1337.5,213.7762403143388,1.2609724375778342e-07,runtime_opt,runtime_s,tie_or_uncertain,"1T,2T,4T,8T,10T,16T,20T"
INTEL,Intel CPU,CPU,CPU package RAPL,2,64,16T,16,2.703339499034521e-06,0.0001866692755797,69.09547741839927,193.94086469244644,2.8086464597445278,5.04510621728678e-10,99.0,1389.0,193.94086584647252,5.950401948950912e-07,runtime_opt,runtime_s,tie_or_uncertain,"1T,2T,4T,8T,10T,16T,20T"
INTEL,Intel CPU,CPU,CPU package RAPL,3,64,16T,16,2.8508282456004385e-06,0.0001687389038626,59.18944416069746,183.90725600853412,3.1070961586126873,4.810457374547168e-10,99.0,1348.5,183.90733441520644,4.263381119251619e-05,runtime_opt,runtime_s,tie_or_uncertain,"1T,2T,4T,8T,10T,16T,20T"
INTEL,Intel CPU,CPU,CPU package RAPL,4,64,16T,16,2.4735785542287093e-06,0.000129541006929,52.30729730522242,211.9552658247715,4.0472743915550735,3.2087021108040376e-10,88.0,1339.0,211.95526609582288,1.2788141656727703e-07,runtime_opt,runtime_s,tie_or_uncertain,"1T,2T,4T,8T,10T,16T,20T"
INTEL,Intel CPU,CPU,CPU package RAPL,5,64,16T,16,2.476036837876259e-06,0.0001297599802212,52.41109000027653,211.7448302787333,4.040444512293033,3.2130700104138506e-10,84.0,1339.0,211.7448313131877,4.885382098862578e-07,runtime_opt,runtime_s,tie_or_uncertain,"1T,2T,4T,8T,10T,16T,20T"
INTEL,Intel CPU,CPU,CPU package RAPL,1,64,16T,16,2.452508285720594e-06,0.0001315633664435,53.61573401051566,213.77624004477283,3.9850606910788953,3.229599081398164e-10,84.0,1337.5,213.7762403143388,1.2609724375778342e-07,edp_opt,edp_j_s,tie_or_uncertain,"1T,2T,4T,8T,10T,16T,20T"
INTEL,Intel CPU,CPU,CPU package RAPL,2,64,16T,16,2.703339499034521e-06,0.0001866692755797,69.09547741839927,193.94086469244644,2.8086464597445278,5.04510621728678e-10,99.0,1389.0,193.94086584647252,5.950401948950912e-07,edp_opt,edp_j_s,tie_or_uncertain,"1T,2T,4T,8T,10T,16T,20T"
INTEL,Intel CPU,CPU,CPU package RAPL,3,64,16T,16,2.8508282456004385e-06,0.0001687389038626,59.18944416069746,183.90725600853412,3.1070961586126873,4.810457374547168e-10,99.0,1348.5,183.90733441520644,4.263381119251619e-05,edp_opt,edp_j_s,tie_or_uncertain,"1T,2T,4T,8T,10T,16T,20T"
INTEL,Intel CPU,CPU,CPU package RAPL,4,64,16T,16,2.4735785542287093e-06,0.000129541006929,52.30729730522242,211.9552658247715,4.0472743915550735,3.2087021108040376e-10,88.0,1339.0,211.95526609582288,1.2788141656727703e-07,edp_opt,edp_j_s,tie_or_uncertain,"1T,2T,4T,8T,10T,16T,20T"
INTEL,Intel CPU,CPU,CPU package RAPL,5,64,16T,16,2.476036837876259e-06,0.0001297599802212,52.41109000027653,211.7448302787333,4.040444512293033,3.2130700104138506e-10,84.0,1339.0,211.7448313131877,4.885382098862578e-07,edp_opt,edp_j_s,tie_or_uncertain,"1T,2T,4T,8T,10T,16T,20T"
INTEL,Intel CPU,CPU,CPU package RAPL,1,64,16T,16,2.452508285720594e-06,0.0001315633664435,53.61573401051566,213.77624004477283,3.9850606910788953,3.229599081398164e-10,84.0,1337.5,213.7762403143388,1.2609724375778342e-07,throughput_opt,throughput_gflops,tie_or_uncertain,"1T,2T,4T,8T,10T,16T,20T"
INTEL,Intel CPU,CPU,CPU package RAPL,2,64,16T,16,2.703339499034521e-06,0.0001866692755797,69.09547741839927,193.94086469244644,2.8086464597445278,5.04510621728678e-10,99.0,1389.0,193.94086584647252,5.950401948950912e-07,throughput_opt,throughput_gflops,tie_or_uncertain,"1T,2T,4T,8T,10T,16T,20T"
INTEL,Intel CPU,CPU,CPU package RAPL,3,64,16T,16,2.8508282456004385e-06,0.0001687389038626,59.18944416069746,183.90725600853412,3.1070961586126873,4.810457374547168e-10,99.0,1348.5,183.90733441520644,4.263381119251619e-05,throughput_opt,throughput_gflops,tie_or_uncertain,"1T,2T,4T,8T,10T,16T,20T"
INTEL,Intel CPU,CPU,CPU package RAPL,4,64,16T,16,2.4735785542287093e-06,0.000129541006929,52.30729730522242,211.9552658247715,4.0472743915550735,3.2087021108040376e-10,88.0,1339.0,211.95526609582288,1.2788141656727703e-07,throughput_opt,throughput_gflops,tie_or_uncertain,"1T,2T,4T,8T,10T,16T,20T"
INTEL,Intel CPU,CPU,CPU package RAPL,5,64,16T,16,2.476036837876259e-06,0.0001297599802212,52.41109000027653,211.7448302787333,4.040444512293033,3.2130700104138506e-10,84.0,1339.0,211.7448313131877,4.885382098862578e-07,throughput_opt,throughput_gflops,tie_or_uncertain,"1T,2T,4T,8T,10T,16T,20T"
INTEL,Intel CPU,CPU,CPU package RAPL,1,64,16T,16,2.452508285720594e-06,0.0001315633664435,53.61573401051566,213.77624004477283,3.9850606910788953,3.229599081398164e-10,84.0,1337.5,213.7762403143388,1.2609724375778342e-07,efficiency_opt,efficiency_gflop_per_j,tie_or_uncertain,"1T,2T,4T,8T,10T,16T,20T"
INTEL,Intel CPU,CPU,CPU package RAPL,2,64,16T,16,2.703339499034521e-06,0.0001866692755797,69.09547741839927,193.94086469244644,2.8086464597445278,5.04510621728678e-10,99.0,1389.0,193.94086584647252,5.950401948950912e-07,efficiency_opt,efficiency_gflop_per_j,tie_or_uncertain,"1T,2T,4T,8T,10T,16T,20T"
INTEL,Intel CPU,CPU,CPU package RAPL,3,64,16T,16,2.8508282456004385e-06,0.0001687389038626,59.18944416069746,183.90725600853412,3.1070961586126873,4.810457374547168e-10,99.0,1348.5,183.90733441520644,4.263381119251619e-05,efficiency_opt,efficiency_gflop_per_j,tie_or_uncertain,"1T,2T,4T,8T,10T,16T,20T"
INTEL,Intel CPU,CPU,CPU package RAPL,4,64,16T,16,2.4735785542287093e-06,0.000129541006929,52.30729730522242,211.9552658247715,4.0472743915550735,3.2087021108040376e-10,88.0,1339.0,211.95526609582288,1.2788141656727703e-07,efficiency_opt,efficiency_gflop_per_j,tie_or_uncertain,"1T,2T,4T,8T,10T,16T,20T"
INTEL,Intel CPU,CPU,CPU package RAPL,5,64,16T,16,2.476036837876259e-06,0.0001297599802212,52.41109000027653,211.7448302787333,4.040444512293033,3.2130700104138506e-10,84.0,1339.0,211.7448313131877,4.885382098862578e-07,efficiency_opt,efficiency_gflop_per_j,tie_or_uncertain,"1T,2T,4T,8T,10T,16T,20T"
INTEL,Intel CPU,CPU,CPU package RAPL,1,128,4T,4,1.238258696497825e-05,0.0011816319297914,95.3357299565742,338.7259877005327,3.549585868706547,1.4631661135124886e-08,94.0,1848.5,338.7271063895756,0.00033026371861755166,energy_opt,energy_j,clear_leader,4T
INTEL,Intel CPU,CPU,CPU package RAPL,2,128,4T,4,1.2168436264254532e-05,0.0010081713567049,83.07654851383438,344.68718156670667,4.160308634147903,1.220772235095237e-08,76.5,1756.0,344.6872543851951,2.112596357850549e-05,energy_opt,energy_j,clear_leader,4T
INTEL,Intel CPU,CPU,CPU package RAPL,3,128,4T,4,1.333314005411818e-05,0.0012321603884245,92.44707538857512,314.5773600948948,3.404024378159925,1.6421686010572294e-08,96.0,1734.5,314.5773656983954,1.7812790353843866e-06,energy_opt,energy_j,clear_leader,4T
INTEL,Intel CPU,CPU,CPU package RAPL,4,128,4T,4,1.279483478688122e-05,0.0012312890983908,96.2416240503403,327.8122828362346,3.406433148382156,1.5754143096398298e-08,98.0,1830.5,327.8123558235667,2.2264977816988107e-05,energy_opt,energy_j,clear_leader,4T
INTEL,Intel CPU,CPU,CPU package RAPL,5,128,4T,4,1.21004887024189e-05,0.0011256207165291,93.02313474852448,346.62269459923175,3.726214290843293,1.3620519170564482e-08,91.0,1829.0,346.62307559866326,0.00010991762440237807,energy_opt,energy_j,clear_leader,4T
INTEL,Intel CPU,CPU,CPU package RAPL,1,128,8T,8,1.2190165032580233e-05,0.0014249656111077,116.95960682533862,344.07278234462194,2.943442260855368,1.7363656290697365e-08,89.0,2232.5,344.072946583706,4.77338204296629e-05,runtime_opt,runtime_s,tie_or_uncertain,"4T,8T,10T,16T,20T"
INTEL,Intel CPU,CPU,CPU package RAPL,2,128,8T,8,1.16366805162762e-05,0.0015065198666247,129.55866013682328,360.4381845951202,2.784101353669618,1.7531172668788084e-08,99.0,2235.0,360.4382123589719,7.702805326914586e-06,runtime_opt,runtime_s,tie_or_uncertain,"4T,8T,10T,16T,20T"
INTEL,Intel CPU,CPU,CPU package RAPL,3,128,8T,8,1.2812457479779272e-05,0.0014275580101796,111.46153191605706,327.3613985934772,2.9380970651219407,1.8290542447241593e-08,81.0,2237.0,327.3615152163127,3.5625103023129157e-05,runtime_opt,runtime_s,tie_or_uncertain,"4T,8T,10T,16T,20T"
INTEL,Intel CPU,CPU,CPU package RAPL,4,128,8T,8,1.107857260499588e-05,0.0014302566291517,128.93757965551708,378.5960655354264,2.932553441467134,1.5845200611521473e-08,99.0,2230.5,378.59611783193736,1.3813273747054211e-05,runtime_opt,runtime_s,tie_or_uncertain,"4T,8T,10T,16T,20T"
INTEL,Intel CPU,CPU,CPU package RAPL,5,128,8T,8,1.178946383237596e-05,0.0014178146986908,120.68435096329333,355.7671544384993,2.9582878523357037,1.6598640592192163e-08,92.0,2234.5,355.7672619608769,3.0222682534386536e-05,runtime_opt,runtime_s,tie_or_uncertain,"4T,8T,10T,16T,20T"
INTEL,Intel CPU,CPU,CPU package RAPL,1,128,4T,4,1.238258696497825e-05,0.0011816319297914,95.3357299565742,338.7259877005327,3.549585868706547,1.4631661135124886e-08,94.0,1848.5,338.7271063895756,0.00033026371861755166,edp_opt,edp_j_s,tie_or_uncertain,"4T,8T,10T,20T"
INTEL,Intel CPU,CPU,CPU package RAPL,2,128,4T,4,1.2168436264254532e-05,0.0010081713567049,83.07654851383438,344.68718156670667,4.160308634147903,1.220772235095237e-08,76.5,1756.0,344.6872543851951,2.112596357850549e-05,edp_opt,edp_j_s,tie_or_uncertain,"4T,8T,10T,20T"
INTEL,Intel CPU,CPU,CPU package RAPL,3,128,4T,4,1.333314005411818e-05,0.0012321603884245,92.44707538857512,314.5773600948948,3.404024378159925,1.6421686010572294e-08,96.0,1734.5,314.5773656983954,1.7812790353843866e-06,edp_opt,edp_j_s,tie_or_uncertain,"4T,8T,10T,20T"
INTEL,Intel CPU,CPU,CPU package RAPL,4,128,4T,4,1.279483478688122e-05,0.0012312890983908,96.2416240503403,327.8122828362346,3.406433148382156,1.5754143096398298e-08,98.0,1830.5,327.8123558235667,2.2264977816988107e-05,edp_opt,edp_j_s,tie_or_uncertain,"4T,8T,10T,20T"
INTEL,Intel CPU,CPU,CPU package RAPL,5,128,4T,4,1.21004887024189e-05,0.0011256207165291,93.02313474852448,346.62269459923175,3.726214290843293,1.3620519170564482e-08,91.0,1829.0,346.62307559866326,0.00010991762440237807,edp_opt,edp_j_s,tie_or_uncertain,"4T,8T,10T,20T"
INTEL,Intel CPU,CPU,CPU package RAPL,1,128,8T,8,1.2190165032580233e-05,0.0014249656111077,116.95960682533862,344.07278234462194,2.943442260855368,1.7363656290697365e-08,89.0,2232.5,344.072946583706,4.77338204296629e-05,throughput_opt,throughput_gflops,tie_or_uncertain,"4T,8T,10T,16T,20T"
INTEL,Intel CPU,CPU,CPU package RAPL,2,128,8T,8,1.16366805162762e-05,0.0015065198666247,129.55866013682328,360.4381845951202,2.784101353669618,1.7531172668788084e-08,99.0,2235.0,360.4382123589719,7.702805326914586e-06,throughput_opt,throughput_gflops,tie_or_uncertain,"4T,8T,10T,16T,20T"
INTEL,Intel CPU,CPU,CPU package RAPL,3,128,8T,8,1.2812457479779272e-05,0.0014275580101796,111.46153191605706,327.3613985934772,2.9380970651219407,1.8290542447241593e-08,81.0,2237.0,327.3615152163127,3.5625103023129157e-05,throughput_opt,throughput_gflops,tie_or_uncertain,"4T,8T,10T,16T,20T"
INTEL,Intel CPU,CPU,CPU package RAPL,4,128,8T,8,1.107857260499588e-05,0.0014302566291517,128.93757965551708,378.5960655354264,2.932553441467134,1.5845200611521473e-08,99.0,2230.5,378.59611783193736,1.3813273747054211e-05,throughput_opt,throughput_gflops,tie_or_uncertain,"4T,8T,10T,16T,20T"
INTEL,Intel CPU,CPU,CPU package RAPL,5,128,8T,8,1.178946383237596e-05,0.0014178146986908,120.68435096329333,355.7671544384993,2.9582878523357037,1.6598640592192163e-08,92.0,2234.5,355.7672619608769,3.0222682534386536e-05,throughput_opt,throughput_gflops,tie_or_uncertain,"4T,8T,10T,16T,20T"
INTEL,Intel CPU,CPU,CPU package RAPL,1,128,4T,4,1.238258696497825e-05,0.0011816319297914,95.3357299565742,338.7259877005327,3.549585868706547,1.4631661135124886e-08,94.0,1848.5,338.7271063895756,0.00033026371861755166,efficiency_opt,efficiency_gflop_per_j,clear_leader,4T
INTEL,Intel CPU,CPU,CPU package RAPL,2,128,4T,4,1.2168436264254532e-05,0.0010081713567049,83.07654851383438,344.68718156670667,4.160308634147903,1.220772235095237e-08,76.5,1756.0,344.6872543851951,2.112596357850549e-05,efficiency_opt,efficiency_gflop_per_j,clear_leader,4T
INTEL,Intel CPU,CPU,CPU package RAPL,3,128,4T,4,1.333314005411818e-05,0.0012321603884245,92.44707538857512,314.5773600948948,3.404024378159925,1.6421686010572294e-08,96.0,1734.5,314.5773656983954,1.7812790353843866e-06,efficiency_opt,efficiency_gflop_per_j,clear_leader,4T
INTEL,Intel CPU,CPU,CPU package RAPL,4,128,4T,4,1.279483478688122e-05,0.0012312890983908,96.2416240503403,327.8122828362346,3.406433148382156,1.5754143096398298e-08,98.0,1830.5,327.8123558235667,2.2264977816988107e-05,efficiency_opt,efficiency_gflop_per_j,clear_leader,4T
INTEL,Intel CPU,CPU,CPU package RAPL,5,128,4T,4,1.21004887024189e-05,0.0011256207165291,93.02313474852448,346.62269459923175,3.726214290843293,1.3620519170564482e-08,91.0,1829.0,346.62307559866326,0.00010991762440237807,efficiency_opt,efficiency_gflop_per_j,clear_leader,4T
INTEL,Intel CPU,CPU,CPU package RAPL,1,256,8T,8,3.926455906821964e-05,0.005699931683628,145.21499558015887,854.5729990677175,5.886813011527648,2.237744887394773e-07,99.5,2222.0,854.573028090904,3.3962208600968324e-06,energy_opt,energy_j,clear_leader,8T
INTEL,Intel CPU,CPU,CPU package RAPL,2,256,8T,8,4.100628775736654e-05,0.0055048764229646,134.13241866844297,818.2752898419133,6.09540149893675,2.257989095640775e-07,88.0,2119.0,818.2753106198046,2.539229959630518e-06,energy_opt,energy_j,clear_leader,8T
INTEL,Intel CPU,CPU,CPU package RAPL,3,256,8T,8,3.7860488607879085e-05,0.0052166668599648,137.88207217817967,886.2651601653404,6.43215925048095,1.9750631591859585e-07,90.0,2232.5,886.271087182382,0.0006687634026558698,energy_opt,energy_j,clear_leader,8T
INTEL,Intel CPU,CPU,CPU package RAPL,4,256,8T,8,3.947231251451126e-05,0.0055139437543533,139.88276082610014,850.0751504656419,6.0853779971020785,2.177878856343998e-07,99.5,2214.5,850.076141729895,0.00011660901422239078,energy_opt,energy_j,clear_leader,8T
INTEL,Intel CPU,CPU,CPU package RAPL,5,256,8T,8,3.904781522121129e-05,0.0055854210824319,142.9455745146672,859.3165023423074,6.007502658222208,2.1774408614862325e-07,98.0,2264.5,859.3165048948173,2.9703954851356684e-07,energy_opt,energy_j,clear_leader,8T
INTEL,Intel CPU,CPU,CPU package RAPL,1,256,8T,8,3.926455906821964e-05,0.005699931683628,145.21499558015887,854.5729990677175,5.886813011527648,2.237744887394773e-07,99.5,2222.0,854.573028090904,3.3962208600968324e-06,runtime_opt,runtime_s,clear_leader,8T
INTEL,Intel CPU,CPU,CPU package RAPL,2,256,8T,8,4.100628775736654e-05,0.0055048764229646,134.13241866844297,818.2752898419133,6.09540149893675,2.257989095640775e-07,88.0,2119.0,818.2753106198046,2.539229959630518e-06,runtime_opt,runtime_s,clear_leader,8T
INTEL,Intel CPU,CPU,CPU package RAPL,3,256,8T,8,3.7860488607879085e-05,0.0052166668599648,137.88207217817967,886.2651601653404,6.43215925048095,1.9750631591859585e-07,90.0,2232.5,886.271087182382,0.0006687634026558698,runtime_opt,runtime_s,clear_leader,8T
INTEL,Intel CPU,CPU,CPU package RAPL,4,256,8T,8,3.947231251451126e-05,0.0055139437543533,139.88276082610014,850.0751504656419,6.0853779971020785,2.177878856343998e-07,99.5,2214.5,850.076141729895,0.00011660901422239078,runtime_opt,runtime_s,clear_leader,8T
INTEL,Intel CPU,CPU,CPU package RAPL,5,256,8T,8,3.904781522121129e-05,0.0055854210824319,142.9455745146672,859.3165023423074,6.007502658222208,2.1774408614862325e-07,98.0,2264.5,859.3165048948173,2.9703954851356684e-07,runtime_opt,runtime_s,clear_leader,8T
INTEL,Intel CPU,CPU,CPU package RAPL,1,256,8T,8,3.926455906821964e-05,0.005699931683628,145.21499558015887,854.5729990677175,5.886813011527648,2.237744887394773e-07,99.5,2222.0,854.573028090904,3.3962208600968324e-06,edp_opt,edp_j_s,clear_leader,8T
INTEL,Intel CPU,CPU,CPU package RAPL,2,256,8T,8,4.100628775736654e-05,0.0055048764229646,134.13241866844297,818.2752898419133,6.09540149893675,2.257989095640775e-07,88.0,2119.0,818.2753106198046,2.539229959630518e-06,edp_opt,edp_j_s,clear_leader,8T
INTEL,Intel CPU,CPU,CPU package RAPL,3,256,8T,8,3.7860488607879085e-05,0.0052166668599648,137.88207217817967,886.2651601653404,6.43215925048095,1.9750631591859585e-07,90.0,2232.5,886.271087182382,0.0006687634026558698,edp_opt,edp_j_s,clear_leader,8T
INTEL,Intel CPU,CPU,CPU package RAPL,4,256,8T,8,3.947231251451126e-05,0.0055139437543533,139.88276082610014,850.0751504656419,6.0853779971020785,2.177878856343998e-07,99.5,2214.5,850.076141729895,0.00011660901422239078,edp_opt,edp_j_s,clear_leader,8T
INTEL,Intel CPU,CPU,CPU package RAPL,5,256,8T,8,3.904781522121129e-05,0.0055854210824319,142.9455745146672,859.3165023423074,6.007502658222208,2.1774408614862325e-07,98.0,2264.5,859.3165048948173,2.9703954851356684e-07,edp_opt,edp_j_s,clear_leader,8T
INTEL,Intel CPU,CPU,CPU package RAPL,1,256,8T,8,3.926455906821964e-05,0.005699931683628,145.21499558015887,854.5729990677175,5.886813011527648,2.237744887394773e-07,99.5,2222.0,854.573028090904,3.3962208600968324e-06,throughput_opt,throughput_gflops,clear_leader,8T
INTEL,Intel CPU,CPU,CPU package RAPL,2,256,8T,8,4.100628775736654e-05,0.0055048764229646,134.13241866844297,818.2752898419133,6.09540149893675,2.257989095640775e-07,88.0,2119.0,818.2753106198046,2.539229959630518e-06,throughput_opt,throughput_gflops,clear_leader,8T
INTEL,Intel CPU,CPU,CPU package RAPL,3,256,8T,8,3.7860488607879085e-05,0.0052166668599648,137.88207217817967,886.2651601653404,6.43215925048095,1.9750631591859585e-07,90.0,2232.5,886.271087182382,0.0006687634026558698,throughput_opt,throughput_gflops,clear_leader,8T
INTEL,Intel CPU,CPU,CPU package RAPL,4,256,8T,8,3.947231251451126e-05,0.0055139437543533,139.88276082610014,850.0751504656419,6.0853779971020785,2.177878856343998e-07,99.5,2214.5,850.076141729895,0.00011660901422239078,throughput_opt,throughput_gflops,clear_leader,8T
INTEL,Intel CPU,CPU,CPU package RAPL,5,256,8T,8,3.904781522121129e-05,0.0055854210824319,142.9455745146672,859.3165023423074,6.007502658222208,2.1774408614862325e-07,98.0,2264.5,859.3165048948173,2.9703954851356684e-07,throughput_opt,throughput_gflops,clear_leader,8T
INTEL,Intel CPU,CPU,CPU package RAPL,1,256,8T,8,3.926455906821964e-05,0.005699931683628,145.21499558015887,854.5729990677175,5.886813011527648,2.237744887394773e-07,99.5,2222.0,854.573028090904,3.3962208600968324e-06,efficiency_opt,efficiency_gflop_per_j,clear_leader,8T
INTEL,Intel CPU,CPU,CPU package RAPL,2,256,8T,8,4.100628775736654e-05,0.0055048764229646,134.13241866844297,818.2752898419133,6.09540149893675,2.257989095640775e-07,88.0,2119.0,818.2753106198046,2.539229959630518e-06,efficiency_opt,efficiency_gflop_per_j,clear_leader,8T
INTEL,Intel CPU,CPU,CPU package RAPL,3,256,8T,8,3.7860488607879085e-05,0.0052166668599648,137.88207217817967,886.2651601653404,6.43215925048095,1.9750631591859585e-07,90.0,2232.5,886.271087182382,0.0006687634026558698,efficiency_opt,efficiency_gflop_per_j,clear_leader,8T
INTEL,Intel CPU,CPU,CPU package RAPL,4,256,8T,8,3.947231251451126e-05,0.0055139437543533,139.88276082610014,850.0751504656419,6.0853779971020785,2.177878856343998e-07,99.5,2214.5,850.076141729895,0.00011660901422239078,efficiency_opt,efficiency_gflop_per_j,clear_leader,8T
INTEL,Intel CPU,CPU,CPU package RAPL,5,256,8T,8,3.904781522121129e-05,0.0055854210824319,142.9455745146672,859.3165023423074,6.007502658222208,2.1774408614862325e-07,98.0,2264.5,859.3165048948173,2.9703954851356684e-07,efficiency_opt,efficiency_gflop_per_j,clear_leader,8T
INTEL,Intel CPU,CPU,CPU package RAPL,1,512,8T,8,0.0002582372069573,0.0402637988404335,155.8273448251169,1039.4917880458113,6.666918267295563,1.039126666456128e-05,99.0,2228.5,1039.4920497343603,2.5174662465765607e-05,energy_opt,energy_j,tie_or_uncertain,"8T,16T"
INTEL,Intel CPU,CPU,CPU package RAPL,2,512,8T,8,0.0002669609354238,0.0401650200637788,150.46581583549354,1005.523357092899,6.683314375885939,1.072898037035356e-05,99.0,2178.5,1005.523617270441,2.5874838227579744e-05,energy_opt,energy_j,tie_or_uncertain,"8T,16T"
INTEL,Intel CPU,CPU,CPU package RAPL,3,512,8T,8,0.0002559241003547,0.0398910669031931,155.7961446666933,1048.8869771465827,6.729212248231771,1.020958810186395e-05,99.0,2196.5,1048.887061565457,8.048424304796242e-06,energy_opt,energy_j,tie_or_uncertain,"8T,16T"
INTEL,Intel CPU,CPU,CPU package RAPL,4,512,8T,8,0.0002519578987534,0.0368426264309336,146.24657859697612,1065.3980578823891,7.286002166626692,9.303353732671884e-06,86.0,2234.5,1065.3982037626877,1.3692562839118239e-05,energy_opt,energy_j,tie_or_uncertain,"8T,16T"
INTEL,Intel CPU,CPU,CPU package RAPL,5,512,8T,8,0.0002722252732951,0.0398566494013534,146.2964279184704,986.0783782151199,6.735023139975354,1.0843809174736284e-05,100.0,2150.5,986.0784099063774,3.213868016160859e-06,energy_opt,energy_j,tie_or_uncertain,"8T,16T"
INTEL,Intel CPU,CPU,CPU package RAPL,1,512,16T,16,0.0002550491060186,0.0418898142785192,164.25826893408276,1052.4853828753423,6.408131919974919,1.0686107222437655e-05,100.0,2983.0,1052.4856414440624,2.456744048195958e-05,runtime_opt,runtime_s,tie_or_uncertain,"8T,16T"
INTEL,Intel CPU,CPU,CPU package RAPL,2,512,16T,16,0.0002518377666248,0.040031730740276,158.97489609617136,1065.906276082602,6.705567084810713,1.0074298723515724e-05,96.0,2984.0,1065.9062922243163,1.5143652554172604e-06,runtime_opt,runtime_s,tie_or_uncertain,"8T,16T"
INTEL,Intel CPU,CPU,CPU package RAPL,3,512,16T,16,0.0002529232124874,0.0393754808660624,155.67640395179632,1061.3318301631675,6.8173251499606105,9.962126903142172e-06,91.5,2880.0,1061.3318301725824,8.870904011359926e-10,runtime_opt,runtime_s,tie_or_uncertain,"8T,16T"
INTEL,Intel CPU,CPU,CPU package RAPL,4,512,16T,16,0.000250851842567,0.0410734260466282,163.76928263278614,1070.0956120276596,6.535501949490683,1.0301292962434046e-05,98.0,2984.0,1070.0956497998975,3.529800274293393e-06,runtime_opt,runtime_s,tie_or_uncertain,"8T,16T"
INTEL,Intel CPU,CPU,CPU package RAPL,5,512,16T,16,0.0002631453400503,0.0420228586901763,159.6601842559451,1020.1033996980102,6.387843768057413,1.1067573504138023e-05,100.0,2882.0,1020.1036752928712,2.7016365322651836e-05,runtime_opt,runtime_s,tie_or_uncertain,"8T,16T"
INTEL,Intel CPU,CPU,CPU package RAPL,1,512,16T,16,0.0002550491060186,0.0418898142785192,164.25826893408276,1052.4853828753423,6.408131919974919,1.0686107222437655e-05,100.0,2983.0,1052.4856414440624,2.456744048195958e-05,edp_opt,edp_j_s,tie_or_uncertain,"8T,16T"
INTEL,Intel CPU,CPU,CPU package RAPL,2,512,16T,16,0.0002518377666248,0.040031730740276,158.97489609617136,1065.906276082602,6.705567084810713,1.0074298723515724e-05,96.0,2984.0,1065.9062922243163,1.5143652554172604e-06,edp_opt,edp_j_s,tie_or_uncertain,"8T,16T"
INTEL,Intel CPU,CPU,CPU package RAPL,3,512,16T,16,0.0002529232124874,0.0393754808660624,155.67640395179632,1061.3318301631675,6.8173251499606105,9.962126903142172e-06,91.5,2880.0,1061.3318301725824,8.870904011359926e-10,edp_opt,edp_j_s,tie_or_uncertain,"8T,16T"
INTEL,Intel CPU,CPU,CPU package RAPL,4,512,16T,16,0.000250851842567,0.0410734260466282,163.76928263278614,1070.0956120276596,6.535501949490683,1.0301292962434046e-05,98.0,2984.0,1070.0956497998975,3.529800274293393e-06,edp_opt,edp_j_s,tie_or_uncertain,"8T,16T"
INTEL,Intel CPU,CPU,CPU package RAPL,5,512,16T,16,0.0002631453400503,0.0420228586901763,159.6601842559451,1020.1033996980102,6.387843768057413,1.1067573504138023e-05,100.0,2882.0,1020.1036752928712,2.7016365322651836e-05,edp_opt,edp_j_s,tie_or_uncertain,"8T,16T"
INTEL,Intel CPU,CPU,CPU package RAPL,1,512,16T,16,0.0002550491060186,0.0418898142785192,164.25826893408276,1052.4853828753423,6.408131919974919,1.0686107222437655e-05,100.0,2983.0,1052.4856414440624,2.456744048195958e-05,throughput_opt,throughput_gflops,tie_or_uncertain,"8T,16T"
INTEL,Intel CPU,CPU,CPU package RAPL,2,512,16T,16,0.0002518377666248,0.040031730740276,158.97489609617136,1065.906276082602,6.705567084810713,1.0074298723515724e-05,96.0,2984.0,1065.9062922243163,1.5143652554172604e-06,throughput_opt,throughput_gflops,tie_or_uncertain,"8T,16T"
INTEL,Intel CPU,CPU,CPU package RAPL,3,512,16T,16,0.0002529232124874,0.0393754808660624,155.67640395179632,1061.3318301631675,6.8173251499606105,9.962126903142172e-06,91.5,2880.0,1061.3318301725824,8.870904011359926e-10,throughput_opt,throughput_gflops,tie_or_uncertain,"8T,16T"
INTEL,Intel CPU,CPU,CPU package RAPL,4,512,16T,16,0.000250851842567,0.0410734260466282,163.76928263278614,1070.0956120276596,6.535501949490683,1.0301292962434046e-05,98.0,2984.0,1070.0956497998975,3.529800274293393e-06,throughput_opt,throughput_gflops,tie_or_uncertain,"8T,16T"
INTEL,Intel CPU,CPU,CPU package RAPL,5,512,16T,16,0.0002631453400503,0.0420228586901763,159.6601842559451,1020.1033996980102,6.387843768057413,1.1067573504138023e-05,100.0,2882.0,1020.1036752928712,2.7016365322651836e-05,throughput_opt,throughput_gflops,tie_or_uncertain,"8T,16T"
INTEL,Intel CPU,CPU,CPU package RAPL,1,512,8T,8,0.0002582372069573,0.0402637988404335,155.8273448251169,1039.4917880458113,6.666918267295563,1.039126666456128e-05,99.0,2228.5,1039.4920497343603,2.5174662465765607e-05,efficiency_opt,efficiency_gflop_per_j,tie_or_uncertain,"8T,16T"
INTEL,Intel CPU,CPU,CPU package RAPL,2,512,8T,8,0.0002669609354238,0.0401650200637788,150.46581583549354,1005.523357092899,6.683314375885939,1.072898037035356e-05,99.0,2178.5,1005.523617270441,2.5874838227579744e-05,efficiency_opt,efficiency_gflop_per_j,tie_or_uncertain,"8T,16T"
INTEL,Intel CPU,CPU,CPU package RAPL,3,512,8T,8,0.0002559241003547,0.0398910669031931,155.7961446666933,1048.8869771465827,6.729212248231771,1.020958810186395e-05,99.0,2196.5,1048.887061565457,8.048424304796242e-06,efficiency_opt,efficiency_gflop_per_j,tie_or_uncertain,"8T,16T"
INTEL,Intel CPU,CPU,CPU package RAPL,4,512,8T,8,0.0002519578987534,0.0368426264309336,146.24657859697612,1065.3980578823891,7.286002166626692,9.303353732671884e-06,86.0,2234.5,1065.3982037626877,1.3692562839118239e-05,efficiency_opt,efficiency_gflop_per_j,tie_or_uncertain,"8T,16T"
INTEL,Intel CPU,CPU,CPU package RAPL,5,512,8T,8,0.0002722252732951,0.0398566494013534,146.2964279184704,986.0783782151199,6.735023139975354,1.0843809174736284e-05,100.0,2150.5,986.0784099063774,3.213868016160859e-06,efficiency_opt,efficiency_gflop_per_j,tie_or_uncertain,"8T,16T"
INTEL,Intel CPU,CPU,CPU package RAPL,1,1024,8T,8,0.0018182139037433,0.2712823511586453,149.22456316206055,1181.095163544183,7.9160462847218405,0.000493275152323,100.0,2122.5,1181.0951669781275,2.9074240792681394e-07,energy_opt,energy_j,clear_leader,8T
INTEL,Intel CPU,CPU,CPU package RAPL,2,1024,8T,8,0.001775143738977,0.2517037645502645,141.90392100873697,1209.7519771765506,8.531789946952319,0.000446665327898,86.0,2173.0,1209.7520422848925,5.381957879357913e-06,energy_opt,energy_j,clear_leader,8T
INTEL,Intel CPU,CPU,CPU package RAPL,3,1024,8T,8,0.0019604774951076,0.2627173336594912,133.9437016069339,1095.388064060453,8.174122423088233,0.0005152940881565,99.0,2035.0,1095.3881264049585,5.691545079677951e-06,energy_opt,energy_j,clear_leader,8T
INTEL,Intel CPU,CPU,CPU package RAPL,4,1024,8T,8,0.0017747036713286,0.2520398706293706,142.01829845567602,1210.0519555427104,8.520412435689254,0.0004479340485456,86.0,2143.0,1210.0541934076923,0.00018493957814058604,energy_opt,energy_j,clear_leader,8T
INTEL,Intel CPU,CPU,CPU package RAPL,5,1024,8T,8,0.0017613148788927,0.2734484152249135,154.9782071888128,1219.2502736081328,7.8533409902327564,0.0004816048394413,100.0,2156.5,1219.2515904540876,0.00010800456504700406,energy_opt,energy_j,clear_leader,8T
INTEL,Intel CPU,CPU,CPU package RAPL,1,1024,8T,8,0.0018182139037433,0.2712823511586453,149.22456316206055,1181.095163544183,7.9160462847218405,0.000493275152323,100.0,2122.5,1181.0951669781275,2.9074240792681394e-07,runtime_opt,runtime_s,tie_or_uncertain,"8T,10T,20T"
INTEL,Intel CPU,CPU,CPU package RAPL,2,1024,8T,8,0.001775143738977,0.2517037645502645,141.90392100873697,1209.7519771765506,8.531789946952319,0.000446665327898,86.0,2173.0,1209.7520422848925,5.381957879357913e-06,runtime_opt,runtime_s,tie_or_uncertain,"8T,10T,20T"
INTEL,Intel CPU,CPU,CPU package RAPL,3,1024,8T,8,0.0019604774951076,0.2627173336594912,133.9437016069339,1095.388064060453,8.174122423088233,0.0005152940881565,99.0,2035.0,1095.3881264049585,5.691545079677951e-06,runtime_opt,runtime_s,tie_or_uncertain,"8T,10T,20T"
INTEL,Intel CPU,CPU,CPU package RAPL,4,1024,8T,8,0.0017747036713286,0.2520398706293706,142.01829845567602,1210.0519555427104,8.520412435689254,0.0004479340485456,86.0,2143.0,1210.0541934076923,0.00018493957814058604,runtime_opt,runtime_s,tie_or_uncertain,"8T,10T,20T"
INTEL,Intel CPU,CPU,CPU package RAPL,5,1024,8T,8,0.0017613148788927,0.2734484152249135,154.9782071888128,1219.2502736081328,7.8533409902327564,0.0004816048394413,100.0,2156.5,1219.2515904540876,0.00010800456504700406,runtime_opt,runtime_s,tie_or_uncertain,"8T,10T,20T"
INTEL,Intel CPU,CPU,CPU package RAPL,1,1024,8T,8,0.0018182139037433,0.2712823511586453,149.22456316206055,1181.095163544183,7.9160462847218405,0.000493275152323,100.0,2122.5,1181.0951669781275,2.9074240792681394e-07,edp_opt,edp_j_s,clear_leader,8T
INTEL,Intel CPU,CPU,CPU package RAPL,2,1024,8T,8,0.001775143738977,0.2517037645502645,141.90392100873697,1209.7519771765506,8.531789946952319,0.000446665327898,86.0,2173.0,1209.7520422848925,5.381957879357913e-06,edp_opt,edp_j_s,clear_leader,8T
INTEL,Intel CPU,CPU,CPU package RAPL,3,1024,8T,8,0.0019604774951076,0.2627173336594912,133.9437016069339,1095.388064060453,8.174122423088233,0.0005152940881565,99.0,2035.0,1095.3881264049585,5.691545079677951e-06,edp_opt,edp_j_s,clear_leader,8T
INTEL,Intel CPU,CPU,CPU package RAPL,4,1024,8T,8,0.0017747036713286,0.2520398706293706,142.01829845567602,1210.0519555427104,8.520412435689254,0.0004479340485456,86.0,2143.0,1210.0541934076923,0.00018493957814058604,edp_opt,edp_j_s,clear_leader,8T
INTEL,Intel CPU,CPU,CPU package RAPL,5,1024,8T,8,0.0017613148788927,0.2734484152249135,154.9782071888128,1219.2502736081328,7.8533409902327564,0.0004816048394413,100.0,2156.5,1219.2515904540876,0.00010800456504700406,edp_opt,edp_j_s,clear_leader,8T
INTEL,Intel CPU,CPU,CPU package RAPL,1,1024,8T,8,0.0018182139037433,0.2712823511586453,149.22456316206055,1181.095163544183,7.9160462847218405,0.000493275152323,100.0,2122.5,1181.0951669781275,2.9074240792681394e-07,throughput_opt,throughput_gflops,tie_or_uncertain,"8T,10T,20T"
INTEL,Intel CPU,CPU,CPU package RAPL,2,1024,8T,8,0.001775143738977,0.2517037645502645,141.90392100873697,1209.7519771765506,8.531789946952319,0.000446665327898,86.0,2173.0,1209.7520422848925,5.381957879357913e-06,throughput_opt,throughput_gflops,tie_or_uncertain,"8T,10T,20T"
INTEL,Intel CPU,CPU,CPU package RAPL,3,1024,8T,8,0.0019604774951076,0.2627173336594912,133.9437016069339,1095.388064060453,8.174122423088233,0.0005152940881565,99.0,2035.0,1095.3881264049585,5.691545079677951e-06,throughput_opt,throughput_gflops,tie_or_uncertain,"8T,10T,20T"
INTEL,Intel CPU,CPU,CPU package RAPL,4,1024,8T,8,0.0017747036713286,0.2520398706293706,142.01829845567602,1210.0519555427104,8.520412435689254,0.0004479340485456,86.0,2143.0,1210.0541934076923,0.00018493957814058604,throughput_opt,throughput_gflops,tie_or_uncertain,"8T,10T,20T"
INTEL,Intel CPU,CPU,CPU package RAPL,5,1024,8T,8,0.0017613148788927,0.2734484152249135,154.9782071888128,1219.2502736081328,7.8533409902327564,0.0004816048394413,100.0,2156.5,1219.2515904540876,0.00010800456504700406,throughput_opt,throughput_gflops,tie_or_uncertain,"8T,10T,20T"
INTEL,Intel CPU,CPU,CPU package RAPL,1,1024,8T,8,0.0018182139037433,0.2712823511586453,149.22456316206055,1181.095163544183,7.9160462847218405,0.000493275152323,100.0,2122.5,1181.0951669781275,2.9074240792681394e-07,efficiency_opt,efficiency_gflop_per_j,clear_leader,8T
INTEL,Intel CPU,CPU,CPU package RAPL,2,1024,8T,8,0.001775143738977,0.2517037645502645,141.90392100873697,1209.7519771765506,8.531789946952319,0.000446665327898,86.0,2173.0,1209.7520422848925,5.381957879357913e-06,efficiency_opt,efficiency_gflop_per_j,clear_leader,8T
INTEL,Intel CPU,CPU,CPU package RAPL,3,1024,8T,8,0.0019604774951076,0.2627173336594912,133.9437016069339,1095.388064060453,8.174122423088233,0.0005152940881565,99.0,2035.0,1095.3881264049585,5.691545079677951e-06,efficiency_opt,efficiency_gflop_per_j,clear_leader,8T
INTEL,Intel CPU,CPU,CPU package RAPL,4,1024,8T,8,0.0017747036713286,0.2520398706293706,142.01829845567602,1210.0519555427104,8.520412435689254,0.0004479340485456,86.0,2143.0,1210.0541934076923,0.00018493957814058604,efficiency_opt,efficiency_gflop_per_j,clear_leader,8T
INTEL,Intel CPU,CPU,CPU package RAPL,5,1024,8T,8,0.0017613148788927,0.2734484152249135,154.9782071888128,1219.2502736081328,7.8533409902327564,0.0004816048394413,100.0,2156.5,1219.2515904540876,0.00010800456504700406,efficiency_opt,efficiency_gflop_per_j,clear_leader,8T
INTEL,Intel CPU,CPU,CPU package RAPL,1,2048,8T,8,0.013511072368421,2.131461861842105,157.74799340575143,1271.540016627693,8.060134451175394,0.0288011116867052,99.5,2189.5,1271.5401556238512,1.093132393492624e-05,energy_opt,energy_j,clear_leader,8T
INTEL,Intel CPU,CPU,CPU package RAPL,2,2048,8T,8,0.013799102739726,2.106039431506849,152.3671673990279,1244.9990052281564,8.157429973525227,0.0290607425685601,98.0,2176.0,1244.9998032790872,6.410052759697749e-05,energy_opt,energy_j,clear_leader,8T
INTEL,Intel CPU,CPU,CPU package RAPL,3,2048,8T,8,0.0134153150684931,2.063553219178082,153.911858672716,1280.6161537233102,8.32538217300874,0.027700070989512,88.5,2232.0,1280.6163475535388,1.513570073718995e-05,energy_opt,energy_j,clear_leader,8T
INTEL,Intel CPU,CPU,CPU package RAPL,4,2048,8T,8,0.0149984852941176,2.1569230441176472,143.92676480144718,1145.4402792752637,7.964989400457692,0.032384415721946,100.0,2149.5,1145.4402866796204,6.464201396383373e-07,energy_opt,energy_j,clear_leader,8T
INTEL,Intel CPU,CPU,CPU package RAPL,5,2048,8T,8,0.0145858550724637,2.1495076304347824,147.25792029293348,1177.844500623997,7.992467177483346,0.0313709635159332,100.0,2111.0,1177.8447936684622,2.487972436959751e-05,energy_opt,energy_j,clear_leader,8T
INTEL,Intel CPU,CPU,CPU package RAPL,1,2048,8T,8,0.013511072368421,2.131461861842105,157.74799340575143,1271.540016627693,8.060134451175394,0.0288011116867052,99.5,2189.5,1271.5401556238512,1.093132393492624e-05,runtime_opt,runtime_s,tie_or_uncertain,"8T,10T"
INTEL,Intel CPU,CPU,CPU package RAPL,2,2048,8T,8,0.013799102739726,2.106039431506849,152.3671673990279,1244.9990052281564,8.157429973525227,0.0290607425685601,98.0,2176.0,1244.9998032790872,6.410052759697749e-05,runtime_opt,runtime_s,tie_or_uncertain,"8T,10T"
INTEL,Intel CPU,CPU,CPU package RAPL,3,2048,8T,8,0.0134153150684931,2.063553219178082,153.911858672716,1280.6161537233102,8.32538217300874,0.027700070989512,88.5,2232.0,1280.6163475535388,1.513570073718995e-05,runtime_opt,runtime_s,tie_or_uncertain,"8T,10T"
INTEL,Intel CPU,CPU,CPU package RAPL,4,2048,8T,8,0.0149984852941176,2.1569230441176472,143.92676480144718,1145.4402792752637,7.964989400457692,0.032384415721946,100.0,2149.5,1145.4402866796204,6.464201396383373e-07,runtime_opt,runtime_s,tie_or_uncertain,"8T,10T"
INTEL,Intel CPU,CPU,CPU package RAPL,5,2048,8T,8,0.0145858550724637,2.1495076304347824,147.25792029293348,1177.844500623997,7.992467177483346,0.0313709635159332,100.0,2111.0,1177.8447936684622,2.487972436959751e-05,runtime_opt,runtime_s,tie_or_uncertain,"8T,10T"
INTEL,Intel CPU,CPU,CPU package RAPL,1,2048,8T,8,0.013511072368421,2.131461861842105,157.74799340575143,1271.540016627693,8.060134451175394,0.0288011116867052,99.5,2189.5,1271.5401556238512,1.093132393492624e-05,edp_opt,edp_j_s,clear_leader,8T
INTEL,Intel CPU,CPU,CPU package RAPL,2,2048,8T,8,0.013799102739726,2.106039431506849,152.3671673990279,1244.9990052281564,8.157429973525227,0.0290607425685601,98.0,2176.0,1244.9998032790872,6.410052759697749e-05,edp_opt,edp_j_s,clear_leader,8T
INTEL,Intel CPU,CPU,CPU package RAPL,3,2048,8T,8,0.0134153150684931,2.063553219178082,153.911858672716,1280.6161537233102,8.32538217300874,0.027700070989512,88.5,2232.0,1280.6163475535388,1.513570073718995e-05,edp_opt,edp_j_s,clear_leader,8T
INTEL,Intel CPU,CPU,CPU package RAPL,4,2048,8T,8,0.0149984852941176,2.1569230441176472,143.92676480144718,1145.4402792752637,7.964989400457692,0.032384415721946,100.0,2149.5,1145.4402866796204,6.464201396383373e-07,edp_opt,edp_j_s,clear_leader,8T
INTEL,Intel CPU,CPU,CPU package RAPL,5,2048,8T,8,0.0145858550724637,2.1495076304347824,147.25792029293348,1177.844500623997,7.992467177483346,0.0313709635159332,100.0,2111.0,1177.8447936684622,2.487972436959751e-05,edp_opt,edp_j_s,clear_leader,8T
INTEL,Intel CPU,CPU,CPU package RAPL,1,2048,8T,8,0.013511072368421,2.131461861842105,157.74799340575143,1271.540016627693,8.060134451175394,0.0288011116867052,99.5,2189.5,1271.5401556238512,1.093132393492624e-05,throughput_opt,throughput_gflops,tie_or_uncertain,"8T,10T"
INTEL,Intel CPU,CPU,CPU package RAPL,2,2048,8T,8,0.013799102739726,2.106039431506849,152.3671673990279,1244.9990052281564,8.157429973525227,0.0290607425685601,98.0,2176.0,1244.9998032790872,6.410052759697749e-05,throughput_opt,throughput_gflops,tie_or_uncertain,"8T,10T"
INTEL,Intel CPU,CPU,CPU package RAPL,3,2048,8T,8,0.0134153150684931,2.063553219178082,153.911858672716,1280.6161537233102,8.32538217300874,0.027700070989512,88.5,2232.0,1280.6163475535388,1.513570073718995e-05,throughput_opt,throughput_gflops,tie_or_uncertain,"8T,10T"
INTEL,Intel CPU,CPU,CPU package RAPL,4,2048,8T,8,0.0149984852941176,2.1569230441176472,143.92676480144718,1145.4402792752637,7.964989400457692,0.032384415721946,100.0,2149.5,1145.4402866796204,6.464201396383373e-07,throughput_opt,throughput_gflops,tie_or_uncertain,"8T,10T"
INTEL,Intel CPU,CPU,CPU package RAPL,5,2048,8T,8,0.0145858550724637,2.1495076304347824,147.25792029293348,1177.844500623997,7.992467177483346,0.0313709635159332,100.0,2111.0,1177.8447936684622,2.487972436959751e-05,throughput_opt,throughput_gflops,tie_or_uncertain,"8T,10T"
INTEL,Intel CPU,CPU,CPU package RAPL,1,2048,8T,8,0.013511072368421,2.131461861842105,157.74799340575143,1271.540016627693,8.060134451175394,0.0288011116867052,99.5,2189.5,1271.5401556238512,1.093132393492624e-05,efficiency_opt,efficiency_gflop_per_j,clear_leader,8T
INTEL,Intel CPU,CPU,CPU package RAPL,2,2048,8T,8,0.013799102739726,2.106039431506849,152.3671673990279,1244.9990052281564,8.157429973525227,0.0290607425685601,98.0,2176.0,1244.9998032790872,6.410052759697749e-05,efficiency_opt,efficiency_gflop_per_j,clear_leader,8T
INTEL,Intel CPU,CPU,CPU package RAPL,3,2048,8T,8,0.0134153150684931,2.063553219178082,153.911858672716,1280.6161537233102,8.32538217300874,0.027700070989512,88.5,2232.0,1280.6163475535388,1.513570073718995e-05,efficiency_opt,efficiency_gflop_per_j,clear_leader,8T
INTEL,Intel CPU,CPU,CPU package RAPL,4,2048,8T,8,0.0149984852941176,2.1569230441176472,143.92676480144718,1145.4402792752637,7.964989400457692,0.032384415721946,100.0,2149.5,1145.4402866796204,6.464201396383373e-07,efficiency_opt,efficiency_gflop_per_j,clear_leader,8T
INTEL,Intel CPU,CPU,CPU package RAPL,5,2048,8T,8,0.0145858550724637,2.1495076304347824,147.25792029293348,1177.844500623997,7.992467177483346,0.0313709635159332,100.0,2111.0,1177.8447936684622,2.487972436959751e-05,efficiency_opt,efficiency_gflop_per_j,clear_leader,8T
INTEL,Intel CPU,CPU,CPU package RAPL,1,4096,8T,8,0.1165848333333333,17.423373222222224,149.42885148604782,1178.875069272876,7.888194307673257,2.031736144415568,100.0,2169.5,1178.8750734555947,3.5480591797920624e-07,energy_opt,energy_j,tie_or_uncertain,"8T,10T"
INTEL,Intel CPU,CPU,CPU package RAPL,2,4096,8T,8,0.1130478,18.18301925,160.809499527167,1215.759647441171,7.55864312644337,2.055714067883235,100.0,2249.0,1215.7599532779568,2.5156023775174674e-05,energy_opt,energy_j,tie_or_uncertain,"8T,10T"
INTEL,Intel CPU,CPU,CPU package RAPL,3,4096,8T,8,0.11126705,17.91957085,160.9029174994697,1235.217015926997,7.669768133537641,1.99434502456966,98.0,2376.0,1235.217104231752,7.148926384203946e-06,energy_opt,energy_j,tie_or_uncertain,"8T,10T"
INTEL,Intel CPU,CPU,CPU package RAPL,4,4096,8T,8,0.1220371666666666,16.9708665,139.05664076706336,1126.2057062288409,8.098523046657636,2.0699736158260804,100.0,2157.5,1126.2057062570807,2.507527518957886e-09,energy_opt,energy_j,tie_or_uncertain,"8T,10T"
INTEL,Intel CPU,CPU,CPU package RAPL,5,4096,8T,8,0.1096632999999999,17.19469475,156.7029542898807,1253.28121141713,7.99310226033527,1.8887283496152496,95.0,2262.5,1253.2812254401597,1.1189052795401722e-06,energy_opt,energy_j,tie_or_uncertain,"8T,10T"
INTEL,Intel CPU,CPU,CPU package RAPL,1,4096,10T,10,0.1056568,17.99624605,170.35020073840195,1300.805565491289,7.637090151476341,1.90173232383973,99.0,2487.5,1300.8057302290747,1.2664289750219382e-05,runtime_opt,runtime_s,clear_leader,10T
INTEL,Intel CPU,CPU,CPU package RAPL,2,4096,10T,10,0.1080681,17.863558949999998,165.24420621041696,1271.7809739599381,7.693816996752487,1.9299660217111048,100.0,2484.0,1271.780988866896,1.1721324799651711e-06,runtime_opt,runtime_s,clear_leader,10T
INTEL,Intel CPU,CPU,CPU package RAPL,3,4096,10T,10,0.1039992999999999,17.852865700000002,171.69025832469404,1321.537293731786,7.698425327425165,1.858234152357985,99.0,2401.0,1321.537302768602,6.838109189999386e-07,runtime_opt,runtime_s,clear_leader,10T
INTEL,Intel CPU,CPU,CPU package RAPL,4,4096,10T,10,0.10483455,17.9996365,171.6355190831532,1311.0081883501193,7.635651612853403,1.887040909588555,99.0,2529.0,1311.008223027422,2.6450866608129786e-06,runtime_opt,runtime_s,clear_leader,10T
INTEL,Intel CPU,CPU,CPU package RAPL,5,4096,10T,10,0.1078436,18.0320217,166.88866433099736,1274.4284637382282,7.6219381142381835,1.94858246071776,100.0,2404.5,1274.428760039487,2.3249736447183977e-05,runtime_opt,runtime_s,clear_leader,10T
INTEL,Intel CPU,CPU,CPU package RAPL,1,4096,10T,10,0.1056568,17.99624605,170.35020073840195,1300.805565491289,7.637090151476341,1.90173232383973,99.0,2487.5,1300.8057302290747,1.2664289750219382e-05,edp_opt,edp_j_s,tie_or_uncertain,"8T,10T"
INTEL,Intel CPU,CPU,CPU package RAPL,2,4096,10T,10,0.1080681,17.863558949999998,165.24420621041696,1271.7809739599381,7.693816996752487,1.9299660217111048,100.0,2484.0,1271.780988866896,1.1721324799651711e-06,edp_opt,edp_j_s,tie_or_uncertain,"8T,10T"
INTEL,Intel CPU,CPU,CPU package RAPL,3,4096,10T,10,0.1039992999999999,17.852865700000002,171.69025832469404,1321.537293731786,7.698425327425165,1.858234152357985,99.0,2401.0,1321.537302768602,6.838109189999386e-07,edp_opt,edp_j_s,tie_or_uncertain,"8T,10T"
INTEL,Intel CPU,CPU,CPU package RAPL,4,4096,10T,10,0.10483455,17.9996365,171.6355190831532,1311.0081883501193,7.635651612853403,1.887040909588555,99.0,2529.0,1311.008223027422,2.6450866608129786e-06,edp_opt,edp_j_s,tie_or_uncertain,"8T,10T"
INTEL,Intel CPU,CPU,CPU package RAPL,5,4096,10T,10,0.1078436,18.0320217,166.88866433099736,1274.4284637382282,7.6219381142381835,1.94858246071776,100.0,2404.5,1274.428760039487,2.3249736447183977e-05,edp_opt,edp_j_s,tie_or_uncertain,"8T,10T"
INTEL,Intel CPU,CPU,CPU package RAPL,1,4096,10T,10,0.1056568,17.99624605,170.35020073840195,1300.805565491289,7.637090151476341,1.90173232383973,99.0,2487.5,1300.8057302290747,1.2664289750219382e-05,throughput_opt,throughput_gflops,clear_leader,10T
INTEL,Intel CPU,CPU,CPU package RAPL,2,4096,10T,10,0.1080681,17.863558949999998,165.24420621041696,1271.7809739599381,7.693816996752487,1.9299660217111048,100.0,2484.0,1271.780988866896,1.1721324799651711e-06,throughput_opt,throughput_gflops,clear_leader,10T
INTEL,Intel CPU,CPU,CPU package RAPL,3,4096,10T,10,0.1039992999999999,17.852865700000002,171.69025832469404,1321.537293731786,7.698425327425165,1.858234152357985,99.0,2401.0,1321.537302768602,6.838109189999386e-07,throughput_opt,throughput_gflops,clear_leader,10T
INTEL,Intel CPU,CPU,CPU package RAPL,4,4096,10T,10,0.10483455,17.9996365,171.6355190831532,1311.0081883501193,7.635651612853403,1.887040909588555,99.0,2529.0,1311.008223027422,2.6450866608129786e-06,throughput_opt,throughput_gflops,clear_leader,10T
INTEL,Intel CPU,CPU,CPU package RAPL,5,4096,10T,10,0.1078436,18.0320217,166.88866433099736,1274.4284637382282,7.6219381142381835,1.94858246071776,100.0,2404.5,1274.428760039487,2.3249736447183977e-05,throughput_opt,throughput_gflops,clear_leader,10T
INTEL,Intel CPU,CPU,CPU package RAPL,1,4096,8T,8,0.1165848333333333,17.423373222222224,149.42885148604782,1178.875069272876,7.888194307673257,2.031736144415568,100.0,2169.5,1178.8750734555947,3.5480591797920624e-07,efficiency_opt,efficiency_gflop_per_j,tie_or_uncertain,"8T,10T"
INTEL,Intel CPU,CPU,CPU package RAPL,2,4096,8T,8,0.1130478,18.18301925,160.809499527167,1215.759647441171,7.55864312644337,2.055714067883235,100.0,2249.0,1215.7599532779568,2.5156023775174674e-05,efficiency_opt,efficiency_gflop_per_j,tie_or_uncertain,"8T,10T"
INTEL,Intel CPU,CPU,CPU package RAPL,3,4096,8T,8,0.11126705,17.91957085,160.9029174994697,1235.217015926997,7.669768133537641,1.99434502456966,98.0,2376.0,1235.217104231752,7.148926384203946e-06,efficiency_opt,efficiency_gflop_per_j,tie_or_uncertain,"8T,10T"
INTEL,Intel CPU,CPU,CPU package RAPL,4,4096,8T,8,0.1220371666666666,16.9708665,139.05664076706336,1126.2057062288409,8.098523046657636,2.0699736158260804,100.0,2157.5,1126.2057062570807,2.507527518957886e-09,efficiency_opt,efficiency_gflop_per_j,tie_or_uncertain,"8T,10T"
INTEL,Intel CPU,CPU,CPU package RAPL,5,4096,8T,8,0.1096632999999999,17.19469475,156.7029542898807,1253.28121141713,7.99310226033527,1.8887283496152496,95.0,2262.5,1253.2812254401597,1.1189052795401722e-06,efficiency_opt,efficiency_gflop_per_j,tie_or_uncertain,"8T,10T"
INTEL,Intel CPU,CPU,CPU package RAPL,1,8192,8T,8,0.93356125,144.52000049999998,154.79269910408703,1177.7605676928001,7.608023968807004,134.92904209713288,97.0,2419.0,1177.7605682746453,4.940265974084923e-08,energy_opt,energy_j,tie_or_uncertain,"8T,10T"
INTEL,Intel CPU,CPU,CPU package RAPL,2,8192,8T,8,0.936769,149.4888755,159.67332040230292,1173.727597493085,7.355140133996124,140.08805713361073,100.0,2402.0,1173.727670730674,6.239743277625109e-06,energy_opt,energy_j,tie_or_uncertain,"8T,10T"
INTEL,Intel CPU,CPU,CPU package RAPL,3,8192,8T,8,0.96801675,144.80790275,149.55023126925877,1135.839465356359,7.592897948907004,140.25961490031978,99.0,2144.5,1135.839512278812,4.131081410285731e-06,energy_opt,energy_j,tie_or_uncertain,"8T,10T"
INTEL,Intel CPU,CPU,CPU package RAPL,4,8192,8T,8,0.92398775,136.6924755,147.92048961046453,1189.9634251384828,8.043688021262003,126.27129703733686,89.0,2423.5,1189.9634256821528,4.568796452275592e-08,energy_opt,energy_j,tie_or_uncertain,"8T,10T"
INTEL,Intel CPU,CPU,CPU package RAPL,5,8192,8T,8,0.96435,147.366612,152.69591268098975,1140.158270105252,7.46106334979052,142.19990698889225,99.0,2247.0,1140.158285347377,1.336842903043589e-06,energy_opt,energy_j,tie_or_uncertain,"8T,10T"
INTEL,Intel CPU,CPU,CPU package RAPL,1,8192,10T,10,0.9215565,142.38498099999998,154.47427256715193,1193.1027861840266,7.722103975109567,131.241868248991,84.0,2670.5,1193.1027999530877,1.1540548960908836e-06,runtime_opt,runtime_s,tie_or_uncertain,"8T,10T"
INTEL,Intel CPU,CPU,CPU package RAPL,2,8192,10T,10,0.99178575,145.78261625,147.03415752465736,1108.6180939542637,7.542131264062838,144.4827003995935,100.0,1905.5,1108.6180960140323,1.8579604521562487e-07,runtime_opt,runtime_s,tie_or_uncertain,"8T,10T"
INTEL,Intel CPU,CPU,CPU package RAPL,3,8192,10T,10,0.8986594999999999,148.25424375,165.0284440381227,1223.501924562084,7.416392272926083,133.18505980146335,95.0,2686.5,1223.501924636319,6.0674132384974655e-09,runtime_opt,runtime_s,tie_or_uncertain,"8T,10T"
INTEL,Intel CPU,CPU,CPU package RAPL,4,8192,10T,10,0.9609015,144.3533295,150.35779954980708,1144.2500899166046,7.616808227315603,138.64133311603737,100.0,2279.0,1144.2513540893988,0.00011048046273387513,runtime_opt,runtime_s,tie_or_uncertain,"8T,10T"
INTEL,Intel CPU,CPU,CPU package RAPL,5,8192,10T,10,0.92879425,152.88579325,164.57572352934258,1183.8053775375977,7.191718762109376,141.94523392157276,99.0,2416.0,1183.8053806012886,2.5880022569424455e-07,runtime_opt,runtime_s,tie_or_uncertain,"8T,10T"
INTEL,Intel CPU,CPU,CPU package RAPL,1,8192,10T,10,0.9215565,142.38498099999998,154.47427256715193,1193.1027861840266,7.722103975109567,131.241868248991,84.0,2670.5,1193.1027999530877,1.1540548960908836e-06,edp_opt,edp_j_s,tie_or_uncertain,"8T,10T"
INTEL,Intel CPU,CPU,CPU package RAPL,2,8192,10T,10,0.99178575,145.78261625,147.03415752465736,1108.6180939542637,7.542131264062838,144.4827003995935,100.0,1905.5,1108.6180960140323,1.8579604521562487e-07,edp_opt,edp_j_s,tie_or_uncertain,"8T,10T"
INTEL,Intel CPU,CPU,CPU package RAPL,3,8192,10T,10,0.8986594999999999,148.25424375,165.0284440381227,1223.501924562084,7.416392272926083,133.18505980146335,95.0,2686.5,1223.501924636319,6.0674132384974655e-09,edp_opt,edp_j_s,tie_or_uncertain,"8T,10T"
INTEL,Intel CPU,CPU,CPU package RAPL,4,8192,10T,10,0.9609015,144.3533295,150.35779954980708,1144.2500899166046,7.616808227315603,138.64133311603737,100.0,2279.0,1144.2513540893988,0.00011048046273387513,edp_opt,edp_j_s,tie_or_uncertain,"8T,10T"
INTEL,Intel CPU,CPU,CPU package RAPL,5,8192,10T,10,0.92879425,152.88579325,164.57572352934258,1183.8053775375977,7.191718762109376,141.94523392157276,99.0,2416.0,1183.8053806012886,2.5880022569424455e-07,edp_opt,edp_j_s,tie_or_uncertain,"8T,10T"
INTEL,Intel CPU,CPU,CPU package RAPL,1,8192,10T,10,0.9215565,142.38498099999998,154.47427256715193,1193.1027861840266,7.722103975109567,131.241868248991,84.0,2670.5,1193.1027999530877,1.1540548960908836e-06,throughput_opt,throughput_gflops,tie_or_uncertain,"8T,10T"
INTEL,Intel CPU,CPU,CPU package RAPL,2,8192,10T,10,0.99178575,145.78261625,147.03415752465736,1108.6180939542637,7.542131264062838,144.4827003995935,100.0,1905.5,1108.6180960140323,1.8579604521562487e-07,throughput_opt,throughput_gflops,tie_or_uncertain,"8T,10T"
INTEL,Intel CPU,CPU,CPU package RAPL,3,8192,10T,10,0.8986594999999999,148.25424375,165.0284440381227,1223.501924562084,7.416392272926083,133.18505980146335,95.0,2686.5,1223.501924636319,6.0674132384974655e-09,throughput_opt,throughput_gflops,tie_or_uncertain,"8T,10T"
INTEL,Intel CPU,CPU,CPU package RAPL,4,8192,10T,10,0.9609015,144.3533295,150.35779954980708,1144.2500899166046,7.616808227315603,138.64133311603737,100.0,2279.0,1144.2513540893988,0.00011048046273387513,throughput_opt,throughput_gflops,tie_or_uncertain,"8T,10T"
INTEL,Intel CPU,CPU,CPU package RAPL,5,8192,10T,10,0.92879425,152.88579325,164.57572352934258,1183.8053775375977,7.191718762109376,141.94523392157276,99.0,2416.0,1183.8053806012886,2.5880022569424455e-07,throughput_opt,throughput_gflops,tie_or_uncertain,"8T,10T"
INTEL,Intel CPU,CPU,CPU package RAPL,1,8192,8T,8,0.93356125,144.52000049999998,154.79269910408703,1177.7605676928001,7.608023968807004,134.92904209713288,97.0,2419.0,1177.7605682746453,4.940265974084923e-08,efficiency_opt,efficiency_gflop_per_j,tie_or_uncertain,"8T,10T"
INTEL,Intel CPU,CPU,CPU package RAPL,2,8192,8T,8,0.936769,149.4888755,159.67332040230292,1173.727597493085,7.355140133996124,140.08805713361073,100.0,2402.0,1173.727670730674,6.239743277625109e-06,efficiency_opt,efficiency_gflop_per_j,tie_or_uncertain,"8T,10T"
INTEL,Intel CPU,CPU,CPU package RAPL,3,8192,8T,8,0.96801675,144.80790275,149.55023126925877,1135.839465356359,7.592897948907004,140.25961490031978,99.0,2144.5,1135.839512278812,4.131081410285731e-06,efficiency_opt,efficiency_gflop_per_j,tie_or_uncertain,"8T,10T"
INTEL,Intel CPU,CPU,CPU package RAPL,4,8192,8T,8,0.92398775,136.6924755,147.92048961046453,1189.9634251384828,8.043688021262003,126.27129703733686,89.0,2423.5,1189.9634256821528,4.568796452275592e-08,efficiency_opt,efficiency_gflop_per_j,tie_or_uncertain,"8T,10T"
INTEL,Intel CPU,CPU,CPU package RAPL,5,8192,8T,8,0.96435,147.366612,152.69591268098975,1140.158270105252,7.46106334979052,142.19990698889225,99.0,2247.0,1140.158285347377,1.336842903043589e-06,efficiency_opt,efficiency_gflop_per_j,tie_or_uncertain,"8T,10T"
INTEL,Intel CPU,CPU,CPU package RAPL,1,16384,8T,8,7.508129,1038.4573025,138.22893414497162,1171.5426069807802,8.470346350333456,7790.470948058786,75.5,2424.5,1171.542613221803,5.327183805192703e-07,energy_opt,energy_j,clear_leader,8T
INTEL,Intel CPU,CPU,CPU package RAPL,2,16384,8T,8,7.7003385,1186.094864,154.13276915926497,1142.2995264699077,7.41601139098095,9164.165089901777,99.0,2209.5,1142.3029766056238,0.0003020342419945976,energy_opt,energy_j,clear_leader,8T
INTEL,Intel CPU,CPU,CPU package RAPL,3,16384,8T,8,7.4522905,1192.1663205,160.38303011227788,1180.3207379272185,7.378243178786395,8876.414124970786,98.0,2068.0,1180.320764515635,2.252643338529481e-06,energy_opt,energy_j,clear_leader,8T
INTEL,Intel CPU,CPU,CPU package RAPL,4,16384,8T,8,7.8722265,1150.7759845,146.4828043929051,1117.357716042342,7.643618862996875,9040.60862413571,100.0,2054.5,1117.357951858794,2.1104830505436212e-05,energy_opt,energy_j,clear_leader,8T
INTEL,Intel CPU,CPU,CPU package RAPL,5,16384,8T,8,7.7036525,1154.6073645,150.18631701991768,1141.8081257180281,7.618254735467695,8910.065139680819,99.0,1911.0,1141.8081257980705,7.010148017627671e-09,energy_opt,energy_j,clear_leader,8T
INTEL,Intel CPU,CPU,CPU package RAPL,1,16384,10T,10,7.5596795,1240.4163494999998,164.08355542291673,1163.5536959216329,7.091242408852175,9354.596767339037,100.0,2531.0,1163.5546732904309,8.399859854346658e-05,runtime_opt,runtime_s,tie_or_uncertain,"8T,10T"
INTEL,Intel CPU,CPU,CPU package RAPL,2,16384,10T,10,7.504099,1226.449131,163.4376399728875,1172.1717720152678,7.171999881508334,9197.00722903384,100.0,2527.5,1172.1726045036469,7.102102259626264e-05,runtime_opt,runtime_s,tie_or_uncertain,"8T,10T"
INTEL,Intel CPU,CPU,CPU package RAPL,3,16384,10T,10,7.329109499999999,1209.4208235,165.017568388332,1200.1584943174885,7.272979637271806,8873.61231511389,99.0,2432.0,1200.170091250195,0.0009662834335122383,runtime_opt,runtime_s,tie_or_uncertain,"8T,10T"
INTEL,Intel CPU,CPU,CPU package RAPL,4,16384,10T,10,7.5319495,1228.3455795,163.51192929312907,1167.8374930963093,7.160926997261197,9241.37139400452,99.0,1900.0,1167.8383390600295,7.243847925941793e-05,runtime_opt,runtime_s,tie_or_uncertain,"8T,10T"
INTEL,Intel CPU,CPU,CPU package RAPL,5,16384,10T,10,7.4920555,1227.1838395,163.90029737046456,1174.0560413905102,7.167706042960812,9171.805864039294,99.0,2038.0,1174.0565742831332,4.538902778072895e-05,runtime_opt,runtime_s,tie_or_uncertain,"8T,10T"
INTEL,Intel CPU,CPU,CPU package RAPL,1,16384,8T,8,7.508129,1038.4573025,138.22893414497162,1171.5426069807802,8.470346350333456,7790.470948058786,75.5,2424.5,1171.542613221803,5.327183805192703e-07,edp_opt,edp_j_s,tie_or_uncertain,"8T,10T"
INTEL,Intel CPU,CPU,CPU package RAPL,2,16384,8T,8,7.7003385,1186.094864,154.13276915926497,1142.2995264699077,7.41601139098095,9164.165089901777,99.0,2209.5,1142.3029766056238,0.0003020342419945976,edp_opt,edp_j_s,tie_or_uncertain,"8T,10T"
INTEL,Intel CPU,CPU,CPU package RAPL,3,16384,8T,8,7.4522905,1192.1663205,160.38303011227788,1180.3207379272185,7.378243178786395,8876.414124970786,98.0,2068.0,1180.320764515635,2.252643338529481e-06,edp_opt,edp_j_s,tie_or_uncertain,"8T,10T"
INTEL,Intel CPU,CPU,CPU package RAPL,4,16384,8T,8,7.8722265,1150.7759845,146.4828043929051,1117.357716042342,7.643618862996875,9040.60862413571,100.0,2054.5,1117.357951858794,2.1104830505436212e-05,edp_opt,edp_j_s,tie_or_uncertain,"8T,10T"
INTEL,Intel CPU,CPU,CPU package RAPL,5,16384,8T,8,7.7036525,1154.6073645,150.18631701991768,1141.8081257180281,7.618254735467695,8910.065139680819,99.0,1911.0,1141.8081257980705,7.010148017627671e-09,edp_opt,edp_j_s,tie_or_uncertain,"8T,10T"
INTEL,Intel CPU,CPU,CPU package RAPL,1,16384,10T,10,7.5596795,1240.4163494999998,164.08355542291673,1163.5536959216329,7.091242408852175,9354.596767339037,100.0,2531.0,1163.5546732904309,8.399859854346658e-05,throughput_opt,throughput_gflops,tie_or_uncertain,"8T,10T"
INTEL,Intel CPU,CPU,CPU package RAPL,2,16384,10T,10,7.504099,1226.449131,163.4376399728875,1172.1717720152678,7.171999881508334,9197.00722903384,100.0,2527.5,1172.1726045036469,7.102102259626264e-05,throughput_opt,throughput_gflops,tie_or_uncertain,"8T,10T"
INTEL,Intel CPU,CPU,CPU package RAPL,3,16384,10T,10,7.329109499999999,1209.4208235,165.017568388332,1200.1584943174885,7.272979637271806,8873.61231511389,99.0,2432.0,1200.170091250195,0.0009662834335122383,throughput_opt,throughput_gflops,tie_or_uncertain,"8T,10T"
INTEL,Intel CPU,CPU,CPU package RAPL,4,16384,10T,10,7.5319495,1228.3455795,163.51192929312907,1167.8374930963093,7.160926997261197,9241.37139400452,99.0,1900.0,1167.8383390600295,7.243847925941793e-05,throughput_opt,throughput_gflops,tie_or_uncertain,"8T,10T"
INTEL,Intel CPU,CPU,CPU package RAPL,5,16384,10T,10,7.4920555,1227.1838395,163.90029737046456,1174.0560413905102,7.167706042960812,9171.805864039294,99.0,2038.0,1174.0565742831332,4.538902778072895e-05,throughput_opt,throughput_gflops,tie_or_uncertain,"8T,10T"
INTEL,Intel CPU,CPU,CPU package RAPL,1,16384,8T,8,7.508129,1038.4573025,138.22893414497162,1171.5426069807802,8.470346350333456,7790.470948058786,75.5,2424.5,1171.542613221803,5.327183805192703e-07,efficiency_opt,efficiency_gflop_per_j,clear_leader,8T
INTEL,Intel CPU,CPU,CPU package RAPL,2,16384,8T,8,7.7003385,1186.094864,154.13276915926497,1142.2995264699077,7.41601139098095,9164.165089901777,99.0,2209.5,1142.3029766056238,0.0003020342419945976,efficiency_opt,efficiency_gflop_per_j,clear_leader,8T
INTEL,Intel CPU,CPU,CPU package RAPL,3,16384,8T,8,7.4522905,1192.1663205,160.38303011227788,1180.3207379272185,7.378243178786395,8876.414124970786,98.0,2068.0,1180.320764515635,2.252643338529481e-06,efficiency_opt,efficiency_gflop_per_j,clear_leader,8T
INTEL,Intel CPU,CPU,CPU package RAPL,4,16384,8T,8,7.8722265,1150.7759845,146.4828043929051,1117.357716042342,7.643618862996875,9040.60862413571,100.0,2054.5,1117.357951858794,2.1104830505436212e-05,efficiency_opt,efficiency_gflop_per_j,clear_leader,8T
INTEL,Intel CPU,CPU,CPU package RAPL,5,16384,8T,8,7.7036525,1154.6073645,150.18631701991768,1141.8081257180281,7.618254735467695,8910.065139680819,99.0,1911.0,1141.8081257980705,7.010148017627671e-09,efficiency_opt,efficiency_gflop_per_j,clear_leader,8T
