platform,platform_label,device_kind,energy_domain,session_number,problem_size,configuration,num_threads,runtime_s,energy_j,power_w,throughput_gflops,efficiency_gflop_per_j,edp_j_s,temperature_c,clock_mhz,reported_throughput_gflops,throughput_normalization_delta_pct
INTEL,Intel CPU,CPU,CPU package RAPL,1,64,1T,1,2.5564774921052965e-06,0.0001600621949192,62.63501244853201,205.0821889177836,3.2755267429930135,4.090349093140591e-10,98.0,1339.0,205.0821903311601,6.891756276772298e-07
INTEL,Intel CPU,CPU,CPU package RAPL,1,64,2T,2,2.481484534640308e-06,0.0001460082847464,58.83901910615528,211.27997885185115,3.590809938700598,3.62317962091293e-10,98.5,1348.5,211.28012037094,6.698177916764081e-05
INTEL,Intel CPU,CPU,CPU package RAPL,1,64,4T,4,2.465447094221049e-06,0.0001415585342898,57.41166444956847,212.65433001134718,3.7036834453701855,3.4903742261086346e-10,97.0,1339.0,212.65433087218088,4.0480421237276687e-07
INTEL,Intel CPU,CPU,CPU package RAPL,1,64,8T,8,2.610057962333292e-06,0.0001641003342335,62.81353173902836,200.87216742547227,3.1949234134647484,4.2871214034706206e-10,99.0,1449.0,200.8722188078741,2.557965221861025e-05
INTEL,Intel CPU,CPU,CPU package RAPL,1,64,10T,10,2.470843345176688e-06,0.0001449107210277,58.6827157925059,212.18989905752548,3.6180069789300213,3.578434156542973e-10,99.0,1402.5,212.19048312378817,0.00027525639310077565
INTEL,Intel CPU,CPU,CPU package RAPL,1,64,16T,16,2.452508285720594e-06,0.0001315633664435,53.61573401051566,213.77624004477283,3.9850606910788953,3.229599081398164e-10,84.0,1337.5,213.7762403143388,1.2609724375778342e-07
INTEL,Intel CPU,CPU,CPU package RAPL,1,64,20T,20,2.463185118747773e-06,0.0001421202651398,57.72504645204802,212.84961329521835,3.6890446234692256,3.5018414267256794e-10,99.0,1339.0,212.8496358766983,1.0609124245775092e-05
INTEL,Intel CPU,CPU,CPU package RAPL,1,128,1T,1,2.4989542532891436e-05,0.0014331632017676,57.3969245301926,167.8423682418125,2.926605982366092,3.5871467386996176e-08,98.5,1338.0,167.842374455445,3.7020643661733743e-06
INTEL,Intel CPU,CPU,CPU package RAPL,1,128,2T,2,1.9273314751532045e-05,0.0013910907867356,72.22933993795371,217.62234748262972,3.0151188117941268,2.6756060420744526e-08,94.5,1587.0,217.6251186107252,0.001273365592968645
INTEL,Intel CPU,CPU,CPU package RAPL,1,128,4T,4,1.238258696497825e-05,0.0011816319297914,95.3357299565742,338.7259877005327,3.549585868706547,1.4631661135124886e-08,94.0,1848.5,338.7271063895756,0.00033026371861755166
INTEL,Intel CPU,CPU,CPU package RAPL,1,128,8T,8,1.2190165032580233e-05,0.0014249656111077,116.95960682533862,344.07278234462194,2.943442260855368,1.7363656290697365e-08,89.0,2232.5,344.072946583706,4.77338204296629e-05
INTEL,Intel CPU,CPU,CPU package RAPL,1,128,10T,10,1.2275940504218168e-05,0.0014895355540023,121.1252404459204,341.6686484069212,2.8158468515438493,1.830983247974642e-08,92.0,2169.0,341.66877092632586,3.585912995429652e-05
INTEL,Intel CPU,CPU,CPU package RAPL,1,128,16T,16,1.2112697310115212e-05,0.001418129937244,116.93892665324046,346.2733272875045,2.9576302494193367,1.71773888151024e-08,89.0,2234.0,346.2736822524963,0.00010251005890804521
INTEL,Intel CPU,CPU,CPU package RAPL,1,128,20T,20,1.2068080490189064e-05,0.0015383503325942,127.45055025944828,347.55353209732283,2.726494681433798,1.8565143028165907e-08,98.0,2230.0,347.5535439563636,3.4121479641768815e-06
INTEL,Intel CPU,CPU,CPU package RAPL,1,256,1T,1,0.0001868159133709,0.0109071210922787,58.3585261307102,179.6122792461572,3.0763784243445906,2.037200480985083e-06,98.5,1339.0,179.61272144588742,0.0002461968257927438
INTEL,Intel CPU,CPU,CPU package RAPL,1,256,2T,2,0.0001145474782608,0.0085481906086956,74.4904201015634,292.9303421556236,3.9253256666816645,9.78123637349209e-07,94.0,1604.0,292.9303434233948,4.327893154965068e-07
INTEL,Intel CPU,CPU,CPU package RAPL,1,256,4T,4,6.50101204363453e-05,0.0057264349895958,88.0380634344329,516.1416680169797,5.85956743784992,3.725259395537451e-07,78.0,1889.0,516.141784365502,2.2541974331602432e-05
INTEL,Intel CPU,CPU,CPU package RAPL,1,256,8T,8,3.926455906821964e-05,0.005699931683628,145.21499558015887,854.5729990677175,5.886813011527648,2.237744887394773e-07,99.5,2222.0,854.573028090904,3.3962208600968324e-06
INTEL,Intel CPU,CPU,CPU package RAPL,1,256,10T,10,6.279679925419515e-05,0.0087268878806712,138.82136905938148,534.3334755673617,3.844948217372912,5.475903468053648e-07,93.5,2302.0,534.3340057838973,9.922951862417762e-05
INTEL,Intel CPU,CPU,CPU package RAPL,1,256,16T,16,4.932845790063869e-05,0.0074771445809565,151.29445697226697,680.2246295148333,4.487599729642731,3.690417692309857e-07,95.0,2879.5,680.2250153428805,5.672068175144318e-05
INTEL,Intel CPU,CPU,CPU package RAPL,1,256,20T,20,5.711243258586432e-05,0.0089584792506386,156.8050597541013,587.5153706603793,3.745550004774314,5.110757512943796e-07,100.0,3206.5,587.5153734642774,4.772467754321497e-07
INTEL,Intel CPU,CPU,CPU package RAPL,1,512,1T,1,0.0013598635743519,0.0801070225102319,58.75033581539324,197.39881342724703,3.3509603476488383,0.0001091429923038,99.0,1345.5,197.39887396469575,3.0667584915988755e-05
INTEL,Intel CPU,CPU,CPU package RAPL,1,512,2T,2,0.0007868621212121,0.0572745037878787,72.84157505079241,341.1467508265565,4.686822901062137,4.4677100376942726e-05,84.5,1538.5,341.14686127794107,3.2376501990505346e-05
INTEL,Intel CPU,CPU,CPU package RAPL,1,512,4T,4,0.0004272196671046,0.0439649432763907,103.11948681577933,628.3312231837785,6.105670472777582,1.877041958466173e-05,82.0,1848.0,628.3312729526695,7.920804989680619e-06
INTEL,Intel CPU,CPU,CPU package RAPL,1,512,8T,8,0.0002582372069573,0.0402637988404335,155.8273448251169,1039.4917880458113,6.666918267295563,1.039126666456128e-05,99.0,2228.5,1039.4920497343603,2.5174662465765607e-05
INTEL,Intel CPU,CPU,CPU package RAPL,1,512,10T,10,0.0003192200125274,0.0439250333542123,137.44630310676482,840.910486390508,6.111218034493711,1.4021732086053856e-05,75.0,2354.0,840.9133945671947,0.00034583665369236627
INTEL,Intel CPU,CPU,CPU package RAPL,1,512,16T,16,0.0002550491060186,0.0418898142785192,164.25826893408276,1052.4853828753423,6.408131919974919,1.0686107222437655e-05,100.0,2983.0,1052.4856414440624,2.456744048195958e-05
INTEL,Intel CPU,CPU,CPU package RAPL,1,512,20T,20,0.00030415586186,0.0517628757952135,170.19904665865428,882.5588774072625,5.185868286414299,1.5738161975406826e-05,98.0,3998.0,882.5591495206685,3.083232325007401e-05
INTEL,Intel CPU,CPU,CPU package RAPL,1,1024,1T,1,0.0117941470588235,0.7447228588235294,63.12682519519551,182.08045374450487,2.883601090736589,0.0087856809265193,98.5,1393.5,182.08045763287504,2.135523113899751e-06
INTEL,Intel CPU,CPU,CPU package RAPL,1,1024,2T,2,0.0057472655367231,0.4993295734463276,86.855602795462,373.65311108009536,4.300733948478681,0.0028706590694401,99.0,1576.5,373.6531111320862,1.3914203123022162e-08
INTEL,Intel CPU,CPU,CPU package RAPL,1,1024,4T,4,0.0031495660377358,0.3191960628930818,101.34606181741668,681.8347741467933,6.727788646689302,0.0010053289766403,92.0,1800.0,681.834814613982,5.93504323465055e-06
INTEL,Intel CPU,CPU,CPU package RAPL,1,1024,8T,8,0.0018182139037433,0.2712823511586453,149.22456316206055,1181.095163544183,7.9160462847218405,0.000493275152323,100.0,2122.5,1181.0951669781275,2.9074240792681394e-07
INTEL,Intel CPU,CPU,CPU package RAPL,1,1024,10T,10,0.001860348794063,0.2995842959183673,161.0365473032433,1154.344634110197,7.16821167617264,0.0005574298665422,95.0,2355.0,1154.3446426012897,7.355769326977679e-07
INTEL,Intel CPU,CPU,CPU package RAPL,1,1024,16T,16,0.0021278428874734,0.3322608683651805,156.135308515571,1009.2303621861488,6.46324575796795,0.0007070616583156,86.0,2984.5,1009.230362307698,1.2043743780054683e-08
INTEL,Intel CPU,CPU,CPU package RAPL,1,1024,20T,20,0.0019488800773694,0.3446231489361702,176.66549288550942,1101.9065118150704,6.231396975592458,0.0006711930863682,100.0,3360.5,1101.9067734866055,2.374716296937862e-05
INTEL,Intel CPU,CPU,CPU package RAPL,1,2048,1T,1,0.0830307083333333,4.303570208333333,51.8764970790666,206.90982323106368,3.9920039298379053,0.3570156481596145,68.0,1339.0,206.90982331865249,4.2331871341616534e-08
INTEL,Intel CPU,CPU,CPU package RAPL,1,2048,2T,2,0.044661,3.924782717391304,87.88685837304484,384.672738720584,4.377279054933005,0.1752686233539225,100.0,1591.0,384.6727459685656,1.884194245072024e-06
INTEL,Intel CPU,CPU,CPU package RAPL,1,2048,4T,4,0.0247359523809523,2.4906247142857145,100.88464969833127,694.5303305656913,6.897815269181173,0.0614771902636986,85.0,1823.0,694.5303518803364,3.0689293328833855e-06
INTEL,Intel CPU,CPU,CPU package RAPL,1,2048,8T,8,0.013511072368421,2.131461861842105,157.74799340575143,1271.540016627693,8.060134451175394,0.0288011116867052,99.5,2189.5,1271.5401556238512,1.093132393492624e-05
INTEL,Intel CPU,CPU,CPU package RAPL,1,2048,10T,10,0.0144888357142857,2.306996571428572,159.23554967114055,1185.7315192732149,7.446855100162387,0.0334487730037094,86.0,2482.5,1185.7315302312454,9.241578169394415e-07
INTEL,Intel CPU,CPU,CPU package RAPL,1,2048,16T,16,0.0158053359374999,2.656582703125,167.99531910317245,1086.9664050125543,6.466905458576886,0.0420243942782934,100.0,3022.0,1086.9664168362542,1.0877704959000312e-06
INTEL,Intel CPU,CPU,CPU package RAPL,1,2048,20T,20,0.0266460921052631,3.827799578947368,143.60266047159388,644.7425429639889,4.488184093673056,0.1020117712773587,78.0,3863.5,644.7425482289378,8.165971010498652e-07
INTEL,Intel CPU,CPU,CPU package RAPL,1,4096,1T,1,0.6304620000000001,35.5135045,56.34720879944737,217.9972043866244,3.8700476172944294,22.385142342281,87.0,1337.5,217.99720498388103,2.739744431323743e-07
INTEL,Intel CPU,CPU,CPU package RAPL,1,4096,2T,2,0.3667243333333333,29.838902666666662,81.44701757191493,374.77456765072407,4.606032433811127,10.931770607248556,99.0,1561.5,374.7745699943412,6.253404905010029e-07
INTEL,Intel CPU,CPU,CPU package RAPL,1,4096,4T,4,0.1824584166666666,20.967679083333334,115.05133507129612,753.261789633346,6.554800506330082,3.828256048816167,88.0,1883.0,753.261844515435,7.285924996658366e-06
INTEL,Intel CPU,CPU,CPU package RAPL,1,4096,8T,8,0.1165848333333333,17.423373222222224,149.42885148604782,1178.875069272876,7.888194307673257,2.031736144415568,100.0,2169.5,1178.8750734555947,3.5480591797920624e-07
INTEL,Intel CPU,CPU,CPU package RAPL,1,4096,10T,10,0.1056568,17.99624605,170.35020073840195,1300.805565491289,7.637090151476341,1.90173232383973,99.0,2487.5,1300.8057302290747,1.2664289750219382e-05
INTEL,Intel CPU,CPU,CPU package RAPL,1,4096,16T,16,0.1391449375,23.7240718125,170.58558874375524,987.7395178103407,5.793227847151629,3.3012727743851564,100.0,3288.0,987.7395195339292,1.7449828249027632e-07
INTEL,Intel CPU,CPU,CPU package RAPL,1,4096,20T,20,0.1795266666666666,28.912116750000003,160.86830830110688,765.5628883657026,4.753680080238331,5.191732776071528,98.0,3902.5,765.563009232786,1.578800190582541e-05
INTEL,Intel CPU,CPU,CPU package RAPL,1,8192,1T,1,5.390321999999999,368.776308,68.41423961209227,203.97883981253813,2.981513735898674,1987.832726586858,99.0,1339.0,203.97898849140543,7.28893582602197e-05
INTEL,Intel CPU,CPU,CPU package RAPL,1,8192,2T,2,2.7391305,232.4084935,84.84889946679496,401.4089974084842,4.730944257749341,636.59732272043,99.0,1547.5,401.4090641013197,1.661468376212838e-05
INTEL,Intel CPU,CPU,CPU package RAPL,1,8192,4T,4,1.5751395,163.32206100000002,103.65481469326885,698.040794339803,6.7321684593240585,257.41109885424,90.0,1748.5,698.0417370600007,0.00013505230715971095
INTEL,Intel CPU,CPU,CPU package RAPL,1,8192,8T,8,0.93356125,144.52000049999998,154.79269910408703,1177.7605676928001,7.608023968807004,134.92904209713288,97.0,2419.0,1177.7605682746453,4.940265974084923e-08
INTEL,Intel CPU,CPU,CPU package RAPL,1,8192,10T,10,0.9215565,142.38498099999998,154.47427256715193,1193.1027861840266,7.722103975109567,131.241868248991,84.0,2670.5,1193.1027999530877,1.1540548960908836e-06
INTEL,Intel CPU,CPU,CPU package RAPL,1,8192,16T,16,1.032969,183.378559,177.58035338667543,1064.4188042196813,5.9958570607810255,189.40678133695,100.0,3339.5,1064.4188044152029,1.836886198702814e-08
INTEL,Intel CPU,CPU,CPU package RAPL,1,8192,20T,20,1.2585475000000002,207.573718,165.17958198072793,873.6353834686414,5.296969377288891,261.372361643209,100.0,3682.0,873.6356891863169,3.499373779636272e-05
INTEL,Intel CPU,CPU,CPU package RAPL,1,16384,1T,1,41.209708000000006,2393.6833555000003,58.12570232641639,213.4471086814786,3.6747103588271575,98574.65847573968,93.0,1338.5,213.4471095232996,3.943932513905679e-07
INTEL,Intel CPU,CPU,CPU package RAPL,1,16384,2T,2,21.636591,1730.8341005,79.99527472471547,406.5378424081686,5.081996604797076,37276.7755414664,90.5,1623.5,406.5384054088698,0.00013848666531313114
INTEL,Intel CPU,CPU,CPU package RAPL,1,16384,4T,4,12.89761,1468.866418,113.8992179755389,681.9940300728584,5.988354634851485,18929.56951400714,99.0,1727.0,681.9941447585661,1.6816233361360844e-05
INTEL,Intel CPU,CPU,CPU package RAPL,1,16384,8T,8,7.508129,1038.4573025,138.22893414497162,1171.5426069807802,8.470346350333456,7790.470948058786,75.5,2424.5,1171.542613221803,5.327183805192703e-07
INTEL,Intel CPU,CPU,CPU package RAPL,1,16384,10T,10,7.5596795,1240.4163494999998,164.08355542291673,1163.5536959216329,7.091242408852175,9354.596767339037,100.0,2531.0,1163.5546732904309,8.399859854346658e-05
INTEL,Intel CPU,CPU,CPU package RAPL,1,16384,16T,16,8.4276515,1451.5466689999998,172.1993679289062,1043.7181725191176,6.059807245651845,12228.124646634196,100.0,3370.5,1043.7181918014828,1.847468578120015e-06
INTEL,Intel CPU,CPU,CPU package RAPL,1,16384,20T,20,9.5018095,1537.047335,161.87047535795898,925.7282017923006,5.722720974112355,14595.107900506631,99.0,3323.5,925.7282315120478,3.2104182645653623e-06
INTEL,Intel CPU,CPU,CPU package RAPL,2,64,1T,1,2.4669402442480933e-06,0.0001394822039015,56.56763319174783,212.5256180089597,3.758816432024858,3.4392969758874967e-10,96.0,1339.0,212.5256182993704,1.3664738229834938e-07
INTEL,Intel CPU,CPU,CPU package RAPL,2,64,2T,2,2.7050325957475647e-06,0.0001817785457161,67.14070105543371,193.8194758999225,2.884212754231338,4.921521507604273e-10,99.0,1374.0,193.81947597191163,3.7142355857611165e-08
INTEL,Intel CPU,CPU,CPU package RAPL,2,64,4T,4,2.606208526592657e-06,0.0001673816350915,64.20666638943493,201.16886068416454,3.1322910647479056,4.3623141741425555e-10,98.5,1337.5,201.16886488236904,2.0869057371086797e-06
INTEL,Intel CPU,CPU,CPU package RAPL,2,64,8T,8,2.718807614968793e-06,0.0001751806348418,64.49216456575022,192.8374766619954,2.992842219537951,4.832282513861292e-10,99.0,1339.0,192.83949477003196,0.0010465331073072903
INTEL,Intel CPU,CPU,CPU package RAPL,2,64,10T,10,2.6968460397958438e-06,0.0001865978619424,69.13248545883329,194.40783502779772,2.809721368414392,5.03654001406965e-10,98.0,1427.5,194.4078370910588,1.0613055323460685e-06
INTEL,Intel CPU,CPU,CPU package RAPL,2,64,16T,16,2.703339499034521e-06,0.0001866692755797,69.09547741839927,193.94086469244644,2.8086464597445278,5.04510621728678e-10,99.0,1389.0,193.94086584647252,5.950401948950912e-07
INTEL,Intel CPU,CPU,CPU package RAPL,2,64,20T,20,2.8072889155040578e-06,0.0001740376013016,62.128173706433714,186.759544806546,3.0124984260811,4.888941188621244e-10,98.5,1321.0,186.75954689122383,1.1162363033889733e-06
INTEL,Intel CPU,CPU,CPU package RAPL,2,128,1T,1,2.712906506821449e-05,0.001875541199924,69.10305119786173,154.6055490468861,2.2363166429881467,5.085376941287473e-08,99.0,1323.5,154.6055490534153,4.223132954450648e-09
INTEL,Intel CPU,CPU,CPU package RAPL,2,128,2T,2,2.0752386230679228e-05,0.0014336584970338,69.14119341390997,202.11188985097837,2.9255949088837405,2.9751940393968386e-08,89.0,1479.0,202.1127355144908,0.0004184135396823052
INTEL,Intel CPU,CPU,CPU package RAPL,2,128,4T,4,1.2168436264254532e-05,0.0010081713567049,83.07654851383438,344.68718156670667,4.160308634147903,1.220772235095237e-08,76.5,1756.0,344.6872543851951,2.112596357850549e-05
INTEL,Intel CPU,CPU,CPU package RAPL,2,128,8T,8,1.16366805162762e-05,0.0015065198666247,129.55866013682328,360.4381845951202,2.784101353669618,1.7531172668788084e-08,99.0,2235.0,360.4382123589719,7.702805326914586e-06
INTEL,Intel CPU,CPU,CPU package RAPL,2,128,10T,10,1.26058770365666e-05,0.0015449466645496,122.5578640052666,332.72607592738996,2.7148535908990556,1.9475474359344648e-08,94.0,2172.5,332.7277963481652,0.0005170682130906101
INTEL,Intel CPU,CPU,CPU package RAPL,2,128,16T,16,1.1673382403286543e-05,0.0014539076058427,124.60847596822774,359.30494308308863,2.884849066849016,1.697109079769371e-08,95.5,2234.0,359.30512182937605,4.9747795261012584e-05
INTEL,Intel CPU,CPU,CPU package RAPL,2,128,20T,20,1.158979798439384e-05,0.0013050290909297,112.719452453295,361.8962130011075,3.2139544084890757,1.5129094694160182e-08,82.0,2119.0,361.8964330424534,6.0802334478360365e-05
INTEL,Intel CPU,CPU,CPU package RAPL,2,256,1T,1,0.0002042905170651,0.0139417762109135,68.26650399780212,164.24860283312813,2.4067544545532074,2.846473662365256e-06,98.5,1336.0,164.24860339560868,3.4245681845845866e-07
INTEL,Intel CPU,CPU,CPU package RAPL,2,256,2T,2,0.0001116249174917,0.0082685000550055,74.12114126887325,300.599836971839,4.058103861254396,9.224182709551168e-07,89.0,1546.0,300.5998385063754,5.104914269082883e-07
INTEL,Intel CPU,CPU,CPU package RAPL,2,256,4T,4,6.758797828677348e-05,0.0072960663643585,107.93529254986402,496.4556249578837,4.5989757116128205,4.932697867523098e-07,99.0,1799.5,496.4557430718769,2.379145027653351e-05
INTEL,Intel CPU,CPU,CPU package RAPL,2,256,8T,8,4.100628775736654e-05,0.0055048764229646,134.13241866844297,818.2752898419133,6.09540149893675,2.257989095640775e-07,88.0,2119.0,818.2753106198046,2.539229959630518e-06
INTEL,Intel CPU,CPU,CPU package RAPL,2,256,10T,10,6.294561458660799e-05,0.008834782678403,140.30662129443925,533.0702102182489,3.7979917810570747,5.56065877186367e-07,96.0,2355.0,533.0705819237322,6.972917940828438e-05
INTEL,Intel CPU,CPU,CPU package RAPL,2,256,16T,16,4.906136063731e-05,0.0076120960363618,155.00475515138504,683.9278724463799,4.4080410756400985,3.736032005345156e-07,97.0,2955.0,683.9278735596165,1.6277106329454227e-07
INTEL,Intel CPU,CPU,CPU package RAPL,2,256,20T,20,6.117326882370728e-05,0.0090977161778046,148.81528356366016,548.51461504696,3.6882258518749627,5.564376270148202e-07,100.0,3079.0,548.5151091292496,9.007641292857471e-05
INTEL,Intel CPU,CPU,CPU package RAPL,2,512,1T,1,0.001519701674277,0.1012617100456621,66.67585208822554,176.6369416732455,2.650907790110931,0.0001538134507627,97.0,1325.5,176.6369417930226,6.780975780884546e-08
INTEL,Intel CPU,CPU,CPU package RAPL,2,512,2T,2,0.0007763539110429,0.0635190870398773,81.81019493857693,345.7642863412673,4.226059732745783,4.933314490476036e-05,99.0,1599.5,345.7642881638002,5.271026948250324e-07
INTEL,Intel CPU,CPU,CPU package RAPL,2,512,4T,4,0.0004451100489106,0.0446890046687416,100.3869657548004,603.0766024199895,6.006745014568678,1.9892057092049904e-05,97.0,1799.0,603.0766149858783,2.0836306235949564e-06
INTEL,Intel CPU,CPU,CPU package RAPL,2,512,8T,8,0.0002669609354238,0.0401650200637788,150.46581583549354,1005.523357092899,6.683314375885939,1.072898037035356e-05,99.0,2178.5,1005.523617270441,2.5874838227579744e-05
INTEL,Intel CPU,CPU,CPU package RAPL,2,512,10T,10,0.000308320234869,0.0487372103282143,158.14731603220048,870.6384649520445,5.507813315375602,1.505189769076654e-05,100.0,2249.0,870.6422484215989,0.00043456264646746234
INTEL,Intel CPU,CPU,CPU package RAPL,2,512,16T,16,0.0002518377666248,0.040031730740276,158.97489609617136,1065.906276082602,6.705567084810713,1.0074298723515724e-05,96.0,2984.0,1065.9062922243163,1.5143652554172604e-06
INTEL,Intel CPU,CPU,CPU package RAPL,2,512,20T,20,0.0003036892219194,0.0485656030881017,159.77629371806182,883.9149914620399,5.527275251025663,1.47469531334038e-05,85.0,3918.0,883.9150292861372,4.27915554102043e-06
INTEL,Intel CPU,CPU,CPU package RAPL,2,1024,1T,1,0.0107624892473118,0.6039360752688172,56.12391163587269,199.5341039282699,3.5558128350655926,0.0065041551012702,92.0,1339.0,199.5341166266567,6.364018245719194e-06
INTEL,Intel CPU,CPU,CPU package RAPL,2,1024,2T,2,0.0062263125,0.49773375,79.98236415378435,344.90457200790996,4.314522870912411,0.0031071790116683,99.0,1538.0,344.9047567017652,5.3549262690744115e-05
INTEL,Intel CPU,CPU,CPU package RAPL,2,1024,4T,4,0.0032158589743589,0.3503299455128205,109.03304629122287,667.779173503127,6.129888910456876,0.0011283412531302,99.5,1776.5,667.7791876426559,2.117395903056263e-06
INTEL,Intel CPU,CPU,CPU package RAPL,2,1024,8T,8,0.001775143738977,0.2517037645502645,141.90392100873697,1209.7519771765506,8.531789946952319,0.000446665327898,86.0,2173.0,1209.7520422848925,5.381957879357913e-06
INTEL,Intel CPU,CPU,CPU package RAPL,2,1024,10T,10,0.0020217440239043,0.2948776543824701,145.84184331091348,1062.1936420283698,7.2826259164915,0.0005956957893824,99.0,2279.0,1062.1936580122224,1.5047964874170816e-06
INTEL,Intel CPU,CPU,CPU package RAPL,2,1024,16T,16,0.0022564394618834,0.3588887421524663,158.98526858902167,951.7133892914385,5.983703013698008,0.0008090774267997,100.0,2909.5,951.7135117540556,1.286759423457795e-05
INTEL,Intel CPU,CPU,CPU package RAPL,2,1024,20T,20,0.0019584011741682,0.3277342407045009,167.22685962213123,1096.5494079179716,6.55251536544899,0.0006423641678612,89.0,3834.5,1096.549409583293,1.5186925050869604e-07
INTEL,Intel CPU,CPU,CPU package RAPL,2,2048,1T,1,0.091400409090909,5.727524409090909,62.65763543572975,187.96271652255405,2.9995278862070958,0.5235521168870578,98.0,1329.5,187.96271978709265,1.7368011473450906e-06
INTEL,Intel CPU,CPU,CPU package RAPL,2,2048,2T,2,0.048210738095238,3.984855976190477,82.58591087334946,356.3494329844524,4.311289865091676,0.1921940802637448,99.0,1580.5,356.34943298871053,1.194933041404056e-09
INTEL,Intel CPU,CPU,CPU package RAPL,2,2048,4T,4,0.0234649186046511,2.7898388837209303,118.77823851187397,732.1512370639415,6.1580148173597955,0.0654723411178669,99.0,1849.5,732.1512494998418,1.6985425510540608e-06
INTEL,Intel CPU,CPU,CPU package RAPL,2,2048,8T,8,0.013799102739726,2.106039431506849,152.3671673990279,1244.9990052281564,8.157429973525227,0.0290607425685601,98.0,2176.0,1244.9998032790872,6.410052759697749e-05
INTEL,Intel CPU,CPU,CPU package RAPL,2,2048,10T,10,0.014238676056338,2.291856514084507,161.01607352088115,1206.563666174061,7.496049197854159,0.0326200262815119,89.0,2363.5,1206.5636777448944,9.58990709065688e-07
INTEL,Intel CPU,CPU,CPU package RAPL,2,2048,16T,16,0.0154523923076923,2.428954969230769,157.22447656963175,1111.793490736561,7.072946761726394,0.0375276868375069,84.0,3000.0,1111.7934910740664,3.035685036678615e-08
INTEL,Intel CPU,CPU,CPU package RAPL,2,2048,20T,20,0.027642554054054,4.069190256756757,147.2892730741936,621.5007900646733,4.2219380515505245,0.1124203446624894,85.0,3999.0,621.5007925364038,3.9770351456525077e-07
INTEL,Intel CPU,CPU,CPU package RAPL,2,4096,1T,1,0.6996415,46.63096875,66.70004321208958,196.44196845384383,2.9473750418706453,32.60039045699375,100.0,1337.0,196.4419685116329,2.9417890345939668e-08
INTEL,Intel CPU,CPU,CPU package RAPL,2,4096,2T,2,0.32772875,27.52688425,83.98840968494596,419.36800928206634,4.992899022779885,9.024209912173657,95.0,1560.0,419.3680531531125,1.0461228616698293e-05
INTEL,Intel CPU,CPU,CPU package RAPL,2,4096,4T,4,0.1875016666666666,19.84578966666667,105.8463456564383,733.0012362841222,6.925345666786183,3.7193170999664575,86.0,1724.5,733.0012362986006,1.9752199875711085e-09
INTEL,Intel CPU,CPU,CPU package RAPL,2,4096,8T,8,0.1130478,18.18301925,160.809499527167,1215.759647441171,7.55864312644337,2.055714067883235,100.0,2249.0,1215.7599532779568,2.5156023775174674e-05
INTEL,Intel CPU,CPU,CPU package RAPL,2,4096,10T,10,0.1080681,17.863558949999998,165.24420621041696,1271.7809739599381,7.693816996752487,1.9299660217111048,100.0,2484.0,1271.780988866896,1.1721324799651711e-06
INTEL,Intel CPU,CPU,CPU package RAPL,2,4096,16T,16,0.139800625,22.8209636875,163.2466307567634,983.1068600158261,6.022486839470372,3.1904497956225315,100.0,2864.5,983.1069164668912,5.742108766249032e-06
INTEL,Intel CPU,CPU,CPU package RAPL,2,4096,20T,20,0.1766509166666666,29.036165333333336,164.34339064732703,778.0257021328791,4.733371362719889,5.134384855878139,100.0,3099.5,778.0260849768497,4.920711096367825e-05
INTEL,Intel CPU,CPU,CPU package RAPL,2,8192,1T,1,5.629226,366.7547675,65.15226594110348,195.32199058556185,2.9979477438585715,2064.535880780056,98.0,1317.5,195.32218120184007,9.75907923361774e-05
INTEL,Intel CPU,CPU,CPU package RAPL,2,8192,2T,2,2.9868135,247.138161,82.88083156901956,368.12195598285604,4.448975517690284,738.4902777225441,99.0,1580.5,368.1219559828663,2.7977620220553945e-12
INTEL,Intel CPU,CPU,CPU package RAPL,2,8192,4T,4,1.6095215,180.214016,112.0831798634342,683.1295063632266,6.101143807682528,290.148329938017,99.0,1792.0,683.1295195356155,1.9282418328714357e-06
INTEL,Intel CPU,CPU,CPU package RAPL,2,8192,8T,8,0.936769,149.4888755,159.67332040230292,1173.727597493085,7.355140133996124,140.08805713361073,100.0,2402.0,1173.727670730674,6.239743277625109e-06
INTEL,Intel CPU,CPU,CPU package RAPL,2,8192,10T,10,0.99178575,145.78261625,147.03415752465736,1108.6180939542637,7.542131264062838,144.4827003995935,100.0,1905.5,1108.6180960140323,1.8579604521562487e-07
INTEL,Intel CPU,CPU,CPU package RAPL,2,8192,16T,16,1.087556,169.349359,155.7259763931097,1010.9931146313385,6.49256444942316,184.1219584064,99.0,2803.0,1011.0027876287128,0.0009567817262468026
INTEL,Intel CPU,CPU,CPU package RAPL,2,8192,20T,20,1.243604,201.3129,161.7947931263801,884.1332351584589,5.461704777865701,250.157539412622,100.0,2784.5,884.1332356729715,5.819400517026452e-08
INTEL,Intel CPU,CPU,CPU package RAPL,2,16384,1T,1,41.6871915,2356.0240285,56.53066189201461,211.0022936471506,3.7334479257447013,98191.84440857529,86.5,1311.0,211.0022936673128,9.555445323883305e-09
INTEL,Intel CPU,CPU,CPU package RAPL,2,16384,2T,2,22.3371685,1872.6135835,84.11290518091138,393.78728876079344,4.697228034503361,41606.54647296145,98.5,1617.5,393.7874438818213,3.939208610415079e-05
INTEL,Intel CPU,CPU,CPU package RAPL,2,16384,4T,4,12.8257665,1439.0750819999998,112.27504779440773,685.8142179812801,6.112323903199931,18457.231268217954,99.0,1797.5,685.8144080755967,2.7718048367653125e-05
INTEL,Intel CPU,CPU,CPU package RAPL,2,16384,8T,8,7.7003385,1186.094864,154.13276915926497,1142.2995264699077,7.41601139098095,9164.165089901777,99.0,2209.5,1142.3029766056238,0.0003020342419945976
INTEL,Intel CPU,CPU,CPU package RAPL,2,16384,10T,10,7.504099,1226.449131,163.4376399728875,1172.1717720152678,7.171999881508334,9197.00722903384,100.0,2527.5,1172.1726045036469,7.102102259626264e-05
INTEL,Intel CPU,CPU,CPU package RAPL,2,16384,16T,16,8.381953,1451.8512025,173.0783434276362,1049.408535481886,6.058536168900545,12178.724759297422,100.0,3043.0,1049.4085455498223,9.593914995775776e-07
INTEL,Intel CPU,CPU,CPU package RAPL,2,16384,20T,20,9.5380105,1504.830895,155.34664067522223,922.2146507605544,5.845236864443828,14358.010755974228,100.0,2749.5,922.2172224164904,0.00027885654754200573
INTEL,Intel CPU,CPU,CPU package RAPL,3,64,1T,1,2.4679467468284987e-06,0.0001415245491511,57.43950275088935,212.4389436983397,3.7045728330866403,3.490872274408358e-10,97.0,1339.0,212.43897220410503,1.3418333200121424e-05
INTEL,Intel CPU,CPU,CPU package RAPL,3,64,2T,2,2.4673277095357904e-06,0.0001372991687632,55.62145808503261,212.49224331803129,3.818581020721546,3.3879299646408076e-10,93.0,1339.0,212.49224400799903,3.247025537334025e-07
INTEL,Intel CPU,CPU,CPU package RAPL,3,64,4T,4,2.7292689046384453e-06,0.0001813937242184,66.46224601284317,192.09833047559454,2.8903315275050616,4.950736920879915e-10,98.5,1332.5,192.09837721397508,2.4330445991260774e-05
INTEL,Intel CPU,CPU,CPU package RAPL,3,64,8T,8,2.4257562737587207e-06,0.0001520665717531,62.561207664146735,216.1338324347043,3.4477531383508158,3.699583204440469e-10,98.5,1339.0,216.1338846135021,2.414189264055011e-05
INTEL,Intel CPU,CPU,CPU package RAPL,3,64,10T,10,2.615265488467808e-06,0.0001609739104985,61.551644774345846,200.47219003649295,3.2569749866695665,4.2098960278316057e-10,98.0,1339.0,200.47221032936997,1.0122539695345267e-05
INTEL,Intel CPU,CPU,CPU package RAPL,3,64,16T,16,2.8508282456004385e-06,0.0001687389038626,59.18944416069746,183.90725600853412,3.1070961586126873,4.810457374547168e-10,99.0,1348.5,183.90733441520644,4.263381119251619e-05
INTEL,Intel CPU,CPU,CPU package RAPL,3,64,20T,20,2.502817745501428e-06,0.0001452377280762,58.03262928179278,209.47909648729188,3.6098609290068806,3.63549312356003e-10,98.0,1339.0,209.47909755620475,5.102718469984779e-07
INTEL,Intel CPU,CPU,CPU package RAPL,3,128,1T,1,2.7017547894793807e-05,0.0018222736091568,67.30252930155585,155.2436962944453,2.3016872872020477,4.925926433834982e-08,97.5,1339.0,155.2437522612779,3.6050953400312835e-05
INTEL,Intel CPU,CPU,CPU package RAPL,3,128,2T,2,2.050773362794773e-05,0.0015098378890624,73.54471453111074,204.52303877616419,2.7779830075695324,3.0963558329168766e-08,99.0,1618.0,204.52412752293264,0.0005323345354968367
INTEL,Intel CPU,CPU,CPU package RAPL,3,128,4T,4,1.333314005411818e-05,0.0012321603884245,92.44707538857512,314.5773600948948,3.404024378159925,1.6421686010572294e-08,96.0,1734.5,314.5773656983954,1.7812790353843866e-06
INTEL,Intel CPU,CPU,CPU package RAPL,3,128,8T,8,1.2812457479779272e-05,0.0014275580101796,111.46153191605706,327.3613985934772,2.9380970651219407,1.8290542447241593e-08,81.0,2237.0,327.3615152163127,3.5625103023129157e-05
INTEL,Intel CPU,CPU,CPU package RAPL,3,128,10T,10,1.1771850715863442e-05,0.0013801553955846,117.30489558847822,356.29945547541337,3.0390085155761724,1.6261751582529076e-08,89.0,2234.5,356.3013073832051,0.0005197616115504289
INTEL,Intel CPU,CPU,CPU package RAPL,3,128,16T,16,1.3469090669130264e-05,0.0015315833905239,113.80172906999852,311.40216537504665,2.738541058848437,2.063714231739204e-08,87.0,2234.0,311.405660426524,0.0011223594007736537
INTEL,Intel CPU,CPU,CPU package RAPL,3,128,20T,20,1.2023794859647043e-05,0.0014963019779699,124.522190889137,348.83362939569673,2.8031133165316007,1.7991220494154888e-08,97.0,2235.0,348.8338569943248,6.524560962617443e-05
INTEL,Intel CPU,CPU,CPU package RAPL,3,256,1T,1,0.0002000728936255,0.0129500546953549,64.70857688121163,167.71103467323158,2.5910648865472172,2.5916818263271174e-06,98.5,1327.5,167.7110369331856,1.3475285109976198e-06
INTEL,Intel CPU,CPU,CPU package RAPL,3,256,2T,2,0.0001122455885637,0.0086366467500558,76.76732990964683,298.93764582968595,3.885122660572312,9.690142793339438e-07,98.0,1603.0,298.9376822899593,1.219661487361634e-05
INTEL,Intel CPU,CPU,CPU package RAPL,3,256,4T,4,6.495103213307503e-05,0.0069324714075756,106.73800897575242,516.6112207616954,4.8401832517235786,4.455547552483073e-07,96.0,1800.0,516.6118558647479,0.00012293636431071064
INTEL,Intel CPU,CPU,CPU package RAPL,3,256,8T,8,3.7860488607879085e-05,0.0052166668599648,137.88207217817967,886.2651601653404,6.43215925048095,1.9750631591859585e-07,90.0,2232.5,886.271087182382,0.0006687634026558698
INTEL,Intel CPU,CPU,CPU package RAPL,3,256,10T,10,6.35302962868769e-05,0.0083803212741607,131.95021217554068,528.1642611657574,4.003955326087485,5.325653125744554e-07,86.0,2355.0,528.1662552186677,0.0003775440818420961
INTEL,Intel CPU,CPU,CPU package RAPL,3,256,16T,16,5.266480219668463e-05,0.0076017733143496,144.38717454100268,637.1320236746722,4.414026913517729,4.003185384428279e-07,100.0,2853.5,637.1326998911505,0.00010613443575113735
INTEL,Intel CPU,CPU,CPU package RAPL,3,256,20T,20,5.617355749985704e-05,0.0089438542917595,159.21821165268233,597.3350005487083,3.751674714883904,5.024081884396153e-07,96.5,3999.0,597.3350281092924,4.6139241760556615e-06
INTEL,Intel CPU,CPU,CPU package RAPL,3,512,1T,1,0.0013661296043656,0.0780343301500682,57.10844900568188,196.4934038045793,3.4399661723727295,0.0001066279555054,98.0,1375.0,196.49340388295832,3.9888892189310354e-08
INTEL,Intel CPU,CPU,CPU package RAPL,3,512,2T,2,0.0008031029647435,0.0641747568108974,79.90765024437698,334.24787080164066,4.182882325382142,5.153967174365877e-05,99.0,1701.0,334.2490599934665,0.00035578142143499747
INTEL,Intel CPU,CPU,CPU package RAPL,3,512,4T,4,0.0004215962589323,0.0454865582177385,107.9661456883949,636.7121394288876,5.9014237726018495,1.9163672434818483e-05,92.0,1817.0,636.7121406822248,1.9684518459683886e-07
INTEL,Intel CPU,CPU,CPU package RAPL,3,512,8T,8,0.0002559241003547,0.0398910669031931,155.7961446666933,1048.8869771465827,6.729212248231771,1.020958810186395e-05,99.0,2196.5,1048.887061565457,8.048424304796242e-06
INTEL,Intel CPU,CPU,CPU package RAPL,3,512,10T,10,0.000303353230128,0.0464745092289371,153.40622245779815,884.8940091613119,5.775971827430512,1.4092041029123102e-05,93.0,2354.0,884.8940110841903,2.1730042210066358e-07
INTEL,Intel CPU,CPU,CPU package RAPL,3,512,16T,16,0.0002529232124874,0.0393754808660624,155.67640395179632,1061.3318301631675,6.8173251499606105,9.962126903142172e-06,91.5,2880.0,1061.3318301725824,8.870904011359926e-10
INTEL,Intel CPU,CPU,CPU package RAPL,3,512,20T,20,0.0003091717838501,0.0520531010132023,168.49318042971652,868.2404734907802,5.15695416363218,1.6124583929915482e-05,95.5,3804.0,868.2409700198741,5.718796911580171e-05
INTEL,Intel CPU,CPU,CPU package RAPL,3,1024,1T,1,0.0115853720930232,0.7843196220930233,67.68171554201874,185.36164663137848,2.7380210662959805,0.0090911294017273,98.0,1453.5,185.36164707970485,2.418657718550321e-07
INTEL,Intel CPU,CPU,CPU package RAPL,3,1024,2T,2,0.0055237783783783,0.432580945945946,78.27147800617618,388.7707834923076,4.964350991706286,0.0023904368138444,95.0,1601.0,388.77078461846975,2.8967253040690366e-07
INTEL,Intel CPU,CPU,CPU package RAPL,3,1024,4T,4,0.0030470927051671,0.3478697234042553,114.14390022117618,704.7647891901713,6.1732410253606185,0.001059915118372,99.0,1821.5,704.7647892534434,8.977751875249851e-09
INTEL,Intel CPU,CPU,CPU package RAPL,3,1024,8T,8,0.0019604774951076,0.2627173336594912,133.9437016069339,1095.388064060453,8.174122423088233,0.0005152940881565,99.0,2035.0,1095.3881264049585,5.691545079677951e-06
INTEL,Intel CPU,CPU,CPU package RAPL,3,1024,10T,10,0.0019663852140077,0.3128839338521401,159.09329230671955,1092.0971296479606,6.863515238896347,0.0006151611141798,100.0,2376.5,1092.0979258434463,7.29051898407107e-05
INTEL,Intel CPU,CPU,CPU package RAPL,3,1024,16T,16,0.0021866770833333,0.3527532447916667,161.39450063346914,982.0762582495469,6.087778580940586,0.0007714363027268,100.0,2924.0,982.0770918284976,8.487924880729025e-05
INTEL,Intel CPU,CPU,CPU package RAPL,3,1024,20T,20,0.0020251012145748,0.3528565556680162,174.09707435112995,1060.432749012447,6.085996174662125,0.0007148057508038,98.0,3985.0,1060.4327502372753,1.1550269629623244e-07
INTEL,Intel CPU,CPU,CPU package RAPL,3,2048,1T,1,0.0856545,5.173842875,60.42741198335104,200.57170591153996,3.3205239507780764,0.4429885505582395,98.5,1338.0,200.57171059111184,2.3331166554285687e-06
INTEL,Intel CPU,CPU,CPU package RAPL,3,2048,2T,2,0.0481118571428571,3.9552787142857135,82.17706224564523,357.0818131794066,4.343529350270458,0.190372451913534,99.0,1559.0,357.0819905105857,4.966121840421778e-05
INTEL,Intel CPU,CPU,CPU package RAPL,3,2048,4T,4,0.024326869047619,2.9021583095238093,119.36811527842453,706.2096297871709,5.919687126516162,0.0705378139955124,100.0,1810.5,706.2096305017142,1.0118004212245069e-07
INTEL,Intel CPU,CPU,CPU package RAPL,3,2048,8T,8,0.0134153150684931,2.063553219178082,153.911858672716,1280.6161537233102,8.32538217300874,0.027700070989512,88.5,2232.0,1280.6163475535388,1.513570073718995e-05
INTEL,Intel CPU,CPU,CPU package RAPL,3,2048,10T,10,0.0145303642857142,2.4710651928571425,170.1528851335272,1182.342634099732,6.952414381320293,0.0358659182078387,100.0,2344.0,1182.3428323548164,1.676798913052835e-05
INTEL,Intel CPU,CPU,CPU package RAPL,3,2048,16T,16,0.0155137153846153,2.6285802692307696,169.43773214394173,1107.398760263257,6.535797816449233,0.0407782688811355,99.5,2951.0,1107.3987603419343,7.104716814865242e-09
INTEL,Intel CPU,CPU,CPU package RAPL,3,2048,20T,20,0.0275566891891891,4.245739770270271,154.05175786501914,623.4373464116987,4.046378278833227,0.1170323863932596,93.0,3894.5,623.4373464154448,6.008749053876272e-10
INTEL,Intel CPU,CPU,CPU package RAPL,3,4096,1T,1,0.67789975,43.8718205,64.72339843297279,202.74229850652694,3.132738780967615,29.7379042028115,99.0,1338.0,202.7423229224268,1.204282482625274e-05
INTEL,Intel CPU,CPU,CPU package RAPL,3,4096,2T,2,0.33901675,26.436882875,77.99522420785456,405.404610456563,5.198757891459622,8.960920356297407,89.0,1617.0,405.4046105537851,2.398150567017865e-08
INTEL,Intel CPU,CPU,CPU package RAPL,3,4096,4T,4,0.1952378333333333,22.15933658333333,113.47784291366804,703.9565596763606,6.202304520947244,4.328909908608722,99.0,1776.5,703.9565703138805,1.5111045970073178e-06
INTEL,Intel CPU,CPU,CPU package RAPL,3,4096,8T,8,0.11126705,17.91957085,160.9029174994697,1235.217015926997,7.669768133537641,1.99434502456966,98.0,2376.0,1235.217104231752,7.148926384203946e-06
INTEL,Intel CPU,CPU,CPU package RAPL,3,4096,10T,10,0.1039992999999999,17.852865700000002,171.69025832469404,1321.537293731786,7.698425327425165,1.858234152357985,99.0,2401.0,1321.537302768602,6.838109189999386e-07
INTEL,Intel CPU,CPU,CPU package RAPL,3,4096,16T,16,0.1382196875,22.3554153125,161.7133538359854,994.3514991089819,6.147904279602053,3.090434960456188,89.0,3263.0,994.3514996800814,5.743436837235549e-08
INTEL,Intel CPU,CPU,CPU package RAPL,3,4096,20T,20,0.1760935,28.81343333333333,163.58367759210154,780.4885102062257,4.769961006798913,5.069088220734444,100.0,3697.5,780.4888019775192,3.73831632094479e-05
INTEL,Intel CPU,CPU,CPU package RAPL,3,8192,1T,1,5.433274,348.85210400000005,64.2065694876438,202.36631316145662,3.1517987570342982,1895.410400779061,98.0,1452.0,202.3663283600863,7.5104544139392715e-06
INTEL,Intel CPU,CPU,CPU package RAPL,3,8192,2T,2,2.791914,249.3618495,89.31726686329723,393.8200201639449,4.409301703450832,696.1933970230135,98.5,1616.0,393.82020197847146,4.6166908052036604e-05
INTEL,Intel CPU,CPU,CPU package RAPL,3,8192,4T,4,1.5884415,180.10403150000002,113.52290637482172,692.1952289561813,6.104869605742278,286.2695277353685,99.0,1853.0,692.195230823395,2.6975248701432974e-07
INTEL,Intel CPU,CPU,CPU package RAPL,3,8192,8T,8,0.96801675,144.80790275,149.55023126925877,1135.839465356359,7.592897948907004,140.25961490031978,99.0,2144.5,1135.839512278812,4.131081410285731e-06
INTEL,Intel CPU,CPU,CPU package RAPL,3,8192,10T,10,0.8986594999999999,148.25424375,165.0284440381227,1223.501924562084,7.416392272926083,133.18505980146335,95.0,2686.5,1223.501924636319,6.0674132384974655e-09
INTEL,Intel CPU,CPU,CPU package RAPL,3,8192,16T,16,1.0298325,179.4732645,174.4981920215136,1067.6606416829923,6.1263254493038986,184.749495758964,100.0,3417.5,1067.660661555501,1.8613132368727747e-06
INTEL,Intel CPU,CPU,CPU package RAPL,3,8192,20T,20,1.208123,199.9034185,165.31812107182918,910.0990774747273,5.500214233585006,241.598289073368,100.0,3844.5,910.0991060305008,3.1376554687767566e-06
INTEL,Intel CPU,CPU,CPU package RAPL,3,16384,1T,1,41.824983,2470.6025625,59.100974776516566,210.3071511638869,3.5603027195548775,103278.7879795986,95.0,1338.0,210.3071522756579,5.286415527550048e-07
INTEL,Intel CPU,CPU,CPU package RAPL,3,16384,2T,2,22.328145,1868.167703,83.99248751329873,393.9464304897698,4.708406535496134,41646.85614362507,99.0,1619.5,393.9464310328212,1.3784904329128267e-07
INTEL,Intel CPU,CPU,CPU package RAPL,3,16384,4T,4,12.343944,1305.859969,105.65988331914988,712.5836784586838,6.735862367343921,16152.926001645508,97.0,1752.5,712.5850048282404,0.0001861352703746988
INTEL,Intel CPU,CPU,CPU package RAPL,3,16384,8T,8,7.4522905,1192.1663205,160.38303011227788,1180.3207379272185,7.378243178786395,8876.414124970786,98.0,2068.0,1180.320764515635,2.252643338529481e-06
INTEL,Intel CPU,CPU,CPU package RAPL,3,16384,10T,10,7.329109499999999,1209.4208235,165.017568388332,1200.1584943174885,7.272979637271806,8873.61231511389,99.0,2432.0,1200.170091250195,0.0009662834335122383
INTEL,Intel CPU,CPU,CPU package RAPL,3,16384,16T,16,8.735106,1304.01723,148.613006835805,1006.9818296661768,6.745380981053449,11359.683209800043,99.0,2647.0,1006.9826929784848,8.573265997124935e-05
INTEL,Intel CPU,CPU,CPU package RAPL,3,16384,20T,20,9.545566,1479.1395235,153.64030632192024,921.4847000385308,5.946763562503102,14156.726700637091,99.0,2708.0,921.4865412457444,0.00019980876659886349
INTEL,Intel CPU,CPU,CPU package RAPL,4,64,1T,1,2.74079269376427e-06,0.0001865182792611,68.05265207904918,191.29064419678176,2.810920206196352,5.108571393249935e-10,99.5,1326.5,191.2906560964773,6.220741011198072e-06
INTEL,Intel CPU,CPU,CPU package RAPL,4,64,2T,2,2.4527152230457822e-06,0.0001285187036747,52.9940849813953,213.75820359158496,4.079468474309009,3.1537317362800137e-10,84.0,1401.0,213.7582205381996,7.927936485074838e-06
INTEL,Intel CPU,CPU,CPU package RAPL,4,64,4T,4,2.685753448289805e-06,0.0001781809014477,66.34798539210917,195.2107704949047,2.9424477917679077,4.785143291882012e-10,99.0,1394.5,195.21091609787337,7.458756927647414e-05
INTEL,Intel CPU,CPU,CPU package RAPL,4,64,8T,8,2.820754610105839e-06,0.0001757724090369,62.422261049974416,185.86799366440738,2.982766196769459,4.963842446335891e-10,99.0,1344.0,185.8680213665356,1.4904195011489207e-05
INTEL,Intel CPU,CPU,CPU package RAPL,4,64,10T,10,2.474070988333428e-06,0.0001306723965299,52.84952211089659,211.91307867571268,4.012232222893641,3.230301280336097e-10,84.0,1339.5,211.9130787036971,1.3205614379785402e-08
INTEL,Intel CPU,CPU,CPU package RAPL,4,64,16T,16,2.4735785542287093e-06,0.000129541006929,52.30729730522242,211.9552658247715,4.0472743915550735,3.2087021108040376e-10,88.0,1339.0,211.95526609582288,1.2788141656727703e-07
INTEL,Intel CPU,CPU,CPU package RAPL,4,64,20T,20,2.784779417703961e-06,0.0001737698111841,62.3998514489163,188.26913064169128,3.017140874052884,4.839105697134778e-10,99.0,1334.5,188.26913304660883,1.2773828217405025e-06
INTEL,Intel CPU,CPU,CPU package RAPL,4,128,1T,1,2.71466498275347e-05,0.0017490790352806,64.36293161881053,154.50540035867485,2.3980071314085127,4.753170007363268e-08,98.5,1315.5,154.50540857559537,5.318209272964225e-06
INTEL,Intel CPU,CPU,CPU package RAPL,4,128,2T,2,1.9106957612346417e-05,0.0012528652693337,65.64099838412059,219.51710393127948,3.347769391221626,2.398286040637161e-08,80.0,1597.5,219.51887562627533,0.0008070874497390079
INTEL,Intel CPU,CPU,CPU package RAPL,4,128,4T,4,1.279483478688122e-05,0.0012312890983908,96.2416240503403,327.8122828362346,3.406433148382156,1.5754143096398298e-08,98.0,1830.5,327.8123558235667,2.2264977816988107e-05
INTEL,Intel CPU,CPU,CPU package RAPL,4,128,8T,8,1.107857260499588e-05,0.0014302566291517,128.93757965551708,378.5960655354264,2.932553441467134,1.5845200611521473e-08,99.0,2230.5,378.59611783193736,1.3813273747054211e-05
INTEL,Intel CPU,CPU,CPU package RAPL,4,128,10T,10,1.2058212667248571e-05,0.0015600283440747,129.30644386812168,347.83795208656335,2.6886075601964583,1.8808013586355216e-08,99.0,2235.0,347.8379620292674,2.8584298927825103e-06
INTEL,Intel CPU,CPU,CPU package RAPL,4,128,16T,16,1.188620818669691e-05,0.0015272326579288,128.28805285654963,352.87149056452506,2.7463425289033725,1.815300241842973e-08,99.0,2213.5,352.87173233967223,6.851648648442676e-05
INTEL,Intel CPU,CPU,CPU package RAPL,4,128,20T,20,1.2123070542412002e-05,0.0015573676368051,128.47836772651846,345.9770348878546,2.69320095067887,1.8884690785298103e-08,99.0,2217.5,345.97704911536954,4.1122714788954795e-06
INTEL,Intel CPU,CPU,CPU package RAPL,4,256,1T,1,0.0002008121199837,0.013061316781516,65.04245649877507,167.09365949985303,2.568993047277229,2.6228717336098355e-06,99.0,1336.0,167.09368356321477,1.4401121983809162e-05
INTEL,Intel CPU,CPU,CPU package RAPL,4,256,2T,2,0.000112191690962,0.0082347973200269,73.34172446310724,299.08125737551353,4.074712551624815,9.234999208534552e-07,88.0,1468.0,299.0812970695355,1.3271985777052464e-05
INTEL,Intel CPU,CPU,CPU package RAPL,4,256,4T,4,6.902820142896401e-05,0.0069001291563616,99.98878584331231,486.0974399648876,4.862870134693691,4.763671834413318e-07,99.5,1804.5,486.0974837333004,9.004041001681173e-06
INTEL,Intel CPU,CPU,CPU package RAPL,4,256,8T,8,3.947231251451126e-05,0.0055139437543533,139.88276082610014,850.0751504656419,6.0853779971020785,2.177878856343998e-07,99.5,2214.5,850.076141729895,0.00011660901422239078
INTEL,Intel CPU,CPU,CPU package RAPL,4,256,10T,10,6.486252317923141e-05,0.0093375198222392,143.96734580871038,517.3161689575456,3.5935058386792718,6.05593137433955e-07,99.0,2354.5,517.3190720468411,0.0005611827871732089
INTEL,Intel CPU,CPU,CPU package RAPL,4,256,16T,16,5.005172069825436e-05,0.0077144693516209,154.21790825542075,670.3951738700217,4.349545052369652,3.8619487497766315e-07,97.0,2984.5,670.3953856195471,3.158577712714106e-05
INTEL,Intel CPU,CPU,CPU package RAPL,4,256,20T,20,5.960529761904762e-05,0.0082755775892857,138.9143229065945,562.9437875548374,4.054633243175989,4.933340897874114e-07,99.0,2929.0,562.9438118434907,4.314578805342251e-06
INTEL,Intel CPU,CPU,CPU package RAPL,4,512,1T,1,0.0015680330261136,0.0950111505376344,60.57970323716611,171.19247587872715,2.8253047613992566,0.0001490557178507,100.0,3546.5,171.19247710798152,7.180539718376622e-07
INTEL,Intel CPU,CPU,CPU package RAPL,4,512,2T,2,0.0008465241525423,0.0703974843220338,83.02269023831082,317.1031271746101,3.813139895341147,5.956963566221595e-05,99.5,1553.0,317.1031612609296,1.0749285195288394e-05
INTEL,Intel CPU,CPU,CPU package RAPL,4,512,4T,4,0.0004590462962962,0.0492366094907407,107.39500464764532,584.7677198702238,5.451948433827094,2.261157583577364e-05,99.0,1788.5,584.7677200039286,2.286459910294525e-08
INTEL,Intel CPU,CPU,CPU package RAPL,4,512,8T,8,0.0002519578987534,0.0368426264309336,146.24657859697612,1065.3980578823891,7.286002166626692,9.303353732671884e-06,86.0,2234.5,1065.3982037626877,1.3692562839118239e-05
INTEL,Intel CPU,CPU,CPU package RAPL,4,512,10T,10,0.0003086759963492,0.0481938638576209,156.41059738064018,869.6350191620454,5.569909414049861,1.4873614092763956e-05,100.0,2320.0,869.6350413316997,2.5493056110548196e-06
INTEL,Intel CPU,CPU,CPU package RAPL,4,512,16T,16,0.000250851842567,0.0410734260466282,163.76928263278614,1070.0956120276596,6.535501949490683,1.0301292962434046e-05,98.0,2984.0,1070.0956497998975,3.529800274293393e-06
INTEL,Intel CPU,CPU,CPU package RAPL,4,512,20T,20,0.0003042477517985,0.0523949614808153,172.17199022427982,882.2923239800368,5.123306677079801,1.5942932531577658e-05,100.0,3338.0,882.2929347886377,6.922973081469053e-05
INTEL,Intel CPU,CPU,CPU package RAPL,4,1024,1T,1,0.0127670384615384,0.7580183076923077,59.520600032000814,168.20530888737002,2.8330234589422334,0.0096728720581449,99.0,1312.0,168.20531825448546,5.5688583744384346e-06
INTEL,Intel CPU,CPU,CPU package RAPL,4,1024,2T,2,0.0054863235294117,0.4097901336898396,74.75491885082266,391.4249016645716,5.240447417959016,0.0022418966067673,86.0,1599.5,391.42490174275474,1.9973978027110206e-08
INTEL,Intel CPU,CPU,CPU package RAPL,4,1024,4T,4,0.003363314516129,0.3545438467741936,105.07862928839762,638.50217923468,6.057032628090473,0.0011949096454217,99.5,1750.5,638.5022228497943,6.830848131578193e-06
INTEL,Intel CPU,CPU,CPU package RAPL,4,1024,8T,8,0.0017747036713286,0.2520398706293706,142.01829845567602,1210.0519555427104,8.520412435689254,0.0004479340485456,86.0,2143.0,1210.0541934076923,0.00018493957814058604
INTEL,Intel CPU,CPU,CPU package RAPL,4,1024,10T,10,0.0019178826335877,0.29140956870229,151.83227937179487,1119.715883751862,7.369296957417048,0.0005589067818582,85.0,2302.0,1119.7158844727223,6.437885780030683e-08
INTEL,Intel CPU,CPU,CPU package RAPL,4,1024,16T,16,0.0022528825503355,0.3565426420581655,158.31034172295614,953.2159799809342,6.023076610425927,0.0008038754737315,100.0,2915.0,953.2160352551311,5.798706492754491e-06
INTEL,Intel CPU,CPU,CPU package RAPL,4,1024,20T,20,0.0022734933628318,0.3322642776548672,146.17804986815614,944.5744083128329,6.463179440043974,0.0007549675812098,100.0,2886.5,944.574408571314,2.7364821519881843e-08
INTEL,Intel CPU,CPU,CPU package RAPL,4,2048,1T,1,0.083883125,4.673966208333333,55.72584948732416,204.80721460961306,3.675651131873734,0.3920256206034515,86.0,1339.0,204.80721539918844,3.8552128156510435e-07
INTEL,Intel CPU,CPU,CPU package RAPL,4,2048,2T,2,0.0465862045454545,3.9905154545454544,85.66973799913417,368.7758930272475,4.305175454070983,0.185770449990844,99.0,1567.5,368.77589524614217,6.016918963069884e-07
INTEL,Intel CPU,CPU,CPU package RAPL,4,2048,4T,4,0.0238515348837209,2.711717627906977,113.63674318146938,720.2835904588081,6.335419664347641,0.0647098500146806,91.0,1851.0,720.2835995146659,1.2572628049767332e-06
INTEL,Intel CPU,CPU,CPU package RAPL,4,2048,8T,8,0.0149984852941176,2.1569230441176472,143.92676480144718,1145.4402792752637,7.964989400457692,0.032384415721946,100.0,2149.5,1145.4402866796204,6.464201396383373e-07
INTEL,Intel CPU,CPU,CPU package RAPL,4,2048,10T,10,0.0153559632352941,2.379581867647059,154.9374688511475,1118.7750921748652,7.219700829619923,0.0365527877146128,100.0,2259.0,1118.7750936957343,1.3594054770749153e-07
INTEL,Intel CPU,CPU,CPU package RAPL,4,2048,16T,16,0.0162593046875,2.6482957734375,162.9875983673267,1056.6177037821133,6.48714141234325,0.0430762761929954,100.0,2875.0,1056.6180674671912,3.4419741079538824e-05
INTEL,Intel CPU,CPU,CPU package RAPL,4,2048,20T,20,0.0262187692307692,4.098357833333333,156.20848578352633,655.2507874335481,4.19189096771158,0.1075168214790973,100.0,3109.0,655.2507920685571,7.073641228316774e-07
INTEL,Intel CPU,CPU,CPU package RAPL,4,4096,1T,1,0.6504755,36.32379,55.84810693694156,211.2899770583212,3.783717323329972,23.625110925645,87.0,1337.5,211.2899778573032,3.7814478215381087e-07
INTEL,Intel CPU,CPU,CPU package RAPL,4,4096,2T,2,0.3350783333333333,26.488488,78.97558316619427,410.1696224425135,5.188629621743605,8.866849652517889,89.0,1481.0,410.1696234982818,2.57397969605222e-07
INTEL,Intel CPU,CPU,CPU package RAPL,4,4096,4T,4,0.1837685833333333,21.423178166666663,116.58868526606258,747.8914566300099,6.415432500386323,3.935084808336208,92.0,1872.0,747.8914576894823,1.4166126049985905e-07
INTEL,Intel CPU,CPU,CPU package RAPL,4,4096,8T,8,0.1220371666666666,16.9708665,139.05664076706336,1126.2057062288409,8.098523046657636,2.0699736158260804,100.0,2157.5,1126.2057062570807,2.507527518957886e-09
INTEL,Intel CPU,CPU,CPU package RAPL,4,4096,10T,10,0.10483455,17.9996365,171.6355190831532,1311.0081883501193,7.635651612853403,1.887040909588555,99.0,2529.0,1311.008223027422,2.6450866608129786e-06
INTEL,Intel CPU,CPU,CPU package RAPL,4,4096,16T,16,0.1412754375,23.1460703125,163.8557388021021,972.8439416229024,5.937895790361282,3.2700423245547805,100.0,2934.5,972.8441973854078,2.6290188426258965e-05
INTEL,Intel CPU,CPU,CPU package RAPL,4,4096,20T,20,0.1794375833333333,27.05815825,150.69614059974697,765.9429586536825,5.079390555785518,4.857415715664041,100.0,2779.5,765.9429765349753,2.334546267412918e-06
INTEL,Intel CPU,CPU,CPU package RAPL,4,8192,1T,1,5.2589785,296.9457425,56.46218840701945,209.07323119423287,3.7027357877542224,1562.0500879921583,87.5,1339.0,209.07323119438595,7.320810624378282e-11
INTEL,Intel CPU,CPU,CPU package RAPL,4,8192,2T,2,3.018039,257.224683,85.00646397749597,364.3132602912023,4.2745183508536,777.531325686032,99.5,1691.5,364.3138348101928,0.00015769917076635664
INTEL,Intel CPU,CPU,CPU package RAPL,4,8192,4T,4,1.7228865,186.1414305,108.00351905807472,638.1799542662851,5.906861383962556,320.679715500323,100.0,1643.0,638.180023263204,1.0811514594699645e-05
INTEL,Intel CPU,CPU,CPU package RAPL,4,8192,8T,8,0.92398775,136.6924755,147.92048961046453,1189.9634251384828,8.043688021262003,126.27129703733686,89.0,2423.5,1189.9634256821528,4.568796452275592e-08
INTEL,Intel CPU,CPU,CPU package RAPL,4,8192,10T,10,0.9609015,144.3533295,150.35779954980708,1144.2500899166046,7.616808227315603,138.64133311603737,100.0,2279.0,1144.2513540893988,0.00011048046273387513
INTEL,Intel CPU,CPU,CPU package RAPL,4,8192,16T,16,1.0855745,173.8119935,160.11334846045233,1012.8384811691873,6.325867425115287,188.872706574353,100.0,2754.5,1012.8385531999634,7.111773236978536e-06
INTEL,Intel CPU,CPU,CPU package RAPL,4,8192,20T,20,1.2372299999999998,195.5071295,158.26003853973378,888.6881402617138,5.623895305444603,241.660862827728,99.0,2931.5,888.6883885773789,2.7941822766663904e-05
INTEL,Intel CPU,CPU,CPU package RAPL,4,16384,1T,1,43.2587795,2468.638212,56.711245540555495,203.33659719197576,3.5631357318583063,107561.11921596542,95.5,1339.0,203.3435990073393,0.0034434604789357337
INTEL,Intel CPU,CPU,CPU package RAPL,4,16384,2T,2,23.8710505,2071.952582,87.07364434054837,368.48370046420877,4.245315794687429,49686.216600601416,99.0,1591.0,368.48615231480426,0.0006653891589714078
INTEL,Intel CPU,CPU,CPU package RAPL,4,16384,4T,4,13.150543,1449.386579,110.5015752181969,668.8767925558664,6.068838465633398,19159.35668336261,99.0,1687.0,668.8768144459618,3.272664828024574e-06
INTEL,Intel CPU,CPU,CPU package RAPL,4,16384,8T,8,7.8722265,1150.7759845,146.4828043929051,1117.357716042342,7.643618862996875,9040.60862413571,100.0,2054.5,1117.357951858794,2.1104830505436212e-05
INTEL,Intel CPU,CPU,CPU package RAPL,4,16384,10T,10,7.5319495,1228.3455795,163.51192929312907,1167.8374930963093,7.160926997261197,9241.37139400452,99.0,1900.0,1167.8383390600295,7.243847925941793e-05
INTEL,Intel CPU,CPU,CPU package RAPL,4,16384,16T,16,8.2546485,1435.3564635,173.40388044309137,1065.5926805615043,6.128159273243835,11967.807052258082,99.0,3020.0,1065.5927220349004,3.892049638132278e-06
INTEL,Intel CPU,CPU,CPU package RAPL,4,16384,20T,20,9.6820455,1436.596054,147.3021508423381,908.4953197346573,6.122871490365377,13950.64985744415,99.5,2817.5,908.497103184582,0.00019630810264015253
INTEL,Intel CPU,CPU,CPU package RAPL,5,64,1T,1,2.775629547739253e-06,0.0001659075233843,59.742055349927554,188.88976031654943,3.160121911925387,4.6017466174610295e-10,99.0,1332.5,188.88979028185787,1.586391362717876e-05
INTEL,Intel CPU,CPU,CPU package RAPL,5,64,2T,2,2.7358931181728178e-06,0.0001664072394529,60.69980741704753,191.63321714488205,3.1506321583346426,4.5618336928508645e-10,98.5,1423.5,191.63322435490824,3.7624094062493896e-06
INTEL,Intel CPU,CPU,CPU package RAPL,5,64,4T,4,2.7594916233710574e-06,0.0001647767467324,59.66394716308418,189.9944162031983,3.181808176195224,4.554999880734155e-10,99.0,1320.5,189.99444252993413,1.3856583969129588e-05
INTEL,Intel CPU,CPU,CPU package RAPL,5,64,8T,8,2.741267263496916e-06,0.0001642191003875,59.8561003515038,191.257527852716,3.192612788420242,4.5015620879452327e-10,99.0,1431.0,191.2581222071044,0.000310761304445073
INTEL,Intel CPU,CPU,CPU package RAPL,5,64,10T,10,2.6784801547330745e-06,0.0001837813444311,68.86849759320567,195.74085664720866,2.8527813942320823,4.895747372488987e-10,99.0,1424.5,195.74085818077688,7.834686455154838e-07
INTEL,Intel CPU,CPU,CPU package RAPL,5,64,16T,16,2.476036837876259e-06,0.0001297599802212,52.41109000027653,211.7448302787333,4.040444512293033,3.2130700104138506e-10,84.0,1339.0,211.7448313131877,4.885382098862578e-07
INTEL,Intel CPU,CPU,CPU package RAPL,5,64,20T,20,2.679698672313956e-06,0.0001849366815923,69.018574667895,195.6518489996005,2.8349594871384847,4.963817790216828e-10,99.0,1339.0,195.6518555337529,3.3396834409060716e-06
INTEL,Intel CPU,CPU,CPU package RAPL,5,128,1T,1,2.726478938603915e-05,0.00170446539816,62.477146476733694,153.8359215108289,2.460773920390419,4.651318954087998e-08,98.0,1332.0,153.83592177644363,1.7266104102020563e-07
INTEL,Intel CPU,CPU,CPU package RAPL,5,128,2T,2,1.9554605851043165e-05,0.0015409446268308,78.80172794130257,214.49187122205532,2.721904426005404,3.0132741223276544e-08,99.0,1513.5,214.49202777692935,7.298872126693112e-05
INTEL,Intel CPU,CPU,CPU package RAPL,5,128,4T,4,1.21004887024189e-05,0.0011256207165291,93.02313474852448,346.62269459923175,3.726214290843293,1.3620519170564482e-08,91.0,1829.0,346.62307559866326,0.00010991762440237807
INTEL,Intel CPU,CPU,CPU package RAPL,5,128,8T,8,1.178946383237596e-05,0.0014178146986908,120.68435096329333,355.7671544384993,2.9582878523357037,1.6598640592192163e-08,92.0,2234.5,355.7672619608769,3.0222682534386536e-05
INTEL,Intel CPU,CPU,CPU package RAPL,5,128,10T,10,1.222836402266289e-05,0.0014883415781397,121.88834640632672,342.997967040127,2.8181057773327294,1.820036275669586e-08,95.0,2221.5,343.03242362799074,0.010045711979311811
INTEL,Intel CPU,CPU,CPU package RAPL,5,128,16T,16,1.2200389771452191e-05,0.0014916596468434,122.22816754551135,343.7844264463003,2.8118371431953966,1.818784568199529e-08,94.0,2179.5,343.7846527122931,6.581624278911846e-05
INTEL,Intel CPU,CPU,CPU package RAPL,5,128,20T,20,1.2172517446977305e-05,0.0014806762051739,121.73066275456948,344.5716153844195,2.8326949439343454,1.8026667738769765e-08,95.5,2233.5,344.5717902232653,5.07409310568363e-05
INTEL,Intel CPU,CPU,CPU package RAPL,5,256,1T,1,0.0002020148215366,0.0138299721718088,68.51999446050678,166.09886217641107,2.4262111002940268,2.793509386493262e-06,99.0,1417.5,166.09886266800316,2.9596354256256063e-07
INTEL,Intel CPU,CPU,CPU package RAPL,5,256,2T,2,0.0001189360341151,0.0098019954394693,82.45318353245894,282.1216652266024,3.4232246084187836,1.1667660413893446e-06,99.0,1627.0,282.12171022600705,1.5950354126381683e-05
INTEL,Intel CPU,CPU,CPU package RAPL,5,256,4T,4,6.681527759461954e-05,0.0070084164908347,104.83814247586494,502.19700056596116,4.7877337261392805,4.683652220700697e-07,99.0,1704.5,502.19701794409673,3.4604220155998178e-06
INTEL,Intel CPU,CPU,CPU package RAPL,5,256,8T,8,3.904781522121129e-05,0.0055854210824319,142.9455745146672,859.3165023423074,6.007502658222208,2.1774408614862325e-07,98.0,2264.5,859.3165048948173,2.9703954851356684e-07
INTEL,Intel CPU,CPU,CPU package RAPL,5,256,10T,10,6.381064113133362e-05,0.008862244054791,138.8834642816098,525.8438311399979,3.7862229693234646,5.655055910302143e-07,94.0,2354.0,525.8438704160367,7.469145124616716e-06
INTEL,Intel CPU,CPU,CPU package RAPL,5,256,16T,16,5.109757150840827e-05,0.0076404932937052,149.49757172368822,656.6737128491226,4.391657804037942,3.904019640876996e-07,100.0,2850.5,656.6737128622685,2.0019097490830973e-09
INTEL,Intel CPU,CPU,CPU package RAPL,5,256,20T,20,5.616773240193445e-05,0.0089594181891456,159.50060109843992,597.3969495489971,3.745157474695336,5.032302098415583e-07,99.5,3260.0,597.3969556345689,1.0186814280999101e-06
INTEL,Intel CPU,CPU,CPU package RAPL,5,512,1T,1,0.0015167776923076,0.0979162907692307,64.5560601958251,176.9774551415025,2.7414790112163177,0.0001485347856589,97.5,1328.5,176.98991007638904,0.00703758276814348
INTEL,Intel CPU,CPU,CPU package RAPL,5,512,2T,2,0.0008594828030954,0.0713994041272571,83.00796940417462,312.3220790843496,3.759631600308039,6.138376553326854e-05,100.0,1583.5,312.3221119996723,1.0538903572054892e-05
INTEL,Intel CPU,CPU,CPU package RAPL,5,512,4T,4,0.000454006802721,0.0473180827664399,104.20729423761532,591.2586648287761,5.672999418108006,2.1490185589678997e-05,99.0,1791.0,591.2586786394497,2.3358090794900477e-06
INTEL,Intel CPU,CPU,CPU package RAPL,5,512,8T,8,0.0002722252732951,0.0398566494013534,146.2964279184704,986.0783782151199,6.735023139975354,1.0843809174736284e-05,100.0,2150.5,986.0784099063774,3.213868016160859e-06
INTEL,Intel CPU,CPU,CPU package RAPL,5,512,10T,10,0.0003150584276537,0.0495813964515142,157.31157607721326,852.0180145603146,5.414035812051076,1.5616619132967575e-05,99.0,2431.0,852.0182334260428,2.5687922611261627e-05
INTEL,Intel CPU,CPU,CPU package RAPL,5,512,16T,16,0.0002631453400503,0.0420228586901763,159.6601842559451,1020.1033996980102,6.387843768057413,1.1067573504138023e-05,100.0,2882.0,1020.1036752928712,2.7016365322651836e-05
INTEL,Intel CPU,CPU,CPU package RAPL,5,512,20T,20,0.0003105252307692,0.0527660626153846,170.0302066860232,864.4561839147831,5.0872747120937225,1.6331659219264995e-05,98.0,3992.0,864.4592835129567,0.0003585604720468538
INTEL,Intel CPU,CPU,CPU package RAPL,5,1024,1T,1,0.0115589137931034,0.7808547816091953,67.52395207021581,185.7859385785273,2.750170324339231,0.0090282683861049,98.5,1317.5,185.7859607630424,1.1940901067930554e-05
INTEL,Intel CPU,CPU,CPU package RAPL,5,1024,2T,2,0.0060618363636363,0.4952450212121212,81.55470093145482,354.2628865540333,4.336204416036318,0.0030084951203183,99.5,1554.5,354.26294208557897,1.5675236597623154e-05
INTEL,Intel CPU,CPU,CPU package RAPL,5,1024,4T,4,0.0030243816199376,0.3514141464174455,116.1031107853252,710.0571018694088,6.1109766635546885,0.0010634172138548,98.5,1819.5,710.057122504461,2.906111640221809e-06
INTEL,Intel CPU,CPU,CPU package RAPL,5,1024,8T,8,0.0017613148788927,0.2734484152249135,154.9782071888128,1219.2502736081328,7.8533409902327564,0.0004816048394413,100.0,2156.5,1219.2515904540876,0.00010800456504700406
INTEL,Intel CPU,CPU,CPU package RAPL,5,1024,10T,10,0.0018649768089053,0.3056940807050092,163.92678108469283,1151.4800815461751,7.024943509038023,0.0005701554090018,99.0,2354.5,1151.4800932860176,1.019543671709755e-06
INTEL,Intel CPU,CPU,CPU package RAPL,5,1024,16T,16,0.0022963023255813,0.3446861945031713,150.10487321977644,935.192036378038,6.230257208575965,0.0007913182713745,100.0,2783.5,935.19204495207,9.168204639919963e-07
INTEL,Intel CPU,CPU,CPU package RAPL,5,1024,20T,20,0.0019798063583815,0.3391459171483622,171.38316567051953,1084.693782757409,6.332034500243049,0.0006704976062673,100.0,3183.5,1084.6937865178395,3.4668128368053885e-07
INTEL,Intel CPU,CPU,CPU package RAPL,5,2048,1T,1,0.08992775,5.930702291666666,66.02823183768953,191.04079868561152,2.89676809576831,0.5326999767167604,99.5,1331.5,191.0407998431481,6.059106771871825e-07
INTEL,Intel CPU,CPU,CPU package RAPL,5,2048,2T,2,0.043768152173913,3.6008354565217395,82.52122603557967,392.5198650319002,4.771078654228497,0.1570728056680756,99.0,1607.5,392.52031223301697,0.00011393082404165256
INTEL,Intel CPU,CPU,CPU package RAPL,5,2048,4T,4,0.025129075,2.8758685,114.50379932613404,683.6650049394973,5.973802065010969,0.0722812761399028,99.0,1787.5,683.665004963857,3.5631053663109924e-09
INTEL,Intel CPU,CPU,CPU package RAPL,5,2048,8T,8,0.0145858550724637,2.1495076304347824,147.25792029293348,1177.844500623997,7.992467177483346,0.0313709635159332,100.0,2111.0,1177.8447936684622,2.487972436959751e-05
INTEL,Intel CPU,CPU,CPU package RAPL,5,2048,10T,10,0.0146028169014084,2.439426683098591,167.15650266935722,1176.476381234572,7.042584761013563,0.0355981195526643,100.0,2380.0,1176.4768652249204,4.113897704716152e-05
INTEL,Intel CPU,CPU,CPU package RAPL,5,2048,16T,16,0.0155958828125,2.630865984375,168.74796014293753,1101.5643930223973,6.5301194686590325,0.0410213584045882,100.0,3054.5,1101.564398834135,5.27589461007949e-07
INTEL,Intel CPU,CPU,CPU package RAPL,5,2048,20T,20,0.0270654324324324,4.3453835270270265,160.48019651363884,634.7531755455506,3.953590995396883,0.1177053966728725,100.0,3497.0,634.7531822605488,1.0578912412739783e-06
INTEL,Intel CPU,CPU,CPU package RAPL,5,4096,1T,1,0.6988412500000001,45.024055,64.36416879756636,196.6669160871657,3.0525671992893577,31.495287397885,99.0,1336.5,196.66691925900352,1.6127968516244096e-06
INTEL,Intel CPU,CPU,CPU package RAPL,5,4096,2T,2,0.3419445,29.523962,86.41943654779996,401.9335110580811,4.6551663178539515,10.08643850547589,99.0,1486.5,401.9338269992424,7.860532964532041e-05
INTEL,Intel CPU,CPU,CPU package RAPL,5,4096,4T,4,0.2013788333333333,21.59369475,107.27700777183206,682.4895705126243,6.364772451550932,4.347253375699319,99.0,1781.5,682.489613431779,6.288616938299185e-06
INTEL,Intel CPU,CPU,CPU package RAPL,5,4096,8T,8,0.1096632999999999,17.19469475,156.7029542898807,1253.28121141713,7.99310226033527,1.8887283496152496,95.0,2262.5,1253.2812254401597,1.1189052795401722e-06
INTEL,Intel CPU,CPU,CPU package RAPL,5,4096,10T,10,0.1078436,18.0320217,166.88866433099736,1274.4284637382282,7.6219381142381835,1.94858246071776,100.0,2404.5,1274.428760039487,2.3249736447183977e-05
INTEL,Intel CPU,CPU,CPU package RAPL,5,4096,16T,16,0.1387956875,23.1903206875,167.1827640174871,990.2249554547581,5.926565454788301,3.218961368644812,100.0,2941.5,990.2250729620664,1.1866728644172042e-05
INTEL,Intel CPU,CPU,CPU package RAPL,5,4096,20T,20,0.1779571666666666,28.47493825,160.00635353686005,772.3147993777532,4.826663793450017,5.065050767600834,99.0,3963.5,772.31480575164,8.252964756039205e-07
INTEL,Intel CPU,CPU,CPU package RAPL,5,8192,1T,1,5.6390595,382.0939925,68.016722490754,194.98138435602604,2.8775946478038383,2146.6200276172085,98.0,1355.0,194.9860531399571,0.002394476758116326
INTEL,Intel CPU,CPU,CPU package RAPL,5,8192,2T,2,3.0006285000000004,253.7191685,84.57843950148309,366.42710944590436,4.333577294440802,762.3961275570759,100.0,1568.0,366.4271119793072,6.913797534480182e-07
INTEL,Intel CPU,CPU,CPU package RAPL,5,8192,4T,4,1.6059685,179.36215049999998,111.6270709878943,684.6408430651038,6.130120678810663,287.92069179107705,99.0,1806.0,684.6408471797022,6.009863939837601e-07
INTEL,Intel CPU,CPU,CPU package RAPL,5,8192,8T,8,0.96435,147.366612,152.69591268098975,1140.158270105252,7.46106334979052,142.19990698889225,99.0,2247.0,1140.158285347377,1.336842903043589e-06
INTEL,Intel CPU,CPU,CPU package RAPL,5,8192,10T,10,0.92879425,152.88579325,164.57572352934258,1183.8053775375977,7.191718762109376,141.94523392157276,99.0,2416.0,1183.8053806012886,2.5880022569424455e-07
INTEL,Intel CPU,CPU,CPU package RAPL,5,8192,16T,16,1.0362355,176.2540045,170.10207644624228,1061.0634626742665,6.238222109591842,182.7003786869565,100.0,3046.5,1061.0634838822652,1.998749321607818e-06
INTEL,Intel CPU,CPU,CPU package RAPL,5,8192,20T,20,1.255688,202.7432855,161.50229033866125,875.6248588630298,5.423171598824662,254.5360694324225,100.0,3036.0,875.6251613226958,3.4542151583494274e-05
INTEL,Intel CPU,CPU,CPU package RAPL,5,16384,1T,1,41.9825145,2430.7323945,57.911406879796864,209.5180130815652,3.6187007019410506,102099.05286727264,90.0,1314.0,209.51804574168824,1.5588217250339653e-05
INTEL,Intel CPU,CPU,CPU package RAPL,5,16384,2T,2,22.716792,1991.825284,87.86319585639211,387.2066541001035,4.416096679194479,45119.43655667831,99.0,1612.0,387.2070996059782,0.00011505635815201032
INTEL,Intel CPU,CPU,CPU package RAPL,5,16384,4T,4,12.6583785,1441.370242,113.8637886109036,694.8830786034721,6.102590969272973,18248.157169526887,99.0,1832.0,694.8830860854382,1.0767230218533541e-06
INTEL,Intel CPU,CPU,CPU package RAPL,5,16384,8T,8,7.7036525,1154.6073645,150.18631701991768,1141.8081257180281,7.618254735467695,8910.065139680819,99.0,1911.0,1141.8081257980705,7.010148017627671e-09
INTEL,Intel CPU,CPU,CPU package RAPL,5,16384,10T,10,7.4920555,1227.1838395,163.90029737046456,1174.0560413905102,7.167706042960812,9171.805864039294,99.0,2038.0,1174.0565742831332,4.538902778072895e-05
INTEL,Intel CPU,CPU,CPU package RAPL,5,16384,16T,16,8.937386499999999,1352.667222,150.7910665996825,984.1907387811863,6.502776794725939,12134.29659057054,100.0,2802.0,984.191173742458,4.419481454132068e-05
INTEL,Intel CPU,CPU,CPU package RAPL,5,16384,20T,20,9.683506,1530.460957,158.05383764905696,908.3582973158689,5.747348850669178,14826.162484305063,98.0,3953.0,908.3583399138304,4.6895549443704e-06
AMD,AMD CPU,CPU,CPU package RAPL,1,64,1T,1,6.188471799962772e-06,0.0004494260129056,72.6294920726826,84.7201081215485,1.1665724389436365,2.781820947630466e-09,73.0,1830.0,84.72012431070863,1.9108993698502275e-05
AMD,AMD CPU,CPU,CPU package RAPL,1,64,2T,2,6.21050841322149e-06,0.0004531043851108,72.96229745984459,84.41949758635678,1.1571020215833778,2.812582914685021e-09,76.0,1794.5,84.4194977707051,2.1837174291050587e-07
AMD,AMD CPU,CPU,CPU package RAPL,1,64,4T,4,6.201551085263139e-06,0.0004507745867807,72.71937738950211,84.54143048920056,1.1630824260620174,2.795130126852465e-09,74.0,1822.5,84.54143309752752,3.0852647547874312e-06
AMD,AMD CPU,CPU,CPU package RAPL,1,64,8T,8,6.138008702643321e-06,0.0004388980722847,71.48723784239588,85.41662702013058,1.1945552580598033,2.693620855628583e-09,69.0,1795.0,85.4166273173939,3.480157717561383e-07
AMD,AMD CPU,CPU,CPU package RAPL,1,64,10T,10,6.201099747263052e-06,0.0004500579401007,72.56226450138587,84.54758371390533,1.1649344524011533,2.7893280005037213e-09,74.0,1795.0,84.54758436303061,7.677632529734524e-07
AMD,AMD CPU,CPU,CPU package RAPL,1,64,16T,16,6.1745990350762805e-06,0.000447114331663,72.43478398378755,84.91045281185987,1.1726038797503084,2.759224421285102e-09,73.0,1824.5,84.9104532326094,4.955214683022291e-07
AMD,AMD CPU,CPU,CPU package RAPL,1,64,20T,20,6.169123001913226e-06,0.000445202459421,72.16199247117984,84.98582372849478,1.1776394961560934,2.746508792911617e-09,71.0,1795.0,84.98582464846857,1.0825026430794082e-06
AMD,AMD CPU,CPU,CPU package RAPL,1,64,32T,32,6.1804999193878434e-06,0.0004482989563826,72.53055995444257,84.8293838424528,1.169505287789578,2.7707120608611566e-09,73.0,1795.0,84.82939445285317,1.2507930491345576e-05
AMD,AMD CPU,CPU,CPU package RAPL,1,64,64T,64,6.176646411055245e-06,0.0004458714334186,72.20465111493576,84.88230750292024,1.175872596232869,2.7542019020012283e-09,72.0,1795.0,84.88230813650492,7.46427253339732e-07
AMD,AMD CPU,CPU,CPU package RAPL,1,128,1T,1,4.022741470446901e-05,0.002962539704469,73.67739601897895,104.26481619098529,1.4157798437850062,1.1917540032522395e-07,74.0,1829.0,104.26493010206195,0.00010925169278142022
AMD,AMD CPU,CPU,CPU package RAPL,1,128,2T,2,2.3433674537629407e-05,0.002089668733279,88.97163757244834,178.98618474302253,2.0071621559932686,4.8968616345521677e-08,74.0,1849.0,178.98618812682042,1.8905357945797618e-06
AMD,AMD CPU,CPU,CPU package RAPL,1,128,4T,4,1.3406942609716718e-05,0.0015256776350026,113.74900797740266,312.8456742225604,2.7491416953181282,2.0454009134503173e-08,82.5,1904.5,312.8456809646195,2.1550750517462802e-06
AMD,AMD CPU,CPU,CPU package RAPL,1,128,8T,8,1.7049076212471134e-05,0.0020498202350224,120.2168007013204,246.01356388634898,2.0461813813415524,3.4944170301319735e-08,66.0,2089.5,246.01357702285088,5.33974700012152e-06
AMD,AMD CPU,CPU,CPU package RAPL,1,128,10T,10,1.765008335526893e-05,0.0021082577257172,119.45595837826426,237.63649811590886,1.9894645464055662,3.721094630883431e-08,69.0,2086.5,237.6367260301143,9.59087544272208e-05
AMD,AMD CPU,CPU,CPU package RAPL,1,128,16T,16,1.7638857545839213e-05,0.0021194891220028,120.01675421180414,237.78773591770315,1.9789221640527295,3.738536711401994e-08,69.0,2064.0,237.78775521363949,8.114773564216193e-06
AMD,AMD CPU,CPU,CPU package RAPL,1,128,20T,20,1.732227361832376e-05,0.002088338600956,120.5715898253743,242.13357278707355,2.008440584338158,3.617490262392082e-08,70.0,2079.0,242.1337218913341,6.15793418701216e-05
AMD,AMD CPU,CPU,CPU package RAPL,1,128,32T,32,1.7360936455995474e-05,0.0020731785622505,119.4551354910952,241.5943408716024,2.0231272290636424,3.6004029608117036e-08,74.0,2065.5,241.594342177438,5.405075276243565e-07
AMD,AMD CPU,CPU,CPU package RAPL,1,128,64T,64,1.714456190247747e-05,0.0020762849090223,121.00574153708824,244.64340493844313,2.0201004119300046,3.563719190712544e-08,72.5,2053.0,244.64358458936215,7.343378787272314e-05
AMD,AMD CPU,CPU,CPU package RAPL,1,256,1T,1,0.0002867052196235,0.0216076433257273,75.3863191251759,117.03460454631252,1.5528964216124472,6.195025471356494e-06,75.0,1808.5,117.03466073665916,4.801173709712003e-05
AMD,AMD CPU,CPU,CPU package RAPL,1,256,2T,2,0.0001525647492847,0.0142041445565426,93.1428318611736,219.93568079992258,2.3622986844740623,2.165784727523662e-06,78.0,1850.0,219.9358346861885,6.996875876463804e-05
AMD,AMD CPU,CPU,CPU package RAPL,1,256,4T,4,8.796396982310093e-05,0.0105701415626083,120.29068101388636,381.45654484988916,3.1744543629101662,9.29075124831115e-07,89.0,1902.0,381.4565558806222,2.8917404026884697e-06
AMD,AMD CPU,CPU,CPU package RAPL,1,256,8T,8,9.092753433044696e-05,0.0122130608326773,134.3596153986212,369.0238853069212,2.747421998441346,1.1105041274841306e-06,72.0,2088.5,369.02411687074937,6.275036315006588e-05
AMD,AMD CPU,CPU,CPU package RAPL,1,256,10T,10,0.0001016205487743,0.01418901492989,139.66926451708858,330.19337530369614,2.364817583588245,1.4420004434474917e-06,68.0,2163.0,330.1933756264383,9.774336895418401e-08
AMD,AMD CPU,CPU,CPU package RAPL,1,256,16T,16,6.52472982592377e-05,0.0116606058370542,178.72521126990875,514.2654622522914,2.8775890780368583,7.610485859590864e-07,67.0,2384.5,514.2654722382404,1.941788774217912e-06
AMD,AMD CPU,CPU,CPU package RAPL,1,256,20T,20,9.467848722059796e-05,0.0177903840894086,187.61725539096335,354.4039726978232,1.8860993574599905,1.6841052354737385e-06,69.0,2524.0,354.40410184468124,3.6440578554675085e-05
AMD,AMD CPU,CPU,CPU package RAPL,1,256,32T,32,7.902664824318989e-05,0.0169188871693643,214.109929413962,424.5964209027623,1.98325289743396,1.3365298227189057e-06,69.0,2974.5,424.5964215310236,1.4796670555483615e-07
AMD,AMD CPU,CPU,CPU package RAPL,1,256,64T,64,7.724138063721717e-05,0.0166739039941511,215.8914316287509,434.4100496804492,2.0123920595782656,1.287948527427747e-06,68.5,2927.0,434.4100502868736,1.3959722267031793e-07
AMD,AMD CPU,CPU,CPU package RAPL,1,512,1T,1,0.0021992697368421,0.1673521030701754,76.06822043124022,122.05663157327969,1.604016030126837,0.0003680535515689,78.0,1821.5,122.05667141922012,3.26454531185405e-05
AMD,AMD CPU,CPU,CPU package RAPL,1,512,2T,2,0.0011221045606229,0.1053942869855394,93.87746119781131,239.2249933027514,2.546964011785863,0.000118090648718,79.0,1835.0,239.2251770096092,7.679250202397014e-05
AMD,AMD CPU,CPU,CPU package RAPL,1,512,4T,4,0.0006116432448733,0.0758737083835947,124.14156693042536,438.87586146006663,3.537924555405555,4.6425557612934366e-05,87.0,1938.0,438.876022606289,3.67179506799431e-05
AMD,AMD CPU,CPU,CPU package RAPL,1,512,8T,8,0.000542241332611,0.0792003518418201,146.01061523942855,495.0479424123385,3.3893215087746396,4.292569633903501e-05,79.0,2085.5,495.04797829756046,7.248837707862776e-06
AMD,AMD CPU,CPU,CPU package RAPL,1,512,10T,10,0.0005062710020242,0.0812821381578947,160.49843482287866,530.2208795817396,3.3025146985989764,4.115078930769487e-05,78.5,2120.0,530.2209206745893,7.750137953621561e-06
AMD,AMD CPU,CPU,CPU package RAPL,1,512,16T,16,0.0002918957489878,0.0636516237709658,217.91121082468092,919.6278360710882,4.217260143525904,1.857615111089364e-05,79.0,2338.0,919.6278361216896,5.502376332344738e-09
AMD,AMD CPU,CPU,CPU package RAPL,1,512,20T,20,0.0003230009664948,0.0738725262564433,228.60138308096063,831.0670364644917,3.633765753023595,2.3849794748367223e-05,72.0,2510.5,831.0670889676139,6.317555611978776e-06
AMD,AMD CPU,CPU,CPU package RAPL,1,512,32T,32,0.000386315164089,0.0920891322142587,238.1818275360447,694.8612970785618,2.9149526067358966,3.555254752108938e-05,77.5,2925.0,694.8613092424459,1.750548506151972e-06
AMD,AMD CPU,CPU,CPU package RAPL,1,512,64T,64,0.0006125085,0.1471370215,241.06076438342984,438.25588706115917,1.8243909878249098,9.012283428889725e-05,68.5,4097.5,438.2567221478654,0.00019054774411664255
AMD,AMD CPU,CPU,CPU package RAPL,1,1024,1T,1,0.0172878305084745,1.308849338983051,75.61701065841486,124.21938351068995,1.6407416683027483,0.0226196557980343,75.0,1822.5,124.21938887700357,4.320029178828122e-06
AMD,AMD CPU,CPU,CPU package RAPL,1,1024,2T,2,0.0089534285714285,0.8648639017857143,96.52351568012094,239.85042499282193,2.483030733004368,0.0077509622232689,81.0,1834.0,239.8504271003871,8.786997796050855e-07
AMD,AMD CPU,CPU,CPU package RAPL,1,1024,4T,4,0.0047452906976744,0.5930263697674418,124.9862854528796,452.5504937036737,3.6212279208463296,0.0028129754597131,87.0,1903.5,452.5505757849516,1.8137485002789333e-05
AMD,AMD CPU,CPU,CPU package RAPL,1,1024,8T,8,0.0033387483333333,0.5379644783333333,161.13171129850016,643.2002156496835,3.9918688584293056,0.001795502801496,83.0,2052.5,643.2002162460749,9.272251855207969e-08
AMD,AMD CPU,CPU,CPU package RAPL,1,1024,10T,10,0.0032812360655737,0.5617664688524591,171.0973567027983,654.473986352618,3.8227337640616814,0.0018436132280833,82.5,2152.5,654.4787925357621,0.0007343581630792073
AMD,AMD CPU,CPU,CPU package RAPL,1,1024,16T,16,0.0018604453703703,0.4429525953703703,238.12725856244035,1154.284711715329,4.8481116725468185,0.0008238288951096,80.5,2335.0,1154.2847123468637,5.471221253827707e-08
AMD,AMD CPU,CPU,CPU package RAPL,1,1024,20T,20,0.0018280498188405,0.4679688577898551,256.11247367975886,1174.740220899511,4.5889456365584556,0.0008558489507057,79.0,2479.5,1174.7408899018835,5.694896287877782e-05
AMD,AMD CPU,CPU,CPU package RAPL,1,1024,32T,32,0.0016064703525641,0.4585569022435898,285.3903735643719,1336.7714160254402,4.683134497579181,0.0007362971577095,72.0,2925.0,1336.7714311137884,1.1287156542749699e-06
AMD,AMD CPU,CPU,CPU package RAPL,1,1024,64T,64,0.0017773418727915,0.5112660070671378,287.62471431696747,1208.2558121624365,4.200325502411115,0.0009084424375731,78.5,4070.0,1208.2563377754605,4.35017997624243e-05
AMD,AMD CPU,CPU,CPU package RAPL,1,2048,1T,1,0.137472125,10.7613653125,78.17125872695485,124.96983795078457,1.596439548803766,1.4822409726735235,80.0,1830.5,124.9698449354026,5.589043050591158e-06
AMD,AMD CPU,CPU,CPU package RAPL,1,2048,2T,2,0.0704255,6.896956733333333,97.72383484244546,243.94387237577297,2.4909347482156647,0.4855470211564644,81.5,1853.0,243.94387858228123,2.5442361772931577e-06
AMD,AMD CPU,CPU,CPU package RAPL,1,2048,4T,4,0.0375107407407407,4.764901592592592,127.00149254085176,457.99866504211195,3.6055034611223524,0.1785596206838573,87.0,1921.5,457.9988225848687,3.439808209382278e-05
AMD,AMD CPU,CPU,CPU package RAPL,1,2048,8T,8,0.0219834130434782,3.831649,174.21093459930347,781.4923528945263,4.483675092368847,0.0842322074696164,82.5,2071.5,781.4926082085351,3.267005848073268e-05
AMD,AMD CPU,CPU,CPU package RAPL,1,2048,10T,10,0.0209975510204081,3.974041693877551,189.3363516308069,818.1844238550682,4.323021877316355,0.0834401024299529,84.0,2130.0,818.1925675802676,0.0009953410211593905
AMD,AMD CPU,CPU,CPU package RAPL,1,2048,16T,16,0.0120700977011494,3.169987,262.4099605421419,1423.3413522712422,5.419539317984585,0.0382409278636077,89.0,2343.0,1423.3413522715618,2.2470914018413168e-11
AMD,AMD CPU,CPU,CPU package RAPL,1,2048,20T,20,0.0123652926829268,3.38699075,273.7433155413838,1389.3621141471933,5.072310629723451,0.041865411873999,83.0,2469.5,1389.362382959249,1.9347875768183087e-05
AMD,AMD CPU,CPU,CPU package RAPL,1,2048,32T,32,0.0082299959016393,2.361941340163934,286.99171498416933,2087.469956160976,7.273622291909927,0.0194399681904207,70.0,2879.0,2087.4699720141834,7.59446017184473e-07
AMD,AMD CPU,CPU,CPU package RAPL,1,2048,64T,64,0.0084357058823529,1.9985477773109244,236.7445798640632,2036.5656915492368,8.596176373184218,0.0168591616146213,69.0,3624.5,2036.565735220547,2.1443604891757673e-06
AMD,AMD CPU,CPU,CPU package RAPL,1,4096,1T,1,1.080707,84.13712050000001,77.90013844091658,127.17503770402153,1.6335114947509997,90.989984447827,78.0,1795.0,127.17503772242388,1.4470091791451978e-08
AMD,AMD CPU,CPU,CPU package RAPL,1,4096,2T,2,0.540837,53.36561025,98.56378373405332,254.1226903336865,2.575421752475884,28.8507463501005,81.0,1834.0,254.1227275601181,1.4648999480115776e-05
AMD,AMD CPU,CPU,CPU package RAPL,1,4096,4T,4,0.293527375,37.771526125,128.596005132965,468.23214860964845,3.6386920935406075,11.08954022596203,91.0,1902.0,468.2321487021208,1.9749246682465582e-08
AMD,AMD CPU,CPU,CPU package RAPL,1,4096,8T,8,0.1522376428571428,28.589996857142857,187.7171025721674,902.7921799930281,4.807239194839665,4.354635326882184,89.5,2082.0,902.792183944199,4.376611739687064e-07
AMD,AMD CPU,CPU,CPU package RAPL,1,4096,10T,10,0.1342165625,27.8215830625,207.58568259254344,1024.0088921365423,4.940011974273688,3.737903466246906,82.0,2137.0,1024.0091067014362,2.0953420976077552e-05
AMD,AMD CPU,CPU,CPU package RAPL,1,4096,16T,16,0.0835855769230769,23.63880507692308,282.7627338217418,1644.2903014055155,5.814124403698056,1.974913903624704,87.0,2333.0,1644.290370348352,4.192862812502085e-06
AMD,AMD CPU,CPU,CPU package RAPL,1,4096,20T,20,0.0793351923076923,22.602220000000003,284.805279501417,1732.3831892782086,6.0807723078529445,1.793151486338953,81.5,2517.5,1732.38322097198,1.8294896708681563e-06
AMD,AMD CPU,CPU,CPU package RAPL,1,4096,32T,32,0.0526511249999999,15.108609675,287.0209343098719,2610.370689553172,9.096730700470625,0.795485295817425,72.5,2828.5,2610.370690448318,3.429190265080706e-08
AMD,AMD CPU,CPU,CPU package RAPL,1,4096,64T,64,0.0545302894736842,13.589177105263158,249.03605014839263,2520.4148886524204,10.113854018340021,0.7408042726817797,75.0,3565.5,2520.4152057580623,1.258148583094254e-05
AMD,AMD CPU,CPU,CPU package RAPL,1,8192,1T,1,8.5767575,658.0005255000001,76.72868226451855,128.19665564474687,1.670988981263359,5643.235550405007,73.0,1825.5,128.19665569020125,3.545677085270427e-08
AMD,AMD CPU,CPU,CPU package RAPL,1,8192,2T,2,4.3842795,425.023202,96.95744775856994,250.78502129620156,2.5869449540686484,1863.4203829327223,79.5,1869.0,250.7850291628196,3.1367973996054843e-06
AMD,AMD CPU,CPU,CPU package RAPL,1,8192,4T,4,2.358498,302.4895755,128.26777446922043,466.19146074153974,3.6348744447095833,713.7576302168475,89.5,1941.0,466.1914612514368,1.0937504235641882e-07
AMD,AMD CPU,CPU,CPU package RAPL,1,8192,8T,8,1.1802045,223.906817,189.68397872798727,931.6280591846582,4.9105768306107445,264.19230728518346,87.0,2084.5,931.6280660753072,7.396351975330617e-07
AMD,AMD CPU,CPU,CPU package RAPL,1,8192,10T,10,1.0258425,217.7836135,212.29940786176405,1071.813292757904,5.048642595766279,223.31700076916297,87.0,2131.0,1071.8134013314889,1.012989720994284e-05
AMD,AMD CPU,CPU,CPU package RAPL,1,8192,16T,16,0.6442875,181.8117075,282.2348560134223,1706.554337583765,6.04752929772688,117.13116296874938,92.0,2354.5,1706.55467150998,1.956727704310879e-05
AMD,AMD CPU,CPU,CPU package RAPL,1,8192,20T,20,0.56461325,159.93814,283.34754381842424,1947.3712807412865,6.874605567977719,90.278580942244,86.0,2478.0,1947.3713529858503,3.7098505378807545e-06
AMD,AMD CPU,CPU,CPU package RAPL,1,8192,32T,32,0.4669395,132.91681699999998,284.55481412786713,2354.719675195609,8.272178439060877,62.05822878633175,83.5,2892.5,2354.7198167844363,6.0129801804365e-06
AMD,AMD CPU,CPU,CPU package RAPL,1,8192,64T,64,0.4836096666666666,117.16592016666668,242.2031181247949,2273.5517992320256,9.384227309544977,56.618184423175,70.0,3682.5,2273.551818917231,8.65834914876018e-07
AMD,AMD CPU,CPU,CPU package RAPL,1,16384,1T,1,73.207739,5633.6098975,76.97228193533067,120.15250221302422,1.5613599773941393,412325.0975467674,70.0,1825.0,120.15260508796258,8.562030457959224e-05
AMD,AMD CPU,CPU,CPU package RAPL,1,16384,2T,2,37.145598500000006,3566.970305,96.02418551085452,236.80041182289736,2.465984370511321,132479.10453831346,75.0,1874.5,236.80041187011005,1.9937762552046934e-08
AMD,AMD CPU,CPU,CPU package RAPL,1,16384,4T,4,19.78225,2473.7871535,125.05552230342032,444.6457315122395,3.5557194198227533,48951.896217106056,84.0,1868.0,444.64576618353976,7.797511103468935e-06
AMD,AMD CPU,CPU,CPU package RAPL,1,16384,8T,8,9.953508,1847.2161855,185.48529010593663,883.7178834043235,4.76181028038529,18386.28042828392,88.5,2083.0,883.717979602679,1.0885640899793714e-05
AMD,AMD CPU,CPU,CPU package RAPL,1,16384,10T,10,8.471200499999998,1772.990555,209.4247673773055,1038.3525950316016,4.961161805065566,15024.116564413998,89.0,1986.5,1038.3561546035585,0.00034280955947263436
AMD,AMD CPU,CPU,CPU package RAPL,1,16384,16T,16,5.2828205,1495.0712275,282.3228540497672,1665.0372698084293,5.8833939550268015,7884.740480278755,92.0,2122.5,1665.037289774793,1.1991541537526018e-06
AMD,AMD CPU,CPU,CPU package RAPL,1,16384,20T,20,4.508118,1283.303591,284.6823482416992,1951.1674322207184,6.854257312062645,5785.284023029147,85.0,2470.0,1951.167446377562,7.255576139897357e-07
AMD,AMD CPU,CPU,CPU package RAPL,1,16384,32T,32,3.633402,1036.3885650000002,285.2404265311964,2420.8972808976273,8.48725402736183,3765.616485682491,78.0,2965.5,2420.8974039010754,5.080903231480249e-06
AMD,AMD CPU,CPU,CPU package RAPL,1,16384,64T,64,3.692942,934.1156485,253.50870059295903,2381.8660087832413,9.41649252566611,3448.7603046915583,80.0,3756.0,2381.91137109108,0.0019044861327754958
AMD,AMD CPU,CPU,CPU package RAPL,2,64,1T,1,6.139803670298542e-06,0.0004401577934062,71.67901659671682,85.39165552414269,1.1911364693619326,2.7026876251165435e-09,69.0,1823.0,85.39165576335722,2.8013806829818577e-07
AMD,AMD CPU,CPU,CPU package RAPL,2,64,2T,2,6.136363078847793e-06,0.0004377230024346,71.33121695925894,85.43953368848638,1.1977620483363418,2.686171230696177e-09,68.0,1823.0,85.43953373168816,5.056415286475158e-08
AMD,AMD CPU,CPU,CPU package RAPL,2,64,4T,4,6.18479918185199e-06,0.0004479153557704,72.35788540690498,84.77041607727773,1.1705068675268824,2.770350004727821e-09,74.0,1795.0,84.77042376500549,9.068880535423318e-06
AMD,AMD CPU,CPU,CPU package RAPL,2,64,8T,8,6.13427514130188e-06,0.0004390853733376,71.57092028914343,85.46861494196527,1.1940456955210168,2.692611883354252e-09,69.0,1795.5,85.46861505282703,1.2971048679588648e-07
AMD,AMD CPU,CPU,CPU package RAPL,2,64,10T,10,6.136619588578447e-06,0.000439247881486,71.59433032460257,85.43596232945764,1.1936039354960677,2.6948031883789756e-09,70.0,1795.0,85.43596312609637,9.324395922050144e-07
AMD,AMD CPU,CPU,CPU package RAPL,2,64,16T,16,6.16857965794359e-06,0.0004466886614406,72.37667120611857,84.99330949302859,1.1737213080563476,2.7560592340621167e-09,73.0,1795.0,84.99330979890968,3.5988843016809824e-07
AMD,AMD CPU,CPU,CPU package RAPL,2,64,20T,20,6.153352120666477e-06,0.0004427538201595,71.92033756718735,85.20364018160784,1.1841524028208896,2.725024544212514e-09,71.0,1795.0,85.20364639648537,7.294145554226361e-06
AMD,AMD CPU,CPU,CPU package RAPL,2,64,32T,32,6.162917054469024e-06,0.0004426930392815,71.8477271456542,85.07140293569485,1.1843149846018142,2.728134374127514e-09,72.0,1795.0,85.07140399360836,1.2435594998194688e-06
AMD,AMD CPU,CPU,CPU package RAPL,2,64,64T,64,6.2025905087452285e-06,0.0004510462773522,72.67569204546137,84.52726312671936,1.1623818360230234,2.7993239002992907e-09,75.0,1795.0,84.52726329600372,2.002719101668049e-07
AMD,AMD CPU,CPU,CPU package RAPL,2,128,1T,1,4.036669470142977e-05,0.002954720353238,73.23133565076063,103.90506408867405,1.4195265536393564,1.192758468707485e-07,73.0,1795.0,103.90507901369072,1.4364089762075594e-05
AMD,AMD CPU,CPU,CPU package RAPL,2,128,2T,2,2.3500277694212387e-05,0.0020874353203896,88.80803867867192,178.4789122314485,2.0093096820921725,4.905530967676624e-08,72.0,1851.0,178.47891223668375,2.9332536399806486e-09
AMD,AMD CPU,CPU,CPU package RAPL,2,128,4T,4,1.3358346501653231e-05,0.0015128181311166,113.34092793419616,313.98377033272135,2.772510398790775,2.0210748729947094e-08,80.0,1905.0,313.98377043324683,3.201614529046992e-08
AMD,AMD CPU,CPU,CPU package RAPL,2,128,8T,8,1.740314082033268e-05,0.0020958530237283,120.36364288772762,241.00845033096857,2.001239568096611,3.650211026873376e-08,75.0,2064.0,241.00847329894583,9.52994687608566e-06
AMD,AMD CPU,CPU,CPU package RAPL,2,128,10T,10,1.7696852763125286e-05,0.0021073865366233,119.09141084433354,237.008470158017,1.9902869868005333,3.729411152103791e-08,68.0,2095.5,237.00856130676053,3.845801099799928e-05
AMD,AMD CPU,CPU,CPU package RAPL,2,128,16T,16,1.6985412560320807e-05,0.002054663070074,120.8620068663722,246.93565641132602,2.0413585376063335,3.489155029497769e-08,74.5,2062.0,246.9356573459984,3.785084690122176e-07
AMD,AMD CPU,CPU,CPU package RAPL,2,128,20T,20,1.690570134676152e-05,0.0020346351830885,120.3604012822837,248.09997017979188,2.0614526057851825,3.4357858072557143e-08,69.5,2053.0,248.1000109372293,1.64278284309205e-05
AMD,AMD CPU,CPU,CPU package RAPL,2,128,32T,32,1.76810582726512e-05,0.0021352531557676,120.80186909723092,237.22018983941066,1.9643122824432468,3.775355079202199e-08,82.5,2093.5,237.22092226732173,0.00030875445784506184
AMD,AMD CPU,CPU,CPU package RAPL,2,128,64T,64,1.7671173077940632e-05,0.0021034587544314,119.00949207331102,237.35289001474695,1.994003443691859,3.7165603249028394e-08,68.0,2063.5,237.35289435607095,1.8290588377212202e-06
AMD,AMD CPU,CPU,CPU package RAPL,2,256,1T,1,0.0002917788378143,0.0216841588609424,74.372166627907,114.99953955315777,1.5474168131298092,6.328188833326229e-06,72.0,1810.0,114.99954123349777,1.4611710508205533e-06
AMD,AMD CPU,CPU,CPU package RAPL,2,256,2T,2,0.0001584383239171,0.0147710681889516,93.3371021560024,211.78229591444526,2.271632056041682,2.3425251011532968e-06,78.0,1864.5,211.7822986623736,1.2975250429647645e-06
AMD,AMD CPU,CPU,CPU package RAPL,2,256,4T,4,8.740453284798059e-05,0.0104298685214075,119.26878718675022,383.89807606843414,3.217148129061157,9.11868827924908e-07,82.0,1905.0,383.89816141540143,2.2231673613148928e-05
AMD,AMD CPU,CPU,CPU package RAPL,2,256,8T,8,9.160716221098266e-05,0.0123046646947254,134.29696745378897,366.28611988569173,2.7269684166512613,1.1278194855923016e-06,70.0,2056.5,366.2861225497373,7.273127211604447e-07
AMD,AMD CPU,CPU,CPU package RAPL,2,256,10T,10,0.0001004573037066,0.0140871560382622,140.21200932609054,334.01684857081716,2.381916684166955,1.4151577097087445e-06,66.0,2168.0,334.01684869558574,3.735398657056521e-08
AMD,AMD CPU,CPU,CPU package RAPL,2,256,16T,16,6.875187329700273e-05,0.0120990420980926,176.0025863234219,488.05116705762293,2.773313104290282,8.318323509434511e-07,68.0,2348.0,488.0519453173272,0.000159462727844506
AMD,AMD CPU,CPU,CPU package RAPL,2,256,20T,20,9.35820465116279e-05,0.0176620682325581,188.6686930742328,358.556296327958,1.899801968726746,1.6528524820928154e-06,67.0,2527.5,358.55629671377665,1.0760337065818248e-07
AMD,AMD CPU,CPU,CPU package RAPL,2,256,32T,32,7.939670338378635e-05,0.0167870356605119,211.40845231636888,422.6174459385951,1.998830089992005,1.333067413457149e-06,62.5,2960.5,422.617449818625,9.180950666376475e-07
AMD,AMD CPU,CPU,CPU package RAPL,2,256,64T,64,7.838165518321327e-05,0.0169661636783589,216.56997639565083,428.0903729522955,1.9777265288793704,1.3298358527949175e-06,64.5,2960.5,428.0904278516398,1.2824241735209796e-05
AMD,AMD CPU,CPU,CPU package RAPL,2,512,1T,1,0.0022319092920353,0.1670183727876106,74.79750742436045,120.27166917487543,1.6072211189684906,0.0003728032151877,74.0,1795.0,120.27166998899229,6.768982707683335e-07
AMD,AMD CPU,CPU,CPU package RAPL,2,512,2T,2,0.0011429439411098,0.1065586234428086,93.37773108110932,234.86318650007354,2.5191340440323238,0.0001219182581806,78.0,1850.0,234.8631865706814,3.0063396216917226e-08
AMD,AMD CPU,CPU,CPU package RAPL,2,512,4T,4,0.0006205423572744,0.0765077612031921,123.57169018751544,432.58200323189135,3.5086042484902853,4.741091743604523e-05,88.0,1939.0,432.5820042276784,2.3019612882535512e-07
AMD,AMD CPU,CPU,CPU package RAPL,2,512,8T,8,0.0005393714285714,0.07857125606469,145.67820084446075,497.6820086873873,3.4164587591547386,4.237920801334878e-05,77.0,2093.5,497.68200960659294,1.846973907149163e-07
AMD,AMD CPU,CPU,CPU package RAPL,2,512,10T,10,0.0005115522273425,0.0813175773169482,158.8724516868084,524.7469205529901,3.301075423751621,4.160295028862591e-05,75.0,2122.5,524.7472482480725,6.244821448841975e-05
AMD,AMD CPU,CPU,CPU package RAPL,2,512,16T,16,0.0003210643998746,0.0675389177373864,210.30151909100184,836.0797899263961,3.974530019029408,2.168275909047525e-05,77.0,2369.0,836.079790820194,1.0690341945007731e-07
AMD,AMD CPU,CPU,CPU package RAPL,2,512,20T,20,0.0003396709053916,0.0762320439131909,224.40706971677847,790.2809800283777,3.521294225111954,2.5895646488425536e-05,73.0,2514.0,790.2809800300145,2.071010030135767e-10
AMD,AMD CPU,CPU,CPU package RAPL,2,512,32T,32,0.0003337075534759,0.082580929144385,247.4976323652217,804.4032962513871,3.2505744217368373,2.7561666069495483e-05,69.5,2922.5,804.4033212457712,3.1071956341222062e-06
AMD,AMD CPU,CPU,CPU package RAPL,2,512,64T,64,0.0004345444258172,0.1153669786253143,264.8633169203624,617.7399594878772,2.326796273930492,5.012890241540008e-05,77.0,4043.0,617.7400758525632,1.883716347350628e-05
AMD,AMD CPU,CPU,CPU package RAPL,2,1024,1T,1,0.0176286578947368,1.338358140350877,75.93062083160294,121.81776178441531,1.6045657610279074,0.0236198305486654,79.5,1795.0,121.81779808183848,2.9796494893652437e-05
AMD,AMD CPU,CPU,CPU package RAPL,2,1024,2T,2,0.0089353628318584,0.8396984424778762,94.01555557231558,240.3353605679335,2.5574462680470917,0.00751101838849,77.0,1868.0,240.33541740079036,2.364731379600471e-05
AMD,AMD CPU,CPU,CPU package RAPL,2,1024,4T,4,0.004755827014218,0.5947842464454977,125.15825458578658,451.5478888487517,3.6105254314209247,0.0028313476352861,90.5,1938.5,451.5495721887688,0.0003727932426755842
AMD,AMD CPU,CPU,CPU package RAPL,2,1024,8T,8,0.0033984697986577,0.5412700989932886,159.30455791597063,631.8972288199222,3.967489894590736,0.0018398868853217,80.5,2068.0,631.8984484724633,0.00019301438358709788
AMD,AMD CPU,CPU,CPU package RAPL,2,1024,10T,10,0.0032434073482428,0.5573208993610224,171.8708088767427,662.1072894724293,3.8532264813003163,0.0018079111222638,76.0,2124.0,662.107293532847,6.132567564876013e-07
AMD,AMD CPU,CPU,CPU package RAPL,2,1024,16T,16,0.0018885992509363,0.4461501058052434,236.1767458932333,1137.0774646528926,4.813365770975374,0.0008427288228742,80.0,2368.0,1137.0774721700664,6.610960223696338e-07
AMD,AMD CPU,CPU,CPU package RAPL,2,1024,20T,20,0.001861728200371,0.4728010463821892,254.0259272226503,1153.489348000452,4.542045040788847,0.0008803069008176,75.5,2521.0,1153.4903938404934,9.066750752406705e-05
AMD,AMD CPU,CPU,CPU package RAPL,2,1024,32T,32,0.0016052744,0.4598089488,285.9666256243796,1337.767329996666,4.6703824568974985,0.0007378120717038,75.5,2938.0,1337.7673406422152,7.957698722194095e-07
AMD,AMD CPU,CPU,CPU package RAPL,2,1024,64T,64,0.0018029622980251,0.5187176651705566,287.5227650697854,1191.086275266142,4.139985568630863,0.0009352853687436,79.5,4068.0,1191.0864689839764,1.626396328724411e-05
AMD,AMD CPU,CPU,CPU package RAPL,2,2048,1T,1,0.1407075625,10.8390534375,77.02375298432503,122.09627456235695,1.5849971847691613,1.5251352530287263,78.5,1808.0,122.09631082979038,2.9703963999594407e-05
AMD,AMD CPU,CPU,CPU package RAPL,2,2048,2T,2,0.0711595333333333,6.800734733333334,95.55453224460211,241.42751335262656,2.5261783994888156,0.4842583724057111,78.0,1834.5,241.4275545638315,1.706980465865371e-05
AMD,AMD CPU,CPU,CPU package RAPL,2,2048,4T,4,0.0378311851851851,4.784995833333333,126.41254953906366,454.11924315624486,3.5903624125064546,0.1809639446070061,89.5,1902.5,454.1193066702152,1.398618783010619e-05
AMD,AMD CPU,CPU,CPU package RAPL,2,2048,8T,8,0.0225244130434782,3.869316195652174,171.75586820483812,762.7221695339281,4.440027207728453,0.087146261305818,84.0,2050.0,762.7222459687856,1.002132370420128e-05
AMD,AMD CPU,CPU,CPU package RAPL,2,2048,10T,10,0.0207472142857142,3.8811228163265294,187.2082510027949,828.0566705203144,4.426520364604357,0.0804754135313477,76.0,2158.0,828.0566705253185,6.043165967639652e-10
AMD,AMD CPU,CPU,CPU package RAPL,2,2048,16T,16,0.0119056764705882,3.143778958823529,264.07334136390693,1442.9981552447837,5.464719183192536,0.0374345291057904,88.0,2359.5,1442.9981575559384,1.601633936587632e-07
AMD,AMD CPU,CPU,CPU package RAPL,2,2048,20T,20,0.0120325361445783,3.3342277951807238,276.9410745100904,1427.7845482925077,5.152578119836832,0.0401244015064884,84.0,2475.0,1427.7856405330513,7.64989749324485e-05
AMD,AMD CPU,CPU,CPU package RAPL,2,2048,32T,32,0.0090767207207207,2.604995864864865,287.00651505543965,1892.7396482279235,6.594969848403661,0.0236448193458027,79.0,2873.0,1892.7396616996944,7.117603839645881e-07
AMD,AMD CPU,CPU,CPU package RAPL,2,2048,64T,64,0.0083304173553719,1.998782991735537,239.40705085230888,2062.305938720045,8.59516478528906,0.0166475496378321,65.0,3650.0,2062.305988433909,2.4105959672837685e-06
AMD,AMD CPU,CPU,CPU package RAPL,2,4096,1T,1,1.1008755,87.0442275,79.02234072550539,124.84513777625172,1.5789554048486443,95.8091639820165,75.0,1810.0,124.84514665008902,7.107875776846129e-06
AMD,AMD CPU,CPU,CPU package RAPL,2,4096,2T,2,0.5621295,54.46957225,96.83262176683596,244.49695928073515,2.5232243947353563,30.633713430868127,78.5,1834.0,244.4969702378105,4.4814771449352975e-06
AMD,AMD CPU,CPU,CPU package RAPL,2,4096,4T,4,0.292974,37.435823375,127.71943187715624,469.11655461576794,3.6713217736726222,10.98692829534672,86.0,1903.5,469.1165616009012,1.4889973920517718e-06
AMD,AMD CPU,CPU,CPU package RAPL,2,4096,8T,8,0.1530265,28.599522214285717,187.01816087586357,898.1382536488778,4.805638095707348,4.378976845605674,85.5,2045.5,898.1490535498032,0.0012024764429519053
AMD,AMD CPU,CPU,CPU package RAPL,2,4096,10T,10,0.1327121875,27.771061,209.3195142013141,1035.6166683787048,4.948999012749279,3.683918712908797,83.5,2137.5,1035.616941771501,2.639903398105048e-05
AMD,AMD CPU,CPU,CPU package RAPL,2,4096,16T,16,0.0828652692307692,23.43411603846154,282.79631128655626,1658.5833214304782,5.864908804173649,1.941874221347361,88.0,2359.5,1658.583341840398,1.2305634289333511e-06
AMD,AMD CPU,CPU,CPU package RAPL,2,4096,20T,20,0.0798320384615384,22.673829923076923,284.0716924599428,1721.6014537598905,6.061567628330742,1.8100259619261687,85.0,2485.5,1721.60149391585,2.3324770781485427e-06
AMD,AMD CPU,CPU,CPU package RAPL,2,4096,32T,32,0.0563856388888888,15.675768277777776,277.6270574217529,2437.4815321828933,8.76760558312384,0.8843556566494937,70.0,2790.0,2437.4822676261742,3.017226064550016e-05
AMD,AMD CPU,CPU,CPU package RAPL,2,4096,64T,64,0.0584261388888888,14.264868222222225,244.1697796130177,2352.35386225629,9.634786058373368,0.8325075583566559,68.5,3574.0,2352.3538911228525,1.227135215664532e-06
AMD,AMD CPU,CPU,CPU package RAPL,2,8192,1T,1,8.806904,675.5100494999999,76.73547253132489,124.8465553588412,1.627676196068198,5957.375502241239,74.0,1822.0,124.84657115861556,1.2655354653112738e-05
AMD,AMD CPU,CPU,CPU package RAPL,2,8192,2T,2,4.4897575,433.127641,96.51497084060048,244.89332169410042,2.538539505900525,1944.68380542276,75.0,1835.0,244.8933574888107,1.46164501391155e-05
AMD,AMD CPU,CPU,CPU package RAPL,2,8192,4T,4,2.357011,300.438717,127.404524108091,466.4855733706801,3.6596868697718477,708.3576589451881,85.0,1919.0,466.485709016441,2.9078232777202118e-05
AMD,AMD CPU,CPU,CPU package RAPL,2,8192,8T,8,1.211936,228.075295,188.1265627772782,907.235718532992,4.820827384114531,276.3280257473415,89.0,2048.0,907.2357741238404,6.127497775842983e-06
AMD,AMD CPU,CPU,CPU package RAPL,2,8192,10T,10,1.030313,218.2908505,211.8962066466807,1067.1627241197577,5.036911190998359,224.84376152502847,87.0,2112.0,1067.1627246515573,4.9833026594114926e-08
AMD,AMD CPU,CPU,CPU package RAPL,2,8192,16T,16,0.635927,180.2287395,283.38615340097056,1728.9903208638727,6.1006453844504644,114.612338585062,90.5,2348.5,1728.990846099539,3.0378172732881126e-05
AMD,AMD CPU,CPU,CPU package RAPL,2,8192,20T,20,0.5590645,158.53509425,283.5721009168845,1966.69906205098,6.935446268080798,88.63134320278799,81.0,2504.5,1966.6990691125893,3.590589603419403e-07
AMD,AMD CPU,CPU,CPU package RAPL,2,8192,32T,32,0.464613,131.9633573333333,283.9773969108728,2366.5106826025103,8.331946458430007,61.31318790201567,84.0,2920.0,2366.555283719572,0.001884678458852207
AMD,AMD CPU,CPU,CPU package RAPL,2,8192,64T,64,0.4815068333333333,117.33353933333332,243.9631235741559,2283.480839024438,9.370821284546722,56.44006705786517,70.0,3696.0,2283.480849641941,4.6497008465706813e-07
AMD,AMD CPU,CPU,CPU package RAPL,2,16384,1T,1,74.1498955,5575.8775465,74.9048411508069,118.62583167373445,1.5775262187616266,413796.9634235943,69.5,1809.0,118.626388686244,0.0004695541448995755
AMD,AMD CPU,CPU,CPU package RAPL,2,16384,2T,2,37.686195,3546.3941445,94.10314954908104,233.40358511141812,2.4802919990857775,133653.52686368636,73.5,1835.0,233.4035860282775,3.928214642456851e-07
AMD,AMD CPU,CPU,CPU package RAPL,2,16384,4T,4,19.7506205,2469.5955525,125.13553057141964,445.35780646527024,3.561754479717788,48772.62438889576,84.0,1872.0,445.35787776315726,1.6009124803595398e-05
AMD,AMD CPU,CPU,CPU package RAPL,2,16384,8T,8,10.1328725,1863.3947855,183.8702428695104,868.0749730353363,4.720466693722,18878.727119542866,87.5,2046.5,868.0749885696163,1.789509029848091e-06
AMD,AMD CPU,CPU,CPU package RAPL,2,16384,10T,10,8.4150445,1767.3934175,209.9480063085058,1045.2818190335179,4.976873250241128,14867.025468494654,88.0,2130.0,1045.2818230943176,3.884885080296385e-07
AMD,AMD CPU,CPU,CPU package RAPL,2,16384,16T,16,5.219526,1484.007247,284.1770885633256,1685.2283180901868,5.927257457798655,7748.910258192474,92.0,2319.5,1685.2295080551626,7.06114989368345e-05
AMD,AMD CPU,CPU,CPU package RAPL,2,16384,20T,20,4.464921,1270.414617,284.5012117592766,1970.044491763236,6.923797085221982,5672.301138041983,86.0,2412.5,1970.044567250096,3.831733752512889e-06
AMD,AMD CPU,CPU,CPU package RAPL,2,16384,32T,32,3.5336105,1007.43947,285.0747697137697,2489.265022901647,8.731137983116744,3559.8987131163803,83.0,2946.0,2489.265028101353,2.088851758230703e-07
AMD,AMD CPU,CPU,CPU package RAPL,2,16384,64T,64,3.574141,899.714496,251.56747987537895,2461.0369378846553,9.776538069925683,3215.7187874372503,77.5,3588.5,2461.0458618984626,0.0003626119409183559
AMD,AMD CPU,CPU,CPU package RAPL,3,64,1T,1,6.134217945574896e-06,0.000440044097818,71.75012755103185,85.46941185521635,1.191444227066631,2.698976515224476e-09,69.0,1795.0,85.46941237432009,6.07356165360784e-07
AMD,AMD CPU,CPU,CPU package RAPL,3,64,2T,2,6.147713611058021e-06,0.0004414509491427,71.79607037879714,85.28178655833158,1.1876472369538904,2.713308169894568e-09,72.0,1824.0,85.28178841172394,2.1732569521759615e-06
AMD,AMD CPU,CPU,CPU package RAPL,3,64,4T,4,6.134287816543013e-06,0.0004378628763259,71.39201612580653,85.46843833869264,1.1973794270920883,2.6855433118146542e-09,68.5,1828.0,85.4684390303768,8.092860603881036e-07
AMD,AMD CPU,CPU,CPU package RAPL,3,64,8T,8,6.187864285581274e-06,0.0004488895768545,72.51264293808521,84.72842580301509,1.167966526810087,2.7776677860560594e-09,74.0,1808.5,84.7284258209408,2.1156676410782893e-08
AMD,AMD CPU,CPU,CPU package RAPL,3,64,10T,10,6.151522048014172e-06,0.0004418865183882,71.83334552527677,85.22898819313345,1.1864765684917542,2.7184265636428402e-09,71.0,1795.0,85.22898821494789,2.559510381416885e-08
AMD,AMD CPU,CPU,CPU package RAPL,3,64,16T,16,6.169918931156612e-06,0.0004452860948635,72.20543365324988,84.97486042360642,1.1774183071239124,2.746652697800267e-09,73.0,1826.0,84.97486047515545,6.066387392422712e-08
AMD,AMD CPU,CPU,CPU package RAPL,3,64,20T,20,6.135437894375016e-06,0.0004405080685752,71.77105207612486,85.45241741924704,1.1901893231962397,2.702883933005377e-09,70.0,1824.0,85.45241760817729,2.2109409858472873e-07
AMD,AMD CPU,CPU,CPU package RAPL,3,64,32T,32,6.137103900247907e-06,0.0004379273704621,71.32978877943495,85.42922012104464,1.1972030874589374,2.6867765302737366e-09,68.0,1809.5,85.4292201218133,8.997691480772119e-10
AMD,AMD CPU,CPU,CPU package RAPL,3,64,64T,64,6.16477438227037e-06,0.0004436749288843,71.96936885165897,85.04577256027895,1.1816939968152267,2.7351558879885192e-09,72.0,1823.5,85.04577275420223,2.2802224552975758e-07
AMD,AMD CPU,CPU,CPU package RAPL,3,128,1T,1,4.058973580936198e-05,0.0030007464902698,73.97589455174204,103.3341044568363,1.39775353019671,1.2180416568078874e-07,75.5,1811.0,103.33410515559564,6.762136628424287e-07
AMD,AMD CPU,CPU,CPU package RAPL,3,128,2T,2,2.3417435273186943e-05,0.0020836044056369,88.92919144986777,179.11030610608734,2.013003998577128,4.8794829749068666e-08,74.5,1835.0,179.110308391565,1.2760168477399247e-06
AMD,AMD CPU,CPU,CPU package RAPL,3,128,4T,4,1.3384121053119742e-05,0.0015232270739754,113.84165991935286,313.3791142020744,2.7535645024044113,2.0387055385465706e-08,83.0,1904.5,313.3791153827036,3.7674152686406615e-07
AMD,AMD CPU,CPU,CPU package RAPL,3,128,8T,8,1.7381728760445682e-05,0.0020932499129526,120.26768533705854,241.30534182219367,2.0037282572169284,3.638263169342049e-08,75.5,2061.5,241.30537559237632,1.3994792813498691e-05
AMD,AMD CPU,CPU,CPU package RAPL,3,128,10T,10,1.7552939211756847e-05,0.0020938590162781,119.32635065019754,238.95166213477694,2.0031453729179467,3.675337677525272e-08,66.0,2105.0,238.95166934914903,3.019176353369346e-06
AMD,AMD CPU,CPU,CPU package RAPL,3,128,16T,16,1.7469962627920784e-05,0.0020776206995913,118.80511960059118,240.08660403752634,2.0188016035964047,3.628899102494964e-08,75.0,2085.5,240.08685120054065,0.000102947440705492
AMD,AMD CPU,CPU,CPU package RAPL,3,128,20T,20,1.7890552400619516e-05,0.0021382727644953,119.5292753614105,234.44239764529345,1.9615383358212433,3.825141574020349e-08,68.0,2098.0,234.4426420044349,0.00010422992764436145
AMD,AMD CPU,CPU,CPU package RAPL,3,128,32T,32,1.777572151092877e-05,0.0021206447973403,119.2743959873076,235.95689195632826,1.9778437224661436,3.7703544196435184e-08,67.0,2083.5,235.95722740060555,0.00014216337336225848
AMD,AMD CPU,CPU,CPU package RAPL,3,128,64T,64,1.76008232266253e-05,0.0021014339215202,119.44883436402722,238.30158089737242,1.9959247621575436,3.7029790527358564e-08,68.5,2066.0,238.30168932536415,4.5500324130642866e-05
AMD,AMD CPU,CPU,CPU package RAPL,3,256,1T,1,0.0002859954609929,0.0214173018439716,74.93777049720815,117.32505083649914,1.5666974413700332,6.124798042654674e-06,74.0,1811.5,117.32506554913954,1.2540067340083283e-05
AMD,AMD CPU,CPU,CPU package RAPL,3,256,2T,2,0.0001572875329917,0.0144855924545877,92.07038724208137,213.33179662605968,2.316400389227646,2.280380087594668e-06,74.5,1835.0,213.33180452964783,3.7048336176681573e-06
AMD,AMD CPU,CPU,CPU package RAPL,3,256,4T,4,8.743677808890445e-05,0.0104694173083654,119.58106089777736,383.7565007928625,3.204995178976096,9.164640167787572e-07,85.0,1934.0,383.75657037955534,1.8133032986256126e-05
AMD,AMD CPU,CPU,CPU package RAPL,3,256,8T,8,8.755371323850249e-05,0.0118919931931233,135.9180137747084,383.2439625786671,2.8215986550852796,1.0411890877731685e-06,71.5,2063.0,383.2448784983191,0.00023899128007709436
AMD,AMD CPU,CPU,CPU package RAPL,3,256,10T,10,0.0001012956487574,0.0142170532364207,140.4679556112718,331.2524517253633,2.3601537844735327,1.4402885512893283e-06,69.0,2164.5,331.2534608454554,0.0003046377730298033
AMD,AMD CPU,CPU,CPU package RAPL,3,256,16T,16,6.577063919149494e-05,0.0116605535175219,177.2949059613457,510.173421035249,2.877601989440634,7.669382439931066e-07,77.0,2347.0,510.17342988529714,1.73471368380973e-06
AMD,AMD CPU,CPU,CPU package RAPL,3,256,20T,20,9.300398849828402e-05,0.0175695056117243,188.8320759965576,360.784871076998,1.9098108245919456,1.6339297083791543e-06,70.5,2524.0,360.78488500406127,3.860212660633522e-06
AMD,AMD CPU,CPU,CPU package RAPL,3,256,32T,32,7.724724639913733e-05,0.0166932157051528,216.14206872248985,434.3770627968264,2.0100640040038864,1.2895050587171333e-06,65.0,2943.5,434.37736031071057,6.849207971892923e-05
AMD,AMD CPU,CPU,CPU package RAPL,3,256,64T,64,7.739902381882077e-05,0.0165989786411558,214.333128108621,433.52526097158244,2.021475701932922,1.284307288556903e-06,68.0,2927.5,433.52526196738097,2.2969792734528482e-07
AMD,AMD CPU,CPU,CPU package RAPL,3,512,1T,1,0.0022419707865168,0.1712849539325842,76.41513396573681,119.73191515891705,1.5671864331157372,0.0003841124856068,79.5,1829.5,119.73192098095691,4.862563041108103e-06
AMD,AMD CPU,CPU,CPU package RAPL,3,512,2T,2,0.0011420125570776,0.1072647157534246,93.9243373835653,235.05473239884853,2.502551320017177,0.0001224974815356,80.0,1849.5,235.0549008935106,7.168316091821225e-05
AMD,AMD CPU,CPU,CPU package RAPL,3,512,4T,4,0.0006234534739454,0.0768947924937965,123.36174548810445,430.5621304846698,3.490944539861475,4.798321105781872e-05,87.5,1920.0,430.562246639896,2.6977576039755036e-05
AMD,AMD CPU,CPU,CPU package RAPL,3,512,8T,8,0.0005321506631299,0.0783614132625994,147.2585490283742,504.43506810866063,3.4256076405926663,4.170250984672304e-05,74.0,2074.0,504.4350682369284,2.5427993044502273e-08
AMD,AMD CPU,CPU,CPU package RAPL,3,512,10T,10,0.0005217323362558,0.0825019458483754,158.0712582413032,514.507990680472,3.2536863614506606,4.303039192511172e-05,72.0,2160.0,514.508306029592,6.129139404897899e-05
AMD,AMD CPU,CPU,CPU package RAPL,3,512,16T,16,0.000330853602115,0.0683055305684071,206.38006839406,811.3420989948771,3.929922712937064,2.259273113198905e-05,75.5,2371.0,811.342099111431,1.4365575395913766e-08
AMD,AMD CPU,CPU,CPU package RAPL,3,512,20T,20,0.0003598493371551,0.078447787710498,217.86176733699747,745.966237209715,3.4218358966428517,2.8238096705016868e-05,72.0,2492.5,745.9662475943487,1.392105053454884e-06
AMD,AMD CPU,CPU,CPU package RAPL,3,512,32T,32,0.0003233810522918,0.0806584446417043,249.35443387688807,830.0902421387995,3.328051479202538,2.6086101567934297e-05,71.0,2959.0,830.0902433646958,1.4768228862038768e-07
AMD,AMD CPU,CPU,CPU package RAPL,3,512,64T,64,0.0004654781864841,0.1229232057313943,263.7005237008992,576.6875093064524,2.1837655014186,5.721278628875239e-05,81.5,4021.5,576.6920358959642,0.000784929348873753
AMD,AMD CPU,CPU,CPU package RAPL,3,1024,1T,1,0.0176653070175438,1.3343390087719298,75.39808060300393,121.56503398821697,1.6093988363395406,0.0235279958379647,76.0,1795.0,121.56503532272558,1.0977734055117594e-06
AMD,AMD CPU,CPU,CPU package RAPL,3,1024,2T,2,0.008933424778761,0.855037261061947,95.75415600496484,240.3874998875672,2.5115673267067318,0.0076390512561877,79.0,1834.0,240.38751404717317,5.890325405211172e-06
AMD,AMD CPU,CPU,CPU package RAPL,3,1024,4T,4,0.0047985406698564,0.6010816818181818,125.06258195558378,447.5284874608065,3.5726985415762207,0.0028834998407922,90.0,1902.0,447.5285755717464,1.9688342156598537e-05
AMD,AMD CPU,CPU,CPU package RAPL,3,1024,8T,8,0.0033268823529411,0.5354168823529412,160.97661726849802,645.4943157522648,4.0108627852051955,0.0017808585226718,76.0,2096.5,645.4944486931831,2.059521131414499e-05
AMD,AMD CPU,CPU,CPU package RAPL,3,1024,10T,10,0.0031217561349693,0.5423060613496933,173.86494408565267,687.9088420598616,3.9599108345854277,0.0016929472714798,76.0,2136.5,687.9089470073509,1.5256016916431747e-05
AMD,AMD CPU,CPU,CPU package RAPL,3,1024,16T,16,0.0019166435361216,0.4515001606463878,234.88894967749215,1120.4397727213864,4.756329753959703,0.000863629102553,82.0,2362.0,1120.4398014740943,2.5661984315306086e-06
AMD,AMD CPU,CPU,CPU package RAPL,3,1024,20T,20,0.0018415673952641,0.4696031639344262,254.97891900149347,1166.1173267525344,4.572975254272067,0.0008647276930297,76.0,2489.5,1166.1181174149556,6.780299057762562e-05
AMD,AMD CPU,CPU,CPU package RAPL,3,1024,32T,32,0.0017910196428571,0.4866835678571428,271.8211382805725,1199.0285291200132,4.412484394029007,0.0008717435754872,76.0,2920.0,1199.028531533654,2.012996880296214e-07
AMD,AMD CPU,CPU,CPU package RAPL,3,1024,64T,64,0.0016288276699029,0.4687506957928802,287.61217964744054,1318.4228679808825,4.581291648789096,0.0007638348301913,74.0,4129.0,1318.422875397755,5.625564236666492e-07
AMD,AMD CPU,CPU,CPU package RAPL,3,2048,1T,1,0.139054125,10.71270575,77.01515954586785,123.54807298237286,1.603690942785393,1.4902983720962188,79.0,1795.0,123.54807444407538,1.1831042590060292e-06
AMD,AMD CPU,CPU,CPU package RAPL,3,2048,2T,2,0.0716373666666666,6.9523367,97.12694748212228,239.81715106780888,2.4710928030859036,0.49772555153506,80.5,1834.0,239.81715783444628,2.8215819236621087e-06
AMD,AMD CPU,CPU,CPU package RAPL,3,2048,4T,4,0.0376071296296296,4.7762671296296295,126.98832507762828,456.8247923517264,3.596923856587601,0.1796217256213793,88.0,1939.0,456.8248226505086,6.632473259493565e-06
AMD,AMD CPU,CPU,CPU package RAPL,3,2048,8T,8,0.0224814555555555,3.893158733333333,173.1672351566118,764.1795764311444,4.412835530415312,0.0875238771988239,83.0,2052.0,764.1795799346471,4.5846588747622263e-07
AMD,AMD CPU,CPU,CPU package RAPL,3,2048,10T,10,0.02048959,3.87070131,188.86568318987884,838.4681774501101,4.438438362478555,0.0792777129399636,83.0,2118.0,838.4682620913601,1.0094748037481338e-05
AMD,AMD CPU,CPU,CPU package RAPL,3,2048,16T,16,0.011923494117647,3.143381270588235,263.61274541443225,1440.8418383478268,5.465410557970607,0.0374923425545085,89.0,2339.5,1440.8418383534304,3.8891112552619234e-10
AMD,AMD CPU,CPU,CPU package RAPL,3,2048,20T,20,0.0120186845238095,3.321181523809524,276.2789594125179,1429.4300803025476,5.172818486685433,0.0399038228038032,80.0,2478.0,1429.430114214378,2.3724021858129163e-06
AMD,AMD CPU,CPU,CPU package RAPL,3,2048,32T,32,0.0081102137096774,2.3274368024193546,286.92941043784964,2118.300429432625,7.381454639774383,0.0188754080725816,73.5,2868.0,2118.3004762451355,2.2099089225235957e-06
AMD,AMD CPU,CPU,CPU package RAPL,3,2048,64T,64,0.0081551048387096,1.9723544717741937,241.89555834955743,2106.6398928990848,8.71033550503028,0.0160820759308007,64.0,3647.0,2106.6398929011248,9.683365220780615e-11
AMD,AMD CPU,CPU,CPU package RAPL,3,4096,1T,1,1.094909,86.9846985,79.72341872560173,125.52545779786267,1.580035981523808,94.907352763824,79.0,1829.5,125.5256095830048,0.00012091980765571719
AMD,AMD CPU,CPU,CPU package RAPL,3,4096,2T,2,0.56397975,55.552303,98.57749800519828,243.69483739797394,2.4740460079935835,31.290474967618003,83.0,1848.5,243.6950174322779,7.387694620497598e-05
AMD,AMD CPU,CPU,CPU package RAPL,3,4096,4T,4,0.29720875,38.164124,128.2821539833326,462.43239296285856,3.6012605312780135,11.34727852819925,91.0,1936.5,462.4323962347967,7.075495078723293e-07
AMD,AMD CPU,CPU,CPU package RAPL,3,4096,8T,8,0.1521078571428571,28.55886614285714,187.7218814064456,903.5624855520756,4.812479346501466,4.344028102508673,88.0,2081.5,903.5624986101384,1.445175401570964e-06
AMD,AMD CPU,CPU,CPU package RAPL,3,4096,10T,10,0.1346635625,28.0308236875,208.15164977458784,1020.6098139725065,4.903136454505588,3.774730542772516,89.0,2140.0,1020.6099557315345,1.3889639904896e-05
AMD,AMD CPU,CPU,CPU package RAPL,3,4096,16T,16,0.082922,23.472599076923075,283.0618505283319,1657.4486079930537,5.855293358080749,1.946439998269988,89.0,2336.0,1657.4486080287115,2.151367972658136e-09
AMD,AMD CPU,CPU,CPU package RAPL,3,4096,20T,20,0.0788518461538461,22.371697423076924,283.6146250238727,1743.0023541090702,6.143429837837362,1.764121661816778,77.5,2523.0,1743.0029958628952,3.681887310591492e-05
AMD,AMD CPU,CPU,CPU package RAPL,3,4096,32T,32,0.0542776052631578,15.197801157894736,279.8967759371507,2532.148439593924,9.043344628877788,0.8247222312194875,70.0,2779.5,2532.148465098684,1.0072379375003493e-06
AMD,AMD CPU,CPU,CPU package RAPL,3,4096,64T,64,0.0585146666666666,14.17582722222222,242.50212715522707,2348.7949483662246,9.69530393658783,0.82950438481979,71.0,3573.5,2348.7953564034037,1.7372192462339342e-05
AMD,AMD CPU,CPU,CPU package RAPL,3,8192,1T,1,8.780321,679.5999335,77.41343475750351,125.22453652617027,1.617880717135179,5964.982424084446,76.0,1795.0,125.22453798594329,1.1657244280982582e-06
AMD,AMD CPU,CPU,CPU package RAPL,3,8192,2T,2,4.516116,439.0492785,97.31145463966315,243.4639915750614,2.504301183531042,1982.7975097715007,79.0,1848.5,243.46399595885217,1.8005910096263733e-06
AMD,AMD CPU,CPU,CPU package RAPL,3,8192,4T,4,2.3646765,302.036802,127.69291038881596,464.9733812536303,3.6403233662101875,714.295208958707,86.0,1904.0,464.9734259924887,9.621810681537113e-06
AMD,AMD CPU,CPU,CPU package RAPL,3,8192,8T,8,1.2264565,228.9083205,186.65916314772105,896.494598688172,4.8032838010184955,280.73587280333453,84.0,2085.0,896.4946774384775,8.784247640392095e-06
AMD,AMD CPU,CPU,CPU package RAPL,3,8192,10T,10,1.0227495,217.571444,212.6763120899252,1075.0546715261166,5.053565888802944,222.52158863058048,85.0,2131.0,1075.0623005452728,0.0007096401102524297
AMD,AMD CPU,CPU,CPU package RAPL,3,8192,16T,16,0.639402,180.844339,282.8821927113937,1719.5936637295472,6.07987860640747,115.6268087403995,91.5,2356.5,1719.5936677715931,2.3505819513047754e-07
AMD,AMD CPU,CPU,CPU package RAPL,3,8192,20T,20,0.58067175,164.34902175,282.9992159319532,1893.5166516642146,6.690101444281946,95.42884453795013,89.0,2472.0,1893.5166528859916,6.452423040315125e-08
AMD,AMD CPU,CPU,CPU package RAPL,3,8192,32T,32,0.4573135,129.93899966666666,284.1506528678429,2404.2842115441595,8.461752288355184,59.422858571321605,79.0,2934.5,2404.28422576156,5.913360912046528e-07
AMD,AMD CPU,CPU,CPU package RAPL,3,8192,64T,64,0.4712531666666666,114.13564066666667,242.3077723319212,2333.16549478748,9.633376755531827,53.70605360603133,69.0,3672.0,2333.165563433912,2.9422015934699175e-06
AMD,AMD CPU,CPU,CPU package RAPL,3,16384,1T,1,73.7586125,5529.9182915,74.95661311303974,119.25513135442996,1.5906370688565896,408210.3741413784,70.0,1795.5,119.25513752472764,5.174031181276462e-06
AMD,AMD CPU,CPU,CPU package RAPL,3,16384,2T,2,37.5455485,3558.002141,94.89766505001924,234.27792038270528,2.4722000363203267,133363.65456173342,73.0,1835.0,234.27792708932708,2.8626777170970286e-06
AMD,AMD CPU,CPU,CPU package RAPL,3,16384,4T,4,19.7590285,2473.453751,125.19062521143928,445.168294696675,3.556198703392696,48887.95537523543,83.0,1869.0,445.1683125999144,4.021678901011683e-06
AMD,AMD CPU,CPU,CPU package RAPL,3,16384,8T,8,9.995393,1850.750335,185.1614555490113,880.0147250046097,4.752717238982966,18503.08299131511,86.5,2051.0,880.0150650156861,3.863697581873993e-05
AMD,AMD CPU,CPU,CPU package RAPL,3,16384,10T,10,8.4172345,1770.6450195000002,210.31664707758895,1045.0098571220751,4.96773374975627,14905.9076893723,90.0,2127.0,1045.0100233919788,1.5910845485578307e-05
AMD,AMD CPU,CPU,CPU package RAPL,3,16384,16T,16,5.1581980000000005,1465.6954495,284.4652049539948,1705.2647110886396,6.001310180234683,7560.347363751023,92.0,2320.0,1705.264716666143,3.2707552222177583e-07
AMD,AMD CPU,CPU,CPU package RAPL,3,16384,20T,20,4.533227,1289.327877,284.487072085691,1940.360150111168,6.822231318440655,5844.815386869524,86.5,2514.0,1940.3613528207704,6.198383337707725e-05
AMD,AMD CPU,CPU,CPU package RAPL,3,16384,32T,32,3.3208935000000004,946.8787515,285.0955636792279,2648.7127702854664,9.289566386692753,3144.483547935024,83.0,2912.0,2648.712818166984,1.8077278340911107e-06
AMD,AMD CPU,CPU,CPU package RAPL,3,16384,64T,64,3.5669885,901.024426,252.62825563845468,2465.9717916690793,9.762324714389042,3210.377321490336,81.0,3703.5,2465.973595214409,7.31373057893947e-05
AMD,AMD CPU,CPU,CPU package RAPL,4,64,1T,1,6.152481265919355e-06,0.0004420068137912,71.83632990412246,85.21570035559571,1.1861536601733675,2.7196551094582803e-09,71.5,1795.0,85.21570049883988,1.6809598157863093e-07
AMD,AMD CPU,CPU,CPU package RAPL,4,64,2T,2,6.124136812204619e-06,0.000438039192399,71.53596261451179,85.61010573035554,1.1968974673901733,2.681853818067638e-09,68.0,1795.0,85.61010573140351,1.224109702491205e-09
AMD,AMD CPU,CPU,CPU package RAPL,4,64,4T,4,6.13489069630502e-06,0.0004398691361205,71.71974863050272,85.46003929878867,1.191918134161552,2.6986191800474876e-09,71.0,1795.0,85.46003931435806,1.821831574488897e-08
AMD,AMD CPU,CPU,CPU package RAPL,4,64,8T,8,6.121002484487254e-06,0.0004387737066591,71.70195036390024,85.65394334158954,1.1948938417299908,2.685904578434268e-09,69.0,1812.0,85.65394389636278,6.476914116149146e-07
AMD,AMD CPU,CPU,CPU package RAPL,4,64,10T,10,6.137645026223078e-06,0.000440219705121,71.75696722263947,85.42168824687326,1.1909689500516403,2.7039768843287674e-09,70.0,1795.0,85.42173633720171,5.629756263392238e-05
AMD,AMD CPU,CPU,CPU package RAPL,4,64,16T,16,6.12958053475543e-06,0.0004397738004126,71.70457870087999,85.53407480776644,1.1921765223578757,2.697117519130732e-09,69.5,1808.5,85.53409044101736,1.8277219870910244e-05
AMD,AMD CPU,CPU,CPU package RAPL,4,64,20T,20,6.11990709288875e-06,0.0004382749358891,71.61630187406061,85.66927439294227,1.1962536687990402,2.6820071269025004e-09,69.0,1824.5,85.66928397992828,1.1190693594009815e-05
AMD,AMD CPU,CPU,CPU package RAPL,4,64,32T,32,6.154622143463655e-06,0.000442968874983,71.98840720867669,85.18605818178546,1.1835775143798102,2.725736455735348e-09,72.0,1795.0,85.18605839891762,2.548916633315912e-07
AMD,AMD CPU,CPU,CPU package RAPL,4,64,64T,64,6.121948532112338e-06,0.0004381753323865,71.56261015843162,85.6407069170668,1.196525594319725,2.682611172997869e-09,68.5,1828.5,85.64070953925759,3.0618509505586644e-06
AMD,AMD CPU,CPU,CPU package RAPL,4,128,1T,1,4.032576485663944e-05,0.0029456512293769,73.03449340891443,104.01052565056129,1.4238970174643624,1.188193297314745e-07,72.0,1808.5,104.01052693715512,1.2369842483650473e-06
AMD,AMD CPU,CPU,CPU package RAPL,4,128,2T,2,2.3598545719387275e-05,0.002101381554835,89.08478854740316,177.735698202546,1.9959745008465806,4.9563184376176e-08,74.5,1848.5,177.73571236131434,7.966192772101977e-06
AMD,AMD CPU,CPU,CPU package RAPL,4,128,4T,4,1.331136998821145e-05,0.0015195568035815,113.82360098087054,315.0918353042907,2.760215340495524,2.0253929201305706e-08,83.0,1940.5,315.09183550715824,6.438360955485223e-08
AMD,AMD CPU,CPU,CPU package RAPL,4,128,8T,8,1.802359836992622e-05,0.0021416308008545,118.85035250946638,232.71179893791484,1.9584626810216277,3.859252288447934e-08,68.0,2097.5,232.7118000531022,4.79213935200562e-07
AMD,AMD CPU,CPU,CPU package RAPL,4,128,10T,10,1.7013814222524667e-05,0.0020308904134059,119.3295582266902,246.52343943236087,2.0652537292575786,3.4568576158147074e-08,66.5,2062.0,246.52343956275303,5.289240156969299e-08
AMD,AMD CPU,CPU,CPU package RAPL,4,128,16T,16,1.7957320855709756e-05,0.002131819606175,118.73007993487867,233.57069986675478,1.9674760415237929,3.826391392754416e-08,64.0,2060.0,233.57074970302332,2.133669529946758e-05
AMD,AMD CPU,CPU,CPU package RAPL,4,128,20T,20,1.818780877651845e-05,0.0021769138695146,119.75041796483728,230.6107377495137,1.9267202339682965,3.956330405248106e-08,69.5,2096.5,230.6108236097417,3.723166961400182e-05
AMD,AMD CPU,CPU,CPU package RAPL,4,128,32T,32,1.6996041433560506e-05,0.0020294348065642,119.36976199636956,246.78122940544833,2.066735027128508,3.4487935710739946e-08,66.0,2081.0,246.78123080507615,5.671532798956491e-07
AMD,AMD CPU,CPU,CPU package RAPL,4,128,64T,64,1.1119057169279452e-05,0.0015095120332921,135.73566750329175,377.2175946345821,2.7785826859906697,1.6779930373519328e-08,75.5,2059.0,377.217601900274,1.9261275241433395e-06
AMD,AMD CPU,CPU,CPU package RAPL,4,256,1T,1,0.0003029383107088,0.022762604826546,75.15318120883775,110.76325051622229,1.4741033487023616,6.895669091407946e-06,78.0,1794.5,110.7632506183553,9.220839647383627e-08
AMD,AMD CPU,CPU,CPU package RAPL,4,256,2T,2,0.0001549874826147,0.0141573926750115,91.43503921570614,216.49769022583945,2.3700996906884724,2.196974693554957e-06,75.5,1870.0,216.49783284114383,6.587382259670704e-05
AMD,AMD CPU,CPU,CPU package RAPL,4,256,4T,4,8.717490084497327e-05,0.010384113554061,119.41058599083796,384.9093222333712,3.231323677780622,9.055697330612818e-07,83.0,1939.5,384.9093400459927,4.62774487619555e-06
AMD,AMD CPU,CPU,CPU package RAPL,4,256,8T,8,4.952768414791316e-05,0.0082560804252998,166.68746346243393,677.4884103159467,4.064208470786736,4.088850847763154e-07,83.0,2052.0,677.4884152767731,7.322378259289053e-07
AMD,AMD CPU,CPU,CPU package RAPL,4,256,10T,10,9.717078368691272e-05,0.0136460927540443,140.39620852679528,345.3140000199383,2.4589039958016885,1.3259981741286338e-06,70.0,2143.5,345.3141643599511,4.759147118615914e-05
AMD,AMD CPU,CPU,CPU package RAPL,4,256,16T,16,6.542946749428291e-05,0.0117967718065991,180.11621353219329,512.8336403308176,2.84437408386841,7.718843541403335e-07,75.0,2361.0,512.8336544230324,2.7479115427553324e-06
AMD,AMD CPU,CPU,CPU package RAPL,4,256,20T,20,9.12170891251022e-05,0.0173753645861724,190.76398459649076,367.85247503327855,1.931149808891099,1.5847238439807613e-06,70.0,2521.0,367.8524839706955,2.4296199052642464e-06
AMD,AMD CPU,CPU,CPU package RAPL,4,256,32T,32,8.878266146510619e-05,0.0190910238838318,215.02749616620315,377.9390192440641,1.757602536363556,1.6949520205766773e-06,67.0,2927.0,377.9390328063748,3.5884917926054527e-06
AMD,AMD CPU,CPU,CPU package RAPL,4,256,64T,64,9.197392038386352e-05,0.0193866617202772,210.60355262716317,364.8255055341427,1.7307998913966827,1.7834129095422117e-06,63.0,2939.5,364.8255083850571,7.814460190047612e-07
AMD,AMD CPU,CPU,CPU package RAPL,4,512,1T,1,0.0022760612244897,0.1701111995464852,74.75425627133666,117.93859194634979,1.5779999007451966,0.0003872019208442,75.0,1795.0,117.93862570301305,2.8622236958320002e-05
AMD,AMD CPU,CPU,CPU package RAPL,4,512,2T,2,0.0011707817551963,0.1092157777136258,93.16415446694376,229.2788171737375,2.4578450258703777,0.0001281011697307,75.0,1853.0,229.2789108277613,4.084722040609279e-05
AMD,AMD CPU,CPU,CPU package RAPL,4,512,4T,4,0.0006152287621359,0.0758075907160194,123.10387394738024,436.31811859391644,3.541010253255221,4.661885280054449e-05,83.5,1941.5,436.31812440405,1.3316278524300174e-06
AMD,AMD CPU,CPU,CPU package RAPL,4,512,8T,8,0.0003301017088399,0.0581301873151495,176.0799959374507,813.1901435572142,4.617832289868472,1.9186942571495283e-05,85.5,2068.5,813.1915766668511,0.0001762330308796578
AMD,AMD CPU,CPU,CPU package RAPL,4,512,10T,10,0.0005249444154488,0.0830061122129436,158.09768704184245,511.35977086355274,3.233923970699369,4.3579991421359136e-05,76.0,2159.0,511.35978231288095,2.2389966547464724e-06
AMD,AMD CPU,CPU,CPU package RAPL,4,512,16T,16,0.0003125081148564,0.0663010816167291,212.14487167008477,858.9711538317916,4.048734190367542,2.07185034281708e-05,77.0,2375.5,858.971164966466,1.2962803497273967e-06
AMD,AMD CPU,CPU,CPU package RAPL,4,512,20T,20,0.0003196018548129,0.0731238137192197,228.6373169222724,839.9058139294791,3.670971771668482,2.331846387789883e-05,74.0,2486.5,839.9062486540593,5.175872972440487e-05
AMD,AMD CPU,CPU,CPU package RAPL,4,512,32T,32,0.0003952408116385,0.0925315976263399,234.11449311021687,679.1693774921192,2.9010139550815186,3.657228116206432e-05,68.0,2932.0,679.1697349886731,5.2637319303272534e-05
AMD,AMD CPU,CPU,CPU package RAPL,4,512,64T,64,0.0004422077157802,0.1154299060592851,261.0701591575361,607.0347631234599,2.3255278043987215,5.1051387770909807e-05,73.5,4064.5,607.0362478801123,0.00024459170093749094
AMD,AMD CPU,CPU,CPU package RAPL,4,1024,1T,1,0.0177514122807017,1.3303673684210526,74.98864705240436,120.97536883499794,1.6142034891826478,0.0236213137856268,74.0,1795.0,120.9753707258711,1.563023266371033e-06
AMD,AMD CPU,CPU,CPU package RAPL,4,1024,2T,2,0.0088844469026548,0.8344052654867256,93.97607763030504,241.71269990462784,2.5736698182834803,0.0074086114621068,79.0,1850.0,241.7127145949788,6.077608238896914e-06
AMD,AMD CPU,CPU,CPU package RAPL,4,1024,4T,4,0.0047723761904761,0.5946855642857143,124.59204416952416,449.98205553987634,3.611124562237146,0.0028366311870127,89.0,1935.5,449.9820608626693,1.182890052575658e-06
AMD,AMD CPU,CPU,CPU package RAPL,4,1024,8T,8,0.0033703571428571,0.5376486827242525,159.51873540698864,637.1679786372869,3.9942135394413203,0.0018121275295949,78.0,2057.0,637.168115690249,2.150970650482975e-05
AMD,AMD CPU,CPU,CPU package RAPL,4,1024,10T,10,0.0031541116352201,0.5476240157232704,173.57978609945533,680.8521372611926,3.9214563027586125,0.0017270787166606,79.5,2120.0,680.8521408184868,5.224767507527872e-07
AMD,AMD CPU,CPU,CPU package RAPL,4,1024,16T,16,0.0018749255514705,0.4433394209558823,236.511590524279,1145.3700901967725,4.8438815645354065,0.0008314016702992,78.5,2358.5,1145.3701413265724,4.464041825080756e-06
AMD,AMD CPU,CPU,CPU package RAPL,4,1024,20T,20,0.0018446700367647,0.4707916341911764,255.31066293403543,1164.1559765162087,4.56143119809126,0.0008683165917097,78.0,2514.5,1164.1559824262133,5.076643327939223e-07
AMD,AMD CPU,CPU,CPU package RAPL,4,1024,32T,32,0.001594576433121,0.4573614785031847,286.7336435881711,1346.7423720773404,4.695374990976742,0.0007291907057415,74.5,2945.0,1346.742405180821,2.458041059583138e-06
AMD,AMD CPU,CPU,CPU package RAPL,4,1024,64T,64,0.0017681848591549,0.5076336338028169,287.2095490504166,1214.5130849194043,4.23038093814359,0.0008974896139561,78.0,4081.0,1214.5131173039365,2.6664621843863756e-06
AMD,AMD CPU,CPU,CPU package RAPL,4,2048,1T,1,0.1398950625,10.7898253125,76.8192546720284,122.80540054085182,1.592228667881874,1.512888707431344,74.0,1834.5,122.8054194795684,1.542172940460773e-05
AMD,AMD CPU,CPU,CPU package RAPL,4,2048,2T,2,0.0725039642857142,7.053141785714286,97.67261943949018,236.95075646208534,2.435775390025023,0.5105055123740255,81.5,1834.0,236.95076002673784,1.504385371831063e-06
AMD,AMD CPU,CPU,CPU package RAPL,4,2048,4T,4,0.0372443392857142,4.725381625000001,126.8339181779092,461.2746396763086,3.635657508191203,0.1759825403642366,86.0,1904.0,461.27465655772,3.6597310959507467e-06
AMD,AMD CPU,CPU,CPU package RAPL,4,2048,8T,8,0.0224871111111111,3.888384322222222,172.7708116294098,763.9873836666934,4.418253896822025,0.0874272431399935,85.0,2085.5,763.9874517135001,8.90679718867915e-06
AMD,AMD CPU,CPU,CPU package RAPL,4,2048,10T,10,0.0208219897959183,3.892423857142857,186.90711008107587,825.0829700900027,4.413668658533626,0.0810397479779317,81.0,2134.0,825.0829707797711,8.359988257211626e-08
AMD,AMD CPU,CPU,CPU package RAPL,4,2048,16T,16,0.011919994117647,3.152006617647059,264.3618090208613,1441.2649045326289,5.450454668405677,0.0375746467188665,88.0,2327.5,1441.264938918694,2.3858254705189097e-06
AMD,AMD CPU,CPU,CPU package RAPL,4,2048,20T,20,0.0118416176470588,3.330848594117647,281.0878552654701,1450.8042478695556,5.157805495674596,0.0394151265340926,81.5,2498.5,1450.8042531111018,3.6128555702674703e-07
AMD,AMD CPU,CPU,CPU package RAPL,4,2048,32T,32,0.0083889083333333,2.407646475,287.02357438389595,2047.9266790573745,7.135544758081645,0.0201974436923154,72.0,2872.0,2047.9267559014172,3.7522848606030834e-06
AMD,AMD CPU,CPU,CPU package RAPL,4,2048,64T,64,0.0082813305785123,1.999129326446281,241.25185126406083,2074.5300554209102,8.593675735095893,0.0165557735243469,66.5,3648.5,2074.5300555221243,4.878897286175743e-09
AMD,AMD CPU,CPU,CPU package RAPL,4,4096,1T,1,1.1100005,87.810965,79.16554967143679,123.81882122755802,1.5651684669676504,97.4628664499065,77.0,1795.0,123.81882127843312,4.108833273619439e-08
AMD,AMD CPU,CPU,CPU package RAPL,4,4096,2T,2,0.55553375,54.0818325,97.38472988643043,247.39982669279766,2.5413146544544323,30.032487219518003,77.0,1834.5,247.3999250338734,3.974985636201467e-05
AMD,AMD CPU,CPU,CPU package RAPL,4,4096,4T,4,0.2923846249999999,37.385332875,127.91134183445536,470.06217742126506,3.6762800516324146,10.92750854173256,85.5,1904.5,470.0621780715514,1.3834049461536324e-07
AMD,AMD CPU,CPU,CPU package RAPL,4,4096,8T,8,0.1508652142857143,28.358061142857142,187.9541509226259,911.0049266341335,4.846556779027831,4.277463422642796,85.0,2051.0,911.0064631561024,0.0001686623116947672
AMD,AMD CPU,CPU,CPU package RAPL,4,4096,10T,10,0.1348535,27.9880708125,207.50606432171915,1019.1723127097184,4.910626187590506,3.7731464478244217,87.0,2114.0,1019.1763605357808,0.00039716797757272104
AMD,AMD CPU,CPU,CPU package RAPL,4,4096,16T,16,0.0817611923076923,23.24454603846154,284.2084510450943,1680.980298755616,5.912739842050988,1.9005831394031245,85.5,2364.0,1680.9812617723474,5.7288995702897694e-05
AMD,AMD CPU,CPU,CPU package RAPL,4,4096,20T,20,0.0781272692307692,22.30806157692308,285.3538485635744,1759.16750739154,6.160954549909251,1.7428679881767517,78.5,2506.5,1759.1675843990504,4.3774973201848866e-06
AMD,AMD CPU,CPU,CPU package RAPL,4,4096,32T,32,0.0533256052631578,15.031359684210525,281.9093292532257,2577.3538395626124,9.143481119433977,0.8015616687652174,72.0,2778.0,2577.3542835057297,1.7224764037315765e-05
AMD,AMD CPU,CPU,CPU package RAPL,4,4096,64T,64,0.0570593333333333,13.94568188888889,244.30730240063303,2408.7024057764443,9.855305360256596,0.7955361337190447,67.0,3572.5,2408.7024671911604,2.5497012723363355e-06
AMD,AMD CPU,CPU,CPU package RAPL,4,8192,1T,1,8.871906,679.8389265000001,76.67022856275251,123.93183919847664,1.6173119615797695,6025.711370283749,73.5,1823.0,123.93184206379536,2.312011782024115e-06
AMD,AMD CPU,CPU,CPU package RAPL,4,8192,2T,2,4.436914,429.586259,96.69468723701944,247.80999311142835,2.5594664744060167,1905.873135880947,74.0,1875.0,247.810036614072,1.7554838316335974e-05
AMD,AMD CPU,CPU,CPU package RAPL,4,8192,4T,4,2.3688865000000003,302.0253735,127.48907289949202,464.1470276334471,3.640461114357334,715.5070240319455,88.0,1904.0,464.1470283565337,1.5578827117224137e-07
AMD,AMD CPU,CPU,CPU package RAPL,4,8192,8T,8,1.1863905,224.864943,189.52690748321857,926.7704248946701,4.889653376409146,266.7774840746415,86.0,2066.0,926.7706924892724,2.887388237393651e-05
AMD,AMD CPU,CPU,CPU package RAPL,4,8192,10T,10,1.053657,220.711906,209.55778961647349,1043.5195018644586,4.981659792181759,232.6082650293445,86.0,2115.0,1043.5197841335275,2.7049716710969562e-05
AMD,AMD CPU,CPU,CPU package RAPL,4,8192,16T,16,0.64333725,181.54550125,282.2333352036178,1709.0750267857177,6.056396992519802,116.79498325817136,91.5,2326.5,1709.0750303186514,2.0671613309986014e-07
AMD,AMD CPU,CPU,CPU package RAPL,4,8192,20T,20,0.5722885,162.3445135,283.70019557858825,1921.2541013422426,6.772705797513755,92.901267113981,79.5,2518.0,1921.254289300268,9.783090404447137e-06
AMD,AMD CPU,CPU,CPU package RAPL,4,8192,32T,32,0.4537831666666667,129.0440035,284.35880392162824,2422.9890144507344,8.52043952415038,58.55460293483189,79.5,2961.5,2422.989131725844,4.840100742420361e-06
AMD,AMD CPU,CPU,CPU package RAPL,4,8192,64T,64,0.4803816666666667,116.24781333333334,241.8920073747248,2288.8292873569276,9.458342451769129,55.82766280139056,69.5,3650.0,2288.8293925809803,4.597287062146904e-06
AMD,AMD CPU,CPU,CPU package RAPL,4,16384,1T,1,74.36705900000001,5584.243591500001,75.09691033099803,118.27942560170355,1.5751628449011221,415247.7538783041,70.0,1823.0,118.27945327296584,2.339482301216833e-05
AMD,AMD CPU,CPU,CPU package RAPL,4,16384,2T,2,37.8563545,3609.9877035,95.37907232727486,232.35446567386725,2.4365991645012817,136657.243042061,74.0,1834.5,232.35446662928197,4.1118843885357137e-07
AMD,AMD CPU,CPU,CPU package RAPL,4,16384,4T,4,19.7882925,2473.472648,125.02801339979962,444.50995568253296,3.5561715345105367,48951.98625556179,84.0,1906.0,444.5099557515091,1.5517342966120395e-08
AMD,AMD CPU,CPU,CPU package RAPL,4,16384,8T,8,9.7960915,1819.758835,185.76888008273076,897.9186262406798,4.833658643678463,17826.52313792961,86.0,1919.5,897.9186499702682,2.642732610524945e-06
AMD,AMD CPU,CPU,CPU package RAPL,4,16384,10T,10,8.358208,1755.843966,210.20582926555136,1052.3898211444368,5.009609733287656,14672.88245997976,88.0,1967.0,1052.389835819656,1.3944660759435124e-06
AMD,AMD CPU,CPU,CPU package RAPL,4,16384,16T,16,5.235291999999999,1480.6096795,282.9267226159769,1680.1532793601582,5.940858785401449,7744.521349039651,89.0,2110.0,1680.153280199307,4.99447594393132e-08
AMD,AMD CPU,CPU,CPU package RAPL,4,16384,20T,20,4.406992000000001,1254.5970685,284.6857128264578,1995.9403198844016,7.011090048795216,5529.130073821558,85.0,2467.5,1995.9406576836727,1.6924317214339624e-05
AMD,AMD CPU,CPU,CPU package RAPL,4,16384,32T,32,3.374387,961.9550135,285.0619679590152,2606.723242535015,9.143975444552325,3246.0084877849185,84.0,2706.5,2606.723243857321,5.072675612893818e-08
AMD,AMD CPU,CPU,CPU package RAPL,4,16384,64T,64,3.67175,921.1224775,250.60917268773017,2395.6132694785865,9.549319701850399,3382.1318630827923,76.0,3937.0,2395.6134903910806,9.221542440762676e-06
AMD,AMD CPU,CPU,CPU package RAPL,5,64,1T,1,6.157908422277804e-06,0.0004443842927366,72.12491155216588,85.14059710651988,1.1798076767550407,2.735772846772198e-09,72.0,1822.0,85.1406288148712,3.724234078905653e-05
AMD,AMD CPU,CPU,CPU package RAPL,5,64,2T,2,6.175330584651958e-06,0.0004483032649877,72.49744509570307,84.90039404579485,1.1694940477722926,2.768422181399045e-09,73.0,1825.5,84.9004195289152,3.0015314567144458e-05
AMD,AMD CPU,CPU,CPU package RAPL,5,64,4T,4,6.149570334621919e-06,0.0004425503748799,72.00302829076102,85.25603765327675,1.1846967707174172,2.7210816531893446e-09,71.0,1822.5,85.25603766019617,8.11604117245679e-09
AMD,AMD CPU,CPU,CPU package RAPL,5,64,8T,8,6.156317141884152e-06,0.000443742992477,72.08077002457784,85.16260418636274,1.1815127424849978,2.7318223955194684e-09,72.5,1795.0,85.16261251848897,9.783785159811487e-06
AMD,AMD CPU,CPU,CPU package RAPL,5,64,10T,10,6.155253263097004e-06,0.0004426540655634,71.90340680001172,85.17732375746395,1.1844192582591515,2.7242569557307595e-09,71.0,1809.0,85.17732497327637,1.4273897841476924e-06
AMD,AMD CPU,CPU,CPU package RAPL,5,64,16T,16,6.177724090937248e-06,0.0004465363408288,72.28168887112209,84.86750011531483,1.174121682967366,2.758578397991428e-09,74.0,1795.0,84.86750088544316,9.074478946047293e-07
AMD,AMD CPU,CPU,CPU package RAPL,5,64,20T,20,6.145887099257799e-06,0.0004418442548735,71.88288325834057,85.30713166913121,1.1865900579608162,2.716481390584257e-09,71.5,1809.0,85.30713340899234,2.039526014741e-06
AMD,AMD CPU,CPU,CPU package RAPL,5,64,32T,32,6.131844738927696e-06,0.0004400278643001,71.74515196635573,85.50249106465222,1.1914881818539438,2.69820956339599e-09,70.0,1795.0,85.50252109442565,3.512151873774627e-05
AMD,AMD CPU,CPU,CPU package RAPL,5,64,64T,64,6.16892163261208e-06,0.0004432041455394,71.7842740578111,84.98859788205851,1.182949223911065,2.73409574551516e-09,74.0,1810.0,84.98869895088151,0.00011892044993189188
AMD,AMD CPU,CPU,CPU package RAPL,5,128,1T,1,4.032161609683755e-05,0.002961438454447,73.45790845556103,104.02122747081464,1.41630632022816,1.194125570661018e-07,74.0,1795.0,104.02122915488324,1.61896629435887e-06
AMD,AMD CPU,CPU,CPU package RAPL,5,128,2T,2,2.322231435415515e-05,0.0020957639349548,90.2567949822208,180.61524514887626,2.0013246387363086,4.8628086453789555e-08,73.0,1850.5,180.6152521147273,3.856734820395502e-06
AMD,AMD CPU,CPU,CPU package RAPL,5,128,4T,4,1.3249158205720332e-05,0.0015010768387238,113.28919338238283,316.5713575817297,2.7941967338367255,1.9889798747875138e-08,79.0,1922.0,316.5714740807326,3.680023479279981e-05
AMD,AMD CPU,CPU,CPU package RAPL,5,128,8T,8,1.7883003396763944e-05,0.0021234113280251,118.713251364335,234.5413634914921,1.9752668475687911,3.7972984542605766e-08,74.0,2105.0,234.54142185919704,2.488588968230232e-05
AMD,AMD CPU,CPU,CPU package RAPL,5,128,10T,10,1.0905243519245875e-05,0.0014858027679584,136.17975119645786,384.61351116073445,2.822921110695786,1.6200226551131472e-08,73.5,2078.5,384.6135159898549,1.2555774198119707e-06
AMD,AMD CPU,CPU,CPU package RAPL,5,128,16T,16,1.0790625605268256e-05,0.0014729700755374,136.48134467996977,388.6988719126938,2.8475147388651094,1.5891561051513758e-08,72.0,2059.5,388.6988728789912,2.4859794223175413e-07
AMD,AMD CPU,CPU,CPU package RAPL,5,128,20T,20,1.7336345923000644e-05,0.0020882073119813,120.20253659361536,241.93702748139634,2.0085668582495417,3.619314223407837e-08,70.0,2063.0,241.93702766564485,7.615557073847867e-08
AMD,AMD CPU,CPU,CPU package RAPL,5,128,32T,32,1.718930450129367e-05,0.0020618109525196,119.86773989529289,244.00661467625613,2.0342815595554113,3.544819335255397e-08,68.0,2063.0,244.00666443117615,2.0390807886627726e-05
AMD,AMD CPU,CPU,CPU package RAPL,5,128,64T,64,1.7213043849901702e-05,0.002052464971365,119.21446150074196,243.67009324872848,2.043544741818693,3.532916958074702e-08,63.0,2102.0,243.6700934508653,8.295510944833495e-08
AMD,AMD CPU,CPU,CPU package RAPL,5,256,1T,1,0.0002868261612995,0.0213879632373895,74.55933083806283,116.98525632382227,1.5688465342666016,6.136501642705428e-06,73.5,1827.5,116.98526544265492,7.79485631596799e-06
AMD,AMD CPU,CPU,CPU package RAPL,5,256,2T,2,0.0001572036058439,0.014826411330432,94.28764673507128,213.4456892376812,2.26315264376402,2.325580677225865e-06,77.0,1835.0,213.44585154480157,7.60414140765775e-05
AMD,AMD CPU,CPU,CPU package RAPL,5,256,4T,4,8.665355384748251e-05,0.0103382299421366,119.3686556380722,387.22511091765034,3.2456650884924416,8.953267011871592e-07,82.0,1934.5,387.2271165574022,0.0005179518825837448
AMD,AMD CPU,CPU,CPU package RAPL,5,256,8T,8,8.999734329971182e-05,0.0121309941912824,134.7831541199007,372.8380279877378,2.7660084137302574,1.0922987837054453e-06,73.0,2060.0,372.8380368994037,2.3902244850049215e-06
AMD,AMD CPU,CPU,CPU package RAPL,5,256,10T,10,9.572515395547136e-05,0.0136250246802463,142.36636406071233,350.5288904064712,2.462706144572902,1.306046635113485e-06,69.0,2132.0,350.5291791380096,8.237025430624101e-05
AMD,AMD CPU,CPU,CPU package RAPL,5,256,16T,16,7.280384255594732e-05,0.0125795238180902,172.7819282688329,460.8882007047161,2.667384909414971,9.148003168833507e-07,71.0,2381.5,460.8882079666505,1.5756390414622956e-06
AMD,AMD CPU,CPU,CPU package RAPL,5,256,20T,20,9.266828419703352e-05,0.0175659219923091,189.6177538241792,362.0918666051458,1.9102004446274532,1.6278136209304078e-06,68.0,2527.0,362.0920100322461,3.961069372504511e-05
AMD,AMD CPU,CPU,CPU package RAPL,5,256,32T,32,7.563195953540653e-05,0.0163901396028475,216.6345945962235,443.65414047340323,2.047232837124249,1.2399329005039085e-06,63.0,2956.5,443.6549430327181,0.00018089751490091288
AMD,AMD CPU,CPU,CPU package RAPL,5,256,64T,64,7.319476956839794e-05,0.0158468404901243,216.440661000166,458.4266361907808,2.117420947154167,1.1594733101642677e-06,64.5,2944.0,458.4266729934129,8.02803092891935e-06
AMD,AMD CPU,CPU,CPU package RAPL,5,512,1T,1,0.0022093395604395,0.1662698296703296,75.33608745718931,121.50031656817868,1.6144567931069553,0.0003673237456434,76.5,1823.5,121.50031814448184,1.2973654817116653e-06
AMD,AMD CPU,CPU,CPU package RAPL,5,512,2T,2,0.0011369824063564,0.10685366969353,94.37094143649732,236.09464359280142,2.512178166364405,0.0001216182682213,80.0,1834.0,236.0946553466964,4.978467460503566e-06
AMD,AMD CPU,CPU,CPU package RAPL,5,512,4T,4,0.0005983290496114,0.0745290830842797,124.4835296511078,448.6418571425576,3.601754441235312,4.4644044288412816e-05,87.0,1904.0,448.64187390696486,3.73670154818484e-06
AMD,AMD CPU,CPU,CPU package RAPL,5,512,8T,8,0.0005380061629153,0.0785910509110396,145.930346255298,498.9449461794746,3.4155982505419478,4.229947992807951e-05,74.0,2070.0,498.94494830336623,4.2567656066694326e-07
AMD,AMD CPU,CPU,CPU package RAPL,5,512,10T,10,0.0005055904522613,0.0809202663316582,160.10291240163968,530.9345831184066,3.3172833972122104,4.091005994255638e-05,73.0,2160.5,530.934606691075,4.439844225601064e-06
AMD,AMD CPU,CPU,CPU package RAPL,5,512,16T,16,0.0003268417207792,0.0676380974025974,206.99490834316776,821.3010730699931,3.9687020526643573,2.209972125114337e-05,74.5,2344.5,821.3011386679344,7.987076044990715e-06
AMD,AMD CPU,CPU,CPU package RAPL,5,512,20T,20,0.0003318156415343,0.0750867547949735,226.1543675477474,808.9897593698929,3.5750040967008174,2.490591863144284e-05,74.0,2487.5,808.98976068761,1.6288426163413305e-07
AMD,AMD CPU,CPU,CPU package RAPL,5,512,32T,32,0.0003861949054419,0.0903918367425704,234.13944842184617,695.077672484688,2.969686928306207,3.489549235323354e-05,67.0,2960.0,695.077673287159,1.1545053801853555e-07
AMD,AMD CPU,CPU,CPU package RAPL,5,512,64T,64,0.0004284104289318,0.1123496362489487,261.8858053642696,626.5847838235821,2.3892863827808952,4.8152535506441513e-05,71.0,4089.0,626.5847886055435,7.631786536066443e-07
AMD,AMD CPU,CPU,CPU package RAPL,5,1024,1T,1,0.0175293421052631,1.342664245614035,76.50026800923618,122.50794325904727,1.5994197022934058,0.0235652416588521,78.5,1813.0,122.50798263973236,3.214541364204848e-05
AMD,AMD CPU,CPU,CPU package RAPL,5,1024,2T,2,0.0087787608695652,0.8398591652173912,95.525165135422,244.62263865109267,2.5569568529315743,0.0073723001646177,77.0,1850.0,244.62264132249547,1.0920505166822636e-06
AMD,AMD CPU,CPU,CPU package RAPL,5,1024,4T,4,0.0047198286384976,0.5886371995305164,124.48315771999788,454.9918678156883,3.6482295881279403,0.0027772839314971,86.0,1934.0,454.9922144619653,7.61873566457183e-05
AMD,AMD CPU,CPU,CPU package RAPL,5,1024,8T,8,0.0033780401337792,0.5397593010033446,159.91983098924544,635.7188082302301,3.9785949848536157,0.0018245254341948,83.0,2044.0,635.7190747618463,4.1926023386373856e-05
AMD,AMD CPU,CPU,CPU package RAPL,5,1024,10T,10,0.0031870857142857,0.5488203777777778,172.12154552199615,673.8079363144146,3.912908002241737,0.0017479272045102,80.5,2119.5,673.8080565019161,1.7837056365266335e-05
AMD,AMD CPU,CPU,CPU package RAPL,5,1024,16T,16,0.0018773803738317,0.4434588682242991,236.19859088495195,1143.872428801961,4.842576847316118,0.0008324638580854,80.0,2337.5,1143.8728838516777,3.978150930894486e-05
AMD,AMD CPU,CPU,CPU package RAPL,5,1024,20T,20,0.0018693526119402,0.4765028712686567,254.7298177586536,1148.7846831482093,4.506759093145588,0.0008907627974542,79.0,2512.0,1148.7847840826253,8.786190952569939e-06
AMD,AMD CPU,CPU,CPU package RAPL,5,1024,32T,32,0.0016241653160453,0.4598204902755267,282.89777238475915,1322.2075528794903,4.67026523048857,0.0007462383184418,73.0,2946.5,1322.207594128611,3.1197159966467325e-06
AMD,AMD CPU,CPU,CPU package RAPL,5,1024,64T,64,0.0018221914700544,0.5239679591651543,287.4791736583336,1178.5170127790625,4.0985018462228435,0.0009546252455917,79.0,4085.0,1178.517058380504,3.86939187357882e-06
AMD,AMD CPU,CPU,CPU package RAPL,5,2048,1T,1,0.1382499999999999,10.756479875,77.85510923841181,124.26668487522613,1.5971646285444288,1.485720688701922,76.0,1810.0,124.26669211736755,5.827902649357952e-06
AMD,AMD CPU,CPU,CPU package RAPL,5,2048,2T,2,0.0700258,6.751928966666666,96.5191185659321,245.33627868585577,2.544438673572341,0.4728659989783711,78.5,1834.0,245.33631426398784,1.4501781908649036e-05
AMD,AMD CPU,CPU,CPU package RAPL,5,2048,4T,4,0.0373264814814814,4.733061555555556,126.83831453583952,460.25953966551504,3.629758240484887,0.1767996108144279,87.0,1902.0,460.2595634291095,5.163085692316827e-06
AMD,AMD CPU,CPU,CPU package RAPL,5,2048,8T,8,0.022563804347826,3.888708282608696,172.4355407160935,761.3906289546098,4.41788582106629,0.0877128858109503,85.5,2051.0,761.3923335099139,0.00022387395368639318
AMD,AMD CPU,CPU,CPU package RAPL,5,2048,10T,10,0.0204681,3.85464151,188.2727710707631,839.348507384662,4.456930466667443,0.0788750107365692,83.0,2151.0,839.3485105654033,3.789536018317108e-07
AMD,AMD CPU,CPU,CPU package RAPL,5,2048,16T,16,0.0119312705882352,3.1386437470588238,263.0090360040997,1439.902737679939,5.4736601438436585,0.0374373252083746,88.0,2361.0,1439.9029650493594,1.579060961987011e-05
AMD,AMD CPU,CPU,CPU package RAPL,5,2048,20T,20,0.0121183795180722,3.329897825301205,274.7684254883029,1417.6705027581927,5.159278177685827,0.0403512557251056,80.5,2509.5,1417.670512295756,6.727630452729727e-07
AMD,AMD CPU,CPU,CPU package RAPL,5,2048,32T,32,0.0093411527777777,2.681157166666667,287.0121937421237,1839.1594263258762,6.407632270717935,0.0250430877530004,69.0,2917.0,1839.159426402209,4.1504133463377e-09
AMD,AMD CPU,CPU,CPU package RAPL,5,2048,64T,64,0.0084559873949579,2.034774886554622,240.48459505825045,2031.6810304428718,8.443130145511956,0.0172098362740842,68.0,3648.0,2031.6810312860712,4.1502556946682034e-08
AMD,AMD CPU,CPU,CPU package RAPL,5,4096,1T,1,1.0793305,82.69162349999999,76.59540108181868,127.33722754244414,1.6620662124501646,89.4286073386375,74.0,1826.5,127.3372333499328,4.560715494150713e-06
AMD,AMD CPU,CPU,CPU package RAPL,5,4096,2T,2,0.54503525,53.074278,97.3866268214806,252.16525623250973,2.589558608258411,28.925973444742624,78.5,1834.0,252.1652601288302,1.5451456336634806e-06
AMD,AMD CPU,CPU,CPU package RAPL,5,4096,4T,4,0.288137125,37.126734375,128.72348080934327,476.99147922018034,3.701886411117999,10.696212881816688,89.0,1903.0,476.9917019064956,4.6685596077900016e-05
AMD,AMD CPU,CPU,CPU package RAPL,5,4096,8T,8,0.1496757142857142,28.26254707142857,188.79258326593893,918.2448477222191,4.862935853751873,4.228686387541673,88.0,2051.5,918.2451860784138,3.68481451795688e-05
AMD,AMD CPU,CPU,CPU package RAPL,5,4096,10T,10,0.13348125,27.736656125000003,207.8775646389045,1029.6498832008242,4.9551378094247465,3.7015580281368754,82.5,2116.5,1029.6499607191429,7.528609469176217e-06
AMD,AMD CPU,CPU,CPU package RAPL,5,4096,16T,16,0.0809250384615384,23.07890219230769,285.2234055368704,1698.3489422414204,5.955177257859737,1.8680823838771743,87.0,2358.5,1698.348942241803,2.2515322939398175e-11
AMD,AMD CPU,CPU,CPU package RAPL,5,4096,20T,20,0.0777574615384615,22.143375,284.6035521526509,1767.533954333347,6.206775320925559,1.7218126286753908,77.0,2528.0,1767.5339544440535,6.263323193422821e-09
AMD,AMD CPU,CPU,CPU package RAPL,5,4096,32T,32,0.0571756388888888,15.85737111111111,277.4396456586232,2403.802670908311,8.667196631079525,0.9066645067795912,68.0,2764.0,2403.80267789896,2.90816259962412e-07
AMD,AMD CPU,CPU,CPU package RAPL,5,4096,64T,64,0.0601754705882352,14.617362352941177,242.83385902379484,2283.9697326583173,9.40244554068578,0.8803752169699688,75.5,3611.5,2283.9697635646444,1.3531846088099542e-06
AMD,AMD CPU,CPU,CPU package RAPL,5,8192,1T,1,8.636634,662.151914,76.7162278420825,127.30788728293915,1.660512647519131,5715.155314407253,74.0,1827.0,127.3078909961562,2.916721930645849e-06
AMD,AMD CPU,CPU,CPU package RAPL,5,8192,2T,2,4.4424115,432.1053245,97.27409859287954,247.50332736532846,2.544545427780305,1919.4736365954384,78.5,1868.0,247.503357632096,1.2228832590999161e-05
AMD,AMD CPU,CPU,CPU package RAPL,5,8192,4T,4,2.317233,296.970024,128.18901839734772,474.49334088371785,3.7024330367296594,688.0043364032715,87.0,1903.0,474.4933414634944,1.221885481683671e-07
AMD,AMD CPU,CPU,CPU package RAPL,5,8192,8T,8,1.173504,222.8152295,189.78898022170085,936.9474904013961,4.9346340923074115,261.474572948196,85.0,2049.5,936.9475635984876,7.812293878473042e-06
AMD,AMD CPU,CPU,CPU package RAPL,5,8192,10T,10,1.0192455,216.3438235,212.3951001523363,1078.7505343668429,5.082241822244581,220.52848645670247,86.0,2115.0,1078.7505777928664,4.025585353950589e-06
AMD,AMD CPU,CPU,CPU package RAPL,5,8192,16T,16,0.6467700000000001,182.39487975,282.0395830386493,1700.004062921904,6.028193495799051,117.96753828631138,88.0,2359.5,1700.0041162015357,3.1340884776298594e-06
AMD,AMD CPU,CPU,CPU package RAPL,5,8192,20T,20,0.5763205,163.711928,284.0201297076975,1907.8128016893377,6.716136332937206,94.35053892291998,85.0,2498.5,1907.8128172208703,8.141014973261917e-07
AMD,AMD CPU,CPU,CPU package RAPL,5,8192,32T,32,0.4591805,129.8749515,282.8436820236875,2394.508538093408,8.465925223279102,59.647103468732894,74.0,2879.5,2394.5086826787874,6.038206890046638e-06
AMD,AMD CPU,CPU,CPU package RAPL,5,8192,64T,64,0.4793509999999999,116.35490383333334,242.40611421162876,2293.7505664450478,9.449637200946334,55.79560137784267,70.0,3683.0,2293.7505934377027,1.1767911978211032e-06
AMD,AMD CPU,CPU,CPU package RAPL,5,16384,1T,1,72.41287,5428.9816470000005,74.75068955526254,121.47140449215728,1.6202104914222044,394578.2650838259,69.0,1809.0,121.4714723735776,5.588263394251669e-05
AMD,AMD CPU,CPU,CPU package RAPL,5,16384,2T,2,36.8608895,3518.0176365,95.48444942577711,238.62942922763705,2.500298159664442,129679.07536801716,74.0,1835.0,238.62943511844023,2.468598769844732e-06
AMD,AMD CPU,CPU,CPU package RAPL,5,16384,4T,4,19.4060645,2438.4135095,125.63832300185808,453.26516472250205,3.6073016278570615,47307.89636381145,84.0,1885.5,453.2651695440734,1.0637418723646874e-06
AMD,AMD CPU,CPU,CPU package RAPL,5,16384,8T,8,9.8656945,1828.3413155,185.22199184660207,891.5837625225472,4.8109687986799745,18036.42854696376,85.0,2082.5,891.5838486601547,9.661190691900856e-06
AMD,AMD CPU,CPU,CPU package RAPL,5,16384,10T,10,8.3207405,1752.264675,210.5301644102877,1057.1286320259599,5.019842691406195,14575.997577054335,88.0,2111.0,1057.1286342715712,2.1242554382183698e-07
AMD,AMD CPU,CPU,CPU package RAPL,5,16384,16T,16,5.25245,1491.389311,283.9509105975333,1674.6647797138478,5.897918777700023,7834.172210930417,91.0,2230.0,1674.6649141171472,8.025683762014069e-06
AMD,AMD CPU,CPU,CPU package RAPL,5,16384,20T,20,4.422082,1260.1223335,284.93611159068854,1989.1293336957572,6.980348485513133,5572.364288028428,86.0,2484.5,1989.129335112116,7.120495304491214e-08
AMD,AMD CPU,CPU,CPU package RAPL,5,16384,32T,32,3.469416,988.003639,284.8981008936689,2535.323818823687,8.902895368999749,3429.1481304806184,83.0,2732.0,2535.3239466427467,5.041527972871052e-06
AMD,AMD CPU,CPU,CPU package RAPL,5,16384,64T,64,3.6836345,929.647938,252.54272262489076,2387.8843088824365,9.46174639093106,3423.972736461926,81.0,3666.0,2387.8843160986653,3.022017747156269e-07
3090,RTX 3090,GPU,GPU board NVML,1,64,gpu_resident,-1,5.266399936827144e-06,0.0009206785817693,174.8181105,99.55339630280123,0.569458234808132,4.848748744884246e-09,56.0,1965.0,99.55339632229892,1.9585155719425984e-08
3090,RTX 3090,GPU,GPU board NVML,1,128,gpu_resident,-1,5.1937753868660095e-06,0.0010043627799364,193.312501,807.5636098177316,4.176084661625553,5.220928062878346e-09,57.0,1950.0,807.563619477646,1.196179999496394e-06
3090,RTX 3090,GPU,GPU board NVML,1,256,gpu_resident,-1,7.281878877013135e-06,0.0021376285056935,293.52828250000005,4607.9360240283595,15.697036183148253,1.556734517057519e-08,61.5,1950.0,4607.936024038723,2.249089803285642e-10
3090,RTX 3090,GPU,GPU board NVML,1,512,gpu_resident,-1,2.2870950780696337e-05,0.0075070639873808,328.2856295,11736.960941150131,35.757715193480934,1.7166760354009117e-07,63.0,1815.0,11736.961075407353,1.1438840319399901e-06
3090,RTX 3090,GPU,GPU board NVML,1,1024,gpu_resident,-1,0.0001220956264775,0.0398911938534278,326.633788,17588.538672150902,53.83352666481977,4.871840744024166e-06,59.0,1575.0,17588.538711725414,2.250017061555809e-07
3090,RTX 3090,GPU,GPU board NVML,1,2048,gpu_resident,-1,0.0007633280182232,0.2573864844343204,337.199192,22506.535557268828,66.74736329593071,0.0001964649356715,61.0,1672.0,22506.535610737395,2.375690755229698e-07
3090,RTX 3090,GPU,GPU board NVML,1,4096,gpu_resident,-1,0.0055567777777777,1.7928916666666668,322.473992,24733.570239507655,76.65770109106796,0.0099681464562962,61.0,1672.0,24733.59616315498,0.0001048115863433452
3090,RTX 3090,GPU,GPU board NVML,1,8192,gpu_resident,-1,0.041750125,13.693625,327.8230615,26335.52900203293,80.29368613321891,0.572001785139757,60.5,1605.0,26335.52920516072,7.713070404591349e-07
3090,RTX 3090,GPU,GPU board NVML,1,16384,gpu_resident,-1,0.3327878333333333,114.07783333333332,342.809217,26431.534272460885,77.1060666668342,37.98328352122222,63.0,1597.0,26431.534382783462,4.1738998923790405e-07
3090,RTX 3090,GPU,GPU board NVML,2,64,gpu_resident,-1,5.2663084400027385e-06,0.0009366275794162,177.75053350000002,99.55512594316018,0.5597614372265107,4.935406381350505e-09,58.0,1950.0,99.55512610640272,1.639720137447398e-07
3090,RTX 3090,GPU,GPU board NVML,2,128,gpu_resident,-1,5.18906807248901e-06,0.0010086930828564,194.3847205,808.2961991262031,4.158156798421419,5.234266457310598e-09,58.0,1950.0,808.2962095173872,1.2855663644728565e-06
3090,RTX 3090,GPU,GPU board NVML,2,256,gpu_resident,-1,7.282653811704909e-06,0.0021720491964435,298.25167250000004,4607.445701465345,15.448283609294771,1.5818179191046823e-08,63.0,1950.0,4607.445703496804,4.409077547506968e-08
3090,RTX 3090,GPU,GPU board NVML,2,512,gpu_resident,-1,2.291826648056197e-05,0.0075459808251149,329.034089,11712.729504549236,35.57330216193766,1.7305756872265278e-07,64.0,1815.0,11712.729558536324,4.609266301969228e-07
3090,RTX 3090,GPU,GPU board NVML,2,1024,gpu_resident,-1,0.0001219558594218,0.0405251289432649,332.30662800000005,17608.695950988727,52.99140814595489,4.942081551515678e-06,62.0,1593.5,17608.696509013273,3.1690282176199958e-06
3090,RTX 3090,GPU,GPU board NVML,2,2048,gpu_resident,-1,0.0007663213740458,0.2585576335877863,337.40095,22418.621959216325,66.44502792514551,0.0001981382353583,64.0,1665.0,22418.62196491116,2.5402258074791462e-08
3090,RTX 3090,GPU,GPU board NVML,2,4096,gpu_resident,-1,0.0055515994475138,1.7959088397790053,323.44407950000004,24756.640815206858,76.52891417857963,0.0099717026841061,63.0,1680.0,24756.64081536005,6.187939050050772e-10
3090,RTX 3090,GPU,GPU board NVML,2,8192,gpu_resident,-1,0.0418021458333333,13.703958333333333,327.740274,26302.755656606565,80.23314147866037,0.5730101654036458,63.0,1605.0,26302.75600522116,1.3253919073363818e-06
3090,RTX 3090,GPU,GPU board NVML,2,16384,gpu_resident,-1,0.332657375,112.3175,337.5546245,26441.89993445358,78.3145371131658,37.3724433290625,62.0,1582.0,26441.903856982608,1.4834520345452518e-05
3090,RTX 3090,GPU,GPU board NVML,3,64,gpu_resident,-1,5.265313804667716e-06,0.0009229584664873,175.29308600000002,99.57393223841989,0.5680515635718633,4.859588271306211e-09,57.0,1950.0,99.57393224143136,3.024358541381389e-09
3090,RTX 3090,GPU,GPU board NVML,3,128,gpu_resident,-1,5.180780624707656e-06,0.0010143157840029,195.5519015,809.5891920219414,4.135106705574058,5.274751224002071e-09,60.0,1950.0,809.5891939781321,2.4162758460732903e-07
3090,RTX 3090,GPU,GPU board NVML,3,256,gpu_resident,-1,7.282969953831142e-06,0.0021686073608016,297.7877015,4607.245699585646,15.472801857315932,1.579265495036514e-08,63.0,1950.0,4607.2457016169865,4.40901093412549e-08
3090,RTX 3090,GPU,GPU board NVML,3,512,gpu_resident,-1,2.281510320678216e-05,0.0076243319203833,334.17926,11765.69106731909,35.207734763271546,1.7446198159411659e-07,66.0,1792.5,11765.691504941711,3.7194808122364975e-06
3090,RTX 3090,GPU,GPU board NVML,3,1024,gpu_resident,-1,0.0001225172497276,0.0411330347415567,335.7088415,17528.010568100657,52.20824725170102,5.039862339240915e-06,65.0,1575.0,17528.010642630616,4.252048935171615e-07
3090,RTX 3090,GPU,GPU board NVML,3,2048,gpu_resident,-1,0.0007656031866464,0.2575174506828528,336.358858,22439.6521378831,66.71341743421486,0.0001971587218874,63.0,1668.5,22439.652140548733,1.1879119909963265e-08
3090,RTX 3090,GPU,GPU board NVML,3,4096,gpu_resident,-1,0.0055629916666666,1.8130888888888888,325.87303,24705.942720628733,75.8037591616517,0.0100870261435648,65.0,1680.0,24705.94279928528,3.1837095182396524e-07
3090,RTX 3090,GPU,GPU board NVML,3,8192,gpu_resident,-1,0.041721375,13.5970625,325.632354,26353.67668913117,80.86390922862935,0.5680459060321179,61.0,1605.0,26353.67671604661,1.021316364813174e-07
3090,RTX 3090,GPU,GPU board NVML,3,16384,gpu_resident,-1,0.333162875,111.708625,335.252932,26401.780277013157,78.74139550288083,37.24682131112501,64.0,1597.0,26401.78042124876,5.463101526714809e-07
3090,RTX 3090,GPU,GPU board NVML,4,64,gpu_resident,-1,5.265390629524527e-06,0.0009341966020311,177.4047055,99.57247940165533,0.5612180550219408,4.919391837770915e-09,58.0,1950.0,99.57247940586151,4.224243177475273e-09
3090,RTX 3090,GPU,GPU board NVML,4,128,gpu_resident,-1,5.186626183838249e-06,0.0010128198496893,195.275198,808.6767488795765,4.141214255710604,5.247058943940629e-09,59.0,1950.0,808.6767648689453,1.9772262271899876e-06
3090,RTX 3090,GPU,GPU board NVML,4,256,gpu_resident,-1,7.282658879559572e-06,0.0021616795683107,296.822251,4607.442495237295,15.522389391977264,1.5742947946253712e-08,63.0,1950.0,4607.442495255722,3.999467423909664e-10
3090,RTX 3090,GPU,GPU board NVML,4,512,gpu_resident,-1,2.2847072797459968e-05,0.0075230361588889,329.3329935,11749.227499719062,35.68179792447602,1.7185056457694625e-07,62.0,1811.0,11749.227510288674,8.996006162220738e-08
3090,RTX 3090,GPU,GPU board NVML,4,1024,gpu_resident,-1,0.0001221521401243,0.0404943806791009,331.501936,17580.401340613073,53.031645674934694,4.94656256546926e-06,63.0,1575.0,17580.401363044977,1.2759608924994836e-07
3090,RTX 3090,GPU,GPU board NVML,4,2048,gpu_resident,-1,0.0007647087155963,0.2590519877675841,338.581104,22465.899542682186,66.31822952624248,0.0001981393248481,63.0,1672.0,22465.89956863947,1.1554082135489807e-07
3090,RTX 3090,GPU,GPU board NVML,4,4096,gpu_resident,-1,0.0055562472222222,1.8068722222222224,325.164138,24735.93200142592,76.06456714629638,0.0100404290886111,64.0,1680.0,24735.932006625266,2.101940843601824e-08
3090,RTX 3090,GPU,GPU board NVML,4,8192,gpu_resident,-1,0.041805375,13.599875,325.244533,26300.72395657257,80.84718629957996,0.5684647558940973,62.0,1605.0,26300.724021888786,2.4834378997695694e-07
3090,RTX 3090,GPU,GPU board NVML,4,16384,gpu_resident,-1,0.33255825,111.51975,335.95082449999995,26449.78142087288,78.8747555675833,37.1108144101875,62.0,1597.0,26449.781544652586,4.679800547080504e-07
3090,RTX 3090,GPU,GPU board NVML,5,64,gpu_resident,-1,5.265276790649924e-06,0.0009361078206849,177.707753,99.5746322265584,0.5600722357136239,4.93111656963096e-09,58.0,1950.0,99.574632322228,9.607827866631169e-08
3090,RTX 3090,GPU,GPU board NVML,5,128,gpu_resident,-1,5.183225422148554e-06,0.0010082849891225,194.488466,809.2073291038487,4.159839772731576,5.227245972809585e-09,59.0,1950.0,809.2073384426674,1.1540699507150975e-06
3090,RTX 3090,GPU,GPU board NVML,5,256,gpu_resident,-1,7.283292793055231e-06,0.0021610055931018,296.6286315,4607.04147882052,15.527230520416023,1.5738474010484184e-08,63.0,1950.0,4607.041479236235,9.023470859403915e-09
3090,RTX 3090,GPU,GPU board NVML,5,512,gpu_resident,-1,2.2875730590455152e-05,0.0069264347185788,302.798105,11734.50854120498,38.75521345490698,1.584405628733446e-07,64.0,1815.0,11734.508562651328,1.827630713435724e-07
3090,RTX 3090,GPU,GPU board NVML,5,1024,gpu_resident,-1,0.000122197205156,0.0406902180460185,333.009875,17573.91787527766,52.77641042796352,4.971667723074891e-06,65.0,1590.0,17573.917885951836,6.073872516054735e-08
3090,RTX 3090,GPU,GPU board NVML,5,2048,gpu_resident,-1,0.0007633897727272,0.2570708333333333,336.69583850000004,22504.714888470593,66.82932077994069,0.0001962723268092,63.0,1676.0,22504.71510788993,9.749927309954387e-07
3090,RTX 3090,GPU,GPU board NVML,5,4096,gpu_resident,-1,0.0055470552486187,1.798779005524862,324.218193,24776.921684027642,76.40680319809323,0.009979714305943,62.5,1680.0,24776.921697029586,5.2476023526537574e-08
3090,RTX 3090,GPU,GPU board NVML,5,8192,gpu_resident,-1,0.0417089166666666,13.750395833333332,328.7049165,26361.54845648916,79.96218007852502,0.5733642549149305,63.0,1605.0,26361.54862909701,6.547713038429492e-07
3090,RTX 3090,GPU,GPU board NVML,5,16384,gpu_resident,-1,0.332510375,111.2755,334.836341,26453.5896728275,79.04788585275286,36.979984387656245,64.0,1593.5,26453.59009740214,1.6049793050143535e-06
5060ti,RTX 5060 Ti,GPU,GPU board NVML,1,64,gpu_resident,-1,9.745628561687204e-06,0.0003328917247089,34.146522,53.797248343849574,1.5749505352182247,3.245336509715089e-09,48.0,2797.0,53.797249124316025,1.450755338083809e-06
5060ti,RTX 5060 Ti,GPU,GPU board NVML,1,128,gpu_resident,-1,9.768276010234174e-06,0.0004304749907228,44.1777745,429.38016857894354,9.743432465048544,4.194613587808226e-09,50.0,2790.0,429.38018786578016,4.491785610127863e-06
5060ti,RTX 5060 Ti,GPU,GPU board NVML,1,256,gpu_resident,-1,1.63740113641946e-05,0.001246295174311,76.1207115,2049.249341146434,26.923342633136794,2.0405119531043698e-08,56.0,2775.0,2049.24936267875,1.0507416492444577e-06
5060ti,RTX 5060 Ti,GPU,GPU board NVML,1,512,gpu_resident,-1,6.762039353573603e-05,0.0072855162620866,107.7417555,3969.741108621872,36.84508363489934,4.926480052392131e-07,62.0,2767.0,3969.741108685383,1.5998757874058356e-09
5060ti,RTX 5060 Ti,GPU,GPU board NVML,1,1024,gpu_resident,-1,0.000448285682722,0.0542160848431285,121.2467835,4790.435498542881,39.609714611699374,2.427526827634472e-05,63.0,2746.5,4790.436028747265,1.1067978755718855e-05
5060ti,RTX 5060 Ti,GPU,GPU board NVML,1,2048,gpu_resident,-1,0.0035088663194444,0.4697951388888889,133.89275600000002,4896.131006415852,36.568852595265376,0.0016483896543029,66.0,2745.0,4896.131006685477,5.5068838378247165e-09
5060ti,RTX 5060 Ti,GPU,GPU board NVML,1,4096,gpu_resident,-1,0.0279947222222222,3.880527777777778,138.61771800000002,4909.459446713174,35.41759300347175,0.1086332207415123,67.0,2745.0,4909.459446718003,9.836575998178887e-11
5060ti,RTX 5060 Ti,GPU,GPU board NVML,1,8192,gpu_resident,-1,0.2233311,30.8585,138.1795705,4923.235625383119,35.6307541771635,6.89137109238,66.5,2745.0,4923.235625392003,1.8045565042257294e-10
5060ti,RTX 5060 Ti,GPU,GPU board NVML,1,16384,gpu_resident,-1,1.791952,290.4395,162.070587,4908.665534683965,30.285457116569884,520.4941150425,70.0,2730.0,4908.665534738997,1.121103210266483e-09
5060ti,RTX 5060 Ti,GPU,GPU board NVML,2,64,gpu_resident,-1,9.841122870342216e-06,0.000328479789707,33.4394035,53.27522142620788,1.5961042853432734,3.235826667882598e-09,48.0,2797.0,53.275260749583175,7.381175384235661e-05
5060ti,RTX 5060 Ti,GPU,GPU board NVML,2,128,gpu_resident,-1,9.844514270493175e-06,0.0004243214979824,43.096408,426.054946415338,9.884731317982789,4.177338209321127e-09,51.0,2788.0,426.0549494704808,7.170771754161365e-07
5060ti,RTX 5060 Ti,GPU,GPU board NVML,2,256,gpu_resident,-1,1.6375423714936054e-05,0.0012476624035895,76.190404,2049.072597089194,26.89383915349582,2.04331027280577e-08,57.5,2775.0,2049.072604713824,3.7210150516386875e-07
5060ti,RTX 5060 Ti,GPU,GPU board NVML,2,512,gpu_resident,-1,6.927420554428668e-05,0.007332893847194,108.4053045,3874.96982305182,36.60702876569246,5.023348617311279e-07,65.0,2752.0,3874.9947865465097,0.0006442242347581839
5060ti,RTX 5060 Ti,GPU,GPU board NVML,2,1024,gpu_resident,-1,0.0004485868117229,0.0549960035523978,122.5963785,4787.219757424653,39.047994568441155,2.467088456244932e-05,67.0,2745.0,4787.219760015048,5.411064929461418e-08
5060ti,RTX 5060 Ti,GPU,GPU board NVML,2,2048,gpu_resident,-1,0.0035261443661971,0.4810404929577464,136.4336085,4872.140048686736,35.713977171375134,0.0016960620713772,69.0,2730.0,4872.140049779735,2.2433654933706748e-08
5060ti,RTX 5060 Ti,GPU,GPU board NVML,2,4096,gpu_resident,-1,0.0281308194444444,3.884069444444444,138.0705505,4885.707426455471,35.38529767241546,0.1092629191994598,69.0,2730.0,4885.707426456655,2.424727085781342e-11
5060ti,RTX 5060 Ti,GPU,GPU board NVML,2,8192,gpu_resident,-1,0.2237597,31.0421,138.825492,4913.805425087717,35.42001436036866,6.95401237284,68.0,2741.0,4913.818507235035,0.0002662325059077375
5060ti,RTX 5060 Ti,GPU,GPU board NVML,2,16384,gpu_resident,-1,1.7920859999999998,289.402,161.5944355,4908.298498067616,30.394029834652144,518.6584591789999,69.5,2730.0,4908.298498220447,3.113731494863714e-09
5060ti,RTX 5060 Ti,GPU,GPU board NVML,3,64,gpu_resident,-1,9.859147042353149e-06,0.00032838672915,33.318714,53.17782539886581,1.5965566006795497,3.2365547994416223e-09,47.0,2797.0,53.177825440264186,7.784894950901844e-08
5060ti,RTX 5060 Ti,GPU,GPU board NVML,3,128,gpu_resident,-1,9.852779058248905e-06,0.0004190262752675,42.5344305,425.6975595619858,10.009644376888824,4.134026292109671e-09,49.0,2790.0,425.6976174660466,1.3602159443237838e-05
5060ti,RTX 5060 Ti,GPU,GPU board NVML,3,256,gpu_resident,-1,1.6367679811345476e-05,0.0012450789335778,76.070106,2050.0420576862275,26.949642384181676,2.037885009344273e-08,56.0,2775.0,2050.042065574854,3.848031449038558e-07
5060ti,RTX 5060 Ti,GPU,GPU board NVML,3,512,gpu_resident,-1,6.766491508908686e-05,0.0074883421492204,107.767326,3967.129134006611,35.84711417438991,5.14127722968264e-07,65.0,2752.0,3967.129136735821,6.879559144579162e-08
5060ti,RTX 5060 Ti,GPU,GPU board NVML,3,1024,gpu_resident,-1,0.000450731635872,0.0567052726453357,125.814451,4764.439584644217,37.87096944990426,2.5557378381957127e-05,70.0,2730.0,4764.439584788139,3.0207614187816034e-09
5060ti,RTX 5060 Ti,GPU,GPU board NVML,3,2048,gpu_resident,-1,0.0035091747404844,0.4682439446366782,133.430855,4895.700685919255,36.689997555291995,0.0016431911006812,66.5,2745.0,4895.700685920405,2.3492319201068312e-11
5060ti,RTX 5060 Ti,GPU,GPU board NVML,3,4096,gpu_resident,-1,0.0281308472222222,3.938194444444444,139.997006,4885.702602068413,34.8989760182825,0.1107836521755401,71.0,2730.0,4885.7026020696,2.4291679778798425e-11
5060ti,RTX 5060 Ti,GPU,GPU board NVML,3,8192,gpu_resident,-1,0.2232954,30.8521,138.1712125,4924.022741964232,35.63814546743982,6.888820404279999,66.5,2745.0,4924.022742853031,1.8050250183421213e-08
5060ti,RTX 5060 Ti,GPU,GPU board NVML,3,16384,gpu_resident,-1,1.792207,292.225,163.058589,4907.967116637754,30.10041242949097,523.7102860605,72.0,2730.0,4907.967116712627,1.525535253676935e-09
5060ti,RTX 5060 Ti,GPU,GPU board NVML,4,64,gpu_resident,-1,9.824193706499364e-06,0.0003301833153612,33.572706,53.36702590189648,1.587869451932971,3.241224180560288e-09,47.0,2797.0,53.36702678614248,1.6569145167011357e-06
5060ti,RTX 5060 Ti,GPU,GPU board NVML,4,128,gpu_resident,-1,9.861121776885136e-06,0.0004277205107757,43.270138,425.33741037775405,9.806179255685791,4.239478810327265e-09,50.0,2790.0,425.3374273368029,3.987198970989425e-06
5060ti,RTX 5060 Ti,GPU,GPU board NVML,4,256,gpu_resident,-1,1.637376772672191e-05,0.0012573772639439,76.81147250000001,2049.279833452097,26.68604957493258,2.058282493894281e-08,57.5,2775.0,2049.279892342495,2.87371186846741e-06
5060ti,RTX 5060 Ti,GPU,GPU board NVML,4,512,gpu_resident,-1,6.762133198106828e-05,0.0072599729546991,107.359074,3969.6860167609975,36.974718456251566,4.909432765363728e-07,61.5,2767.0,3969.686016761989,2.4980018054066022e-11
5060ti,RTX 5060 Ti,GPU,GPU board NVML,4,1024,gpu_resident,-1,0.0004506816133393,0.0562879675529517,124.9045875,4764.96840438717,38.15173546601768,2.536605157483985e-05,69.0,2730.0,4764.968404387917,1.567634910770721e-11
5060ti,RTX 5060 Ti,GPU,GPU board NVML,4,2048,gpu_resident,-1,0.0035090719298245,0.4785807017543859,135.99648050000002,4895.8441227675885,35.89753853638867,0.0016793741206648,68.0,2745.0,4895.844127027383,8.700837828001795e-08
5060ti,RTX 5060 Ti,GPU,GPU board NVML,4,4096,gpu_resident,-1,0.0281295277777777,3.9108333333333336,139.044288,4885.931770976143,35.14313747419561,0.1100004412692901,69.0,2730.0,4885.931771147651,3.5102365458783424e-09
5060ti,RTX 5060 Ti,GPU,GPU board NVML,4,8192,gpu_resident,-1,0.2243722,31.0508,138.833802,4900.391527007357,35.41009016759633,6.95608433544,69.0,2731.5,4900.391527256547,5.0851101107696195e-09
5060ti,RTX 5060 Ti,GPU,GPU board NVML,4,16384,gpu_resident,-1,1.792015,291.865,162.881559,4908.492965855755,30.13753969200829,522.988512119,70.5,2730.0,4908.492971543295,1.1587142356717095e-07
5060ti,RTX 5060 Ti,GPU,GPU board NVML,5,64,gpu_resident,-1,9.817174014917796e-06,0.0003306468934275,33.6804705,53.40518556595945,1.5856432055514205,3.246018511873912e-09,49.0,2797.0,53.40521002444275,4.579795584991331e-05
5060ti,RTX 5060 Ti,GPU,GPU board NVML,5,128,gpu_resident,-1,9.77020933189866e-06,0.0004241905507189,43.2283795,429.29520315455864,9.887782726163215,4.166053960775269e-09,50.0,2790.0,429.2952145176977,2.6469289649000416e-06
5060ti,RTX 5060 Ti,GPU,GPU board NVML,5,256,gpu_resident,-1,1.637639603052435e-05,0.0012522025349621,76.48573200000001,2048.9509375235616,26.796329717552904,2.0500702187028035e-08,58.0,2775.0,2048.9509375235616,0.0
5060ti,RTX 5060 Ti,GPU,GPU board NVML,5,512,gpu_resident,-1,6.76209939148073e-05,0.007356186612576,108.7889735,3969.705862918696,36.49111559256636,4.998092197938138e-07,65.0,2767.0,3969.705863999201,2.7218760578762158e-08
5060ti,RTX 5060 Ti,GPU,GPU board NVML,5,1024,gpu_resident,-1,0.0004507165389815,0.056675304191077,125.7430215,4764.5991710283015,37.890994651919335,2.554486729758826e-05,70.0,2730.0,4764.59917104711,3.9475089863572066e-10
5060ti,RTX 5060 Ti,GPU,GPU board NVML,5,2048,gpu_resident,-1,0.00350928125,0.47328125,134.80837300000002,4895.552097455853,36.29949249838231,0.001661582233947,67.5,2745.0,4895.552102675105,1.0661211913287616e-07
5060ti,RTX 5060 Ti,GPU,GPU board NVML,5,4096,gpu_resident,-1,0.0279974189189189,3.7996891891891895,135.410504,4908.986570155843,36.17110416900386,0.1066217890398101,67.5,2745.0,4908.986570568697,8.410161456140486e-09
5060ti,RTX 5060 Ti,GPU,GPU board NVML,5,8192,gpu_resident,-1,0.2234366,31.1218,139.3447785,4920.911022527195,35.329307038024794,6.953095192819999,68.0,2741.0,4920.9118067991085,1.593753493622785e-05
5060ti,RTX 5060 Ti,GPU,GPU board NVML,5,16384,gpu_resident,-1,1.792203,291.9185,162.8796855,4907.97807068061,30.132016375145803,523.1862641074999,71.0,2730.0,4907.978071122207,8.997558254009164e-09
