platform,platform_label,device_kind,energy_domain,session_number,problem_size,configuration,num_threads,runtime_s,energy_j,power_w,throughput_gflops,efficiency_gflop_per_j,edp_j_s,temperature_c,clock_mhz,reported_throughput_gflops,throughput_normalization_delta_pct,policy,optimized_metric,selection_status,leader_configurations
3090,RTX 3090,GPU,GPU board NVML,1,64,gpu_resident,-1,5.217029646225186e-06,0.0008412728598968,161.274947,100.4954994609532,0.6232080279688508,4.3884049941422e-09,57.5,1965.0,100.49677,0.0012642745730984117,energy_opt,energy_j,single_configuration,gpu_resident
3090,RTX 3090,GPU,GPU board NVML,2,64,gpu_resident,-1,5.217261330258716e-06,0.0008383713225895,160.71482150000003,100.49103673593466,0.6253649020109819,4.3733747997053385e-09,57.0,1965.0,100.492252,0.0012093258312528832,energy_opt,energy_j,single_configuration,gpu_resident
3090,RTX 3090,GPU,GPU board NVML,3,64,gpu_resident,-1,5.224620282895767e-06,0.0008424448040085,161.272674,100.34949366873629,0.6223410691185296,4.4007040921198324e-09,57.0,1965.0,100.350511,0.0010137881383487368,energy_opt,energy_j,single_configuration,gpu_resident
3090,RTX 3090,GPU,GPU board NVML,4,64,gpu_resident,-1,5.215761141712569e-06,0.0008382078325822,160.70032500000002,100.51994057148345,0.6254868776218278,4.37204280930305e-09,56.5,1965.0,100.520949,0.001003212408234866,energy_opt,energy_j,single_configuration,gpu_resident
3090,RTX 3090,GPU,GPU board NVML,5,64,gpu_resident,-1,5.215406725472023e-06,0.0008423632879622,161.535514,100.5267714671954,0.6224012934708126,4.392692413771321e-09,59.0,1965.0,100.528114,0.001335497783339079,energy_opt,energy_j,single_configuration,gpu_resident
3090,RTX 3090,GPU,GPU board NVML,1,64,gpu_resident,-1,5.217029646225186e-06,0.0008412728598968,161.274947,100.4954994609532,0.6232080279688508,4.3884049941422e-09,57.5,1965.0,100.49677,0.0012642745730984117,runtime_opt,runtime_s,single_configuration,gpu_resident
3090,RTX 3090,GPU,GPU board NVML,2,64,gpu_resident,-1,5.217261330258716e-06,0.0008383713225895,160.71482150000003,100.49103673593466,0.6253649020109819,4.3733747997053385e-09,57.0,1965.0,100.492252,0.0012093258312528832,runtime_opt,runtime_s,single_configuration,gpu_resident
3090,RTX 3090,GPU,GPU board NVML,3,64,gpu_resident,-1,5.224620282895767e-06,0.0008424448040085,161.272674,100.34949366873629,0.6223410691185296,4.4007040921198324e-09,57.0,1965.0,100.350511,0.0010137881383487368,runtime_opt,runtime_s,single_configuration,gpu_resident
3090,RTX 3090,GPU,GPU board NVML,4,64,gpu_resident,-1,5.215761141712569e-06,0.0008382078325822,160.70032500000002,100.51994057148345,0.6254868776218278,4.37204280930305e-09,56.5,1965.0,100.520949,0.001003212408234866,runtime_opt,runtime_s,single_configuration,gpu_resident
3090,RTX 3090,GPU,GPU board NVML,5,64,gpu_resident,-1,5.215406725472023e-06,0.0008423632879622,161.535514,100.5267714671954,0.6224012934708126,4.392692413771321e-09,59.0,1965.0,100.528114,0.001335497783339079,runtime_opt,runtime_s,single_configuration,gpu_resident
3090,RTX 3090,GPU,GPU board NVML,1,64,gpu_resident,-1,5.217029646225186e-06,0.0008412728598968,161.274947,100.4954994609532,0.6232080279688508,4.3884049941422e-09,57.5,1965.0,100.49677,0.0012642745730984117,edp_opt,edp_j_s,single_configuration,gpu_resident
3090,RTX 3090,GPU,GPU board NVML,2,64,gpu_resident,-1,5.217261330258716e-06,0.0008383713225895,160.71482150000003,100.49103673593466,0.6253649020109819,4.3733747997053385e-09,57.0,1965.0,100.492252,0.0012093258312528832,edp_opt,edp_j_s,single_configuration,gpu_resident
3090,RTX 3090,GPU,GPU board NVML,3,64,gpu_resident,-1,5.224620282895767e-06,0.0008424448040085,161.272674,100.34949366873629,0.6223410691185296,4.4007040921198324e-09,57.0,1965.0,100.350511,0.0010137881383487368,edp_opt,edp_j_s,single_configuration,gpu_resident
3090,RTX 3090,GPU,GPU board NVML,4,64,gpu_resident,-1,5.215761141712569e-06,0.0008382078325822,160.70032500000002,100.51994057148345,0.6254868776218278,4.37204280930305e-09,56.5,1965.0,100.520949,0.001003212408234866,edp_opt,edp_j_s,single_configuration,gpu_resident
3090,RTX 3090,GPU,GPU board NVML,5,64,gpu_resident,-1,5.215406725472023e-06,0.0008423632879622,161.535514,100.5267714671954,0.6224012934708126,4.392692413771321e-09,59.0,1965.0,100.528114,0.001335497783339079,edp_opt,edp_j_s,single_configuration,gpu_resident
3090,RTX 3090,GPU,GPU board NVML,1,64,gpu_resident,-1,5.217029646225186e-06,0.0008412728598968,161.274947,100.4954994609532,0.6232080279688508,4.3884049941422e-09,57.5,1965.0,100.49677,0.0012642745730984117,throughput_opt,throughput_gflops,single_configuration,gpu_resident
3090,RTX 3090,GPU,GPU board NVML,2,64,gpu_resident,-1,5.217261330258716e-06,0.0008383713225895,160.71482150000003,100.49103673593466,0.6253649020109819,4.3733747997053385e-09,57.0,1965.0,100.492252,0.0012093258312528832,throughput_opt,throughput_gflops,single_configuration,gpu_resident
3090,RTX 3090,GPU,GPU board NVML,3,64,gpu_resident,-1,5.224620282895767e-06,0.0008424448040085,161.272674,100.34949366873629,0.6223410691185296,4.4007040921198324e-09,57.0,1965.0,100.350511,0.0010137881383487368,throughput_opt,throughput_gflops,single_configuration,gpu_resident
3090,RTX 3090,GPU,GPU board NVML,4,64,gpu_resident,-1,5.215761141712569e-06,0.0008382078325822,160.70032500000002,100.51994057148345,0.6254868776218278,4.37204280930305e-09,56.5,1965.0,100.520949,0.001003212408234866,throughput_opt,throughput_gflops,single_configuration,gpu_resident
3090,RTX 3090,GPU,GPU board NVML,5,64,gpu_resident,-1,5.215406725472023e-06,0.0008423632879622,161.535514,100.5267714671954,0.6224012934708126,4.392692413771321e-09,59.0,1965.0,100.528114,0.001335497783339079,throughput_opt,throughput_gflops,single_configuration,gpu_resident
3090,RTX 3090,GPU,GPU board NVML,1,64,gpu_resident,-1,5.217029646225186e-06,0.0008412728598968,161.274947,100.4954994609532,0.6232080279688508,4.3884049941422e-09,57.5,1965.0,100.49677,0.0012642745730984117,efficiency_opt,efficiency_gflop_per_j,single_configuration,gpu_resident
3090,RTX 3090,GPU,GPU board NVML,2,64,gpu_resident,-1,5.217261330258716e-06,0.0008383713225895,160.71482150000003,100.49103673593466,0.6253649020109819,4.3733747997053385e-09,57.0,1965.0,100.492252,0.0012093258312528832,efficiency_opt,efficiency_gflop_per_j,single_configuration,gpu_resident
3090,RTX 3090,GPU,GPU board NVML,3,64,gpu_resident,-1,5.224620282895767e-06,0.0008424448040085,161.272674,100.34949366873629,0.6223410691185296,4.4007040921198324e-09,57.0,1965.0,100.350511,0.0010137881383487368,efficiency_opt,efficiency_gflop_per_j,single_configuration,gpu_resident
3090,RTX 3090,GPU,GPU board NVML,4,64,gpu_resident,-1,5.215761141712569e-06,0.0008382078325822,160.70032500000002,100.51994057148345,0.6254868776218278,4.37204280930305e-09,56.5,1965.0,100.520949,0.001003212408234866,efficiency_opt,efficiency_gflop_per_j,single_configuration,gpu_resident
3090,RTX 3090,GPU,GPU board NVML,5,64,gpu_resident,-1,5.215406725472023e-06,0.0008423632879622,161.535514,100.5267714671954,0.6224012934708126,4.392692413771321e-09,59.0,1965.0,100.528114,0.001335497783339079,efficiency_opt,efficiency_gflop_per_j,single_configuration,gpu_resident
3090,RTX 3090,GPU,GPU board NVML,1,128,gpu_resident,-1,5.161149326824335e-06,0.000913588911308,176.9864725,812.6686004221395,4.591018945266036,4.715780447847844e-09,56.5,1965.0,812.67911,0.0012932181525204811,energy_opt,energy_j,single_configuration,gpu_resident
3090,RTX 3090,GPU,GPU board NVML,2,128,gpu_resident,-1,5.161019462947544e-06,0.000930721794338,180.209517,812.6890491524251,4.506506697829406,4.804832517128775e-09,59.0,1965.0,812.6979225,0.0010918502696855015,energy_opt,energy_j,single_configuration,gpu_resident
3090,RTX 3090,GPU,GPU board NVML,3,128,gpu_resident,-1,5.183126736815811e-06,0.0009327962864666,180.429354,809.2227361927711,4.496484453093053,4.818814306089522e-09,60.0,1953.5,809.2450455000001,0.0027568809217948242,energy_opt,energy_j,single_configuration,gpu_resident
3090,RTX 3090,GPU,GPU board NVML,4,128,gpu_resident,-1,5.161102740856931e-06,0.0009229959547593,178.839948,812.6759358608685,4.5442279333648825,4.763598433803592e-09,58.0,1965.0,812.68536,0.001159642941983563,energy_opt,energy_j,single_configuration,gpu_resident
3090,RTX 3090,GPU,GPU board NVML,5,128,gpu_resident,-1,5.160498668703173e-06,0.0009182465066358,177.9483555,812.771065214522,4.567732052002859,4.738619036896551e-09,57.5,1965.0,812.779809,0.001075799305882974,energy_opt,energy_j,single_configuration,gpu_resident
3090,RTX 3090,GPU,GPU board NVML,1,128,gpu_resident,-1,5.161149326824335e-06,0.000913588911308,176.9864725,812.6686004221395,4.591018945266036,4.715780447847844e-09,56.5,1965.0,812.67911,0.0012932181525204811,runtime_opt,runtime_s,single_configuration,gpu_resident
3090,RTX 3090,GPU,GPU board NVML,2,128,gpu_resident,-1,5.161019462947544e-06,0.000930721794338,180.209517,812.6890491524251,4.506506697829406,4.804832517128775e-09,59.0,1965.0,812.6979225,0.0010918502696855015,runtime_opt,runtime_s,single_configuration,gpu_resident
3090,RTX 3090,GPU,GPU board NVML,3,128,gpu_resident,-1,5.183126736815811e-06,0.0009327962864666,180.429354,809.2227361927711,4.496484453093053,4.818814306089522e-09,60.0,1953.5,809.2450455000001,0.0027568809217948242,runtime_opt,runtime_s,single_configuration,gpu_resident
3090,RTX 3090,GPU,GPU board NVML,4,128,gpu_resident,-1,5.161102740856931e-06,0.0009229959547593,178.839948,812.6759358608685,4.5442279333648825,4.763598433803592e-09,58.0,1965.0,812.68536,0.001159642941983563,runtime_opt,runtime_s,single_configuration,gpu_resident
3090,RTX 3090,GPU,GPU board NVML,5,128,gpu_resident,-1,5.160498668703173e-06,0.0009182465066358,177.9483555,812.771065214522,4.567732052002859,4.738619036896551e-09,57.5,1965.0,812.779809,0.001075799305882974,runtime_opt,runtime_s,single_configuration,gpu_resident
3090,RTX 3090,GPU,GPU board NVML,1,128,gpu_resident,-1,5.161149326824335e-06,0.000913588911308,176.9864725,812.6686004221395,4.591018945266036,4.715780447847844e-09,56.5,1965.0,812.67911,0.0012932181525204811,edp_opt,edp_j_s,single_configuration,gpu_resident
3090,RTX 3090,GPU,GPU board NVML,2,128,gpu_resident,-1,5.161019462947544e-06,0.000930721794338,180.209517,812.6890491524251,4.506506697829406,4.804832517128775e-09,59.0,1965.0,812.6979225,0.0010918502696855015,edp_opt,edp_j_s,single_configuration,gpu_resident
3090,RTX 3090,GPU,GPU board NVML,3,128,gpu_resident,-1,5.183126736815811e-06,0.0009327962864666,180.429354,809.2227361927711,4.496484453093053,4.818814306089522e-09,60.0,1953.5,809.2450455000001,0.0027568809217948242,edp_opt,edp_j_s,single_configuration,gpu_resident
3090,RTX 3090,GPU,GPU board NVML,4,128,gpu_resident,-1,5.161102740856931e-06,0.0009229959547593,178.839948,812.6759358608685,4.5442279333648825,4.763598433803592e-09,58.0,1965.0,812.68536,0.001159642941983563,edp_opt,edp_j_s,single_configuration,gpu_resident
3090,RTX 3090,GPU,GPU board NVML,5,128,gpu_resident,-1,5.160498668703173e-06,0.0009182465066358,177.9483555,812.771065214522,4.567732052002859,4.738619036896551e-09,57.5,1965.0,812.779809,0.001075799305882974,edp_opt,edp_j_s,single_configuration,gpu_resident
3090,RTX 3090,GPU,GPU board NVML,1,128,gpu_resident,-1,5.161149326824335e-06,0.000913588911308,176.9864725,812.6686004221395,4.591018945266036,4.715780447847844e-09,56.5,1965.0,812.67911,0.0012932181525204811,throughput_opt,throughput_gflops,single_configuration,gpu_resident
3090,RTX 3090,GPU,GPU board NVML,2,128,gpu_resident,-1,5.161019462947544e-06,0.000930721794338,180.209517,812.6890491524251,4.506506697829406,4.804832517128775e-09,59.0,1965.0,812.6979225,0.0010918502696855015,throughput_opt,throughput_gflops,single_configuration,gpu_resident
3090,RTX 3090,GPU,GPU board NVML,3,128,gpu_resident,-1,5.183126736815811e-06,0.0009327962864666,180.429354,809.2227361927711,4.496484453093053,4.818814306089522e-09,60.0,1953.5,809.2450455000001,0.0027568809217948242,throughput_opt,throughput_gflops,single_configuration,gpu_resident
3090,RTX 3090,GPU,GPU board NVML,4,128,gpu_resident,-1,5.161102740856931e-06,0.0009229959547593,178.839948,812.6759358608685,4.5442279333648825,4.763598433803592e-09,58.0,1965.0,812.68536,0.001159642941983563,throughput_opt,throughput_gflops,single_configuration,gpu_resident
3090,RTX 3090,GPU,GPU board NVML,5,128,gpu_resident,-1,5.160498668703173e-06,0.0009182465066358,177.9483555,812.771065214522,4.567732052002859,4.738619036896551e-09,57.5,1965.0,812.779809,0.001075799305882974,throughput_opt,throughput_gflops,single_configuration,gpu_resident
3090,RTX 3090,GPU,GPU board NVML,1,128,gpu_resident,-1,5.161149326824335e-06,0.000913588911308,176.9864725,812.6686004221395,4.591018945266036,4.715780447847844e-09,56.5,1965.0,812.67911,0.0012932181525204811,efficiency_opt,efficiency_gflop_per_j,single_configuration,gpu_resident
3090,RTX 3090,GPU,GPU board NVML,2,128,gpu_resident,-1,5.161019462947544e-06,0.000930721794338,180.209517,812.6890491524251,4.506506697829406,4.804832517128775e-09,59.0,1965.0,812.6979225,0.0010918502696855015,efficiency_opt,efficiency_gflop_per_j,single_configuration,gpu_resident
3090,RTX 3090,GPU,GPU board NVML,3,128,gpu_resident,-1,5.183126736815811e-06,0.0009327962864666,180.429354,809.2227361927711,4.496484453093053,4.818814306089522e-09,60.0,1953.5,809.2450455000001,0.0027568809217948242,efficiency_opt,efficiency_gflop_per_j,single_configuration,gpu_resident
3090,RTX 3090,GPU,GPU board NVML,4,128,gpu_resident,-1,5.161102740856931e-06,0.0009229959547593,178.839948,812.6759358608685,4.5442279333648825,4.763598433803592e-09,58.0,1965.0,812.68536,0.001159642941983563,efficiency_opt,efficiency_gflop_per_j,single_configuration,gpu_resident
3090,RTX 3090,GPU,GPU board NVML,5,128,gpu_resident,-1,5.160498668703173e-06,0.0009182465066358,177.9483555,812.771065214522,4.567732052002859,4.738619036896551e-09,57.5,1965.0,812.779809,0.001075799305882974,efficiency_opt,efficiency_gflop_per_j,single_configuration,gpu_resident
3090,RTX 3090,GPU,GPU board NVML,1,256,gpu_resident,-1,7.180509782803805e-06,0.0019802297612636,275.7848275,4672.987436122935,16.944716545714705,1.4218725551522504e-08,62.0,1965.0,4673.116536,0.002762684018109418,energy_opt,energy_j,single_configuration,gpu_resident
3090,RTX 3090,GPU,GPU board NVML,2,256,gpu_resident,-1,7.179988369087619e-06,0.0019903793687717,277.2113545,4673.326790397553,16.858309790814936,1.4291751423637396e-08,62.0,1965.0,4673.387565999999,0.00130047833528657,energy_opt,energy_j,single_configuration,gpu_resident
3090,RTX 3090,GPU,GPU board NVML,3,256,gpu_resident,-1,7.24233833007459e-06,0.0020196103990151,278.8655465,4633.093687526528,16.61430938183099,1.4626497999058478e-08,65.0,1950.0,4633.150179,0.0012193034996110796,energy_opt,energy_j,single_configuration,gpu_resident
3090,RTX 3090,GPU,GPU board NVML,4,256,gpu_resident,-1,7.1800376215160615e-06,0.0019915961861547,277.3833555,4673.294733087346,16.848009768880733,1.4299542522828053e-08,62.0,1965.0,4673.344419,0.0010631880823286366,energy_opt,energy_j,single_configuration,gpu_resident
3090,RTX 3090,GPU,GPU board NVML,5,256,gpu_resident,-1,7.2433070467004125e-06,0.001994293700622,275.233385,4632.474059661084,16.825220873703163,1.445030901971011e-08,64.0,1950.0,4632.536404,0.0013458108585995276,energy_opt,energy_j,single_configuration,gpu_resident
3090,RTX 3090,GPU,GPU board NVML,1,256,gpu_resident,-1,7.180509782803805e-06,0.0019802297612636,275.7848275,4672.987436122935,16.944716545714705,1.4218725551522504e-08,62.0,1965.0,4673.116536,0.002762684018109418,runtime_opt,runtime_s,single_configuration,gpu_resident
3090,RTX 3090,GPU,GPU board NVML,2,256,gpu_resident,-1,7.179988369087619e-06,0.0019903793687717,277.2113545,4673.326790397553,16.858309790814936,1.4291751423637396e-08,62.0,1965.0,4673.387565999999,0.00130047833528657,runtime_opt,runtime_s,single_configuration,gpu_resident
3090,RTX 3090,GPU,GPU board NVML,3,256,gpu_resident,-1,7.24233833007459e-06,0.0020196103990151,278.8655465,4633.093687526528,16.61430938183099,1.4626497999058478e-08,65.0,1950.0,4633.150179,0.0012193034996110796,runtime_opt,runtime_s,single_configuration,gpu_resident
3090,RTX 3090,GPU,GPU board NVML,4,256,gpu_resident,-1,7.1800376215160615e-06,0.0019915961861547,277.3833555,4673.294733087346,16.848009768880733,1.4299542522828053e-08,62.0,1965.0,4673.344419,0.0010631880823286366,runtime_opt,runtime_s,single_configuration,gpu_resident
3090,RTX 3090,GPU,GPU board NVML,5,256,gpu_resident,-1,7.2433070467004125e-06,0.001994293700622,275.233385,4632.474059661084,16.825220873703163,1.445030901971011e-08,64.0,1950.0,4632.536404,0.0013458108585995276,runtime_opt,runtime_s,single_configuration,gpu_resident
3090,RTX 3090,GPU,GPU board NVML,1,256,gpu_resident,-1,7.180509782803805e-06,0.0019802297612636,275.7848275,4672.987436122935,16.944716545714705,1.4218725551522504e-08,62.0,1965.0,4673.116536,0.002762684018109418,edp_opt,edp_j_s,single_configuration,gpu_resident
3090,RTX 3090,GPU,GPU board NVML,2,256,gpu_resident,-1,7.179988369087619e-06,0.0019903793687717,277.2113545,4673.326790397553,16.858309790814936,1.4291751423637396e-08,62.0,1965.0,4673.387565999999,0.00130047833528657,edp_opt,edp_j_s,single_configuration,gpu_resident
3090,RTX 3090,GPU,GPU board NVML,3,256,gpu_resident,-1,7.24233833007459e-06,0.0020196103990151,278.8655465,4633.093687526528,16.61430938183099,1.4626497999058478e-08,65.0,1950.0,4633.150179,0.0012193034996110796,edp_opt,edp_j_s,single_configuration,gpu_resident
3090,RTX 3090,GPU,GPU board NVML,4,256,gpu_resident,-1,7.1800376215160615e-06,0.0019915961861547,277.3833555,4673.294733087346,16.848009768880733,1.4299542522828053e-08,62.0,1965.0,4673.344419,0.0010631880823286366,edp_opt,edp_j_s,single_configuration,gpu_resident
3090,RTX 3090,GPU,GPU board NVML,5,256,gpu_resident,-1,7.2433070467004125e-06,0.001994293700622,275.233385,4632.474059661084,16.825220873703163,1.445030901971011e-08,64.0,1950.0,4632.536404,0.0013458108585995276,edp_opt,edp_j_s,single_configuration,gpu_resident
3090,RTX 3090,GPU,GPU board NVML,1,256,gpu_resident,-1,7.180509782803805e-06,0.0019802297612636,275.7848275,4672.987436122935,16.944716545714705,1.4218725551522504e-08,62.0,1965.0,4673.116536,0.002762684018109418,throughput_opt,throughput_gflops,single_configuration,gpu_resident
3090,RTX 3090,GPU,GPU board NVML,2,256,gpu_resident,-1,7.179988369087619e-06,0.0019903793687717,277.2113545,4673.326790397553,16.858309790814936,1.4291751423637396e-08,62.0,1965.0,4673.387565999999,0.00130047833528657,throughput_opt,throughput_gflops,single_configuration,gpu_resident
3090,RTX 3090,GPU,GPU board NVML,3,256,gpu_resident,-1,7.24233833007459e-06,0.0020196103990151,278.8655465,4633.093687526528,16.61430938183099,1.4626497999058478e-08,65.0,1950.0,4633.150179,0.0012193034996110796,throughput_opt,throughput_gflops,single_configuration,gpu_resident
3090,RTX 3090,GPU,GPU board NVML,4,256,gpu_resident,-1,7.1800376215160615e-06,0.0019915961861547,277.3833555,4673.294733087346,16.848009768880733,1.4299542522828053e-08,62.0,1965.0,4673.344419,0.0010631880823286366,throughput_opt,throughput_gflops,single_configuration,gpu_resident
3090,RTX 3090,GPU,GPU board NVML,5,256,gpu_resident,-1,7.2433070467004125e-06,0.001994293700622,275.233385,4632.474059661084,16.825220873703163,1.445030901971011e-08,64.0,1950.0,4632.536404,0.0013458108585995276,throughput_opt,throughput_gflops,single_configuration,gpu_resident
3090,RTX 3090,GPU,GPU board NVML,1,256,gpu_resident,-1,7.180509782803805e-06,0.0019802297612636,275.7848275,4672.987436122935,16.944716545714705,1.4218725551522504e-08,62.0,1965.0,4673.116536,0.002762684018109418,efficiency_opt,efficiency_gflop_per_j,single_configuration,gpu_resident
3090,RTX 3090,GPU,GPU board NVML,2,256,gpu_resident,-1,7.179988369087619e-06,0.0019903793687717,277.2113545,4673.326790397553,16.858309790814936,1.4291751423637396e-08,62.0,1965.0,4673.387565999999,0.00130047833528657,efficiency_opt,efficiency_gflop_per_j,single_configuration,gpu_resident
3090,RTX 3090,GPU,GPU board NVML,3,256,gpu_resident,-1,7.24233833007459e-06,0.0020196103990151,278.8655465,4633.093687526528,16.61430938183099,1.4626497999058478e-08,65.0,1950.0,4633.150179,0.0012193034996110796,efficiency_opt,efficiency_gflop_per_j,single_configuration,gpu_resident
3090,RTX 3090,GPU,GPU board NVML,4,256,gpu_resident,-1,7.1800376215160615e-06,0.0019915961861547,277.3833555,4673.294733087346,16.848009768880733,1.4299542522828053e-08,62.0,1965.0,4673.344419,0.0010631880823286366,efficiency_opt,efficiency_gflop_per_j,single_configuration,gpu_resident
3090,RTX 3090,GPU,GPU board NVML,5,256,gpu_resident,-1,7.2433070467004125e-06,0.001994293700622,275.233385,4632.474059661084,16.825220873703163,1.445030901971011e-08,64.0,1950.0,4632.536404,0.0013458108585995276,efficiency_opt,efficiency_gflop_per_j,single_configuration,gpu_resident
3090,RTX 3090,GPU,GPU board NVML,1,512,gpu_resident,-1,2.268124110511216e-05,0.007248085481284,319.45391800000004,11835.130835917833,37.03536012277364,1.6441095064942165e-07,65.0,1822.0,11835.2825575,0.0012819594837676362,energy_opt,energy_j,single_configuration,gpu_resident
3090,RTX 3090,GPU,GPU board NVML,2,512,gpu_resident,-1,2.269167419792137e-05,0.0072134093990058,317.8530975,11829.689323874989,37.21339537958258,1.6370235151338404e-07,65.5,1822.0,11829.8695415,0.0015234349785231416,energy_opt,energy_j,single_configuration,gpu_resident
3090,RTX 3090,GPU,GPU board NVML,3,512,gpu_resident,-1,2.2760561473190104e-05,0.0071977680989348,316.57727,11793.88550305285,37.29426293127252,1.6351774961251068e-07,66.0,1815.0,11794.038141,0.0012942125571013818,energy_opt,energy_j,single_configuration,gpu_resident
3090,RTX 3090,GPU,GPU board NVML,4,512,gpu_resident,-1,2.2619119707171586e-05,0.0072255863346739,319.393123,11867.634968786617,37.15068142108288,1.6344807814612434e-07,63.0,1830.0,11867.771779,0.0011528009897787683,energy_opt,energy_j,single_configuration,gpu_resident
3090,RTX 3090,GPU,GPU board NVML,5,512,gpu_resident,-1,2.2763509849990964e-05,0.0071338785469004,313.706719,11792.35793464893,37.62826269542149,1.622465886162332e-07,66.0,1815.0,11792.505084,0.001247836538587066,energy_opt,energy_j,single_configuration,gpu_resident
3090,RTX 3090,GPU,GPU board NVML,1,512,gpu_resident,-1,2.268124110511216e-05,0.007248085481284,319.45391800000004,11835.130835917833,37.03536012277364,1.6441095064942165e-07,65.0,1822.0,11835.2825575,0.0012819594837676362,runtime_opt,runtime_s,single_configuration,gpu_resident
3090,RTX 3090,GPU,GPU board NVML,2,512,gpu_resident,-1,2.269167419792137e-05,0.0072134093990058,317.8530975,11829.689323874989,37.21339537958258,1.6370235151338404e-07,65.5,1822.0,11829.8695415,0.0015234349785231416,runtime_opt,runtime_s,single_configuration,gpu_resident
3090,RTX 3090,GPU,GPU board NVML,3,512,gpu_resident,-1,2.2760561473190104e-05,0.0071977680989348,316.57727,11793.88550305285,37.29426293127252,1.6351774961251068e-07,66.0,1815.0,11794.038141,0.0012942125571013818,runtime_opt,runtime_s,single_configuration,gpu_resident
3090,RTX 3090,GPU,GPU board NVML,4,512,gpu_resident,-1,2.2619119707171586e-05,0.0072255863346739,319.393123,11867.634968786617,37.15068142108288,1.6344807814612434e-07,63.0,1830.0,11867.771779,0.0011528009897787683,runtime_opt,runtime_s,single_configuration,gpu_resident
3090,RTX 3090,GPU,GPU board NVML,5,512,gpu_resident,-1,2.2763509849990964e-05,0.0071338785469004,313.706719,11792.35793464893,37.62826269542149,1.622465886162332e-07,66.0,1815.0,11792.505084,0.001247836538587066,runtime_opt,runtime_s,single_configuration,gpu_resident
3090,RTX 3090,GPU,GPU board NVML,1,512,gpu_resident,-1,2.268124110511216e-05,0.007248085481284,319.45391800000004,11835.130835917833,37.03536012277364,1.6441095064942165e-07,65.0,1822.0,11835.2825575,0.0012819594837676362,edp_opt,edp_j_s,single_configuration,gpu_resident
3090,RTX 3090,GPU,GPU board NVML,2,512,gpu_resident,-1,2.269167419792137e-05,0.0072134093990058,317.8530975,11829.689323874989,37.21339537958258,1.6370235151338404e-07,65.5,1822.0,11829.8695415,0.0015234349785231416,edp_opt,edp_j_s,single_configuration,gpu_resident
3090,RTX 3090,GPU,GPU board NVML,3,512,gpu_resident,-1,2.2760561473190104e-05,0.0071977680989348,316.57727,11793.88550305285,37.29426293127252,1.6351774961251068e-07,66.0,1815.0,11794.038141,0.0012942125571013818,edp_opt,edp_j_s,single_configuration,gpu_resident
3090,RTX 3090,GPU,GPU board NVML,4,512,gpu_resident,-1,2.2619119707171586e-05,0.0072255863346739,319.393123,11867.634968786617,37.15068142108288,1.6344807814612434e-07,63.0,1830.0,11867.771779,0.0011528009897787683,edp_opt,edp_j_s,single_configuration,gpu_resident
3090,RTX 3090,GPU,GPU board NVML,5,512,gpu_resident,-1,2.2763509849990964e-05,0.0071338785469004,313.706719,11792.35793464893,37.62826269542149,1.622465886162332e-07,66.0,1815.0,11792.505084,0.001247836538587066,edp_opt,edp_j_s,single_configuration,gpu_resident
3090,RTX 3090,GPU,GPU board NVML,1,512,gpu_resident,-1,2.268124110511216e-05,0.007248085481284,319.45391800000004,11835.130835917833,37.03536012277364,1.6441095064942165e-07,65.0,1822.0,11835.2825575,0.0012819594837676362,throughput_opt,throughput_gflops,single_configuration,gpu_resident
3090,RTX 3090,GPU,GPU board NVML,2,512,gpu_resident,-1,2.269167419792137e-05,0.0072134093990058,317.8530975,11829.689323874989,37.21339537958258,1.6370235151338404e-07,65.5,1822.0,11829.8695415,0.0015234349785231416,throughput_opt,throughput_gflops,single_configuration,gpu_resident
3090,RTX 3090,GPU,GPU board NVML,3,512,gpu_resident,-1,2.2760561473190104e-05,0.0071977680989348,316.57727,11793.88550305285,37.29426293127252,1.6351774961251068e-07,66.0,1815.0,11794.038141,0.0012942125571013818,throughput_opt,throughput_gflops,single_configuration,gpu_resident
3090,RTX 3090,GPU,GPU board NVML,4,512,gpu_resident,-1,2.2619119707171586e-05,0.0072255863346739,319.393123,11867.634968786617,37.15068142108288,1.6344807814612434e-07,63.0,1830.0,11867.771779,0.0011528009897787683,throughput_opt,throughput_gflops,single_configuration,gpu_resident
3090,RTX 3090,GPU,GPU board NVML,5,512,gpu_resident,-1,2.2763509849990964e-05,0.0071338785469004,313.706719,11792.35793464893,37.62826269542149,1.622465886162332e-07,66.0,1815.0,11792.505084,0.001247836538587066,throughput_opt,throughput_gflops,single_configuration,gpu_resident
3090,RTX 3090,GPU,GPU board NVML,1,512,gpu_resident,-1,2.268124110511216e-05,0.007248085481284,319.45391800000004,11835.130835917833,37.03536012277364,1.6441095064942165e-07,65.0,1822.0,11835.2825575,0.0012819594837676362,efficiency_opt,efficiency_gflop_per_j,single_configuration,gpu_resident
3090,RTX 3090,GPU,GPU board NVML,2,512,gpu_resident,-1,2.269167419792137e-05,0.0072134093990058,317.8530975,11829.689323874989,37.21339537958258,1.6370235151338404e-07,65.5,1822.0,11829.8695415,0.0015234349785231416,efficiency_opt,efficiency_gflop_per_j,single_configuration,gpu_resident
3090,RTX 3090,GPU,GPU board NVML,3,512,gpu_resident,-1,2.2760561473190104e-05,0.0071977680989348,316.57727,11793.88550305285,37.29426293127252,1.6351774961251068e-07,66.0,1815.0,11794.038141,0.0012942125571013818,efficiency_opt,efficiency_gflop_per_j,single_configuration,gpu_resident
3090,RTX 3090,GPU,GPU board NVML,4,512,gpu_resident,-1,2.2619119707171586e-05,0.0072255863346739,319.393123,11867.634968786617,37.15068142108288,1.6344807814612434e-07,63.0,1830.0,11867.771779,0.0011528009897787683,efficiency_opt,efficiency_gflop_per_j,single_configuration,gpu_resident
3090,RTX 3090,GPU,GPU board NVML,5,512,gpu_resident,-1,2.2763509849990964e-05,0.0071338785469004,313.706719,11792.35793464893,37.62826269542149,1.622465886162332e-07,66.0,1815.0,11792.505084,0.001247836538587066,efficiency_opt,efficiency_gflop_per_j,single_configuration,gpu_resident
3090,RTX 3090,GPU,GPU board NVML,1,1024,gpu_resident,-1,0.0001210981721341,0.0400796513739256,330.9558945,17733.41091905128,53.5803973933036,4.848831622052835e-06,64.0,1605.0,17733.6176625,0.0011658414146298313,energy_opt,energy_j,single_configuration,gpu_resident
3090,RTX 3090,GPU,GPU board NVML,2,1024,gpu_resident,-1,0.0001211782387806,0.0399124833676061,329.571611,17721.693842143883,53.804811597941004,4.834098283702735e-06,63.0,1605.0,17721.907495,0.0012056006498006866,energy_opt,energy_j,single_configuration,gpu_resident
3090,RTX 3090,GPU,GPU board NVML,3,1024,gpu_resident,-1,0.0001209905795373,0.0395013713331743,326.149996,17749.18060738733,54.36478723452535,4.782409701544811e-06,64.0,1605.0,17749.3726375,0.0010819097338465866,energy_opt,energy_j,single_configuration,gpu_resident
3090,RTX 3090,GPU,GPU board NVML,4,1024,gpu_resident,-1,0.0001209204545454,0.0398839458413926,329.916699,17759.473829911214,53.84330970009706,4.821610490833423e-06,64.0,1605.0,17759.6748935,0.0011321483435411395,energy_opt,energy_j,single_configuration,gpu_resident
3090,RTX 3090,GPU,GPU board NVML,5,1024,gpu_resident,-1,0.0001209120819195,0.0401171231216674,331.8857795,17760.703594780018,53.53035015714116,4.849210503647936e-06,62.5,1605.0,17760.910389,0.001164335741998812,energy_opt,energy_j,single_configuration,gpu_resident
3090,RTX 3090,GPU,GPU board NVML,1,1024,gpu_resident,-1,0.0001210981721341,0.0400796513739256,330.9558945,17733.41091905128,53.5803973933036,4.848831622052835e-06,64.0,1605.0,17733.6176625,0.0011658414146298313,runtime_opt,runtime_s,single_configuration,gpu_resident
3090,RTX 3090,GPU,GPU board NVML,2,1024,gpu_resident,-1,0.0001211782387806,0.0399124833676061,329.571611,17721.693842143883,53.804811597941004,4.834098283702735e-06,63.0,1605.0,17721.907495,0.0012056006498006866,runtime_opt,runtime_s,single_configuration,gpu_resident
3090,RTX 3090,GPU,GPU board NVML,3,1024,gpu_resident,-1,0.0001209905795373,0.0395013713331743,326.149996,17749.18060738733,54.36478723452535,4.782409701544811e-06,64.0,1605.0,17749.3726375,0.0010819097338465866,runtime_opt,runtime_s,single_configuration,gpu_resident
3090,RTX 3090,GPU,GPU board NVML,4,1024,gpu_resident,-1,0.0001209204545454,0.0398839458413926,329.916699,17759.473829911214,53.84330970009706,4.821610490833423e-06,64.0,1605.0,17759.6748935,0.0011321483435411395,runtime_opt,runtime_s,single_configuration,gpu_resident
3090,RTX 3090,GPU,GPU board NVML,5,1024,gpu_resident,-1,0.0001209120819195,0.0401171231216674,331.8857795,17760.703594780018,53.53035015714116,4.849210503647936e-06,62.5,1605.0,17760.910389,0.001164335741998812,runtime_opt,runtime_s,single_configuration,gpu_resident
3090,RTX 3090,GPU,GPU board NVML,1,1024,gpu_resident,-1,0.0001210981721341,0.0400796513739256,330.9558945,17733.41091905128,53.5803973933036,4.848831622052835e-06,64.0,1605.0,17733.6176625,0.0011658414146298313,edp_opt,edp_j_s,single_configuration,gpu_resident
3090,RTX 3090,GPU,GPU board NVML,2,1024,gpu_resident,-1,0.0001211782387806,0.0399124833676061,329.571611,17721.693842143883,53.804811597941004,4.834098283702735e-06,63.0,1605.0,17721.907495,0.0012056006498006866,edp_opt,edp_j_s,single_configuration,gpu_resident
3090,RTX 3090,GPU,GPU board NVML,3,1024,gpu_resident,-1,0.0001209905795373,0.0395013713331743,326.149996,17749.18060738733,54.36478723452535,4.782409701544811e-06,64.0,1605.0,17749.3726375,0.0010819097338465866,edp_opt,edp_j_s,single_configuration,gpu_resident
3090,RTX 3090,GPU,GPU board NVML,4,1024,gpu_resident,-1,0.0001209204545454,0.0398839458413926,329.916699,17759.473829911214,53.84330970009706,4.821610490833423e-06,64.0,1605.0,17759.6748935,0.0011321483435411395,edp_opt,edp_j_s,single_configuration,gpu_resident
3090,RTX 3090,GPU,GPU board NVML,5,1024,gpu_resident,-1,0.0001209120819195,0.0401171231216674,331.8857795,17760.703594780018,53.53035015714116,4.849210503647936e-06,62.5,1605.0,17760.910389,0.001164335741998812,edp_opt,edp_j_s,single_configuration,gpu_resident
3090,RTX 3090,GPU,GPU board NVML,1,1024,gpu_resident,-1,0.0001210981721341,0.0400796513739256,330.9558945,17733.41091905128,53.5803973933036,4.848831622052835e-06,64.0,1605.0,17733.6176625,0.0011658414146298313,throughput_opt,throughput_gflops,single_configuration,gpu_resident
3090,RTX 3090,GPU,GPU board NVML,2,1024,gpu_resident,-1,0.0001211782387806,0.0399124833676061,329.571611,17721.693842143883,53.804811597941004,4.834098283702735e-06,63.0,1605.0,17721.907495,0.0012056006498006866,throughput_opt,throughput_gflops,single_configuration,gpu_resident
3090,RTX 3090,GPU,GPU board NVML,3,1024,gpu_resident,-1,0.0001209905795373,0.0395013713331743,326.149996,17749.18060738733,54.36478723452535,4.782409701544811e-06,64.0,1605.0,17749.3726375,0.0010819097338465866,throughput_opt,throughput_gflops,single_configuration,gpu_resident
3090,RTX 3090,GPU,GPU board NVML,4,1024,gpu_resident,-1,0.0001209204545454,0.0398839458413926,329.916699,17759.473829911214,53.84330970009706,4.821610490833423e-06,64.0,1605.0,17759.6748935,0.0011321483435411395,throughput_opt,throughput_gflops,single_configuration,gpu_resident
3090,RTX 3090,GPU,GPU board NVML,5,1024,gpu_resident,-1,0.0001209120819195,0.0401171231216674,331.8857795,17760.703594780018,53.53035015714116,4.849210503647936e-06,62.5,1605.0,17760.910389,0.001164335741998812,throughput_opt,throughput_gflops,single_configuration,gpu_resident
3090,RTX 3090,GPU,GPU board NVML,1,1024,gpu_resident,-1,0.0001210981721341,0.0400796513739256,330.9558945,17733.41091905128,53.5803973933036,4.848831622052835e-06,64.0,1605.0,17733.6176625,0.0011658414146298313,efficiency_opt,efficiency_gflop_per_j,single_configuration,gpu_resident
3090,RTX 3090,GPU,GPU board NVML,2,1024,gpu_resident,-1,0.0001211782387806,0.0399124833676061,329.571611,17721.693842143883,53.804811597941004,4.834098283702735e-06,63.0,1605.0,17721.907495,0.0012056006498006866,efficiency_opt,efficiency_gflop_per_j,single_configuration,gpu_resident
3090,RTX 3090,GPU,GPU board NVML,3,1024,gpu_resident,-1,0.0001209905795373,0.0395013713331743,326.149996,17749.18060738733,54.36478723452535,4.782409701544811e-06,64.0,1605.0,17749.3726375,0.0010819097338465866,efficiency_opt,efficiency_gflop_per_j,single_configuration,gpu_resident
3090,RTX 3090,GPU,GPU board NVML,4,1024,gpu_resident,-1,0.0001209204545454,0.0398839458413926,329.916699,17759.473829911214,53.84330970009706,4.821610490833423e-06,64.0,1605.0,17759.6748935,0.0011321483435411395,efficiency_opt,efficiency_gflop_per_j,single_configuration,gpu_resident
3090,RTX 3090,GPU,GPU board NVML,5,1024,gpu_resident,-1,0.0001209120819195,0.0401171231216674,331.8857795,17760.703594780018,53.53035015714116,4.849210503647936e-06,62.5,1605.0,17760.910389,0.001164335741998812,efficiency_opt,efficiency_gflop_per_j,single_configuration,gpu_resident
3090,RTX 3090,GPU,GPU board NVML,1,2048,gpu_resident,-1,0.0007520269865067,0.2480520989505247,330.004529,22844.750909543243,69.25911635775601,0.0001865061168417,61.5,1695.0,22845.052298,0.0013192897482250387,energy_opt,energy_j,single_configuration,gpu_resident
3090,RTX 3090,GPU,GPU board NVML,2,2048,gpu_resident,-1,0.0007534766741911,0.250474416854778,332.7494845,22800.79765235409,68.58931702378482,0.0001885706667215,64.0,1695.0,22801.1101255,0.0013704483091903086,energy_opt,energy_j,single_configuration,gpu_resident
3090,RTX 3090,GPU,GPU board NVML,3,2048,gpu_resident,-1,0.000751848758465,0.2509823175319789,333.667254,22850.166327434,68.45051616758231,0.0001887872861257,66.0,1695.0,22850.426692,0.0011394427605893043,energy_opt,energy_j,single_configuration,gpu_resident
3090,RTX 3090,GPU,GPU board NVML,4,2048,gpu_resident,-1,0.0007529011278195,0.2509364661654135,333.4992285,22818.227452726955,68.46302351558299,0.0001889601601899,63.0,1695.0,22818.546878,0.0013998689149197219,energy_opt,energy_j,single_configuration,gpu_resident
3090,RTX 3090,GPU,GPU board NVML,5,2048,gpu_resident,-1,0.0007522031602708,0.2481971407072987,330.0264025,22839.400432477694,69.21864262836286,0.0001867477912232,66.0,1695.0,22839.6607575,0.0011398067260026679,energy_opt,energy_j,single_configuration,gpu_resident
3090,RTX 3090,GPU,GPU board NVML,1,2048,gpu_resident,-1,0.0007520269865067,0.2480520989505247,330.004529,22844.750909543243,69.25911635775601,0.0001865061168417,61.5,1695.0,22845.052298,0.0013192897482250387,runtime_opt,runtime_s,single_configuration,gpu_resident
3090,RTX 3090,GPU,GPU board NVML,2,2048,gpu_resident,-1,0.0007534766741911,0.250474416854778,332.7494845,22800.79765235409,68.58931702378482,0.0001885706667215,64.0,1695.0,22801.1101255,0.0013704483091903086,runtime_opt,runtime_s,single_configuration,gpu_resident
3090,RTX 3090,GPU,GPU board NVML,3,2048,gpu_resident,-1,0.000751848758465,0.2509823175319789,333.667254,22850.166327434,68.45051616758231,0.0001887872861257,66.0,1695.0,22850.426692,0.0011394427605893043,runtime_opt,runtime_s,single_configuration,gpu_resident
3090,RTX 3090,GPU,GPU board NVML,4,2048,gpu_resident,-1,0.0007529011278195,0.2509364661654135,333.4992285,22818.227452726955,68.46302351558299,0.0001889601601899,63.0,1695.0,22818.546878,0.0013998689149197219,runtime_opt,runtime_s,single_configuration,gpu_resident
3090,RTX 3090,GPU,GPU board NVML,5,2048,gpu_resident,-1,0.0007522031602708,0.2481971407072987,330.0264025,22839.400432477694,69.21864262836286,0.0001867477912232,66.0,1695.0,22839.6607575,0.0011398067260026679,runtime_opt,runtime_s,single_configuration,gpu_resident
3090,RTX 3090,GPU,GPU board NVML,1,2048,gpu_resident,-1,0.0007520269865067,0.2480520989505247,330.004529,22844.750909543243,69.25911635775601,0.0001865061168417,61.5,1695.0,22845.052298,0.0013192897482250387,edp_opt,edp_j_s,single_configuration,gpu_resident
3090,RTX 3090,GPU,GPU board NVML,2,2048,gpu_resident,-1,0.0007534766741911,0.250474416854778,332.7494845,22800.79765235409,68.58931702378482,0.0001885706667215,64.0,1695.0,22801.1101255,0.0013704483091903086,edp_opt,edp_j_s,single_configuration,gpu_resident
3090,RTX 3090,GPU,GPU board NVML,3,2048,gpu_resident,-1,0.000751848758465,0.2509823175319789,333.667254,22850.166327434,68.45051616758231,0.0001887872861257,66.0,1695.0,22850.426692,0.0011394427605893043,edp_opt,edp_j_s,single_configuration,gpu_resident
3090,RTX 3090,GPU,GPU board NVML,4,2048,gpu_resident,-1,0.0007529011278195,0.2509364661654135,333.4992285,22818.227452726955,68.46302351558299,0.0001889601601899,63.0,1695.0,22818.546878,0.0013998689149197219,edp_opt,edp_j_s,single_configuration,gpu_resident
3090,RTX 3090,GPU,GPU board NVML,5,2048,gpu_resident,-1,0.0007522031602708,0.2481971407072987,330.0264025,22839.400432477694,69.21864262836286,0.0001867477912232,66.0,1695.0,22839.6607575,0.0011398067260026679,edp_opt,edp_j_s,single_configuration,gpu_resident
3090,RTX 3090,GPU,GPU board NVML,1,2048,gpu_resident,-1,0.0007520269865067,0.2480520989505247,330.004529,22844.750909543243,69.25911635775601,0.0001865061168417,61.5,1695.0,22845.052298,0.0013192897482250387,throughput_opt,throughput_gflops,single_configuration,gpu_resident
3090,RTX 3090,GPU,GPU board NVML,2,2048,gpu_resident,-1,0.0007534766741911,0.250474416854778,332.7494845,22800.79765235409,68.58931702378482,0.0001885706667215,64.0,1695.0,22801.1101255,0.0013704483091903086,throughput_opt,throughput_gflops,single_configuration,gpu_resident
3090,RTX 3090,GPU,GPU board NVML,3,2048,gpu_resident,-1,0.000751848758465,0.2509823175319789,333.667254,22850.166327434,68.45051616758231,0.0001887872861257,66.0,1695.0,22850.426692,0.0011394427605893043,throughput_opt,throughput_gflops,single_configuration,gpu_resident
3090,RTX 3090,GPU,GPU board NVML,4,2048,gpu_resident,-1,0.0007529011278195,0.2509364661654135,333.4992285,22818.227452726955,68.46302351558299,0.0001889601601899,63.0,1695.0,22818.546878,0.0013998689149197219,throughput_opt,throughput_gflops,single_configuration,gpu_resident
3090,RTX 3090,GPU,GPU board NVML,5,2048,gpu_resident,-1,0.0007522031602708,0.2481971407072987,330.0264025,22839.400432477694,69.21864262836286,0.0001867477912232,66.0,1695.0,22839.6607575,0.0011398067260026679,throughput_opt,throughput_gflops,single_configuration,gpu_resident
3090,RTX 3090,GPU,GPU board NVML,1,2048,gpu_resident,-1,0.0007520269865067,0.2480520989505247,330.004529,22844.750909543243,69.25911635775601,0.0001865061168417,61.5,1695.0,22845.052298,0.0013192897482250387,efficiency_opt,efficiency_gflop_per_j,single_configuration,gpu_resident
3090,RTX 3090,GPU,GPU board NVML,2,2048,gpu_resident,-1,0.0007534766741911,0.250474416854778,332.7494845,22800.79765235409,68.58931702378482,0.0001885706667215,64.0,1695.0,22801.1101255,0.0013704483091903086,efficiency_opt,efficiency_gflop_per_j,single_configuration,gpu_resident
3090,RTX 3090,GPU,GPU board NVML,3,2048,gpu_resident,-1,0.000751848758465,0.2509823175319789,333.667254,22850.166327434,68.45051616758231,0.0001887872861257,66.0,1695.0,22850.426692,0.0011394427605893043,efficiency_opt,efficiency_gflop_per_j,single_configuration,gpu_resident
3090,RTX 3090,GPU,GPU board NVML,4,2048,gpu_resident,-1,0.0007529011278195,0.2509364661654135,333.4992285,22818.227452726955,68.46302351558299,0.0001889601601899,63.0,1695.0,22818.546878,0.0013998689149197219,efficiency_opt,efficiency_gflop_per_j,single_configuration,gpu_resident
3090,RTX 3090,GPU,GPU board NVML,5,2048,gpu_resident,-1,0.0007522031602708,0.2481971407072987,330.0264025,22839.400432477694,69.21864262836286,0.0001867477912232,66.0,1695.0,22839.6607575,0.0011398067260026679,efficiency_opt,efficiency_gflop_per_j,single_configuration,gpu_resident
3090,RTX 3090,GPU,GPU board NVML,1,4096,gpu_resident,-1,0.0055481767955801,1.7094088397790057,307.8801125,24771.913105128402,80.40145240489588,0.0094890065737614,62.0,1680.0,24772.256441,0.0013859885191092047,energy_opt,energy_j,single_configuration,gpu_resident
3090,RTX 3090,GPU,GPU board NVML,2,4096,gpu_resident,-1,0.0055629222222222,1.7220583333333337,309.6614715,24706.251135953826,79.81085821057164,0.009575699664537,64.0,1680.0,24706.5518715,0.0012172447552583066,energy_opt,energy_j,single_configuration,gpu_resident
3090,RTX 3090,GPU,GPU board NVML,3,4096,gpu_resident,-1,0.0055513555555555,1.7268555555555556,311.126079,24757.728467681816,79.58914283817086,0.0095846388145833,66.0,1680.0,24758.114836,0.0015605967998544301,energy_opt,energy_j,single_configuration,gpu_resident
3090,RTX 3090,GPU,GPU board NVML,4,4096,gpu_resident,-1,0.0055656583333333,1.717661111111111,308.73627,24694.10539430061,80.01517446191365,0.0095613850675,63.0,1676.0,24694.4054045,0.00121490612678965,energy_opt,energy_j,single_configuration,gpu_resident
3090,RTX 3090,GPU,GPU board NVML,5,4096,gpu_resident,-1,0.0055487361111111,1.7184388888888886,309.7518815,24769.41608320218,79.97895901952354,0.0095460156409567,64.0,1680.0,24769.68959,0.0011042117299187026,energy_opt,energy_j,single_configuration,gpu_resident
3090,RTX 3090,GPU,GPU board NVML,1,4096,gpu_resident,-1,0.0055481767955801,1.7094088397790057,307.8801125,24771.913105128402,80.40145240489588,0.0094890065737614,62.0,1680.0,24772.256441,0.0013859885191092047,runtime_opt,runtime_s,single_configuration,gpu_resident
3090,RTX 3090,GPU,GPU board NVML,2,4096,gpu_resident,-1,0.0055629222222222,1.7220583333333337,309.6614715,24706.251135953826,79.81085821057164,0.009575699664537,64.0,1680.0,24706.5518715,0.0012172447552583066,runtime_opt,runtime_s,single_configuration,gpu_resident
3090,RTX 3090,GPU,GPU board NVML,3,4096,gpu_resident,-1,0.0055513555555555,1.7268555555555556,311.126079,24757.728467681816,79.58914283817086,0.0095846388145833,66.0,1680.0,24758.114836,0.0015605967998544301,runtime_opt,runtime_s,single_configuration,gpu_resident
3090,RTX 3090,GPU,GPU board NVML,4,4096,gpu_resident,-1,0.0055656583333333,1.717661111111111,308.73627,24694.10539430061,80.01517446191365,0.0095613850675,63.0,1676.0,24694.4054045,0.00121490612678965,runtime_opt,runtime_s,single_configuration,gpu_resident
3090,RTX 3090,GPU,GPU board NVML,5,4096,gpu_resident,-1,0.0055487361111111,1.7184388888888886,309.7518815,24769.41608320218,79.97895901952354,0.0095460156409567,64.0,1680.0,24769.68959,0.0011042117299187026,runtime_opt,runtime_s,single_configuration,gpu_resident
3090,RTX 3090,GPU,GPU board NVML,1,4096,gpu_resident,-1,0.0055481767955801,1.7094088397790057,307.8801125,24771.913105128402,80.40145240489588,0.0094890065737614,62.0,1680.0,24772.256441,0.0013859885191092047,edp_opt,edp_j_s,single_configuration,gpu_resident
3090,RTX 3090,GPU,GPU board NVML,2,4096,gpu_resident,-1,0.0055629222222222,1.7220583333333337,309.6614715,24706.251135953826,79.81085821057164,0.009575699664537,64.0,1680.0,24706.5518715,0.0012172447552583066,edp_opt,edp_j_s,single_configuration,gpu_resident
3090,RTX 3090,GPU,GPU board NVML,3,4096,gpu_resident,-1,0.0055513555555555,1.7268555555555556,311.126079,24757.728467681816,79.58914283817086,0.0095846388145833,66.0,1680.0,24758.114836,0.0015605967998544301,edp_opt,edp_j_s,single_configuration,gpu_resident
3090,RTX 3090,GPU,GPU board NVML,4,4096,gpu_resident,-1,0.0055656583333333,1.717661111111111,308.73627,24694.10539430061,80.01517446191365,0.0095613850675,63.0,1676.0,24694.4054045,0.00121490612678965,edp_opt,edp_j_s,single_configuration,gpu_resident
3090,RTX 3090,GPU,GPU board NVML,5,4096,gpu_resident,-1,0.0055487361111111,1.7184388888888886,309.7518815,24769.41608320218,79.97895901952354,0.0095460156409567,64.0,1680.0,24769.68959,0.0011042117299187026,edp_opt,edp_j_s,single_configuration,gpu_resident
3090,RTX 3090,GPU,GPU board NVML,1,4096,gpu_resident,-1,0.0055481767955801,1.7094088397790057,307.8801125,24771.913105128402,80.40145240489588,0.0094890065737614,62.0,1680.0,24772.256441,0.0013859885191092047,throughput_opt,throughput_gflops,single_configuration,gpu_resident
3090,RTX 3090,GPU,GPU board NVML,2,4096,gpu_resident,-1,0.0055629222222222,1.7220583333333337,309.6614715,24706.251135953826,79.81085821057164,0.009575699664537,64.0,1680.0,24706.5518715,0.0012172447552583066,throughput_opt,throughput_gflops,single_configuration,gpu_resident
3090,RTX 3090,GPU,GPU board NVML,3,4096,gpu_resident,-1,0.0055513555555555,1.7268555555555556,311.126079,24757.728467681816,79.58914283817086,0.0095846388145833,66.0,1680.0,24758.114836,0.0015605967998544301,throughput_opt,throughput_gflops,single_configuration,gpu_resident
3090,RTX 3090,GPU,GPU board NVML,4,4096,gpu_resident,-1,0.0055656583333333,1.717661111111111,308.73627,24694.10539430061,80.01517446191365,0.0095613850675,63.0,1676.0,24694.4054045,0.00121490612678965,throughput_opt,throughput_gflops,single_configuration,gpu_resident
3090,RTX 3090,GPU,GPU board NVML,5,4096,gpu_resident,-1,0.0055487361111111,1.7184388888888886,309.7518815,24769.41608320218,79.97895901952354,0.0095460156409567,64.0,1680.0,24769.68959,0.0011042117299187026,throughput_opt,throughput_gflops,single_configuration,gpu_resident
3090,RTX 3090,GPU,GPU board NVML,1,4096,gpu_resident,-1,0.0055481767955801,1.7094088397790057,307.8801125,24771.913105128402,80.40145240489588,0.0094890065737614,62.0,1680.0,24772.256441,0.0013859885191092047,efficiency_opt,efficiency_gflop_per_j,single_configuration,gpu_resident
3090,RTX 3090,GPU,GPU board NVML,2,4096,gpu_resident,-1,0.0055629222222222,1.7220583333333337,309.6614715,24706.251135953826,79.81085821057164,0.009575699664537,64.0,1680.0,24706.5518715,0.0012172447552583066,efficiency_opt,efficiency_gflop_per_j,single_configuration,gpu_resident
3090,RTX 3090,GPU,GPU board NVML,3,4096,gpu_resident,-1,0.0055513555555555,1.7268555555555556,311.126079,24757.728467681816,79.58914283817086,0.0095846388145833,66.0,1680.0,24758.114836,0.0015605967998544301,efficiency_opt,efficiency_gflop_per_j,single_configuration,gpu_resident
3090,RTX 3090,GPU,GPU board NVML,4,4096,gpu_resident,-1,0.0055656583333333,1.717661111111111,308.73627,24694.10539430061,80.01517446191365,0.0095613850675,63.0,1676.0,24694.4054045,0.00121490612678965,efficiency_opt,efficiency_gflop_per_j,single_configuration,gpu_resident
3090,RTX 3090,GPU,GPU board NVML,5,4096,gpu_resident,-1,0.0055487361111111,1.7184388888888886,309.7518815,24769.41608320218,79.97895901952354,0.0095460156409567,64.0,1680.0,24769.68959,0.0011042117299187026,efficiency_opt,efficiency_gflop_per_j,single_configuration,gpu_resident
3090,RTX 3090,GPU,GPU board NVML,1,8192,gpu_resident,-1,0.0417421458333333,13.157,315.1973825,26340.563136502245,83.56856637348939,0.5491252291987847,64.0,1605.0,26340.8891165,0.001237558954469975,energy_opt,energy_j,single_configuration,gpu_resident
3090,RTX 3090,GPU,GPU board NVML,2,8192,gpu_resident,-1,0.0417100624999999,13.143166666666668,315.195922,26360.824268148786,83.65652324599601,0.5480490780303819,64.0,1605.0,26361.1509355,0.0012392152380913402,energy_opt,energy_j,single_configuration,gpu_resident
3090,RTX 3090,GPU,GPU board NVML,3,8192,gpu_resident,-1,0.0417959791666666,13.206083333333334,316.2808735,26306.636420493043,83.257965289431,0.5512588548602431,66.0,1605.0,26307.033062,0.0015077621502657124,energy_opt,energy_j,single_configuration,gpu_resident
3090,RTX 3090,GPU,GPU board NVML,4,8192,gpu_resident,-1,0.0417307083333333,13.133895833333334,314.620942,26347.782524883278,83.71557394154755,0.5482763006675347,65.0,1605.0,26348.0651525,0.0010726808468808358,energy_opt,energy_j,single_configuration,gpu_resident
3090,RTX 3090,GPU,GPU board NVML,5,8192,gpu_resident,-1,0.0417390208333333,13.074854166666666,313.069397,26342.53525415518,84.09360546285252,0.5463210667395832,64.0,1605.0,26342.8801185,0.0013091539652343442,energy_opt,energy_j,single_configuration,gpu_resident
3090,RTX 3090,GPU,GPU board NVML,1,8192,gpu_resident,-1,0.0417421458333333,13.157,315.1973825,26340.563136502245,83.56856637348939,0.5491252291987847,64.0,1605.0,26340.8891165,0.001237558954469975,runtime_opt,runtime_s,single_configuration,gpu_resident
3090,RTX 3090,GPU,GPU board NVML,2,8192,gpu_resident,-1,0.0417100624999999,13.143166666666668,315.195922,26360.824268148786,83.65652324599601,0.5480490780303819,64.0,1605.0,26361.1509355,0.0012392152380913402,runtime_opt,runtime_s,single_configuration,gpu_resident
3090,RTX 3090,GPU,GPU board NVML,3,8192,gpu_resident,-1,0.0417959791666666,13.206083333333334,316.2808735,26306.636420493043,83.257965289431,0.5512588548602431,66.0,1605.0,26307.033062,0.0015077621502657124,runtime_opt,runtime_s,single_configuration,gpu_resident
3090,RTX 3090,GPU,GPU board NVML,4,8192,gpu_resident,-1,0.0417307083333333,13.133895833333334,314.620942,26347.782524883278,83.71557394154755,0.5482763006675347,65.0,1605.0,26348.0651525,0.0010726808468808358,runtime_opt,runtime_s,single_configuration,gpu_resident
3090,RTX 3090,GPU,GPU board NVML,5,8192,gpu_resident,-1,0.0417390208333333,13.074854166666666,313.069397,26342.53525415518,84.09360546285252,0.5463210667395832,64.0,1605.0,26342.8801185,0.0013091539652343442,runtime_opt,runtime_s,single_configuration,gpu_resident
3090,RTX 3090,GPU,GPU board NVML,1,8192,gpu_resident,-1,0.0417421458333333,13.157,315.1973825,26340.563136502245,83.56856637348939,0.5491252291987847,64.0,1605.0,26340.8891165,0.001237558954469975,edp_opt,edp_j_s,single_configuration,gpu_resident
3090,RTX 3090,GPU,GPU board NVML,2,8192,gpu_resident,-1,0.0417100624999999,13.143166666666668,315.195922,26360.824268148786,83.65652324599601,0.5480490780303819,64.0,1605.0,26361.1509355,0.0012392152380913402,edp_opt,edp_j_s,single_configuration,gpu_resident
3090,RTX 3090,GPU,GPU board NVML,3,8192,gpu_resident,-1,0.0417959791666666,13.206083333333334,316.2808735,26306.636420493043,83.257965289431,0.5512588548602431,66.0,1605.0,26307.033062,0.0015077621502657124,edp_opt,edp_j_s,single_configuration,gpu_resident
3090,RTX 3090,GPU,GPU board NVML,4,8192,gpu_resident,-1,0.0417307083333333,13.133895833333334,314.620942,26347.782524883278,83.71557394154755,0.5482763006675347,65.0,1605.0,26348.0651525,0.0010726808468808358,edp_opt,edp_j_s,single_configuration,gpu_resident
3090,RTX 3090,GPU,GPU board NVML,5,8192,gpu_resident,-1,0.0417390208333333,13.074854166666666,313.069397,26342.53525415518,84.09360546285252,0.5463210667395832,64.0,1605.0,26342.8801185,0.0013091539652343442,edp_opt,edp_j_s,single_configuration,gpu_resident
3090,RTX 3090,GPU,GPU board NVML,1,8192,gpu_resident,-1,0.0417421458333333,13.157,315.1973825,26340.563136502245,83.56856637348939,0.5491252291987847,64.0,1605.0,26340.8891165,0.001237558954469975,throughput_opt,throughput_gflops,single_configuration,gpu_resident
3090,RTX 3090,GPU,GPU board NVML,2,8192,gpu_resident,-1,0.0417100624999999,13.143166666666668,315.195922,26360.824268148786,83.65652324599601,0.5480490780303819,64.0,1605.0,26361.1509355,0.0012392152380913402,throughput_opt,throughput_gflops,single_configuration,gpu_resident
3090,RTX 3090,GPU,GPU board NVML,3,8192,gpu_resident,-1,0.0417959791666666,13.206083333333334,316.2808735,26306.636420493043,83.257965289431,0.5512588548602431,66.0,1605.0,26307.033062,0.0015077621502657124,throughput_opt,throughput_gflops,single_configuration,gpu_resident
3090,RTX 3090,GPU,GPU board NVML,4,8192,gpu_resident,-1,0.0417307083333333,13.133895833333334,314.620942,26347.782524883278,83.71557394154755,0.5482763006675347,65.0,1605.0,26348.0651525,0.0010726808468808358,throughput_opt,throughput_gflops,single_configuration,gpu_resident
3090,RTX 3090,GPU,GPU board NVML,5,8192,gpu_resident,-1,0.0417390208333333,13.074854166666666,313.069397,26342.53525415518,84.09360546285252,0.5463210667395832,64.0,1605.0,26342.8801185,0.0013091539652343442,throughput_opt,throughput_gflops,single_configuration,gpu_resident
3090,RTX 3090,GPU,GPU board NVML,1,8192,gpu_resident,-1,0.0417421458333333,13.157,315.1973825,26340.563136502245,83.56856637348939,0.5491252291987847,64.0,1605.0,26340.8891165,0.001237558954469975,efficiency_opt,efficiency_gflop_per_j,single_configuration,gpu_resident
3090,RTX 3090,GPU,GPU board NVML,2,8192,gpu_resident,-1,0.0417100624999999,13.143166666666668,315.195922,26360.824268148786,83.65652324599601,0.5480490780303819,64.0,1605.0,26361.1509355,0.0012392152380913402,efficiency_opt,efficiency_gflop_per_j,single_configuration,gpu_resident
3090,RTX 3090,GPU,GPU board NVML,3,8192,gpu_resident,-1,0.0417959791666666,13.206083333333334,316.2808735,26306.636420493043,83.257965289431,0.5512588548602431,66.0,1605.0,26307.033062,0.0015077621502657124,efficiency_opt,efficiency_gflop_per_j,single_configuration,gpu_resident
3090,RTX 3090,GPU,GPU board NVML,4,8192,gpu_resident,-1,0.0417307083333333,13.133895833333334,314.620942,26347.782524883278,83.71557394154755,0.5482763006675347,65.0,1605.0,26348.0651525,0.0010726808468808358,efficiency_opt,efficiency_gflop_per_j,single_configuration,gpu_resident
3090,RTX 3090,GPU,GPU board NVML,5,8192,gpu_resident,-1,0.0417390208333333,13.074854166666666,313.069397,26342.53525415518,84.09360546285252,0.5463210667395832,64.0,1605.0,26342.8801185,0.0013091539652343442,efficiency_opt,efficiency_gflop_per_j,single_configuration,gpu_resident
3090,RTX 3090,GPU,GPU board NVML,1,16384,gpu_resident,-1,0.332597875,103.701,311.824987,26446.63025044282,84.82167985080183,34.509115832625,63.0,1601.0,26446.935581,0.0011545159223969037,energy_opt,energy_j,single_configuration,gpu_resident
3090,RTX 3090,GPU,GPU board NVML,2,16384,gpu_resident,-1,0.331504875,103.080375,310.8401675,26533.827058223505,85.33237313317883,34.18336661315625,65.0,1601.0,26534.072383500003,0.000924575546368267,energy_opt,energy_j,single_configuration,gpu_resident
3090,RTX 3090,GPU,GPU board NVML,3,16384,gpu_resident,-1,0.3319046249999999,104.2845,314.5210985,26501.869391569948,84.34707959675696,34.562527668875,65.0,1597.0,26502.1149035,0.0009263947626791946,energy_opt,energy_j,single_configuration,gpu_resident
3090,RTX 3090,GPU,GPU board NVML,4,16384,gpu_resident,-1,0.33249425,103.273875,310.739581,26454.872594662913,85.17248938521963,34.309241904125,62.0,1590.0,26455.120476,0.0009369969036887582,energy_opt,energy_j,single_configuration,gpu_resident
3090,RTX 3090,GPU,GPU board NVML,5,16384,gpu_resident,-1,0.333069375,103.623875,311.1984275,26409.19184541659,84.88481078523651,34.50502702403125,63.0,1590.0,26409.4297065,0.0009006753588058913,energy_opt,energy_j,single_configuration,gpu_resident
3090,RTX 3090,GPU,GPU board NVML,1,16384,gpu_resident,-1,0.332597875,103.701,311.824987,26446.63025044282,84.82167985080183,34.509115832625,63.0,1601.0,26446.935581,0.0011545159223969037,runtime_opt,runtime_s,single_configuration,gpu_resident
3090,RTX 3090,GPU,GPU board NVML,2,16384,gpu_resident,-1,0.331504875,103.080375,310.8401675,26533.827058223505,85.33237313317883,34.18336661315625,65.0,1601.0,26534.072383500003,0.000924575546368267,runtime_opt,runtime_s,single_configuration,gpu_resident
3090,RTX 3090,GPU,GPU board NVML,3,16384,gpu_resident,-1,0.3319046249999999,104.2845,314.5210985,26501.869391569948,84.34707959675696,34.562527668875,65.0,1597.0,26502.1149035,0.0009263947626791946,runtime_opt,runtime_s,single_configuration,gpu_resident
3090,RTX 3090,GPU,GPU board NVML,4,16384,gpu_resident,-1,0.33249425,103.273875,310.739581,26454.872594662913,85.17248938521963,34.309241904125,62.0,1590.0,26455.120476,0.0009369969036887582,runtime_opt,runtime_s,single_configuration,gpu_resident
3090,RTX 3090,GPU,GPU board NVML,5,16384,gpu_resident,-1,0.333069375,103.623875,311.1984275,26409.19184541659,84.88481078523651,34.50502702403125,63.0,1590.0,26409.4297065,0.0009006753588058913,runtime_opt,runtime_s,single_configuration,gpu_resident
3090,RTX 3090,GPU,GPU board NVML,1,16384,gpu_resident,-1,0.332597875,103.701,311.824987,26446.63025044282,84.82167985080183,34.509115832625,63.0,1601.0,26446.935581,0.0011545159223969037,edp_opt,edp_j_s,single_configuration,gpu_resident
3090,RTX 3090,GPU,GPU board NVML,2,16384,gpu_resident,-1,0.331504875,103.080375,310.8401675,26533.827058223505,85.33237313317883,34.18336661315625,65.0,1601.0,26534.072383500003,0.000924575546368267,edp_opt,edp_j_s,single_configuration,gpu_resident
3090,RTX 3090,GPU,GPU board NVML,3,16384,gpu_resident,-1,0.3319046249999999,104.2845,314.5210985,26501.869391569948,84.34707959675696,34.562527668875,65.0,1597.0,26502.1149035,0.0009263947626791946,edp_opt,edp_j_s,single_configuration,gpu_resident
3090,RTX 3090,GPU,GPU board NVML,4,16384,gpu_resident,-1,0.33249425,103.273875,310.739581,26454.872594662913,85.17248938521963,34.309241904125,62.0,1590.0,26455.120476,0.0009369969036887582,edp_opt,edp_j_s,single_configuration,gpu_resident
3090,RTX 3090,GPU,GPU board NVML,5,16384,gpu_resident,-1,0.333069375,103.623875,311.1984275,26409.19184541659,84.88481078523651,34.50502702403125,63.0,1590.0,26409.4297065,0.0009006753588058913,edp_opt,edp_j_s,single_configuration,gpu_resident
3090,RTX 3090,GPU,GPU board NVML,1,16384,gpu_resident,-1,0.332597875,103.701,311.824987,26446.63025044282,84.82167985080183,34.509115832625,63.0,1601.0,26446.935581,0.0011545159223969037,throughput_opt,throughput_gflops,single_configuration,gpu_resident
3090,RTX 3090,GPU,GPU board NVML,2,16384,gpu_resident,-1,0.331504875,103.080375,310.8401675,26533.827058223505,85.33237313317883,34.18336661315625,65.0,1601.0,26534.072383500003,0.000924575546368267,throughput_opt,throughput_gflops,single_configuration,gpu_resident
3090,RTX 3090,GPU,GPU board NVML,3,16384,gpu_resident,-1,0.3319046249999999,104.2845,314.5210985,26501.869391569948,84.34707959675696,34.562527668875,65.0,1597.0,26502.1149035,0.0009263947626791946,throughput_opt,throughput_gflops,single_configuration,gpu_resident
3090,RTX 3090,GPU,GPU board NVML,4,16384,gpu_resident,-1,0.33249425,103.273875,310.739581,26454.872594662913,85.17248938521963,34.309241904125,62.0,1590.0,26455.120476,0.0009369969036887582,throughput_opt,throughput_gflops,single_configuration,gpu_resident
3090,RTX 3090,GPU,GPU board NVML,5,16384,gpu_resident,-1,0.333069375,103.623875,311.1984275,26409.19184541659,84.88481078523651,34.50502702403125,63.0,1590.0,26409.4297065,0.0009006753588058913,throughput_opt,throughput_gflops,single_configuration,gpu_resident
3090,RTX 3090,GPU,GPU board NVML,1,16384,gpu_resident,-1,0.332597875,103.701,311.824987,26446.63025044282,84.82167985080183,34.509115832625,63.0,1601.0,26446.935581,0.0011545159223969037,efficiency_opt,efficiency_gflop_per_j,single_configuration,gpu_resident
3090,RTX 3090,GPU,GPU board NVML,2,16384,gpu_resident,-1,0.331504875,103.080375,310.8401675,26533.827058223505,85.33237313317883,34.18336661315625,65.0,1601.0,26534.072383500003,0.000924575546368267,efficiency_opt,efficiency_gflop_per_j,single_configuration,gpu_resident
3090,RTX 3090,GPU,GPU board NVML,3,16384,gpu_resident,-1,0.3319046249999999,104.2845,314.5210985,26501.869391569948,84.34707959675696,34.562527668875,65.0,1597.0,26502.1149035,0.0009263947626791946,efficiency_opt,efficiency_gflop_per_j,single_configuration,gpu_resident
3090,RTX 3090,GPU,GPU board NVML,4,16384,gpu_resident,-1,0.33249425,103.273875,310.739581,26454.872594662913,85.17248938521963,34.309241904125,62.0,1590.0,26455.120476,0.0009369969036887582,efficiency_opt,efficiency_gflop_per_j,single_configuration,gpu_resident
3090,RTX 3090,GPU,GPU board NVML,5,16384,gpu_resident,-1,0.333069375,103.623875,311.1984275,26409.19184541659,84.88481078523651,34.50502702403125,63.0,1590.0,26409.4297065,0.0009006753588058913,efficiency_opt,efficiency_gflop_per_j,single_configuration,gpu_resident
5060ti,RTX 5060 Ti,GPU,GPU board NVML,1,64,gpu_resident,-1,9.769017892877015e-06,0.0003295783996954,33.730943499999995,53.668445052422264,1.590783863519432,3.2217173522333052e-09,48.5,2797.0,53.668523,0.0001452391207967807,energy_opt,energy_j,single_configuration,gpu_resident
5060ti,RTX 5060 Ti,GPU,GPU board NVML,2,64,gpu_resident,-1,9.9198e-06,0.000336495,33.869034,52.852678481420995,1.5580855584778375,3.33413418455e-09,48.5,2797.0,52.8527485,0.0001324787711975972,energy_opt,energy_j,single_configuration,gpu_resident
5060ti,RTX 5060 Ti,GPU,GPU board NVML,3,64,gpu_resident,-1,9.93450120221797e-06,0.0003328180970606,33.5518965,52.774466410346584,1.575298953483701,3.305062765486325e-09,48.5,2797.0,52.7742835,-0.00034658871803650015,energy_opt,energy_j,single_configuration,gpu_resident
5060ti,RTX 5060 Ti,GPU,GPU board NVML,4,64,gpu_resident,-1,9.897531519314483e-06,0.0003318445800536,33.558896000000004,52.97159185367393,1.5799203347401856,3.290943980781465e-09,48.0,2797.0,52.9714905,-0.00019133590359876607,energy_opt,energy_j,single_configuration,gpu_resident
5060ti,RTX 5060 Ti,GPU,GPU board NVML,5,64,gpu_resident,-1,1.0075756380418918e-05,0.0003347796931087,33.203019,52.03460466937191,1.5660687036646763,3.386740429400213e-09,48.5,2797.0,52.0342435,-0.0006940945822542233,energy_opt,energy_j,single_configuration,gpu_resident
5060ti,RTX 5060 Ti,GPU,GPU board NVML,1,64,gpu_resident,-1,9.769017892877015e-06,0.0003295783996954,33.730943499999995,53.668445052422264,1.590783863519432,3.2217173522333052e-09,48.5,2797.0,53.668523,0.0001452391207967807,runtime_opt,runtime_s,single_configuration,gpu_resident
5060ti,RTX 5060 Ti,GPU,GPU board NVML,2,64,gpu_resident,-1,9.9198e-06,0.000336495,33.869034,52.852678481420995,1.5580855584778375,3.33413418455e-09,48.5,2797.0,52.8527485,0.0001324787711975972,runtime_opt,runtime_s,single_configuration,gpu_resident
5060ti,RTX 5060 Ti,GPU,GPU board NVML,3,64,gpu_resident,-1,9.93450120221797e-06,0.0003328180970606,33.5518965,52.774466410346584,1.575298953483701,3.305062765486325e-09,48.5,2797.0,52.7742835,-0.00034658871803650015,runtime_opt,runtime_s,single_configuration,gpu_resident
5060ti,RTX 5060 Ti,GPU,GPU board NVML,4,64,gpu_resident,-1,9.897531519314483e-06,0.0003318445800536,33.558896000000004,52.97159185367393,1.5799203347401856,3.290943980781465e-09,48.0,2797.0,52.9714905,-0.00019133590359876607,runtime_opt,runtime_s,single_configuration,gpu_resident
5060ti,RTX 5060 Ti,GPU,GPU board NVML,5,64,gpu_resident,-1,1.0075756380418918e-05,0.0003347796931087,33.203019,52.03460466937191,1.5660687036646763,3.386740429400213e-09,48.5,2797.0,52.0342435,-0.0006940945822542233,runtime_opt,runtime_s,single_configuration,gpu_resident
5060ti,RTX 5060 Ti,GPU,GPU board NVML,1,64,gpu_resident,-1,9.769017892877015e-06,0.0003295783996954,33.730943499999995,53.668445052422264,1.590783863519432,3.2217173522333052e-09,48.5,2797.0,53.668523,0.0001452391207967807,edp_opt,edp_j_s,single_configuration,gpu_resident
5060ti,RTX 5060 Ti,GPU,GPU board NVML,2,64,gpu_resident,-1,9.9198e-06,0.000336495,33.869034,52.852678481420995,1.5580855584778375,3.33413418455e-09,48.5,2797.0,52.8527485,0.0001324787711975972,edp_opt,edp_j_s,single_configuration,gpu_resident
5060ti,RTX 5060 Ti,GPU,GPU board NVML,3,64,gpu_resident,-1,9.93450120221797e-06,0.0003328180970606,33.5518965,52.774466410346584,1.575298953483701,3.305062765486325e-09,48.5,2797.0,52.7742835,-0.00034658871803650015,edp_opt,edp_j_s,single_configuration,gpu_resident
5060ti,RTX 5060 Ti,GPU,GPU board NVML,4,64,gpu_resident,-1,9.897531519314483e-06,0.0003318445800536,33.558896000000004,52.97159185367393,1.5799203347401856,3.290943980781465e-09,48.0,2797.0,52.9714905,-0.00019133590359876607,edp_opt,edp_j_s,single_configuration,gpu_resident
5060ti,RTX 5060 Ti,GPU,GPU board NVML,5,64,gpu_resident,-1,1.0075756380418918e-05,0.0003347796931087,33.203019,52.03460466937191,1.5660687036646763,3.386740429400213e-09,48.5,2797.0,52.0342435,-0.0006940945822542233,edp_opt,edp_j_s,single_configuration,gpu_resident
5060ti,RTX 5060 Ti,GPU,GPU board NVML,1,64,gpu_resident,-1,9.769017892877015e-06,0.0003295783996954,33.730943499999995,53.668445052422264,1.590783863519432,3.2217173522333052e-09,48.5,2797.0,53.668523,0.0001452391207967807,throughput_opt,throughput_gflops,single_configuration,gpu_resident
5060ti,RTX 5060 Ti,GPU,GPU board NVML,2,64,gpu_resident,-1,9.9198e-06,0.000336495,33.869034,52.852678481420995,1.5580855584778375,3.33413418455e-09,48.5,2797.0,52.8527485,0.0001324787711975972,throughput_opt,throughput_gflops,single_configuration,gpu_resident
5060ti,RTX 5060 Ti,GPU,GPU board NVML,3,64,gpu_resident,-1,9.93450120221797e-06,0.0003328180970606,33.5518965,52.774466410346584,1.575298953483701,3.305062765486325e-09,48.5,2797.0,52.7742835,-0.00034658871803650015,throughput_opt,throughput_gflops,single_configuration,gpu_resident
5060ti,RTX 5060 Ti,GPU,GPU board NVML,4,64,gpu_resident,-1,9.897531519314483e-06,0.0003318445800536,33.558896000000004,52.97159185367393,1.5799203347401856,3.290943980781465e-09,48.0,2797.0,52.9714905,-0.00019133590359876607,throughput_opt,throughput_gflops,single_configuration,gpu_resident
5060ti,RTX 5060 Ti,GPU,GPU board NVML,5,64,gpu_resident,-1,1.0075756380418918e-05,0.0003347796931087,33.203019,52.03460466937191,1.5660687036646763,3.386740429400213e-09,48.5,2797.0,52.0342435,-0.0006940945822542233,throughput_opt,throughput_gflops,single_configuration,gpu_resident
5060ti,RTX 5060 Ti,GPU,GPU board NVML,1,64,gpu_resident,-1,9.769017892877015e-06,0.0003295783996954,33.730943499999995,53.668445052422264,1.590783863519432,3.2217173522333052e-09,48.5,2797.0,53.668523,0.0001452391207967807,efficiency_opt,efficiency_gflop_per_j,single_configuration,gpu_resident
5060ti,RTX 5060 Ti,GPU,GPU board NVML,2,64,gpu_resident,-1,9.9198e-06,0.000336495,33.869034,52.852678481420995,1.5580855584778375,3.33413418455e-09,48.5,2797.0,52.8527485,0.0001324787711975972,efficiency_opt,efficiency_gflop_per_j,single_configuration,gpu_resident
5060ti,RTX 5060 Ti,GPU,GPU board NVML,3,64,gpu_resident,-1,9.93450120221797e-06,0.0003328180970606,33.5518965,52.774466410346584,1.575298953483701,3.305062765486325e-09,48.5,2797.0,52.7742835,-0.00034658871803650015,efficiency_opt,efficiency_gflop_per_j,single_configuration,gpu_resident
5060ti,RTX 5060 Ti,GPU,GPU board NVML,4,64,gpu_resident,-1,9.897531519314483e-06,0.0003318445800536,33.558896000000004,52.97159185367393,1.5799203347401856,3.290943980781465e-09,48.0,2797.0,52.9714905,-0.00019133590359876607,efficiency_opt,efficiency_gflop_per_j,single_configuration,gpu_resident
5060ti,RTX 5060 Ti,GPU,GPU board NVML,5,64,gpu_resident,-1,1.0075756380418918e-05,0.0003347796931087,33.203019,52.03460466937191,1.5660687036646763,3.386740429400213e-09,48.5,2797.0,52.0342435,-0.0006940945822542233,efficiency_opt,efficiency_gflop_per_j,single_configuration,gpu_resident
5060ti,RTX 5060 Ti,GPU,GPU board NVML,1,128,gpu_resident,-1,9.78786126601135e-06,0.0004074502386389,41.464335000000005,428.5209900312799,10.294027594660887,3.989367232476502e-09,49.0,2790.0,428.5207945,-4.5629335421182304e-05,energy_opt,energy_j,single_configuration,gpu_resident
5060ti,RTX 5060 Ti,GPU,GPU board NVML,2,128,gpu_resident,-1,9.874560938757087e-06,0.000407041659308,41.3126315,424.75853114011346,10.304360509758677,4.018558062955642e-09,50.0,2790.0,424.758164,-8.643501814287191e-05,energy_opt,energy_j,single_configuration,gpu_resident
5060ti,RTX 5060 Ti,GPU,GPU board NVML,3,128,gpu_resident,-1,9.920947202035968e-06,0.0004245956397689,42.9148225,422.77253518083927,9.878349203686797,4.223841923244174e-09,51.0,2782.0,422.770218,-0.0005480916205446995,energy_opt,energy_j,single_configuration,gpu_resident
5060ti,RTX 5060 Ti,GPU,GPU board NVML,4,128,gpu_resident,-1,9.920571233570831e-06,0.0004407619205195,44.03391499999999,422.78855735712443,9.516030774746653,4.358447073998479e-09,51.0,2782.0,422.7861855,-0.0005610031499569956,energy_opt,energy_j,single_configuration,gpu_resident
5060ti,RTX 5060 Ti,GPU,GPU board NVML,5,128,gpu_resident,-1,1.003193120060518e-05,0.0004186242111759,41.7281745,418.0953712827473,10.019258055377053,4.203116042249507e-09,49.0,2790.0,418.096856,0.00035511449174574494,energy_opt,energy_j,single_configuration,gpu_resident
5060ti,RTX 5060 Ti,GPU,GPU board NVML,1,128,gpu_resident,-1,9.78786126601135e-06,0.0004074502386389,41.464335000000005,428.5209900312799,10.294027594660887,3.989367232476502e-09,49.0,2790.0,428.5207945,-4.5629335421182304e-05,runtime_opt,runtime_s,single_configuration,gpu_resident
5060ti,RTX 5060 Ti,GPU,GPU board NVML,2,128,gpu_resident,-1,9.874560938757087e-06,0.000407041659308,41.3126315,424.75853114011346,10.304360509758677,4.018558062955642e-09,50.0,2790.0,424.758164,-8.643501814287191e-05,runtime_opt,runtime_s,single_configuration,gpu_resident
5060ti,RTX 5060 Ti,GPU,GPU board NVML,3,128,gpu_resident,-1,9.920947202035968e-06,0.0004245956397689,42.9148225,422.77253518083927,9.878349203686797,4.223841923244174e-09,51.0,2782.0,422.770218,-0.0005480916205446995,runtime_opt,runtime_s,single_configuration,gpu_resident
5060ti,RTX 5060 Ti,GPU,GPU board NVML,4,128,gpu_resident,-1,9.920571233570831e-06,0.0004407619205195,44.03391499999999,422.78855735712443,9.516030774746653,4.358447073998479e-09,51.0,2782.0,422.7861855,-0.0005610031499569956,runtime_opt,runtime_s,single_configuration,gpu_resident
5060ti,RTX 5060 Ti,GPU,GPU board NVML,5,128,gpu_resident,-1,1.003193120060518e-05,0.0004186242111759,41.7281745,418.0953712827473,10.019258055377053,4.203116042249507e-09,49.0,2790.0,418.096856,0.00035511449174574494,runtime_opt,runtime_s,single_configuration,gpu_resident
5060ti,RTX 5060 Ti,GPU,GPU board NVML,1,128,gpu_resident,-1,9.78786126601135e-06,0.0004074502386389,41.464335000000005,428.5209900312799,10.294027594660887,3.989367232476502e-09,49.0,2790.0,428.5207945,-4.5629335421182304e-05,edp_opt,edp_j_s,single_configuration,gpu_resident
5060ti,RTX 5060 Ti,GPU,GPU board NVML,2,128,gpu_resident,-1,9.874560938757087e-06,0.000407041659308,41.3126315,424.75853114011346,10.304360509758677,4.018558062955642e-09,50.0,2790.0,424.758164,-8.643501814287191e-05,edp_opt,edp_j_s,single_configuration,gpu_resident
5060ti,RTX 5060 Ti,GPU,GPU board NVML,3,128,gpu_resident,-1,9.920947202035968e-06,0.0004245956397689,42.9148225,422.77253518083927,9.878349203686797,4.223841923244174e-09,51.0,2782.0,422.770218,-0.0005480916205446995,edp_opt,edp_j_s,single_configuration,gpu_resident
5060ti,RTX 5060 Ti,GPU,GPU board NVML,4,128,gpu_resident,-1,9.920571233570831e-06,0.0004407619205195,44.03391499999999,422.78855735712443,9.516030774746653,4.358447073998479e-09,51.0,2782.0,422.7861855,-0.0005610031499569956,edp_opt,edp_j_s,single_configuration,gpu_resident
5060ti,RTX 5060 Ti,GPU,GPU board NVML,5,128,gpu_resident,-1,1.003193120060518e-05,0.0004186242111759,41.7281745,418.0953712827473,10.019258055377053,4.203116042249507e-09,49.0,2790.0,418.096856,0.00035511449174574494,edp_opt,edp_j_s,single_configuration,gpu_resident
5060ti,RTX 5060 Ti,GPU,GPU board NVML,1,128,gpu_resident,-1,9.78786126601135e-06,0.0004074502386389,41.464335000000005,428.5209900312799,10.294027594660887,3.989367232476502e-09,49.0,2790.0,428.5207945,-4.5629335421182304e-05,throughput_opt,throughput_gflops,single_configuration,gpu_resident
5060ti,RTX 5060 Ti,GPU,GPU board NVML,2,128,gpu_resident,-1,9.874560938757087e-06,0.000407041659308,41.3126315,424.75853114011346,10.304360509758677,4.018558062955642e-09,50.0,2790.0,424.758164,-8.643501814287191e-05,throughput_opt,throughput_gflops,single_configuration,gpu_resident
5060ti,RTX 5060 Ti,GPU,GPU board NVML,3,128,gpu_resident,-1,9.920947202035968e-06,0.0004245956397689,42.9148225,422.77253518083927,9.878349203686797,4.223841923244174e-09,51.0,2782.0,422.770218,-0.0005480916205446995,throughput_opt,throughput_gflops,single_configuration,gpu_resident
5060ti,RTX 5060 Ti,GPU,GPU board NVML,4,128,gpu_resident,-1,9.920571233570831e-06,0.0004407619205195,44.03391499999999,422.78855735712443,9.516030774746653,4.358447073998479e-09,51.0,2782.0,422.7861855,-0.0005610031499569956,throughput_opt,throughput_gflops,single_configuration,gpu_resident
5060ti,RTX 5060 Ti,GPU,GPU board NVML,5,128,gpu_resident,-1,1.003193120060518e-05,0.0004186242111759,41.7281745,418.0953712827473,10.019258055377053,4.203116042249507e-09,49.0,2790.0,418.096856,0.00035511449174574494,throughput_opt,throughput_gflops,single_configuration,gpu_resident
5060ti,RTX 5060 Ti,GPU,GPU board NVML,1,128,gpu_resident,-1,9.78786126601135e-06,0.0004074502386389,41.464335000000005,428.5209900312799,10.294027594660887,3.989367232476502e-09,49.0,2790.0,428.5207945,-4.5629335421182304e-05,efficiency_opt,efficiency_gflop_per_j,single_configuration,gpu_resident
5060ti,RTX 5060 Ti,GPU,GPU board NVML,2,128,gpu_resident,-1,9.874560938757087e-06,0.000407041659308,41.3126315,424.75853114011346,10.304360509758677,4.018558062955642e-09,50.0,2790.0,424.758164,-8.643501814287191e-05,efficiency_opt,efficiency_gflop_per_j,single_configuration,gpu_resident
5060ti,RTX 5060 Ti,GPU,GPU board NVML,3,128,gpu_resident,-1,9.920947202035968e-06,0.0004245956397689,42.9148225,422.77253518083927,9.878349203686797,4.223841923244174e-09,51.0,2782.0,422.770218,-0.0005480916205446995,efficiency_opt,efficiency_gflop_per_j,single_configuration,gpu_resident
5060ti,RTX 5060 Ti,GPU,GPU board NVML,4,128,gpu_resident,-1,9.920571233570831e-06,0.0004407619205195,44.03391499999999,422.78855735712443,9.516030774746653,4.358447073998479e-09,51.0,2782.0,422.7861855,-0.0005610031499569956,efficiency_opt,efficiency_gflop_per_j,single_configuration,gpu_resident
5060ti,RTX 5060 Ti,GPU,GPU board NVML,5,128,gpu_resident,-1,1.003193120060518e-05,0.0004186242111759,41.7281745,418.0953712827473,10.019258055377053,4.203116042249507e-09,49.0,2790.0,418.096856,0.00035511449174574494,efficiency_opt,efficiency_gflop_per_j,single_configuration,gpu_resident
5060ti,RTX 5060 Ti,GPU,GPU board NVML,1,256,gpu_resident,-1,1.6368196554886038e-05,0.0012379650248886,75.625178,2049.9773379116546,27.104507256187983,2.026517428685857e-08,57.0,2775.0,2049.9834945,0.00030032470268448463,energy_opt,energy_j,single_configuration,gpu_resident
5060ti,RTX 5060 Ti,GPU,GPU board NVML,2,256,gpu_resident,-1,1.637607250458475e-05,0.0012409696751375,75.7920195,2048.991416629713,27.038881507142513,2.0320759417484543e-08,57.0,2775.0,2048.9873385,-0.00019903107840724132,energy_opt,energy_j,single_configuration,gpu_resident
5060ti,RTX 5060 Ti,GPU,GPU board NVML,3,256,gpu_resident,-1,1.637327853013903e-05,0.0012479899127188,76.18963600000001,2049.3410613051533,26.886781421894845,2.0442138841265857e-08,57.0,2775.0,2049.3384885,-0.00012554304413825434,energy_opt,energy_j,single_configuration,gpu_resident
5060ti,RTX 5060 Ti,GPU,GPU board NVML,4,256,gpu_resident,-1,1.6375454396594074e-05,0.0012582528246274,76.8605705,2049.0687578708644,26.66747997163154,2.0598345013757576e-08,59.0,2775.0,2049.057107,-0.000568593455907429,energy_opt,energy_j,single_configuration,gpu_resident
5060ti,RTX 5060 Ti,GPU,GPU board NVML,5,256,gpu_resident,-1,1.6371368920910432e-05,0.0012592353037497,76.934031,2049.5801030506614,26.646673501039057,2.0616127933464482e-08,59.0,2771.0,2049.574286,-0.0002838167023955229,energy_opt,energy_j,single_configuration,gpu_resident
5060ti,RTX 5060 Ti,GPU,GPU board NVML,1,256,gpu_resident,-1,1.6368196554886038e-05,0.0012379650248886,75.625178,2049.9773379116546,27.104507256187983,2.026517428685857e-08,57.0,2775.0,2049.9834945,0.00030032470268448463,runtime_opt,runtime_s,single_configuration,gpu_resident
5060ti,RTX 5060 Ti,GPU,GPU board NVML,2,256,gpu_resident,-1,1.637607250458475e-05,0.0012409696751375,75.7920195,2048.991416629713,27.038881507142513,2.0320759417484543e-08,57.0,2775.0,2048.9873385,-0.00019903107840724132,runtime_opt,runtime_s,single_configuration,gpu_resident
5060ti,RTX 5060 Ti,GPU,GPU board NVML,3,256,gpu_resident,-1,1.637327853013903e-05,0.0012479899127188,76.18963600000001,2049.3410613051533,26.886781421894845,2.0442138841265857e-08,57.0,2775.0,2049.3384885,-0.00012554304413825434,runtime_opt,runtime_s,single_configuration,gpu_resident
5060ti,RTX 5060 Ti,GPU,GPU board NVML,4,256,gpu_resident,-1,1.6375454396594074e-05,0.0012582528246274,76.8605705,2049.0687578708644,26.66747997163154,2.0598345013757576e-08,59.0,2775.0,2049.057107,-0.000568593455907429,runtime_opt,runtime_s,single_configuration,gpu_resident
5060ti,RTX 5060 Ti,GPU,GPU board NVML,5,256,gpu_resident,-1,1.6371368920910432e-05,0.0012592353037497,76.934031,2049.5801030506614,26.646673501039057,2.0616127933464482e-08,59.0,2771.0,2049.574286,-0.0002838167023955229,runtime_opt,runtime_s,single_configuration,gpu_resident
5060ti,RTX 5060 Ti,GPU,GPU board NVML,1,256,gpu_resident,-1,1.6368196554886038e-05,0.0012379650248886,75.625178,2049.9773379116546,27.104507256187983,2.026517428685857e-08,57.0,2775.0,2049.9834945,0.00030032470268448463,edp_opt,edp_j_s,single_configuration,gpu_resident
5060ti,RTX 5060 Ti,GPU,GPU board NVML,2,256,gpu_resident,-1,1.637607250458475e-05,0.0012409696751375,75.7920195,2048.991416629713,27.038881507142513,2.0320759417484543e-08,57.0,2775.0,2048.9873385,-0.00019903107840724132,edp_opt,edp_j_s,single_configuration,gpu_resident
5060ti,RTX 5060 Ti,GPU,GPU board NVML,3,256,gpu_resident,-1,1.637327853013903e-05,0.0012479899127188,76.18963600000001,2049.3410613051533,26.886781421894845,2.0442138841265857e-08,57.0,2775.0,2049.3384885,-0.00012554304413825434,edp_opt,edp_j_s,single_configuration,gpu_resident
5060ti,RTX 5060 Ti,GPU,GPU board NVML,4,256,gpu_resident,-1,1.6375454396594074e-05,0.0012582528246274,76.8605705,2049.0687578708644,26.66747997163154,2.0598345013757576e-08,59.0,2775.0,2049.057107,-0.000568593455907429,edp_opt,edp_j_s,single_configuration,gpu_resident
5060ti,RTX 5060 Ti,GPU,GPU board NVML,5,256,gpu_resident,-1,1.6371368920910432e-05,0.0012592353037497,76.934031,2049.5801030506614,26.646673501039057,2.0616127933464482e-08,59.0,2771.0,2049.574286,-0.0002838167023955229,edp_opt,edp_j_s,single_configuration,gpu_resident
5060ti,RTX 5060 Ti,GPU,GPU board NVML,1,256,gpu_resident,-1,1.6368196554886038e-05,0.0012379650248886,75.625178,2049.9773379116546,27.104507256187983,2.026517428685857e-08,57.0,2775.0,2049.9834945,0.00030032470268448463,throughput_opt,throughput_gflops,single_configuration,gpu_resident
5060ti,RTX 5060 Ti,GPU,GPU board NVML,2,256,gpu_resident,-1,1.637607250458475e-05,0.0012409696751375,75.7920195,2048.991416629713,27.038881507142513,2.0320759417484543e-08,57.0,2775.0,2048.9873385,-0.00019903107840724132,throughput_opt,throughput_gflops,single_configuration,gpu_resident
5060ti,RTX 5060 Ti,GPU,GPU board NVML,3,256,gpu_resident,-1,1.637327853013903e-05,0.0012479899127188,76.18963600000001,2049.3410613051533,26.886781421894845,2.0442138841265857e-08,57.0,2775.0,2049.3384885,-0.00012554304413825434,throughput_opt,throughput_gflops,single_configuration,gpu_resident
5060ti,RTX 5060 Ti,GPU,GPU board NVML,4,256,gpu_resident,-1,1.6375454396594074e-05,0.0012582528246274,76.8605705,2049.0687578708644,26.66747997163154,2.0598345013757576e-08,59.0,2775.0,2049.057107,-0.000568593455907429,throughput_opt,throughput_gflops,single_configuration,gpu_resident
5060ti,RTX 5060 Ti,GPU,GPU board NVML,5,256,gpu_resident,-1,1.6371368920910432e-05,0.0012592353037497,76.934031,2049.5801030506614,26.646673501039057,2.0616127933464482e-08,59.0,2771.0,2049.574286,-0.0002838167023955229,throughput_opt,throughput_gflops,single_configuration,gpu_resident
5060ti,RTX 5060 Ti,GPU,GPU board NVML,1,256,gpu_resident,-1,1.6368196554886038e-05,0.0012379650248886,75.625178,2049.9773379116546,27.104507256187983,2.026517428685857e-08,57.0,2775.0,2049.9834945,0.00030032470268448463,efficiency_opt,efficiency_gflop_per_j,single_configuration,gpu_resident
5060ti,RTX 5060 Ti,GPU,GPU board NVML,2,256,gpu_resident,-1,1.637607250458475e-05,0.0012409696751375,75.7920195,2048.991416629713,27.038881507142513,2.0320759417484543e-08,57.0,2775.0,2048.9873385,-0.00019903107840724132,efficiency_opt,efficiency_gflop_per_j,single_configuration,gpu_resident
5060ti,RTX 5060 Ti,GPU,GPU board NVML,3,256,gpu_resident,-1,1.637327853013903e-05,0.0012479899127188,76.18963600000001,2049.3410613051533,26.886781421894845,2.0442138841265857e-08,57.0,2775.0,2049.3384885,-0.00012554304413825434,efficiency_opt,efficiency_gflop_per_j,single_configuration,gpu_resident
5060ti,RTX 5060 Ti,GPU,GPU board NVML,4,256,gpu_resident,-1,1.6375454396594074e-05,0.0012582528246274,76.8605705,2049.0687578708644,26.66747997163154,2.0598345013757576e-08,59.0,2775.0,2049.057107,-0.000568593455907429,efficiency_opt,efficiency_gflop_per_j,single_configuration,gpu_resident
5060ti,RTX 5060 Ti,GPU,GPU board NVML,5,256,gpu_resident,-1,1.6371368920910432e-05,0.0012592353037497,76.934031,2049.5801030506614,26.646673501039057,2.0616127933464482e-08,59.0,2771.0,2049.574286,-0.0002838167023955229,efficiency_opt,efficiency_gflop_per_j,single_configuration,gpu_resident
5060ti,RTX 5060 Ti,GPU,GPU board NVML,1,512,gpu_resident,-1,6.959977032293987e-05,0.0074969028396436,107.713868,3856.843991790078,35.806180464353105,5.217855866522859e-07,67.0,2737.0,3856.8529715,0.0002328253344341391,energy_opt,energy_j,single_configuration,gpu_resident
5060ti,RTX 5060 Ti,GPU,GPU board NVML,2,512,gpu_resident,-1,6.825886402753872e-05,0.0073917039586919,106.754012,3932.609483388135,36.31577475236234,5.08807534595525e-07,65.0,2748.0,3932.9284185,0.008110012275874823,energy_opt,energy_j,single_configuration,gpu_resident
5060ti,RTX 5060 Ti,GPU,GPU board NVML,3,512,gpu_resident,-1,6.959931792873051e-05,0.0075697383073496,108.78785,3856.8690612008163,35.46165601780064,5.267219821636394e-07,67.5,2733.0,3856.8562675,-0.0003317120859769318,energy_opt,energy_j,single_configuration,gpu_resident
5060ti,RTX 5060 Ti,GPU,GPU board NVML,4,512,gpu_resident,-1,6.763384043272482e-05,0.0072531440162271,106.750324,3968.951848402161,37.00953068068725,4.916087365876382e-07,63.0,2767.0,3968.974233,0.0005639926785150351,energy_opt,energy_j,single_configuration,gpu_resident
5060ti,RTX 5060 Ti,GPU,GPU board NVML,5,512,gpu_resident,-1,6.959966592427617e-05,0.0074871589643652,107.5751375,3856.8497770097842,35.85277904177093,5.211011571438021e-07,66.0,2737.0,3856.8263715,-0.0006068556240856893,energy_opt,energy_j,single_configuration,gpu_resident
5060ti,RTX 5060 Ti,GPU,GPU board NVML,1,512,gpu_resident,-1,6.959977032293987e-05,0.0074969028396436,107.713868,3856.843991790078,35.806180464353105,5.217855866522859e-07,67.0,2737.0,3856.8529715,0.0002328253344341391,runtime_opt,runtime_s,single_configuration,gpu_resident
5060ti,RTX 5060 Ti,GPU,GPU board NVML,2,512,gpu_resident,-1,6.825886402753872e-05,0.0073917039586919,106.754012,3932.609483388135,36.31577475236234,5.08807534595525e-07,65.0,2748.0,3932.9284185,0.008110012275874823,runtime_opt,runtime_s,single_configuration,gpu_resident
5060ti,RTX 5060 Ti,GPU,GPU board NVML,3,512,gpu_resident,-1,6.959931792873051e-05,0.0075697383073496,108.78785,3856.8690612008163,35.46165601780064,5.267219821636394e-07,67.5,2733.0,3856.8562675,-0.0003317120859769318,runtime_opt,runtime_s,single_configuration,gpu_resident
5060ti,RTX 5060 Ti,GPU,GPU board NVML,4,512,gpu_resident,-1,6.763384043272482e-05,0.0072531440162271,106.750324,3968.951848402161,37.00953068068725,4.916087365876382e-07,63.0,2767.0,3968.974233,0.0005639926785150351,runtime_opt,runtime_s,single_configuration,gpu_resident
5060ti,RTX 5060 Ti,GPU,GPU board NVML,5,512,gpu_resident,-1,6.959966592427617e-05,0.0074871589643652,107.5751375,3856.8497770097842,35.85277904177093,5.211011571438021e-07,66.0,2737.0,3856.8263715,-0.0006068556240856893,runtime_opt,runtime_s,single_configuration,gpu_resident
5060ti,RTX 5060 Ti,GPU,GPU board NVML,1,512,gpu_resident,-1,6.959977032293987e-05,0.0074969028396436,107.713868,3856.843991790078,35.806180464353105,5.217855866522859e-07,67.0,2737.0,3856.8529715,0.0002328253344341391,edp_opt,edp_j_s,single_configuration,gpu_resident
5060ti,RTX 5060 Ti,GPU,GPU board NVML,2,512,gpu_resident,-1,6.825886402753872e-05,0.0073917039586919,106.754012,3932.609483388135,36.31577475236234,5.08807534595525e-07,65.0,2748.0,3932.9284185,0.008110012275874823,edp_opt,edp_j_s,single_configuration,gpu_resident
5060ti,RTX 5060 Ti,GPU,GPU board NVML,3,512,gpu_resident,-1,6.959931792873051e-05,0.0075697383073496,108.78785,3856.8690612008163,35.46165601780064,5.267219821636394e-07,67.5,2733.0,3856.8562675,-0.0003317120859769318,edp_opt,edp_j_s,single_configuration,gpu_resident
5060ti,RTX 5060 Ti,GPU,GPU board NVML,4,512,gpu_resident,-1,6.763384043272482e-05,0.0072531440162271,106.750324,3968.951848402161,37.00953068068725,4.916087365876382e-07,63.0,2767.0,3968.974233,0.0005639926785150351,edp_opt,edp_j_s,single_configuration,gpu_resident
5060ti,RTX 5060 Ti,GPU,GPU board NVML,5,512,gpu_resident,-1,6.959966592427617e-05,0.0074871589643652,107.5751375,3856.8497770097842,35.85277904177093,5.211011571438021e-07,66.0,2737.0,3856.8263715,-0.0006068556240856893,edp_opt,edp_j_s,single_configuration,gpu_resident
5060ti,RTX 5060 Ti,GPU,GPU board NVML,1,512,gpu_resident,-1,6.959977032293987e-05,0.0074969028396436,107.713868,3856.843991790078,35.806180464353105,5.217855866522859e-07,67.0,2737.0,3856.8529715,0.0002328253344341391,throughput_opt,throughput_gflops,single_configuration,gpu_resident
5060ti,RTX 5060 Ti,GPU,GPU board NVML,2,512,gpu_resident,-1,6.825886402753872e-05,0.0073917039586919,106.754012,3932.609483388135,36.31577475236234,5.08807534595525e-07,65.0,2748.0,3932.9284185,0.008110012275874823,throughput_opt,throughput_gflops,single_configuration,gpu_resident
5060ti,RTX 5060 Ti,GPU,GPU board NVML,3,512,gpu_resident,-1,6.959931792873051e-05,0.0075697383073496,108.78785,3856.8690612008163,35.46165601780064,5.267219821636394e-07,67.5,2733.0,3856.8562675,-0.0003317120859769318,throughput_opt,throughput_gflops,single_configuration,gpu_resident
5060ti,RTX 5060 Ti,GPU,GPU board NVML,4,512,gpu_resident,-1,6.763384043272482e-05,0.0072531440162271,106.750324,3968.951848402161,37.00953068068725,4.916087365876382e-07,63.0,2767.0,3968.974233,0.0005639926785150351,throughput_opt,throughput_gflops,single_configuration,gpu_resident
5060ti,RTX 5060 Ti,GPU,GPU board NVML,5,512,gpu_resident,-1,6.959966592427617e-05,0.0074871589643652,107.5751375,3856.8497770097842,35.85277904177093,5.211011571438021e-07,66.0,2737.0,3856.8263715,-0.0006068556240856893,throughput_opt,throughput_gflops,single_configuration,gpu_resident
5060ti,RTX 5060 Ti,GPU,GPU board NVML,1,512,gpu_resident,-1,6.959977032293987e-05,0.0074969028396436,107.713868,3856.843991790078,35.806180464353105,5.217855866522859e-07,67.0,2737.0,3856.8529715,0.0002328253344341391,efficiency_opt,efficiency_gflop_per_j,single_configuration,gpu_resident
5060ti,RTX 5060 Ti,GPU,GPU board NVML,2,512,gpu_resident,-1,6.825886402753872e-05,0.0073917039586919,106.754012,3932.609483388135,36.31577475236234,5.08807534595525e-07,65.0,2748.0,3932.9284185,0.008110012275874823,efficiency_opt,efficiency_gflop_per_j,single_configuration,gpu_resident
5060ti,RTX 5060 Ti,GPU,GPU board NVML,3,512,gpu_resident,-1,6.959931792873051e-05,0.0075697383073496,108.78785,3856.8690612008163,35.46165601780064,5.267219821636394e-07,67.5,2733.0,3856.8562675,-0.0003317120859769318,efficiency_opt,efficiency_gflop_per_j,single_configuration,gpu_resident
5060ti,RTX 5060 Ti,GPU,GPU board NVML,4,512,gpu_resident,-1,6.763384043272482e-05,0.0072531440162271,106.750324,3968.951848402161,37.00953068068725,4.916087365876382e-07,63.0,2767.0,3968.974233,0.0005639926785150351,efficiency_opt,efficiency_gflop_per_j,single_configuration,gpu_resident
5060ti,RTX 5060 Ti,GPU,GPU board NVML,5,512,gpu_resident,-1,6.959966592427617e-05,0.0074871589643652,107.5751375,3856.8497770097842,35.85277904177093,5.211011571438021e-07,66.0,2737.0,3856.8263715,-0.0006068556240856893,efficiency_opt,efficiency_gflop_per_j,single_configuration,gpu_resident
5060ti,RTX 5060 Ti,GPU,GPU board NVML,1,1024,gpu_resident,-1,0.000448735017889,0.0553448121645796,123.3350335,4785.638656199561,38.8018960406623,2.4835180034446093e-05,67.0,2745.0,4785.640885,4.6572685463708297e-05,energy_opt,energy_j,single_configuration,gpu_resident
5060ti,RTX 5060 Ti,GPU,GPU board NVML,2,1024,gpu_resident,-1,0.0004486943455031,0.0550062333036509,122.6031485,4786.072455609235,39.04073264106718,2.46786959652819e-05,66.5,2745.0,4786.100237,0.0005804632299710732,energy_opt,energy_j,single_configuration,gpu_resident
5060ti,RTX 5060 Ti,GPU,GPU board NVML,3,1024,gpu_resident,-1,0.0004487412868632,0.0555321715817694,123.696892,4785.571800204482,38.67098272643448,2.4919503298697216e-05,67.5,2745.0,4785.5772315,0.00011349313613351342,energy_opt,energy_j,single_configuration,gpu_resident
5060ti,RTX 5060 Ti,GPU,GPU board NVML,4,1024,gpu_resident,-1,0.0004507767012167,0.0567845876520955,125.9702965,4763.963270958073,37.818072417062844,2.5597220271444065e-05,70.0,2730.0,4763.9301395,-0.0006954599812813989,energy_opt,energy_j,single_configuration,gpu_resident
5060ti,RTX 5060 Ti,GPU,GPU board NVML,5,1024,gpu_resident,-1,0.0004487303921568,0.0550929144385026,122.786329,4785.687988901817,38.979307409796334,2.471960518006425e-05,66.0,2745.0,4785.6628055,-0.0005262232280034418,energy_opt,energy_j,single_configuration,gpu_resident
5060ti,RTX 5060 Ti,GPU,GPU board NVML,1,1024,gpu_resident,-1,0.000448735017889,0.0553448121645796,123.3350335,4785.638656199561,38.8018960406623,2.4835180034446093e-05,67.0,2745.0,4785.640885,4.6572685463708297e-05,runtime_opt,runtime_s,single_configuration,gpu_resident
5060ti,RTX 5060 Ti,GPU,GPU board NVML,2,1024,gpu_resident,-1,0.0004486943455031,0.0550062333036509,122.6031485,4786.072455609235,39.04073264106718,2.46786959652819e-05,66.5,2745.0,4786.100237,0.0005804632299710732,runtime_opt,runtime_s,single_configuration,gpu_resident
5060ti,RTX 5060 Ti,GPU,GPU board NVML,3,1024,gpu_resident,-1,0.0004487412868632,0.0555321715817694,123.696892,4785.571800204482,38.67098272643448,2.4919503298697216e-05,67.5,2745.0,4785.5772315,0.00011349313613351342,runtime_opt,runtime_s,single_configuration,gpu_resident
5060ti,RTX 5060 Ti,GPU,GPU board NVML,4,1024,gpu_resident,-1,0.0004507767012167,0.0567845876520955,125.9702965,4763.963270958073,37.818072417062844,2.5597220271444065e-05,70.0,2730.0,4763.9301395,-0.0006954599812813989,runtime_opt,runtime_s,single_configuration,gpu_resident
5060ti,RTX 5060 Ti,GPU,GPU board NVML,5,1024,gpu_resident,-1,0.0004487303921568,0.0550929144385026,122.786329,4785.687988901817,38.979307409796334,2.471960518006425e-05,66.0,2745.0,4785.6628055,-0.0005262232280034418,runtime_opt,runtime_s,single_configuration,gpu_resident
5060ti,RTX 5060 Ti,GPU,GPU board NVML,1,1024,gpu_resident,-1,0.000448735017889,0.0553448121645796,123.3350335,4785.638656199561,38.8018960406623,2.4835180034446093e-05,67.0,2745.0,4785.640885,4.6572685463708297e-05,edp_opt,edp_j_s,single_configuration,gpu_resident
5060ti,RTX 5060 Ti,GPU,GPU board NVML,2,1024,gpu_resident,-1,0.0004486943455031,0.0550062333036509,122.6031485,4786.072455609235,39.04073264106718,2.46786959652819e-05,66.5,2745.0,4786.100237,0.0005804632299710732,edp_opt,edp_j_s,single_configuration,gpu_resident
5060ti,RTX 5060 Ti,GPU,GPU board NVML,3,1024,gpu_resident,-1,0.0004487412868632,0.0555321715817694,123.696892,4785.571800204482,38.67098272643448,2.4919503298697216e-05,67.5,2745.0,4785.5772315,0.00011349313613351342,edp_opt,edp_j_s,single_configuration,gpu_resident
5060ti,RTX 5060 Ti,GPU,GPU board NVML,4,1024,gpu_resident,-1,0.0004507767012167,0.0567845876520955,125.9702965,4763.963270958073,37.818072417062844,2.5597220271444065e-05,70.0,2730.0,4763.9301395,-0.0006954599812813989,edp_opt,edp_j_s,single_configuration,gpu_resident
5060ti,RTX 5060 Ti,GPU,GPU board NVML,5,1024,gpu_resident,-1,0.0004487303921568,0.0550929144385026,122.786329,4785.687988901817,38.979307409796334,2.471960518006425e-05,66.0,2745.0,4785.6628055,-0.0005262232280034418,edp_opt,edp_j_s,single_configuration,gpu_resident
5060ti,RTX 5060 Ti,GPU,GPU board NVML,1,1024,gpu_resident,-1,0.000448735017889,0.0553448121645796,123.3350335,4785.638656199561,38.8018960406623,2.4835180034446093e-05,67.0,2745.0,4785.640885,4.6572685463708297e-05,throughput_opt,throughput_gflops,single_configuration,gpu_resident
5060ti,RTX 5060 Ti,GPU,GPU board NVML,2,1024,gpu_resident,-1,0.0004486943455031,0.0550062333036509,122.6031485,4786.072455609235,39.04073264106718,2.46786959652819e-05,66.5,2745.0,4786.100237,0.0005804632299710732,throughput_opt,throughput_gflops,single_configuration,gpu_resident
5060ti,RTX 5060 Ti,GPU,GPU board NVML,3,1024,gpu_resident,-1,0.0004487412868632,0.0555321715817694,123.696892,4785.571800204482,38.67098272643448,2.4919503298697216e-05,67.5,2745.0,4785.5772315,0.00011349313613351342,throughput_opt,throughput_gflops,single_configuration,gpu_resident
5060ti,RTX 5060 Ti,GPU,GPU board NVML,4,1024,gpu_resident,-1,0.0004507767012167,0.0567845876520955,125.9702965,4763.963270958073,37.818072417062844,2.5597220271444065e-05,70.0,2730.0,4763.9301395,-0.0006954599812813989,throughput_opt,throughput_gflops,single_configuration,gpu_resident
5060ti,RTX 5060 Ti,GPU,GPU board NVML,5,1024,gpu_resident,-1,0.0004487303921568,0.0550929144385026,122.786329,4785.687988901817,38.979307409796334,2.471960518006425e-05,66.0,2745.0,4785.6628055,-0.0005262232280034418,throughput_opt,throughput_gflops,single_configuration,gpu_resident
5060ti,RTX 5060 Ti,GPU,GPU board NVML,1,1024,gpu_resident,-1,0.000448735017889,0.0553448121645796,123.3350335,4785.638656199561,38.8018960406623,2.4835180034446093e-05,67.0,2745.0,4785.640885,4.6572685463708297e-05,efficiency_opt,efficiency_gflop_per_j,single_configuration,gpu_resident
5060ti,RTX 5060 Ti,GPU,GPU board NVML,2,1024,gpu_resident,-1,0.0004486943455031,0.0550062333036509,122.6031485,4786.072455609235,39.04073264106718,2.46786959652819e-05,66.5,2745.0,4786.100237,0.0005804632299710732,efficiency_opt,efficiency_gflop_per_j,single_configuration,gpu_resident
5060ti,RTX 5060 Ti,GPU,GPU board NVML,3,1024,gpu_resident,-1,0.0004487412868632,0.0555321715817694,123.696892,4785.571800204482,38.67098272643448,2.4919503298697216e-05,67.5,2745.0,4785.5772315,0.00011349313613351342,efficiency_opt,efficiency_gflop_per_j,single_configuration,gpu_resident
5060ti,RTX 5060 Ti,GPU,GPU board NVML,4,1024,gpu_resident,-1,0.0004507767012167,0.0567845876520955,125.9702965,4763.963270958073,37.818072417062844,2.5597220271444065e-05,70.0,2730.0,4763.9301395,-0.0006954599812813989,efficiency_opt,efficiency_gflop_per_j,single_configuration,gpu_resident
5060ti,RTX 5060 Ti,GPU,GPU board NVML,5,1024,gpu_resident,-1,0.0004487303921568,0.0550929144385026,122.786329,4785.687988901817,38.979307409796334,2.471960518006425e-05,66.0,2745.0,4785.6628055,-0.0005262232280034418,efficiency_opt,efficiency_gflop_per_j,single_configuration,gpu_resident
5060ti,RTX 5060 Ti,GPU,GPU board NVML,1,2048,gpu_resident,-1,0.0035103155172413,0.4665137931034482,132.89958,4894.109688892404,36.826069106579254,0.0016375904525445,66.0,2745.0,4894.1300065,0.0004151440994748512,energy_opt,energy_j,single_configuration,gpu_resident
5060ti,RTX 5060 Ti,GPU,GPU board NVML,2,2048,gpu_resident,-1,0.0035233767361111,0.4714739583333333,133.729569,4875.967139115004,36.438638614805086,0.0016621508297526,68.0,2745.0,4875.991201000001,0.0004934792280142375,energy_opt,energy_j,single_configuration,gpu_resident
5060ti,RTX 5060 Ti,GPU,GPU board NVML,3,2048,gpu_resident,-1,0.0035105244755244,0.4751625874125874,134.9954845,4893.8183749405935,36.15576991772415,0.0016700962339845,68.0,2745.0,4893.825021,0.00013580519131473068,energy_opt,energy_j,single_configuration,gpu_resident
5060ti,RTX 5060 Ti,GPU,GPU board NVML,4,2048,gpu_resident,-1,0.003510294117647,0.4695865051903114,133.4415085,4894.139524558104,36.58509985724022,0.001656225935154,67.5,2745.0,4894.11962,-0.0004067018932296662,energy_opt,energy_j,single_configuration,gpu_resident
5060ti,RTX 5060 Ti,GPU,GPU board NVML,5,2048,gpu_resident,-1,0.0035270403508771,0.4812526315789474,136.44840699999995,4870.902364280503,35.698234267591154,0.001697374657076,71.0,2730.0,4870.885446,-0.00034733359935978925,energy_opt,energy_j,single_configuration,gpu_resident
5060ti,RTX 5060 Ti,GPU,GPU board NVML,1,2048,gpu_resident,-1,0.0035103155172413,0.4665137931034482,132.89958,4894.109688892404,36.826069106579254,0.0016375904525445,66.0,2745.0,4894.1300065,0.0004151440994748512,runtime_opt,runtime_s,single_configuration,gpu_resident
5060ti,RTX 5060 Ti,GPU,GPU board NVML,2,2048,gpu_resident,-1,0.0035233767361111,0.4714739583333333,133.729569,4875.967139115004,36.438638614805086,0.0016621508297526,68.0,2745.0,4875.991201000001,0.0004934792280142375,runtime_opt,runtime_s,single_configuration,gpu_resident
5060ti,RTX 5060 Ti,GPU,GPU board NVML,3,2048,gpu_resident,-1,0.0035105244755244,0.4751625874125874,134.9954845,4893.8183749405935,36.15576991772415,0.0016700962339845,68.0,2745.0,4893.825021,0.00013580519131473068,runtime_opt,runtime_s,single_configuration,gpu_resident
5060ti,RTX 5060 Ti,GPU,GPU board NVML,4,2048,gpu_resident,-1,0.003510294117647,0.4695865051903114,133.4415085,4894.139524558104,36.58509985724022,0.001656225935154,67.5,2745.0,4894.11962,-0.0004067018932296662,runtime_opt,runtime_s,single_configuration,gpu_resident
5060ti,RTX 5060 Ti,GPU,GPU board NVML,5,2048,gpu_resident,-1,0.0035270403508771,0.4812526315789474,136.44840699999995,4870.902364280503,35.698234267591154,0.001697374657076,71.0,2730.0,4870.885446,-0.00034733359935978925,runtime_opt,runtime_s,single_configuration,gpu_resident
5060ti,RTX 5060 Ti,GPU,GPU board NVML,1,2048,gpu_resident,-1,0.0035103155172413,0.4665137931034482,132.89958,4894.109688892404,36.826069106579254,0.0016375904525445,66.0,2745.0,4894.1300065,0.0004151440994748512,edp_opt,edp_j_s,single_configuration,gpu_resident
5060ti,RTX 5060 Ti,GPU,GPU board NVML,2,2048,gpu_resident,-1,0.0035233767361111,0.4714739583333333,133.729569,4875.967139115004,36.438638614805086,0.0016621508297526,68.0,2745.0,4875.991201000001,0.0004934792280142375,edp_opt,edp_j_s,single_configuration,gpu_resident
5060ti,RTX 5060 Ti,GPU,GPU board NVML,3,2048,gpu_resident,-1,0.0035105244755244,0.4751625874125874,134.9954845,4893.8183749405935,36.15576991772415,0.0016700962339845,68.0,2745.0,4893.825021,0.00013580519131473068,edp_opt,edp_j_s,single_configuration,gpu_resident
5060ti,RTX 5060 Ti,GPU,GPU board NVML,4,2048,gpu_resident,-1,0.003510294117647,0.4695865051903114,133.4415085,4894.139524558104,36.58509985724022,0.001656225935154,67.5,2745.0,4894.11962,-0.0004067018932296662,edp_opt,edp_j_s,single_configuration,gpu_resident
5060ti,RTX 5060 Ti,GPU,GPU board NVML,5,2048,gpu_resident,-1,0.0035270403508771,0.4812526315789474,136.44840699999995,4870.902364280503,35.698234267591154,0.001697374657076,71.0,2730.0,4870.885446,-0.00034733359935978925,edp_opt,edp_j_s,single_configuration,gpu_resident
5060ti,RTX 5060 Ti,GPU,GPU board NVML,1,2048,gpu_resident,-1,0.0035103155172413,0.4665137931034482,132.89958,4894.109688892404,36.826069106579254,0.0016375904525445,66.0,2745.0,4894.1300065,0.0004151440994748512,throughput_opt,throughput_gflops,single_configuration,gpu_resident
5060ti,RTX 5060 Ti,GPU,GPU board NVML,2,2048,gpu_resident,-1,0.0035233767361111,0.4714739583333333,133.729569,4875.967139115004,36.438638614805086,0.0016621508297526,68.0,2745.0,4875.991201000001,0.0004934792280142375,throughput_opt,throughput_gflops,single_configuration,gpu_resident
5060ti,RTX 5060 Ti,GPU,GPU board NVML,3,2048,gpu_resident,-1,0.0035105244755244,0.4751625874125874,134.9954845,4893.8183749405935,36.15576991772415,0.0016700962339845,68.0,2745.0,4893.825021,0.00013580519131473068,throughput_opt,throughput_gflops,single_configuration,gpu_resident
5060ti,RTX 5060 Ti,GPU,GPU board NVML,4,2048,gpu_resident,-1,0.003510294117647,0.4695865051903114,133.4415085,4894.139524558104,36.58509985724022,0.001656225935154,67.5,2745.0,4894.11962,-0.0004067018932296662,throughput_opt,throughput_gflops,single_configuration,gpu_resident
5060ti,RTX 5060 Ti,GPU,GPU board NVML,5,2048,gpu_resident,-1,0.0035270403508771,0.4812526315789474,136.44840699999995,4870.902364280503,35.698234267591154,0.001697374657076,71.0,2730.0,4870.885446,-0.00034733359935978925,throughput_opt,throughput_gflops,single_configuration,gpu_resident
5060ti,RTX 5060 Ti,GPU,GPU board NVML,1,2048,gpu_resident,-1,0.0035103155172413,0.4665137931034482,132.89958,4894.109688892404,36.826069106579254,0.0016375904525445,66.0,2745.0,4894.1300065,0.0004151440994748512,efficiency_opt,efficiency_gflop_per_j,single_configuration,gpu_resident
5060ti,RTX 5060 Ti,GPU,GPU board NVML,2,2048,gpu_resident,-1,0.0035233767361111,0.4714739583333333,133.729569,4875.967139115004,36.438638614805086,0.0016621508297526,68.0,2745.0,4875.991201000001,0.0004934792280142375,efficiency_opt,efficiency_gflop_per_j,single_configuration,gpu_resident
5060ti,RTX 5060 Ti,GPU,GPU board NVML,3,2048,gpu_resident,-1,0.0035105244755244,0.4751625874125874,134.9954845,4893.8183749405935,36.15576991772415,0.0016700962339845,68.0,2745.0,4893.825021,0.00013580519131473068,efficiency_opt,efficiency_gflop_per_j,single_configuration,gpu_resident
5060ti,RTX 5060 Ti,GPU,GPU board NVML,4,2048,gpu_resident,-1,0.003510294117647,0.4695865051903114,133.4415085,4894.139524558104,36.58509985724022,0.001656225935154,67.5,2745.0,4894.11962,-0.0004067018932296662,efficiency_opt,efficiency_gflop_per_j,single_configuration,gpu_resident
5060ti,RTX 5060 Ti,GPU,GPU board NVML,5,2048,gpu_resident,-1,0.0035270403508771,0.4812526315789474,136.44840699999995,4870.902364280503,35.698234267591154,0.001697374657076,71.0,2730.0,4870.885446,-0.00034733359935978925,efficiency_opt,efficiency_gflop_per_j,single_configuration,gpu_resident
5060ti,RTX 5060 Ti,GPU,GPU board NVML,1,4096,gpu_resident,-1,0.028007581081081,3.784932432432433,134.969799,4907.205412495955,36.31212866425548,0.1061490001709276,67.5,2745.0,4907.209665,8.665836637167246e-05,energy_opt,energy_j,single_configuration,gpu_resident
5060ti,RTX 5060 Ti,GPU,GPU board NVML,2,4096,gpu_resident,-1,0.0281319444444444,3.898097222222222,138.6642075,4885.512046400402,35.25795936758319,0.1095370164857253,68.0,2731.5,4885.5186730000005,0.00013563777010450195,energy_opt,energy_j,single_configuration,gpu_resident
5060ti,RTX 5060 Ti,GPU,GPU board NVML,3,4096,gpu_resident,-1,0.0281361111111111,3.8879305555555552,138.186853,4884.788552662653,35.350156467072246,0.1093881671948302,70.0,2730.0,4884.776367,-0.0002494614152026564,energy_opt,energy_j,single_configuration,gpu_resident
5060ti,RTX 5060 Ti,GPU,GPU board NVML,4,4096,gpu_resident,-1,0.0281354166666666,3.898458333333333,138.55651749999998,4884.909120071096,35.254693450701666,0.1096879440432098,70.0,2730.0,4884.8846885,-0.0005001438204033093,energy_opt,energy_j,single_configuration,gpu_resident
5060ti,RTX 5060 Ti,GPU,GPU board NVML,5,4096,gpu_resident,-1,0.0281374305555555,3.9579583333333335,140.66791899999998,4884.559490982514,34.72470953382952,0.1113646330509259,72.0,2730.0,4884.537958999999,-0.0004408172846415148,energy_opt,energy_j,single_configuration,gpu_resident
5060ti,RTX 5060 Ti,GPU,GPU board NVML,1,4096,gpu_resident,-1,0.028007581081081,3.784932432432433,134.969799,4907.205412495955,36.31212866425548,0.1061490001709276,67.5,2745.0,4907.209665,8.665836637167246e-05,runtime_opt,runtime_s,single_configuration,gpu_resident
5060ti,RTX 5060 Ti,GPU,GPU board NVML,2,4096,gpu_resident,-1,0.0281319444444444,3.898097222222222,138.6642075,4885.512046400402,35.25795936758319,0.1095370164857253,68.0,2731.5,4885.5186730000005,0.00013563777010450195,runtime_opt,runtime_s,single_configuration,gpu_resident
5060ti,RTX 5060 Ti,GPU,GPU board NVML,3,4096,gpu_resident,-1,0.0281361111111111,3.8879305555555552,138.186853,4884.788552662653,35.350156467072246,0.1093881671948302,70.0,2730.0,4884.776367,-0.0002494614152026564,runtime_opt,runtime_s,single_configuration,gpu_resident
5060ti,RTX 5060 Ti,GPU,GPU board NVML,4,4096,gpu_resident,-1,0.0281354166666666,3.898458333333333,138.55651749999998,4884.909120071096,35.254693450701666,0.1096879440432098,70.0,2730.0,4884.8846885,-0.0005001438204033093,runtime_opt,runtime_s,single_configuration,gpu_resident
5060ti,RTX 5060 Ti,GPU,GPU board NVML,5,4096,gpu_resident,-1,0.0281374305555555,3.9579583333333335,140.66791899999998,4884.559490982514,34.72470953382952,0.1113646330509259,72.0,2730.0,4884.537958999999,-0.0004408172846415148,runtime_opt,runtime_s,single_configuration,gpu_resident
5060ti,RTX 5060 Ti,GPU,GPU board NVML,1,4096,gpu_resident,-1,0.028007581081081,3.784932432432433,134.969799,4907.205412495955,36.31212866425548,0.1061490001709276,67.5,2745.0,4907.209665,8.665836637167246e-05,edp_opt,edp_j_s,single_configuration,gpu_resident
5060ti,RTX 5060 Ti,GPU,GPU board NVML,2,4096,gpu_resident,-1,0.0281319444444444,3.898097222222222,138.6642075,4885.512046400402,35.25795936758319,0.1095370164857253,68.0,2731.5,4885.5186730000005,0.00013563777010450195,edp_opt,edp_j_s,single_configuration,gpu_resident
5060ti,RTX 5060 Ti,GPU,GPU board NVML,3,4096,gpu_resident,-1,0.0281361111111111,3.8879305555555552,138.186853,4884.788552662653,35.350156467072246,0.1093881671948302,70.0,2730.0,4884.776367,-0.0002494614152026564,edp_opt,edp_j_s,single_configuration,gpu_resident
5060ti,RTX 5060 Ti,GPU,GPU board NVML,4,4096,gpu_resident,-1,0.0281354166666666,3.898458333333333,138.55651749999998,4884.909120071096,35.254693450701666,0.1096879440432098,70.0,2730.0,4884.8846885,-0.0005001438204033093,edp_opt,edp_j_s,single_configuration,gpu_resident
5060ti,RTX 5060 Ti,GPU,GPU board NVML,5,4096,gpu_resident,-1,0.0281374305555555,3.9579583333333335,140.66791899999998,4884.559490982514,34.72470953382952,0.1113646330509259,72.0,2730.0,4884.537958999999,-0.0004408172846415148,edp_opt,edp_j_s,single_configuration,gpu_resident
5060ti,RTX 5060 Ti,GPU,GPU board NVML,1,4096,gpu_resident,-1,0.028007581081081,3.784932432432433,134.969799,4907.205412495955,36.31212866425548,0.1061490001709276,67.5,2745.0,4907.209665,8.665836637167246e-05,throughput_opt,throughput_gflops,single_configuration,gpu_resident
5060ti,RTX 5060 Ti,GPU,GPU board NVML,2,4096,gpu_resident,-1,0.0281319444444444,3.898097222222222,138.6642075,4885.512046400402,35.25795936758319,0.1095370164857253,68.0,2731.5,4885.5186730000005,0.00013563777010450195,throughput_opt,throughput_gflops,single_configuration,gpu_resident
5060ti,RTX 5060 Ti,GPU,GPU board NVML,3,4096,gpu_resident,-1,0.0281361111111111,3.8879305555555552,138.186853,4884.788552662653,35.350156467072246,0.1093881671948302,70.0,2730.0,4884.776367,-0.0002494614152026564,throughput_opt,throughput_gflops,single_configuration,gpu_resident
5060ti,RTX 5060 Ti,GPU,GPU board NVML,4,4096,gpu_resident,-1,0.0281354166666666,3.898458333333333,138.55651749999998,4884.909120071096,35.254693450701666,0.1096879440432098,70.0,2730.0,4884.8846885,-0.0005001438204033093,throughput_opt,throughput_gflops,single_configuration,gpu_resident
5060ti,RTX 5060 Ti,GPU,GPU board NVML,5,4096,gpu_resident,-1,0.0281374305555555,3.9579583333333335,140.66791899999998,4884.559490982514,34.72470953382952,0.1113646330509259,72.0,2730.0,4884.537958999999,-0.0004408172846415148,throughput_opt,throughput_gflops,single_configuration,gpu_resident
5060ti,RTX 5060 Ti,GPU,GPU board NVML,1,4096,gpu_resident,-1,0.028007581081081,3.784932432432433,134.969799,4907.205412495955,36.31212866425548,0.1061490001709276,67.5,2745.0,4907.209665,8.665836637167246e-05,efficiency_opt,efficiency_gflop_per_j,single_configuration,gpu_resident
5060ti,RTX 5060 Ti,GPU,GPU board NVML,2,4096,gpu_resident,-1,0.0281319444444444,3.898097222222222,138.6642075,4885.512046400402,35.25795936758319,0.1095370164857253,68.0,2731.5,4885.5186730000005,0.00013563777010450195,efficiency_opt,efficiency_gflop_per_j,single_configuration,gpu_resident
5060ti,RTX 5060 Ti,GPU,GPU board NVML,3,4096,gpu_resident,-1,0.0281361111111111,3.8879305555555552,138.186853,4884.788552662653,35.350156467072246,0.1093881671948302,70.0,2730.0,4884.776367,-0.0002494614152026564,efficiency_opt,efficiency_gflop_per_j,single_configuration,gpu_resident
5060ti,RTX 5060 Ti,GPU,GPU board NVML,4,4096,gpu_resident,-1,0.0281354166666666,3.898458333333333,138.55651749999998,4884.909120071096,35.254693450701666,0.1096879440432098,70.0,2730.0,4884.8846885,-0.0005001438204033093,efficiency_opt,efficiency_gflop_per_j,single_configuration,gpu_resident
5060ti,RTX 5060 Ti,GPU,GPU board NVML,5,4096,gpu_resident,-1,0.0281374305555555,3.9579583333333335,140.66791899999998,4884.559490982514,34.72470953382952,0.1113646330509259,72.0,2730.0,4884.537958999999,-0.0004408172846415148,efficiency_opt,efficiency_gflop_per_j,single_configuration,gpu_resident
5060ti,RTX 5060 Ti,GPU,GPU board NVML,1,8192,gpu_resident,-1,0.2244745,31.164,138.826177,4898.158266422244,35.28146668514953,6.99553532352,70.0,2730.0,4898.1726610000005,0.00029387735089869693,energy_opt,energy_j,single_configuration,gpu_resident
5060ti,RTX 5060 Ti,GPU,GPU board NVML,2,8192,gpu_resident,-1,0.2244708999999999,31.1611,138.82007299999998,4898.236821681566,35.28475014604748,6.9947694311,70.0,2730.0,4898.256035,0.0003922496836006317,energy_opt,energy_j,single_configuration,gpu_resident
5060ti,RTX 5060 Ti,GPU,GPU board NVML,3,8192,gpu_resident,-1,0.2244759,31.1496,138.76564050000002,4898.127717835188,35.29777678609035,6.99234700236,70.0,2730.0,4898.121252999999,-0.00013198584359885857,energy_opt,energy_j,single_configuration,gpu_resident
5060ti,RTX 5060 Ti,GPU,GPU board NVML,4,8192,gpu_resident,-1,0.2244737,31.1857,138.931492,4898.175722928789,35.25691672067646,7.000197978039999,71.0,2730.0,4898.1433605,-0.0006607037113193215,energy_opt,energy_j,single_configuration,gpu_resident
5060ti,RTX 5060 Ti,GPU,GPU board NVML,5,8192,gpu_resident,-1,0.2244768999999999,30.9106,137.8195865,4898.1058976491595,35.57069832924628,6.93525658862,69.0,2730.0,4898.0911545,-0.00030099694591223525,energy_opt,energy_j,single_configuration,gpu_resident
5060ti,RTX 5060 Ti,GPU,GPU board NVML,1,8192,gpu_resident,-1,0.2244745,31.164,138.826177,4898.158266422244,35.28146668514953,6.99553532352,70.0,2730.0,4898.1726610000005,0.00029387735089869693,runtime_opt,runtime_s,single_configuration,gpu_resident
5060ti,RTX 5060 Ti,GPU,GPU board NVML,2,8192,gpu_resident,-1,0.2244708999999999,31.1611,138.82007299999998,4898.236821681566,35.28475014604748,6.9947694311,70.0,2730.0,4898.256035,0.0003922496836006317,runtime_opt,runtime_s,single_configuration,gpu_resident
5060ti,RTX 5060 Ti,GPU,GPU board NVML,3,8192,gpu_resident,-1,0.2244759,31.1496,138.76564050000002,4898.127717835188,35.29777678609035,6.99234700236,70.0,2730.0,4898.121252999999,-0.00013198584359885857,runtime_opt,runtime_s,single_configuration,gpu_resident
5060ti,RTX 5060 Ti,GPU,GPU board NVML,4,8192,gpu_resident,-1,0.2244737,31.1857,138.931492,4898.175722928789,35.25691672067646,7.000197978039999,71.0,2730.0,4898.1433605,-0.0006607037113193215,runtime_opt,runtime_s,single_configuration,gpu_resident
5060ti,RTX 5060 Ti,GPU,GPU board NVML,5,8192,gpu_resident,-1,0.2244768999999999,30.9106,137.8195865,4898.1058976491595,35.57069832924628,6.93525658862,69.0,2730.0,4898.0911545,-0.00030099694591223525,runtime_opt,runtime_s,single_configuration,gpu_resident
5060ti,RTX 5060 Ti,GPU,GPU board NVML,1,8192,gpu_resident,-1,0.2244745,31.164,138.826177,4898.158266422244,35.28146668514953,6.99553532352,70.0,2730.0,4898.1726610000005,0.00029387735089869693,edp_opt,edp_j_s,single_configuration,gpu_resident
5060ti,RTX 5060 Ti,GPU,GPU board NVML,2,8192,gpu_resident,-1,0.2244708999999999,31.1611,138.82007299999998,4898.236821681566,35.28475014604748,6.9947694311,70.0,2730.0,4898.256035,0.0003922496836006317,edp_opt,edp_j_s,single_configuration,gpu_resident
5060ti,RTX 5060 Ti,GPU,GPU board NVML,3,8192,gpu_resident,-1,0.2244759,31.1496,138.76564050000002,4898.127717835188,35.29777678609035,6.99234700236,70.0,2730.0,4898.121252999999,-0.00013198584359885857,edp_opt,edp_j_s,single_configuration,gpu_resident
5060ti,RTX 5060 Ti,GPU,GPU board NVML,4,8192,gpu_resident,-1,0.2244737,31.1857,138.931492,4898.175722928789,35.25691672067646,7.000197978039999,71.0,2730.0,4898.1433605,-0.0006607037113193215,edp_opt,edp_j_s,single_configuration,gpu_resident
5060ti,RTX 5060 Ti,GPU,GPU board NVML,5,8192,gpu_resident,-1,0.2244768999999999,30.9106,137.8195865,4898.1058976491595,35.57069832924628,6.93525658862,69.0,2730.0,4898.0911545,-0.00030099694591223525,edp_opt,edp_j_s,single_configuration,gpu_resident
5060ti,RTX 5060 Ti,GPU,GPU board NVML,1,8192,gpu_resident,-1,0.2244745,31.164,138.826177,4898.158266422244,35.28146668514953,6.99553532352,70.0,2730.0,4898.1726610000005,0.00029387735089869693,throughput_opt,throughput_gflops,single_configuration,gpu_resident
5060ti,RTX 5060 Ti,GPU,GPU board NVML,2,8192,gpu_resident,-1,0.2244708999999999,31.1611,138.82007299999998,4898.236821681566,35.28475014604748,6.9947694311,70.0,2730.0,4898.256035,0.0003922496836006317,throughput_opt,throughput_gflops,single_configuration,gpu_resident
5060ti,RTX 5060 Ti,GPU,GPU board NVML,3,8192,gpu_resident,-1,0.2244759,31.1496,138.76564050000002,4898.127717835188,35.29777678609035,6.99234700236,70.0,2730.0,4898.121252999999,-0.00013198584359885857,throughput_opt,throughput_gflops,single_configuration,gpu_resident
5060ti,RTX 5060 Ti,GPU,GPU board NVML,4,8192,gpu_resident,-1,0.2244737,31.1857,138.931492,4898.175722928789,35.25691672067646,7.000197978039999,71.0,2730.0,4898.1433605,-0.0006607037113193215,throughput_opt,throughput_gflops,single_configuration,gpu_resident
5060ti,RTX 5060 Ti,GPU,GPU board NVML,5,8192,gpu_resident,-1,0.2244768999999999,30.9106,137.8195865,4898.1058976491595,35.57069832924628,6.93525658862,69.0,2730.0,4898.0911545,-0.00030099694591223525,throughput_opt,throughput_gflops,single_configuration,gpu_resident
5060ti,RTX 5060 Ti,GPU,GPU board NVML,1,8192,gpu_resident,-1,0.2244745,31.164,138.826177,4898.158266422244,35.28146668514953,6.99553532352,70.0,2730.0,4898.1726610000005,0.00029387735089869693,efficiency_opt,efficiency_gflop_per_j,single_configuration,gpu_resident
5060ti,RTX 5060 Ti,GPU,GPU board NVML,2,8192,gpu_resident,-1,0.2244708999999999,31.1611,138.82007299999998,4898.236821681566,35.28475014604748,6.9947694311,70.0,2730.0,4898.256035,0.0003922496836006317,efficiency_opt,efficiency_gflop_per_j,single_configuration,gpu_resident
5060ti,RTX 5060 Ti,GPU,GPU board NVML,3,8192,gpu_resident,-1,0.2244759,31.1496,138.76564050000002,4898.127717835188,35.29777678609035,6.99234700236,70.0,2730.0,4898.121252999999,-0.00013198584359885857,efficiency_opt,efficiency_gflop_per_j,single_configuration,gpu_resident
5060ti,RTX 5060 Ti,GPU,GPU board NVML,4,8192,gpu_resident,-1,0.2244737,31.1857,138.931492,4898.175722928789,35.25691672067646,7.000197978039999,71.0,2730.0,4898.1433605,-0.0006607037113193215,efficiency_opt,efficiency_gflop_per_j,single_configuration,gpu_resident
5060ti,RTX 5060 Ti,GPU,GPU board NVML,5,8192,gpu_resident,-1,0.2244768999999999,30.9106,137.8195865,4898.1058976491595,35.57069832924628,6.93525658862,69.0,2730.0,4898.0911545,-0.00030099694591223525,efficiency_opt,efficiency_gflop_per_j,single_configuration,gpu_resident
5060ti,RTX 5060 Ti,GPU,GPU board NVML,1,16384,gpu_resident,-1,1.7932105,298.9175,166.6860435,4905.220565130529,29.426490661162358,536.0477437349999,72.0,2730.0,4905.2270485,0.0001321728428704816,energy_opt,energy_j,single_configuration,gpu_resident
5060ti,RTX 5060 Ti,GPU,GPU board NVML,2,16384,gpu_resident,-1,1.79322,300.281,167.4524835,4905.194578583776,29.292872416862874,538.4732021110001,73.0,2730.0,4905.1729545,-0.0004408404891909079,energy_opt,energy_j,single_configuration,gpu_resident
5060ti,RTX 5060 Ti,GPU,GPU board NVML,3,16384,gpu_resident,-1,1.7931895,302.8565,168.893031,4905.278010053037,29.04376502471633,543.077882754,75.0,2730.0,4905.269957500001,-0.00016416099190008637,energy_opt,energy_j,single_configuration,gpu_resident
5060ti,RTX 5060 Ti,GPU,GPU board NVML,4,16384,gpu_resident,-1,1.79323,298.19500000000005,166.29058750000002,4905.167224621493,29.497788434440544,534.728049285,72.0,2730.0,4905.144572499999,-0.0004618012079182776,energy_opt,energy_j,single_configuration,gpu_resident
5060ti,RTX 5060 Ti,GPU,GPU board NVML,5,16384,gpu_resident,-1,1.793286,298.9525,166.717081,4905.014048070414,29.423045541375306,536.0733924875001,72.5,2730.0,4904.976623500001,-0.0007629859985480714,energy_opt,energy_j,single_configuration,gpu_resident
5060ti,RTX 5060 Ti,GPU,GPU board NVML,1,16384,gpu_resident,-1,1.7932105,298.9175,166.6860435,4905.220565130529,29.426490661162358,536.0477437349999,72.0,2730.0,4905.2270485,0.0001321728428704816,runtime_opt,runtime_s,single_configuration,gpu_resident
5060ti,RTX 5060 Ti,GPU,GPU board NVML,2,16384,gpu_resident,-1,1.79322,300.281,167.4524835,4905.194578583776,29.292872416862874,538.4732021110001,73.0,2730.0,4905.1729545,-0.0004408404891909079,runtime_opt,runtime_s,single_configuration,gpu_resident
5060ti,RTX 5060 Ti,GPU,GPU board NVML,3,16384,gpu_resident,-1,1.7931895,302.8565,168.893031,4905.278010053037,29.04376502471633,543.077882754,75.0,2730.0,4905.269957500001,-0.00016416099190008637,runtime_opt,runtime_s,single_configuration,gpu_resident
5060ti,RTX 5060 Ti,GPU,GPU board NVML,4,16384,gpu_resident,-1,1.79323,298.19500000000005,166.29058750000002,4905.167224621493,29.497788434440544,534.728049285,72.0,2730.0,4905.144572499999,-0.0004618012079182776,runtime_opt,runtime_s,single_configuration,gpu_resident
5060ti,RTX 5060 Ti,GPU,GPU board NVML,5,16384,gpu_resident,-1,1.793286,298.9525,166.717081,4905.014048070414,29.423045541375306,536.0733924875001,72.5,2730.0,4904.976623500001,-0.0007629859985480714,runtime_opt,runtime_s,single_configuration,gpu_resident
5060ti,RTX 5060 Ti,GPU,GPU board NVML,1,16384,gpu_resident,-1,1.7932105,298.9175,166.6860435,4905.220565130529,29.426490661162358,536.0477437349999,72.0,2730.0,4905.2270485,0.0001321728428704816,edp_opt,edp_j_s,single_configuration,gpu_resident
5060ti,RTX 5060 Ti,GPU,GPU board NVML,2,16384,gpu_resident,-1,1.79322,300.281,167.4524835,4905.194578583776,29.292872416862874,538.4732021110001,73.0,2730.0,4905.1729545,-0.0004408404891909079,edp_opt,edp_j_s,single_configuration,gpu_resident
5060ti,RTX 5060 Ti,GPU,GPU board NVML,3,16384,gpu_resident,-1,1.7931895,302.8565,168.893031,4905.278010053037,29.04376502471633,543.077882754,75.0,2730.0,4905.269957500001,-0.00016416099190008637,edp_opt,edp_j_s,single_configuration,gpu_resident
5060ti,RTX 5060 Ti,GPU,GPU board NVML,4,16384,gpu_resident,-1,1.79323,298.19500000000005,166.29058750000002,4905.167224621493,29.497788434440544,534.728049285,72.0,2730.0,4905.144572499999,-0.0004618012079182776,edp_opt,edp_j_s,single_configuration,gpu_resident
5060ti,RTX 5060 Ti,GPU,GPU board NVML,5,16384,gpu_resident,-1,1.793286,298.9525,166.717081,4905.014048070414,29.423045541375306,536.0733924875001,72.5,2730.0,4904.976623500001,-0.0007629859985480714,edp_opt,edp_j_s,single_configuration,gpu_resident
5060ti,RTX 5060 Ti,GPU,GPU board NVML,1,16384,gpu_resident,-1,1.7932105,298.9175,166.6860435,4905.220565130529,29.426490661162358,536.0477437349999,72.0,2730.0,4905.2270485,0.0001321728428704816,throughput_opt,throughput_gflops,single_configuration,gpu_resident
5060ti,RTX 5060 Ti,GPU,GPU board NVML,2,16384,gpu_resident,-1,1.79322,300.281,167.4524835,4905.194578583776,29.292872416862874,538.4732021110001,73.0,2730.0,4905.1729545,-0.0004408404891909079,throughput_opt,throughput_gflops,single_configuration,gpu_resident
5060ti,RTX 5060 Ti,GPU,GPU board NVML,3,16384,gpu_resident,-1,1.7931895,302.8565,168.893031,4905.278010053037,29.04376502471633,543.077882754,75.0,2730.0,4905.269957500001,-0.00016416099190008637,throughput_opt,throughput_gflops,single_configuration,gpu_resident
5060ti,RTX 5060 Ti,GPU,GPU board NVML,4,16384,gpu_resident,-1,1.79323,298.19500000000005,166.29058750000002,4905.167224621493,29.497788434440544,534.728049285,72.0,2730.0,4905.144572499999,-0.0004618012079182776,throughput_opt,throughput_gflops,single_configuration,gpu_resident
5060ti,RTX 5060 Ti,GPU,GPU board NVML,5,16384,gpu_resident,-1,1.793286,298.9525,166.717081,4905.014048070414,29.423045541375306,536.0733924875001,72.5,2730.0,4904.976623500001,-0.0007629859985480714,throughput_opt,throughput_gflops,single_configuration,gpu_resident
5060ti,RTX 5060 Ti,GPU,GPU board NVML,1,16384,gpu_resident,-1,1.7932105,298.9175,166.6860435,4905.220565130529,29.426490661162358,536.0477437349999,72.0,2730.0,4905.2270485,0.0001321728428704816,efficiency_opt,efficiency_gflop_per_j,single_configuration,gpu_resident
5060ti,RTX 5060 Ti,GPU,GPU board NVML,2,16384,gpu_resident,-1,1.79322,300.281,167.4524835,4905.194578583776,29.292872416862874,538.4732021110001,73.0,2730.0,4905.1729545,-0.0004408404891909079,efficiency_opt,efficiency_gflop_per_j,single_configuration,gpu_resident
5060ti,RTX 5060 Ti,GPU,GPU board NVML,3,16384,gpu_resident,-1,1.7931895,302.8565,168.893031,4905.278010053037,29.04376502471633,543.077882754,75.0,2730.0,4905.269957500001,-0.00016416099190008637,efficiency_opt,efficiency_gflop_per_j,single_configuration,gpu_resident
5060ti,RTX 5060 Ti,GPU,GPU board NVML,4,16384,gpu_resident,-1,1.79323,298.19500000000005,166.29058750000002,4905.167224621493,29.497788434440544,534.728049285,72.0,2730.0,4905.144572499999,-0.0004618012079182776,efficiency_opt,efficiency_gflop_per_j,single_configuration,gpu_resident
5060ti,RTX 5060 Ti,GPU,GPU board NVML,5,16384,gpu_resident,-1,1.793286,298.9525,166.717081,4905.014048070414,29.423045541375306,536.0733924875001,72.5,2730.0,4904.976623500001,-0.0007629859985480714,efficiency_opt,efficiency_gflop_per_j,single_configuration,gpu_resident
AMD,AMD CPU,CPU,CPU package RAPL,1,64,8T,8,6.139590917182828e-06,0.0004466040693427,72.83530645037132,85.39461457157985,1.1739436247673092,2.740528250232097e-09,72.5,,85.395,0.0004513497977365333,energy_opt,energy_j,tie_or_uncertain,"1T,2T,4T,8T,10T,16T,20T,32T,64T"
AMD,AMD CPU,CPU,CPU package RAPL,2,64,8T,8,6.160477469889148e-06,0.0004522180523704,73.37484949787037,85.10509170150962,1.1593699040801877,2.786753236248901e-09,73.0,,85.105,-0.00010775090865111636,energy_opt,energy_j,tie_or_uncertain,"1T,2T,4T,8T,10T,16T,20T,32T,64T"
AMD,AMD CPU,CPU,CPU package RAPL,3,64,8T,8,6.116296975252062e-06,0.0004427276290864,72.3365127860178,85.71984030883219,1.1842224554223229,2.708341072517572e-09,69.0,,85.72,0.00018629428990557528,energy_opt,energy_j,tie_or_uncertain,"1T,2T,4T,8T,10T,16T,20T,32T,64T"
AMD,AMD CPU,CPU,CPU package RAPL,4,64,8T,8,6.127075280692067e-06,0.0004459453095281,72.75567523662829,85.56904819696952,1.175677799044018,2.7324931305866e-09,70.0,,85.57,0.0011123216285824356,energy_opt,energy_j,tie_or_uncertain,"1T,2T,4T,8T,10T,16T,20T,32T,64T"
AMD,AMD CPU,CPU,CPU package RAPL,5,64,8T,8,6.123876859176008e-06,0.0004423340011605,72.24234083688401,85.61373980183936,1.1852762813269768,2.7114574044199694e-09,68.5,,85.61500000000001,0.001471957846455041,energy_opt,energy_j,tie_or_uncertain,"1T,2T,4T,8T,10T,16T,20T,32T,64T"
AMD,AMD CPU,CPU,CPU package RAPL,1,64,8T,8,6.139590917182828e-06,0.0004466040693427,72.83530645037132,85.39461457157985,1.1739436247673092,2.740528250232097e-09,72.5,,85.395,0.0004513497977365333,runtime_opt,runtime_s,tie_or_uncertain,"1T,2T,4T,8T,10T,16T,20T,32T,64T"
AMD,AMD CPU,CPU,CPU package RAPL,2,64,8T,8,6.160477469889148e-06,0.0004522180523704,73.37484949787037,85.10509170150962,1.1593699040801877,2.786753236248901e-09,73.0,,85.105,-0.00010775090865111636,runtime_opt,runtime_s,tie_or_uncertain,"1T,2T,4T,8T,10T,16T,20T,32T,64T"
AMD,AMD CPU,CPU,CPU package RAPL,3,64,8T,8,6.116296975252062e-06,0.0004427276290864,72.3365127860178,85.71984030883219,1.1842224554223229,2.708341072517572e-09,69.0,,85.72,0.00018629428990557528,runtime_opt,runtime_s,tie_or_uncertain,"1T,2T,4T,8T,10T,16T,20T,32T,64T"
AMD,AMD CPU,CPU,CPU package RAPL,4,64,8T,8,6.127075280692067e-06,0.0004459453095281,72.75567523662829,85.56904819696952,1.175677799044018,2.7324931305866e-09,70.0,,85.57,0.0011123216285824356,runtime_opt,runtime_s,tie_or_uncertain,"1T,2T,4T,8T,10T,16T,20T,32T,64T"
AMD,AMD CPU,CPU,CPU package RAPL,5,64,8T,8,6.123876859176008e-06,0.0004423340011605,72.24234083688401,85.61373980183936,1.1852762813269768,2.7114574044199694e-09,68.5,,85.61500000000001,0.001471957846455041,runtime_opt,runtime_s,tie_or_uncertain,"1T,2T,4T,8T,10T,16T,20T,32T,64T"
AMD,AMD CPU,CPU,CPU package RAPL,1,64,8T,8,6.139590917182828e-06,0.0004466040693427,72.83530645037132,85.39461457157985,1.1739436247673092,2.740528250232097e-09,72.5,,85.395,0.0004513497977365333,edp_opt,edp_j_s,tie_or_uncertain,"1T,2T,4T,8T,10T,16T,20T,32T,64T"
AMD,AMD CPU,CPU,CPU package RAPL,2,64,8T,8,6.160477469889148e-06,0.0004522180523704,73.37484949787037,85.10509170150962,1.1593699040801877,2.786753236248901e-09,73.0,,85.105,-0.00010775090865111636,edp_opt,edp_j_s,tie_or_uncertain,"1T,2T,4T,8T,10T,16T,20T,32T,64T"
AMD,AMD CPU,CPU,CPU package RAPL,3,64,8T,8,6.116296975252062e-06,0.0004427276290864,72.3365127860178,85.71984030883219,1.1842224554223229,2.708341072517572e-09,69.0,,85.72,0.00018629428990557528,edp_opt,edp_j_s,tie_or_uncertain,"1T,2T,4T,8T,10T,16T,20T,32T,64T"
AMD,AMD CPU,CPU,CPU package RAPL,4,64,8T,8,6.127075280692067e-06,0.0004459453095281,72.75567523662829,85.56904819696952,1.175677799044018,2.7324931305866e-09,70.0,,85.57,0.0011123216285824356,edp_opt,edp_j_s,tie_or_uncertain,"1T,2T,4T,8T,10T,16T,20T,32T,64T"
AMD,AMD CPU,CPU,CPU package RAPL,5,64,8T,8,6.123876859176008e-06,0.0004423340011605,72.24234083688401,85.61373980183936,1.1852762813269768,2.7114574044199694e-09,68.5,,85.61500000000001,0.001471957846455041,edp_opt,edp_j_s,tie_or_uncertain,"1T,2T,4T,8T,10T,16T,20T,32T,64T"
AMD,AMD CPU,CPU,CPU package RAPL,1,64,8T,8,6.139590917182828e-06,0.0004466040693427,72.83530645037132,85.39461457157985,1.1739436247673092,2.740528250232097e-09,72.5,,85.395,0.0004513497977365333,throughput_opt,throughput_gflops,tie_or_uncertain,"1T,2T,4T,8T,10T,16T,20T,32T,64T"
AMD,AMD CPU,CPU,CPU package RAPL,2,64,8T,8,6.160477469889148e-06,0.0004522180523704,73.37484949787037,85.10509170150962,1.1593699040801877,2.786753236248901e-09,73.0,,85.105,-0.00010775090865111636,throughput_opt,throughput_gflops,tie_or_uncertain,"1T,2T,4T,8T,10T,16T,20T,32T,64T"
AMD,AMD CPU,CPU,CPU package RAPL,3,64,8T,8,6.116296975252062e-06,0.0004427276290864,72.3365127860178,85.71984030883219,1.1842224554223229,2.708341072517572e-09,69.0,,85.72,0.00018629428990557528,throughput_opt,throughput_gflops,tie_or_uncertain,"1T,2T,4T,8T,10T,16T,20T,32T,64T"
AMD,AMD CPU,CPU,CPU package RAPL,4,64,8T,8,6.127075280692067e-06,0.0004459453095281,72.75567523662829,85.56904819696952,1.175677799044018,2.7324931305866e-09,70.0,,85.57,0.0011123216285824356,throughput_opt,throughput_gflops,tie_or_uncertain,"1T,2T,4T,8T,10T,16T,20T,32T,64T"
AMD,AMD CPU,CPU,CPU package RAPL,5,64,8T,8,6.123876859176008e-06,0.0004423340011605,72.24234083688401,85.61373980183936,1.1852762813269768,2.7114574044199694e-09,68.5,,85.61500000000001,0.001471957846455041,throughput_opt,throughput_gflops,tie_or_uncertain,"1T,2T,4T,8T,10T,16T,20T,32T,64T"
AMD,AMD CPU,CPU,CPU package RAPL,1,64,8T,8,6.139590917182828e-06,0.0004466040693427,72.83530645037132,85.39461457157985,1.1739436247673092,2.740528250232097e-09,72.5,,85.395,0.0004513497977365333,efficiency_opt,efficiency_gflop_per_j,tie_or_uncertain,"1T,2T,4T,8T,10T,16T,20T,32T,64T"
AMD,AMD CPU,CPU,CPU package RAPL,2,64,8T,8,6.160477469889148e-06,0.0004522180523704,73.37484949787037,85.10509170150962,1.1593699040801877,2.786753236248901e-09,73.0,,85.105,-0.00010775090865111636,efficiency_opt,efficiency_gflop_per_j,tie_or_uncertain,"1T,2T,4T,8T,10T,16T,20T,32T,64T"
AMD,AMD CPU,CPU,CPU package RAPL,3,64,8T,8,6.116296975252062e-06,0.0004427276290864,72.3365127860178,85.71984030883219,1.1842224554223229,2.708341072517572e-09,69.0,,85.72,0.00018629428990557528,efficiency_opt,efficiency_gflop_per_j,tie_or_uncertain,"1T,2T,4T,8T,10T,16T,20T,32T,64T"
AMD,AMD CPU,CPU,CPU package RAPL,4,64,8T,8,6.127075280692067e-06,0.0004459453095281,72.75567523662829,85.56904819696952,1.175677799044018,2.7324931305866e-09,70.0,,85.57,0.0011123216285824356,efficiency_opt,efficiency_gflop_per_j,tie_or_uncertain,"1T,2T,4T,8T,10T,16T,20T,32T,64T"
AMD,AMD CPU,CPU,CPU package RAPL,5,64,8T,8,6.123876859176008e-06,0.0004423340011605,72.24234083688401,85.61373980183936,1.1852762813269768,2.7114574044199694e-09,68.5,,85.61500000000001,0.001471957846455041,efficiency_opt,efficiency_gflop_per_j,tie_or_uncertain,"1T,2T,4T,8T,10T,16T,20T,32T,64T"
AMD,AMD CPU,CPU,CPU package RAPL,1,128,4T,4,1.4477002407821068e-05,0.0016173633779118,111.78998789396374,289.72185552266444,2.593297249882907,2.3414557678119856e-08,77.0,,289.72,-0.000640449668898313,energy_opt,energy_j,clear_leader,4T
AMD,AMD CPU,CPU,CPU package RAPL,2,128,4T,4,1.4397475029735036e-05,0.0016181205952739,112.42009865792488,291.32219304687277,2.5920836878601303,2.3296853064548992e-08,79.0,,291.32000000000005,-0.0007527908704063613,energy_opt,energy_j,clear_leader,4T
AMD,AMD CPU,CPU,CPU package RAPL,3,128,4T,4,1.4749324334303142e-05,0.0016567900562685,112.32205173443032,284.3726197168995,2.5315844841841986,2.4435869846787992e-08,82.5,,284.375,0.0008370296348703121,energy_opt,energy_j,clear_leader,4T
AMD,AMD CPU,CPU,CPU package RAPL,4,128,4T,4,1.4496553961502415e-05,0.0016335646384543,112.72043213358296,289.33110662979277,2.567577616009554,2.3665835219240584e-08,83.0,,289.33,-0.00038247867838459015,energy_opt,energy_j,clear_leader,4T
AMD,AMD CPU,CPU,CPU package RAPL,5,128,4T,4,1.445189595510192e-05,0.0016263004085608,112.50773981835331,290.2251727406946,2.579046268402382,2.349205040563893e-08,81.5,,290.225,-5.951954232807921e-05,energy_opt,energy_j,clear_leader,4T
AMD,AMD CPU,CPU,CPU package RAPL,1,128,4T,4,1.4477002407821068e-05,0.0016173633779118,111.78998789396374,289.72185552266444,2.593297249882907,2.3414557678119856e-08,77.0,,289.72,-0.000640449668898313,runtime_opt,runtime_s,clear_leader,4T
AMD,AMD CPU,CPU,CPU package RAPL,2,128,4T,4,1.4397475029735036e-05,0.0016181205952739,112.42009865792488,291.32219304687277,2.5920836878601303,2.3296853064548992e-08,79.0,,291.32000000000005,-0.0007527908704063613,runtime_opt,runtime_s,clear_leader,4T
AMD,AMD CPU,CPU,CPU package RAPL,3,128,4T,4,1.4749324334303142e-05,0.0016567900562685,112.32205173443032,284.3726197168995,2.5315844841841986,2.4435869846787992e-08,82.5,,284.375,0.0008370296348703121,runtime_opt,runtime_s,clear_leader,4T
AMD,AMD CPU,CPU,CPU package RAPL,4,128,4T,4,1.4496553961502415e-05,0.0016335646384543,112.72043213358296,289.33110662979277,2.567577616009554,2.3665835219240584e-08,83.0,,289.33,-0.00038247867838459015,runtime_opt,runtime_s,clear_leader,4T
AMD,AMD CPU,CPU,CPU package RAPL,5,128,4T,4,1.445189595510192e-05,0.0016263004085608,112.50773981835331,290.2251727406946,2.579046268402382,2.349205040563893e-08,81.5,,290.225,-5.951954232807921e-05,runtime_opt,runtime_s,clear_leader,4T
AMD,AMD CPU,CPU,CPU package RAPL,1,128,4T,4,1.4477002407821068e-05,0.0016173633779118,111.78998789396374,289.72185552266444,2.593297249882907,2.3414557678119856e-08,77.0,,289.72,-0.000640449668898313,edp_opt,edp_j_s,clear_leader,4T
AMD,AMD CPU,CPU,CPU package RAPL,2,128,4T,4,1.4397475029735036e-05,0.0016181205952739,112.42009865792488,291.32219304687277,2.5920836878601303,2.3296853064548992e-08,79.0,,291.32000000000005,-0.0007527908704063613,edp_opt,edp_j_s,clear_leader,4T
AMD,AMD CPU,CPU,CPU package RAPL,3,128,4T,4,1.4749324334303142e-05,0.0016567900562685,112.32205173443032,284.3726197168995,2.5315844841841986,2.4435869846787992e-08,82.5,,284.375,0.0008370296348703121,edp_opt,edp_j_s,clear_leader,4T
AMD,AMD CPU,CPU,CPU package RAPL,4,128,4T,4,1.4496553961502415e-05,0.0016335646384543,112.72043213358296,289.33110662979277,2.567577616009554,2.3665835219240584e-08,83.0,,289.33,-0.00038247867838459015,edp_opt,edp_j_s,clear_leader,4T
AMD,AMD CPU,CPU,CPU package RAPL,5,128,4T,4,1.445189595510192e-05,0.0016263004085608,112.50773981835331,290.2251727406946,2.579046268402382,2.349205040563893e-08,81.5,,290.225,-5.951954232807921e-05,edp_opt,edp_j_s,clear_leader,4T
AMD,AMD CPU,CPU,CPU package RAPL,1,128,4T,4,1.4477002407821068e-05,0.0016173633779118,111.78998789396374,289.72185552266444,2.593297249882907,2.3414557678119856e-08,77.0,,289.72,-0.000640449668898313,throughput_opt,throughput_gflops,clear_leader,4T
AMD,AMD CPU,CPU,CPU package RAPL,2,128,4T,4,1.4397475029735036e-05,0.0016181205952739,112.42009865792488,291.32219304687277,2.5920836878601303,2.3296853064548992e-08,79.0,,291.32000000000005,-0.0007527908704063613,throughput_opt,throughput_gflops,clear_leader,4T
AMD,AMD CPU,CPU,CPU package RAPL,3,128,4T,4,1.4749324334303142e-05,0.0016567900562685,112.32205173443032,284.3726197168995,2.5315844841841986,2.4435869846787992e-08,82.5,,284.375,0.0008370296348703121,throughput_opt,throughput_gflops,clear_leader,4T
AMD,AMD CPU,CPU,CPU package RAPL,4,128,4T,4,1.4496553961502415e-05,0.0016335646384543,112.72043213358296,289.33110662979277,2.567577616009554,2.3665835219240584e-08,83.0,,289.33,-0.00038247867838459015,throughput_opt,throughput_gflops,clear_leader,4T
AMD,AMD CPU,CPU,CPU package RAPL,5,128,4T,4,1.445189595510192e-05,0.0016263004085608,112.50773981835331,290.2251727406946,2.579046268402382,2.349205040563893e-08,81.5,,290.225,-5.951954232807921e-05,throughput_opt,throughput_gflops,clear_leader,4T
AMD,AMD CPU,CPU,CPU package RAPL,1,128,4T,4,1.4477002407821068e-05,0.0016173633779118,111.78998789396374,289.72185552266444,2.593297249882907,2.3414557678119856e-08,77.0,,289.72,-0.000640449668898313,efficiency_opt,efficiency_gflop_per_j,clear_leader,4T
AMD,AMD CPU,CPU,CPU package RAPL,2,128,4T,4,1.4397475029735036e-05,0.0016181205952739,112.42009865792488,291.32219304687277,2.5920836878601303,2.3296853064548992e-08,79.0,,291.32000000000005,-0.0007527908704063613,efficiency_opt,efficiency_gflop_per_j,clear_leader,4T
AMD,AMD CPU,CPU,CPU package RAPL,3,128,4T,4,1.4749324334303142e-05,0.0016567900562685,112.32205173443032,284.3726197168995,2.5315844841841986,2.4435869846787992e-08,82.5,,284.375,0.0008370296348703121,efficiency_opt,efficiency_gflop_per_j,clear_leader,4T
AMD,AMD CPU,CPU,CPU package RAPL,4,128,4T,4,1.4496553961502415e-05,0.0016335646384543,112.72043213358296,289.33110662979277,2.567577616009554,2.3665835219240584e-08,83.0,,289.33,-0.00038247867838459015,efficiency_opt,efficiency_gflop_per_j,clear_leader,4T
AMD,AMD CPU,CPU,CPU package RAPL,5,128,4T,4,1.445189595510192e-05,0.0016263004085608,112.50773981835331,290.2251727406946,2.579046268402382,2.349205040563893e-08,81.5,,290.225,-5.951954232807921e-05,efficiency_opt,efficiency_gflop_per_j,clear_leader,4T
AMD,AMD CPU,CPU,CPU package RAPL,1,256,4T,4,8.786470844212359e-05,0.0104991572671888,119.490501346579,381.887478999629,3.1959166956058334,9.224941191056854e-07,83.0,,381.89,0.0006601421909779859,energy_opt,energy_j,clear_leader,4T
AMD,AMD CPU,CPU,CPU package RAPL,2,256,4T,4,8.797525927227984e-05,0.0105352741694498,119.69546634275164,381.4075943345663,3.1849604918020242,9.26844348713268e-07,84.0,,381.405,-0.0006802000287464693,energy_opt,energy_j,clear_leader,4T
AMD,AMD CPU,CPU,CPU package RAPL,3,256,4T,4,8.725188523879692e-05,0.0104193379994799,119.41676848613994,384.5697076706817,3.2203996071223457,9.091080173520616e-07,82.0,,384.57,7.601465026318976e-05,energy_opt,energy_j,clear_leader,4T
AMD,AMD CPU,CPU,CPU package RAPL,4,256,4T,4,8.828520014044945e-05,0.0105512485516151,119.61415658095244,380.0685952642071,3.1801385244463565,9.315193503394428e-07,84.0,,380.07,0.0003696005958842008,energy_opt,energy_j,clear_leader,4T
AMD,AMD CPU,CPU,CPU package RAPL,5,256,4T,4,8.723173781802501e-05,0.0104244419146183,119.62637252765074,384.6585295594848,3.218822865994033,9.102834893294106e-07,83.0,,384.66,0.0003822716519330527,energy_opt,energy_j,clear_leader,4T
AMD,AMD CPU,CPU,CPU package RAPL,1,256,16T,16,7.354378181818182e-05,0.01237701,168.49888151223507,456.2511088014857,2.7110289157074283,9.103736392282446e-07,69.5,,456.25,-0.00024302439256551622,runtime_opt,runtime_s,tie_or_uncertain,"16T,32T,64T"
AMD,AMD CPU,CPU,CPU package RAPL,2,256,16T,16,7.063734392735529e-05,0.0120784995388762,170.97275454451983,475.02397647493626,2.778029828291234,8.528004993398196e-07,69.0,,475.025,0.00021546808464112388,runtime_opt,runtime_s,tie_or_uncertain,"16T,32T,64T"
AMD,AMD CPU,CPU,CPU package RAPL,3,256,16T,16,6.629204568089767e-05,0.0116849352632627,176.345589113433,506.16075662406126,2.871597595024317,7.747772361597155e-07,70.5,,506.16,-0.00014948295602446038,runtime_opt,runtime_s,tie_or_uncertain,"16T,32T,64T"
AMD,AMD CPU,CPU,CPU package RAPL,4,256,16T,16,7.061246211320223e-05,0.0120512275322478,170.7589155870351,475.1913613521545,2.7843165279397404,8.503873390149773e-07,74.5,,475.19,-0.0002864850384920459,runtime_opt,runtime_s,tie_or_uncertain,"16T,32T,64T"
AMD,AMD CPU,CPU,CPU package RAPL,5,256,16T,16,7.319306387954978e-05,0.0124280965867563,169.68798052583557,458.437319350627,2.6998850359560667,9.096995386874908e-07,68.0,,458.44,0.0005847362899658037,runtime_opt,runtime_s,tie_or_uncertain,"16T,32T,64T"
AMD,AMD CPU,CPU,CPU package RAPL,1,256,16T,16,7.354378181818182e-05,0.01237701,168.49888151223507,456.2511088014857,2.7110289157074283,9.103736392282446e-07,69.5,,456.25,-0.00024302439256551622,edp_opt,edp_j_s,tie_or_uncertain,"4T,16T"
AMD,AMD CPU,CPU,CPU package RAPL,2,256,16T,16,7.063734392735529e-05,0.0120784995388762,170.97275454451983,475.02397647493626,2.778029828291234,8.528004993398196e-07,69.0,,475.025,0.00021546808464112388,edp_opt,edp_j_s,tie_or_uncertain,"4T,16T"
AMD,AMD CPU,CPU,CPU package RAPL,3,256,16T,16,6.629204568089767e-05,0.0116849352632627,176.345589113433,506.16075662406126,2.871597595024317,7.747772361597155e-07,70.5,,506.16,-0.00014948295602446038,edp_opt,edp_j_s,tie_or_uncertain,"4T,16T"
AMD,AMD CPU,CPU,CPU package RAPL,4,256,16T,16,7.061246211320223e-05,0.0120512275322478,170.7589155870351,475.1913613521545,2.7843165279397404,8.503873390149773e-07,74.5,,475.19,-0.0002864850384920459,edp_opt,edp_j_s,tie_or_uncertain,"4T,16T"
AMD,AMD CPU,CPU,CPU package RAPL,5,256,16T,16,7.319306387954978e-05,0.0124280965867563,169.68798052583557,458.437319350627,2.6998850359560667,9.096995386874908e-07,68.0,,458.44,0.0005847362899658037,edp_opt,edp_j_s,tie_or_uncertain,"4T,16T"
AMD,AMD CPU,CPU,CPU package RAPL,1,256,16T,16,7.354378181818182e-05,0.01237701,168.49888151223507,456.2511088014857,2.7110289157074283,9.103736392282446e-07,69.5,,456.25,-0.00024302439256551622,throughput_opt,throughput_gflops,tie_or_uncertain,"16T,32T,64T"
AMD,AMD CPU,CPU,CPU package RAPL,2,256,16T,16,7.063734392735529e-05,0.0120784995388762,170.97275454451983,475.02397647493626,2.778029828291234,8.528004993398196e-07,69.0,,475.025,0.00021546808464112388,throughput_opt,throughput_gflops,tie_or_uncertain,"16T,32T,64T"
AMD,AMD CPU,CPU,CPU package RAPL,3,256,16T,16,6.629204568089767e-05,0.0116849352632627,176.345589113433,506.16075662406126,2.871597595024317,7.747772361597155e-07,70.5,,506.16,-0.00014948295602446038,throughput_opt,throughput_gflops,tie_or_uncertain,"16T,32T,64T"
AMD,AMD CPU,CPU,CPU package RAPL,4,256,16T,16,7.061246211320223e-05,0.0120512275322478,170.7589155870351,475.1913613521545,2.7843165279397404,8.503873390149773e-07,74.5,,475.19,-0.0002864850384920459,throughput_opt,throughput_gflops,tie_or_uncertain,"16T,32T,64T"
AMD,AMD CPU,CPU,CPU package RAPL,5,256,16T,16,7.319306387954978e-05,0.0124280965867563,169.68798052583557,458.437319350627,2.6998850359560667,9.096995386874908e-07,68.0,,458.44,0.0005847362899658037,throughput_opt,throughput_gflops,tie_or_uncertain,"16T,32T,64T"
AMD,AMD CPU,CPU,CPU package RAPL,1,256,4T,4,8.786470844212359e-05,0.0104991572671888,119.490501346579,381.887478999629,3.1959166956058334,9.224941191056854e-07,83.0,,381.89,0.0006601421909779859,efficiency_opt,efficiency_gflop_per_j,clear_leader,4T
AMD,AMD CPU,CPU,CPU package RAPL,2,256,4T,4,8.797525927227984e-05,0.0105352741694498,119.69546634275164,381.4075943345663,3.1849604918020242,9.26844348713268e-07,84.0,,381.405,-0.0006802000287464693,efficiency_opt,efficiency_gflop_per_j,clear_leader,4T
AMD,AMD CPU,CPU,CPU package RAPL,3,256,4T,4,8.725188523879692e-05,0.0104193379994799,119.41676848613994,384.5697076706817,3.2203996071223457,9.091080173520616e-07,82.0,,384.57,7.601465026318976e-05,efficiency_opt,efficiency_gflop_per_j,clear_leader,4T
AMD,AMD CPU,CPU,CPU package RAPL,4,256,4T,4,8.828520014044945e-05,0.0105512485516151,119.61415658095244,380.0685952642071,3.1801385244463565,9.315193503394428e-07,84.0,,380.07,0.0003696005958842008,efficiency_opt,efficiency_gflop_per_j,clear_leader,4T
AMD,AMD CPU,CPU,CPU package RAPL,5,256,4T,4,8.723173781802501e-05,0.0104244419146183,119.62637252765074,384.6585295594848,3.218822865994033,9.102834893294106e-07,83.0,,384.66,0.0003822716519330527,efficiency_opt,efficiency_gflop_per_j,clear_leader,4T
AMD,AMD CPU,CPU,CPU package RAPL,1,512,16T,16,0.0002856098374927,0.0626773379280325,219.32541696324785,939.8676822777893,4.282815206801277,1.7894638628485288e-05,77.0,,939.865,-0.0002853888733334031,energy_opt,energy_j,clear_leader,16T
AMD,AMD CPU,CPU,CPU package RAPL,2,512,16T,16,0.0003073389025137,0.0650758822808093,211.704916424676,873.4184114164791,4.1249606857679275,1.9991203628007385e-05,73.5,,873.4200000000001,0.00018188115800121807,energy_opt,energy_j,clear_leader,16T
AMD,AMD CPU,CPU,CPU package RAPL,3,512,16T,16,0.0003065232558139,0.0648808432497734,211.5403552517135,875.7425445166733,4.137360776378896,1.98758411106551e-05,73.0,,875.765,0.0025641649440633074,energy_opt,energy_j,clear_leader,16T
AMD,AMD CPU,CPU,CPU package RAPL,4,512,16T,16,0.0003273279517286,0.066899805936073,204.3257438454171,820.0810672672709,4.012499771023358,2.1888376688179148e-05,71.0,,820.0799999999999,-0.00013014167911107322,energy_opt,energy_j,clear_leader,16T
AMD,AMD CPU,CPU,CPU package RAPL,5,512,16T,16,0.0002963063023995,0.0638993592078635,215.5866001389965,905.9390698955749,4.2009099829434,1.89337836042747e-05,74.5,,905.94,0.00010266743715181548,energy_opt,energy_j,clear_leader,16T
AMD,AMD CPU,CPU,CPU package RAPL,1,512,16T,16,0.0002856098374927,0.0626773379280325,219.32541696324785,939.8676822777893,4.282815206801277,1.7894638628485288e-05,77.0,,939.865,-0.0002853888733334031,runtime_opt,runtime_s,tie_or_uncertain,"16T,32T"
AMD,AMD CPU,CPU,CPU package RAPL,2,512,16T,16,0.0003073389025137,0.0650758822808093,211.704916424676,873.4184114164791,4.1249606857679275,1.9991203628007385e-05,73.5,,873.4200000000001,0.00018188115800121807,runtime_opt,runtime_s,tie_or_uncertain,"16T,32T"
AMD,AMD CPU,CPU,CPU package RAPL,3,512,16T,16,0.0003065232558139,0.0648808432497734,211.5403552517135,875.7425445166733,4.137360776378896,1.98758411106551e-05,73.0,,875.765,0.0025641649440633074,runtime_opt,runtime_s,tie_or_uncertain,"16T,32T"
AMD,AMD CPU,CPU,CPU package RAPL,4,512,16T,16,0.0003273279517286,0.066899805936073,204.3257438454171,820.0810672672709,4.012499771023358,2.1888376688179148e-05,71.0,,820.0799999999999,-0.00013014167911107322,runtime_opt,runtime_s,tie_or_uncertain,"16T,32T"
AMD,AMD CPU,CPU,CPU package RAPL,5,512,16T,16,0.0002963063023995,0.0638993592078635,215.5866001389965,905.9390698955749,4.2009099829434,1.89337836042747e-05,74.5,,905.94,0.00010266743715181548,runtime_opt,runtime_s,tie_or_uncertain,"16T,32T"
AMD,AMD CPU,CPU,CPU package RAPL,1,512,16T,16,0.0002856098374927,0.0626773379280325,219.32541696324785,939.8676822777893,4.282815206801277,1.7894638628485288e-05,77.0,,939.865,-0.0002853888733334031,edp_opt,edp_j_s,clear_leader,16T
AMD,AMD CPU,CPU,CPU package RAPL,2,512,16T,16,0.0003073389025137,0.0650758822808093,211.704916424676,873.4184114164791,4.1249606857679275,1.9991203628007385e-05,73.5,,873.4200000000001,0.00018188115800121807,edp_opt,edp_j_s,clear_leader,16T
AMD,AMD CPU,CPU,CPU package RAPL,3,512,16T,16,0.0003065232558139,0.0648808432497734,211.5403552517135,875.7425445166733,4.137360776378896,1.98758411106551e-05,73.0,,875.765,0.0025641649440633074,edp_opt,edp_j_s,clear_leader,16T
AMD,AMD CPU,CPU,CPU package RAPL,4,512,16T,16,0.0003273279517286,0.066899805936073,204.3257438454171,820.0810672672709,4.012499771023358,2.1888376688179148e-05,71.0,,820.0799999999999,-0.00013014167911107322,edp_opt,edp_j_s,clear_leader,16T
AMD,AMD CPU,CPU,CPU package RAPL,5,512,16T,16,0.0002963063023995,0.0638993592078635,215.5866001389965,905.9390698955749,4.2009099829434,1.89337836042747e-05,74.5,,905.94,0.00010266743715181548,edp_opt,edp_j_s,clear_leader,16T
AMD,AMD CPU,CPU,CPU package RAPL,1,512,16T,16,0.0002856098374927,0.0626773379280325,219.32541696324785,939.8676822777893,4.282815206801277,1.7894638628485288e-05,77.0,,939.865,-0.0002853888733334031,throughput_opt,throughput_gflops,tie_or_uncertain,"16T,32T"
AMD,AMD CPU,CPU,CPU package RAPL,2,512,16T,16,0.0003073389025137,0.0650758822808093,211.704916424676,873.4184114164791,4.1249606857679275,1.9991203628007385e-05,73.5,,873.4200000000001,0.00018188115800121807,throughput_opt,throughput_gflops,tie_or_uncertain,"16T,32T"
AMD,AMD CPU,CPU,CPU package RAPL,3,512,16T,16,0.0003065232558139,0.0648808432497734,211.5403552517135,875.7425445166733,4.137360776378896,1.98758411106551e-05,73.0,,875.765,0.0025641649440633074,throughput_opt,throughput_gflops,tie_or_uncertain,"16T,32T"
AMD,AMD CPU,CPU,CPU package RAPL,4,512,16T,16,0.0003273279517286,0.066899805936073,204.3257438454171,820.0810672672709,4.012499771023358,2.1888376688179148e-05,71.0,,820.0799999999999,-0.00013014167911107322,throughput_opt,throughput_gflops,tie_or_uncertain,"16T,32T"
AMD,AMD CPU,CPU,CPU package RAPL,5,512,16T,16,0.0002963063023995,0.0638993592078635,215.5866001389965,905.9390698955749,4.2009099829434,1.89337836042747e-05,74.5,,905.94,0.00010266743715181548,throughput_opt,throughput_gflops,tie_or_uncertain,"16T,32T"
AMD,AMD CPU,CPU,CPU package RAPL,1,512,16T,16,0.0002856098374927,0.0626773379280325,219.32541696324785,939.8676822777893,4.282815206801277,1.7894638628485288e-05,77.0,,939.865,-0.0002853888733334031,efficiency_opt,efficiency_gflop_per_j,clear_leader,16T
AMD,AMD CPU,CPU,CPU package RAPL,2,512,16T,16,0.0003073389025137,0.0650758822808093,211.704916424676,873.4184114164791,4.1249606857679275,1.9991203628007385e-05,73.5,,873.4200000000001,0.00018188115800121807,efficiency_opt,efficiency_gflop_per_j,clear_leader,16T
AMD,AMD CPU,CPU,CPU package RAPL,3,512,16T,16,0.0003065232558139,0.0648808432497734,211.5403552517135,875.7425445166733,4.137360776378896,1.98758411106551e-05,73.0,,875.765,0.0025641649440633074,efficiency_opt,efficiency_gflop_per_j,clear_leader,16T
AMD,AMD CPU,CPU,CPU package RAPL,4,512,16T,16,0.0003273279517286,0.066899805936073,204.3257438454171,820.0810672672709,4.012499771023358,2.1888376688179148e-05,71.0,,820.0799999999999,-0.00013014167911107322,efficiency_opt,efficiency_gflop_per_j,clear_leader,16T
AMD,AMD CPU,CPU,CPU package RAPL,5,512,16T,16,0.0002963063023995,0.0638993592078635,215.5866001389965,905.9390698955749,4.2009099829434,1.89337836042747e-05,74.5,,905.94,0.00010266743715181548,efficiency_opt,efficiency_gflop_per_j,clear_leader,16T
AMD,AMD CPU,CPU,CPU package RAPL,1,1024,16T,16,0.0019111419047619,0.4483122419047619,234.43269094530137,1123.6651986172344,4.790151700689461,0.0008567966946829,77.5,,1123.665,-1.767583749368029e-05,energy_opt,energy_j,clear_leader,16T
AMD,AMD CPU,CPU,CPU package RAPL,2,1024,16T,16,0.0019108878326996,0.4488921007604562,234.92802777013537,1123.8146013867022,4.7839639957174676,0.0008576660325907,84.0,,1123.815,3.546966709233601e-05,energy_opt,energy_j,clear_leader,16T
AMD,AMD CPU,CPU,CPU package RAPL,3,1024,16T,16,0.0019323448940269,0.4508309489402697,233.1547061185783,1111.3355874710144,4.763390031336377,0.0008710414004965,80.0,,1111.335,-5.286171170792997e-05,energy_opt,energy_j,clear_leader,16T
AMD,AMD CPU,CPU,CPU package RAPL,4,1024,16T,16,0.0018887457943925,0.4449035738317757,235.7424455119491,1136.9892414191827,4.826851871529343,0.0008399358959261,79.0,,1136.99,6.671838128635699e-05,energy_opt,energy_j,clear_leader,16T
AMD,AMD CPU,CPU,CPU package RAPL,5,1024,16T,16,0.0019457127862595,0.4525105677480916,232.6068148273798,1103.7002291218894,4.745709384615927,0.0008805450374778,78.5,,1103.6999999999998,-2.0759431185179977e-05,energy_opt,energy_j,clear_leader,16T
AMD,AMD CPU,CPU,CPU package RAPL,1,1024,64T,64,0.0017471132404181,0.5015380226480837,286.98213087128585,1229.1611089193555,4.281796296642566,0.0008762697714912,76.5,,1229.16,-9.021757582106105e-05,runtime_opt,runtime_s,tie_or_uncertain,"16T,20T,32T,64T"
AMD,AMD CPU,CPU,CPU package RAPL,2,1024,64T,64,0.0017508977272727,0.5024086896853146,286.97430344113394,1226.504332349009,4.274376005210188,0.00087965102994,83.0,,1226.5,-0.0003532273710527001,runtime_opt,runtime_s,tie_or_uncertain,"16T,20T,32T,64T"
AMD,AMD CPU,CPU,CPU package RAPL,3,1024,64T,64,0.0019215268714011,0.5514401986564299,286.9267267140856,1117.5923063902517,3.894318283709257,0.0010596071771417,77.5,,1117.59,-0.00020637134298118198,runtime_opt,runtime_s,tie_or_uncertain,"16T,20T,32T,64T"
AMD,AMD CPU,CPU,CPU package RAPL,4,1024,64T,64,0.0017370224913494,0.4986183987889273,286.96654486491195,1236.3015785315106,4.306868044211626,0.0008661113799517,79.0,,1236.3049999999998,0.00027675031308849185,runtime_opt,runtime_s,tie_or_uncertain,"16T,20T,32T,64T"
AMD,AMD CPU,CPU,CPU package RAPL,5,1024,64T,64,0.0017906410714285,0.51386955,287.0191184570194,1199.2820237764488,4.179044366415562,0.0009201558980895,79.0,,1199.28,-0.00016874900221619527,runtime_opt,runtime_s,tie_or_uncertain,"16T,20T,32T,64T"
AMD,AMD CPU,CPU,CPU package RAPL,1,1024,16T,16,0.0019111419047619,0.4483122419047619,234.43269094530137,1123.6651986172344,4.790151700689461,0.0008567966946829,77.5,,1123.665,-1.767583749368029e-05,edp_opt,edp_j_s,tie_or_uncertain,"16T,20T,32T,64T"
AMD,AMD CPU,CPU,CPU package RAPL,2,1024,16T,16,0.0019108878326996,0.4488921007604562,234.92802777013537,1123.8146013867022,4.7839639957174676,0.0008576660325907,84.0,,1123.815,3.546966709233601e-05,edp_opt,edp_j_s,tie_or_uncertain,"16T,20T,32T,64T"
AMD,AMD CPU,CPU,CPU package RAPL,3,1024,16T,16,0.0019323448940269,0.4508309489402697,233.1547061185783,1111.3355874710144,4.763390031336377,0.0008710414004965,80.0,,1111.335,-5.286171170792997e-05,edp_opt,edp_j_s,tie_or_uncertain,"16T,20T,32T,64T"
AMD,AMD CPU,CPU,CPU package RAPL,4,1024,16T,16,0.0018887457943925,0.4449035738317757,235.7424455119491,1136.9892414191827,4.826851871529343,0.0008399358959261,79.0,,1136.99,6.671838128635699e-05,edp_opt,edp_j_s,tie_or_uncertain,"16T,20T,32T,64T"
AMD,AMD CPU,CPU,CPU package RAPL,5,1024,16T,16,0.0019457127862595,0.4525105677480916,232.6068148273798,1103.7002291218894,4.745709384615927,0.0008805450374778,78.5,,1103.6999999999998,-2.0759431185179977e-05,edp_opt,edp_j_s,tie_or_uncertain,"16T,20T,32T,64T"
AMD,AMD CPU,CPU,CPU package RAPL,1,1024,64T,64,0.0017471132404181,0.5015380226480837,286.98213087128585,1229.1611089193555,4.281796296642566,0.0008762697714912,76.5,,1229.16,-9.021757582106105e-05,throughput_opt,throughput_gflops,tie_or_uncertain,"16T,20T,32T,64T"
AMD,AMD CPU,CPU,CPU package RAPL,2,1024,64T,64,0.0017508977272727,0.5024086896853146,286.97430344113394,1226.504332349009,4.274376005210188,0.00087965102994,83.0,,1226.5,-0.0003532273710527001,throughput_opt,throughput_gflops,tie_or_uncertain,"16T,20T,32T,64T"
AMD,AMD CPU,CPU,CPU package RAPL,3,1024,64T,64,0.0019215268714011,0.5514401986564299,286.9267267140856,1117.5923063902517,3.894318283709257,0.0010596071771417,77.5,,1117.59,-0.00020637134298118198,throughput_opt,throughput_gflops,tie_or_uncertain,"16T,20T,32T,64T"
AMD,AMD CPU,CPU,CPU package RAPL,4,1024,64T,64,0.0017370224913494,0.4986183987889273,286.96654486491195,1236.3015785315106,4.306868044211626,0.0008661113799517,79.0,,1236.3049999999998,0.00027675031308849185,throughput_opt,throughput_gflops,tie_or_uncertain,"16T,20T,32T,64T"
AMD,AMD CPU,CPU,CPU package RAPL,5,1024,64T,64,0.0017906410714285,0.51386955,287.0191184570194,1199.2820237764488,4.179044366415562,0.0009201558980895,79.0,,1199.28,-0.00016874900221619527,throughput_opt,throughput_gflops,tie_or_uncertain,"16T,20T,32T,64T"
AMD,AMD CPU,CPU,CPU package RAPL,1,1024,16T,16,0.0019111419047619,0.4483122419047619,234.43269094530137,1123.6651986172344,4.790151700689461,0.0008567966946829,77.5,,1123.665,-1.767583749368029e-05,efficiency_opt,efficiency_gflop_per_j,clear_leader,16T
AMD,AMD CPU,CPU,CPU package RAPL,2,1024,16T,16,0.0019108878326996,0.4488921007604562,234.92802777013537,1123.8146013867022,4.7839639957174676,0.0008576660325907,84.0,,1123.815,3.546966709233601e-05,efficiency_opt,efficiency_gflop_per_j,clear_leader,16T
AMD,AMD CPU,CPU,CPU package RAPL,3,1024,16T,16,0.0019323448940269,0.4508309489402697,233.1547061185783,1111.3355874710144,4.763390031336377,0.0008710414004965,80.0,,1111.335,-5.286171170792997e-05,efficiency_opt,efficiency_gflop_per_j,clear_leader,16T
AMD,AMD CPU,CPU,CPU package RAPL,4,1024,16T,16,0.0018887457943925,0.4449035738317757,235.7424455119491,1136.9892414191827,4.826851871529343,0.0008399358959261,79.0,,1136.99,6.671838128635699e-05,efficiency_opt,efficiency_gflop_per_j,clear_leader,16T
AMD,AMD CPU,CPU,CPU package RAPL,5,1024,16T,16,0.0019457127862595,0.4525105677480916,232.6068148273798,1103.7002291218894,4.745709384615927,0.0008805450374778,78.5,,1103.6999999999998,-2.0759431185179977e-05,efficiency_opt,efficiency_gflop_per_j,clear_leader,16T
AMD,AMD CPU,CPU,CPU package RAPL,1,2048,64T,64,0.008329082644628,2.0539827190082645,246.61553108284068,2062.6364171185746,8.364174160284586,0.0171043830113779,67.0,,2062.6400000000003,0.00017370397400462423,energy_opt,energy_j,clear_leader,64T
AMD,AMD CPU,CPU,CPU package RAPL,2,2048,64T,64,0.0083996092436974,2.1143656218487394,251.7634213074164,2045.3176672344393,8.12530671444536,0.0177571887453074,66.0,,2045.32,0.00011405394857444406,energy_opt,energy_j,clear_leader,64T
AMD,AMD CPU,CPU,CPU package RAPL,3,2048,64T,64,0.0085423093220338,2.151891855932204,252.196976206461,2011.1504437900314,7.9836117863635145,0.018377630584552,75.0,,2011.15,-2.2066476068616225e-05,energy_opt,energy_j,clear_leader,64T
AMD,AMD CPU,CPU,CPU package RAPL,4,2048,64T,64,0.0084752647058823,2.1499956764705885,253.5435133656581,2027.0598949052558,7.990652898522243,0.0182276148960464,66.0,,2027.06,5.18458997955662e-06,energy_opt,energy_j,clear_leader,64T
AMD,AMD CPU,CPU,CPU package RAPL,5,2048,64T,64,0.0084523949579831,2.1149090714285714,250.23833905647075,2032.5445355311983,8.12321882585496,0.017877733615508,68.5,,2032.54,-0.0002231454769630048,energy_opt,energy_j,clear_leader,64T
AMD,AMD CPU,CPU,CPU package RAPL,1,2048,64T,64,0.008329082644628,2.0539827190082645,246.61553108284068,2062.6364171185746,8.364174160284586,0.0171043830113779,67.0,,2062.6400000000003,0.00017370397400462423,runtime_opt,runtime_s,tie_or_uncertain,"32T,64T"
AMD,AMD CPU,CPU,CPU package RAPL,2,2048,64T,64,0.0083996092436974,2.1143656218487394,251.7634213074164,2045.3176672344393,8.12530671444536,0.0177571887453074,66.0,,2045.32,0.00011405394857444406,runtime_opt,runtime_s,tie_or_uncertain,"32T,64T"
AMD,AMD CPU,CPU,CPU package RAPL,3,2048,64T,64,0.0085423093220338,2.151891855932204,252.196976206461,2011.1504437900314,7.9836117863635145,0.018377630584552,75.0,,2011.15,-2.2066476068616225e-05,runtime_opt,runtime_s,tie_or_uncertain,"32T,64T"
AMD,AMD CPU,CPU,CPU package RAPL,4,2048,64T,64,0.0084752647058823,2.1499956764705885,253.5435133656581,2027.0598949052558,7.990652898522243,0.0182276148960464,66.0,,2027.06,5.18458997955662e-06,runtime_opt,runtime_s,tie_or_uncertain,"32T,64T"
AMD,AMD CPU,CPU,CPU package RAPL,5,2048,64T,64,0.0084523949579831,2.1149090714285714,250.23833905647075,2032.5445355311983,8.12321882585496,0.017877733615508,68.5,,2032.54,-0.0002231454769630048,runtime_opt,runtime_s,tie_or_uncertain,"32T,64T"
AMD,AMD CPU,CPU,CPU package RAPL,1,2048,64T,64,0.008329082644628,2.0539827190082645,246.61553108284068,2062.6364171185746,8.364174160284586,0.0171043830113779,67.0,,2062.6400000000003,0.00017370397400462423,edp_opt,edp_j_s,clear_leader,64T
AMD,AMD CPU,CPU,CPU package RAPL,2,2048,64T,64,0.0083996092436974,2.1143656218487394,251.7634213074164,2045.3176672344393,8.12530671444536,0.0177571887453074,66.0,,2045.32,0.00011405394857444406,edp_opt,edp_j_s,clear_leader,64T
AMD,AMD CPU,CPU,CPU package RAPL,3,2048,64T,64,0.0085423093220338,2.151891855932204,252.196976206461,2011.1504437900314,7.9836117863635145,0.018377630584552,75.0,,2011.15,-2.2066476068616225e-05,edp_opt,edp_j_s,clear_leader,64T
AMD,AMD CPU,CPU,CPU package RAPL,4,2048,64T,64,0.0084752647058823,2.1499956764705885,253.5435133656581,2027.0598949052558,7.990652898522243,0.0182276148960464,66.0,,2027.06,5.18458997955662e-06,edp_opt,edp_j_s,clear_leader,64T
AMD,AMD CPU,CPU,CPU package RAPL,5,2048,64T,64,0.0084523949579831,2.1149090714285714,250.23833905647075,2032.5445355311983,8.12321882585496,0.017877733615508,68.5,,2032.54,-0.0002231454769630048,edp_opt,edp_j_s,clear_leader,64T
AMD,AMD CPU,CPU,CPU package RAPL,1,2048,64T,64,0.008329082644628,2.0539827190082645,246.61553108284068,2062.6364171185746,8.364174160284586,0.0171043830113779,67.0,,2062.6400000000003,0.00017370397400462423,throughput_opt,throughput_gflops,tie_or_uncertain,"32T,64T"
AMD,AMD CPU,CPU,CPU package RAPL,2,2048,64T,64,0.0083996092436974,2.1143656218487394,251.7634213074164,2045.3176672344393,8.12530671444536,0.0177571887453074,66.0,,2045.32,0.00011405394857444406,throughput_opt,throughput_gflops,tie_or_uncertain,"32T,64T"
AMD,AMD CPU,CPU,CPU package RAPL,3,2048,64T,64,0.0085423093220338,2.151891855932204,252.196976206461,2011.1504437900314,7.9836117863635145,0.018377630584552,75.0,,2011.15,-2.2066476068616225e-05,throughput_opt,throughput_gflops,tie_or_uncertain,"32T,64T"
AMD,AMD CPU,CPU,CPU package RAPL,4,2048,64T,64,0.0084752647058823,2.1499956764705885,253.5435133656581,2027.0598949052558,7.990652898522243,0.0182276148960464,66.0,,2027.06,5.18458997955662e-06,throughput_opt,throughput_gflops,tie_or_uncertain,"32T,64T"
AMD,AMD CPU,CPU,CPU package RAPL,5,2048,64T,64,0.0084523949579831,2.1149090714285714,250.23833905647075,2032.5445355311983,8.12321882585496,0.017877733615508,68.5,,2032.54,-0.0002231454769630048,throughput_opt,throughput_gflops,tie_or_uncertain,"32T,64T"
AMD,AMD CPU,CPU,CPU package RAPL,1,2048,64T,64,0.008329082644628,2.0539827190082645,246.61553108284068,2062.6364171185746,8.364174160284586,0.0171043830113779,67.0,,2062.6400000000003,0.00017370397400462423,efficiency_opt,efficiency_gflop_per_j,clear_leader,64T
AMD,AMD CPU,CPU,CPU package RAPL,2,2048,64T,64,0.0083996092436974,2.1143656218487394,251.7634213074164,2045.3176672344393,8.12530671444536,0.0177571887453074,66.0,,2045.32,0.00011405394857444406,efficiency_opt,efficiency_gflop_per_j,clear_leader,64T
AMD,AMD CPU,CPU,CPU package RAPL,3,2048,64T,64,0.0085423093220338,2.151891855932204,252.196976206461,2011.1504437900314,7.9836117863635145,0.018377630584552,75.0,,2011.15,-2.2066476068616225e-05,efficiency_opt,efficiency_gflop_per_j,clear_leader,64T
AMD,AMD CPU,CPU,CPU package RAPL,4,2048,64T,64,0.0084752647058823,2.1499956764705885,253.5435133656581,2027.0598949052558,7.990652898522243,0.0182276148960464,66.0,,2027.06,5.18458997955662e-06,efficiency_opt,efficiency_gflop_per_j,clear_leader,64T
AMD,AMD CPU,CPU,CPU package RAPL,5,2048,64T,64,0.0084523949579831,2.1149090714285714,250.23833905647075,2032.5445355311983,8.12321882585496,0.017877733615508,68.5,,2032.54,-0.0002231454769630048,efficiency_opt,efficiency_gflop_per_j,clear_leader,64T
AMD,AMD CPU,CPU,CPU package RAPL,1,4096,64T,64,0.0605418823529411,14.598327088235294,241.2573722782118,2270.1466840884123,9.414705715339208,0.8844995437841869,62.5,,2270.145,-7.418412316662071e-05,energy_opt,energy_j,clear_leader,64T
AMD,AMD CPU,CPU,CPU package RAPL,2,4096,64T,64,0.0565287222222222,13.953247694444444,246.7180150201771,2431.311872426702,9.849961563193778,0.7889068157209861,68.0,,2431.315,0.00012863727330003627,energy_opt,energy_j,clear_leader,64T
AMD,AMD CPU,CPU,CPU package RAPL,3,4096,64T,64,0.0594037647058823,14.495509705882352,243.8236599850713,2313.6404595311865,9.481484698411576,0.8617119525293772,68.5,,2313.64,-1.986182358582056e-05,energy_opt,energy_j,clear_leader,64T
AMD,AMD CPU,CPU,CPU package RAPL,4,4096,64T,64,0.05718225,14.10396963888889,246.6101609720328,2403.5247558814144,9.744700037714164,0.8068935694201573,68.5,,2403.525,1.0156691132578999e-05,energy_opt,energy_j,clear_leader,64T
AMD,AMD CPU,CPU,CPU package RAPL,5,4096,64T,64,0.0565924166666666,13.969784,246.7670633033956,2428.57544468414,9.838301971741295,0.7906655298509567,79.5,,2428.575,-1.8310493143935958e-05,energy_opt,energy_j,clear_leader,64T
AMD,AMD CPU,CPU,CPU package RAPL,1,4096,32T,32,0.0553998157894736,15.669283421052633,282.3050145827477,2480.8557846886283,8.771234125955143,0.8674796077369944,75.0,,2480.855,-3.162975587001071e-05,runtime_opt,runtime_s,clear_leader,32T
AMD,AMD CPU,CPU,CPU package RAPL,2,4096,32T,32,0.0533719210526315,15.125598710526315,283.4165342712746,2575.1172294598077,9.086513274767265,0.8071884266828226,69.0,,2575.12,0.00010758889577022757,runtime_opt,runtime_s,clear_leader,32T
AMD,AMD CPU,CPU,CPU package RAPL,3,4096,32T,32,0.054159447368421,15.262530394736842,281.65883271859826,2537.672745016545,9.004991303368326,0.8266611445579516,79.5,,2537.9300000000003,0.010137437301982466,runtime_opt,runtime_s,clear_leader,32T
AMD,AMD CPU,CPU,CPU package RAPL,4,4096,32T,32,0.0521566,14.96857595,286.9326958054329,2635.1210292081923,9.181832255191917,0.7807706444069824,74.5,,2635.125,0.000150687264977023,runtime_opt,runtime_s,clear_leader,32T
AMD,AMD CPU,CPU,CPU package RAPL,5,4096,32T,32,0.052932447368421,15.194005921052632,286.9722334339674,2596.4972394984097,9.045603521949811,0.8041238001827826,77.5,,2596.495,-8.625075258450465e-05,runtime_opt,runtime_s,clear_leader,32T
AMD,AMD CPU,CPU,CPU package RAPL,1,4096,64T,64,0.0605418823529411,14.598327088235294,241.2573722782118,2270.1466840884123,9.414705715339208,0.8844995437841869,62.5,,2270.145,-7.418412316662071e-05,edp_opt,edp_j_s,tie_or_uncertain,"32T,64T"
AMD,AMD CPU,CPU,CPU package RAPL,2,4096,64T,64,0.0565287222222222,13.953247694444444,246.7180150201771,2431.311872426702,9.849961563193778,0.7889068157209861,68.0,,2431.315,0.00012863727330003627,edp_opt,edp_j_s,tie_or_uncertain,"32T,64T"
AMD,AMD CPU,CPU,CPU package RAPL,3,4096,64T,64,0.0594037647058823,14.495509705882352,243.8236599850713,2313.6404595311865,9.481484698411576,0.8617119525293772,68.5,,2313.64,-1.986182358582056e-05,edp_opt,edp_j_s,tie_or_uncertain,"32T,64T"
AMD,AMD CPU,CPU,CPU package RAPL,4,4096,64T,64,0.05718225,14.10396963888889,246.6101609720328,2403.5247558814144,9.744700037714164,0.8068935694201573,68.5,,2403.525,1.0156691132578999e-05,edp_opt,edp_j_s,tie_or_uncertain,"32T,64T"
AMD,AMD CPU,CPU,CPU package RAPL,5,4096,64T,64,0.0565924166666666,13.969784,246.7670633033956,2428.57544468414,9.838301971741295,0.7906655298509567,79.5,,2428.575,-1.8310493143935958e-05,edp_opt,edp_j_s,tie_or_uncertain,"32T,64T"
AMD,AMD CPU,CPU,CPU package RAPL,1,4096,32T,32,0.0553998157894736,15.669283421052633,282.3050145827477,2480.8557846886283,8.771234125955143,0.8674796077369944,75.0,,2480.855,-3.162975587001071e-05,throughput_opt,throughput_gflops,clear_leader,32T
AMD,AMD CPU,CPU,CPU package RAPL,2,4096,32T,32,0.0533719210526315,15.125598710526315,283.4165342712746,2575.1172294598077,9.086513274767265,0.8071884266828226,69.0,,2575.12,0.00010758889577022757,throughput_opt,throughput_gflops,clear_leader,32T
AMD,AMD CPU,CPU,CPU package RAPL,3,4096,32T,32,0.054159447368421,15.262530394736842,281.65883271859826,2537.672745016545,9.004991303368326,0.8266611445579516,79.5,,2537.9300000000003,0.010137437301982466,throughput_opt,throughput_gflops,clear_leader,32T
AMD,AMD CPU,CPU,CPU package RAPL,4,4096,32T,32,0.0521566,14.96857595,286.9326958054329,2635.1210292081923,9.181832255191917,0.7807706444069824,74.5,,2635.125,0.000150687264977023,throughput_opt,throughput_gflops,clear_leader,32T
AMD,AMD CPU,CPU,CPU package RAPL,5,4096,32T,32,0.052932447368421,15.194005921052632,286.9722334339674,2596.4972394984097,9.045603521949811,0.8041238001827826,77.5,,2596.495,-8.625075258450465e-05,throughput_opt,throughput_gflops,clear_leader,32T
AMD,AMD CPU,CPU,CPU package RAPL,1,4096,64T,64,0.0605418823529411,14.598327088235294,241.2573722782118,2270.1466840884123,9.414705715339208,0.8844995437841869,62.5,,2270.145,-7.418412316662071e-05,efficiency_opt,efficiency_gflop_per_j,clear_leader,64T
AMD,AMD CPU,CPU,CPU package RAPL,2,4096,64T,64,0.0565287222222222,13.953247694444444,246.7180150201771,2431.311872426702,9.849961563193778,0.7889068157209861,68.0,,2431.315,0.00012863727330003627,efficiency_opt,efficiency_gflop_per_j,clear_leader,64T
AMD,AMD CPU,CPU,CPU package RAPL,3,4096,64T,64,0.0594037647058823,14.495509705882352,243.8236599850713,2313.6404595311865,9.481484698411576,0.8617119525293772,68.5,,2313.64,-1.986182358582056e-05,efficiency_opt,efficiency_gflop_per_j,clear_leader,64T
AMD,AMD CPU,CPU,CPU package RAPL,4,4096,64T,64,0.05718225,14.10396963888889,246.6101609720328,2403.5247558814144,9.744700037714164,0.8068935694201573,68.5,,2403.525,1.0156691132578999e-05,efficiency_opt,efficiency_gflop_per_j,clear_leader,64T
AMD,AMD CPU,CPU,CPU package RAPL,5,4096,64T,64,0.0565924166666666,13.969784,246.7670633033956,2428.57544468414,9.838301971741295,0.7906655298509567,79.5,,2428.575,-1.8310493143935958e-05,efficiency_opt,efficiency_gflop_per_j,clear_leader,64T
AMD,AMD CPU,CPU,CPU package RAPL,1,8192,64T,64,0.490435,116.891187,238.3263602726077,2241.911013235189,9.406283364852818,57.321049020204,64.5,,2241.91,-4.5195156406219184e-05,energy_opt,energy_j,clear_leader,64T
AMD,AMD CPU,CPU,CPU package RAPL,2,8192,64T,64,0.489437,117.62758025,240.1589660384522,2246.4824436566914,9.347396464665438,57.65646035702562,67.0,,2246.485,0.00011379315765225329,energy_opt,energy_j,clear_leader,64T
AMD,AMD CPU,CPU,CPU package RAPL,3,8192,64T,64,0.4770585,115.6405245,242.3353030846007,2304.773162570209,9.508013151358545,55.16649140748928,70.0,,2304.775,7.972280400281306e-05,energy_opt,energy_j,clear_leader,64T
AMD,AMD CPU,CPU,CPU package RAPL,4,8192,64T,64,0.4880948333333333,117.70901849999998,241.37034006743733,2252.6598371614264,9.340929367922648,57.46748543987356,74.5,,2252.66,7.228724507868378e-06,energy_opt,energy_j,clear_leader,64T
AMD,AMD CPU,CPU,CPU package RAPL,5,8192,64T,64,0.4814143333333333,115.30945366666666,239.66167594230643,2283.919592013256,9.535312091187574,55.49648018133567,68.0,,2283.92,1.7863446033494768e-05,energy_opt,energy_j,clear_leader,64T
AMD,AMD CPU,CPU,CPU package RAPL,1,8192,32T,32,0.4607799999999999,130.99046416666664,284.2280647963556,2386.1965097790708,8.393829541492643,60.35857772214533,78.5,,2386.195,-6.327136362616059e-05,runtime_opt,runtime_s,tie_or_uncertain,"32T,64T"
AMD,AMD CPU,CPU,CPU package RAPL,2,8192,32T,32,0.4590096666666666,129.79737749999998,283.45142276703245,2395.399721667445,8.47098492244961,59.55043793361578,74.0,,2395.61,0.008778423519584244,runtime_opt,runtime_s,tie_or_uncertain,"32T,64T"
AMD,AMD CPU,CPU,CPU package RAPL,3,8192,32T,32,0.4860983333333333,138.32444800000002,284.55452187535764,2261.911947396103,7.948787388444882,67.24497188132301,80.0,,2261.915,0.00013495679618280576,runtime_opt,runtime_s,tie_or_uncertain,"32T,64T"
AMD,AMD CPU,CPU,CPU package RAPL,4,8192,32T,32,0.471459,134.24448166666667,284.6457308733342,2332.146862772797,8.190367411199237,63.28658560005705,76.0,,2332.145,-7.987373464857228e-05,runtime_opt,runtime_s,tie_or_uncertain,"32T,64T"
AMD,AMD CPU,CPU,CPU package RAPL,5,8192,32T,32,0.4649546666666666,132.31458633333332,284.5295479510292,2364.771679051148,8.309829310927647,61.5301658349761,77.0,,2364.775,0.00014043422802423322,runtime_opt,runtime_s,tie_or_uncertain,"32T,64T"
AMD,AMD CPU,CPU,CPU package RAPL,1,8192,64T,64,0.490435,116.891187,238.3263602726077,2241.911013235189,9.406283364852818,57.321049020204,64.5,,2241.91,-4.5195156406219184e-05,edp_opt,edp_j_s,clear_leader,64T
AMD,AMD CPU,CPU,CPU package RAPL,2,8192,64T,64,0.489437,117.62758025,240.1589660384522,2246.4824436566914,9.347396464665438,57.65646035702562,67.0,,2246.485,0.00011379315765225329,edp_opt,edp_j_s,clear_leader,64T
AMD,AMD CPU,CPU,CPU package RAPL,3,8192,64T,64,0.4770585,115.6405245,242.3353030846007,2304.773162570209,9.508013151358545,55.16649140748928,70.0,,2304.775,7.972280400281306e-05,edp_opt,edp_j_s,clear_leader,64T
AMD,AMD CPU,CPU,CPU package RAPL,4,8192,64T,64,0.4880948333333333,117.70901849999998,241.37034006743733,2252.6598371614264,9.340929367922648,57.46748543987356,74.5,,2252.66,7.228724507868378e-06,edp_opt,edp_j_s,clear_leader,64T
AMD,AMD CPU,CPU,CPU package RAPL,5,8192,64T,64,0.4814143333333333,115.30945366666666,239.66167594230643,2283.919592013256,9.535312091187574,55.49648018133567,68.0,,2283.92,1.7863446033494768e-05,edp_opt,edp_j_s,clear_leader,64T
AMD,AMD CPU,CPU,CPU package RAPL,1,8192,32T,32,0.4607799999999999,130.99046416666664,284.2280647963556,2386.1965097790708,8.393829541492643,60.35857772214533,78.5,,2386.195,-6.327136362616059e-05,throughput_opt,throughput_gflops,tie_or_uncertain,"32T,64T"
AMD,AMD CPU,CPU,CPU package RAPL,2,8192,32T,32,0.4590096666666666,129.79737749999998,283.45142276703245,2395.399721667445,8.47098492244961,59.55043793361578,74.0,,2395.61,0.008778423519584244,throughput_opt,throughput_gflops,tie_or_uncertain,"32T,64T"
AMD,AMD CPU,CPU,CPU package RAPL,3,8192,32T,32,0.4860983333333333,138.32444800000002,284.55452187535764,2261.911947396103,7.948787388444882,67.24497188132301,80.0,,2261.915,0.00013495679618280576,throughput_opt,throughput_gflops,tie_or_uncertain,"32T,64T"
AMD,AMD CPU,CPU,CPU package RAPL,4,8192,32T,32,0.471459,134.24448166666667,284.6457308733342,2332.146862772797,8.190367411199237,63.28658560005705,76.0,,2332.145,-7.987373464857228e-05,throughput_opt,throughput_gflops,tie_or_uncertain,"32T,64T"
AMD,AMD CPU,CPU,CPU package RAPL,5,8192,32T,32,0.4649546666666666,132.31458633333332,284.5295479510292,2364.771679051148,8.309829310927647,61.5301658349761,77.0,,2364.775,0.00014043422802423322,throughput_opt,throughput_gflops,tie_or_uncertain,"32T,64T"
AMD,AMD CPU,CPU,CPU package RAPL,1,8192,64T,64,0.490435,116.891187,238.3263602726077,2241.911013235189,9.406283364852818,57.321049020204,64.5,,2241.91,-4.5195156406219184e-05,efficiency_opt,efficiency_gflop_per_j,clear_leader,64T
AMD,AMD CPU,CPU,CPU package RAPL,2,8192,64T,64,0.489437,117.62758025,240.1589660384522,2246.4824436566914,9.347396464665438,57.65646035702562,67.0,,2246.485,0.00011379315765225329,efficiency_opt,efficiency_gflop_per_j,clear_leader,64T
AMD,AMD CPU,CPU,CPU package RAPL,3,8192,64T,64,0.4770585,115.6405245,242.3353030846007,2304.773162570209,9.508013151358545,55.16649140748928,70.0,,2304.775,7.972280400281306e-05,efficiency_opt,efficiency_gflop_per_j,clear_leader,64T
AMD,AMD CPU,CPU,CPU package RAPL,4,8192,64T,64,0.4880948333333333,117.70901849999998,241.37034006743733,2252.6598371614264,9.340929367922648,57.46748543987356,74.5,,2252.66,7.228724507868378e-06,efficiency_opt,efficiency_gflop_per_j,clear_leader,64T
AMD,AMD CPU,CPU,CPU package RAPL,5,8192,64T,64,0.4814143333333333,115.30945366666666,239.66167594230643,2283.919592013256,9.535312091187574,55.49648018133567,68.0,,2283.92,1.7863446033494768e-05,efficiency_opt,efficiency_gflop_per_j,clear_leader,64T
AMD,AMD CPU,CPU,CPU package RAPL,1,16384,64T,64,3.6976105,920.866684,249.0165898311977,2378.858731120544,9.551972261609151,3406.0035178617627,79.0,,2378.86,5.333984065547526e-05,energy_opt,energy_j,clear_leader,64T
AMD,AMD CPU,CPU,CPU package RAPL,2,16384,64T,64,3.865012,966.8331945,249.96795809931763,2275.82554005214,9.097839288355132,3732.6934711303625,79.5,,2275.825,-2.372994460930755e-05,energy_opt,energy_j,clear_leader,64T
AMD,AMD CPU,CPU,CPU package RAPL,3,16384,64T,64,3.810418,947.961757,248.77284958904207,2308.432571494256,9.278953456988456,3612.129952767766,80.0,,2308.4300000000003,-0.00011139568413254253,energy_opt,energy_j,clear_leader,64T
AMD,AMD CPU,CPU,CPU package RAPL,4,16384,64T,64,3.8384415,954.040491,249.41643262495097,2291.579283469085,9.219831972737518,3656.658058528593,79.0,,2291.585,0.00024945813379417814,energy_opt,energy_j,clear_leader,64T
AMD,AMD CPU,CPU,CPU package RAPL,5,16384,64T,64,3.8223485,954.4125795,249.65445234949755,2301.227379504511,9.2162375173388,3650.454205423579,82.5,,2301.23,0.00011387381846361677,energy_opt,energy_j,clear_leader,64T
AMD,AMD CPU,CPU,CPU package RAPL,1,16384,32T,32,3.6672485,1045.817841,285.17224328388306,2398.5538537156676,8.41073146523994,3835.274289804605,84.0,,2398.5550000000003,4.7790643975531566e-05,runtime_opt,runtime_s,clear_leader,32T
AMD,AMD CPU,CPU,CPU package RAPL,2,16384,32T,32,3.613762,1029.7980855,285.081529560223,2434.0543240556517,8.54157057199928,3721.4450180340527,86.0,,2434.0550000000003,2.7770306609831152e-05,runtime_opt,runtime_s,clear_leader,32T
AMD,AMD CPU,CPU,CPU package RAPL,3,16384,32T,32,3.5695495,1016.6718875,284.81796601930773,2464.2025617540817,8.651850346563261,3629.0622110159447,85.5,,2464.205,9.894665138343584e-05,runtime_opt,runtime_s,clear_leader,32T
AMD,AMD CPU,CPU,CPU package RAPL,4,16384,32T,32,3.638703,1037.6603730000002,285.1839408274607,2417.370426277715,8.476851628030705,3775.738286032194,80.0,,2417.37,-1.7633942672734548e-05,runtime_opt,runtime_s,clear_leader,32T
AMD,AMD CPU,CPU,CPU package RAPL,5,16384,32T,32,3.660044,1043.693935,285.1688950059115,2403.2752125952584,8.427847213855852,3819.96624119589,83.0,,2403.275,-8.84606379258912e-06,runtime_opt,runtime_s,clear_leader,32T
AMD,AMD CPU,CPU,CPU package RAPL,1,16384,64T,64,3.6976105,920.866684,249.0165898311977,2378.858731120544,9.551972261609151,3406.0035178617627,79.0,,2378.86,5.333984065547526e-05,edp_opt,edp_j_s,tie_or_uncertain,"32T,64T"
AMD,AMD CPU,CPU,CPU package RAPL,2,16384,64T,64,3.865012,966.8331945,249.96795809931763,2275.82554005214,9.097839288355132,3732.6934711303625,79.5,,2275.825,-2.372994460930755e-05,edp_opt,edp_j_s,tie_or_uncertain,"32T,64T"
AMD,AMD CPU,CPU,CPU package RAPL,3,16384,64T,64,3.810418,947.961757,248.77284958904207,2308.432571494256,9.278953456988456,3612.129952767766,80.0,,2308.4300000000003,-0.00011139568413254253,edp_opt,edp_j_s,tie_or_uncertain,"32T,64T"
AMD,AMD CPU,CPU,CPU package RAPL,4,16384,64T,64,3.8384415,954.040491,249.41643262495097,2291.579283469085,9.219831972737518,3656.658058528593,79.0,,2291.585,0.00024945813379417814,edp_opt,edp_j_s,tie_or_uncertain,"32T,64T"
AMD,AMD CPU,CPU,CPU package RAPL,5,16384,64T,64,3.8223485,954.4125795,249.65445234949755,2301.227379504511,9.2162375173388,3650.454205423579,82.5,,2301.23,0.00011387381846361677,edp_opt,edp_j_s,tie_or_uncertain,"32T,64T"
AMD,AMD CPU,CPU,CPU package RAPL,1,16384,32T,32,3.6672485,1045.817841,285.17224328388306,2398.5538537156676,8.41073146523994,3835.274289804605,84.0,,2398.5550000000003,4.7790643975531566e-05,throughput_opt,throughput_gflops,clear_leader,32T
AMD,AMD CPU,CPU,CPU package RAPL,2,16384,32T,32,3.613762,1029.7980855,285.081529560223,2434.0543240556517,8.54157057199928,3721.4450180340527,86.0,,2434.0550000000003,2.7770306609831152e-05,throughput_opt,throughput_gflops,clear_leader,32T
AMD,AMD CPU,CPU,CPU package RAPL,3,16384,32T,32,3.5695495,1016.6718875,284.81796601930773,2464.2025617540817,8.651850346563261,3629.0622110159447,85.5,,2464.205,9.894665138343584e-05,throughput_opt,throughput_gflops,clear_leader,32T
AMD,AMD CPU,CPU,CPU package RAPL,4,16384,32T,32,3.638703,1037.6603730000002,285.1839408274607,2417.370426277715,8.476851628030705,3775.738286032194,80.0,,2417.37,-1.7633942672734548e-05,throughput_opt,throughput_gflops,clear_leader,32T
AMD,AMD CPU,CPU,CPU package RAPL,5,16384,32T,32,3.660044,1043.693935,285.1688950059115,2403.2752125952584,8.427847213855852,3819.96624119589,83.0,,2403.275,-8.84606379258912e-06,throughput_opt,throughput_gflops,clear_leader,32T
AMD,AMD CPU,CPU,CPU package RAPL,1,16384,64T,64,3.6976105,920.866684,249.0165898311977,2378.858731120544,9.551972261609151,3406.0035178617627,79.0,,2378.86,5.333984065547526e-05,efficiency_opt,efficiency_gflop_per_j,clear_leader,64T
AMD,AMD CPU,CPU,CPU package RAPL,2,16384,64T,64,3.865012,966.8331945,249.96795809931763,2275.82554005214,9.097839288355132,3732.6934711303625,79.5,,2275.825,-2.372994460930755e-05,efficiency_opt,efficiency_gflop_per_j,clear_leader,64T
AMD,AMD CPU,CPU,CPU package RAPL,3,16384,64T,64,3.810418,947.961757,248.77284958904207,2308.432571494256,9.278953456988456,3612.129952767766,80.0,,2308.4300000000003,-0.00011139568413254253,efficiency_opt,efficiency_gflop_per_j,clear_leader,64T
AMD,AMD CPU,CPU,CPU package RAPL,4,16384,64T,64,3.8384415,954.040491,249.41643262495097,2291.579283469085,9.219831972737518,3656.658058528593,79.0,,2291.585,0.00024945813379417814,efficiency_opt,efficiency_gflop_per_j,clear_leader,64T
AMD,AMD CPU,CPU,CPU package RAPL,5,16384,64T,64,3.8223485,954.4125795,249.65445234949755,2301.227379504511,9.2162375173388,3650.454205423579,82.5,,2301.23,0.00011387381846361677,efficiency_opt,efficiency_gflop_per_j,clear_leader,64T
INTEL,Intel CPU,CPU,CPU package RAPL,1,64,16T,16,2.2546644398164424e-06,0.0001021337789287,45.225854076273066,232.53482458023046,5.133345750048155,2.3028878866323503e-10,69.5,,232.53500000000005,7.5438063906752e-05,energy_opt,energy_j,tie_or_uncertain,"1T,2T,4T,8T,10T,16T,20T"
INTEL,Intel CPU,CPU,CPU package RAPL,2,64,16T,16,2.512453447111147e-06,0.0001540899126827,61.25947297969424,208.67570724656946,3.402480998737453,3.886019626081967e-10,99.0,,208.675,-0.0003389213717230888,energy_opt,energy_j,tie_or_uncertain,"1T,2T,4T,8T,10T,16T,20T"
INTEL,Intel CPU,CPU,CPU package RAPL,3,64,16T,16,2.233226943724793e-06,0.0001114820105855,49.70569831707233,234.76700452375053,4.7028932941418615,2.4896186922503087e-10,83.0,,234.765,-0.0008538353822751255,energy_opt,energy_j,tie_or_uncertain,"1T,2T,4T,8T,10T,16T,20T"
INTEL,Intel CPU,CPU,CPU package RAPL,4,64,16T,16,2.5382000522972326e-06,0.0001524865770435,59.43818971490629,206.55897454792265,3.4382567316101262,3.906057118282888e-10,99.0,,206.56,0.0004964451821187765,energy_opt,energy_j,tie_or_uncertain,"1T,2T,4T,8T,10T,16T,20T"
INTEL,Intel CPU,CPU,CPU package RAPL,5,64,16T,16,2.2401705358326365e-06,0.0001226988152536,54.97036828195608,234.03932495930732,4.272967093580941,2.7486604971657544e-10,96.5,,234.035,-0.0018479626481937572,energy_opt,energy_j,tie_or_uncertain,"1T,2T,4T,8T,10T,16T,20T"
INTEL,Intel CPU,CPU,CPU package RAPL,1,64,16T,16,2.2546644398164424e-06,0.0001021337789287,45.225854076273066,232.53482458023046,5.133345750048155,2.3028878866323503e-10,69.5,,232.53500000000005,7.5438063906752e-05,runtime_opt,runtime_s,tie_or_uncertain,"1T,2T,4T,8T,10T,16T,20T"
INTEL,Intel CPU,CPU,CPU package RAPL,2,64,16T,16,2.512453447111147e-06,0.0001540899126827,61.25947297969424,208.67570724656946,3.402480998737453,3.886019626081967e-10,99.0,,208.675,-0.0003389213717230888,runtime_opt,runtime_s,tie_or_uncertain,"1T,2T,4T,8T,10T,16T,20T"
INTEL,Intel CPU,CPU,CPU package RAPL,3,64,16T,16,2.233226943724793e-06,0.0001114820105855,49.70569831707233,234.76700452375053,4.7028932941418615,2.4896186922503087e-10,83.0,,234.765,-0.0008538353822751255,runtime_opt,runtime_s,tie_or_uncertain,"1T,2T,4T,8T,10T,16T,20T"
INTEL,Intel CPU,CPU,CPU package RAPL,4,64,16T,16,2.5382000522972326e-06,0.0001524865770435,59.43818971490629,206.55897454792265,3.4382567316101262,3.906057118282888e-10,99.0,,206.56,0.0004964451821187765,runtime_opt,runtime_s,tie_or_uncertain,"1T,2T,4T,8T,10T,16T,20T"
INTEL,Intel CPU,CPU,CPU package RAPL,5,64,16T,16,2.2401705358326365e-06,0.0001226988152536,54.97036828195608,234.03932495930732,4.272967093580941,2.7486604971657544e-10,96.5,,234.035,-0.0018479626481937572,runtime_opt,runtime_s,tie_or_uncertain,"1T,2T,4T,8T,10T,16T,20T"
INTEL,Intel CPU,CPU,CPU package RAPL,1,64,16T,16,2.2546644398164424e-06,0.0001021337789287,45.225854076273066,232.53482458023046,5.133345750048155,2.3028878866323503e-10,69.5,,232.53500000000005,7.5438063906752e-05,edp_opt,edp_j_s,tie_or_uncertain,"1T,2T,4T,8T,10T,16T,20T"
INTEL,Intel CPU,CPU,CPU package RAPL,2,64,16T,16,2.512453447111147e-06,0.0001540899126827,61.25947297969424,208.67570724656946,3.402480998737453,3.886019626081967e-10,99.0,,208.675,-0.0003389213717230888,edp_opt,edp_j_s,tie_or_uncertain,"1T,2T,4T,8T,10T,16T,20T"
INTEL,Intel CPU,CPU,CPU package RAPL,3,64,16T,16,2.233226943724793e-06,0.0001114820105855,49.70569831707233,234.76700452375053,4.7028932941418615,2.4896186922503087e-10,83.0,,234.765,-0.0008538353822751255,edp_opt,edp_j_s,tie_or_uncertain,"1T,2T,4T,8T,10T,16T,20T"
INTEL,Intel CPU,CPU,CPU package RAPL,4,64,16T,16,2.5382000522972326e-06,0.0001524865770435,59.43818971490629,206.55897454792265,3.4382567316101262,3.906057118282888e-10,99.0,,206.56,0.0004964451821187765,edp_opt,edp_j_s,tie_or_uncertain,"1T,2T,4T,8T,10T,16T,20T"
INTEL,Intel CPU,CPU,CPU package RAPL,5,64,16T,16,2.2401705358326365e-06,0.0001226988152536,54.97036828195608,234.03932495930732,4.272967093580941,2.7486604971657544e-10,96.5,,234.035,-0.0018479626481937572,edp_opt,edp_j_s,tie_or_uncertain,"1T,2T,4T,8T,10T,16T,20T"
INTEL,Intel CPU,CPU,CPU package RAPL,1,64,16T,16,2.2546644398164424e-06,0.0001021337789287,45.225854076273066,232.53482458023046,5.133345750048155,2.3028878866323503e-10,69.5,,232.53500000000005,7.5438063906752e-05,throughput_opt,throughput_gflops,tie_or_uncertain,"1T,2T,4T,8T,10T,16T,20T"
INTEL,Intel CPU,CPU,CPU package RAPL,2,64,16T,16,2.512453447111147e-06,0.0001540899126827,61.25947297969424,208.67570724656946,3.402480998737453,3.886019626081967e-10,99.0,,208.675,-0.0003389213717230888,throughput_opt,throughput_gflops,tie_or_uncertain,"1T,2T,4T,8T,10T,16T,20T"
INTEL,Intel CPU,CPU,CPU package RAPL,3,64,16T,16,2.233226943724793e-06,0.0001114820105855,49.70569831707233,234.76700452375053,4.7028932941418615,2.4896186922503087e-10,83.0,,234.765,-0.0008538353822751255,throughput_opt,throughput_gflops,tie_or_uncertain,"1T,2T,4T,8T,10T,16T,20T"
INTEL,Intel CPU,CPU,CPU package RAPL,4,64,16T,16,2.5382000522972326e-06,0.0001524865770435,59.43818971490629,206.55897454792265,3.4382567316101262,3.906057118282888e-10,99.0,,206.56,0.0004964451821187765,throughput_opt,throughput_gflops,tie_or_uncertain,"1T,2T,4T,8T,10T,16T,20T"
INTEL,Intel CPU,CPU,CPU package RAPL,5,64,16T,16,2.2401705358326365e-06,0.0001226988152536,54.97036828195608,234.03932495930732,4.272967093580941,2.7486604971657544e-10,96.5,,234.035,-0.0018479626481937572,throughput_opt,throughput_gflops,tie_or_uncertain,"1T,2T,4T,8T,10T,16T,20T"
INTEL,Intel CPU,CPU,CPU package RAPL,1,64,16T,16,2.2546644398164424e-06,0.0001021337789287,45.225854076273066,232.53482458023046,5.133345750048155,2.3028878866323503e-10,69.5,,232.53500000000005,7.5438063906752e-05,efficiency_opt,efficiency_gflop_per_j,tie_or_uncertain,"1T,2T,4T,8T,10T,16T,20T"
INTEL,Intel CPU,CPU,CPU package RAPL,2,64,16T,16,2.512453447111147e-06,0.0001540899126827,61.25947297969424,208.67570724656946,3.402480998737453,3.886019626081967e-10,99.0,,208.675,-0.0003389213717230888,efficiency_opt,efficiency_gflop_per_j,tie_or_uncertain,"1T,2T,4T,8T,10T,16T,20T"
INTEL,Intel CPU,CPU,CPU package RAPL,3,64,16T,16,2.233226943724793e-06,0.0001114820105855,49.70569831707233,234.76700452375053,4.7028932941418615,2.4896186922503087e-10,83.0,,234.765,-0.0008538353822751255,efficiency_opt,efficiency_gflop_per_j,tie_or_uncertain,"1T,2T,4T,8T,10T,16T,20T"
INTEL,Intel CPU,CPU,CPU package RAPL,4,64,16T,16,2.5382000522972326e-06,0.0001524865770435,59.43818971490629,206.55897454792265,3.4382567316101262,3.906057118282888e-10,99.0,,206.56,0.0004964451821187765,efficiency_opt,efficiency_gflop_per_j,tie_or_uncertain,"1T,2T,4T,8T,10T,16T,20T"
INTEL,Intel CPU,CPU,CPU package RAPL,5,64,16T,16,2.2401705358326365e-06,0.0001226988152536,54.97036828195608,234.03932495930732,4.272967093580941,2.7486604971657544e-10,96.5,,234.035,-0.0018479626481937572,efficiency_opt,efficiency_gflop_per_j,tie_or_uncertain,"1T,2T,4T,8T,10T,16T,20T"
INTEL,Intel CPU,CPU,CPU package RAPL,1,128,4T,4,1.3287112132022688e-05,0.0011992148641018,89.91980941423816,315.6670884030166,3.497541704623126,1.5854922249645822e-08,88.5,,315.67499999999995,0.002506310373817655,energy_opt,energy_j,tie_or_uncertain,"1T,4T"
INTEL,Intel CPU,CPU,CPU package RAPL,2,128,4T,4,1.2690799774133109e-05,0.0012815759990759,101.30157457578537,330.4995803770379,3.2727704038031042,1.6194992503229935e-08,99.0,,330.5,0.00012696626168207104,energy_opt,energy_j,tie_or_uncertain,"1T,4T"
INTEL,Intel CPU,CPU,CPU package RAPL,3,128,4T,4,1.324808893195521e-05,0.0011787437755706,88.88274610369977,316.59690854603787,3.5582830526249385,1.5615939517289482e-08,87.0,,316.595,-0.0006028315458261879,energy_opt,energy_j,tie_or_uncertain,"1T,4T"
INTEL,Intel CPU,CPU,CPU package RAPL,4,128,4T,4,1.3199319247906131e-05,0.0012227639253655,92.53256844533075,317.7666909348648,3.4301829756273423,1.60855323067685e-08,92.0,,317.765,-0.0005321309353933934,energy_opt,energy_j,tie_or_uncertain,"1T,4T"
INTEL,Intel CPU,CPU,CPU package RAPL,5,128,4T,4,1.287349489503999e-05,0.0012883577477145,100.57502403621262,325.8092720117532,3.2555429634668966,1.6493722459325036e-08,99.0,,325.81,0.00022344000289997723,energy_opt,energy_j,tie_or_uncertain,"1T,4T"
INTEL,Intel CPU,CPU,CPU package RAPL,1,128,10T,10,1.2571068788372388e-05,0.0013394949379776,106.68877628420717,333.6473668714248,3.1312578204533237,1.6871124894112318e-08,76.0,,333.65,0.0007891950713823093,runtime_opt,runtime_s,tie_or_uncertain,"4T,8T,10T,16T,20T"
INTEL,Intel CPU,CPU,CPU package RAPL,2,128,10T,10,1.211558783888551e-05,0.0014982377774597,123.59878820452064,346.19071363076563,2.7994915514088476,1.8156633505523653e-08,98.0,,346.19,-0.00020613804401214963,runtime_opt,runtime_s,tie_or_uncertain,"4T,8T,10T,16T,20T"
INTEL,Intel CPU,CPU,CPU package RAPL,3,128,10T,10,1.2399447281540193e-05,0.0014018382463863,113.97144040979629,338.26540044605974,2.992002829721761,1.735061751210596e-08,87.5,,338.265,-0.00011838221090076928,runtime_opt,runtime_s,tie_or_uncertain,"4T,8T,10T,16T,20T"
INTEL,Intel CPU,CPU,CPU package RAPL,4,128,10T,10,1.3493028062217332e-05,0.001621829855193,120.2998751748687,310.84972036371374,2.586155376638366,2.18518187428546e-08,94.0,,310.85,8.995867391003998e-05,runtime_opt,runtime_s,tie_or_uncertain,"4T,8T,10T,16T,20T"
INTEL,Intel CPU,CPU,CPU package RAPL,5,128,10T,10,1.2636353484216796e-05,0.0014470509976176,114.59660859272012,331.92360479934484,2.8985184398514154,1.8301114542715684e-08,87.0,,331.92,-0.001086032837893658,runtime_opt,runtime_s,tie_or_uncertain,"4T,8T,10T,16T,20T"
INTEL,Intel CPU,CPU,CPU package RAPL,1,128,4T,4,1.3287112132022688e-05,0.0011992148641018,89.91980941423816,315.6670884030166,3.497541704623126,1.5854922249645822e-08,88.5,,315.67499999999995,0.002506310373817655,edp_opt,edp_j_s,tie_or_uncertain,"4T,16T"
INTEL,Intel CPU,CPU,CPU package RAPL,2,128,4T,4,1.2690799774133109e-05,0.0012815759990759,101.30157457578537,330.4995803770379,3.2727704038031042,1.6194992503229935e-08,99.0,,330.5,0.00012696626168207104,edp_opt,edp_j_s,tie_or_uncertain,"4T,16T"
INTEL,Intel CPU,CPU,CPU package RAPL,3,128,4T,4,1.324808893195521e-05,0.0011787437755706,88.88274610369977,316.59690854603787,3.5582830526249385,1.5615939517289482e-08,87.0,,316.595,-0.0006028315458261879,edp_opt,edp_j_s,tie_or_uncertain,"4T,16T"
INTEL,Intel CPU,CPU,CPU package RAPL,4,128,4T,4,1.3199319247906131e-05,0.0012227639253655,92.53256844533075,317.7666909348648,3.4301829756273423,1.60855323067685e-08,92.0,,317.765,-0.0005321309353933934,edp_opt,edp_j_s,tie_or_uncertain,"4T,16T"
INTEL,Intel CPU,CPU,CPU package RAPL,5,128,4T,4,1.287349489503999e-05,0.0012883577477145,100.57502403621262,325.8092720117532,3.2555429634668966,1.6493722459325036e-08,99.0,,325.81,0.00022344000289997723,edp_opt,edp_j_s,tie_or_uncertain,"4T,16T"
INTEL,Intel CPU,CPU,CPU package RAPL,1,128,10T,10,1.2571068788372388e-05,0.0013394949379776,106.68877628420717,333.6473668714248,3.1312578204533237,1.6871124894112318e-08,76.0,,333.65,0.0007891950713823093,throughput_opt,throughput_gflops,tie_or_uncertain,"4T,8T,10T,16T,20T"
INTEL,Intel CPU,CPU,CPU package RAPL,2,128,10T,10,1.211558783888551e-05,0.0014982377774597,123.59878820452064,346.19071363076563,2.7994915514088476,1.8156633505523653e-08,98.0,,346.19,-0.00020613804401214963,throughput_opt,throughput_gflops,tie_or_uncertain,"4T,8T,10T,16T,20T"
INTEL,Intel CPU,CPU,CPU package RAPL,3,128,10T,10,1.2399447281540193e-05,0.0014018382463863,113.97144040979629,338.26540044605974,2.992002829721761,1.735061751210596e-08,87.5,,338.265,-0.00011838221090076928,throughput_opt,throughput_gflops,tie_or_uncertain,"4T,8T,10T,16T,20T"
INTEL,Intel CPU,CPU,CPU package RAPL,4,128,10T,10,1.3493028062217332e-05,0.001621829855193,120.2998751748687,310.84972036371374,2.586155376638366,2.18518187428546e-08,94.0,,310.85,8.995867391003998e-05,throughput_opt,throughput_gflops,tie_or_uncertain,"4T,8T,10T,16T,20T"
INTEL,Intel CPU,CPU,CPU package RAPL,5,128,10T,10,1.2636353484216796e-05,0.0014470509976176,114.59660859272012,331.92360479934484,2.8985184398514154,1.8301114542715684e-08,87.0,,331.92,-0.001086032837893658,throughput_opt,throughput_gflops,tie_or_uncertain,"4T,8T,10T,16T,20T"
INTEL,Intel CPU,CPU,CPU package RAPL,1,128,4T,4,1.3287112132022688e-05,0.0011992148641018,89.91980941423816,315.6670884030166,3.497541704623126,1.5854922249645822e-08,88.5,,315.67499999999995,0.002506310373817655,efficiency_opt,efficiency_gflop_per_j,tie_or_uncertain,"1T,4T"
INTEL,Intel CPU,CPU,CPU package RAPL,2,128,4T,4,1.2690799774133109e-05,0.0012815759990759,101.30157457578537,330.4995803770379,3.2727704038031042,1.6194992503229935e-08,99.0,,330.5,0.00012696626168207104,efficiency_opt,efficiency_gflop_per_j,tie_or_uncertain,"1T,4T"
INTEL,Intel CPU,CPU,CPU package RAPL,3,128,4T,4,1.324808893195521e-05,0.0011787437755706,88.88274610369977,316.59690854603787,3.5582830526249385,1.5615939517289482e-08,87.0,,316.595,-0.0006028315458261879,efficiency_opt,efficiency_gflop_per_j,tie_or_uncertain,"1T,4T"
INTEL,Intel CPU,CPU,CPU package RAPL,4,128,4T,4,1.3199319247906131e-05,0.0012227639253655,92.53256844533075,317.7666909348648,3.4301829756273423,1.60855323067685e-08,92.0,,317.765,-0.0005321309353933934,efficiency_opt,efficiency_gflop_per_j,tie_or_uncertain,"1T,4T"
INTEL,Intel CPU,CPU,CPU package RAPL,5,128,4T,4,1.287349489503999e-05,0.0012883577477145,100.57502403621262,325.8092720117532,3.2555429634668966,1.6493722459325036e-08,99.0,,325.81,0.00022344000289997723,efficiency_opt,efficiency_gflop_per_j,tie_or_uncertain,"1T,4T"
INTEL,Intel CPU,CPU,CPU package RAPL,1,256,8T,8,3.926824633522066e-05,0.0052699708174978,134.70890836880687,854.4927551272949,6.367100153304408,2.0667569777584735e-07,88.0,,854.49,-0.00032242839723695127,energy_opt,energy_j,clear_leader,8T
INTEL,Intel CPU,CPU,CPU package RAPL,2,256,8T,8,3.990739521190052e-05,0.0055113264120244,138.13997377684967,840.8073697076063,6.088267957926105,2.1981979877706406e-07,99.5,,840.81,0.00031282936954202256,energy_opt,energy_j,clear_leader,8T
INTEL,Intel CPU,CPU,CPU package RAPL,3,256,8T,8,3.907287386012289e-05,0.0050668891628507,131.7922490012461,858.7653961702849,6.622294453569975,1.9491959523571507e-07,82.0,,858.775,0.0011183298439743083,energy_opt,energy_j,clear_leader,8T
INTEL,Intel CPU,CPU,CPU package RAPL,4,256,8T,8,3.99355042680999e-05,0.005670509445147,142.08907372074498,840.2155579340701,5.9173575715876705,2.2659570980135895e-07,99.0,,840.2149999999999,-6.640368236388028e-05,energy_opt,energy_j,clear_leader,8T
INTEL,Intel CPU,CPU,CPU package RAPL,5,256,8T,8,3.945221954115439e-05,0.0055118539392546,139.64530500618383,850.5080928336075,6.087685263397557,2.1684149624597985e-07,99.0,,850.51,0.00022423847680919096,energy_opt,energy_j,clear_leader,8T
INTEL,Intel CPU,CPU,CPU package RAPL,1,256,8T,8,3.926824633522066e-05,0.0052699708174978,134.70890836880687,854.4927551272949,6.367100153304408,2.0667569777584735e-07,88.0,,854.49,-0.00032242839723695127,runtime_opt,runtime_s,clear_leader,8T
INTEL,Intel CPU,CPU,CPU package RAPL,2,256,8T,8,3.990739521190052e-05,0.0055113264120244,138.13997377684967,840.8073697076063,6.088267957926105,2.1981979877706406e-07,99.5,,840.81,0.00031282936954202256,runtime_opt,runtime_s,clear_leader,8T
INTEL,Intel CPU,CPU,CPU package RAPL,3,256,8T,8,3.907287386012289e-05,0.0050668891628507,131.7922490012461,858.7653961702849,6.622294453569975,1.9491959523571507e-07,82.0,,858.775,0.0011183298439743083,runtime_opt,runtime_s,clear_leader,8T
INTEL,Intel CPU,CPU,CPU package RAPL,4,256,8T,8,3.99355042680999e-05,0.005670509445147,142.08907372074498,840.2155579340701,5.9173575715876705,2.2659570980135895e-07,99.0,,840.2149999999999,-6.640368236388028e-05,runtime_opt,runtime_s,clear_leader,8T
INTEL,Intel CPU,CPU,CPU package RAPL,5,256,8T,8,3.945221954115439e-05,0.0055118539392546,139.64530500618383,850.5080928336075,6.087685263397557,2.1684149624597985e-07,99.0,,850.51,0.00022423847680919096,runtime_opt,runtime_s,clear_leader,8T
INTEL,Intel CPU,CPU,CPU package RAPL,1,256,8T,8,3.926824633522066e-05,0.0052699708174978,134.70890836880687,854.4927551272949,6.367100153304408,2.0667569777584735e-07,88.0,,854.49,-0.00032242839723695127,edp_opt,edp_j_s,clear_leader,8T
INTEL,Intel CPU,CPU,CPU package RAPL,2,256,8T,8,3.990739521190052e-05,0.0055113264120244,138.13997377684967,840.8073697076063,6.088267957926105,2.1981979877706406e-07,99.5,,840.81,0.00031282936954202256,edp_opt,edp_j_s,clear_leader,8T
INTEL,Intel CPU,CPU,CPU package RAPL,3,256,8T,8,3.907287386012289e-05,0.0050668891628507,131.7922490012461,858.7653961702849,6.622294453569975,1.9491959523571507e-07,82.0,,858.775,0.0011183298439743083,edp_opt,edp_j_s,clear_leader,8T
INTEL,Intel CPU,CPU,CPU package RAPL,4,256,8T,8,3.99355042680999e-05,0.005670509445147,142.08907372074498,840.2155579340701,5.9173575715876705,2.2659570980135895e-07,99.0,,840.2149999999999,-6.640368236388028e-05,edp_opt,edp_j_s,clear_leader,8T
INTEL,Intel CPU,CPU,CPU package RAPL,5,256,8T,8,3.945221954115439e-05,0.0055118539392546,139.64530500618383,850.5080928336075,6.087685263397557,2.1684149624597985e-07,99.0,,850.51,0.00022423847680919096,edp_opt,edp_j_s,clear_leader,8T
INTEL,Intel CPU,CPU,CPU package RAPL,1,256,8T,8,3.926824633522066e-05,0.0052699708174978,134.70890836880687,854.4927551272949,6.367100153304408,2.0667569777584735e-07,88.0,,854.49,-0.00032242839723695127,throughput_opt,throughput_gflops,clear_leader,8T
INTEL,Intel CPU,CPU,CPU package RAPL,2,256,8T,8,3.990739521190052e-05,0.0055113264120244,138.13997377684967,840.8073697076063,6.088267957926105,2.1981979877706406e-07,99.5,,840.81,0.00031282936954202256,throughput_opt,throughput_gflops,clear_leader,8T
INTEL,Intel CPU,CPU,CPU package RAPL,3,256,8T,8,3.907287386012289e-05,0.0050668891628507,131.7922490012461,858.7653961702849,6.622294453569975,1.9491959523571507e-07,82.0,,858.775,0.0011183298439743083,throughput_opt,throughput_gflops,clear_leader,8T
INTEL,Intel CPU,CPU,CPU package RAPL,4,256,8T,8,3.99355042680999e-05,0.005670509445147,142.08907372074498,840.2155579340701,5.9173575715876705,2.2659570980135895e-07,99.0,,840.2149999999999,-6.640368236388028e-05,throughput_opt,throughput_gflops,clear_leader,8T
INTEL,Intel CPU,CPU,CPU package RAPL,5,256,8T,8,3.945221954115439e-05,0.0055118539392546,139.64530500618383,850.5080928336075,6.087685263397557,2.1684149624597985e-07,99.0,,850.51,0.00022423847680919096,throughput_opt,throughput_gflops,clear_leader,8T
INTEL,Intel CPU,CPU,CPU package RAPL,1,256,8T,8,3.926824633522066e-05,0.0052699708174978,134.70890836880687,854.4927551272949,6.367100153304408,2.0667569777584735e-07,88.0,,854.49,-0.00032242839723695127,efficiency_opt,efficiency_gflop_per_j,clear_leader,8T
INTEL,Intel CPU,CPU,CPU package RAPL,2,256,8T,8,3.990739521190052e-05,0.0055113264120244,138.13997377684967,840.8073697076063,6.088267957926105,2.1981979877706406e-07,99.5,,840.81,0.00031282936954202256,efficiency_opt,efficiency_gflop_per_j,clear_leader,8T
INTEL,Intel CPU,CPU,CPU package RAPL,3,256,8T,8,3.907287386012289e-05,0.0050668891628507,131.7922490012461,858.7653961702849,6.622294453569975,1.9491959523571507e-07,82.0,,858.775,0.0011183298439743083,efficiency_opt,efficiency_gflop_per_j,clear_leader,8T
INTEL,Intel CPU,CPU,CPU package RAPL,4,256,8T,8,3.99355042680999e-05,0.005670509445147,142.08907372074498,840.2155579340701,5.9173575715876705,2.2659570980135895e-07,99.0,,840.2149999999999,-6.640368236388028e-05,efficiency_opt,efficiency_gflop_per_j,clear_leader,8T
INTEL,Intel CPU,CPU,CPU package RAPL,5,256,8T,8,3.945221954115439e-05,0.0055118539392546,139.64530500618383,850.5080928336075,6.087685263397557,2.1684149624597985e-07,99.0,,850.51,0.00022423847680919096,efficiency_opt,efficiency_gflop_per_j,clear_leader,8T
INTEL,Intel CPU,CPU,CPU package RAPL,1,512,8T,8,0.0002724130731441,0.0378899667030567,139.5660920382989,985.3985820203427,7.08460522290046,1.0297282604371013e-05,100.0,,985.4,0.00014389909659406896,energy_opt,energy_j,tie_or_uncertain,"8T,16T"
INTEL,Intel CPU,CPU,CPU package RAPL,2,512,8T,8,0.0002629244156504,0.038437613058943,146.63541638679277,1020.9605499586917,6.983666118610481,1.0088532280786764e-05,99.0,,1020.96,-5.386679158281282e-05,energy_opt,energy_j,tie_or_uncertain,"8T,16T"
INTEL,Intel CPU,CPU,CPU package RAPL,3,512,8T,8,0.0002529835468475,0.0386712685254961,152.69588005187148,1061.0787118176286,6.941470146577157,9.778493476368218e-06,98.5,,1061.08,0.00012140309262331783,energy_opt,energy_j,tie_or_uncertain,"8T,16T"
INTEL,Intel CPU,CPU,CPU package RAPL,4,512,8T,8,0.0002648720030935,0.0373005748904356,141.19149024952665,1013.4534902325713,7.196550101130765,9.90559311926735e-06,93.0,,1013.45,-0.0003443900094990404,energy_opt,energy_j,tie_or_uncertain,"8T,16T"
INTEL,Intel CPU,CPU,CPU package RAPL,5,512,8T,8,0.0002463333333333,0.0378321034313725,153.93476676208576,1089.7244492558987,7.095440952336747,9.310764420382423e-06,97.0,,1089.725,5.053975815627609e-05,energy_opt,energy_j,tie_or_uncertain,"8T,16T"
INTEL,Intel CPU,CPU,CPU package RAPL,1,512,16T,16,0.0002532285750188,0.0389238862779592,153.89842185411533,1060.0519944483792,6.896419696714678,9.863923528014535e-06,88.0,,1060.0549999999998,0.0002835286982527663,runtime_opt,runtime_s,tie_or_uncertain,"8T,10T,16T,20T"
INTEL,Intel CPU,CPU,CPU package RAPL,2,512,16T,16,0.000297507262888,0.0423933446311592,142.56745192094434,902.2820263082302,6.332018818885532,1.262284109552275e-05,100.0,,902.285,0.00032957453246496016,runtime_opt,runtime_s,tie_or_uncertain,"8T,10T,16T,20T"
INTEL,Intel CPU,CPU,CPU package RAPL,3,512,16T,16,0.0002624209582372,0.0418104763002818,159.59856217440085,1022.9192736860732,6.420291748702005,1.0935467363610963e-05,99.5,,1022.92,7.100403183191162e-05,runtime_opt,runtime_s,tie_or_uncertain,"8T,10T,16T,20T"
INTEL,Intel CPU,CPU,CPU package RAPL,4,512,16T,16,0.0002475792054928,0.0380563028445316,153.9128521192961,1084.2407199170307,7.053639894989751,9.429990105488584e-06,88.0,,1084.26,0.0017782105592667463,runtime_opt,runtime_s,tie_or_uncertain,"8T,10T,16T,20T"
INTEL,Intel CPU,CPU,CPU package RAPL,5,512,16T,16,0.0002522655622489,0.0388182831325301,153.85684289991548,1064.0986966550188,6.915181052277102,9.792516984785275e-06,88.0,,1064.0949999999998,-0.0003473977583712262,runtime_opt,runtime_s,tie_or_uncertain,"8T,10T,16T,20T"
INTEL,Intel CPU,CPU,CPU package RAPL,1,512,16T,16,0.0002532285750188,0.0389238862779592,153.89842185411533,1060.0519944483792,6.896419696714678,9.863923528014535e-06,88.0,,1060.0549999999998,0.0002835286982527663,edp_opt,edp_j_s,tie_or_uncertain,"8T,10T,16T"
INTEL,Intel CPU,CPU,CPU package RAPL,2,512,16T,16,0.000297507262888,0.0423933446311592,142.56745192094434,902.2820263082302,6.332018818885532,1.262284109552275e-05,100.0,,902.285,0.00032957453246496016,edp_opt,edp_j_s,tie_or_uncertain,"8T,10T,16T"
INTEL,Intel CPU,CPU,CPU package RAPL,3,512,16T,16,0.0002624209582372,0.0418104763002818,159.59856217440085,1022.9192736860732,6.420291748702005,1.0935467363610963e-05,99.5,,1022.92,7.100403183191162e-05,edp_opt,edp_j_s,tie_or_uncertain,"8T,10T,16T"
INTEL,Intel CPU,CPU,CPU package RAPL,4,512,16T,16,0.0002475792054928,0.0380563028445316,153.9128521192961,1084.2407199170307,7.053639894989751,9.429990105488584e-06,88.0,,1084.26,0.0017782105592667463,edp_opt,edp_j_s,tie_or_uncertain,"8T,10T,16T"
INTEL,Intel CPU,CPU,CPU package RAPL,5,512,16T,16,0.0002522655622489,0.0388182831325301,153.85684289991548,1064.0986966550188,6.915181052277102,9.792516984785275e-06,88.0,,1064.0949999999998,-0.0003473977583712262,edp_opt,edp_j_s,tie_or_uncertain,"8T,10T,16T"
INTEL,Intel CPU,CPU,CPU package RAPL,1,512,16T,16,0.0002532285750188,0.0389238862779592,153.89842185411533,1060.0519944483792,6.896419696714678,9.863923528014535e-06,88.0,,1060.0549999999998,0.0002835286982527663,throughput_opt,throughput_gflops,tie_or_uncertain,"8T,10T,16T,20T"
INTEL,Intel CPU,CPU,CPU package RAPL,2,512,16T,16,0.000297507262888,0.0423933446311592,142.56745192094434,902.2820263082302,6.332018818885532,1.262284109552275e-05,100.0,,902.285,0.00032957453246496016,throughput_opt,throughput_gflops,tie_or_uncertain,"8T,10T,16T,20T"
INTEL,Intel CPU,CPU,CPU package RAPL,3,512,16T,16,0.0002624209582372,0.0418104763002818,159.59856217440085,1022.9192736860732,6.420291748702005,1.0935467363610963e-05,99.5,,1022.92,7.100403183191162e-05,throughput_opt,throughput_gflops,tie_or_uncertain,"8T,10T,16T,20T"
INTEL,Intel CPU,CPU,CPU package RAPL,4,512,16T,16,0.0002475792054928,0.0380563028445316,153.9128521192961,1084.2407199170307,7.053639894989751,9.429990105488584e-06,88.0,,1084.26,0.0017782105592667463,throughput_opt,throughput_gflops,tie_or_uncertain,"8T,10T,16T,20T"
INTEL,Intel CPU,CPU,CPU package RAPL,5,512,16T,16,0.0002522655622489,0.0388182831325301,153.85684289991548,1064.0986966550188,6.915181052277102,9.792516984785275e-06,88.0,,1064.0949999999998,-0.0003473977583712262,throughput_opt,throughput_gflops,tie_or_uncertain,"8T,10T,16T,20T"
INTEL,Intel CPU,CPU,CPU package RAPL,1,512,8T,8,0.0002724130731441,0.0378899667030567,139.5660920382989,985.3985820203427,7.08460522290046,1.0297282604371013e-05,100.0,,985.4,0.00014389909659406896,efficiency_opt,efficiency_gflop_per_j,tie_or_uncertain,"8T,16T"
INTEL,Intel CPU,CPU,CPU package RAPL,2,512,8T,8,0.0002629244156504,0.038437613058943,146.63541638679277,1020.9605499586917,6.983666118610481,1.0088532280786764e-05,99.0,,1020.96,-5.386679158281282e-05,efficiency_opt,efficiency_gflop_per_j,tie_or_uncertain,"8T,16T"
INTEL,Intel CPU,CPU,CPU package RAPL,3,512,8T,8,0.0002529835468475,0.0386712685254961,152.69588005187148,1061.0787118176286,6.941470146577157,9.778493476368218e-06,98.5,,1061.08,0.00012140309262331783,efficiency_opt,efficiency_gflop_per_j,tie_or_uncertain,"8T,16T"
INTEL,Intel CPU,CPU,CPU package RAPL,4,512,8T,8,0.0002648720030935,0.0373005748904356,141.19149024952665,1013.4534902325713,7.196550101130765,9.90559311926735e-06,93.0,,1013.45,-0.0003443900094990404,efficiency_opt,efficiency_gflop_per_j,tie_or_uncertain,"8T,16T"
INTEL,Intel CPU,CPU,CPU package RAPL,5,512,8T,8,0.0002463333333333,0.0378321034313725,153.93476676208576,1089.7244492558987,7.095440952336747,9.310764420382423e-06,97.0,,1089.725,5.053975815627609e-05,efficiency_opt,efficiency_gflop_per_j,tie_or_uncertain,"8T,16T"
INTEL,Intel CPU,CPU,CPU package RAPL,1,1024,8T,8,0.0016596094771241,0.2611179526143791,157.63531797469352,1293.9692606005879,8.22418997429648,0.0004333957998962,95.0,,1293.97,5.714196114059433e-05,energy_opt,energy_j,clear_leader,8T
INTEL,Intel CPU,CPU,CPU package RAPL,2,1024,8T,8,0.0018205880872483,0.2641295251677852,144.6669084498836,1179.5549268070743,8.130418765701547,0.0004808574530265,99.5,,1179.555,6.2051307869737116e-06,energy_opt,energy_j,clear_leader,8T
INTEL,Intel CPU,CPU,CPU package RAPL,3,1024,8T,8,0.0017181529605263,0.2683908215460526,156.4861966323262,1249.8792001279028,8.001330431605382,0.0004620644390444,99.0,,1249.9,0.0016641505911296761,energy_opt,energy_j,clear_leader,8T
INTEL,Intel CPU,CPU,CPU package RAPL,4,1024,8T,8,0.0017467694300518,0.2661548186528497,152.37617028689843,1229.403040294973,8.06855069868564,0.0004659656754482,100.0,,1229.41,0.000566104426225067,energy_opt,energy_j,clear_leader,8T
INTEL,Intel CPU,CPU,CPU package RAPL,5,1024,8T,8,0.0016566963993453,0.2599873731587561,156.92440602653036,1296.2445314957233,8.259953635089355,0.0004306109606206,94.5,,1296.245,3.614320178702002e-05,energy_opt,energy_j,clear_leader,8T
INTEL,Intel CPU,CPU,CPU package RAPL,1,1024,8T,8,0.0016596094771241,0.2611179526143791,157.63531797469352,1293.9692606005879,8.22418997429648,0.0004333957998962,95.0,,1293.97,5.714196114059433e-05,runtime_opt,runtime_s,clear_leader,8T
INTEL,Intel CPU,CPU,CPU package RAPL,2,1024,8T,8,0.0018205880872483,0.2641295251677852,144.6669084498836,1179.5549268070743,8.130418765701547,0.0004808574530265,99.5,,1179.555,6.2051307869737116e-06,runtime_opt,runtime_s,clear_leader,8T
INTEL,Intel CPU,CPU,CPU package RAPL,3,1024,8T,8,0.0017181529605263,0.2683908215460526,156.4861966323262,1249.8792001279028,8.001330431605382,0.0004620644390444,99.0,,1249.9,0.0016641505911296761,runtime_opt,runtime_s,clear_leader,8T
INTEL,Intel CPU,CPU,CPU package RAPL,4,1024,8T,8,0.0017467694300518,0.2661548186528497,152.37617028689843,1229.403040294973,8.06855069868564,0.0004659656754482,100.0,,1229.41,0.000566104426225067,runtime_opt,runtime_s,clear_leader,8T
INTEL,Intel CPU,CPU,CPU package RAPL,5,1024,8T,8,0.0016566963993453,0.2599873731587561,156.92440602653036,1296.2445314957233,8.259953635089355,0.0004306109606206,94.5,,1296.245,3.614320178702002e-05,runtime_opt,runtime_s,clear_leader,8T
INTEL,Intel CPU,CPU,CPU package RAPL,1,1024,8T,8,0.0016596094771241,0.2611179526143791,157.63531797469352,1293.9692606005879,8.22418997429648,0.0004333957998962,95.0,,1293.97,5.714196114059433e-05,edp_opt,edp_j_s,clear_leader,8T
INTEL,Intel CPU,CPU,CPU package RAPL,2,1024,8T,8,0.0018205880872483,0.2641295251677852,144.6669084498836,1179.5549268070743,8.130418765701547,0.0004808574530265,99.5,,1179.555,6.2051307869737116e-06,edp_opt,edp_j_s,clear_leader,8T
INTEL,Intel CPU,CPU,CPU package RAPL,3,1024,8T,8,0.0017181529605263,0.2683908215460526,156.4861966323262,1249.8792001279028,8.001330431605382,0.0004620644390444,99.0,,1249.9,0.0016641505911296761,edp_opt,edp_j_s,clear_leader,8T
INTEL,Intel CPU,CPU,CPU package RAPL,4,1024,8T,8,0.0017467694300518,0.2661548186528497,152.37617028689843,1229.403040294973,8.06855069868564,0.0004659656754482,100.0,,1229.41,0.000566104426225067,edp_opt,edp_j_s,clear_leader,8T
INTEL,Intel CPU,CPU,CPU package RAPL,5,1024,8T,8,0.0016566963993453,0.2599873731587561,156.92440602653036,1296.2445314957233,8.259953635089355,0.0004306109606206,94.5,,1296.245,3.614320178702002e-05,edp_opt,edp_j_s,clear_leader,8T
INTEL,Intel CPU,CPU,CPU package RAPL,1,1024,8T,8,0.0016596094771241,0.2611179526143791,157.63531797469352,1293.9692606005879,8.22418997429648,0.0004333957998962,95.0,,1293.97,5.714196114059433e-05,throughput_opt,throughput_gflops,clear_leader,8T
INTEL,Intel CPU,CPU,CPU package RAPL,2,1024,8T,8,0.0018205880872483,0.2641295251677852,144.6669084498836,1179.5549268070743,8.130418765701547,0.0004808574530265,99.5,,1179.555,6.2051307869737116e-06,throughput_opt,throughput_gflops,clear_leader,8T
INTEL,Intel CPU,CPU,CPU package RAPL,3,1024,8T,8,0.0017181529605263,0.2683908215460526,156.4861966323262,1249.8792001279028,8.001330431605382,0.0004620644390444,99.0,,1249.9,0.0016641505911296761,throughput_opt,throughput_gflops,clear_leader,8T
INTEL,Intel CPU,CPU,CPU package RAPL,4,1024,8T,8,0.0017467694300518,0.2661548186528497,152.37617028689843,1229.403040294973,8.06855069868564,0.0004659656754482,100.0,,1229.41,0.000566104426225067,throughput_opt,throughput_gflops,clear_leader,8T
INTEL,Intel CPU,CPU,CPU package RAPL,5,1024,8T,8,0.0016566963993453,0.2599873731587561,156.92440602653036,1296.2445314957233,8.259953635089355,0.0004306109606206,94.5,,1296.245,3.614320178702002e-05,throughput_opt,throughput_gflops,clear_leader,8T
INTEL,Intel CPU,CPU,CPU package RAPL,1,1024,8T,8,0.0016596094771241,0.2611179526143791,157.63531797469352,1293.9692606005879,8.22418997429648,0.0004333957998962,95.0,,1293.97,5.714196114059433e-05,efficiency_opt,efficiency_gflop_per_j,clear_leader,8T
INTEL,Intel CPU,CPU,CPU package RAPL,2,1024,8T,8,0.0018205880872483,0.2641295251677852,144.6669084498836,1179.5549268070743,8.130418765701547,0.0004808574530265,99.5,,1179.555,6.2051307869737116e-06,efficiency_opt,efficiency_gflop_per_j,clear_leader,8T
INTEL,Intel CPU,CPU,CPU package RAPL,3,1024,8T,8,0.0017181529605263,0.2683908215460526,156.4861966323262,1249.8792001279028,8.001330431605382,0.0004620644390444,99.0,,1249.9,0.0016641505911296761,efficiency_opt,efficiency_gflop_per_j,clear_leader,8T
INTEL,Intel CPU,CPU,CPU package RAPL,4,1024,8T,8,0.0017467694300518,0.2661548186528497,152.37617028689843,1229.403040294973,8.06855069868564,0.0004659656754482,100.0,,1229.41,0.000566104426225067,efficiency_opt,efficiency_gflop_per_j,clear_leader,8T
INTEL,Intel CPU,CPU,CPU package RAPL,5,1024,8T,8,0.0016566963993453,0.2599873731587561,156.92440602653036,1296.2445314957233,8.259953635089355,0.0004306109606206,94.5,,1296.245,3.614320178702002e-05,efficiency_opt,efficiency_gflop_per_j,clear_leader,8T
INTEL,Intel CPU,CPU,CPU package RAPL,1,2048,8T,8,0.0147688088235294,2.109212522058824,142.82098607490644,1163.2535426032018,8.145157969776585,0.0311385841607104,100.0,,1163.255,0.00012528625488172906,energy_opt,energy_j,clear_leader,8T
INTEL,Intel CPU,CPU,CPU package RAPL,2,2048,8T,8,0.0152654621212121,2.01806031060606,132.45167616250615,1125.407737255968,8.51306033507025,0.0308043285166777,100.0,,1125.41,0.00020105993208119344,energy_opt,energy_j,clear_leader,8T
INTEL,Intel CPU,CPU,CPU package RAPL,3,2048,8T,8,0.0140407697368421,2.1455549276315797,152.60843989478613,1223.5703245614163,8.007191502183723,0.0300952732327889,100.0,,1223.585,0.001199394778472751,energy_opt,energy_j,clear_leader,8T
INTEL,Intel CPU,CPU,CPU package RAPL,4,2048,8T,8,0.013722375,2.0781132565789475,151.15564354659324,1251.9603336885925,8.267051436976066,0.0285549319095126,99.0,,1251.96,-2.6653287932276726e-05,energy_opt,energy_j,clear_leader,8T
INTEL,Intel CPU,CPU,CPU package RAPL,5,2048,8T,8,0.0140065902777777,2.130653861111111,153.07473358696234,1226.5561313131934,8.063191068980533,0.0299012363437365,100.0,,1226.57,0.001130701355811503,energy_opt,energy_j,clear_leader,8T
INTEL,Intel CPU,CPU,CPU package RAPL,1,2048,8T,8,0.0147688088235294,2.109212522058824,142.82098607490644,1163.2535426032018,8.145157969776585,0.0311385841607104,100.0,,1163.255,0.00012528625488172906,runtime_opt,runtime_s,tie_or_uncertain,"8T,10T"
INTEL,Intel CPU,CPU,CPU package RAPL,2,2048,8T,8,0.0152654621212121,2.01806031060606,132.45167616250615,1125.407737255968,8.51306033507025,0.0308043285166777,100.0,,1125.41,0.00020105993208119344,runtime_opt,runtime_s,tie_or_uncertain,"8T,10T"
INTEL,Intel CPU,CPU,CPU package RAPL,3,2048,8T,8,0.0140407697368421,2.1455549276315797,152.60843989478613,1223.5703245614163,8.007191502183723,0.0300952732327889,100.0,,1223.585,0.001199394778472751,runtime_opt,runtime_s,tie_or_uncertain,"8T,10T"
INTEL,Intel CPU,CPU,CPU package RAPL,4,2048,8T,8,0.013722375,2.0781132565789475,151.15564354659324,1251.9603336885925,8.267051436976066,0.0285549319095126,99.0,,1251.96,-2.6653287932276726e-05,runtime_opt,runtime_s,tie_or_uncertain,"8T,10T"
INTEL,Intel CPU,CPU,CPU package RAPL,5,2048,8T,8,0.0140065902777777,2.130653861111111,153.07473358696234,1226.5561313131934,8.063191068980533,0.0299012363437365,100.0,,1226.57,0.001130701355811503,runtime_opt,runtime_s,tie_or_uncertain,"8T,10T"
INTEL,Intel CPU,CPU,CPU package RAPL,1,2048,8T,8,0.0147688088235294,2.109212522058824,142.82098607490644,1163.2535426032018,8.145157969776585,0.0311385841607104,100.0,,1163.255,0.00012528625488172906,edp_opt,edp_j_s,clear_leader,8T
INTEL,Intel CPU,CPU,CPU package RAPL,2,2048,8T,8,0.0152654621212121,2.01806031060606,132.45167616250615,1125.407737255968,8.51306033507025,0.0308043285166777,100.0,,1125.41,0.00020105993208119344,edp_opt,edp_j_s,clear_leader,8T
INTEL,Intel CPU,CPU,CPU package RAPL,3,2048,8T,8,0.0140407697368421,2.1455549276315797,152.60843989478613,1223.5703245614163,8.007191502183723,0.0300952732327889,100.0,,1223.585,0.001199394778472751,edp_opt,edp_j_s,clear_leader,8T
INTEL,Intel CPU,CPU,CPU package RAPL,4,2048,8T,8,0.013722375,2.0781132565789475,151.15564354659324,1251.9603336885925,8.267051436976066,0.0285549319095126,99.0,,1251.96,-2.6653287932276726e-05,edp_opt,edp_j_s,clear_leader,8T
INTEL,Intel CPU,CPU,CPU package RAPL,5,2048,8T,8,0.0140065902777777,2.130653861111111,153.07473358696234,1226.5561313131934,8.063191068980533,0.0299012363437365,100.0,,1226.57,0.001130701355811503,edp_opt,edp_j_s,clear_leader,8T
INTEL,Intel CPU,CPU,CPU package RAPL,1,2048,8T,8,0.0147688088235294,2.109212522058824,142.82098607490644,1163.2535426032018,8.145157969776585,0.0311385841607104,100.0,,1163.255,0.00012528625488172906,throughput_opt,throughput_gflops,tie_or_uncertain,"8T,10T"
INTEL,Intel CPU,CPU,CPU package RAPL,2,2048,8T,8,0.0152654621212121,2.01806031060606,132.45167616250615,1125.407737255968,8.51306033507025,0.0308043285166777,100.0,,1125.41,0.00020105993208119344,throughput_opt,throughput_gflops,tie_or_uncertain,"8T,10T"
INTEL,Intel CPU,CPU,CPU package RAPL,3,2048,8T,8,0.0140407697368421,2.1455549276315797,152.60843989478613,1223.5703245614163,8.007191502183723,0.0300952732327889,100.0,,1223.585,0.001199394778472751,throughput_opt,throughput_gflops,tie_or_uncertain,"8T,10T"
INTEL,Intel CPU,CPU,CPU package RAPL,4,2048,8T,8,0.013722375,2.0781132565789475,151.15564354659324,1251.9603336885925,8.267051436976066,0.0285549319095126,99.0,,1251.96,-2.6653287932276726e-05,throughput_opt,throughput_gflops,tie_or_uncertain,"8T,10T"
INTEL,Intel CPU,CPU,CPU package RAPL,5,2048,8T,8,0.0140065902777777,2.130653861111111,153.07473358696234,1226.5561313131934,8.063191068980533,0.0299012363437365,100.0,,1226.57,0.001130701355811503,throughput_opt,throughput_gflops,tie_or_uncertain,"8T,10T"
INTEL,Intel CPU,CPU,CPU package RAPL,1,2048,8T,8,0.0147688088235294,2.109212522058824,142.82098607490644,1163.2535426032018,8.145157969776585,0.0311385841607104,100.0,,1163.255,0.00012528625488172906,efficiency_opt,efficiency_gflop_per_j,clear_leader,8T
INTEL,Intel CPU,CPU,CPU package RAPL,2,2048,8T,8,0.0152654621212121,2.01806031060606,132.45167616250615,1125.407737255968,8.51306033507025,0.0308043285166777,100.0,,1125.41,0.00020105993208119344,efficiency_opt,efficiency_gflop_per_j,clear_leader,8T
INTEL,Intel CPU,CPU,CPU package RAPL,3,2048,8T,8,0.0140407697368421,2.1455549276315797,152.60843989478613,1223.5703245614163,8.007191502183723,0.0300952732327889,100.0,,1223.585,0.001199394778472751,efficiency_opt,efficiency_gflop_per_j,clear_leader,8T
INTEL,Intel CPU,CPU,CPU package RAPL,4,2048,8T,8,0.013722375,2.0781132565789475,151.15564354659324,1251.9603336885925,8.267051436976066,0.0285549319095126,99.0,,1251.96,-2.6653287932276726e-05,efficiency_opt,efficiency_gflop_per_j,clear_leader,8T
INTEL,Intel CPU,CPU,CPU package RAPL,5,2048,8T,8,0.0140065902777777,2.130653861111111,153.07473358696234,1226.5561313131934,8.063191068980533,0.0299012363437365,100.0,,1226.57,0.001130701355811503,efficiency_opt,efficiency_gflop_per_j,clear_leader,8T
INTEL,Intel CPU,CPU,CPU package RAPL,1,4096,8T,8,0.11623335,16.6505586,143.42915479196503,1182.4399234126865,8.254314871574339,1.9326165246983695,100.0,,1182.44,6.477057490350546e-06,energy_opt,energy_j,tie_or_uncertain,"8T,10T"
INTEL,Intel CPU,CPU,CPU package RAPL,2,4096,8T,8,0.1176013333333333,16.589821611111113,141.29016916898885,1168.6853335449714,8.28453474026204,1.9505577124564937,99.5,,1168.685,-2.8540186303160908e-05,energy_opt,energy_j,tie_or_uncertain,"8T,10T"
INTEL,Intel CPU,CPU,CPU package RAPL,3,4096,8T,8,0.1094632,17.2371934,157.39044316233424,1255.5722240168386,7.973395104564993,1.885881462651435,100.0,,1255.58,0.0006193178705649061,energy_opt,energy_j,tie_or_uncertain,"8T,10T"
INTEL,Intel CPU,CPU,CPU package RAPL,4,4096,8T,8,0.1084304,16.9457696,155.78198028605811,1267.5315545455887,8.110517062146295,1.8326497298831148,98.5,,1267.53,-0.00012264354154467583,energy_opt,energy_j,tie_or_uncertain,"8T,10T"
INTEL,Intel CPU,CPU,CPU package RAPL,5,4096,8T,8,0.1054558499999999,17.247862350000002,163.60221515205973,1303.2842983295864,7.968463029391001,1.8121879809251,99.0,,1303.3049999999998,0.0015884232197116432,energy_opt,energy_j,tie_or_uncertain,"8T,10T"
INTEL,Intel CPU,CPU,CPU package RAPL,1,4096,10T,10,0.10383305,16.93547605,163.06096176691003,1323.6532440489807,8.115446714708678,1.75826401362441,100.0,,1323.65,-0.0002450829924782738,runtime_opt,runtime_s,tie_or_uncertain,"8T,10T"
INTEL,Intel CPU,CPU,CPU package RAPL,2,4096,10T,10,0.1063178,16.671954399999997,156.87327042388887,1292.718185214517,8.243721772175673,1.7668649133189154,100.0,,1292.74,0.0016875128494797664,runtime_opt,runtime_s,tie_or_uncertain,"8T,10T"
INTEL,Intel CPU,CPU,CPU package RAPL,3,4096,10T,10,0.10153,17.476212590909093,172.2961808354989,1353.6782573820547,7.864344334166204,1.7743612778372189,99.0,,1353.68,0.00012873206287622452,runtime_opt,runtime_s,tie_or_uncertain,"8T,10T"
INTEL,Intel CPU,CPU,CPU package RAPL,4,4096,10T,10,0.1005630499999999,17.1085225,170.13138357935867,1366.6943621141177,8.033361938297126,1.7204683686189002,95.5,,1366.6950000000002,4.6673630937910104e-05,runtime_opt,runtime_s,tie_or_uncertain,"8T,10T"
INTEL,Intel CPU,CPU,CPU package RAPL,5,4096,10T,10,0.1012727,17.04769805,168.4850238739458,1357.1175002937614,8.0620241553375,1.72402815579056,94.0,,1357.115,-0.00018423561415348289,runtime_opt,runtime_s,tie_or_uncertain,"8T,10T"
INTEL,Intel CPU,CPU,CPU package RAPL,1,4096,10T,10,0.10383305,16.93547605,163.06096176691003,1323.6532440489807,8.115446714708678,1.75826401362441,100.0,,1323.65,-0.0002450829924782738,edp_opt,edp_j_s,clear_leader,10T
INTEL,Intel CPU,CPU,CPU package RAPL,2,4096,10T,10,0.1063178,16.671954399999997,156.87327042388887,1292.718185214517,8.243721772175673,1.7668649133189154,100.0,,1292.74,0.0016875128494797664,edp_opt,edp_j_s,clear_leader,10T
INTEL,Intel CPU,CPU,CPU package RAPL,3,4096,10T,10,0.10153,17.476212590909093,172.2961808354989,1353.6782573820547,7.864344334166204,1.7743612778372189,99.0,,1353.68,0.00012873206287622452,edp_opt,edp_j_s,clear_leader,10T
INTEL,Intel CPU,CPU,CPU package RAPL,4,4096,10T,10,0.1005630499999999,17.1085225,170.13138357935867,1366.6943621141177,8.033361938297126,1.7204683686189002,95.5,,1366.6950000000002,4.6673630937910104e-05,edp_opt,edp_j_s,clear_leader,10T
INTEL,Intel CPU,CPU,CPU package RAPL,5,4096,10T,10,0.1012727,17.04769805,168.4850238739458,1357.1175002937614,8.0620241553375,1.72402815579056,94.0,,1357.115,-0.00018423561415348289,edp_opt,edp_j_s,clear_leader,10T
INTEL,Intel CPU,CPU,CPU package RAPL,1,4096,10T,10,0.10383305,16.93547605,163.06096176691003,1323.6532440489807,8.115446714708678,1.75826401362441,100.0,,1323.65,-0.0002450829924782738,throughput_opt,throughput_gflops,tie_or_uncertain,"8T,10T"
INTEL,Intel CPU,CPU,CPU package RAPL,2,4096,10T,10,0.1063178,16.671954399999997,156.87327042388887,1292.718185214517,8.243721772175673,1.7668649133189154,100.0,,1292.74,0.0016875128494797664,throughput_opt,throughput_gflops,tie_or_uncertain,"8T,10T"
INTEL,Intel CPU,CPU,CPU package RAPL,3,4096,10T,10,0.10153,17.476212590909093,172.2961808354989,1353.6782573820547,7.864344334166204,1.7743612778372189,99.0,,1353.68,0.00012873206287622452,throughput_opt,throughput_gflops,tie_or_uncertain,"8T,10T"
INTEL,Intel CPU,CPU,CPU package RAPL,4,4096,10T,10,0.1005630499999999,17.1085225,170.13138357935867,1366.6943621141177,8.033361938297126,1.7204683686189002,95.5,,1366.6950000000002,4.6673630937910104e-05,throughput_opt,throughput_gflops,tie_or_uncertain,"8T,10T"
INTEL,Intel CPU,CPU,CPU package RAPL,5,4096,10T,10,0.1012727,17.04769805,168.4850238739458,1357.1175002937614,8.0620241553375,1.72402815579056,94.0,,1357.115,-0.00018423561415348289,throughput_opt,throughput_gflops,tie_or_uncertain,"8T,10T"
INTEL,Intel CPU,CPU,CPU package RAPL,1,4096,8T,8,0.11623335,16.6505586,143.42915479196503,1182.4399234126865,8.254314871574339,1.9326165246983695,100.0,,1182.44,6.477057490350546e-06,efficiency_opt,efficiency_gflop_per_j,tie_or_uncertain,"8T,10T"
INTEL,Intel CPU,CPU,CPU package RAPL,2,4096,8T,8,0.1176013333333333,16.589821611111113,141.29016916898885,1168.6853335449714,8.28453474026204,1.9505577124564937,99.5,,1168.685,-2.8540186303160908e-05,efficiency_opt,efficiency_gflop_per_j,tie_or_uncertain,"8T,10T"
INTEL,Intel CPU,CPU,CPU package RAPL,3,4096,8T,8,0.1094632,17.2371934,157.39044316233424,1255.5722240168386,7.973395104564993,1.885881462651435,100.0,,1255.58,0.0006193178705649061,efficiency_opt,efficiency_gflop_per_j,tie_or_uncertain,"8T,10T"
INTEL,Intel CPU,CPU,CPU package RAPL,4,4096,8T,8,0.1084304,16.9457696,155.78198028605811,1267.5315545455887,8.110517062146295,1.8326497298831148,98.5,,1267.53,-0.00012264354154467583,efficiency_opt,efficiency_gflop_per_j,tie_or_uncertain,"8T,10T"
INTEL,Intel CPU,CPU,CPU package RAPL,5,4096,8T,8,0.1054558499999999,17.247862350000002,163.60221515205973,1303.2842983295864,7.968463029391001,1.8121879809251,99.0,,1303.3049999999998,0.0015884232197116432,efficiency_opt,efficiency_gflop_per_j,tie_or_uncertain,"8T,10T"
INTEL,Intel CPU,CPU,CPU package RAPL,1,8192,8T,8,0.867264,126.9468185,146.37676316128625,1267.7934605564164,8.661198766284954,109.9152517632865,99.0,,1267.8049999999998,0.0009101990144699812,energy_opt,energy_j,tie_or_uncertain,"8T,10T"
INTEL,Intel CPU,CPU,CPU package RAPL,2,8192,8T,8,0.870411,127.886437,146.77398899650458,1263.2097110169793,8.597562443435656,111.20864903704476,99.0,,1263.21,2.2876884031575173e-05,energy_opt,energy_j,tie_or_uncertain,"8T,10T"
INTEL,Intel CPU,CPU,CPU package RAPL,3,8192,8T,8,0.81153975,134.10627,165.3332138539441,1354.84630022867,8.198808510414912,109.00493740230236,99.0,,1354.85,0.00027307683012622874,energy_opt,energy_j,tie_or_uncertain,"8T,10T"
INTEL,Intel CPU,CPU,CPU package RAPL,4,8192,8T,8,0.91774975,127.089915,138.39250290282388,1198.051677786891,8.651446716098599,116.46427916039138,99.0,,1198.0500000000002,-0.000140042948237884,energy_opt,energy_j,tie_or_uncertain,"8T,10T"
INTEL,Intel CPU,CPU,CPU package RAPL,5,8192,8T,8,0.8158829999999999,124.132342,152.00187634127272,1347.6339472399843,8.85757579419552,101.183878706158,86.0,,1347.735,0.007498531795113728,energy_opt,energy_j,tie_or_uncertain,"8T,10T"
INTEL,Intel CPU,CPU,CPU package RAPL,1,8192,10T,10,0.7425962500000001,127.77964125,172.08695621615698,1480.631807359652,8.604748119654,94.96834015956924,96.0,,1480.63,-0.0001220667854684443,runtime_opt,runtime_s,clear_leader,10T
INTEL,Intel CPU,CPU,CPU package RAPL,2,8192,10T,10,0.755188,132.177335,175.12012066637885,1455.9442519955296,8.318458136381702,99.85258643626275,100.0,,1455.9450000000002,5.137590051162988e-05,runtime_opt,runtime_s,clear_leader,10T
INTEL,Intel CPU,CPU,CPU package RAPL,3,8192,10T,10,0.7368155000000001,125.8757765,170.38554036905856,1492.2482328018343,8.734894499546543,92.75759992961574,91.0,,1492.25,0.00011842521416838281,runtime_opt,runtime_s,clear_leader,10T
INTEL,Intel CPU,CPU,CPU package RAPL,4,8192,10T,10,0.80182475,124.99429375,155.70629452800267,1371.261772321196,8.796494582185677,100.2842568480865,99.0,,1371.26,-0.00012924747352371924,runtime_opt,runtime_s,clear_leader,10T
INTEL,Intel CPU,CPU,CPU package RAPL,5,8192,10T,10,0.7887895,128.87741649999998,163.3518746049779,1393.9227484341513,8.531453047679616,101.27165404529174,99.0,,1393.92,-0.0001971726305782795,runtime_opt,runtime_s,clear_leader,10T
INTEL,Intel CPU,CPU,CPU package RAPL,1,8192,10T,10,0.7425962500000001,127.77964125,172.08695621615698,1480.631807359652,8.604748119654,94.96834015956924,96.0,,1480.63,-0.0001220667854684443,edp_opt,edp_j_s,tie_or_uncertain,"8T,10T"
INTEL,Intel CPU,CPU,CPU package RAPL,2,8192,10T,10,0.755188,132.177335,175.12012066637885,1455.9442519955296,8.318458136381702,99.85258643626275,100.0,,1455.9450000000002,5.137590051162988e-05,edp_opt,edp_j_s,tie_or_uncertain,"8T,10T"
INTEL,Intel CPU,CPU,CPU package RAPL,3,8192,10T,10,0.7368155000000001,125.8757765,170.38554036905856,1492.2482328018343,8.734894499546543,92.75759992961574,91.0,,1492.25,0.00011842521416838281,edp_opt,edp_j_s,tie_or_uncertain,"8T,10T"
INTEL,Intel CPU,CPU,CPU package RAPL,4,8192,10T,10,0.80182475,124.99429375,155.70629452800267,1371.261772321196,8.796494582185677,100.2842568480865,99.0,,1371.26,-0.00012924747352371924,edp_opt,edp_j_s,tie_or_uncertain,"8T,10T"
INTEL,Intel CPU,CPU,CPU package RAPL,5,8192,10T,10,0.7887895,128.87741649999998,163.3518746049779,1393.9227484341513,8.531453047679616,101.27165404529174,99.0,,1393.92,-0.0001971726305782795,edp_opt,edp_j_s,tie_or_uncertain,"8T,10T"
INTEL,Intel CPU,CPU,CPU package RAPL,1,8192,10T,10,0.7425962500000001,127.77964125,172.08695621615698,1480.631807359652,8.604748119654,94.96834015956924,96.0,,1480.63,-0.0001220667854684443,throughput_opt,throughput_gflops,clear_leader,10T
INTEL,Intel CPU,CPU,CPU package RAPL,2,8192,10T,10,0.755188,132.177335,175.12012066637885,1455.9442519955296,8.318458136381702,99.85258643626275,100.0,,1455.9450000000002,5.137590051162988e-05,throughput_opt,throughput_gflops,clear_leader,10T
INTEL,Intel CPU,CPU,CPU package RAPL,3,8192,10T,10,0.7368155000000001,125.8757765,170.38554036905856,1492.2482328018343,8.734894499546543,92.75759992961574,91.0,,1492.25,0.00011842521416838281,throughput_opt,throughput_gflops,clear_leader,10T
INTEL,Intel CPU,CPU,CPU package RAPL,4,8192,10T,10,0.80182475,124.99429375,155.70629452800267,1371.261772321196,8.796494582185677,100.2842568480865,99.0,,1371.26,-0.00012924747352371924,throughput_opt,throughput_gflops,clear_leader,10T
INTEL,Intel CPU,CPU,CPU package RAPL,5,8192,10T,10,0.7887895,128.87741649999998,163.3518746049779,1393.9227484341513,8.531453047679616,101.27165404529174,99.0,,1393.92,-0.0001971726305782795,throughput_opt,throughput_gflops,clear_leader,10T
INTEL,Intel CPU,CPU,CPU package RAPL,1,8192,8T,8,0.867264,126.9468185,146.37676316128625,1267.7934605564164,8.661198766284954,109.9152517632865,99.0,,1267.8049999999998,0.0009101990144699812,efficiency_opt,efficiency_gflop_per_j,tie_or_uncertain,"8T,10T"
INTEL,Intel CPU,CPU,CPU package RAPL,2,8192,8T,8,0.870411,127.886437,146.77398899650458,1263.2097110169793,8.597562443435656,111.20864903704476,99.0,,1263.21,2.2876884031575173e-05,efficiency_opt,efficiency_gflop_per_j,tie_or_uncertain,"8T,10T"
INTEL,Intel CPU,CPU,CPU package RAPL,3,8192,8T,8,0.81153975,134.10627,165.3332138539441,1354.84630022867,8.198808510414912,109.00493740230236,99.0,,1354.85,0.00027307683012622874,efficiency_opt,efficiency_gflop_per_j,tie_or_uncertain,"8T,10T"
INTEL,Intel CPU,CPU,CPU package RAPL,4,8192,8T,8,0.91774975,127.089915,138.39250290282388,1198.051677786891,8.651446716098599,116.46427916039138,99.0,,1198.0500000000002,-0.000140042948237884,efficiency_opt,efficiency_gflop_per_j,tie_or_uncertain,"8T,10T"
INTEL,Intel CPU,CPU,CPU package RAPL,5,8192,8T,8,0.8158829999999999,124.132342,152.00187634127272,1347.6339472399843,8.85757579419552,101.183878706158,86.0,,1347.735,0.007498531795113728,efficiency_opt,efficiency_gflop_per_j,tie_or_uncertain,"8T,10T"
INTEL,Intel CPU,CPU,CPU package RAPL,1,16384,8T,8,6.9254385,1022.945593,147.9056660261562,1270.1135129866507,8.598788716036827,7095.315150857066,80.5,,1270.11,-0.00027658840054956,energy_opt,energy_j,tie_or_uncertain,"8T,10T"
INTEL,Intel CPU,CPU,CPU package RAPL,2,16384,8T,8,7.112654,1081.9571905,152.20984376303664,1236.6822598439346,8.129797647671348,7727.119721761852,99.5,,1236.685,0.00022157316832416285,energy_opt,energy_j,tie_or_uncertain,"8T,10T"
INTEL,Intel CPU,CPU,CPU package RAPL,3,16384,8T,8,7.072073,1083.4975315,152.19881035028442,1243.7785953578252,8.118240020381625,7639.383926839595,99.5,,1243.79,0.0009169350732696202,energy_opt,energy_j,tie_or_uncertain,"8T,10T"
INTEL,Intel CPU,CPU,CPU package RAPL,4,16384,8T,8,6.7321455,1101.426807,163.36178459315863,1306.5809439513748,7.986089467139689,7422.592850544481,92.5,,1306.585,0.00031043225021676335,energy_opt,energy_j,tie_or_uncertain,"8T,10T"
INTEL,Intel CPU,CPU,CPU package RAPL,5,16384,8T,8,7.2131175,1056.4379085,147.18233985007527,1219.4578865806636,8.326180792487152,7598.59318094877,99.0,,1219.46,0.00017330810351268156,energy_opt,energy_j,tie_or_uncertain,"8T,10T"
INTEL,Intel CPU,CPU,CPU package RAPL,1,16384,10T,10,6.982886499999999,1034.2696905,148.06244682460152,1259.6643268092644,8.504641587201187,7224.755045937381,99.5,,1259.665,5.344207352209196e-05,runtime_opt,runtime_s,tie_or_uncertain,"8T,10T"
INTEL,Intel CPU,CPU,CPU package RAPL,2,16384,10T,10,6.8562955,1088.0854405,158.6668386510782,1282.9221001644403,8.084009485657667,7437.619499021732,99.0,,1282.92,-0.00016370163394840986,runtime_opt,runtime_s,tie_or_uncertain,"8T,10T"
INTEL,Intel CPU,CPU,CPU package RAPL,3,16384,10T,10,6.5039305,1053.6622195,161.89787916859024,1352.4272779679916,8.34811466086547,6857.4352150891855,86.0,,1352.425,-0.00016843552542722406,runtime_opt,runtime_s,tie_or_uncertain,"8T,10T"
INTEL,Intel CPU,CPU,CPU package RAPL,4,16384,10T,10,6.532229,1108.7422485,169.7997450053821,1346.5683799830042,7.933397535908906,7227.848157785047,95.0,,1346.565,-0.00025100715673742613,runtime_opt,runtime_s,tie_or_uncertain,"8T,10T"
INTEL,Intel CPU,CPU,CPU package RAPL,5,16384,10T,10,6.528346,1112.246207,170.74908774509498,1347.3693064381087,7.908404602190745,7243.192853549307,98.5,,1347.37,5.147526278559411e-05,runtime_opt,runtime_s,tie_or_uncertain,"8T,10T"
INTEL,Intel CPU,CPU,CPU package RAPL,1,16384,10T,10,6.982886499999999,1034.2696905,148.06244682460152,1259.6643268092644,8.504641587201187,7224.755045937381,99.5,,1259.665,5.344207352209196e-05,edp_opt,edp_j_s,tie_or_uncertain,"8T,10T"
INTEL,Intel CPU,CPU,CPU package RAPL,2,16384,10T,10,6.8562955,1088.0854405,158.6668386510782,1282.9221001644403,8.084009485657667,7437.619499021732,99.0,,1282.92,-0.00016370163394840986,edp_opt,edp_j_s,tie_or_uncertain,"8T,10T"
INTEL,Intel CPU,CPU,CPU package RAPL,3,16384,10T,10,6.5039305,1053.6622195,161.89787916859024,1352.4272779679916,8.34811466086547,6857.4352150891855,86.0,,1352.425,-0.00016843552542722406,edp_opt,edp_j_s,tie_or_uncertain,"8T,10T"
INTEL,Intel CPU,CPU,CPU package RAPL,4,16384,10T,10,6.532229,1108.7422485,169.7997450053821,1346.5683799830042,7.933397535908906,7227.848157785047,95.0,,1346.565,-0.00025100715673742613,edp_opt,edp_j_s,tie_or_uncertain,"8T,10T"
INTEL,Intel CPU,CPU,CPU package RAPL,5,16384,10T,10,6.528346,1112.246207,170.74908774509498,1347.3693064381087,7.908404602190745,7243.192853549307,98.5,,1347.37,5.147526278559411e-05,edp_opt,edp_j_s,tie_or_uncertain,"8T,10T"
INTEL,Intel CPU,CPU,CPU package RAPL,1,16384,10T,10,6.982886499999999,1034.2696905,148.06244682460152,1259.6643268092644,8.504641587201187,7224.755045937381,99.5,,1259.665,5.344207352209196e-05,throughput_opt,throughput_gflops,tie_or_uncertain,"8T,10T"
INTEL,Intel CPU,CPU,CPU package RAPL,2,16384,10T,10,6.8562955,1088.0854405,158.6668386510782,1282.9221001644403,8.084009485657667,7437.619499021732,99.0,,1282.92,-0.00016370163394840986,throughput_opt,throughput_gflops,tie_or_uncertain,"8T,10T"
INTEL,Intel CPU,CPU,CPU package RAPL,3,16384,10T,10,6.5039305,1053.6622195,161.89787916859024,1352.4272779679916,8.34811466086547,6857.4352150891855,86.0,,1352.425,-0.00016843552542722406,throughput_opt,throughput_gflops,tie_or_uncertain,"8T,10T"
INTEL,Intel CPU,CPU,CPU package RAPL,4,16384,10T,10,6.532229,1108.7422485,169.7997450053821,1346.5683799830042,7.933397535908906,7227.848157785047,95.0,,1346.565,-0.00025100715673742613,throughput_opt,throughput_gflops,tie_or_uncertain,"8T,10T"
INTEL,Intel CPU,CPU,CPU package RAPL,5,16384,10T,10,6.528346,1112.246207,170.74908774509498,1347.3693064381087,7.908404602190745,7243.192853549307,98.5,,1347.37,5.147526278559411e-05,throughput_opt,throughput_gflops,tie_or_uncertain,"8T,10T"
INTEL,Intel CPU,CPU,CPU package RAPL,1,16384,8T,8,6.9254385,1022.945593,147.9056660261562,1270.1135129866507,8.598788716036827,7095.315150857066,80.5,,1270.11,-0.00027658840054956,efficiency_opt,efficiency_gflop_per_j,tie_or_uncertain,"8T,10T"
INTEL,Intel CPU,CPU,CPU package RAPL,2,16384,8T,8,7.112654,1081.9571905,152.20984376303664,1236.6822598439346,8.129797647671348,7727.119721761852,99.5,,1236.685,0.00022157316832416285,efficiency_opt,efficiency_gflop_per_j,tie_or_uncertain,"8T,10T"
INTEL,Intel CPU,CPU,CPU package RAPL,3,16384,8T,8,7.072073,1083.4975315,152.19881035028442,1243.7785953578252,8.118240020381625,7639.383926839595,99.5,,1243.79,0.0009169350732696202,efficiency_opt,efficiency_gflop_per_j,tie_or_uncertain,"8T,10T"
INTEL,Intel CPU,CPU,CPU package RAPL,4,16384,8T,8,6.7321455,1101.426807,163.36178459315863,1306.5809439513748,7.986089467139689,7422.592850544481,92.5,,1306.585,0.00031043225021676335,efficiency_opt,efficiency_gflop_per_j,tie_or_uncertain,"8T,10T"
INTEL,Intel CPU,CPU,CPU package RAPL,5,16384,8T,8,7.2131175,1056.4379085,147.18233985007527,1219.4578865806636,8.326180792487152,7598.59318094877,99.0,,1219.46,0.00017330810351268156,efficiency_opt,efficiency_gflop_per_j,tie_or_uncertain,"8T,10T"
