workload,size,platform,configuration,threads,runtime,energy,edp,power,runtime_cv,energy_cv
AXPY,1000000,3090,gpu_resident,-1,1.2711648954017435e-05,0.0044095600010167,5.6056697439533585e-08,340.2395059430982,0.0375310429144966,0.0323885875915939
AXPY,1000000,5060ti,gpu_resident,-1,8.188072942765906e-06,0.0011103864734299,9.091926211190982e-09,135.61022073174252,1.1130186153050336e-06,0.0160421512201453
AXPY,1000000,AMD,1T,1,8.593148480936397e-05,0.0066938555813753,5.750690679712594e-07,77.43731390484476,0.0272477840490633,0.0287963262000739
AXPY,1000000,AMD,2T,2,4.8750493845706535e-05,0.0046487630839309,2.266799037128228e-07,94.5616560139167,0.0130018873577087,0.0127788787636652
AXPY,1000000,AMD,4T,4,2.797330181114337e-05,0.0033776206469714,9.40197378500672e-08,120.42590107149375,0.0115034129433325,0.0065825615678409
AXPY,1000000,AMD,8T,8,1.9338647402843605e-05,0.00289220307109,5.5923378717509856e-08,149.76969667428173,0.0087046367280143,0.00481730666218
AXPY,1000000,AMD,10T,10,1.8497303852638376e-05,0.0028965167790651,5.3577749305537113e-08,156.16959230749976,0.1198468561305054,0.0629273291598792
AXPY,1000000,AMD,16T,16,1.9863214620734277e-05,0.0031958930535338,6.339608264572019e-08,160.78620897334898,0.1739465970847042,0.1396152022626474
AXPY,1000000,AMD,20T,20,2.0672941617783265e-05,0.003326136869793,6.861618393230281e-08,161.79381807597304,0.023697300246626,0.019048031042918
AXPY,1000000,AMD,32T,32,2.5432778553406223e-05,0.0044320601523542,1.1230880336828687e-07,172.03544255440335,0.0429834655958076,0.0363929744870257
AXPY,1000000,AMD,64T,64,5.6880483865629656e-05,0.0090622209995035,5.156927123621966e-07,160.06021786641963,0.0166808456649239,0.0113333821922524
AXPY,1000000,INTEL,1T,1,0.0003069147118332,0.0134188165279062,4.14514772602887e-06,43.49819005255924,0.0055591043506162,0.0262634198853677
AXPY,1000000,INTEL,2T,2,0.0001655286172818,0.0097615783730158,1.6187393694233111e-06,58.80525398027591,0.009333328136119,0.0022675474148068
AXPY,1000000,INTEL,4T,4,8.314250980473618e-05,0.0071015959285417,5.90303563996991e-07,85.42980780234359,0.0187284516436217,0.0389719471707676
AXPY,1000000,INTEL,8T,8,2.469492109359557e-05,0.0031471324571086,7.765459014124949e-08,132.75035066921362,0.0723416020450311,0.0567973858820736
AXPY,1000000,INTEL,10T,10,1.516122525359576e-05,0.0022499783469657,3.3390458525892095e-08,150.17144739883446,0.1293245100676555,0.1084389697314228
AXPY,1000000,INTEL,16T,16,2.9391446645050094e-05,0.0038841042531718,1.1240372822884007e-07,132.14188366308537,0.1137297844073454,0.0987397938048691
AXPY,1000000,INTEL,20T,20,1.773988345897236e-05,0.0027121866305116,4.771571780999395e-08,150.38264136785494,0.1879961560185344,0.1363568558262362
AXPY,2000000,3090,gpu_resident,-1,3.123123084129661e-05,0.0109950160922413,3.427668006127483e-07,352.29136038167525,0.0011305700271066,0.0054387482643263
AXPY,2000000,5060ti,gpu_resident,-1,1.4329123006490994e-05,0.0020289443895169,2.9073135979716402e-08,141.59515983147844,1.3163702583744075e-06,0.0139888759721789
AXPY,2000000,AMD,1T,1,0.0004390345777905,0.0318732096712538,1.3993466476022096e-05,72.56099435320729,0.0321654132922199,0.0278219829531511
AXPY,2000000,AMD,2T,2,9.134937964801442e-05,0.0089318913808664,8.161723479148838e-07,96.86151377356136,0.0693518206044669,0.0572888894634275
AXPY,2000000,AMD,4T,4,4.963336327970785e-05,0.006299215718815,3.121274136151193e-07,126.9378522656306,0.0042922801831626,0.0025229347522304
AXPY,2000000,AMD,8T,8,3.076160202358288e-05,0.0052354963684783,1.6106123764616938e-07,169.92724839308633,0.0060623047644203,0.0034436073385617
AXPY,2000000,AMD,10T,10,2.765897684483878e-05,0.0050801733377714,1.407314836630201e-07,183.84791484810503,0.0037183238858999,0.0030728458696513
AXPY,2000000,AMD,16T,16,2.5097321509134627e-05,0.005103220145661,1.2825581245360093e-07,203.5090911199605,0.0121451831019028,0.0097511197621201
AXPY,2000000,AMD,20T,20,2.6020415803442592e-05,0.0053720525149453,1.3978427057855773e-07,206.110371173063,0.042929231372902,0.0279473953776572
AXPY,2000000,AMD,32T,32,3.212239157243986e-05,0.0064845864744661,2.0844482431532e-07,202.0879200682276,0.0049983579989195,0.0033659806647511
AXPY,2000000,AMD,64T,64,5.8926252988499234e-05,0.0107563078295847,6.337088260745905e-07,182.0192122607639,0.3802812514751313,0.3536284358175083
AXPY,2000000,INTEL,1T,1,0.0007112524125973,0.0312024271054493,2.220903719468128e-05,43.85548056971561,0.0049745092706963,0.0319638375103173
AXPY,2000000,INTEL,2T,2,0.000393834005084,0.0231564970576696,9.14224563867864e-06,58.673167188107485,0.0027033481212481,0.0086995797758921
AXPY,2000000,INTEL,4T,4,0.00019380497676,0.0157231420112599,3.0376021943078504e-06,81.33750790419818,0.0051072639630545,0.0197385795751128
AXPY,2000000,INTEL,8T,8,0.0001158926119644,0.0140936229965156,1.6361966701948626e-06,121.46948702754771,0.0141934861292512,0.0205976717140331
AXPY,2000000,INTEL,10T,10,0.0001029644156737,0.0138595244967132,1.4100407376922245e-06,134.66385170584215,0.0120493300577756,0.0131981901022458
AXPY,2000000,INTEL,16T,16,0.0001041743647156,0.0130342620367518,1.3643205101280937e-06,124.26160663689488,0.0139260768886664,0.0285130335071503
AXPY,2000000,INTEL,20T,20,0.0001078225028488,0.0144898218125134,1.5644779594518658e-06,134.44803785991974,0.0164152817293284,0.0284668105240625
AXPY,4000000,3090,gpu_resident,-1,5.962062718330849e-05,0.0211080936215829,1.257311666523025e-06,354.3684745942372,0.0012753223731191,0.0037908611244487
AXPY,4000000,5060ti,gpu_resident,-1,2.6613832286649455e-05,0.004748283570174,1.264051485184373e-07,178.41827965623884,0.0001260547321946,0.0020801848422708
AXPY,4000000,AMD,1T,1,0.0016302029310344,0.1189205492063492,0.0001935609589254,72.81793609963542,0.006678553019748,0.0100936525091118
AXPY,4000000,AMD,2T,2,0.000501312513986,0.0416046248294679,2.0908161847688677e-05,83.66843356659716,0.0158357781948454,0.0270724576297375
AXPY,4000000,AMD,4T,4,9.4077599269868e-05,0.0123719495330629,1.1601696159850266e-06,130.83324966747847,0.0156667646081225,0.0182100484528455
AXPY,4000000,AMD,8T,8,5.311182616487456e-05,0.0097197337822259,5.162681351993011e-07,183.040974973118,0.0101822526833183,0.0050050345850137
AXPY,4000000,AMD,10T,10,4.571113281391968e-05,0.0093069157645466,4.272371837586566e-07,203.89831447495172,0.004940212509933,0.0041951256974297
AXPY,4000000,AMD,16T,16,3.638155938582232e-05,0.0088469802622328,3.216081306959393e-07,242.97633988791023,0.0134289922979242,0.0079386896481908
AXPY,4000000,AMD,20T,20,3.550726481947348e-05,0.0090086922102706,3.201509051797223e-07,252.75746888740235,0.010550591594245,0.0055344338158491
AXPY,4000000,AMD,32T,32,3.939969545525535e-05,0.009892699340153,3.897693864470348e-07,251.3636727256675,0.3102754555858711,0.2786360165591476
AXPY,4000000,AMD,64T,64,6.442736635872297e-05,0.0142136674535725,9.171336508933276e-07,221.05041377365004,0.0045712148371046,0.0043719264219761
AXPY,4000000,INTEL,1T,1,0.0018037587543554,0.0794203098958333,0.0001426223061076,44.23628423525179,0.0035761438415244,0.0188447060932142
AXPY,4000000,INTEL,2T,2,0.0010335956293814,0.0591315577319587,6.123139241887182e-05,57.08524148398139,0.0030679217271819,0.0149081370746563
AXPY,4000000,INTEL,4T,4,0.0008423746546644,0.0596070707855973,5.023629122486651e-05,70.49807905346162,0.002001442061828,0.0233744618383858
AXPY,4000000,INTEL,8T,8,0.000763970383378,0.07141745625,5.447566059523381e-05,93.09595585834836,0.0096109853197292,0.0132779762629327
AXPY,4000000,INTEL,10T,10,0.0007193876882183,0.0734693124610592,5.29476934523345e-05,102.45404050579585,0.0078131115243957,0.0198811047455144
AXPY,4000000,INTEL,16T,16,0.0006869737827608,0.070076063767168,4.734541952845671e-05,103.25685293580432,0.0198220479018543,0.0239384054142006
AXPY,4000000,INTEL,20T,20,0.0007757265463451,0.0816096684931506,6.30474946746542e-05,105.172679545724,0.0032101080083996,0.0308252123421987
AXPY,8000000,3090,gpu_resident,-1,0.0001163913953095,0.0411490524357632,4.785243675121812e-06,353.8470836033578,0.0005336499702735,0.0026427781952069
AXPY,8000000,5060ti,gpu_resident,-1,0.0002430642955982,0.0230670511896178,5.602463981214763e-06,95.36831324599748,0.0027378232353907,0.0069883716390925
AXPY,8000000,AMD,1T,1,0.003244049843042,0.2394993012820512,0.0007812704406719,74.28900565567218,0.0117437276108344,0.0180020861129369
AXPY,8000000,AMD,2T,2,0.0021232570454545,0.1724496902286902,0.0003680338227962,80.89002802852508,0.0043273514879158,0.0177672300981113
AXPY,8000000,AMD,4T,4,0.0006444223438617,0.0660079394358407,4.150925429916209e-05,103.55615938561988,0.0290943273866804,0.04837555618238
AXPY,8000000,AMD,8T,8,0.0001039641709004,0.0193283487711689,2.009053606104036e-06,185.8870816647249,0.0699780228644019,0.0387062552267962
AXPY,8000000,AMD,10T,10,0.0001402965722991,0.0231783369806094,3.250634445568111e-06,165.65159076941694,0.0416682338098016,0.0129722792453773
AXPY,8000000,AMD,16T,16,6.082393809295064e-05,0.016483473291484,1.0056689386741435e-06,270.3723874194884,0.0136564938137777,0.0103027777924153
AXPY,8000000,AMD,20T,20,7.928620977214e-05,0.0189453267167802,1.500142628230349e-06,238.68937553185825,0.0708801057348299,0.037901787532183
AXPY,8000000,AMD,32T,32,5.1988345087510966e-05,0.0139876325374961,7.267372843729148e-07,269.0385025768005,0.1944248715422417,0.1778344716094182
AXPY,8000000,AMD,64T,64,7.627604076783828e-05,0.0201663172424196,1.5382685536726351e-06,267.20958484196296,0.0213607935480173,0.0376520565367945
AXPY,8000000,INTEL,1T,1,0.004047255515873,0.1792958849206349,0.0007246260857069,44.41716765486281,0.0056822927172882,0.0465507544706257
AXPY,8000000,INTEL,2T,2,0.0025682125525641,0.1427214961832061,0.0003644226171869,55.918960321521794,0.0041763179949981,0.0393394673180363
AXPY,8000000,INTEL,4T,4,0.0021811223891304,0.1468873380743982,0.00032211239561,67.02263220542702,0.0035730131730019,0.0310784206878191
AXPY,8000000,INTEL,8T,8,0.002164647325431,0.1981673588362069,0.0004292015549598,91.47434279853306,0.0021658664470741,0.0201192406130405
AXPY,8000000,INTEL,10T,10,0.0022126466169977,0.2253699856512141,0.0004985697618728,101.89103432222272,0.0036400398004663,0.0432126116656313
AXPY,8000000,INTEL,16T,16,0.002248284912556,0.2204877109375,0.0004931923694662,98.57174291766664,0.0042003992167417,0.0264536571351351
AXPY,8000000,INTEL,20T,20,0.0023575665070588,0.2349888333333333,0.0005532533731433,100.28626797770688,0.0077848477139073,0.0238477003795105
AXPY,16000000,3090,gpu_resident,-1,0.000230460056682,0.0813677486187845,1.873562875438196e-05,353.37541172914825,0.0009475920324535,0.0050218415372305
AXPY,16000000,5060ti,gpu_resident,-1,0.0004852657011633,0.0463498062015503,2.2493325606295025e-05,95.50853360123187,8.327543912175441e-05,0.0049957237732662
AXPY,16000000,AMD,1T,1,0.0065877445888157,0.4791474738562091,0.0031586259404042,72.6610106775321,0.0027696645213819,0.0109771090416192
AXPY,16000000,AMD,2T,2,0.0043709495502183,0.3523739475982532,0.0015402040324112,80.51681690712476,0.0011669037653164,0.0119570456705934
AXPY,16000000,AMD,4T,4,0.003545385798305,0.3280951105442177,0.0011626632627868,92.59283861386515,0.0028669394582749,0.0554457660759179
AXPY,16000000,AMD,8T,8,0.0010246587730524,0.1163629485614646,0.000120477684868,112.69231935630488,0.0222016241007786,0.029071885101633
AXPY,16000000,AMD,10T,10,0.0014949723080094,0.1621701248513674,0.0002443996215641,108.34762984160416,0.0081409558729963,0.0387239944984495
AXPY,16000000,AMD,16T,16,0.0009770845425963,0.1322890793319415,0.0001345364584866,132.65355706798954,0.0297255349744233,0.0421641955965951
AXPY,16000000,AMD,20T,20,0.0019498486237113,0.2168673814432989,0.0004229288971202,111.49676836458464,0.0033963462888149,0.0169585484972028
AXPY,16000000,AMD,32T,32,0.0007951313779761,0.133860074074074,0.0001064103801166,168.05579722341324,0.0585168303173222,0.0492664378129175
AXPY,16000000,AMD,64T,64,0.0009040415983542,0.154205592476489,0.0001394201966327,170.596986647876,0.0260141613077502,0.0225762763156725
AXPY,16000000,INTEL,1T,1,0.0087135024870689,0.3860928034188034,0.0033442801092841,44.5001250826892,0.0045479088726408,0.0070634500406827
AXPY,16000000,INTEL,2T,2,0.0056624264463276,0.3140905932203389,0.0017778326146482,55.46119113578553,0.0040812250582381,0.0197749137439284
AXPY,16000000,INTEL,4T,4,0.0049420484583333,0.3430466200980392,0.0016977910059351,69.41111621518445,0.002691174315991,0.0102039446959084
AXPY,16000000,INTEL,8T,8,0.0049253517647058,0.4546037867647058,0.0022375654319387,92.36136787230252,0.00320392427205,0.0168600809813239
AXPY,16000000,INTEL,10T,10,0.0051015246096938,0.525640078680203,0.0026810309662919,103.0564350156829,0.0009072210950389,0.0332764104903103
AXPY,16000000,INTEL,16T,16,0.0051318424668367,0.5005749719387755,0.0025680415199877,97.59153171202308,0.0038328119823932,0.0254449026613877
AXPY,16000000,INTEL,20T,20,0.0054453757961956,0.5635568858695652,0.0030684416456672,103.50916423442852,0.0008655589939332,0.0110906700947273
AXPY,32000000,3090,gpu_resident,-1,0.0004571387360603,0.1609741773308958,7.359209818081781e-05,352.1123385659202,0.0004205211214821,0.005410123210403
AXPY,32000000,5060ti,gpu_resident,-1,0.000969943542677,0.0926299709020368,8.992119720596287e-05,95.42232787373902,0.0004259087178584,0.0130291982811571
AXPY,32000000,AMD,1T,1,0.0130913849025974,0.9609959025974026,0.0125773082306138,73.42030949025275,0.0054545600850025,0.0059533543753265
AXPY,32000000,AMD,2T,2,0.0086711227974137,0.694864051724138,0.0060192612143818,80.21518227717502,0.0010207884553469,0.008396204805828
AXPY,32000000,AMD,4T,4,0.0072059067697841,0.7190430607142857,0.0051761553395474,99.894232692621,0.0006543543607931,0.044149567227098
AXPY,32000000,AMD,8T,8,0.007117924081081,0.7265261466666666,0.0051520169195709,102.43483667380508,0.0028302503777137,0.0858269347078041
AXPY,32000000,AMD,10T,10,0.0067739629620253,0.768145082278481,0.0052034416917501,113.40400857734645,0.0032588290064946,0.0724996924027767
AXPY,32000000,AMD,16T,16,0.0071551698633333,0.8687790469798659,0.0062165265915536,121.41960706491768,0.0007298000700077,0.0392472263021082
AXPY,32000000,AMD,20T,20,0.0074696579893617,0.913719102112676,0.006821423169146,122.37100047140392,0.0041874242680682,0.0295128676574927
AXPY,32000000,AMD,32T,32,0.007182893117647,1.0739851928104571,0.0077166021110465,149.6320266313685,0.0014826477627384,0.0051396846339009
AXPY,32000000,AMD,64T,64,0.0073595509597315,1.1382602414965983,0.0083796083117771,154.59858651064593,0.0102874838208638,0.0141297194439851
AXPY,32000000,INTEL,1T,1,0.0179444399821428,0.7995688571428572,0.0143462318421662,44.562946451074026,0.0005197096281906,0.0229131978832698
AXPY,32000000,INTEL,2T,2,0.0118402058823529,0.6578650294117647,0.0077986127113667,55.45103833284221,0.0028396926464476,0.0136066521123228
AXPY,32000000,INTEL,4T,4,0.0104065394639175,0.7070898385416666,0.0073637972842638,67.89652067533109,0.0029959399176491,0.0249358346528249
AXPY,32000000,INTEL,8T,8,0.0104491516875,0.9475782291666666,0.0098968859812265,90.7025407693964,0.0020344925327163,0.0194168829470275
AXPY,32000000,INTEL,10T,10,0.0108045909784946,1.097097564516129,0.011845727686201,101.60820021021324,0.0004224713743658,0.0127998348646686
AXPY,32000000,INTEL,16T,16,0.0107834595376344,1.037552010752688,0.0111916482234144,96.16654764839508,0.0071801021292453,0.0352336141746184
AXPY,32000000,INTEL,20T,20,0.0114982493563218,1.1811587931034482,0.0135849868527462,102.66774739404728,0.0004808239916837,0.0212617671998517
AXPY,64000000,3090,gpu_resident,-1,0.0009122411909753,0.3225813636363637,0.00029419141419,353.70408958061944,0.0004391066508455,0.0046710940868785
AXPY,64000000,5060ti,gpu_resident,-1,0.0019394992199612,0.1831434108527131,0.0003552845871292,94.40744171344323,0.0001883737090622,0.008161524378957
AXPY,64000000,AMD,1T,1,0.0260446745384615,1.9038977307692304,0.0494601959683501,72.88541594209522,0.0037523854522778,0.0102852403902743
AXPY,64000000,AMD,2T,2,0.0171673583305084,1.3801869576271186,0.0236851717051044,80.46454133934438,0.0019030897814431,0.0052252857406324
AXPY,64000000,AMD,4T,4,0.0143190379214285,1.3367994785714286,0.0191564232670707,93.31865801709878,0.0005865860318733,0.0350423544420936
AXPY,64000000,AMD,8T,8,0.0144754048785714,1.75740445,0.0254226875256825,121.4685905344661,0.0006947671006223,0.0566588395021801
AXPY,64000000,AMD,10T,10,0.0146045234347826,1.5587761811594203,0.0227646552550382,106.74520329955357,0.0007273984378236,0.0341705469332257
AXPY,64000000,AMD,16T,16,0.0146417468695652,1.7912472898550724,0.0262099518937299,122.41788423442328,0.0007854118991515,0.0380998847188115
AXPY,64000000,AMD,20T,20,0.0159791257936507,1.9563508492063493,0.0312114389239777,122.41489632572876,0.0008818516885521,0.0219170301699858
AXPY,64000000,AMD,32T,32,0.0148558624191176,2.220277970588235,0.0329849811893696,149.45087405952927,0.0016348793492823,0.0076487022443339
AXPY,64000000,AMD,64T,64,0.0151145738208955,2.3410227611940297,0.0353921146533985,154.95279108185264,0.0005656164758812,0.0065043661648927
AXPY,64000000,INTEL,1T,1,0.0364743977678571,1.5859683214285714,0.0578757224794352,43.47769559455804,0.0006903731487903,0.0165933270025352
AXPY,64000000,INTEL,2T,2,0.0243317107857142,1.3435845357142857,0.0326096456453322,55.33458350871264,0.0034189825164518,0.0243009124301733
AXPY,64000000,INTEL,4T,4,0.0211948979895833,1.4364059479166666,0.0304683608095089,67.64171138751294,0.0020764995788637,0.0147088456652489
AXPY,64000000,INTEL,8T,8,0.021377616393617,1.9775365957446809,0.0422750195148135,92.4251132143172,0.0016341492938489,0.0129416147062146
AXPY,64000000,INTEL,10T,10,0.0219365939456521,2.216380532608696,0.0486222306446325,101.0307961569076,0.0003422392651829,0.0141955920648433
AXPY,64000000,INTEL,16T,16,0.0220819367717391,2.109057119565217,0.0465629942952622,95.50651044144828,0.0008107168683989,0.0135588460960699
AXPY,64000000,INTEL,20T,20,0.0233100901704545,2.409547534883721,0.0561657063084025,103.37125218572874,0.0003966224194254,0.0304406414584356
AXPY,128000000,3090,gpu_resident,-1,0.0018178801125226,0.6394210526315789,0.0011621475679723,351.7795653931447,0.0001362204296706,0.0029261343887479
AXPY,128000000,5060ti,gpu_resident,-1,0.0038810802934362,0.368027027027027,0.0014276702824456,94.91868359010752,0.0002166946236511,0.0060759963928598
AXPY,128000000,AMD,1T,1,0.0520653388,3.7364206,0.1941837877663749,71.90205391981604,0.0032322042439833,0.0077091218034625
AXPY,128000000,AMD,2T,2,0.0341204419666666,2.7282957,0.0928314747824619,79.8392122068191,0.0015065117373684,0.0058152136116876
AXPY,128000000,AMD,4T,4,0.028491369,2.509045638888889,0.0714058219336824,88.23603309529813,0.0011460711501835,0.0132700611311345
AXPY,128000000,AMD,8T,8,0.0287828625142857,2.886547885714286,0.0830383031911307,100.34114949563303,0.000899606462106,0.0410554000262485
AXPY,128000000,AMD,10T,10,0.0290191777285714,3.0163976142857143,0.087500152070032,103.98098432722358,0.0005953476165202,0.0211821923937941
AXPY,128000000,AMD,16T,16,0.0291403669142857,3.4496202,0.1005530232066297,118.31022806629016,0.0005361032977897,0.056195544541721
AXPY,128000000,AMD,20T,20,0.031924009203125,3.87120278125,0.1236387008406268,121.20970970219112,0.0002895439650287,0.0346662600258995
AXPY,128000000,AMD,32T,32,0.0295813783970588,4.435619750000001,0.1312083599099187,149.95829579980654,9.768662964922844e-05,0.0032658189581614
AXPY,128000000,AMD,64T,64,0.0300158363529411,4.6590361323529415,0.139756148542527,155.1571850627947,0.000337764265694,0.0032739739829937
AXPY,128000000,INTEL,1T,1,0.0733036821785714,3.2723479285714285,0.239765895460189,44.6674719521762,0.0006963062262792,0.0443115381808189
AXPY,128000000,INTEL,2T,2,0.0491355350238095,2.710945071428571,0.1333432618283533,55.07615515782563,0.0019375107643339,0.0325401149821385
AXPY,128000000,INTEL,4T,4,0.0429622874166666,2.9245441875,0.1257187484753914,67.98334745100237,0.0029579417486223,0.0216599999449503
AXPY,128000000,INTEL,8T,8,0.0431929058541666,3.9874699375,0.1722543178661141,92.2157550686835,0.0012834840069085,0.013037644389903
AXPY,128000000,INTEL,10T,10,0.0439143605652173,4.4818425,0.1968415921188353,102.0460766434728,0.0001771159818485,0.0100651100379196
AXPY,128000000,INTEL,16T,16,0.044571998173913,4.268407086956522,0.1902498877368724,95.76509855499737,0.0004068041729493,0.0389283945289006
AXPY,128000000,INTEL,20T,20,0.0465912333181818,4.8209313181818185,0.2245914330728254,103.4829265616076,0.000291785899004,0.0297201655100656
AXPY,256000000,3090,gpu_resident,-1,0.003627064298913,1.2767771739130436,0.0046313360925629,351.9893685903122,0.0002293522486324,0.0034086582707515
AXPY,256000000,5060ti,gpu_resident,-1,0.0077655605271317,0.7406666666666666,0.0057521846931215,95.37406922398324,0.0001695642805384,0.0079153910957247
AXPY,256000000,AMD,1T,1,0.1035646594999999,7.42849615,0.7714769924342026,71.2182305550853,0.0035407963424202,0.0107571629923712
AXPY,256000000,AMD,2T,2,0.0676616499999999,5.4306853,0.3676506306042464,80.40710354401648,0.0016526608114367,0.0036795577651375
AXPY,256000000,AMD,4T,4,0.0566309795,5.031608638888889,0.2847972322395216,88.89973913507899,0.0008990323952697,0.0129928803456526
AXPY,256000000,AMD,8T,8,0.0571047852777777,5.721970416666666,0.326747131661558,100.20270211936015,0.0001795818904614,0.0112377703907847
AXPY,256000000,AMD,10T,10,0.0576936032777777,5.973833777777778,0.344598225921269,103.54216454082233,0.0004389205783584,0.0197388039983818
AXPY,256000000,AMD,16T,16,0.0579634262222222,6.836452,0.3964228434487938,117.93978625903738,0.0003444348120431,0.0522828107601051
AXPY,256000000,AMD,20T,20,0.063671450875,7.7105454375,0.4909444774584826,121.0982415635275,0.0006188839069746,0.0421124036528276
AXPY,256000000,AMD,32T,32,0.0589129512058823,8.826455911764707,0.5200563549187378,149.79256749284804,0.0002537435829718,0.0048792507041302
AXPY,256000000,AMD,64T,64,0.0597122620294117,9.288174647058824,0.5548229118483523,155.54879559407587,0.0002622690181229,0.003929339792494
AXPY,256000000,INTEL,1T,1,0.1462900028571429,6.505018714285715,0.952599992005285,44.41654131082651,0.0023356543682633,0.010206520813797
AXPY,256000000,INTEL,2T,2,0.0992485558636363,5.514698136363636,0.5441546479108327,55.84864849684456,0.0027678182360524,0.040677206031432
AXPY,256000000,INTEL,4T,4,0.0867769850833333,5.893778666666666,0.5112432328423568,67.95009908177596,0.0022932271743461,0.0141820615713611
AXPY,256000000,INTEL,8T,8,0.0867070756249999,8.001006958333333,0.693546254128897,92.05923468302404,0.0022103476093699,0.0169054542512515
AXPY,256000000,INTEL,10T,10,0.0879111910833333,9.046455125,0.7953921577270626,102.8905681763523,0.0009055852467097,0.0421264132600313
AXPY,256000000,INTEL,16T,16,0.08917067,8.655798041666667,0.7723672107667581,97.00417400940395,0.0004128215906371,0.0103738224305097
AXPY,256000000,INTEL,20T,20,0.092894765,9.671952909090908,0.8985025783468825,104.11476987380271,0.0003664947888273,0.0160143771016226
CONV2D,1,3090,gpu_resident,-1,0.0003114451813407,0.1065770775409329,3.318029078511065e-05,342.6201933508904,0.475456545754056,0.7470177609396319
CONV2D,1,5060ti,gpu_resident,-1,0.0007166533381088,0.1198900429799427,8.592193468997175e-05,167.28699681777482,0.1984787292737259,2.1971805364437147
CONV2D,1,AMD,1T,1,0.0580188854166666,4.513918666666667,0.2629295657354549,77.48862506815888,0.0095056394891562,0.7929449035265377
CONV2D,1,AMD,2T,2,0.0291960060857142,2.8118081,0.0820693290249946,96.10978708190312,0.2714227751129905,0.3511140955885328
CONV2D,1,AMD,4T,4,0.0143660886785714,1.9024574859154928,0.0272527302068629,132.16346908958172,0.7487323358266945,0.4238794563353523
CONV2D,1,AMD,8T,8,0.0071988618273381,1.436976713768116,0.0103512420215695,199.58041933818768,0.2184915049387348,0.0749456793473687
CONV2D,1,AMD,10T,10,0.0058883297836257,1.3504036666666668,0.0079477233642794,229.28844278433377,0.1426030725739322,0.0236920375556674
CONV2D,1,AMD,16T,16,0.0037927238890977,1.0872644022556393,0.0041234007463935,286.791495932691,0.4587549429879916,0.4195478111088104
CONV2D,1,AMD,20T,20,0.0031414105815047,0.9009298228840126,0.0028301906321943,286.9578861795057,1.0544353068362704,0.980552327280328
CONV2D,1,AMD,32T,32,0.0021982584226579,0.5786336383442265,0.0012720885942809,263.16936510167466,0.3966863112912115,0.491691503939778
CONV2D,1,AMD,64T,64,0.0022112709112554,0.5902663311688312,0.0013048297345362,266.8463417738949,0.2224800871281186,0.315187889376181
CONV2D,1,INTEL,1T,1,0.0365683902321428,2.179030055555556,0.0799133954558941,59.62243591625499,0.5893582845234604,0.2569775664202688
CONV2D,1,INTEL,2T,2,0.0189302079629629,1.490594461538462,0.0283762207198502,78.83650380282948,1.357525605383527,1.3789414084046046
CONV2D,1,INTEL,4T,4,0.0098639487621359,1.03561042,0.010355170688908,106.54885545996136,2.3013236624733664,2.272828917489201
CONV2D,1,INTEL,8T,8,0.005496807090909,0.8130311546391753,0.0044813889019571,148.51810877382383,2.2832268526006563,0.7853808571164745
CONV2D,1,INTEL,10T,10,0.0045561655357142,0.7349544012605043,0.0034123337262602,163.95389988189004,6.685465901739438,1.0859097050646702
CONV2D,1,INTEL,16T,16,0.0051019395048309,0.7997979468599035,0.0040843886977572,156.38492820045775,4.42627611347968,0.8332246805099726
CONV2D,1,INTEL,20T,20,0.0045348652400881,0.7182687139639639,0.0032550984654399,159.03307540352688,0.7814565497569773,1.655884468556129
CONV2D,2,3090,gpu_resident,-1,0.0002893070187211,0.0979851670506912,2.8346523125624988e-05,338.70446509467223,0.3470281300613126,0.5139347521796982
CONV2D,2,5060ti,gpu_resident,-1,0.0005828563919627,0.0924463869463869,5.388019495007685e-05,158.61736335242776,0.0102152767540136,0.148561849399974
CONV2D,2,AMD,1T,1,0.0337962657833333,2.5258530500000003,0.0853674391548843,74.65409722663824,2.906328305687952,2.231226950858773
CONV2D,2,AMD,2T,2,0.016445322,1.51065818852459,0.0248261308035333,92.45447955649546,2.951392327497926,1.6693217519359609
CONV2D,2,AMD,4T,4,0.0075068488571428,0.9603028421052632,0.0072173419232179,127.98004154986369,0.5336650586019731,0.2916244882009061
CONV2D,2,AMD,8T,8,0.0038291366278195,0.7276963679245283,0.0027802654705793,189.8552015004529,0.529670283812724,0.3168980182893113
CONV2D,2,AMD,10T,10,0.0031099920869565,0.6817055,0.0021216440558077,219.5064286386562,0.4418234466517069,1.026281890162384
CONV2D,2,AMD,16T,16,0.0019994620266798,0.5726117303149607,0.0011450699887862,286.55038820481434,0.0383774787373959,0.1285053705664635
CONV2D,2,AMD,20T,20,0.0016444488265802,0.4716930081037277,0.0007756750110339,286.86547553692867,0.4608614403642444,0.3993374771698637
CONV2D,2,AMD,32T,32,0.0011579776864988,0.3157316819221968,0.0003656102609874,272.45141762693095,0.909076004674832,1.4303547617147043
CONV2D,2,AMD,64T,64,0.001190527613744,0.3022220253537735,0.0003594420046951,254.3251383528488,0.3226298049005041,0.3645354646852958
CONV2D,2,INTEL,1T,1,0.0195394670490196,1.1776363,0.0235019279785036,59.4310169075106,3.306865611495524,1.7771411685874068
CONV2D,2,INTEL,2T,2,0.0101917221938775,0.8140106789473682,0.0082326347016546,79.39014080846854,2.736832749701904,1.2610084346348305
CONV2D,2,INTEL,4T,4,0.0053186961329787,0.562641539893617,0.0029754478856621,105.802438987812,0.7440204083394278,1.506642241032836
CONV2D,2,INTEL,8T,8,0.0028661016988636,0.4258977485795454,0.0012216330060497,149.31179292281487,3.3596209535151,3.856687832093751
CONV2D,2,INTEL,10T,10,0.0023674438376168,0.3934565298329355,0.00093475275937,165.85688960549666,3.9844888861968006,1.0786481850365377
CONV2D,2,INTEL,16T,16,0.0027300620365853,0.4201816717877095,0.0011487520495765,153.5153824156209,4.055264747964034,0.184403498653376
CONV2D,2,INTEL,20T,20,0.0023610855511727,0.3791731833688699,0.0008969229826298,160.1342543945515,2.700304301411798,0.2650569644634818
CONV2D,3,3090,gpu_resident,-1,0.0002380348142352,0.0784748464808691,1.8652604101657136e-05,331.43452204395624,0.4610480636349975,0.4577527385935268
CONV2D,3,5060ti,gpu_resident,-1,0.0004731176098644,0.084270028275212,3.983201198982845e-05,177.82615790765743,0.0848130647633392,0.2669470868304555
CONV2D,3,AMD,1T,1,0.0310757721666666,2.372895015151516,0.0737713340939017,76.35326773485343,0.8912189225042141,0.9058944974586264
CONV2D,3,AMD,2T,2,0.0149275039626865,1.4271104626865672,0.0213005112076088,95.38920984159635,0.1203593362491814,0.2104907622490377
CONV2D,3,AMD,4T,4,0.007419971537037,0.9717812888888888,0.0072104369054,130.86562594611507,0.2063343237792252,0.6928030829850682
CONV2D,3,AMD,8T,8,0.0037727315770676,0.7390405582706767,0.0027881788623906,195.7016509736878,0.5510203369903794,0.2506592318112901
CONV2D,3,AMD,10T,10,0.0031042082962962,0.6967087593167702,0.0021627524008282,224.5153646989791,0.1561318247085816,0.0630220033148273
CONV2D,3,AMD,16T,16,0.0019796545701581,0.5679677262845849,0.0011245750034373,286.78347940458445,0.09447647196549,0.2315492439976393
CONV2D,3,AMD,20T,20,0.0016642344595041,0.477626873553719,0.0007948831013302,286.93305624135496,0.171889156292519,0.180540428293264
CONV2D,3,AMD,32T,32,0.0011554848568985,0.3091019224629418,0.0003571627377296,267.5751818174992,0.1361751877058213,0.3602528903760443
CONV2D,3,AMD,64T,64,0.0011875674852594,0.2996115106257379,0.0003545213331255,253.067928759784,0.6891661177954574,0.4910723366356054
CONV2D,3,INTEL,1T,1,0.0188871943679245,1.1311252692307692,0.0217190467190791,58.99019872230921,2.418825203877219,2.2275432862311275
CONV2D,3,INTEL,2T,2,0.0091348010545454,0.7475416954545455,0.0070584752255578,79.21724526811961,4.845596666083393,1.6401026156387228
CONV2D,3,INTEL,4T,4,0.0048433920047846,0.5178184191919192,0.0024908104278586,106.19041886252542,0.75289334934643,1.5528008773490232
CONV2D,3,INTEL,8T,8,0.002623572220052,0.3915166341145834,0.001028114452294,143.65824466360348,6.344992788721985,3.6720903190475376
CONV2D,3,INTEL,10T,10,0.0022424372312373,0.358497366972477,0.0008168508949091,162.34280631687687,3.7097673671210174,1.898533675942724
CONV2D,3,INTEL,16T,16,0.0025625471243654,0.4101718705583756,0.0010516477261296,155.18962424485582,6.342982007350566,0.4881543883645226
CONV2D,3,INTEL,20T,20,0.0022411155,0.3907400053763441,0.000886046111758,174.79753799216428,7.710985602252039,1.759782900422243
CONV2D,4,3090,gpu_resident,-1,0.0003062447918572,0.1001294602012808,3.067337682275305e-05,327.0043278489277,0.1226060521304841,0.0782667628568136
CONV2D,4,5060ti,gpu_resident,-1,0.0004846154214079,0.0861506518590053,4.162082554943685e-05,177.80523568975954,0.0695507493477548,0.6323230724004018
CONV2D,4,AMD,1T,1,0.0304817714848484,2.3210360909090912,0.0707901557717341,76.06053207516692,0.5419395479757884,0.2895838053828651
CONV2D,4,AMD,2T,2,0.0151544456515151,1.427058318181818,0.0216458119265154,94.23050861535124,0.2853124772678663,0.3833657864244909
CONV2D,4,AMD,4T,4,0.0075973408947368,0.967936030075188,0.0073641295410768,127.37112734045256,0.3185117479390651,0.2080434988717628
CONV2D,4,AMD,8T,8,0.003864740007722,0.7295719343629343,0.0028206703390013,188.8515654322137,0.7849972920236824,0.4132997098697429
CONV2D,4,AMD,10T,10,0.003130842965625,0.6806244565217391,0.0021275305677772,217.00384362466352,0.3473428817255355,0.3023501967319797
CONV2D,4,AMD,16T,16,0.0020041032748015,0.574994626984127,0.0011525239522293,286.7667896118324,0.5589414515662141,0.6427701803822209
CONV2D,4,AMD,20T,20,0.0016870654521812,0.4834760989932886,0.000816121597811,286.8913704954379,0.579005920723232,0.4201619341418253
CONV2D,4,AMD,32T,32,0.0011607068039772,0.3173800539772727,0.0003683663670217,273.64112986615106,1.122542382243749,1.314961679630273
CONV2D,4,AMD,64T,64,0.0011965880670225,0.2903272330960854,0.0003476391931357,242.3507619531657,0.6180017976891531,0.3938008182248459
CONV2D,4,INTEL,1T,1,0.022894172215909,1.4817138837209305,0.0339605638898411,63.173118173654544,2.9085227046832287,5.066537456459316
CONV2D,4,INTEL,2T,2,0.0114242974942528,0.8941399540229885,0.01022024768341,78.00657085421783,3.940017324843836,2.300454807145325
CONV2D,4,INTEL,4T,4,0.0056336019353932,0.5916,0.0033345339900472,104.30949510772372,1.361472978691716,0.3450665723538644
CONV2D,4,INTEL,8T,8,0.0030713290945121,0.451609993902439,0.0013875874031286,146.5348079192957,3.013892874171911,2.3628819497912943
CONV2D,4,INTEL,10T,10,0.0025760560875634,0.410718193902439,0.0010562356384894,159.76540437193415,1.7958661105323683,0.2624801743625631
CONV2D,4,INTEL,16T,16,0.002606036418575,0.4146873237704918,0.0010858325138522,157.27360791663892,2.3169185823473795,0.8741392761360404
CONV2D,4,INTEL,20T,20,0.002491494742647,0.430116029040404,0.0011008014039825,177.36471149417392,6.349080402290435,0.4355771861775112
CONV2D,5,3090,gpu_resident,-1,0.0004733076907677,0.1587692853762423,7.516846282475107e-05,335.31031926043886,0.1215970382883323,0.217202531285645
CONV2D,5,5060ti,gpu_resident,-1,0.0010487651956087,0.1862388282025819,0.0001949508020594,178.32506534848417,0.1587213024962925,0.6517967595058939
CONV2D,5,AMD,1T,1,0.0935557904090909,6.784058454545454,0.6318490920556734,72.47471665254024,1.8672699450215973,2.192031358059567
CONV2D,5,AMD,2T,2,0.0494658983333333,4.139881928571429,0.2048383554482504,83.54212436915256,7.176492472195306,6.2473918365891405
CONV2D,5,AMD,4T,4,0.0257072899875,2.713870075,0.0697123991123103,105.47331909656192,9.581299359112384,2.5380811421121314
CONV2D,5,AMD,8T,8,0.011591291091954,1.7905085057471264,0.0207881334704063,155.05838027208927,1.7012670810301525,0.5315476479294879
CONV2D,5,AMD,10T,10,0.0098475020194174,1.7195312619047618,0.0169218661586511,173.0800090253537,0.6994138577355266,1.4627001523877248
CONV2D,5,AMD,16T,16,0.0059614922982456,1.4099855789473683,0.0083964372160376,236.58215144604785,6.517456578016657,2.7288946704887893
CONV2D,5,AMD,20T,20,0.0051717255979381,1.364837482142857,0.007076170229507,264.4724789483839,0.6527994094399434,0.1788568026656078
CONV2D,5,AMD,32T,32,0.0030901042752293,0.8868942293577982,0.0027402481620032,286.94086732216044,0.1896549000695142,0.2391286834768385
CONV2D,5,AMD,64T,64,0.0028799458508522,0.7427797698863636,0.0021387264510902,257.6772095096608,0.2196971554132971,0.6668643418023982
CONV2D,5,INTEL,1T,1,0.0456709579318181,2.7529857045454547,0.1281601858300956,61.11749123926417,2.795171449458832,11.87998719472926
CONV2D,5,INTEL,2T,2,0.0227369961999999,1.9037506777777773,0.0433474532327068,83.58654544525206,1.5154725845448056,1.6455175834100513
CONV2D,5,INTEL,4T,4,0.0121015435738636,1.297084237804878,0.0158280111641947,105.04985169240986,2.720340452063025,2.2644408696100724
CONV2D,5,INTEL,8T,8,0.0067268879019607,1.0133582843137252,0.0068104071602238,148.58733484594035,2.0783732363738268,3.210862286598933
CONV2D,5,INTEL,10T,10,0.0063174054813664,1.0173943726708077,0.0064295002829032,158.61705137309923,0.3711866113327676,0.3550974688147181
CONV2D,5,INTEL,16T,16,0.0068892084246575,1.0773361493055558,0.0074351761578706,155.20558112182903,0.9920056351471758,0.8155079600301227
CONV2D,5,INTEL,20T,20,0.0064635845961538,1.0498521855345913,0.0067676192761994,161.22526787384257,0.7099262870816239,1.0398855154006494
CONV2D,6,3090,gpu_resident,-1,0.0007474163896627,0.2526645894428152,0.0001888588882384,339.9150058830869,0.4978846202716931,1.6140627040191664
CONV2D,6,5060ti,gpu_resident,-1,0.0012177912001216,0.2179719512195121,0.0002658100575788,178.82690867520347,0.1092988724516515,0.1728945358651863
CONV2D,6,AMD,1T,1,0.1211086398333333,9.190166333333334,1.1111251500561932,75.66281907045095,0.9274384756081075,3.279170063624877
CONV2D,6,AMD,2T,2,0.0608879819117647,5.507739529411765,0.3355467236888535,90.48433700388364,0.2439714320615923,1.2994542017301536
CONV2D,6,AMD,4T,4,0.0307383907727272,3.6725041969696974,0.1129547531189052,119.38365310682892,0.4400413881606429,1.0680581639696105
CONV2D,6,AMD,8T,8,0.0158110545078125,2.7522819062500004,0.043514988448668,174.470261516155,0.5326830001021264,1.20806185411382
CONV2D,6,AMD,10T,10,0.01271476694375,2.54486484375,0.0323997735445733,200.0898517608104,0.0773815351104395,0.997148119364676
CONV2D,6,AMD,16T,16,0.0086087858135593,2.249133093220339,0.0193618143868958,261.2408138104873,0.2658221163781348,0.1210270198252552
CONV2D,6,AMD,20T,20,0.0071839707428571,2.060922310714286,0.0148044440333409,286.7840851524644,0.2618787648697617,0.1120570602294795
CONV2D,6,AMD,32T,32,0.0057522896522988,1.577701448275862,0.0090759053178021,274.25824462046626,0.1326998630184824,0.5658563735348717
CONV2D,6,AMD,64T,64,0.0058180355289017,1.4056095578034682,0.0081720083071273,242.15368103600355,0.3791163365457706,1.0646982903850024
CONV2D,6,INTEL,1T,1,0.0712388973928571,4.30705525,0.3105792790568735,59.84318418363152,1.7886890898563357,1.2700325483402697
CONV2D,6,INTEL,2T,2,0.0359557475357142,2.951530703703704,0.1066168913269777,80.24176494706263,4.571088322398747,2.2564597415610885
CONV2D,6,INTEL,4T,4,0.0191116566981132,2.06094969,0.0396897657737595,104.69570276402072,3.2389101895402583,3.066273701467384
CONV2D,6,INTEL,8T,8,0.0110582729315789,1.6486653789473684,0.0182439075425047,148.31094401015952,1.0627056057304292,2.431692644235006
CONV2D,6,INTEL,10T,10,0.0098974679660194,1.5926298834951456,0.0157684921038201,158.9529923988963,0.9926992658062852,0.665018747365252
CONV2D,6,INTEL,16T,16,0.0113505715505617,1.7668905113636364,0.0202798031772624,152.16517256725675,0.2030467533908223,2.368866219547712
CONV2D,6,INTEL,20T,20,0.0096999421826923,1.6082024466019418,0.0156355400169085,162.8402089551789,0.3186557006034354,1.2920935977632253
GEMM,64,3090,gpu_resident,-1,5.217029646225186e-06,0.0008412728598968,4.3884049941422e-09,161.272674,0.0723767038925876,0.2497821909281841
GEMM,64,5060ti,gpu_resident,-1,9.9198e-06,0.0003328180970606,3.305062765486325e-09,33.558896000000004,1.1016885909169625,0.7999913726539977
GEMM,64,AMD,1T,1,6.141290389648509e-06,0.0004489162576312,2.7544620769462603e-09,73.10533894163612,0.2997022410075897,1.0397472708201363
GEMM,64,AMD,2T,2,6.159581298579428e-06,0.000451306826107,2.7809819007266395e-09,73.31500632371731,0.1024527559574312,0.2901998962692916
GEMM,64,AMD,4T,4,6.150596234245028e-06,0.0004517064495809,2.778044956810056e-09,73.20037635337508,0.323505221830735,1.132972471029937
GEMM,64,AMD,8T,8,6.127075280692067e-06,0.0004459453095281,2.7324931305866e-09,72.75567523662829,0.2817695699608742,0.8911242197925672
GEMM,64,AMD,10T,10,6.172419863974154e-06,0.0004541538549446,2.804459982261312e-09,73.44997515925976,0.3878673569261189,0.9755889396692324
GEMM,64,AMD,16T,16,6.1467178740935855e-06,0.0004476439363255,2.7529329016632667e-09,72.88295674166744,0.2252123396703356,0.5359489475469742
GEMM,64,AMD,20T,20,6.173973482929481e-06,0.0004533963301336,2.799909293554025e-09,73.33371377934698,0.3992627820092627,0.9024487863405628
GEMM,64,AMD,32T,32,6.158818006621535e-06,0.0004516739233829,2.7826103914602046e-09,73.22482541984287,0.3502087754230358,1.0231270200317228
GEMM,64,AMD,64T,64,6.150360338662764e-06,0.0004512140479586,2.7774314011750022e-09,73.27155422228482,0.4816992705858707,1.5031838853743296
GEMM,64,INTEL,1T,1,2.27955353191567e-06,0.0001302476983123,2.955619710912405e-10,57.41033191136852,1.5460627484821163,8.360876175946599
GEMM,64,INTEL,2T,2,2.3341587456962664e-06,0.0001422062872677,3.315061385578318e-10,61.11752635352188,4.837426683086316,15.990642431913418
GEMM,64,INTEL,4T,4,2.495490320994838e-06,0.0001533466426762,3.8794209340223957e-10,60.86617984688321,6.391228089635282,12.938393433745365
GEMM,64,INTEL,8T,8,2.38046757703582e-06,0.0001511939551011,3.5991294544620287e-10,60.75489305707059,4.754418193077073,11.881399037869253
GEMM,64,INTEL,10T,10,2.2824659460891084e-06,0.0001300904409313,2.967401140859297e-10,57.03151408365595,6.135213055042369,13.887690227974977
GEMM,64,INTEL,16T,16,2.2546644398164424e-06,0.0001226988152536,2.7486604971657544e-10,54.97036828195608,6.591047699133479,18.439956152393368
GEMM,64,INTEL,20T,20,2.305018734654989e-06,0.0001247672184763,2.8648912996634436e-10,55.193678515235504,4.342704063378102,14.802304689346844
GEMM,128,3090,gpu_resident,-1,5.161102740856931e-06,0.0009229959547593,4.763598433803592e-09,178.839948,0.1921347441686911,0.8803947535253606
GEMM,128,5060ti,gpu_resident,-1,9.920571233570831e-06,0.0004186242111759,4.203116042249507e-09,41.7281745,0.8919178741576653,3.3251448440582454
GEMM,128,AMD,1T,1,3.946580300632912e-05,0.0029427126186708,1.1617693374288114e-07,74.51417589577596,0.6225652860562777,1.3655948962159836
GEMM,128,AMD,2T,2,2.514937415171166e-05,0.0022271713668124,5.5991049808740064e-08,88.44757697720928,0.6018390845703748,1.3896982840713803
GEMM,128,AMD,4T,4,1.4477002407821068e-05,0.0016263004085608,2.3492050405638932e-08,112.42009865792488,0.9401625199657636,0.9908698529992837
GEMM,128,AMD,8T,8,1.851245028841675e-05,0.002191258630499,4.0671802495355374e-08,119.4795415659128,2.813926115020732,2.141928212613417
GEMM,128,AMD,10T,10,1.824693754785081e-05,0.0021799541452477,3.978968904470808e-08,119.8531121008543,0.9883482539932992,1.1066538542240332
GEMM,128,AMD,16T,16,1.849728245798901e-05,0.0022111887767363,4.0896499320114425e-08,119.6003717588288,2.8859613719662804,2.4928106189090773
GEMM,128,AMD,20T,20,1.833611390898269e-05,0.0022073487775844,4.0488770671130143e-08,119.17531481178514,1.96222460338396,1.3846132813302616
GEMM,128,AMD,32T,32,1.8381452121430503e-05,0.0021948070173858,4.032664273922641e-08,119.28717098101993,3.855526330312512,2.6428689845196733
GEMM,128,AMD,64T,64,1.819382550821096e-05,0.0021762437822618,3.93274760725172e-08,119.41240942990076,0.9525457693307026,0.8877124266308762
GEMM,128,INTEL,1T,1,2.717564386971107e-05,0.0016505662807055,4.506482591140831e-08,60.8473368895535,5.010297106255455,14.061614236454536
GEMM,128,INTEL,2T,2,2.12574761399788e-05,0.0014973233556518,3.274268078996925e-08,71.70039034289941,2.3453504975343527,6.922071117453717
GEMM,128,INTEL,4T,4,1.3199319247906131e-05,0.0012227639253655,1.60855323067685e-08,92.53256844533075,2.016669923380365,3.971160644669073
GEMM,128,INTEL,8T,8,1.2722437863895323e-05,0.0014828760522532,1.845036680450878e-08,119.34317653722177,1.791706009876997,5.384002291287479
GEMM,128,INTEL,10T,10,1.2571068788372388e-05,0.0014470509976176,1.8156633505523653e-08,114.59660859272012,4.081706591125618,7.313309563148166
GEMM,128,INTEL,16T,16,1.2725080469656098e-05,0.0014895722949091,1.9113586823657672e-08,118.28783668918292,1.960976614219452,7.352357672959399
GEMM,128,INTEL,20T,20,1.299612199374391e-05,0.0015768671286087,2.0540724076120875e-08,121.24285043131238,1.8016495284240168,4.964110115028984
GEMM,256,3090,gpu_resident,-1,7.180509782803805e-06,0.0019915961861547,1.4299542522828053e-08,277.2113545,0.4762355759742264,0.7336255165564198
GEMM,256,5060ti,gpu_resident,-1,1.637327853013903e-05,0.0012479899127188,2.0442138841265857e-08,76.18963600000001,0.0196008124223967,0.7779566046445838
GEMM,256,AMD,1T,1,0.0002841132667617,0.0216576111584327,6.13752679230708e-06,75.96983213358709,2.476143638262,2.369733109338493
GEMM,256,AMD,2T,2,0.0001553230745437,0.0144182130374265,2.249464664600933e-06,92.38231791618666,0.3573893229409084,0.4533256025427927
GEMM,256,AMD,4T,4,8.786470844212359e-05,0.0104991572671888,9.224941191056854e-07,119.61415658095244,0.5295225009011734,0.585776795581012
GEMM,256,AMD,8T,8,9.127028998723328e-05,0.0123504890570855,1.1269786829841705e-06,135.63428088798906,3.103793650964375,2.5293782266799383
GEMM,256,AMD,10T,10,0.0001003160276372,0.0140434021651964,1.4120363592707652e-06,140.45764396520832,3.5213456922814466,2.3156761898067746
GEMM,256,AMD,16T,16,7.063734392735529e-05,0.0120784995388762,8.528004993398196e-07,170.7589155870351,4.091778886170331,2.462840823267307
GEMM,256,AMD,20T,20,9.476170093979715e-05,0.017719170652275,1.6790989484205224e-06,187.53848277563847,1.7322946704287896,1.4110507968072388
GEMM,256,AMD,32T,32,7.319983755914967e-05,0.0159702319725969,1.1690187477611566e-06,218.1778974619709,5.736956784603472,4.656730853787186
GEMM,256,AMD,64T,64,7.579181508147025e-05,0.0164481361500568,1.2465800715973144e-06,217.07153222955856,10.401440629466984,8.959945515737994
GEMM,256,INTEL,1T,1,0.0001885600364963,0.0118498009332803,2.291367295880167e-06,64.53960357926127,2.555431005269263,3.061440075932617
GEMM,256,INTEL,2T,2,0.000111381581883,0.0090224798188729,9.930583948003097e-07,80.10610626576948,2.3119336003925604,8.114150619134321
GEMM,256,INTEL,4T,4,6.545919630063827e-05,0.0070102348500306,4.602089690816148e-07,107.42307680197558,2.1332089567777,0.7280684211534137
GEMM,256,INTEL,8T,8,3.945221954115439e-05,0.0055113264120244,2.1684149624597985e-07,138.13997377684967,0.9719165427341558,4.3945303636349085
GEMM,256,INTEL,10T,10,6.503224979162659e-05,0.0087030169263319,5.664051066093366e-07,137.03930478602535,1.9693767253553764,3.684424245967171
GEMM,256,INTEL,16T,16,5.131122291021672e-05,0.0077932210092066,3.943641735829133e-07,149.60898916933672,3.0133915702853,3.799827823951996
GEMM,256,INTEL,20T,20,6.004461649695728e-05,0.0092104732330915,5.386624567408444e-07,155.15134675334946,2.2227063108682064,3.540276851081977
GEMM,512,3090,gpu_resident,-1,2.269167419792137e-05,0.0072134093990058,1.6351774961251068e-07,317.8530975,0.2662193025792478,0.5992302516608579
GEMM,512,5060ti,gpu_resident,-1,6.959931792873051e-05,0.0074871589643652,5.211011571438021e-07,107.5751375,1.3520591005167746,1.6399165693912348
GEMM,512,AMD,1T,1,0.002179888286334,0.1687629781181619,0.0003675722859464,76.5672108889856,1.420796139104856,1.0836267610094643
GEMM,512,AMD,2T,2,0.001123597237569,0.1056786632996633,0.0001186347655964,94.08802206382296,1.0341340608390392,1.103160777129533
GEMM,512,AMD,4T,4,0.0006020277945619,0.0757735513595166,4.559597278610637e-05,125.22987484830917,1.3811204716897565,0.8738194365892088
GEMM,512,AMD,8T,8,0.0004976058266932,0.0746009567354965,3.714038809937707e-05,150.81882796329933,1.29317921785596,0.6216671635631988
GEMM,512,AMD,10T,10,0.0005002458688032,0.0810933791645947,4.042527961689388e-05,161.31696350158865,0.703826343037394,0.7966064428072034
GEMM,512,AMD,16T,16,0.0003065232558139,0.0648808432497734,1.98758411106551e-05,211.704916424676,5.078135499711326,2.4128686286898446
GEMM,512,AMD,20T,20,0.0003519842357779,0.0775443065455791,2.729599580545993e-05,220.63056893532377,0.8808107274095152,0.7617344445087513
GEMM,512,AMD,32T,32,0.0003313285950413,0.0805506995041322,2.6700751814427708e-05,243.2443277261588,2.582963814762281,1.6854002020767196
GEMM,512,AMD,64T,64,0.0004282555978031,0.1123216478664976,4.808983553880315e-05,262.2874674593834,9.173975905553847,7.275117065616056
GEMM,512,INTEL,1T,1,0.001349437751004,0.0790135032552083,0.000106069269673,58.83063785106185,1.4478271702887482,12.588684782077136
GEMM,512,INTEL,2T,2,0.0007771700310559,0.0594339211956521,4.616145800240032e-05,77.83058526350976,3.070874731471409,8.303474144670966
GEMM,512,INTEL,4T,4,0.0004284252609603,0.0461172231005709,1.9484660491667607e-05,102.7845975685479,2.7082695634536225,6.31750027773796
GEMM,512,INTEL,8T,8,0.0002629244156504,0.0378899667030567,9.90559311926735e-06,146.63541638679277,3.953522702461808,1.4211277035954473
GEMM,512,INTEL,10T,10,0.0002991651590312,0.0458491040868454,1.379645076117929e-05,153.75616596219635,3.5306597778492232,4.05067588061245
GEMM,512,INTEL,16T,16,0.0002532285750188,0.0389238862779592,9.863923528014535e-06,153.89842185411533,7.707923866625062,4.895470531583963
GEMM,512,INTEL,20T,20,0.0003046368181818,0.0491742718181818,1.500784502318081e-05,161.5976194827802,4.99114616198143,2.228487742970048
GEMM,1024,3090,gpu_resident,-1,0.0001209905795373,0.0399124833676061,4.834098283702735e-06,329.916699,0.0956269250150038,0.6122968447193926
GEMM,1024,5060ti,gpu_resident,-1,0.000448735017889,0.0553448121645796,2.4835180034446093e-05,123.3350335,0.204306671185789,1.2953334023022802
GEMM,1024,AMD,1T,1,0.0174476754385964,1.3368925789473685,0.0234255581505447,76.93402029134462,0.8180955983087171,0.8813738924608768
GEMM,1024,AMD,2T,2,0.0087680701754385,0.8341272938596491,0.0073129477806162,95.40774556042004,1.6309204530580157,2.109337977257103
GEMM,1024,AMD,4T,4,0.0046733674418604,0.5896492069767442,0.0027570117418762,126.0837738037141,0.7074040029899582,0.5184107577484517
GEMM,1024,AMD,8T,8,0.0033118316831683,0.535258595709571,0.0017721945889184,161.61247873783765,0.9897587198373846,0.527191906890435
GEMM,1024,AMD,10T,10,0.0032367451612903,0.5565093403225807,0.0018004534837512,171.88267944907142,1.1904543676503452,0.791050575698642
GEMM,1024,AMD,16T,16,0.0019111419047619,0.4488921007604562,0.0008576660325907,234.43269094530137,1.1444765381724178,0.6386222832920541
GEMM,1024,AMD,20T,20,0.0018998009433962,0.4753712253787879,0.0009047470790285,251.3955029201798,4.395358902578592,1.8699302966861304
GEMM,1024,AMD,32T,32,0.001783869680851,0.4823434441489362,0.0008604743917489,270.12555819701333,4.013301738363831,2.0480078191791566
GEMM,1024,AMD,64T,64,0.0017508977272727,0.5024086896853146,0.00087965102994,286.97430344113394,4.280923544140973,4.273879289296107
GEMM,1024,INTEL,1T,1,0.0114667298850574,0.7185562873563218,0.0082394906456552,62.664448741543055,3.796679524641864,9.631586946835816
GEMM,1024,INTEL,2T,2,0.0057486754385964,0.4798575327380952,0.0028201571792679,84.64794435200402,3.506096879934906,10.471346593092438
GEMM,1024,INTEL,4T,4,0.0030922656716417,0.3468855910447761,0.0010622581686775,108.94600447810856,2.668486212021803,4.47610759334846
GEMM,1024,INTEL,8T,8,0.0017181529605263,0.2641295251677852,0.0004620644390444,156.4861966323262,3.952191771635359,1.316977812893221
GEMM,1024,INTEL,10T,10,0.0018345819672131,0.3012675954545455,0.0005536288573196,162.4432918244113,3.470497761974024,2.5545339530722444
GEMM,1024,INTEL,16T,16,0.0022116209850107,0.3434189822175732,0.000764972093782,156.91553480546563,4.444765311003335,2.638131633952004
GEMM,1024,INTEL,20T,20,0.0020503696969696,0.3323955616161616,0.0006817499217983,165.78825247482888,3.4443871814071843,1.8045129399561208
GEMM,2048,3090,gpu_resident,-1,0.0007522031602708,0.250474416854778,0.0001885706667215,332.7494845,0.0903858404951322,0.5920147302715508
GEMM,2048,5060ti,gpu_resident,-1,0.0035105244755244,0.4714739583333333,0.0016621508297526,133.729569,0.2339417915362291,1.1994048230898828
GEMM,2048,AMD,1T,1,0.138984125,10.80127075,1.5073834550659373,78.09435152707687,1.1735568443220836,2.5354167717279004
GEMM,2048,AMD,2T,2,0.0710178666666666,7.0026189,0.4970312505064178,98.58601167536033,0.7549067928600295,1.0965917891265915
GEMM,2048,AMD,4T,4,0.0373827037037037,4.790577148148148,0.1788336576136858,128.30000705468387,0.608347760193547,0.7566373087082631
GEMM,2048,AMD,8T,8,0.0226487444444444,3.9354968,0.0891049730361555,173.4877506969398,0.5276086220920595,0.5050690840363192
GEMM,2048,AMD,10T,10,0.02051512,3.8569154,0.0793940384711282,188.15558066570736,0.7242951281217498,0.4853068921765612
GEMM,2048,AMD,16T,16,0.0120242321428571,3.148085869047619,0.0378495644533677,262.5936416571436,1.6677942144876694,0.9440720267468984
GEMM,2048,AMD,20T,20,0.0124178209876543,3.387450901234568,0.0420473722593481,272.92315231978506,1.280867460116332,0.805305080207331
GEMM,2048,AMD,32T,32,0.0087608478260869,2.51485082173913,0.022032226205995,287.01840660274127,2.4479458998617947,2.438193616317881
GEMM,2048,AMD,64T,64,0.0084523949579831,2.1149090714285714,0.017877733615508,251.7634213074164,0.9515587087869868,1.872930341445404
GEMM,2048,INTEL,1T,1,0.086887625,5.7682791818181816,0.5099783929609583,64.90370214427105,2.6429317793954388,9.29493840808524
GEMM,2048,INTEL,2T,2,0.0465387954545454,3.973443681818182,0.1846312413549235,84.33358456068012,3.160946570804183,5.541058175842027
GEMM,2048,INTEL,4T,4,0.0235325119047619,2.718036035714285,0.0653079603882035,113.12881700558792,3.6615150996347623,2.086867631389238
GEMM,2048,INTEL,8T,8,0.0140407697368421,2.109212522058824,0.0300952732327889,151.15564354659324,4.4319661907396055,2.411837184166456
GEMM,2048,INTEL,10T,10,0.0144533591549295,2.3791204726027395,0.034632164442403,166.3125842695094,3.164252480502916,2.424697059406388
GEMM,2048,INTEL,16T,16,0.0156591171875,2.575794446969697,0.0396167662363668,165.75059310777448,1.3707968554036538,2.449059564530267
GEMM,2048,INTEL,20T,20,0.0273102027027027,4.25093268918919,0.1156714048764342,156.20834336711613,1.1294135499300932,3.449052988201045
GEMM,4096,3090,gpu_resident,-1,0.0055513555555555,1.7184388888888886,0.0095613850675,309.6614715,0.1491858722818307,0.3737570365917182
GEMM,4096,5060ti,gpu_resident,-1,0.0281354166666666,3.898097222222222,0.1095370164857253,138.55651749999998,0.2032053686555284,1.6122339701377588
GEMM,4096,AMD,1T,1,1.0969085,86.59272,94.7730082741045,78.83119377307892,1.2978173419124182,1.782550474111679
GEMM,4096,AMD,2T,2,0.551253,53.7606895,29.35791131902875,97.22442334534044,0.8613867906494473,0.848125676807484
GEMM,4096,AMD,4T,4,0.2899064999999999,37.778169125,10.947151546987564,129.43697572486096,1.2120364062368325,0.8209885123311502
GEMM,4096,AMD,8T,8,0.1508828571428571,28.639518857142857,4.321786600880634,189.7458287072104,1.1617106382704323,0.7037301963534901
GEMM,4096,AMD,10T,10,0.1332950625,28.063006625,3.738462156642712,209.6812025905155,0.6356291360917197,0.4575906045961387
GEMM,4096,AMD,16T,16,0.0820877692307692,23.353643615384616,1.9168140641020148,284.2218701150519,0.8816031607122968,0.6179258570609857
GEMM,4096,AMD,20T,20,0.0780081923076923,22.239936923076925,1.734897275787207,285.1543240983567,0.6825492001441987,0.667204729045255
GEMM,4096,AMD,32T,32,0.0533719210526315,15.194005921052632,0.8071884266828226,283.4165342712746,2.3100376322464684,1.715608013988154
GEMM,4096,AMD,64T,64,0.05718225,14.10396963888889,0.8068935694201573,246.6101609720328,3.1333902454938087,2.127106721659056
GEMM,4096,INTEL,1T,1,0.66046725,40.030003,26.44128274461537,60.60238085438132,3.508677156414578,13.577225124224055
GEMM,4096,INTEL,2T,2,0.352799,30.534528833333333,10.961058618134668,85.26764939643559,3.5436150740892134,5.8184070647900645
GEMM,4096,INTEL,4T,4,0.19536975,21.451971416666662,4.210620098087015,104.69233719769434,5.120351303242314,6.2702069528238855
GEMM,4096,INTEL,8T,8,0.1094632,16.9457696,1.885881462651435,155.78198028605811,4.699716136965543,1.8424110631674029
GEMM,4096,INTEL,10T,10,0.10153,17.04769805,1.75826401362441,168.4850238739458,2.301306082657014,1.7129266615531464
GEMM,4096,INTEL,16T,16,0.1389341875,22.459014625,3.1330309153677502,162.45826745298598,2.1098972621636896,2.313059893472868
GEMM,4096,INTEL,20T,20,0.1741685,28.261025916666668,4.945549253500445,156.9116956341568,1.9552611038291103,4.057685080260307
GEMM,8192,3090,gpu_resident,-1,0.0417390208333333,13.143166666666668,0.5482763006675347,315.195922,0.0762984753558218,0.3589434259531408
GEMM,8192,5060ti,gpu_resident,-1,0.2244745,31.1611,6.9947694311,138.82007299999998,0.0010267441863771,0.3681991887833019
GEMM,8192,AMD,1T,1,8.719505,684.6218215,5954.030027757966,79.20143700085953,1.214314862696963,1.7573567575240188
GEMM,8192,AMD,2T,2,4.4124855,430.154726,1918.7605033950056,97.91969902148948,0.9847938362874704,1.136400422794016
GEMM,8192,AMD,4T,4,2.322616,301.0901345,699.2800304001055,130.1498173887294,1.1316530684066533,0.8204309606563587
GEMM,8192,AMD,8T,8,1.185703,226.735421,268.823618010392,191.04470207054567,0.7163248139578704,0.3070298118406491
GEMM,8192,AMD,10T,10,0.99992525,215.186576,214.94152472112427,216.20445403680287,0.5871518337485561,0.7843297419619587
GEMM,8192,AMD,16T,16,0.62900175,178.15545175,112.06370624726776,283.02764971025874,0.8834034106119285,0.9221664226195696
GEMM,8192,AMD,20T,20,0.55775275,158.450561,88.36234755651464,283.87690218345153,2.034276795480181,1.9565341841522608
GEMM,8192,AMD,32T,32,0.4649546666666666,132.31458633333332,61.5301658349761,284.5295479510292,2.340058570271298,2.5073607355246312
GEMM,8192,AMD,64T,64,0.4880948333333333,116.891187,57.321049020204,240.1589660384522,1.1940741423652654,0.953805684670102
GEMM,8192,INTEL,1T,1,5.1445745,338.347462,1740.6636431922643,65.50541201185831,2.905564235412029,9.291629940878757
GEMM,8192,INTEL,2T,2,2.651757,215.619504,556.0322183929879,83.53452693738168,4.006496382992959,5.487545391008798
GEMM,8192,INTEL,4T,4,1.4417645,169.3801815,251.605561394105,112.26271602885636,2.9548747767460672,6.264770517198895
GEMM,8192,INTEL,8T,8,0.867264,127.089915,109.9152517632865,146.77398899650458,5.132805222222212,2.874825722205285
GEMM,8192,INTEL,10T,10,0.755188,127.77964125,99.85258643626275,170.38554036905856,3.762680957695399,2.203729544461992
GEMM,8192,INTEL,16T,16,0.98306275,166.11906625,164.47813855235324,170.78510021017604,2.146532566088043,1.665850004092152
GEMM,8192,INTEL,20T,20,1.135975,190.343049,216.38956720886,166.50690763842306,1.6091997623102656,1.437915374111991
GEMM,16384,3090,gpu_resident,-1,0.33249425,103.623875,34.50502702403125,311.1984275,0.1846394799062651,0.4464049467358322
GEMM,16384,5060ti,gpu_resident,-1,1.79322,298.9525,536.0733924875001,166.717081,0.0020139913063696,0.615831715853744
GEMM,16384,AMD,1T,1,71.717308,5529.4109705,396554.7865618301,77.10004515266701,1.1325405261031636,0.7962317280865229
GEMM,16384,AMD,2T,2,35.620862,3498.837156,124583.26635302804,97.49810173511368,1.0613241426104252,1.6342211307488244
GEMM,16384,AMD,4T,4,18.721183,2416.817062,45257.26228688983,128.58566241286366,1.1427483107246268,0.8790662200986449
GEMM,16384,AMD,8T,8,9.5721925,1817.188549,17401.94848644137,189.81474600619333,0.8425240232698159,0.5929814092176842
GEMM,16384,AMD,10T,10,8.000629,1726.933443,13804.162851865402,215.33831237080773,0.6474518460664341,0.4148269893198876
GEMM,16384,AMD,16T,16,5.064331,1437.7523755,7280.696123772063,283.94263295453106,0.8639493924033445,0.7907219061796915
GEMM,16384,AMD,20T,20,4.466775999999999,1267.1995430000002,5660.295069622811,284.184584902773,1.0579504458469662,1.0971092553647246
GEMM,16384,AMD,32T,32,3.638703,1037.6603730000002,3775.738286032194,285.1688950059115,1.091909890417787,1.1458483336426837
GEMM,16384,AMD,64T,64,3.8223485,954.040491,3650.454205423579,249.41643262495097,1.6905805084436625,1.7987550709574789
GEMM,16384,INTEL,1T,1,40.210326,2262.0335765,92071.01963987909,56.074379101964325,1.2433439329305662,4.436475277474193
GEMM,16384,INTEL,2T,2,21.9445555,1915.1377665,41695.095138320365,86.66629115858626,1.589544013857402,5.6705176980552405
GEMM,16384,INTEL,4T,4,12.2368555,1384.446468,16661.26349129864,113.08857842095208,1.169011739947738,1.8727534013829357
GEMM,16384,INTEL,8T,8,7.072073,1081.9571905,7598.59318094877,152.19881035028442,2.6683436538411245,2.84749435508638
GEMM,16384,INTEL,10T,10,6.532229,1088.0854405,7227.848157785047,161.89787916859024,3.3357498573363142,3.180555019807575
GEMM,16384,INTEL,16T,16,8.0313155,1306.166456,10545.2633238591,163.18583393517554,2.257429394292221,2.805789801536912
GEMM,16384,INTEL,20T,20,8.894534,1469.7525855,13057.263080412253,165.26075294821055,0.980111696800027,2.366447190245575
REDUCTION,1000000,3090,gpu_resident,-1,5.658497548303753e-06,0.0012116827679173,6.8674084746508614e-09,214.1035309688126,0.4680180057200071,0.5517363573901435
REDUCTION,1000000,5060ti,gpu_resident,-1,6.147174095315372e-06,0.0004058325746143,2.502561815929421e-09,65.48561848365615,0.8080120674575985,0.8803145638996969
REDUCTION,1000000,AMD,1T,1,8.681031800898722e-05,0.0059160706749215,5.170237195764323e-07,67.95391223424244,0.3794452600354482,0.7272391938084101
REDUCTION,1000000,AMD,2T,2,5.326478480751368e-05,0.0042050797246163,2.238728484764939e-07,78.82299653697916,7.388644849001241,7.53552254075546
REDUCTION,1000000,AMD,4T,4,3.5350934171468485e-05,0.0031538506434306,1.115021470086601e-07,89.18908893572515,0.3536782986274468,0.4374200603434647
REDUCTION,1000000,AMD,8T,8,2.814334881876381e-05,0.0029015266273865,8.16586759814696e-08,103.17418411513056,1.675787247916242,1.409353700109022
REDUCTION,1000000,AMD,10T,10,2.8247823811360257e-05,0.0030439909646851,8.598612045379725e-08,107.7470581560371,2.77937924607858,2.491966654588354
REDUCTION,1000000,AMD,16T,16,3.1788553760726904e-05,0.0037753449735786,1.2045350266452993e-07,120.4397665220341,37.65936182979666,34.68253502558415
REDUCTION,1000000,AMD,20T,20,3.616795002179282e-05,0.0045926555367252,1.663038566439811e-07,128.63419885169674,40.839684091749575,38.30024465682647
REDUCTION,1000000,AMD,32T,32,5.032918202650194e-05,0.0073701348143335,3.732703105345753e-07,147.13471856623934,47.842128464669706,45.51806865178856
REDUCTION,1000000,AMD,64T,64,0.0001113619217466,0.0161962598595353,1.8036232936282016e-06,145.42077378676663,1.5786817833741913,1.3235160586053352
REDUCTION,1000000,INTEL,1T,1,0.0001464603895153,0.0077316271409749,1.1326409319978051e-06,52.77029163264764,0.0325869369863473,3.867509638677261
REDUCTION,1000000,INTEL,2T,2,8.228296997120527e-05,0.0057573638996937,4.776198642046446e-07,69.21640070736333,0.9209196050835357,3.911761647347571
REDUCTION,1000000,INTEL,4T,4,3.124603622234756e-05,0.002768624239683,8.612562038244276e-08,88.5353049902299,0.5914977696530646,1.8877720149578792
REDUCTION,1000000,INTEL,8T,8,1.6659152231845433e-05,0.0020945261461553,3.443017706522383e-08,127.17161925894294,0.9501413563918172,2.786079287734862
REDUCTION,1000000,INTEL,10T,10,1.4282895111668183e-05,0.002149620326401,3.078942018887758e-08,150.07475957866717,1.3227623044681485,4.995826469629542
REDUCTION,1000000,INTEL,16T,16,1.4006697511042376e-05,0.0018099945017497,2.535204548265791e-08,138.3770378462429,6.280969543679606,5.15162529069282
REDUCTION,1000000,INTEL,20T,20,1.1766524408740494e-05,0.0015453026383549,1.8139529036954358e-08,129.3283028785228,21.835707315174023,23.81907321750153
REDUCTION,2000000,3090,gpu_resident,-1,1.382743051332375e-05,0.0039716894787203,5.4899818786934745e-08,287.7033896302025,0.3210263282282247,0.3857585713325939
REDUCTION,2000000,5060ti,gpu_resident,-1,8.196056425240346e-06,0.0007296760128185,5.980464346876632e-09,89.02767342185064,0.0005407935497443,0.7179777235025757
REDUCTION,2000000,AMD,1T,1,0.0001743178830854,0.0118193228913571,2.0595927111495933e-06,68.04722842204325,0.3411064388843792,1.2668886005412343
REDUCTION,2000000,AMD,2T,2,9.691568328892272e-05,0.0077561011134373,7.52607628866879e-07,80.04227970598774,0.3599647936161597,2.022655918877244
REDUCTION,2000000,AMD,4T,4,5.731116443834991e-05,0.005357921853664,3.076005311670071e-07,93.59548368480117,0.2210259959231611,0.4004920418924275
REDUCTION,2000000,AMD,8T,8,3.992728712871288e-05,0.0045370924150823,1.8123030573981817e-07,113.74271103107849,1.0270034765227032,0.7969344283687152
REDUCTION,2000000,AMD,10T,10,3.795804026645826e-05,0.0045667839678463,1.7334616973972586e-07,120.45808021090166,0.7293788534454196,0.8137908579773782
REDUCTION,2000000,AMD,16T,16,3.9195743932465706e-05,0.0051504354750459,2.018751500205865e-07,131.88493269104578,1.5139386909265964,1.3232525366131531
REDUCTION,2000000,AMD,20T,20,4.187089083006288e-05,0.0057540426686706,2.409974783201638e-07,137.22654824162123,36.17952018849921,31.814030525191296
REDUCTION,2000000,AMD,32T,32,5.365562058420331e-05,0.0082160766004883,4.406334804752772e-07,153.65406309499718,44.639168953971634,40.70974473749227
REDUCTION,2000000,AMD,64T,64,0.0001131185950872,0.0169242433033233,1.9144466253858844e-06,149.43662120293862,0.5574690029067771,0.433110077398449
REDUCTION,2000000,INTEL,1T,1,0.0002980777248362,0.0155824008338296,4.6447665880336335e-06,52.27681782336792,0.1190567919308017,2.897163327356038
REDUCTION,2000000,INTEL,2T,2,0.000165029646902,0.0115836089166666,1.930207643407161e-06,69.47556784924919,0.5561462328600933,2.561733334083886
REDUCTION,2000000,INTEL,4T,4,7.990370636632319e-05,0.0074874711409923,5.936616095815927e-07,95.19815493793688,3.6547613873949536,7.170920595795324
REDUCTION,2000000,INTEL,8T,8,3.272717167424069e-05,0.0046300725635073,1.5152917965009505e-07,141.49432410153554,1.102646322206509,6.572590987105428
REDUCTION,2000000,INTEL,10T,10,2.5915628231644263e-05,0.0041927107834197,1.094280801741649e-07,159.9974750156797,1.5215559897679014,5.140751211876495
REDUCTION,2000000,INTEL,16T,16,3.676314923189466e-05,0.0050328793840729,1.84975213561672e-07,140.4383143138071,17.199381076087775,13.979510818999955
REDUCTION,2000000,INTEL,20T,20,2.721409771343971e-05,0.0038754635983361,1.0546724504999729e-07,137.19861124127954,11.3395645051365,11.472988801454653
REDUCTION,4000000,3090,gpu_resident,-1,2.284362476016446e-05,0.0072513939033864,1.6571425615141264e-07,317.3075097363793,0.1019471099752279,0.9482738468472162
REDUCTION,4000000,5060ti,gpu_resident,-1,1.228461746965751e-05,0.0010193909390201,1.2522827737896893e-08,82.98100744883345,0.0006731382627804,0.201389277005335
REDUCTION,4000000,AMD,1T,1,0.0006217565789473,0.0425067077205882,2.6242193397576176e-05,68.66345946548907,3.01200747743825,3.020793607089211
REDUCTION,4000000,AMD,2T,2,0.000187820745964,0.0152098996636771,2.883822839073249e-06,80.9661319648368,1.2952311979057722,0.7949598698376787
REDUCTION,4000000,AMD,4T,4,0.0001015551563606,0.0099618066227211,1.0125033938255289e-06,98.58231378479152,0.0946456821532833,1.3938791017854977
REDUCTION,4000000,AMD,8T,8,5.3366081362163206e-05,0.0066954178638804,3.573082144775224e-07,125.66774069694142,13.15786896973167,9.843108195968382
REDUCTION,4000000,AMD,10T,10,5.630532660499019e-05,0.0074426047378749,4.1905829055789363e-07,132.10082838634102,14.605527109652714,11.206562934893409
REDUCTION,4000000,AMD,16T,16,5.096557136347527e-05,0.0076525984760265,3.900190537459507e-07,149.94603569588102,23.96948200548988,17.995817886224266
REDUCTION,4000000,AMD,20T,20,5.040276333382856e-05,0.0079647874263358,4.014472956538568e-07,158.0091904529931,29.014107935062857,22.14424782198513
REDUCTION,4000000,AMD,32T,32,6.170787612777371e-05,0.0104366040599853,6.44020670528193e-07,170.27212030840664,39.82628149074196,33.34917118557078
REDUCTION,4000000,AMD,64T,64,1.6054006703229737e-05,0.003917191179159,6.288661344805098e-08,244.05461645607005,104.54728711895017,87.86379355547595
REDUCTION,4000000,INTEL,1T,1,0.0006711426657736,0.0346551537414965,2.320131010433872e-05,50.76754591162816,1.5061204087424005,7.150971968210568
REDUCTION,4000000,INTEL,2T,2,0.0003774283829626,0.0257200961610839,9.64345274290556e-06,67.98557430586719,1.0894333511163934,3.071526755892781
REDUCTION,4000000,INTEL,4T,4,0.0001881552789217,0.0174609873167981,3.2803478849450904e-06,92.88846258157358,1.0543348741196457,3.9305265591280873
REDUCTION,4000000,INTEL,8T,8,0.0001167009400023,0.0165989606628921,1.8776834713631613e-06,140.31848110967798,1.6980116279860828,2.4777343560435154
REDUCTION,4000000,INTEL,10T,10,0.000109699770316,0.0177628872908235,1.9485846559523333e-06,164.21567573409732,2.022993381094117,5.55721333548397
REDUCTION,4000000,INTEL,16T,16,0.0001161608529377,0.0153404463244541,1.773224080014702e-06,133.7663748463258,1.012443027647354,2.2877137525046543
REDUCTION,4000000,INTEL,20T,20,0.0001202804688434,0.0161959582458595,1.8952312376107148e-06,139.73370944439318,6.992647048501,11.363854760195585
REDUCTION,8000000,3090,gpu_resident,-1,4.117687697628459e-05,0.0138155489687538,5.687821407749438e-07,335.56514479766827,0.1039662362412477,1.2606728050938032
REDUCTION,8000000,5060ti,gpu_resident,-1,2.0508436181337272e-05,0.0018198622132004,3.7322528058247615e-08,88.74547345929597,0.0852610487775965,1.2346462736036488
REDUCTION,8000000,AMD,1T,1,0.0016982568259385,0.1203413565436241,0.0002057021439586,71.25624768924054,0.5652584197699454,0.9044799986647638
REDUCTION,8000000,AMD,2T,2,0.0006623097432521,0.0517301468531468,3.3159201447470154e-05,77.59128176582664,1.7261919468060576,3.354261416014006
REDUCTION,8000000,AMD,4T,4,0.0001917896405919,0.0189955264932562,3.6383069304532527e-06,98.82624811037816,1.191464495406646,0.4608489911267064
REDUCTION,8000000,AMD,8T,8,0.0001076157060675,0.0138663881336284,1.4932005960024735e-06,129.1548471371305,6.389527742101881,4.817069809798912
REDUCTION,8000000,AMD,10T,10,9.19757388822392e-05,0.0130663240953871,1.2017848131480344e-06,141.81873448115908,0.4381859896971301,0.3495551176350466
REDUCTION,8000000,AMD,16T,16,7.30378000716589e-05,0.0123170325229489,8.994104124827375e-07,168.87293369495274,1.10164632397309,0.5908043745125184
REDUCTION,8000000,AMD,20T,20,6.938635129632144e-05,0.0124817435523279,8.660626429124188e-07,180.1485955487489,20.39681644637685,13.841128207090827
REDUCTION,8000000,AMD,32T,32,7.395813902652288e-05,0.0146010832483241,1.079868944817388e-06,197.450057657297,0.848079123503038,0.6194546832100002
REDUCTION,8000000,AMD,64T,64,0.0001208306989813,0.0219441660227139,2.6515289190862147e-06,181.88517819165023,65.37157643424433,53.03646965897166
REDUCTION,8000000,INTEL,1T,1,0.0016458710217755,0.0833924401349072,0.0001355784588377,51.06867490938707,0.7650886004686066,6.143899735787926
REDUCTION,8000000,INTEL,2T,2,0.0008833936170212,0.0596880574057843,5.228336415976434e-05,67.56508712408774,0.5854569194073287,2.486800299382549
REDUCTION,8000000,INTEL,4T,4,0.0005387305825242,0.0468074038668098,2.521029929644836e-05,86.87843407128013,0.4446668692571712,2.54906830070788
REDUCTION,8000000,INTEL,8T,8,0.0004597083906464,0.0562434727189362,2.5855596327986864e-05,122.40243205015474,0.2992686980262051,2.250942296962184
REDUCTION,8000000,INTEL,10T,10,0.0004302998285469,0.0610045733730327,2.6286141079033644e-05,142.60863770972884,0.5154369622427817,8.461956485784906
REDUCTION,8000000,INTEL,16T,16,0.0004301337907375,0.0521647459262435,2.242530439553162e-05,121.38087668474046,0.3194435019772174,5.354913410649856
REDUCTION,8000000,INTEL,20T,20,0.0004587639396709,0.0572232738041002,2.6241380202022187e-05,125.07617194961722,0.5357722300083797,2.466200326510596
REDUCTION,16000000,3090,gpu_resident,-1,7.689482427341227e-05,0.0265895533861173,2.044118833047e-06,345.8734590417281,0.0193645167879873,0.5667303663689198
REDUCTION,16000000,5060ti,gpu_resident,-1,0.0001578432249814,0.0134059067972692,2.1161634512469065e-06,84.92620203214521,0.0208127962851312,3.1899011704894185
REDUCTION,16000000,AMD,1T,1,0.0034272525597269,0.2435658513513513,0.0008283728090203,71.55691068204548,0.5012245581531957,1.6599889008607922
REDUCTION,16000000,AMD,2T,2,0.0020083173652694,0.1565199760479041,0.0003146442037465,77.99917477476532,0.3601951863383493,2.4442077766200816
REDUCTION,16000000,AMD,4T,4,0.0007320166795965,0.0674676875,5.071347908912104e-05,91.07190450312204,2.883838782623048,7.217019079144774
REDUCTION,16000000,AMD,8T,8,0.0002017037405491,0.0266837115996816,5.382204441389187e-06,134.04416245207392,4.992557337164015,4.719924748558138
REDUCTION,16000000,AMD,10T,10,0.0002047739726027,0.0285077625935666,5.798937127526214e-06,140.04294647859558,3.9121580345603455,6.876749058679496
REDUCTION,16000000,AMD,16T,16,0.0001201863269185,0.022058575147232,2.6511354461730844e-06,183.02017174190183,0.5441935702662557,0.4030139932216585
REDUCTION,16000000,AMD,20T,20,0.0001255668597485,0.0235109382548681,2.9521946864046665e-06,186.98655309217585,2.773760338950817,1.5140959573209862
REDUCTION,16000000,AMD,32T,32,9.750555344598444e-05,0.0223916994480921,2.1808245355421906e-06,230.04374871754032,0.3360166174402935,0.2474390003249186
REDUCTION,16000000,AMD,64T,64,0.000135100212089,0.028805914766702,3.891685194399097e-06,213.1507972438776,38.73361645581739,33.39396192726508
REDUCTION,16000000,INTEL,1T,1,0.003740904494382,0.190956257518797,0.0007131010178805,50.7020661831689,0.3647584874068664,2.523688304508794
REDUCTION,16000000,INTEL,2T,2,0.0020394061224489,0.1362315616016427,0.0002784646501049,66.01030602922299,0.5319139622537595,1.992429165175576
REDUCTION,16000000,INTEL,4T,4,0.0013606474184782,0.1151314966532797,0.0001545590251892,84.47551486110957,0.7489724450703774,7.469772629544563
REDUCTION,16000000,INTEL,8T,8,0.0012906685971685,0.1515380431145431,0.0001955853935243,117.47838782755406,0.1166057530340675,2.507877123569081
REDUCTION,16000000,INTEL,10T,10,0.0013163149606299,0.175891656167979,0.0002315288184638,133.73105503472232,0.1427604506013555,5.461795212057502
REDUCTION,16000000,INTEL,16T,16,0.0013282476821192,0.1672605079575596,0.0002221444704052,125.8802550454336,0.1725071925924983,3.7718181425212496
REDUCTION,16000000,INTEL,20T,20,0.0013473089812332,0.1849413270777479,0.0002493242124996,137.18191535158408,0.1481567216715997,3.721462151854442
REDUCTION,32000000,3090,gpu_resident,-1,0.0001487715977242,0.0519617843866171,7.727762971647691e-06,349.1911209809008,0.0245832641038227,0.6640537611884987
REDUCTION,32000000,5060ti,gpu_resident,-1,0.0003079890601908,0.0257298337438423,7.924159228116046e-06,83.5439007821953,0.020141629407503,0.3347727744343087
REDUCTION,32000000,AMD,1T,1,0.0068613027210884,0.4913248809523809,0.003371128742617,71.49237699183628,0.5171921750312685,2.981513474501582
REDUCTION,32000000,AMD,2T,2,0.004012402,0.3152640179282868,0.0012659859970931,78.55004880537976,0.2538878380130862,3.0525478833101536
REDUCTION,32000000,AMD,4T,4,0.00270875606469,0.2424830080645161,0.0006561130653815,89.53410843456933,0.4501594027931661,2.059317156845692
REDUCTION,32000000,AMD,8T,8,0.0008772421465968,0.1029539803664921,9.031557073738633e-05,117.3056785856826,2.751952426420208,6.274402166187143
REDUCTION,32000000,AMD,10T,10,0.0011428409350057,0.1331309066059225,0.0001518408785801,116.6538785557734,0.618503190084339,3.9553154428429096
REDUCTION,32000000,AMD,16T,16,0.0006795687669376,0.0938094071856287,6.425395364975012e-05,140.2248685698344,2.331676574305113,3.0868469485517367
REDUCTION,32000000,AMD,20T,20,0.0014184262411347,0.168899593877551,0.0002301916479281,122.22535565565954,1.7408501823057574,3.428954739449966
REDUCTION,32000000,AMD,32T,32,0.0005241095461658,0.0899027944705268,4.7118912808985e-05,171.3972062534755,3.2433700075656198,2.715322085602217
REDUCTION,32000000,AMD,64T,64,0.0006126756674757,0.1077998067354369,6.604631854538526e-05,175.91218522617993,11.989701592191878,8.761248675557566
REDUCTION,32000000,INTEL,1T,1,0.0078355507812499,0.4000200813953488,0.0031160556538167,51.279168154091465,0.6357148178570927,2.80248250552308
REDUCTION,32000000,INTEL,2T,2,0.0043583493449781,0.2855206731601731,0.0012528660928711,65.44448110237397,0.5521252130354077,8.947921374639641
REDUCTION,32000000,INTEL,4T,4,0.0030085677710843,0.2542132575301205,0.0007651708024782,84.32594036242953,0.2923516467637044,3.787523249828665
REDUCTION,32000000,INTEL,8T,8,0.0029181511627906,0.3305836584302325,0.0009648016692415,113.36403992222677,0.0576467164897078,1.5310393539904277
REDUCTION,32000000,INTEL,10T,10,0.0030050224550898,0.3998145194610778,0.0012017652358098,133.01304618613992,0.0692241778804973,8.51629418483454
REDUCTION,32000000,INTEL,16T,16,0.0030900679012345,0.3961130184615384,0.0012239386464607,128.09619284673548,0.0413508863552739,7.336511300827025
REDUCTION,32000000,INTEL,20T,20,0.0030573799392097,0.4263591580547112,0.0013049169126214,139.23390565356056,0.1500529660167975,3.862632502028181
REDUCTION,64000000,3090,gpu_resident,-1,0.0002925112850248,0.1034283625730994,3.0250734289870027e-05,353.62212430792965,0.0134635069716936,0.5438213370806214
REDUCTION,64000000,5060ti,gpu_resident,-1,0.0006085138339416,0.0510550486618004,3.106664062597086e-05,83.90311594541261,0.0361390078496349,1.6883341679399058
REDUCTION,64000000,AMD,1T,1,0.0136037702702702,0.9701356013513514,0.0131975018517942,71.14238321876647,0.5650022749268899,2.0069685580691288
REDUCTION,64000000,AMD,2T,2,0.007964968503937,0.6273462440944881,0.0049963760810825,78.76239569306418,0.1547622087745388,0.8638199554775546
REDUCTION,64000000,AMD,4T,4,0.0053949705882352,0.4779265810810811,0.0025911797114211,88.54279083357471,0.2494147548381421,1.293974264735381
REDUCTION,64000000,AMD,8T,8,0.0046495347222222,0.5710911139534883,0.0026485051442155,122.33517020284684,0.2519176901814994,6.216075467320181
REDUCTION,64000000,AMD,10T,10,0.0044621311111111,0.5168047666666666,0.0023010112070113,116.05828103805273,0.2054524021208001,6.524166419728974
REDUCTION,64000000,AMD,16T,16,0.0044675977777777,0.5317222444444444,0.0023755211176749,119.00937355068946,0.5999834262562831,3.1236622376836927
REDUCTION,64000000,AMD,20T,20,0.0049268431372549,0.5909260461165049,0.00289563735392,121.10806116201306,0.5206536299155802,3.1881037207578204
REDUCTION,64000000,AMD,32T,32,0.0045240788288288,0.6513359774774774,0.0029498448970244,143.89789889520347,0.189956442226389,0.2021545510599123
REDUCTION,64000000,AMD,64T,64,0.0047706682464454,0.7522755047169811,0.0035898124501881,157.78687863473658,0.0382335690801196,0.2275640877007082
REDUCTION,64000000,INTEL,1T,1,0.0159650079365079,0.8184992142857143,0.0130521067762499,51.197303902636,0.0758755606126979,8.532834869169012
REDUCTION,64000000,INTEL,2T,2,0.0089063539823008,0.5904534026548673,0.0052936683129381,66.30607397198179,0.4683494109239649,8.425468345525873
REDUCTION,64000000,INTEL,4T,4,0.0062644937499999,0.514445896875,0.0032227431056865,82.11587562347637,0.1270294214427355,2.115310202693812
REDUCTION,64000000,INTEL,8T,8,0.0061814104938271,0.7037822239263803,0.0043381416932175,114.16910646579646,0.1413754044180845,3.343499182586948
REDUCTION,64000000,INTEL,10T,10,0.0063854363057324,0.8490889840764332,0.0054211546405083,132.95354109737613,0.0553847772796242,7.26761341392011
REDUCTION,64000000,INTEL,16T,16,0.0063741582278481,0.7963707721518987,0.005074028491713,124.53456038406546,0.1547442931702564,5.790500198838144
REDUCTION,64000000,INTEL,20T,20,0.0064496666666666,0.8908645128205128,0.0057538540401695,137.8673336508591,0.0695360613713518,7.5545675209846435
REDUCTION,128000000,3090,gpu_resident,-1,0.0005799773257971,0.2053828985507246,0.0001191174242659,354.11402534202864,0.040465113696299,0.5236230388606391
REDUCTION,128000000,5060ti,gpu_resident,-1,0.0012090710458937,0.1017971014492753,0.0001230780165792,84.19651844569648,0.0018914268184428,0.6019138419985044
REDUCTION,128000000,AMD,1T,1,0.0273416621621621,1.890911148648649,0.0517006538050172,69.24292859483569,0.2992511437969726,2.501083772096183
REDUCTION,128000000,AMD,2T,2,0.0157657187499999,1.299575109375,0.0204887356689066,82.40562431374023,0.2296784883031423,3.296504926278839
REDUCTION,128000000,AMD,4T,4,0.0105542315789473,0.9306546354166668,0.0098235166655256,88.49211222470103,0.3879665621889874,0.8707748322036014
REDUCTION,128000000,AMD,8T,8,0.0093861308411214,0.9976757009345796,0.0093643146659794,106.27458006687336,0.1263343744061353,7.95480215998373
REDUCTION,128000000,AMD,10T,10,0.0094678679245283,1.091855141509434,0.0103280225918609,115.24642555531676,0.1040775947302404,8.762118088557363
REDUCTION,128000000,AMD,16T,16,0.0091114272727272,1.1677849045454545,0.0106391362215404,128.10838581175148,0.1598694369677374,4.258383578100253
REDUCTION,128000000,AMD,20T,20,0.0103709793814432,1.248094412371134,0.0129439614167954,120.34600752408684,0.2549258665127163,1.2068642352222316
REDUCTION,128000000,AMD,32T,32,0.0093036851851851,1.340121226851852,0.0124697076450152,143.90388519014076,0.1707515891492056,0.2181770093641497
REDUCTION,128000000,AMD,64T,64,0.0096810673076923,1.5283930528846152,0.0148140598857369,157.74429379356255,0.0550162507543419,0.1683707736326801
REDUCTION,128000000,INTEL,1T,1,0.032047140625,1.633364296875,0.0523446553138073,51.13037184513311,0.18648345559149,1.78233254330664
REDUCTION,128000000,INTEL,2T,2,0.0179957857142857,1.1676164464285714,0.0210121753664043,64.88821332496377,0.4678332542951666,5.040618868588688
REDUCTION,128000000,INTEL,4T,4,0.0128203333333333,1.0599021153846155,0.0135882984199358,82.70628021313388,0.0992073004625676,7.293407987142829
REDUCTION,128000000,INTEL,8T,8,0.012714582278481,1.4511283797468355,0.0184449713824727,114.10060489044564,0.0456242454333298,4.766943325452518
REDUCTION,128000000,INTEL,10T,10,0.0129985897435897,1.7107715384615385,0.0222358517695116,131.62409531462478,0.0148037948041637,2.101823261945384
REDUCTION,128000000,INTEL,16T,16,0.0130010448717948,1.5986850576923075,0.0207845761709255,122.95629230165476,0.0893441704114088,6.27615423755627
REDUCTION,128000000,INTEL,20T,20,0.013108487012987,1.7878162142857144,0.02343676137378,136.3318624695277,0.0049795444493776,5.285829334183776
REDUCTION,256000000,3090,gpu_resident,-1,0.0011548805571593,0.4099105080831409,0.0004734121106324,354.9296864898964,0.0269745505748409,0.408348320984421
REDUCTION,256000000,5060ti,gpu_resident,-1,0.0024108137458033,0.2025132211538461,0.0004882656682292,83.99290861668666,0.0122519828828529,0.471479757129271
REDUCTION,256000000,AMD,1T,1,0.0541022894736842,3.773802078947369,0.2018924181901347,69.39660838594489,1.056633459426154,2.4072290378746453
REDUCTION,256000000,AMD,2T,2,0.0312111818181818,2.462773666666666,0.0768660766873635,78.9585353692253,0.4504905048044474,0.8674063129011884
REDUCTION,256000000,AMD,4T,4,0.0206150714285714,1.8167373775510205,0.0376029089973877,88.23957941031068,0.3295573631151191,0.5845811799532152
REDUCTION,256000000,AMD,8T,8,0.0185243727272727,1.8764124727272729,0.0347513235179512,101.27634047440836,0.1648113932736033,8.933865855872918
REDUCTION,256000000,AMD,10T,10,0.018813787037037,2.031794416666667,0.0382257474582075,107.99521002842609,0.1704788186757599,9.902856165327243
REDUCTION,256000000,AMD,16T,16,0.018131875,2.3796605714285715,0.0431614335657957,131.1419246851892,0.032216675794314,5.781344197031866
REDUCTION,256000000,AMD,20T,20,0.0207948367346938,2.4554180918367345,0.0510493447830448,118.1030626746774,0.0684139789771549,1.593346371669304
REDUCTION,256000000,AMD,32T,32,0.0185192727272727,2.6637427454545453,0.0493651186890015,143.65196112030293,0.2165114414538675,0.5074205997231671
REDUCTION,256000000,AMD,64T,64,0.0191656320754717,3.035646754716981,0.0581698378366082,158.39631485002036,0.0258470443535128,0.2904524867746396
REDUCTION,256000000,INTEL,1T,1,0.0639055,3.28045384375,0.209017397108375,51.41896720221371,0.2788653195755157,4.109545516515284
REDUCTION,256000000,INTEL,2T,2,0.0359571964285714,2.366346571428571,0.085750779675464,65.338127008139,0.4409742330072465,3.6580830627984207
REDUCTION,256000000,INTEL,4T,4,0.0258005128205128,2.126006320512821,0.0549301704329155,82.21370964343225,0.1835706908860254,7.0140957973030496
REDUCTION,256000000,INTEL,8T,8,0.0257376666666666,2.9647007948717947,0.0762554872437274,115.27220273175776,0.048877143638457,3.1527805668303226
REDUCTION,256000000,INTEL,10T,10,0.0260669615384615,3.443550102564102,0.0897174155587185,132.1774555305504,0.0250120240053591,7.876728426389937
REDUCTION,256000000,INTEL,16T,16,0.0261934487179487,3.230555948717949,0.0845986100464608,123.36148343208708,0.0547667554199057,6.367338099649563
REDUCTION,256000000,INTEL,20T,20,0.0262515,3.6466823974358977,0.0956849254076129,138.90035752083256,0.0292735080689554,4.029340673717707
STREAM,1000000,3090,gpu_resident,-1,1.538917117033889e-05,0.0053469386183744,8.214436896471798e-08,347.3848412608596,0.3422415941181644,0.4375622775411452
STREAM,1000000,5060ti,gpu_resident,-1,8.18810284123475e-06,0.0011669327765495,9.55494169609149e-09,142.51507646584383,0.0014337653169848,1.005261268071046
STREAM,1000000,AMD,1T,1,0.0001817408497333,0.0131779518116608,2.3949721599957138e-06,73.98323400814641,4.679865627894202,3.906262529157684
STREAM,1000000,AMD,2T,2,6.597086070959265e-05,0.0062603777392555,4.121347091180482e-07,94.83553466144885,1.3893788385003565,1.0214984125848086
STREAM,1000000,AMD,4T,4,3.757998674862885e-05,0.0045918014311954,1.7266502022023212e-07,122.75535166240915,0.4521497768247544,0.6357404890472329
STREAM,1000000,AMD,8T,8,2.431966914885876e-05,0.0038585049360855,9.383756345483779e-08,158.57122506213784,0.8631900755275014,0.556378425480623
STREAM,1000000,AMD,10T,10,2.264302467186866e-05,0.0038193342316539,8.64812792374518e-08,168.782750899182,0.8011683839471395,0.389939694201347
STREAM,1000000,AMD,16T,16,2.1910510621626327e-05,0.0039046152236151,8.549286313311295e-08,178.24501032846356,1.3032231028316823,0.8814982607371
STREAM,1000000,AMD,20T,20,2.264972583495717e-05,0.004111769452123,9.313045078713801e-08,181.735034845886,19.864727443627476,13.2448254226164
STREAM,1000000,AMD,32T,32,2.867405740011255e-05,0.0050779212155317,1.4560460440740525e-07,177.77384073829188,1.9460774334750308,1.7838892752586113
STREAM,1000000,AMD,64T,64,5.731218128688478e-05,0.0095054153727152,5.44776089048195e-07,165.84106753551117,69.36412172826041,64.63569363170834
STREAM,1000000,INTEL,1T,1,0.0004688265449438,0.0221374686476368,1.0365074630746485e-05,47.17093400974251,0.3199042041137377,3.7078607864746886
STREAM,1000000,INTEL,2T,2,0.000261985878661,0.0163195471599791,4.253051302322048e-06,62.72168454553049,1.142685494358262,1.5697202952281792
STREAM,1000000,INTEL,4T,4,0.0001258353997975,0.011434896444838,1.438914765779201e-06,90.95232776038227,2.9834953360011283,1.0189908119864757
STREAM,1000000,INTEL,8T,8,7.479832997837919e-05,0.0099387937978839,7.303929275320781e-07,133.3596551760158,2.8743305862302706,3.561107965005227
STREAM,1000000,INTEL,10T,10,5.226265657620041e-05,0.0077692344628316,4.07646423210429e-07,147.64017935406372,4.70836095989186,5.8610247567055
STREAM,1000000,INTEL,16T,16,6.820107768910715e-05,0.0089701245883644,6.094534180896041e-07,130.85887811951696,26.022743036995976,23.342215543768223
STREAM,1000000,INTEL,20T,20,5.4815005194947225e-05,0.0081116105130176,4.456810024718799e-07,147.5245644748693,13.898764709798137,13.682542015204808
STREAM,2000000,3090,gpu_resident,-1,3.152441523233088e-05,0.0109568911165752,3.454095852143541e-07,349.2259217965061,0.4622555065654818,0.5068793925357848
STREAM,2000000,5060ti,gpu_resident,-1,1.4329228101849862e-05,0.0021483758185387,3.0784259313594294e-08,149.9313507551417,0.0015714278281897,0.7006948327580464
STREAM,2000000,AMD,1T,1,0.0010158356997971,0.0739688094034378,7.495007409440819e-05,72.91477854635401,0.9944411966133656,2.3327355100678977
STREAM,2000000,AMD,2T,2,0.0001795868959107,0.0167074583333333,3.026970627870384e-06,90.50482313322432,5.3084103057380965,5.957414920490049
STREAM,2000000,AMD,4T,4,6.866334890649333e-05,0.0086479856199905,5.935530003211008e-07,126.08808550075996,0.6450841701308411,0.6812369815418562
STREAM,2000000,AMD,8T,8,4.104921220780251e-05,0.0070631663094812,2.899374126968951e-07,172.23228450107254,0.7299062140896482,0.4961029513001129
STREAM,2000000,AMD,10T,10,3.564489481605937e-05,0.0067871677644323,2.417685085413912e-07,190.1780340978661,0.2323810454059976,0.2580617187589231
STREAM,2000000,AMD,16T,16,3.028329775247584e-05,0.0066708533772163,2.0201543908535025e-07,220.34749300577403,4.3559292508708864,2.404166861704575
STREAM,2000000,AMD,20T,20,3.01567331193498e-05,0.0068710531523307,2.072085161637041e-07,227.59547872300263,2.278095665789815,1.221873453164649
STREAM,2000000,AMD,32T,32,3.401054232133806e-05,0.0074876793208312,2.5466003442973734e-07,220.71831241358177,2.982901582759178,1.7051085994192243
STREAM,2000000,AMD,64T,64,6.043162779485326e-05,0.0118162454320689,7.163410857671496e-07,196.2210175564105,31.113179751851376,28.652319694681594
STREAM,2000000,INTEL,1T,1,0.0011073316722037,0.0509464118942731,5.626121808281829e-05,46.21952099595848,1.646714200156829,2.37781688381818
STREAM,2000000,INTEL,2T,2,0.0006142594077729,0.0389645886267392,2.369337155141785e-05,63.28187042709671,3.492914432915349,3.910500463642794
STREAM,2000000,INTEL,4T,4,0.0004514294382022,0.0366508593258426,1.636886514357676e-05,80.45440039616287,2.1489189141342515,3.607693218007293
STREAM,2000000,INTEL,8T,8,0.0003185559273422,0.0358165281488549,1.1496939744649512e-05,113.09248902088606,7.942932700664383,5.954196661106192
STREAM,2000000,INTEL,10T,10,0.0002424371822803,0.0320214308588064,7.783918877574129e-06,131.42215687570996,6.974147338399948,2.918490966977625
STREAM,2000000,INTEL,16T,16,0.0002625433586586,0.0327251608820459,8.55629802679847e-06,122.6725097270812,15.37339007323645,10.404993299808254
STREAM,2000000,INTEL,20T,20,0.0002728740811325,0.0341651986030974,9.780330676970338e-06,131.31141934473789,24.283336853466917,18.090888876993645
STREAM,4000000,3090,gpu_resident,-1,5.9670525059665874e-05,0.0211038062283737,1.2592659558261002e-06,353.05623215309873,0.6781915359963976,0.6339889769659798
STREAM,4000000,5060ti,gpu_resident,-1,9.55852901870943e-05,0.0104232127517419,9.969733226127186e-07,109.15074077040724,0.1221455288308326,0.4122018909830665
STREAM,4000000,AMD,1T,1,0.0022589370786516,0.1647349720982142,0.0003710291081551,73.16995166782455,0.5346105589802131,1.5179551146909305
STREAM,4000000,AMD,2T,2,0.00125223875,0.1012955301886792,0.0001280915784371,81.68674401443181,0.912456498265636,1.6403241974123974
STREAM,4000000,AMD,4T,4,0.0002036182576836,0.0234095873320537,5.012869321610346e-06,116.0356639323505,9.39157251294328,10.232671421348416
STREAM,4000000,AMD,8T,8,7.267587728514393e-05,0.0133581686139332,9.713369586983803e-07,183.8723916310272,0.8897606310552102,0.6049382666782122
STREAM,4000000,AMD,10T,10,6.205777213307725e-05,0.0128722749519856,7.988247058046402e-07,205.935231435192,5.774307038517333,2.795249049085767
STREAM,4000000,AMD,16T,16,4.666662884632841e-05,0.0118554116430803,5.531463100532161e-07,254.02130643643653,0.6807641015600752,0.226215644960721
STREAM,4000000,AMD,20T,20,4.580419206253199e-05,0.0121584712385403,5.56200552490967e-07,266.0480862071562,1.3027467295676494,0.596432524137579
STREAM,4000000,AMD,32T,32,4.327333956571623e-05,0.0118868718820379,5.143846433255903e-07,275.1354402837597,23.949323714865724,22.6875729680812
STREAM,4000000,AMD,64T,64,6.616281498890195e-05,0.0159087463368158,1.0516560443929892e-06,240.6311881230812,0.1364028675252689,0.4158707441021863
STREAM,4000000,INTEL,1T,1,0.0026650853333333,0.1240331564171123,0.0003318349571198,46.32820834697219,0.4714999102426492,2.6651720325644828
STREAM,4000000,INTEL,2T,2,0.0016446710743801,0.1015006599025974,0.0001658388963769,62.01488531675991,0.5968180312683989,3.293674050450892
STREAM,4000000,INTEL,4T,4,0.0013419651941097,0.1035915923694779,0.0001390163113622,76.79883090818927,0.7216160032986091,3.9623804671785945
STREAM,4000000,INTEL,8T,8,0.00131494921875,0.1374305546874999,0.0001807142005187,104.54962478469866,0.5202653658923178,6.63520110902003
STREAM,4000000,INTEL,10T,10,0.0013120183486238,0.1512343587239583,0.0001970369051658,116.143859610261,3.166246512752123,4.30935669685904
STREAM,4000000,INTEL,16T,16,0.001318326745718,0.1469063580080753,0.0001913835963378,110.24216396011856,2.274214204624063,3.2668919650411583
STREAM,4000000,INTEL,20T,20,0.001452470289855,0.1727523573551262,0.0002503350468529,118.42836119667125,3.021512844345608,3.342940469013832
STREAM,8000000,3090,gpu_resident,-1,0.0001164227770018,0.0412695530726257,4.800602780924658e-06,354.7474027147856,0.1806335909080872,0.2720364088659954
STREAM,8000000,5060ti,gpu_resident,-1,0.0002428559980573,0.0246636341581756,5.9855624461018585e-06,101.58502777795654,0.0398548332553045,0.6650396928036859
STREAM,8000000,AMD,1T,1,0.0043493766233766,0.3239960347826087,0.0014162324500831,74.0561436882002,0.4957621164236999,1.8429174085234292
STREAM,8000000,AMD,2T,2,0.0028603071428571,0.2355458771428571,0.0006737335548622,81.74542460139295,0.6446829407367146,1.0149765079670856
STREAM,8000000,AMD,4T,4,0.001954591796875,0.1876571728515625,0.0003667931706804,95.58076754458897,3.731649533813584,6.845597015445808
STREAM,8000000,AMD,8T,8,0.0002365112926477,0.0376698565698178,8.694479018403046e-06,161.12844291623946,7.007997983921056,5.196847938987699
STREAM,8000000,AMD,10T,10,0.0005569021134593,0.0657594054712892,3.6028718191492735e-05,117.43349126076669,2.23632187292044,4.938041344822276
STREAM,8000000,AMD,16T,16,0.0001617795834648,0.0329351164405175,5.328229419111607e-06,202.996263957448,26.548298827331607,14.16482877834158
STREAM,8000000,AMD,20T,20,0.0006627362673726,0.0835399533421575,5.536495685446262e-05,124.97246958412772,4.517312773467086,4.064907783844718
STREAM,8000000,AMD,32T,32,8.388368542663805e-05,0.023155995866043,1.966296784424242e-06,286.71372260129306,8.989984029146802,6.271505949804689
STREAM,8000000,AMD,64T,64,0.0001080798078998,0.0283538127079532,3.059778706742718e-06,260.9443356015001,8.108579599847552,11.273810078778435
STREAM,8000000,INTEL,1T,1,0.0058433976608187,0.2739222251461988,0.001599778680592,46.94203763594196,0.9494129699836672,2.350596646656574
STREAM,8000000,INTEL,2T,2,0.0038216311787072,0.2299276766917293,0.0008664949832643,60.65813894779967,1.4628376749182723,5.703288240637798
STREAM,8000000,INTEL,4T,4,0.0031523264984227,0.2420498864353312,0.0007630202709502,76.19833139095806,0.788556537111792,3.85572000080387
STREAM,8000000,INTEL,8T,8,0.0031249561128526,0.3285688021806853,0.0010309946515653,104.4471294283994,0.6948318369941274,3.741137072237746
STREAM,8000000,INTEL,10T,10,0.0032171746794871,0.3730097106109324,0.0012009245532161,115.9997982164016,0.5591097529606173,4.045706812981946
STREAM,8000000,INTEL,16T,16,0.0032671433224755,0.3599973534201954,0.0011761629493356,111.034433463845,1.1125812330264562,5.056892149884463
STREAM,8000000,INTEL,20T,20,0.0035084825174825,0.4147630210526316,0.0014591828779462,118.90117884445162,2.380557970328516,3.581607625563185
STREAM,16000000,3090,gpu_resident,-1,0.0002296336394948,0.0812964408725602,1.8668397595539813e-05,354.0238751630151,0.0954145463361933,0.3036492320409944
STREAM,16000000,5060ti,gpu_resident,-1,0.0004848536112457,0.0493795443528841,2.394138365316744e-05,101.84637164740604,0.0066337603284927,0.4438103875073165
STREAM,16000000,AMD,1T,1,0.0091863256880733,0.6663207409090909,0.0061062511028794,72.61486702339334,0.2495468170848968,2.235315721583465
STREAM,16000000,AMD,2T,2,0.005833203488372,0.4750576941176471,0.0027748511760209,81.26588746012303,0.6763797120538008,0.5060884809580852
STREAM,16000000,AMD,4T,4,0.0048152727272727,0.4471483076923077,0.0021559449133017,92.76152984933476,0.2991801909410902,3.1058356053983203
STREAM,16000000,AMD,8T,8,0.0039392775590551,0.4530640486381323,0.0017655720871438,115.40783025569785,0.8791965347872138,5.836818089830237
STREAM,16000000,AMD,10T,10,0.0035483085106382,0.4171638286219081,0.001469303293958,116.36437423843378,2.236191272332892,5.363871003873812
STREAM,16000000,AMD,16T,16,0.003917064453125,0.49164851953125,0.0019258189392873,125.49108365801357,0.3334430851360206,2.1732191599334394
STREAM,16000000,AMD,20T,20,0.0041981464435146,0.5025979502074689,0.0021138107281889,120.70910812704102,0.8641977932075268,5.144851209727952
STREAM,16000000,AMD,32T,32,0.0037666315789473,0.5789694548872181,0.0021844898433851,154.81116910071384,0.8651761547810055,0.8402717803163272
STREAM,16000000,AMD,64T,64,0.0039448307086614,0.6344854271653544,0.00250293759728,160.85518789798954,1.007990475017666,0.8182243877812875
STREAM,16000000,INTEL,1T,1,0.0124029876543209,0.5941636666666668,0.0073770920732098,46.9180644220869,0.990150282698286,3.296802785553837
STREAM,16000000,INTEL,2T,2,0.0079724166666666,0.4811020912698412,0.0038341617153981,60.21890958527919,0.8993915551597107,5.158340338010447
STREAM,16000000,INTEL,4T,4,0.0067363724832214,0.5116990067114094,0.003429599059385,76.33324721853103,0.6481762288213796,2.5204805942308406
STREAM,16000000,INTEL,8T,8,0.0067555067114093,0.7149285604026845,0.0048253130480549,106.02014351153171,0.3025080314376481,2.2020512718562237
STREAM,16000000,INTEL,10T,10,0.0069396551724137,0.8195640896551724,0.0056874921739,117.98117276282905,0.1179770618220092,1.2301643643530564
STREAM,16000000,INTEL,16T,16,0.0069749618055555,0.7756594545454546,0.0054176163739071,110.55558011926922,0.6278626211080297,2.900920119214756
STREAM,16000000,INTEL,20T,20,0.0073898235294117,0.889916974074074,0.0065766818616643,119.7050017568265,0.4600053359033657,2.1851262754331118
STREAM,32000000,3090,gpu_resident,-1,0.0004557578587699,0.1612892938496583,7.351051651454567e-05,353.897484554019,0.0453734000614746,0.0858109261112919
STREAM,32000000,5060ti,gpu_resident,-1,0.0009704689621726,0.0978553398058252,9.497065554156411e-05,100.73447387319968,0.0800521519388618,0.4498849422918176
STREAM,32000000,AMD,1T,1,0.0182399272727272,1.3689645454545454,0.0249447393748468,75.05681294341406,0.20017569306194,0.7816719642735583
STREAM,32000000,AMD,2T,2,0.0114891193181818,0.9361870965909092,0.0107506672889876,81.49775398499634,0.4008301887793817,1.0034781183853
STREAM,32000000,AMD,4T,4,0.0094632264150943,0.9132863018867924,0.0086588719473555,96.18923380214405,0.2663495579283536,4.17653358342031
STREAM,32000000,AMD,8T,8,0.0096072714285714,1.055830639423077,0.0101849747179161,109.7632494337217,0.8832873721398361,9.175860499654116
STREAM,32000000,AMD,10T,10,0.0097027403846153,1.1264612451923075,0.0109351821101739,116.04222405148138,0.1227575603646408,7.837281171408829
STREAM,32000000,AMD,16T,16,0.0097460145631067,1.320005432038835,0.0128441654772065,135.38257451276385,0.2895707938944767,4.463378154442905
STREAM,32000000,AMD,20T,20,0.0107398457446808,1.329057824468085,0.0142779480274998,124.28495362721006,0.2861234151292383,1.6280623345448255
STREAM,32000000,AMD,32T,32,0.0098495931372549,1.5070661666666667,0.0148431136960699,153.0268555966104,0.0995898789459318,0.1643840062412596
STREAM,32000000,AMD,64T,64,0.010006707920792,1.587847115,0.0158990975709169,158.36517650240006,0.1600810110701432,0.3306782389240265
STREAM,32000000,INTEL,1T,1,0.0251715,1.1695107125,0.0295755517440378,46.27060489302747,0.3694834182898939,1.9162795038172888
STREAM,32000000,INTEL,2T,2,0.0162259193548387,0.9793557983870969,0.0158268714818039,60.498154404839966,0.338859736868765,3.340938595060513
STREAM,32000000,INTEL,4T,4,0.0138260821917808,1.046522828767123,0.0144909785096245,76.00532763302465,0.4887754157904906,1.479760603879427
STREAM,32000000,INTEL,8T,8,0.0139010555555555,1.4760225486111112,0.0205749650655815,105.90902657118929,0.218028052075335,1.6006545298703476
STREAM,32000000,INTEL,10T,10,0.0142540915492957,1.6818482253521123,0.0239522783813838,118.11655463432704,0.0630217251924741,1.6660161853129702
STREAM,32000000,INTEL,16T,16,0.0142626126760563,1.5643305357142858,0.0223803352112034,109.3076993856658,0.2511197412227426,1.375093035086964
STREAM,32000000,INTEL,20T,20,0.0149968283582089,1.816557828358209,0.0273237517004908,120.61281938629617,0.5073600371736877,1.8929982826627096
STREAM,64000000,3090,gpu_resident,-1,0.0009091030881017,0.3208197093551317,0.0002916535732239,352.95532371436866,0.0650037978485896,0.3429585977376973
STREAM,64000000,5060ti,gpu_resident,-1,0.0019405116279069,0.1960968992248062,0.0003805283131422,101.03495380272314,0.0297615336960314,0.4983896660799944
STREAM,64000000,AMD,1T,1,0.0360720892857142,2.664960625,0.0960878202949999,73.8271289443166,0.4207845129052506,1.7949330646864898
STREAM,64000000,AMD,2T,2,0.0226051,1.8410331666666664,0.0415101021036183,81.52527571682134,0.2807955568831616,0.9741810939713076
STREAM,64000000,AMD,4T,4,0.0187388425925925,1.6901122685185186,0.0316989788981372,90.361299859327,0.2232759804754834,1.2274739134466297
STREAM,64000000,AMD,8T,8,0.0189595943396226,2.094157773584906,0.039704381870337,110.45449219223688,0.2938195782853633,9.792454064764804
STREAM,64000000,AMD,10T,10,0.0191900188679245,2.301646132075472,0.0441232729020976,120.0747524849375,0.2104661492593478,8.89079520761571
STREAM,64000000,AMD,16T,16,0.019279625,2.429244086538461,0.0468515693587914,125.94901741476065,0.1628951500979779,4.433896960336825
STREAM,64000000,AMD,20T,20,0.0214261489361702,2.7016636063829784,0.0579768387599127,125.89250344738724,0.1782508201908147,3.2712929115310194
STREAM,64000000,AMD,32T,32,0.0195793557692307,2.9984511153846154,0.0585240860139446,153.2005271105377,0.1473181270593505,0.2997129571008615
STREAM,64000000,AMD,64T,64,0.0198448235294117,3.153166225490196,0.0625665771757116,158.84527883147308,0.0140698284873692,0.3026164265781365
STREAM,64000000,INTEL,1T,1,0.0505276,2.331880325,0.1176433623962497,46.2241041172228,0.5573875019987128,2.457745519562895
STREAM,64000000,INTEL,2T,2,0.0327417096774193,1.9753091612903224,0.0645024144091029,60.34553183160144,0.6882553844529405,5.704390133402217
STREAM,64000000,INTEL,4T,4,0.0280920833333333,2.1382840833333336,0.0600688546593402,76.13078106385102,0.1727715762403603,1.205367923004303
STREAM,64000000,INTEL,8T,8,0.0281951388888888,3.000418708333333,0.0845850538415172,106.42738219569802,0.0806171202840254,3.24400901244226
STREAM,64000000,INTEL,10T,10,0.0286041,3.3682008000000003,0.096381450829234,117.71028849251704,0.0336868422728572,3.1091377153359425
STREAM,64000000,INTEL,16T,16,0.0288528571428571,3.1747869714285715,0.0918120726136389,109.78493400799572,0.309876263188687,6.746158267601427
STREAM,64000000,INTEL,20T,20,0.0296262205882352,3.5879774852941178,0.1070554531547347,120.45572818298604,0.5604612975223651,1.7719623110013012
STREAM,128000000,3090,gpu_resident,-1,0.0018103218806509,0.639745931283906,0.001158873725075,353.13204646241934,0.0340674018467077,0.2570407754172804
STREAM,128000000,5060ti,gpu_resident,-1,0.0038822480620155,0.3926027131782945,0.0015242648167552,101.14146825348834,0.0071856459767642,0.6781465656988669
STREAM,128000000,AMD,1T,1,0.0713538666666666,5.268939333333334,0.3759591946654219,73.84901018255617,0.2405281547510213,0.885435406966306
STREAM,128000000,AMD,2T,2,0.0445027608695652,3.639394565217392,0.1619328041302457,81.77816924466295,0.5331658389744572,2.125577295502086
STREAM,128000000,AMD,4T,4,0.0370681296296296,3.4010507142857147,0.1259528723605483,91.841170468432,0.2466907957892983,1.2161090553949625
STREAM,128000000,AMD,8T,8,0.037506537037037,4.68970962962963,0.1757062242202468,125.15569839070749,0.2035002857210912,8.822783814199099
STREAM,128000000,AMD,10T,10,0.038085537037037,4.19694687037037,0.1602767377051436,109.90714616292853,0.1571821946831009,7.738836645426739
STREAM,128000000,AMD,16T,16,0.0382753333333333,5.167723555555555,0.1976267637719176,135.09969773395176,0.0948969615726587,4.368277607427067
STREAM,128000000,AMD,20T,20,0.0426277291666666,5.2444975625,0.2235291176826547,123.05296017603742,0.0749274515842887,5.167185518606483
STREAM,128000000,AMD,32T,32,0.0388798846153846,5.959221423076923,0.2316938413267588,153.19069992660636,0.0608625594372815,0.6433069156874847
STREAM,128000000,AMD,64T,64,0.0394322692307692,6.283972980769231,0.2477913144165715,159.34347493707827,0.053150325248295,0.6114590040696404
STREAM,128000000,INTEL,1T,1,0.1004912,4.68708825,0.4707673941594,46.6460368080765,0.0916518737503603,2.129300662383496
STREAM,128000000,INTEL,2T,2,0.06581509375,3.98362475,0.2621317404105195,60.46672193980108,0.1739832398214086,1.1549726848991673
STREAM,128000000,INTEL,4T,4,0.0566616111111111,4.328580166666667,0.245704735751233,76.2781890967982,0.1878212817356398,3.316959983826537
STREAM,128000000,INTEL,8T,8,0.0571490555555555,5.997721277777778,0.3424740500453315,104.91387199073372,0.1771004186726966,1.083087117323762
STREAM,128000000,INTEL,10T,10,0.0574268055555555,6.740040805555555,0.3871252898450696,117.35444757190524,0.1155287241651692,2.5661370086834023
STREAM,128000000,INTEL,16T,16,0.0576346944444444,6.305781833333334,0.3629828725630833,109.53076021026068,0.0992919753741043,1.0101418103458268
STREAM,128000000,INTEL,20T,20,0.0589646764705882,7.12253525,0.4183979011015414,121.25676798702368,0.5137578210716216,5.875437186035419
STREAM,256000000,3090,gpu_resident,-1,0.0036189025270758,1.277,0.0046261653104692,352.8085661032584,0.0786813937527393,0.2433154399754392
STREAM,256000000,5060ti,gpu_resident,-1,0.0077620465116279,0.7856279069767442,0.006097809343609,101.07869294507404,0.0710366833713716,0.2786220596328086
STREAM,256000000,AMD,1T,1,0.1417988124999999,10.43848225,1.476049850185879,73.92780279755623,0.2574787343001452,1.541745612167057
STREAM,256000000,AMD,2T,2,0.0881099166666666,7.247583041666667,0.6390121492007084,82.23281064670545,0.0902092080833242,0.7035762672064556
STREAM,256000000,AMD,4T,4,0.0734132142857142,6.815670107142857,0.5002835737877106,92.8142946255412,0.0406614319748849,0.9556313386122232
STREAM,256000000,AMD,8T,8,0.0743474285714285,8.079975785714286,0.6007254225872647,108.67877155391872,0.0790888379379063,8.451382615322672
STREAM,256000000,AMD,10T,10,0.0755287857142857,8.919615392857143,0.6734602694684335,118.12511672511008,0.0701112429664223,7.122830828662033
STREAM,256000000,AMD,16T,16,0.0760059642857142,9.282217392857142,0.7054551520124226,122.12980266334668,0.0198765920755141,3.5564485377617028
STREAM,256000000,AMD,20T,20,0.084852125,10.60525025,0.9006491099395412,124.94769276379604,0.0932198002208602,3.103008535925071
STREAM,256000000,AMD,32T,32,0.0773405384615384,11.875579576923077,0.9184637190220792,153.50939308890622,0.0460341095061431,0.2511358279238399
STREAM,256000000,AMD,64T,64,0.0784703846153846,12.490496307692307,0.9806476008613846,159.14451404787846,0.0799705694078356,0.3660676323084926
STREAM,256000000,INTEL,1T,1,0.2006293,9.2933356,1.86524494293768,46.307634978261376,0.2260704320497024,1.2635651897564757
STREAM,256000000,INTEL,2T,2,0.1345499375,8.0917723125,1.0887474589111057,59.91352415301225,0.3909371591795338,1.3884598510071142
STREAM,256000000,INTEL,4T,4,0.1167053888888888,8.84801338888889,1.0275266766398574,76.05997670443321,0.4420023606244721,5.818707752746011
STREAM,256000000,INTEL,8T,8,0.1159725,12.165764055555556,1.4108940719329168,104.79389566120398,0.1830335411733863,4.294593141164457
STREAM,256000000,INTEL,10T,10,0.1163553888888888,13.594339111111111,1.5823720096405922,116.82030570468348,0.0601612345056353,4.914693391464257
STREAM,256000000,INTEL,16T,16,0.1164097777777777,12.80090788888889,1.4903144098557155,109.95757554470856,0.0258605874653618,3.527281317874984
STREAM,256000000,INTEL,20T,20,0.1177654444444444,14.246213277777777,1.6796423635143634,120.7624546901136,0.0902736315226916,2.6936541434870653
STRIDED_GEMM,64,3090,gpu_resident,-1,5.265390629524527e-06,0.0009341966020311,4.919391837770915e-09,177.4047055,0.0107296735089346,0.8245135981146945
STRIDED_GEMM,64,5060ti,gpu_resident,-1,9.824193706499364e-06,0.0003301833153612,3.241224180560288e-09,33.572706,0.4411500621344955,0.5597626177151899
STRIDED_GEMM,64,AMD,1T,1,6.152481265919355e-06,0.0004420068137912,2.7196551094582803e-09,71.83632990412246,0.3443949482967324,0.8796970296060224
STRIDED_GEMM,64,AMD,2T,2,6.147713611058021e-06,0.0004414509491427,2.713308169894568e-09,71.79607037879714,0.5609890452303586,1.5220792598775676
STRIDED_GEMM,64,AMD,4T,4,6.149570334621919e-06,0.0004425503748799,2.7210816531893446e-09,72.00302829076102,0.4960887563202885,1.223041051045786
STRIDED_GEMM,64,AMD,8T,8,6.138008702643321e-06,0.0004390853733376,2.693620855628583e-09,71.70195036390024,0.4205931035523049,1.0054480474368632
STRIDED_GEMM,64,AMD,10T,10,6.151522048014172e-06,0.0004418865183882,2.71842656364284e-09,71.83334552527677,0.4271515081981252,0.9634719486433436
STRIDED_GEMM,64,AMD,16T,16,6.169918931156612e-06,0.0004465363408288,2.7560592340621167e-09,72.28168887112209,0.3184596225880065,0.6837534640873569
STRIDED_GEMM,64,AMD,20T,20,6.145887099257799e-06,0.0004418442548735,2.716481390584257e-09,71.88288325834057,0.3015338573354327,0.5832432870166426
STRIDED_GEMM,64,AMD,32T,32,6.154622143463655e-06,0.0004426930392815,2.725736455735348e-09,71.8477271456542,0.3205920209350539,0.881568392035326
STRIDED_GEMM,64,AMD,64T,64,6.16892163261208e-06,0.0004436749288843,2.735155887988519e-09,71.96936885165897,0.4726181617014771,1.0496909661841425
STRIDED_GEMM,64,INTEL,1T,1,2.5564774921052965e-06,0.0001600621949192,4.0903490931405907e-10,59.742055349927554,5.691411194492092,12.169633882632173
STRIDED_GEMM,64,INTEL,2T,2,2.481484534640308e-06,0.0001460082847464,3.62317962091293e-10,58.83901910615528,5.432399819760841,14.329639962383869
STRIDED_GEMM,64,INTEL,4T,4,2.685753448289805e-06,0.0001673816350915,4.554999880734155e-10,64.20666638943493,4.447267656335022,9.410935757999493
STRIDED_GEMM,64,INTEL,8T,8,2.718807614968793e-06,0.0001642191003875,4.5015620879452327e-10,62.561207664146735,5.731721044979005,5.864775021698531
STRIDED_GEMM,64,INTEL,10T,10,2.615265488467808e-06,0.0001609739104985,4.209896027831605e-10,61.551644774345846,4.211214013923632,15.025553616360318
STRIDED_GEMM,64,INTEL,16T,16,2.476036837876259e-06,0.0001315633664435,3.229599081398164e-10,53.61573401051566,6.857826053371805,17.918936810269816
STRIDED_GEMM,64,INTEL,20T,20,2.679698672313956e-06,0.0001737698111841,4.839105697134778e-10,62.128173706433714,5.981615927145932,11.669009942669916
STRIDED_GEMM,128,3090,gpu_resident,-1,5.186626183838249e-06,0.0010086930828564,5.234266457310598e-09,194.488466,0.0977340819234239,0.3916170827671086
STRIDED_GEMM,128,5060ti,gpu_resident,-1,9.844514270493175e-06,0.0004243214979824,4.177338209321127e-09,43.2283795,0.4699803008759057,1.0121670336834991
STRIDED_GEMM,128,AMD,1T,1,4.032576485663944e-05,0.002961438454447,1.192758468707485e-07,73.45790845556103,0.3343290440334049,0.7107821525853655
STRIDED_GEMM,128,AMD,2T,2,2.3433674537629407e-05,0.002089668733279,4.896861634552168e-08,88.97163757244834,0.5903294378623327,0.336394148783834
STRIDED_GEMM,128,AMD,4T,4,1.3358346501653231e-05,0.0015195568035815,2.0253929201305706e-08,113.74900797740266,0.4713112559906356,0.6513413597729677
STRIDED_GEMM,128,AMD,8T,8,1.740314082033268e-05,0.0020958530237283,3.650211026873376e-08,120.2168007013204,2.272271004771417,1.6590252133745076
STRIDED_GEMM,128,AMD,10T,10,1.7552939211756847e-05,0.0020938590162781,3.675337677525272e-08,119.3295582266902,18.2648079891316,13.733426795861226
STRIDED_GEMM,128,AMD,16T,16,1.7469962627920784e-05,0.0020776206995913,3.628899102494964e-08,120.01675421180414,18.72002776269564,14.219867022857152
STRIDED_GEMM,128,AMD,20T,20,1.7336345923000644e-05,0.002088338600956,3.619314223407837e-08,120.20253659361536,2.899316790431793,2.5787070447721026
STRIDED_GEMM,128,AMD,32T,32,1.7360936455995474e-05,0.0020731785622505,3.600402960811704e-08,119.4551354910952,1.8826322007326093,2.085546571882829
STRIDED_GEMM,128,AMD,64T,64,1.7213043849901702e-05,0.0020762849090223,3.563719190712544e-08,119.44883436402722,17.472251969699567,13.080103571686497
STRIDED_GEMM,128,INTEL,1T,1,2.712906506821449e-05,0.0017490790352806,4.753170007363268e-08,64.36293161881053,3.61475181707672,10.00241116118176
STRIDED_GEMM,128,INTEL,2T,2,1.9554605851043165e-05,0.0014336584970338,2.9751940393968386e-08,72.22933993795371,3.753660473262248,7.958372654395689
STRIDED_GEMM,128,INTEL,4T,4,1.238258696497825e-05,0.0011816319297914,1.4631661135124886e-08,93.02313474852448,4.078116904867313,8.082035575457548
STRIDED_GEMM,128,INTEL,8T,8,1.178946383237596e-05,0.0014275580101796,1.7363656290697365e-08,120.68435096329333,5.4340732798347045,2.544952487989961
STRIDED_GEMM,128,INTEL,10T,10,1.222836402266289e-05,0.0014895355540023,1.830983247974642e-08,121.88834640632672,2.5088622834684315,4.732442952038585
STRIDED_GEMM,128,INTEL,16T,16,1.2112697310115212e-05,0.0014916596468434,1.815300241842973e-08,122.22816754551135,5.721207893918187,3.271609795750688
STRIDED_GEMM,128,INTEL,20T,20,1.2068080490189064e-05,0.0014963019779699,1.8026667738769765e-08,124.522190889137,1.947387830283258,6.791738182168166
STRIDED_GEMM,256,3090,gpu_resident,-1,7.282658879559572e-06,0.0021616795683107,1.5742947946253712e-08,296.822251,0.0072070051100526,0.6225378011194314
STRIDED_GEMM,256,5060ti,gpu_resident,-1,1.63740113641946e-05,0.0012476624035895,2.04331027280577e-08,76.190404,0.0207755623803256,0.404661953615921
STRIDED_GEMM,256,AMD,1T,1,0.0002868261612995,0.0216076433257273,6.195025471356494e-06,74.93777049720815,2.4549356733351533,2.6076764223404005
STRIDED_GEMM,256,AMD,2T,2,0.0001572036058439,0.0144855924545877,2.280380087594668e-06,93.1428318611736,1.4966481705351409,2.1399176824978925
STRIDED_GEMM,256,AMD,4T,4,8.740453284798059e-05,0.0104298685214075,9.11868827924908e-07,119.41058599083796,0.5433180502059657,0.8484130268882922
STRIDED_GEMM,256,AMD,8T,8,8.999734329971182e-05,0.0121309941912824,1.0922987837054453e-06,134.7831541199007,22.184699993515416,15.331336773908504
STRIDED_GEMM,256,AMD,10T,10,0.0001004573037066,0.0140871560382622,1.4151577097087445e-06,140.39620852679528,2.666085820621908,2.1053889022778605
STRIDED_GEMM,256,AMD,16T,16,6.577063919149494e-05,0.0117967718065991,7.718843541403335e-07,177.2949059613457,4.793389610928557,3.262905310967988
STRIDED_GEMM,256,AMD,20T,20,9.300398849828402e-05,0.0175695056117243,1.6339297083791543e-06,188.8320759965576,1.3639686417442898,0.863832027919338
STRIDED_GEMM,256,AMD,32T,32,7.902664824318989e-05,0.0167870356605119,1.333067413457149e-06,215.02749616620315,6.406104600021528,6.334664033085277
STRIDED_GEMM,256,AMD,64T,64,7.739902381882077e-05,0.0166739039941511,1.287948527427747e-06,215.8914316287509,9.01175079165799,7.8753442318366496
STRIDED_GEMM,256,INTEL,1T,1,0.0002008121199837,0.013061316781516,2.6228717336098355e-06,65.04245649877507,3.464674590215479,9.42115603354422
STRIDED_GEMM,256,INTEL,2T,2,0.0001122455885637,0.0085481906086956,9.690142793339438e-07,74.4904201015634,2.6559643716661,7.370644781147258
STRIDED_GEMM,256,INTEL,4T,4,6.681527759461954e-05,0.0069324714075756,4.683652220700697e-07,104.83814247586494,2.612141000956207,8.938437543197582
STRIDED_GEMM,256,INTEL,8T,8,3.926455906821964e-05,0.0055139437543533,2.177878856343998e-07,139.88276082610014,2.863515582320705,3.245914959091479
STRIDED_GEMM,256,INTEL,10T,10,6.35302962868769e-05,0.008834782678403,5.56065877186367e-07,138.8834642816098,1.2958311288421398,3.88880976162344
STRIDED_GEMM,256,INTEL,16T,16,5.005172069825436e-05,0.0076120960363618,3.861948749776632e-07,151.29445697226697,2.9185999664216027,1.1298118696482702
STRIDED_GEMM,256,INTEL,20T,20,5.711243258586432e-05,0.0089584792506386,5.032302098415583e-07,156.8050597541013,3.863426138852181,3.679328439185454
STRIDED_GEMM,512,3090,gpu_resident,-1,2.2870950780696337e-05,0.0075230361588889,1.7185056457694625e-07,329.034089,0.1665066654808416,3.804863028003155
STRIDED_GEMM,512,5060ti,gpu_resident,-1,6.762133198106828e-05,0.007332893847194,4.998092197938138e-07,107.767326,1.081078255625365,1.2098965464326437
STRIDED_GEMM,512,AMD,1T,1,0.0022319092920353,0.1673521030701754,0.0003728032151877,75.33608745718931,1.348950208704197,1.2871705868886147
STRIDED_GEMM,512,AMD,2T,2,0.0011420125570776,0.10685366969353,0.0001219182581806,93.87746119781131,1.54394341543965,1.3008362503986068
STRIDED_GEMM,512,AMD,4T,4,0.0006152287621359,0.0758737083835947,4.661885280054449e-05,123.57169018751544,1.5975982416458776,1.1863467063983717
STRIDED_GEMM,512,AMD,8T,8,0.0005380061629153,0.07857125606469,4.229947992807951e-05,146.01061523942855,18.740268521693896,12.331816781591884
STRIDED_GEMM,512,AMD,10T,10,0.0005115522273425,0.0813175773169482,4.160295028862591e-05,158.8724516868084,1.729206675191408,1.0971294370125813
STRIDED_GEMM,512,AMD,16T,16,0.0003210643998746,0.0675389177373864,2.168275909047525e-05,210.30151909100184,4.88002512594758,2.766281526768417
STRIDED_GEMM,512,AMD,20T,20,0.0003318156415343,0.0750867547949735,2.490591863144284e-05,226.1543675477474,4.793829854912313,2.782343764110178
STRIDED_GEMM,512,AMD,32T,32,0.0003861949054419,0.0903918367425704,3.489549235323354e-05,238.1818275360447,9.220117032801074,6.3938783426090415
STRIDED_GEMM,512,AMD,64T,64,0.0004422077157802,0.1154299060592851,5.1051387770909807e-05,261.8858053642696,16.20696696914587,11.610002191681522
STRIDED_GEMM,512,INTEL,1T,1,0.0015167776923076,0.0950111505376344,0.0001485347856589,60.57970323716611,6.569965251772869,11.783743506721818
STRIDED_GEMM,512,INTEL,2T,2,0.0008031029647435,0.0641747568108974,5.153967174365877e-05,81.81019493857693,4.510330370932309,8.790692161228955
STRIDED_GEMM,512,INTEL,4T,4,0.0004451100489106,0.0454865582177385,1.9892057092049904e-05,104.20729423761532,3.718105752964666,4.628232641407793
STRIDED_GEMM,512,INTEL,8T,8,0.0002582372069573,0.0398910669031931,1.039126666456128e-05,150.46581583549354,3.185776954033049,3.6603585253335487
STRIDED_GEMM,512,INTEL,10T,10,0.0003086759963492,0.0481938638576209,1.4873614092763956e-05,156.41059738064018,2.0025031392416826,4.731827870728769
STRIDED_GEMM,512,INTEL,16T,16,0.0002529232124874,0.0410734260466282,1.0301292962434046e-05,159.6601842559451,1.9387711640205056,2.828158957062024
STRIDED_GEMM,512,INTEL,20T,20,0.0003042477517985,0.0520531010132023,1.5942932531577658e-05,170.0302066860232,1.0540256282571208,3.275954524228587
STRIDED_GEMM,1024,3090,gpu_resident,-1,0.0001221521401243,0.0405251289432649,4.94656256546926e-06,332.30662800000005,0.1697657526533686,1.101077941064336
STRIDED_GEMM,1024,5060ti,gpu_resident,-1,0.0004506816133393,0.0562879675529517,2.536605157483985e-05,124.9045875,0.2779057373437165,1.9997135054311357
STRIDED_GEMM,1024,AMD,1T,1,0.0176286578947368,1.3343390087719298,0.0235652416588521,75.61701065841486,1.0127051005887646,0.9885216142534704
STRIDED_GEMM,1024,AMD,2T,2,0.008933424778761,0.8398591652173912,0.00751101838849,95.525165135422,0.7971567429915084,1.5012410792087525
STRIDED_GEMM,1024,AMD,4T,4,0.004755827014218,0.5946855642857143,0.0028313476352861,124.9862854528796,0.6192316730870651,0.7521429020721423
STRIDED_GEMM,1024,AMD,8T,8,0.0033703571428571,0.5379644783333333,0.0018121275295949,159.91983098924544,0.870849560393386,0.412574733282694
STRIDED_GEMM,1024,AMD,10T,10,0.0031870857142857,0.5488203777777778,0.0017479272045102,172.12154552199615,2.029656970797656,1.4217795887032147
STRIDED_GEMM,1024,AMD,16T,16,0.0018773803738317,0.4434588682242991,0.0008324638580854,236.19859088495195,1.1158140256001057,0.8073852470565193
STRIDED_GEMM,1024,AMD,20T,20,0.0018446700367647,0.4707916341911764,0.0008683165917097,254.97891900149347,0.8923842429713217,0.6976280696439783
STRIDED_GEMM,1024,AMD,32T,32,0.0016064703525641,0.4598089488,0.0007378120717038,285.3903735643719,5.029621856866292,2.6855117959713777
STRIDED_GEMM,1024,AMD,64T,64,0.0017773418727915,0.5112660070671378,0.0009084424375731,287.5227650697854,4.3355293692426455,4.309443725659594
STRIDED_GEMM,1024,INTEL,1T,1,0.0115853720930232,0.7580183076923077,0.0090282683861049,63.12682519519551,6.135802956307359,10.17536793024096
STRIDED_GEMM,1024,INTEL,2T,2,0.0057472655367231,0.4952450212121212,0.0028706590694401,79.98236415378435,5.6267431416541145,9.114585157904052
STRIDED_GEMM,1024,INTEL,4T,4,0.0031495660377358,0.3503299455128205,0.0010634172138548,109.03304629122287,4.353544536064283,4.18979849488742
STRIDED_GEMM,1024,INTEL,8T,8,0.001775143738977,0.2627173336594912,0.0004816048394413,142.01829845567602,4.537969517578183,3.9199208714236007
STRIDED_GEMM,1024,INTEL,10T,10,0.0019178826335877,0.2995842959183673,0.0005701554090018,159.09329230671955,3.568236332086816,2.8525084690981464
STRIDED_GEMM,1024,INTEL,16T,16,0.0022528825503355,0.3527532447916667,0.0007913182713745,158.31034172295614,2.995501449453255,3.097668129636372
STRIDED_GEMM,1024,INTEL,20T,20,0.0019798063583815,0.3391459171483622,0.0006711930863682,171.38316567051953,6.644407664933957,2.930052614695173
STRIDED_GEMM,2048,3090,gpu_resident,-1,0.0007647087155963,0.2575174506828528,0.0001971587218874,337.199192,0.1734840761366921,0.3276015892097224
STRIDED_GEMM,2048,5060ti,gpu_resident,-1,0.0035091747404844,0.47328125,0.001661582233947,134.80837300000002,0.2170715406968399,1.1632446596625363
STRIDED_GEMM,2048,AMD,1T,1,0.139054125,10.7613653125,1.4902983720962188,77.02375298432503,0.9227759385376326,0.4325423563359909
STRIDED_GEMM,2048,AMD,2T,2,0.0711595333333333,6.896956733333333,0.4855470211564644,97.12694748212228,1.3805795451120555,1.7410370366959074
STRIDED_GEMM,2048,AMD,4T,4,0.0375107407407407,4.764901592592592,0.1785596206838573,126.83831453583952,0.6205687456869319,0.5552120588761248
STRIDED_GEMM,2048,AMD,8T,8,0.0224871111111111,3.888384322222222,0.0874272431399935,172.7708116294098,1.069544760931319,0.6587683140885723
STRIDED_GEMM,2048,AMD,10T,10,0.0207472142857142,3.8811228163265294,0.0804754135313477,188.2727710707631,1.0895879166489897,1.1950813745490283
STRIDED_GEMM,2048,AMD,16T,16,0.011923494117647,3.143778958823529,0.0374923425545085,263.61274541443225,0.5666537975498727,0.3933760353257655
STRIDED_GEMM,2048,AMD,20T,20,0.0120325361445783,3.330848594117647,0.0401244015064884,276.2789594125179,1.579946568169006,0.7890739738374061
STRIDED_GEMM,2048,AMD,32T,32,0.0083889083333333,2.407646475,0.0201974436923154,287.00651505543965,6.330226963459021,6.335514467434091
STRIDED_GEMM,2048,AMD,64T,64,0.0083304173553719,1.998782991735537,0.0166475496378321,240.48459505825045,1.469847475285482,1.1107210348619014
STRIDED_GEMM,2048,INTEL,1T,1,0.0856545,5.173842875,0.4429885505582395,60.42741198335104,4.271947874600016,13.302172268968947
STRIDED_GEMM,2048,INTEL,2T,2,0.0465862045454545,3.9552787142857135,0.185770449990844,82.58591087334946,4.337107710134695,4.226246505933246
STRIDED_GEMM,2048,INTEL,4T,4,0.024326869047619,2.7898388837209303,0.0654723411178669,114.50379932613404,2.742394340525021,6.000583448697971
STRIDED_GEMM,2048,INTEL,8T,8,0.013799102739726,2.131461861842105,0.0290607425685601,152.3671673990279,4.955395967136717,1.7848687053412875
STRIDED_GEMM,2048,INTEL,10T,10,0.0145303642857142,2.379581867647059,0.0355981195526643,161.01607352088115,2.876849078541197,3.3180795518183808
STRIDED_GEMM,2048,INTEL,16T,16,0.0155958828125,2.630865984375,0.0410213584045882,167.99531910317245,2.079074264135965,3.678500525973931
STRIDED_GEMM,2048,INTEL,20T,20,0.0270654324324324,4.098357833333333,0.1124203446624894,154.05175786501914,2.2349020126369035,4.781099251932611
STRIDED_GEMM,4096,3090,gpu_resident,-1,0.0055562472222222,1.798779005524862,0.009979714305943,324.218193,0.1077281834626028,0.4610351995479918
STRIDED_GEMM,4096,5060ti,gpu_resident,-1,0.0281295277777777,3.884069444444444,0.1092629191994598,138.61771800000002,0.2620765220389516,1.3363429361244652
STRIDED_GEMM,4096,AMD,1T,1,1.094909,86.9846985,94.907352763824,79.02234072550539,1.2036534010809985,2.5687874791719416
STRIDED_GEMM,4096,AMD,2T,2,0.55553375,54.0818325,30.032487219518003,97.3866268214806,1.852244986503128,1.810119406202184
STRIDED_GEMM,4096,AMD,4T,4,0.292974,37.435823375,10.98692829534672,128.2821539833326,1.105198641208999,1.066118649035018
STRIDED_GEMM,4096,AMD,8T,8,0.1521078571428571,28.55886614285714,4.344028102508673,187.7218814064456,0.8690037827611364,0.5400016992235517
STRIDED_GEMM,4096,AMD,10T,10,0.1342165625,27.8215830625,3.737903466246906,207.8775646389045,0.6614967234886937,0.4737085683817091
STRIDED_GEMM,4096,AMD,16T,16,0.0828652692307692,23.43411603846154,1.941874221347361,283.0618505283319,1.2837943318031384,0.9257797739681544
STRIDED_GEMM,4096,AMD,20T,20,0.0788518461538461,22.371697423076924,1.764121661816778,284.6035521526509,1.0792841900296288,0.969593195545359
STRIDED_GEMM,4096,AMD,32T,32,0.0542776052631578,15.197801157894736,0.8247222312194875,279.8967759371507,3.5614354002915705,2.3978086128313576
STRIDED_GEMM,4096,AMD,64T,64,0.0584261388888888,14.17582722222222,0.82950438481979,244.1697796130177,3.650085683892758,2.705483548748282
STRIDED_GEMM,4096,INTEL,1T,1,0.67789975,43.8718205,29.7379042028115,64.36416879756636,4.533506813797482,12.470850121525508
STRIDED_GEMM,4096,INTEL,2T,2,0.33901675,27.52688425,9.024209912173657,81.44701757191493,4.315275703216539,5.835000254814847
STRIDED_GEMM,4096,INTEL,4T,4,0.1875016666666666,21.423178166666663,3.935084808336208,113.47784291366804,4.2322508724106775,4.094243786881359
STRIDED_GEMM,4096,INTEL,8T,8,0.1130478,17.423373222222224,2.031736144415568,156.7029542898807,4.302450510001318,2.8711914361747457
STRIDED_GEMM,4096,INTEL,10T,10,0.1056568,17.99624605,1.90173232383973,170.35020073840195,1.707422127806496,0.4680519689394574
STRIDED_GEMM,4096,INTEL,16T,16,0.1391449375,23.1460703125,3.218961368644812,163.8557388021021,0.8401277690261976,2.189058351434039
STRIDED_GEMM,4096,INTEL,20T,20,0.1779571666666666,28.81343333333333,5.069088220734444,160.86830830110688,0.8811011679680579,2.847433799426758
STRIDED_GEMM,8192,3090,gpu_resident,-1,0.041750125,13.693625,0.572001785139757,327.740274,0.1071308561494488,0.4962786561950693
STRIDED_GEMM,8192,5060ti,gpu_resident,-1,0.2234366,31.0421,6.953095192819999,138.825492,0.2007171850191463,0.3951671366416321
STRIDED_GEMM,8192,AMD,1T,1,8.780321,675.5100494999999,5957.375502241239,76.72868226451855,1.410147046605513,1.5265228085479954
STRIDED_GEMM,8192,AMD,2T,2,4.4424115,432.1053245,1919.4736365954384,96.95744775856994,1.146171361266205,1.1879041131855712
STRIDED_GEMM,8192,AMD,4T,4,2.358498,302.0253735,713.7576302168475,127.69291038881596,0.8796343734833594,0.7560132247947402
STRIDED_GEMM,8192,AMD,8T,8,1.1863905,224.864943,266.7774840746415,189.52690748321857,1.88360768736186,1.1757028623368415
STRIDED_GEMM,8192,AMD,10T,10,1.0258425,217.7836135,223.31700076916297,212.29940786176405,1.3241750689452447,0.73611732716486
STRIDED_GEMM,8192,AMD,16T,16,0.64333725,181.54550125,116.79498325817136,282.2348560134223,0.6672509654250451,0.4658179107764891
STRIDED_GEMM,8192,AMD,20T,20,0.5722885,162.3445135,92.901267113981,283.5721009168845,1.5326791596094766,1.532084572483621
STRIDED_GEMM,8192,AMD,32T,32,0.4591805,129.93899966666666,59.647103468732894,284.1506528678429,1.1662468052371178,1.239238263883625
STRIDED_GEMM,8192,AMD,64T,64,0.4803816666666667,116.35490383333334,55.82766280139056,242.3077723319212,0.9861603025173594,1.096119120441977
STRIDED_GEMM,8192,INTEL,1T,1,5.433274,366.7547675,1987.832726586858,65.15226594110348,2.978188771666681,9.45013417862856
STRIDED_GEMM,8192,INTEL,2T,2,2.9868135,249.3618495,738.4902777225441,84.84889946679496,4.513978726919482,3.8443005573767888
STRIDED_GEMM,8192,INTEL,4T,4,1.6059685,180.10403150000002,287.92069179107705,111.6270709878943,3.637949619484855,4.810893105624726
STRIDED_GEMM,8192,INTEL,8T,8,0.936769,144.80790275,140.08805713361073,152.69591268098975,2.0781155518019565,3.3553822171238807
STRIDED_GEMM,8192,INTEL,10T,10,0.92879425,145.78261625,138.64133311603737,154.47427256715193,3.868381047949717,2.760811384419517
STRIDED_GEMM,8192,INTEL,16T,16,1.0362355,176.2540045,184.749495758964,170.10207644624228,2.790856037655377,3.032909201212776
STRIDED_GEMM,8192,INTEL,20T,20,1.243604,201.3129,250.157539412622,161.7947931263801,1.6245634226290433,2.176877994167778
STRIDED_GEMM,16384,3090,gpu_resident,-1,0.332657375,111.708625,37.24682131112501,335.95082449999995,0.0785998086771104,1.0062576229872366
STRIDED_GEMM,16384,5060ti,gpu_resident,-1,1.7920859999999998,291.865,522.988512119,162.8796855,0.0063075267258886,0.414120266909129
STRIDED_GEMM,16384,AMD,1T,1,73.7586125,5575.8775465,412325.0975467674,74.95661311303974,1.0694736923963877,1.3920505110596468
STRIDED_GEMM,16384,AMD,2T,2,37.5455485,3558.002141,133363.65456173342,95.37907232727486,1.0895928529747203,0.9420822191469926
STRIDED_GEMM,16384,AMD,4T,4,19.7590285,2473.453751,48887.95537523543,125.13553057141964,0.8302153551416387,0.6235743321041948
STRIDED_GEMM,16384,AMD,8T,8,9.953508,1847.2161855,18386.28042828392,185.22199184660207,1.294097172691938,0.9569434644237296
STRIDED_GEMM,16384,AMD,10T,10,8.4150445,1767.3934175,14867.025468494654,210.20582926555136,0.6934233632291109,0.5231556126861802
STRIDED_GEMM,16384,AMD,16T,16,5.235291999999999,1484.007247,7748.910258192474,283.9509105975333,0.8859492560810734,0.7698592513558553
STRIDED_GEMM,16384,AMD,20T,20,4.464921,1270.414617,5672.301138041983,284.6823482416992,1.2106895318988042,1.1621510003378448
STRIDED_GEMM,16384,AMD,32T,32,3.469416,988.003639,3429.1481304806184,285.0747697137697,3.59323295060326,3.609539879710913
STRIDED_GEMM,16384,AMD,64T,64,3.67175,921.1224775,3382.1318630827923,252.5427226248908,1.703438101225875,1.7444460198617078
STRIDED_GEMM,16384,INTEL,1T,1,41.824983,2430.7323945,102099.05286727264,57.911406879796864,1.8204642421572288,2.0367612439505245
STRIDED_GEMM,16384,INTEL,2T,2,22.3371685,1872.6135835,41646.85614362507,84.11290518091138,3.637475915380614,6.84335136729067
STRIDED_GEMM,16384,INTEL,4T,4,12.8257665,1441.370242,18457.231268217954,112.27504779440773,2.34193063532988,4.600956046831975
STRIDED_GEMM,16384,INTEL,8T,8,7.7003385,1154.6073645,8910.065139680819,150.18631701991768,2.2073470419831667,5.419840625072575
STRIDED_GEMM,16384,INTEL,10T,10,7.504099,1227.1838395,9197.00722903384,163.90029737046456,1.2042333128364666,0.9017166227810912
STRIDED_GEMM,16384,INTEL,16T,16,8.4276515,1435.3564635,12134.29659057054,172.1993679289062,3.2818123221666635,4.800636076036906
STRIDED_GEMM,16384,INTEL,20T,20,9.545566,1504.830895,14358.010755974228,155.34664067522223,0.8980588058237412,2.7430737765418822
