scope,workload,size,platform_scope,holdout_session,metric,selected_platform,selected_configuration,selected_threads,oracle_platform,oracle_configuration,oracle_threads,selected_value,oracle_value,regret_pct,platform_match,configuration_match,within_1pct,within_2pct,within_5pct,within_10pct
cpu_threads,AXPY,1000000,AMD,1,runtime,AMD,10T,10,AMD,16T,16,1.8440784845861065e-05,1.2871858376954943e-05,43.264354732774365,True,False,False,False,False,False
cpu_threads,AXPY,1000000,AMD,1,energy,AMD,8T,8,AMD,16T,16,0.0028932482186861,0.0022659874433989,27.681564481501763,True,False,False,False,False,False
cpu_threads,AXPY,1000000,AMD,1,edp,AMD,10T,10,AMD,16T,16,5.3132654859222174e-08,2.9167462926078195e-08,82.164129234967,True,False,False,False,False,False
cpu_threads,AXPY,1000000,AMD,2,runtime,AMD,10T,10,AMD,10T,10,1.8097494018941545e-05,1.8097494018941545e-05,0.0,True,True,True,True,True,True
cpu_threads,AXPY,1000000,AMD,2,energy,AMD,8T,8,AMD,10T,10,0.0029015793253431,0.0028481754749125,1.8750196714000023,True,False,False,True,True,True
cpu_threads,AXPY,1000000,AMD,2,edp,AMD,10T,10,AMD,10T,10,5.154496626798929e-08,5.154496626798929e-08,0.0,True,True,True,True,True,True
cpu_threads,AXPY,1000000,AMD,3,runtime,AMD,10T,10,AMD,8T,8,2.365649541338731e-05,1.9338647402843605e-05,22.327559526778472,True,False,False,False,False,False
cpu_threads,AXPY,1000000,AMD,3,energy,AMD,8T,8,AMD,8T,8,0.00289220307109,0.00289220307109,0.0,True,True,True,True,True,True
cpu_threads,AXPY,1000000,AMD,3,edp,AMD,10T,10,AMD,8T,8,7.808986928499905e-08,5.5923378717509856e-08,39.63725203275097,True,False,False,False,False,False
cpu_threads,AXPY,1000000,AMD,4,runtime,AMD,10T,10,AMD,10T,10,1.8497303852638376e-05,1.8497303852638376e-05,0.0,True,True,True,True,True,True
cpu_threads,AXPY,1000000,AMD,4,energy,AMD,8T,8,AMD,8T,8,0.0028760334577747,0.0028760334577747,0.0,True,True,True,True,True,True
cpu_threads,AXPY,1000000,AMD,4,edp,AMD,10T,10,AMD,10T,10,5.3577749305537113e-08,5.3577749305537113e-08,0.0,True,True,True,True,True,True
cpu_threads,AXPY,1000000,AMD,5,runtime,AMD,10T,10,AMD,10T,10,1.8809698923539943e-05,1.8809698923539943e-05,0.0,True,True,True,True,True,True
cpu_threads,AXPY,1000000,AMD,5,energy,AMD,10T,10,AMD,8T,8,0.0029273668457689,0.0028675547755997,2.0858213652323876,True,False,False,False,True,True
cpu_threads,AXPY,1000000,AMD,5,edp,AMD,10T,10,AMD,8T,8,5.516871277657277e-08,5.445833075535376e-08,1.3044505980366994,True,False,False,True,True,True
cpu_threads,AXPY,1000000,INTEL,1,runtime,INTEL,10T,10,INTEL,10T,10,1.516122525359576e-05,1.516122525359576e-05,0.0,True,True,True,True,True,True
cpu_threads,AXPY,1000000,INTEL,1,energy,INTEL,10T,10,INTEL,10T,10,0.0022029490613171,0.0022029490613171,0.0,True,True,True,True,True,True
cpu_threads,AXPY,1000000,INTEL,1,edp,INTEL,10T,10,INTEL,10T,10,3.3390458525892095e-08,3.3390458525892095e-08,0.0,True,True,True,True,True,True
cpu_threads,AXPY,1000000,INTEL,2,runtime,INTEL,10T,10,INTEL,20T,20,1.3129548700788431e-05,1.2038462085820314e-05,9.063338881577486,True,False,False,False,False,True
cpu_threads,AXPY,1000000,INTEL,2,energy,INTEL,10T,10,INTEL,20T,20,0.0020673893574665,0.0020623540057886,0.24415554573886666,True,False,True,True,True,True
cpu_threads,AXPY,1000000,INTEL,2,edp,INTEL,10T,10,INTEL,20T,20,2.7159393763357072e-08,2.48398585271796e-08,9.337956710338968,True,False,False,False,False,True
cpu_threads,AXPY,1000000,INTEL,3,runtime,INTEL,10T,10,INTEL,10T,10,1.4020579249288891e-05,1.4020579249288891e-05,0.0,True,True,True,True,True,True
cpu_threads,AXPY,1000000,INTEL,3,energy,INTEL,10T,10,INTEL,10T,10,0.0022499783469657,0.0022499783469657,0.0,True,True,True,True,True,True
cpu_threads,AXPY,1000000,INTEL,3,edp,INTEL,10T,10,INTEL,10T,10,3.155385208958387e-08,3.155385208958387e-08,0.0,True,True,True,True,True,True
cpu_threads,AXPY,1000000,INTEL,4,runtime,INTEL,10T,10,INTEL,20T,20,1.7915822776785715e-05,1.7592877190914094e-05,1.8356610028427145,True,False,False,True,True,True
cpu_threads,AXPY,1000000,INTEL,4,energy,INTEL,10T,10,INTEL,10T,10,0.0026906435089285,0.0026906435089285,0.0,True,True,True,True,True,True
cpu_threads,AXPY,1000000,INTEL,4,edp,INTEL,10T,10,INTEL,20T,20,4.8157803820290986e-08,4.771571780999395e-08,0.9264997585437973,True,False,True,True,True,True
cpu_threads,AXPY,1000000,INTEL,5,runtime,INTEL,10T,10,INTEL,10T,10,1.698726287001287e-05,1.698726287001287e-05,0.0,True,True,True,True,True,True
cpu_threads,AXPY,1000000,INTEL,5,energy,INTEL,10T,10,INTEL,10T,10,0.0025282336838718,0.0025282336838718,0.0,True,True,True,True,True,True
cpu_threads,AXPY,1000000,INTEL,5,edp,INTEL,10T,10,INTEL,10T,10,4.287108683658922e-08,4.287108683658922e-08,0.0,True,True,True,True,True,True
cpu_threads,AXPY,2000000,AMD,1,runtime,AMD,16T,16,AMD,16T,16,2.514885991852858e-05,2.514885991852858e-05,0.0,True,True,True,True,True,True
cpu_threads,AXPY,2000000,AMD,1,energy,AMD,10T,10,AMD,10T,10,0.0050913289737069,0.0050913289737069,0.0,True,True,True,True,True,True
cpu_threads,AXPY,2000000,AMD,1,edp,AMD,16T,16,AMD,16T,16,1.2825581245360093e-07,1.2825581245360093e-07,0.0,True,True,True,True,True,True
cpu_threads,AXPY,2000000,AMD,2,runtime,AMD,16T,16,AMD,16T,16,2.481448302156853e-05,2.481448302156853e-05,0.0,True,True,True,True,True,True
cpu_threads,AXPY,2000000,AMD,2,energy,AMD,10T,10,AMD,16T,16,0.0050654313685247,0.0050427371798035,0.45003711103748234,True,False,True,True,True,True
cpu_threads,AXPY,2000000,AMD,2,edp,AMD,16T,16,AMD,16T,16,1.2514132701007174e-07,1.2514132701007174e-07,0.0,True,True,True,True,True,True
cpu_threads,AXPY,2000000,AMD,3,runtime,AMD,16T,16,AMD,16T,16,2.5097321509134627e-05,2.5097321509134627e-05,0.0,True,True,True,True,True,True
cpu_threads,AXPY,2000000,AMD,3,energy,AMD,10T,10,AMD,10T,10,0.0050773937645592,0.0050773937645592,0.0,True,True,True,True,True,True
cpu_threads,AXPY,2000000,AMD,3,edp,AMD,16T,16,AMD,16T,16,1.285486818763635e-07,1.285486818763635e-07,0.0,True,True,True,True,True,True
cpu_threads,AXPY,2000000,AMD,4,runtime,AMD,16T,16,AMD,64T,64,2.468862659607976e-05,1.6182943062080537e-05,52.559559168996415,True,False,False,False,False,False
cpu_threads,AXPY,2000000,AMD,4,energy,AMD,10T,10,AMD,64T,64,0.0051067986306611,0.0034124337793624,49.65268078008784,True,False,False,False,False,False
cpu_threads,AXPY,2000000,AMD,4,edp,AMD,16T,16,AMD,64T,64,1.2525308271102777e-07,5.506585974655457e-08,127.46050508884461,True,False,False,False,False,False
cpu_threads,AXPY,2000000,AMD,5,runtime,AMD,16T,16,AMD,16T,16,2.5464985164239234e-05,2.5464985164239234e-05,0.0,True,True,True,True,True,True
cpu_threads,AXPY,2000000,AMD,5,energy,AMD,10T,10,AMD,10T,10,0.0050801733377714,0.0050801733377714,0.0,True,True,True,True,True,True
cpu_threads,AXPY,2000000,AMD,5,edp,AMD,16T,16,AMD,16T,16,1.320095905986678e-07,1.320095905986678e-07,0.0,True,True,True,True,True,True
cpu_threads,AXPY,2000000,INTEL,1,runtime,INTEL,10T,10,INTEL,16T,16,0.000102978187898,0.0001022476087089,0.7145195846877561,True,False,True,True,True,True
cpu_threads,AXPY,2000000,INTEL,1,energy,INTEL,16T,16,INTEL,16T,16,0.0125209937135847,0.0125209937135847,0.0,True,True,True,True,True,True
cpu_threads,AXPY,2000000,INTEL,1,edp,INTEL,16T,16,INTEL,16T,16,1.280165082489532e-06,1.280165082489532e-06,0.0,True,True,True,True,True,True
cpu_threads,AXPY,2000000,INTEL,2,runtime,INTEL,10T,10,INTEL,16T,16,0.0001029644156737,0.0001027264442562,0.23165546050294417,True,False,True,True,True,True
cpu_threads,AXPY,2000000,INTEL,2,energy,INTEL,16T,16,INTEL,16T,16,0.0130342620367518,0.0130342620367518,0.0,True,True,True,True,True,True
cpu_threads,AXPY,2000000,INTEL,2,edp,INTEL,16T,16,INTEL,16T,16,1.339341319978016e-06,1.339341319978016e-06,0.0,True,True,True,True,True,True
cpu_threads,AXPY,2000000,INTEL,3,runtime,INTEL,10T,10,INTEL,10T,10,0.0001010841446823,0.0001010841446823,0.0,True,True,True,True,True,True
cpu_threads,AXPY,2000000,INTEL,3,energy,INTEL,16T,16,INTEL,16T,16,0.0135587485419704,0.0135587485419704,0.0,True,True,True,True,True,True
cpu_threads,AXPY,2000000,INTEL,3,edp,INTEL,16T,16,INTEL,10T,10,1.4126863520798562e-06,1.3793013324526644e-06,2.4204297379911033,True,False,False,False,True,True
cpu_threads,AXPY,2000000,INTEL,4,runtime,INTEL,10T,10,INTEL,10T,10,0.000101408058889,0.000101408058889,0.0,True,True,True,True,True,True
cpu_threads,AXPY,2000000,INTEL,4,energy,INTEL,16T,16,INTEL,16T,16,0.0130532749580536,0.0130532749580536,0.0,True,True,True,True,True,True
cpu_threads,AXPY,2000000,INTEL,4,edp,INTEL,16T,16,INTEL,16T,16,1.3719327487695552e-06,1.3719327487695552e-06,0.0,True,True,True,True,True,True
cpu_threads,AXPY,2000000,INTEL,5,runtime,INTEL,10T,10,INTEL,10T,10,0.0001040685057812,0.0001040685057812,0.0,True,True,True,True,True,True
cpu_threads,AXPY,2000000,INTEL,5,energy,INTEL,16T,16,INTEL,16T,16,0.0129175459388185,0.0129175459388185,0.0,True,True,True,True,True,True
cpu_threads,AXPY,2000000,INTEL,5,edp,INTEL,16T,16,INTEL,16T,16,1.3643205101280937e-06,1.3643205101280937e-06,0.0,True,True,True,True,True,True
cpu_threads,AXPY,4000000,AMD,1,runtime,AMD,20T,20,AMD,32T,32,3.562253098542679e-05,1.540754674995418e-05,131.20183611016935,True,False,False,False,False,False
cpu_threads,AXPY,4000000,AMD,1,energy,AMD,16T,16,AMD,32T,32,0.0088469802622328,0.0044147180646343,100.39740098251673,True,False,False,False,False,False
cpu_threads,AXPY,4000000,AMD,1,edp,AMD,20T,20,AMD,32T,32,3.21390919063607e-07,6.801818820238574e-08,372.50732128782903,True,False,False,False,False,False
cpu_threads,AXPY,4000000,AMD,2,runtime,AMD,20T,20,AMD,20T,20,3.5411303763534444e-05,3.5411303763534444e-05,0.0,True,True,True,True,True,True
cpu_threads,AXPY,4000000,AMD,2,energy,AMD,16T,16,AMD,16T,16,0.0088108774235776,0.0088108774235776,0.0,True,True,True,True,True,True
cpu_threads,AXPY,4000000,AMD,2,edp,AMD,20T,20,AMD,20T,20,3.163782456436385e-07,3.163782456436385e-07,0.0,True,True,True,True,True,True
cpu_threads,AXPY,4000000,AMD,3,runtime,AMD,20T,20,AMD,20T,20,3.576132443405512e-05,3.576132443405512e-05,0.0,True,True,True,True,True,True
cpu_threads,AXPY,4000000,AMD,3,energy,AMD,16T,16,AMD,16T,16,0.0089336897049274,0.0089336897049274,0.0,True,True,True,True,True,True
cpu_threads,AXPY,4000000,AMD,3,edp,AMD,20T,20,AMD,20T,20,3.23032758228819e-07,3.23032758228819e-07,0.0,True,True,True,True,True,True
cpu_threads,AXPY,4000000,AMD,4,runtime,AMD,20T,20,AMD,20T,20,3.550726481947348e-05,3.550726481947348e-05,0.0,True,True,True,True,True,True
cpu_threads,AXPY,4000000,AMD,4,energy,AMD,16T,16,AMD,16T,16,0.0088398493886493,0.0088398493886493,0.0,True,True,True,True,True,True
cpu_threads,AXPY,4000000,AMD,4,edp,AMD,20T,20,AMD,20T,20,3.201509051797223e-07,3.201509051797223e-07,0.0,True,True,True,True,True,True
cpu_threads,AXPY,4000000,AMD,5,runtime,AMD,20T,20,AMD,20T,20,3.479280377087816e-05,3.479280377087816e-05,0.0,True,True,True,True,True,True
cpu_threads,AXPY,4000000,AMD,5,energy,AMD,16T,16,AMD,20T,20,0.0089776738802399,0.0089165983878129,0.6849640386459299,True,False,True,True,True,True
cpu_threads,AXPY,4000000,AMD,5,edp,AMD,20T,20,AMD,20T,20,3.1017025718287125e-07,3.1017025718287125e-07,0.0,True,True,True,True,True,True
cpu_threads,AXPY,4000000,INTEL,1,runtime,INTEL,16T,16,INTEL,16T,16,0.0006936088856124,0.0006936088856124,0.0,True,True,True,True,True,True
cpu_threads,AXPY,4000000,INTEL,1,energy,INTEL,2T,2,INTEL,4T,4,0.0591315577319587,0.0568000958961474,4.10467940067234,True,False,False,False,True,True
cpu_threads,AXPY,4000000,INTEL,1,edp,INTEL,16T,16,INTEL,16T,16,4.69709472572417e-05,4.69709472572417e-05,0.0,True,True,True,True,True,True
cpu_threads,AXPY,4000000,INTEL,2,runtime,INTEL,16T,16,INTEL,16T,16,0.0006756317320239,0.0006756317320239,0.0,True,True,True,True,True,True
cpu_threads,AXPY,4000000,INTEL,2,energy,INTEL,2T,2,INTEL,2T,2,0.0591493644329896,0.0591493644329896,0.0,True,True,True,True,True,True
cpu_threads,AXPY,4000000,INTEL,2,edp,INTEL,16T,16,INTEL,16T,16,4.7108684060251474e-05,4.7108684060251474e-05,0.0,True,True,True,True,True,True
cpu_threads,AXPY,4000000,INTEL,3,runtime,INTEL,16T,16,INTEL,16T,16,0.0006869737827608,0.0006869737827608,0.0,True,True,True,True,True,True
cpu_threads,AXPY,4000000,INTEL,3,energy,INTEL,2T,2,INTEL,4T,4,0.0606536405128205,0.0596070707855973,1.755781173994686,True,False,False,True,True,True
cpu_threads,AXPY,4000000,INTEL,3,edp,INTEL,16T,16,INTEL,16T,16,4.967180038111537e-05,4.967180038111537e-05,0.0,True,True,True,True,True,True
cpu_threads,AXPY,4000000,INTEL,4,runtime,INTEL,16T,16,INTEL,16T,16,0.0007081802789548,0.0007081802789548,0.0,True,True,True,True,True,True
cpu_threads,AXPY,4000000,INTEL,4,energy,INTEL,4T,4,INTEL,2T,2,0.0596860855704697,0.0587450307377049,1.6019309564524464,True,False,False,True,True,True
cpu_threads,AXPY,4000000,INTEL,4,edp,INTEL,16T,16,INTEL,16T,16,5.026398644516223e-05,5.026398644516223e-05,0.0,True,True,True,True,True,True
cpu_threads,AXPY,4000000,INTEL,5,runtime,INTEL,16T,16,INTEL,16T,16,0.0006757017766514,0.0006757017766514,0.0,True,True,True,True,True,True
cpu_threads,AXPY,4000000,INTEL,5,energy,INTEL,2T,2,INTEL,2T,2,0.0583122019427402,0.0583122019427402,0.0,True,True,True,True,True,True
cpu_threads,AXPY,4000000,INTEL,5,edp,INTEL,16T,16,INTEL,16T,16,4.734541952845671e-05,4.734541952845671e-05,0.0,True,True,True,True,True,True
cpu_threads,AXPY,8000000,AMD,1,runtime,AMD,32T,32,AMD,32T,32,5.242648547696435e-05,5.242648547696435e-05,0.0,True,True,True,True,True,True
cpu_threads,AXPY,8000000,AMD,1,energy,AMD,32T,32,AMD,32T,32,0.0140815785224165,0.0140815785224165,0.0,True,True,True,True,True,True
cpu_threads,AXPY,8000000,AMD,1,edp,AMD,32T,32,AMD,32T,32,7.388896996247487e-07,7.388896996247487e-07,0.0,True,True,True,True,True,True
cpu_threads,AXPY,8000000,AMD,2,runtime,AMD,32T,32,AMD,32T,32,5.245650839135405e-05,5.245650839135405e-05,0.0,True,True,True,True,True,True
cpu_threads,AXPY,8000000,AMD,2,energy,AMD,32T,32,AMD,32T,32,0.0141884943624649,0.0141884943624649,0.0,True,True,True,True,True,True
cpu_threads,AXPY,8000000,AMD,2,edp,AMD,32T,32,AMD,32T,32,7.446210555492207e-07,7.446210555492207e-07,0.0,True,True,True,True,True,True
cpu_threads,AXPY,8000000,AMD,3,runtime,AMD,32T,32,AMD,32T,32,5.195570005611673e-05,5.195570005611673e-05,0.0,True,True,True,True,True,True
cpu_threads,AXPY,8000000,AMD,3,energy,AMD,32T,32,AMD,32T,32,0.0139876325374961,0.0139876325374961,0.0,True,True,True,True,True,True
cpu_threads,AXPY,8000000,AMD,3,edp,AMD,32T,32,AMD,32T,32,7.267372843729148e-07,7.267372843729148e-07,0.0,True,True,True,True,True,True
cpu_threads,AXPY,8000000,AMD,4,runtime,AMD,32T,32,AMD,32T,32,3.133171641928643e-05,3.133171641928643e-05,0.0,True,True,True,True,True,True
cpu_threads,AXPY,8000000,AMD,4,energy,AMD,32T,32,AMD,32T,32,0.0088735808057527,0.0088735808057527,0.0,True,True,True,True,True,True
cpu_threads,AXPY,8000000,AMD,4,edp,AMD,32T,32,AMD,32T,32,2.7818323120437284e-07,2.7818323120437284e-07,0.0,True,True,True,True,True,True
cpu_threads,AXPY,8000000,AMD,5,runtime,AMD,32T,32,AMD,32T,32,5.1988345087510966e-05,5.1988345087510966e-05,0.0,True,True,True,True,True,True
cpu_threads,AXPY,8000000,AMD,5,energy,AMD,32T,32,AMD,32T,32,0.0139037652692446,0.0139037652692446,0.0,True,True,True,True,True,True
cpu_threads,AXPY,8000000,AMD,5,edp,AMD,32T,32,AMD,32T,32,7.216259693518011e-07,7.216259693518011e-07,0.0,True,True,True,True,True,True
cpu_threads,AXPY,8000000,INTEL,1,runtime,INTEL,8T,8,INTEL,8T,8,0.0021614434396551,0.0021614434396551,0.0,True,True,True,True,True,True
cpu_threads,AXPY,8000000,INTEL,1,energy,INTEL,2T,2,INTEL,2T,2,0.1313567884615384,0.1313567884615384,0.0,True,True,True,True,True,True
cpu_threads,AXPY,8000000,INTEL,1,edp,INTEL,4T,4,INTEL,4T,4,0.0003020286831609,0.0003020286831609,0.0,True,True,True,True,True,True
cpu_threads,AXPY,8000000,INTEL,2,runtime,INTEL,8T,8,INTEL,8T,8,0.0021612012435344,0.0021612012435344,0.0,True,True,True,True,True,True
cpu_threads,AXPY,8000000,INTEL,2,energy,INTEL,2T,2,INTEL,2T,2,0.1444287397959183,0.1444287397959183,0.0,True,True,True,True,True,True
cpu_threads,AXPY,8000000,INTEL,2,edp,INTEL,4T,4,INTEL,4T,4,0.0003272904100496,0.0003272904100496,0.0,True,True,True,True,True,True
cpu_threads,AXPY,8000000,INTEL,3,runtime,INTEL,8T,8,INTEL,8T,8,0.0021726952445887,0.0021726952445887,0.0,True,True,True,True,True,True
cpu_threads,AXPY,8000000,INTEL,3,energy,INTEL,2T,2,INTEL,2T,2,0.1427214961832061,0.1427214961832061,0.0,True,True,True,True,True,True
cpu_threads,AXPY,8000000,INTEL,3,edp,INTEL,4T,4,INTEL,4T,4,0.0003275934865344,0.0003275934865344,0.0,True,True,True,True,True,True
cpu_threads,AXPY,8000000,INTEL,4,runtime,INTEL,8T,8,INTEL,8T,8,0.002164647325431,0.002164647325431,0.0,True,True,True,True,True,True
cpu_threads,AXPY,8000000,INTEL,4,energy,INTEL,2T,2,INTEL,2T,2,0.1419278166666666,0.1419278166666666,0.0,True,True,True,True,True,True
cpu_threads,AXPY,8000000,INTEL,4,edp,INTEL,4T,4,INTEL,4T,4,0.00032211239561,0.00032211239561,0.0,True,True,True,True,True,True
cpu_threads,AXPY,8000000,INTEL,5,runtime,INTEL,8T,8,INTEL,8T,8,0.0021663897618534,0.0021663897618534,0.0,True,True,True,True,True,True
cpu_threads,AXPY,8000000,INTEL,5,energy,INTEL,2T,2,INTEL,2T,2,0.1448211463104325,0.1448211463104325,0.0,True,True,True,True,True,True
cpu_threads,AXPY,8000000,INTEL,5,edp,INTEL,4T,4,INTEL,4T,4,0.0003173765828485,0.0003173765828485,0.0,True,True,True,True,True,True
cpu_threads,AXPY,16000000,AMD,1,runtime,AMD,32T,32,AMD,32T,32,0.0007737832708868,0.0007737832708868,0.0,True,True,True,True,True,True
cpu_threads,AXPY,16000000,AMD,1,energy,AMD,8T,8,AMD,8T,8,0.1207622488076311,0.1207622488076311,0.0,True,True,True,True,True,True
cpu_threads,AXPY,16000000,AMD,1,edp,AMD,32T,32,AMD,32T,32,0.0001006211180806,0.0001006211180806,0.0,True,True,True,True,True,True
cpu_threads,AXPY,16000000,AMD,2,runtime,AMD,32T,32,AMD,32T,32,0.0008151803885523,0.0008151803885523,0.0,True,True,True,True,True,True
cpu_threads,AXPY,16000000,AMD,2,energy,AMD,8T,8,AMD,8T,8,0.1160856935235158,0.1160856935235158,0.0,True,True,True,True,True,True
cpu_threads,AXPY,16000000,AMD,2,edp,AMD,32T,32,AMD,32T,32,0.0001109317485397,0.0001109317485397,0.0,True,True,True,True,True,True
cpu_threads,AXPY,16000000,AMD,3,runtime,AMD,32T,32,AMD,32T,32,0.0007027492272016,0.0007027492272016,0.0,True,True,True,True,True,True
cpu_threads,AXPY,16000000,AMD,3,energy,AMD,8T,8,AMD,8T,8,0.1127545094501718,0.1127545094501718,0.0,True,True,True,True,True,True
cpu_threads,AXPY,16000000,AMD,3,edp,AMD,32T,32,AMD,32T,32,8.48105767534164e-05,8.48105767534164e-05,0.0,True,True,True,True,True,True
cpu_threads,AXPY,16000000,AMD,4,runtime,AMD,32T,32,AMD,32T,32,0.0007951313779761,0.0007951313779761,0.0,True,True,True,True,True,True
cpu_threads,AXPY,16000000,AMD,4,energy,AMD,8T,8,AMD,8T,8,0.1206979400630914,0.1206979400630914,0.0,True,True,True,True,True,True
cpu_threads,AXPY,16000000,AMD,4,edp,AMD,32T,32,AMD,32T,32,0.0001064103801166,0.0001064103801166,0.0,True,True,True,True,True,True
cpu_threads,AXPY,16000000,AMD,5,runtime,AMD,32T,32,AMD,32T,32,0.0008090890065543,0.0008090890065543,0.0,True,True,True,True,True,True
cpu_threads,AXPY,16000000,AMD,5,energy,AMD,8T,8,AMD,8T,8,0.1163629485614646,0.1163629485614646,0.0,True,True,True,True,True,True
cpu_threads,AXPY,16000000,AMD,5,edp,AMD,32T,32,AMD,32T,32,0.0001103692449405,0.0001103692449405,0.0,True,True,True,True,True,True
cpu_threads,AXPY,16000000,INTEL,1,runtime,INTEL,8T,8,INTEL,8T,8,0.0049253517647058,0.0049253517647058,0.0,True,True,True,True,True,True
cpu_threads,AXPY,16000000,INTEL,1,energy,INTEL,2T,2,INTEL,2T,2,0.3119250564971751,0.3119250564971751,0.0,True,True,True,True,True,True
cpu_threads,AXPY,16000000,INTEL,1,edp,INTEL,4T,4,INTEL,4T,4,0.0016719116039058,0.0016719116039058,0.0,True,True,True,True,True,True
cpu_threads,AXPY,16000000,INTEL,2,runtime,INTEL,8T,8,INTEL,4T,4,0.0049571304059405,0.0049480517783251,0.18347883211669025,True,False,True,True,True,True
cpu_threads,AXPY,16000000,INTEL,2,energy,INTEL,2T,2,INTEL,2T,2,0.3057941412429378,0.3057941412429378,0.0,True,True,True,True,True,True
cpu_threads,AXPY,16000000,INTEL,2,edp,INTEL,4T,4,INTEL,4T,4,0.0016885695849496,0.0016885695849496,0.0,True,True,True,True,True,True
cpu_threads,AXPY,16000000,INTEL,3,runtime,INTEL,8T,8,INTEL,8T,8,0.0049223232205882,0.0049223232205882,0.0,True,True,True,True,True,True
cpu_threads,AXPY,16000000,INTEL,3,energy,INTEL,2T,2,INTEL,2T,2,0.3227057443181818,0.3227057443181818,0.0,True,True,True,True,True,True
cpu_threads,AXPY,16000000,INTEL,3,edp,INTEL,4T,4,INTEL,4T,4,0.0016977910059351,0.0016977910059351,0.0,True,True,True,True,True,True
cpu_threads,AXPY,16000000,INTEL,4,runtime,INTEL,8T,8,INTEL,4T,4,0.0049437592241379,0.0049357935637254,0.1613856071907449,True,False,True,True,True,True
cpu_threads,AXPY,16000000,INTEL,4,energy,INTEL,2T,2,INTEL,2T,2,0.3167058174157303,0.3167058174157303,0.0,True,True,True,True,True,True
cpu_threads,AXPY,16000000,INTEL,4,edp,INTEL,4T,4,INTEL,4T,4,0.0017053765554201,0.0017053765554201,0.0,True,True,True,True,True,True
cpu_threads,AXPY,16000000,INTEL,5,runtime,INTEL,8T,8,INTEL,8T,8,0.004921422492647,0.004921422492647,0.0,True,True,True,True,True,True
cpu_threads,AXPY,16000000,INTEL,5,energy,INTEL,2T,2,INTEL,2T,2,0.3140905932203389,0.3140905932203389,0.0,True,True,True,True,True,True
cpu_threads,AXPY,16000000,INTEL,5,edp,INTEL,4T,4,INTEL,4T,4,0.0016984144979616,0.0016984144979616,0.0,True,True,True,True,True,True
cpu_threads,AXPY,32000000,AMD,1,runtime,AMD,10T,10,AMD,10T,10,0.0067274723459119,0.0067274723459119,0.0,True,True,True,True,True,True
cpu_threads,AXPY,32000000,AMD,1,energy,AMD,2T,2,AMD,2T,2,0.694864051724138,0.694864051724138,0.0,True,True,True,True,True,True
cpu_threads,AXPY,32000000,AMD,1,edp,AMD,10T,10,AMD,8T,8,0.0055943223380718,0.0050812377617736,10.09762975781532,True,False,False,False,False,False
cpu_threads,AXPY,32000000,AMD,2,runtime,AMD,10T,10,AMD,10T,10,0.0067760527038216,0.0067760527038216,0.0,True,True,True,True,True,True
cpu_threads,AXPY,32000000,AMD,2,energy,AMD,2T,2,AMD,2T,2,0.6926991250000001,0.6926991250000001,0.0,True,True,True,True,True,True
cpu_threads,AXPY,32000000,AMD,2,edp,AMD,8T,8,AMD,10T,10,0.0057039638864846,0.0048441153618183,17.75037257460248,True,False,False,False,False,False
cpu_threads,AXPY,32000000,AMD,3,runtime,AMD,10T,10,AMD,10T,10,0.0067828425949367,0.0067828425949367,0.0,True,True,True,True,True,True
cpu_threads,AXPY,32000000,AMD,3,energy,AMD,2T,2,AMD,10T,10,0.6988778275862069,0.6965059683544303,0.34053681368737543,True,False,True,True,True,True
cpu_threads,AXPY,32000000,AMD,3,edp,AMD,4T,4,AMD,10T,10,0.0051761553395474,0.0047232049533164,9.5898948004143,True,False,False,False,False,True
cpu_threads,AXPY,32000000,AMD,4,runtime,AMD,10T,10,AMD,10T,10,0.0067739629620253,0.0067739629620253,0.0,True,True,True,True,True,True
cpu_threads,AXPY,32000000,AMD,4,energy,AMD,2T,2,AMD,2T,2,0.6912527068965517,0.6912527068965517,0.0,True,True,True,True,True,True
cpu_threads,AXPY,32000000,AMD,4,edp,AMD,10T,10,AMD,8T,8,0.0052034416917501,0.0051520169195709,0.9981483559157844,True,False,True,True,True,True
cpu_threads,AXPY,32000000,AMD,5,runtime,AMD,10T,10,AMD,10T,10,0.0067694845732484,0.0067694845732484,0.0,True,True,True,True,True,True
cpu_threads,AXPY,32000000,AMD,5,energy,AMD,2T,2,AMD,4T,4,0.7058148232758621,0.6507644532374102,8.459338822916408,True,False,False,False,False,True
cpu_threads,AXPY,32000000,AMD,5,edp,AMD,10T,10,AMD,4T,4,0.0053499193877238,0.0046886154546314,14.10446089024353,True,False,False,False,False,False
cpu_threads,AXPY,32000000,INTEL,1,runtime,INTEL,4T,4,INTEL,4T,4,0.0103446079587628,0.0103446079587628,0.0,True,True,True,True,True,True
cpu_threads,AXPY,32000000,INTEL,1,energy,INTEL,2T,2,INTEL,2T,2,0.638299005882353,0.638299005882353,0.0,True,True,True,True,True,True
cpu_threads,AXPY,32000000,INTEL,1,edp,INTEL,4T,4,INTEL,4T,4,0.0069700145882192,0.0069700145882192,0.0,True,True,True,True,True,True
cpu_threads,AXPY,32000000,INTEL,2,runtime,INTEL,4T,4,INTEL,4T,4,0.0103598446030927,0.0103598446030927,0.0,True,True,True,True,True,True
cpu_threads,AXPY,32000000,INTEL,2,energy,INTEL,2T,2,INTEL,2T,2,0.6573396845238095,0.6573396845238095,0.0,True,True,True,True,True,True
cpu_threads,AXPY,32000000,INTEL,2,edp,INTEL,4T,4,INTEL,4T,4,0.0074485788576277,0.0074485788576277,0.0,True,True,True,True,True,True
cpu_threads,AXPY,32000000,INTEL,3,runtime,INTEL,4T,4,INTEL,4T,4,0.0104110218865979,0.0104110218865979,0.0,True,True,True,True,True,True
cpu_threads,AXPY,32000000,INTEL,3,energy,INTEL,2T,2,INTEL,2T,2,0.6578650294117647,0.6578650294117647,0.0,True,True,True,True,True,True
cpu_threads,AXPY,32000000,INTEL,3,edp,INTEL,4T,4,INTEL,4T,4,0.0074254823933831,0.0074254823933831,0.0,True,True,True,True,True,True
cpu_threads,AXPY,32000000,INTEL,4,runtime,INTEL,4T,4,INTEL,4T,4,0.0104065394639175,0.0104065394639175,0.0,True,True,True,True,True,True
cpu_threads,AXPY,32000000,INTEL,4,energy,INTEL,2T,2,INTEL,2T,2,0.6587794642857143,0.6587794642857143,0.0,True,True,True,True,True,True
cpu_threads,AXPY,32000000,INTEL,4,edp,INTEL,4T,4,INTEL,4T,4,0.0073366214024655,0.0073366214024655,0.0,True,True,True,True,True,True
cpu_threads,AXPY,32000000,INTEL,5,runtime,INTEL,4T,4,INTEL,4T,4,0.010406677453125,0.010406677453125,0.0,True,True,True,True,True,True
cpu_threads,AXPY,32000000,INTEL,5,energy,INTEL,2T,2,INTEL,2T,2,0.6586531,0.6586531,0.0,True,True,True,True,True,True
cpu_threads,AXPY,32000000,INTEL,5,edp,INTEL,4T,4,INTEL,4T,4,0.0073637972842638,0.0073637972842638,0.0,True,True,True,True,True,True
cpu_threads,AXPY,64000000,AMD,1,runtime,AMD,4T,4,AMD,4T,4,0.0143309803642857,0.0143309803642857,0.0,True,True,True,True,True,True
cpu_threads,AXPY,64000000,AMD,1,energy,AMD,4T,4,AMD,4T,4,1.3108857214285714,1.3108857214285714,0.0,True,True,True,True,True,True
cpu_threads,AXPY,64000000,AMD,1,edp,AMD,4T,4,AMD,4T,4,0.0187918992136899,0.0187918992136899,0.0,True,True,True,True,True,True
cpu_threads,AXPY,64000000,AMD,2,runtime,AMD,4T,4,AMD,4T,4,0.0143190379214285,0.0143190379214285,0.0,True,True,True,True,True,True
cpu_threads,AXPY,64000000,AMD,2,energy,AMD,4T,4,AMD,2T,2,1.4327027714285716,1.3751449661016948,4.185580920246079,True,False,False,False,True,True
cpu_threads,AXPY,64000000,AMD,2,edp,AMD,4T,4,AMD,4T,4,0.0205191803241259,0.0205191803241259,0.0,True,True,True,True,True,True
cpu_threads,AXPY,64000000,AMD,3,runtime,AMD,4T,4,AMD,4T,4,0.0143256850357142,0.0143256850357142,0.0,True,True,True,True,True,True
cpu_threads,AXPY,64000000,AMD,3,energy,AMD,4T,4,AMD,4T,4,1.3367994785714286,1.3367994785714286,0.0,True,True,True,True,True,True
cpu_threads,AXPY,64000000,AMD,3,edp,AMD,4T,4,AMD,4T,4,0.0191564232670707,0.0191564232670707,0.0,True,True,True,True,True,True
cpu_threads,AXPY,64000000,AMD,4,runtime,AMD,4T,4,AMD,4T,4,0.0143102856357142,0.0143102856357142,0.0,True,True,True,True,True,True
cpu_threads,AXPY,64000000,AMD,4,energy,AMD,4T,4,AMD,4T,4,1.3285646357142855,1.3285646357142855,0.0,True,True,True,True,True,True
cpu_threads,AXPY,64000000,AMD,4,edp,AMD,4T,4,AMD,4T,4,0.0190108203793482,0.0190108203793482,0.0,True,True,True,True,True,True
cpu_threads,AXPY,64000000,AMD,5,runtime,AMD,4T,4,AMD,4T,4,0.0143141641214285,0.0143141641214285,0.0,True,True,True,True,True,True
cpu_threads,AXPY,64000000,AMD,5,energy,AMD,4T,4,AMD,4T,4,1.3531714214285713,1.3531714214285713,0.0,True,True,True,True,True,True
cpu_threads,AXPY,64000000,AMD,5,edp,AMD,4T,4,AMD,4T,4,0.0193756523392097,0.0193756523392097,0.0,True,True,True,True,True,True
cpu_threads,AXPY,64000000,INTEL,1,runtime,INTEL,4T,4,INTEL,4T,4,0.0212005113958333,0.0212005113958333,0.0,True,True,True,True,True,True
cpu_threads,AXPY,64000000,INTEL,1,energy,INTEL,2T,2,INTEL,2T,2,1.2767824404761905,1.2767824404761905,0.0,True,True,True,True,True,True
cpu_threads,AXPY,64000000,INTEL,1,edp,INTEL,4T,4,INTEL,4T,4,0.0304916206845982,0.0304916206845982,0.0,True,True,True,True,True,True
cpu_threads,AXPY,64000000,INTEL,2,runtime,INTEL,4T,4,INTEL,4T,4,0.02117699440625,0.02117699440625,0.0,True,True,True,True,True,True
cpu_threads,AXPY,64000000,INTEL,2,energy,INTEL,2T,2,INTEL,2T,2,1.3593591785714287,1.3593591785714287,0.0,True,True,True,True,True,True
cpu_threads,AXPY,64000000,INTEL,2,edp,INTEL,4T,4,INTEL,4T,4,0.029677123240904,0.029677123240904,0.0,True,True,True,True,True,True
cpu_threads,AXPY,64000000,INTEL,3,runtime,INTEL,4T,4,INTEL,4T,4,0.0212861913085106,0.0212861913085106,0.0,True,True,True,True,True,True
cpu_threads,AXPY,64000000,INTEL,3,energy,INTEL,2T,2,INTEL,2T,2,1.3467162142857143,1.3467162142857143,0.0,True,True,True,True,True,True
cpu_threads,AXPY,64000000,INTEL,3,edp,INTEL,4T,4,INTEL,4T,4,0.0311380392329821,0.0311380392329821,0.0,True,True,True,True,True,True
cpu_threads,AXPY,64000000,INTEL,4,runtime,INTEL,4T,4,INTEL,4T,4,0.0211865389375,0.0211865389375,0.0,True,True,True,True,True,True
cpu_threads,AXPY,64000000,INTEL,4,energy,INTEL,2T,2,INTEL,2T,2,1.3395860119047618,1.3395860119047618,0.0,True,True,True,True,True,True
cpu_threads,AXPY,64000000,INTEL,4,edp,INTEL,4T,4,INTEL,4T,4,0.0304683608095089,0.0304683608095089,0.0,True,True,True,True,True,True
cpu_threads,AXPY,64000000,INTEL,5,runtime,INTEL,4T,4,INTEL,4T,4,0.0211948979895833,0.0211948979895833,0.0,True,True,True,True,True,True
cpu_threads,AXPY,64000000,INTEL,5,energy,INTEL,2T,2,INTEL,2T,2,1.3435845357142857,1.3435845357142857,0.0,True,True,True,True,True,True
cpu_threads,AXPY,64000000,INTEL,5,edp,INTEL,4T,4,INTEL,4T,4,0.0303531152754197,0.0303531152754197,0.0,True,True,True,True,True,True
cpu_threads,AXPY,128000000,AMD,1,runtime,AMD,4T,4,AMD,4T,4,0.0284617510138888,0.0284617510138888,0.0,True,True,True,True,True,True
cpu_threads,AXPY,128000000,AMD,1,energy,AMD,4T,4,AMD,4T,4,2.579605652777777,2.579605652777777,0.0,True,True,True,True,True,True
cpu_threads,AXPY,128000000,AMD,1,edp,AMD,4T,4,AMD,4T,4,0.0734417811035411,0.0734417811035411,0.0,True,True,True,True,True,True
cpu_threads,AXPY,128000000,AMD,2,runtime,AMD,4T,4,AMD,4T,4,0.028491369,0.028491369,0.0,True,True,True,True,True,True
cpu_threads,AXPY,128000000,AMD,2,energy,AMD,4T,4,AMD,4T,4,2.4961765833333334,2.4961765833333334,0.0,True,True,True,True,True,True
cpu_threads,AXPY,128000000,AMD,2,edp,AMD,4T,4,AMD,4T,4,0.0711183295926196,0.0711183295926196,0.0,True,True,True,True,True,True
cpu_threads,AXPY,128000000,AMD,3,runtime,AMD,4T,4,AMD,4T,4,0.0285068521388888,0.0285068521388888,0.0,True,True,True,True,True,True
cpu_threads,AXPY,128000000,AMD,3,energy,AMD,4T,4,AMD,4T,4,2.503936125,2.503936125,0.0,True,True,True,True,True,True
cpu_threads,AXPY,128000000,AMD,3,edp,AMD,4T,4,AMD,4T,4,0.0714058219336824,0.0714058219336824,0.0,True,True,True,True,True,True
cpu_threads,AXPY,128000000,AMD,4,runtime,AMD,4T,4,AMD,4T,4,0.0285058348333333,0.0285058348333333,0.0,True,True,True,True,True,True
cpu_threads,AXPY,128000000,AMD,4,energy,AMD,4T,4,AMD,4T,4,2.524130513888889,2.524130513888889,0.0,True,True,True,True,True,True
cpu_threads,AXPY,128000000,AMD,4,edp,AMD,4T,4,AMD,4T,4,0.0719377049426435,0.0719377049426435,0.0,True,True,True,True,True,True
cpu_threads,AXPY,128000000,AMD,5,runtime,AMD,4T,4,AMD,4T,4,0.0284308802777777,0.0284308802777777,0.0,True,True,True,True,True,True
cpu_threads,AXPY,128000000,AMD,5,energy,AMD,4T,4,AMD,4T,4,2.509045638888889,2.509045638888889,0.0,True,True,True,True,True,True
cpu_threads,AXPY,128000000,AMD,5,edp,AMD,4T,4,AMD,4T,4,0.0713462574176835,0.0713462574176835,0.0,True,True,True,True,True,True
cpu_threads,AXPY,128000000,INTEL,1,runtime,INTEL,4T,4,INTEL,4T,4,0.0428070476874999,0.0428070476874999,0.0,True,True,True,True,True,True
cpu_threads,AXPY,128000000,INTEL,1,energy,INTEL,2T,2,INTEL,2T,2,2.545195857142857,2.545195857142857,0.0,True,True,True,True,True,True
cpu_threads,AXPY,128000000,INTEL,1,edp,INTEL,4T,4,INTEL,4T,4,0.1210651480901958,0.1210651480901958,0.0,True,True,True,True,True,True
cpu_threads,AXPY,128000000,INTEL,2,runtime,INTEL,4T,4,INTEL,4T,4,0.0430251408125,0.0430251408125,0.0,True,True,True,True,True,True
cpu_threads,AXPY,128000000,INTEL,2,energy,INTEL,2T,2,INTEL,2T,2,2.710945071428571,2.710945071428571,0.0,True,True,True,True,True,True
cpu_threads,AXPY,128000000,INTEL,2,edp,INTEL,4T,4,INTEL,4T,4,0.1263761592531694,0.1263761592531694,0.0,True,True,True,True,True,True
cpu_threads,AXPY,128000000,INTEL,3,runtime,INTEL,4T,4,INTEL,4T,4,0.0431189417083333,0.0431189417083333,0.0,True,True,True,True,True,True
cpu_threads,AXPY,128000000,INTEL,3,energy,INTEL,2T,2,INTEL,2T,2,2.780724071428572,2.780724071428572,0.0,True,True,True,True,True,True
cpu_threads,AXPY,128000000,INTEL,3,edp,INTEL,4T,4,INTEL,4T,4,0.1290916886200866,0.1290916886200866,0.0,True,True,True,True,True,True
cpu_threads,AXPY,128000000,INTEL,4,runtime,INTEL,4T,4,INTEL,4T,4,0.0429622874166666,0.0429622874166666,0.0,True,True,True,True,True,True
cpu_threads,AXPY,128000000,INTEL,4,energy,INTEL,2T,2,INTEL,2T,2,2.718029523809524,2.718029523809524,0.0,True,True,True,True,True,True
cpu_threads,AXPY,128000000,INTEL,4,edp,INTEL,4T,4,INTEL,4T,4,0.1242329459114185,0.1242329459114185,0.0,True,True,True,True,True,True
cpu_threads,AXPY,128000000,INTEL,5,runtime,INTEL,4T,4,INTEL,4T,4,0.0428508251458333,0.0428508251458333,0.0,True,True,True,True,True,True
cpu_threads,AXPY,128000000,INTEL,5,energy,INTEL,2T,2,INTEL,2T,2,2.7077175238095235,2.7077175238095235,0.0,True,True,True,True,True,True
cpu_threads,AXPY,128000000,INTEL,5,edp,INTEL,4T,4,INTEL,4T,4,0.1257187484753914,0.1257187484753914,0.0,True,True,True,True,True,True
cpu_threads,AXPY,256000000,AMD,1,runtime,AMD,4T,4,AMD,4T,4,0.0565913449722222,0.0565913449722222,0.0,True,True,True,True,True,True
cpu_threads,AXPY,256000000,AMD,1,energy,AMD,4T,4,AMD,4T,4,4.972352916666667,4.972352916666667,0.0,True,True,True,True,True,True
cpu_threads,AXPY,256000000,AMD,1,edp,AMD,4T,4,AMD,4T,4,0.2813255183078644,0.2813255183078644,0.0,True,True,True,True,True,True
cpu_threads,AXPY,256000000,AMD,2,runtime,AMD,4T,4,AMD,4T,4,0.0566309795,0.0566309795,0.0,True,True,True,True,True,True
cpu_threads,AXPY,256000000,AMD,2,energy,AMD,4T,4,AMD,4T,4,5.138603638888889,5.138603638888889,0.0,True,True,True,True,True,True
cpu_threads,AXPY,256000000,AMD,2,edp,AMD,4T,4,AMD,4T,4,0.2910109658947036,0.2910109658947036,0.0,True,True,True,True,True,True
cpu_threads,AXPY,256000000,AMD,3,runtime,AMD,4T,4,AMD,4T,4,0.0567060457777777,0.0567060457777777,0.0,True,True,True,True,True,True
cpu_threads,AXPY,256000000,AMD,3,energy,AMD,4T,4,AMD,4T,4,4.985505305555556,4.985505305555556,0.0,True,True,True,True,True,True
cpu_threads,AXPY,256000000,AMD,3,edp,AMD,4T,4,AMD,4T,4,0.2826555982411998,0.2826555982411998,0.0,True,True,True,True,True,True
cpu_threads,AXPY,256000000,AMD,4,runtime,AMD,4T,4,AMD,4T,4,0.0566642944722222,0.0566642944722222,0.0,True,True,True,True,True,True
cpu_threads,AXPY,256000000,AMD,4,energy,AMD,4T,4,AMD,4T,4,5.037189638888889,5.037189638888889,0.0,True,True,True,True,True,True
cpu_threads,AXPY,256000000,AMD,4,edp,AMD,4T,4,AMD,4T,4,0.2854551637856022,0.2854551637856022,0.0,True,True,True,True,True,True
cpu_threads,AXPY,256000000,AMD,5,runtime,AMD,4T,4,AMD,4T,4,0.0565845658333333,0.0565845658333333,0.0,True,True,True,True,True,True
cpu_threads,AXPY,256000000,AMD,5,energy,AMD,4T,4,AMD,4T,4,5.031608638888889,5.031608638888889,0.0,True,True,True,True,True,True
cpu_threads,AXPY,256000000,AMD,5,edp,AMD,4T,4,AMD,4T,4,0.2847972322395216,0.2847972322395216,0.0,True,True,True,True,True,True
cpu_threads,AXPY,256000000,INTEL,1,runtime,INTEL,8T,8,INTEL,4T,4,0.0871197408333333,0.086910414125,0.24085342411581667,True,False,True,True,True,True
cpu_threads,AXPY,256000000,INTEL,1,energy,INTEL,2T,2,INTEL,2T,2,5.052807454545455,5.052807454545455,0.0,True,True,True,True,True,True
cpu_threads,AXPY,256000000,INTEL,1,edp,INTEL,4T,4,INTEL,2T,2,0.5075652348277141,0.5004606406226243,1.419610980046504,True,False,False,True,True,True
cpu_threads,AXPY,256000000,INTEL,2,runtime,INTEL,8T,8,INTEL,8T,8,0.0866821945416666,0.0866821945416666,0.0,True,True,True,True,True,True
cpu_threads,AXPY,256000000,INTEL,2,energy,INTEL,2T,2,INTEL,2T,2,5.410688954545455,5.410688954545455,0.0,True,True,True,True,True,True
cpu_threads,AXPY,256000000,INTEL,2,edp,INTEL,4T,4,INTEL,4T,4,0.5189893838661943,0.5189893838661943,0.0,True,True,True,True,True,True
cpu_threads,AXPY,256000000,INTEL,3,runtime,INTEL,8T,8,INTEL,8T,8,0.0866501262083333,0.0866501262083333,0.0,True,True,True,True,True,True
cpu_threads,AXPY,256000000,INTEL,3,energy,INTEL,2T,2,INTEL,2T,2,5.616304727272727,5.616304727272727,0.0,True,True,True,True,True,True
cpu_threads,AXPY,256000000,INTEL,3,edp,INTEL,4T,4,INTEL,4T,4,0.5112432328423568,0.5112432328423568,0.0,True,True,True,True,True,True
cpu_threads,AXPY,256000000,INTEL,4,runtime,INTEL,8T,8,INTEL,8T,8,0.0867675217499999,0.0867675217499999,0.0,True,True,True,True,True,True
cpu_threads,AXPY,256000000,INTEL,4,energy,INTEL,2T,2,INTEL,2T,2,5.514698136363636,5.514698136363636,0.0,True,True,True,True,True,True
cpu_threads,AXPY,256000000,INTEL,4,edp,INTEL,4T,4,INTEL,4T,4,0.5169537864752893,0.5169537864752893,0.0,True,True,True,True,True,True
cpu_threads,AXPY,256000000,INTEL,5,runtime,INTEL,8T,8,INTEL,4T,4,0.0867070756249999,0.08640507825,0.34951345582501236,True,False,True,True,True,True
cpu_threads,AXPY,256000000,INTEL,5,energy,INTEL,2T,2,INTEL,2T,2,5.531926681818182,5.531926681818182,0.0,True,True,True,True,True,True
cpu_threads,AXPY,256000000,INTEL,5,edp,INTEL,4T,4,INTEL,4T,4,0.4985268952379338,0.4985268952379338,0.0,True,True,True,True,True,True
cpu_threads,CONV2D,1,AMD,1,runtime,AMD,32T,32,AMD,32T,32,0.0021982584226579,0.0021982584226579,0.0,True,True,True,True,True,True
cpu_threads,CONV2D,1,AMD,1,energy,AMD,32T,32,AMD,32T,32,0.5786336383442265,0.5786336383442265,0.0,True,True,True,True,True,True
cpu_threads,CONV2D,1,AMD,1,edp,AMD,32T,32,AMD,32T,32,0.0012720885942809,0.0012720885942809,0.0,True,True,True,True,True,True
cpu_threads,CONV2D,1,AMD,2,runtime,AMD,32T,32,AMD,32T,32,0.0022006381847826,0.0022006381847826,0.0,True,True,True,True,True,True
cpu_threads,CONV2D,1,AMD,2,energy,AMD,32T,32,AMD,32T,32,0.5801744380434782,0.5801744380434782,0.0,True,True,True,True,True,True
cpu_threads,CONV2D,1,AMD,2,edp,AMD,32T,32,AMD,32T,32,0.0012765260969764,0.0012765260969764,0.0,True,True,True,True,True,True
cpu_threads,CONV2D,1,AMD,3,runtime,AMD,32T,32,AMD,32T,32,0.0021745035450733,0.0021745035450733,0.0,True,True,True,True,True,True
cpu_threads,CONV2D,1,AMD,3,energy,AMD,32T,32,AMD,32T,32,0.570695501048218,0.570695501048218,0.0,True,True,True,True,True,True
cpu_threads,CONV2D,1,AMD,3,edp,AMD,32T,32,AMD,32T,32,0.0012417572818275,0.0012417572818275,0.0,True,True,True,True,True,True
cpu_threads,CONV2D,1,AMD,4,runtime,AMD,32T,32,AMD,64T,64,0.0022574656166666,0.0022112709112554,2.089056803310174,True,False,False,False,True,True
cpu_threads,CONV2D,1,AMD,4,energy,AMD,32T,32,AMD,64T,64,0.6025998933333333,0.5902663311688312,2.089491050604142,True,False,False,False,True,True
cpu_threads,CONV2D,1,AMD,4,edp,AMD,32T,32,AMD,64T,64,0.0013607995767663,0.0013048297345362,4.28943644896278,True,False,False,False,True,True
cpu_threads,CONV2D,1,AMD,5,runtime,AMD,32T,32,AMD,32T,32,0.0021923767349137,0.0021923767349137,0.0,True,True,True,True,True,True
cpu_threads,CONV2D,1,AMD,5,energy,AMD,32T,32,AMD,32T,32,0.5767146497844827,0.5767146497844827,0.0,True,True,True,True,True,True
cpu_threads,CONV2D,1,AMD,5,edp,AMD,32T,32,AMD,32T,32,0.0012643758341514,0.0012643758341514,0.0,True,True,True,True,True,True
cpu_threads,CONV2D,1,INTEL,1,runtime,INTEL,20T,20,INTEL,20T,20,0.0038411512413793,0.0038411512413793,0.0,True,True,True,True,True,True
cpu_threads,CONV2D,1,INTEL,1,energy,INTEL,20T,20,INTEL,10T,10,0.6923664042145594,0.6879678811475409,0.6393500608897096,True,False,True,True,True,True
cpu_threads,CONV2D,1,INTEL,1,edp,INTEL,20T,20,INTEL,20T,20,0.0026596606443858,0.0026596606443858,0.0,True,True,True,True,True,True
cpu_threads,CONV2D,1,INTEL,2,runtime,INTEL,20T,20,INTEL,10T,10,0.0045587678445945,0.0043318495882352,5.238368778444769,True,False,False,False,False,True
cpu_threads,CONV2D,1,INTEL,2,energy,INTEL,20T,20,INTEL,20T,20,0.7182687139639639,0.7182687139639639,0.0,True,True,True,True,True,True
cpu_threads,CONV2D,1,INTEL,2,edp,INTEL,20T,20,INTEL,10T,10,0.0032730183438558,0.0031834828963576,2.8124997184889144,True,False,False,False,True,True
cpu_threads,CONV2D,1,INTEL,3,runtime,INTEL,10T,10,INTEL,20T,20,0.0047616160235849,0.0043667420281385,9.04275986311771,True,False,False,False,False,True
cpu_threads,CONV2D,1,INTEL,3,energy,INTEL,20T,20,INTEL,20T,20,0.7262909047619047,0.7262909047619047,0.0,True,True,True,True,True,True
cpu_threads,CONV2D,1,INTEL,3,edp,INTEL,20T,20,INTEL,20T,20,0.0031735402022822,0.0031735402022822,0.0,True,True,True,True,True,True
cpu_threads,CONV2D,1,INTEL,4,runtime,INTEL,10T,10,INTEL,20T,20,0.0046770724694323,0.0045496211116071,2.8013620189172084,True,False,False,False,True,True
cpu_threads,CONV2D,1,INTEL,4,energy,INTEL,20T,20,INTEL,20T,20,0.7262936517857143,0.7262936517857143,0.0,True,True,True,True,True,True
cpu_threads,CONV2D,1,INTEL,4,edp,INTEL,20T,20,INTEL,20T,20,0.0033041478516557,0.0033041478516557,0.0,True,True,True,True,True,True
cpu_threads,CONV2D,1,INTEL,5,runtime,INTEL,20T,20,INTEL,20T,20,0.0045348652400881,0.0045348652400881,0.0,True,True,True,True,True,True
cpu_threads,CONV2D,1,INTEL,5,energy,INTEL,20T,20,INTEL,20T,20,0.7178443678414097,0.7178443678414097,0.0,True,True,True,True,True,True
cpu_threads,CONV2D,1,INTEL,5,edp,INTEL,20T,20,INTEL,20T,20,0.0032550984654399,0.0032550984654399,0.0,True,True,True,True,True,True
cpu_threads,CONV2D,2,AMD,1,runtime,AMD,32T,32,AMD,32T,32,0.0011487157757644,0.0011487157757644,0.0,True,True,True,True,True,True
cpu_threads,CONV2D,2,AMD,1,energy,AMD,64T,64,AMD,64T,64,0.3040798785714286,0.3040798785714286,0.0,True,True,True,True,True,True
cpu_threads,CONV2D,2,AMD,1,edp,AMD,64T,64,AMD,32T,32,0.0003635288954149,0.000358614346604,1.3704272730412859,True,False,False,True,True,True
cpu_threads,CONV2D,2,AMD,2,runtime,AMD,32T,32,AMD,32T,32,0.0011717563662053,0.0011717563662053,0.0,True,True,True,True,True,True
cpu_threads,CONV2D,2,AMD,2,energy,AMD,64T,64,AMD,64T,64,0.3022220253537735,0.3022220253537735,0.0,True,True,True,True,True,True
cpu_threads,CONV2D,2,AMD,2,edp,AMD,64T,64,AMD,64T,64,0.0003590255450296,0.0003590255450296,0.0,True,True,True,True,True,True
cpu_threads,CONV2D,2,AMD,3,runtime,AMD,32T,32,AMD,64T,64,0.0011609313390022,0.0010936742459283,6.149645867980813,True,False,False,False,False,True
cpu_threads,CONV2D,2,AMD,3,energy,AMD,64T,64,AMD,64T,64,0.2820796406080347,0.2820796406080347,0.0,True,True,True,True,True,True
cpu_threads,CONV2D,2,AMD,3,edp,AMD,64T,64,AMD,64T,64,0.0003085328396785,0.0003085328396785,0.0,True,True,True,True,True,True
cpu_threads,CONV2D,2,AMD,4,runtime,AMD,32T,32,AMD,32T,32,0.0011508773915525,0.0011508773915525,0.0,True,True,True,True,True,True
cpu_threads,CONV2D,2,AMD,4,energy,AMD,64T,64,AMD,64T,64,0.302895307464455,0.302895307464455,0.0,True,True,True,True,True,True
cpu_threads,CONV2D,2,AMD,4,edp,AMD,64T,64,AMD,32T,32,0.0003607154305849,0.0003600589368867,0.18232951079522053,True,False,True,True,True,True
cpu_threads,CONV2D,2,AMD,5,runtime,AMD,32T,32,AMD,32T,32,0.0011579776864988,0.0011579776864988,0.0,True,True,True,True,True,True
cpu_threads,CONV2D,2,AMD,5,energy,AMD,64T,64,AMD,64T,64,0.3014789345238095,0.3014789345238095,0.0,True,True,True,True,True,True
cpu_threads,CONV2D,2,AMD,5,edp,AMD,64T,64,AMD,64T,64,0.0003594420046951,0.0003594420046951,0.0,True,True,True,True,True,True
cpu_threads,CONV2D,2,INTEL,1,runtime,INTEL,10T,10,INTEL,20T,20,0.0022555357972972,0.0020951828392484,7.653411198534021,True,False,False,False,False,True
cpu_threads,CONV2D,2,INTEL,1,energy,INTEL,20T,20,INTEL,10T,10,0.3807053726513569,0.3724667657657657,2.2119038912513878,True,False,False,False,True,True
cpu_threads,CONV2D,2,INTEL,1,edp,INTEL,20T,20,INTEL,20T,20,0.0007973461191916,0.0007973461191916,0.0,True,True,True,True,True,True
cpu_threads,CONV2D,2,INTEL,2,runtime,INTEL,20T,20,INTEL,10T,10,0.0023964655021834,0.0023674438376168,1.2258649647974185,True,False,False,True,True,True
cpu_threads,CONV2D,2,INTEL,2,energy,INTEL,20T,20,INTEL,20T,20,0.3749700480349345,0.3749700480349345,0.0,True,True,True,True,True,True
cpu_threads,CONV2D,2,INTEL,2,edp,INTEL,20T,20,INTEL,20T,20,0.000898170818406,0.000898170818406,0.0,True,True,True,True,True,True
cpu_threads,CONV2D,2,INTEL,3,runtime,INTEL,10T,10,INTEL,20T,20,0.0023841931983758,0.002264580613402,5.28188682115891,True,False,False,False,False,True
cpu_threads,CONV2D,2,INTEL,3,energy,INTEL,20T,20,INTEL,20T,20,0.3787787020618557,0.3787787020618557,0.0,True,True,True,True,True,True
cpu_threads,CONV2D,2,INTEL,3,edp,INTEL,20T,20,INTEL,20T,20,0.0008562727930539,0.0008562727930539,0.0,True,True,True,True,True,True
cpu_threads,CONV2D,2,INTEL,4,runtime,INTEL,10T,10,INTEL,20T,20,0.0024310689128878,0.0023610855511727,2.964033288854795,True,False,False,False,True,True
cpu_threads,CONV2D,2,INTEL,4,energy,INTEL,20T,20,INTEL,20T,20,0.3791731833688699,0.3791731833688699,0.0,True,True,True,True,True,True
cpu_threads,CONV2D,2,INTEL,4,edp,INTEL,20T,20,INTEL,20T,20,0.0008969229826298,0.0008969229826298,0.0,True,True,True,True,True,True
cpu_threads,CONV2D,2,INTEL,5,runtime,INTEL,20T,20,INTEL,10T,10,0.0024040887177033,0.0022926251191011,4.861832738092953,True,False,False,False,True,True
cpu_threads,CONV2D,2,INTEL,5,energy,INTEL,20T,20,INTEL,20T,20,0.3798510633971291,0.3798510633971291,0.0,True,True,True,True,True,True
cpu_threads,CONV2D,2,INTEL,5,edp,INTEL,20T,20,INTEL,10T,10,0.0009130663855996,0.0008954143697063,1.971379563529907,True,False,False,True,True,True
cpu_threads,CONV2D,3,AMD,1,runtime,AMD,32T,32,AMD,32T,32,0.0011533112657502,0.0011533112657502,0.0,True,True,True,True,True,True
cpu_threads,CONV2D,3,AMD,1,energy,AMD,64T,64,AMD,64T,64,0.2980621666666666,0.2980621666666666,0.0,True,True,True,True,True,True
cpu_threads,CONV2D,3,AMD,1,edp,AMD,64T,64,AMD,64T,64,0.0003506113748417,0.0003506113748417,0.0,True,True,True,True,True,True
cpu_threads,CONV2D,3,AMD,2,runtime,AMD,32T,32,AMD,32T,32,0.001154423556701,0.001154423556701,0.0,True,True,True,True,True,True
cpu_threads,CONV2D,3,AMD,2,energy,AMD,64T,64,AMD,64T,64,0.2996115106257379,0.2996115106257379,0.0,True,True,True,True,True,True
cpu_threads,CONV2D,3,AMD,2,edp,AMD,64T,64,AMD,32T,32,0.0003565254876278,0.0003561322160448,0.11042853335980762,True,False,True,True,True,True
cpu_threads,CONV2D,3,AMD,3,runtime,AMD,32T,32,AMD,64T,64,0.0011554848568985,0.0011279535127635,2.4408225891817015,True,False,False,False,True,True
cpu_threads,CONV2D,3,AMD,3,energy,AMD,64T,64,AMD,64T,64,0.3006038951165372,0.3006038951165372,0.0,True,True,True,True,True,True
cpu_threads,CONV2D,3,AMD,3,edp,AMD,64T,64,AMD,64T,64,0.0003389267742504,0.0003389267742504,0.0,True,True,True,True,True,True
cpu_threads,CONV2D,3,AMD,4,runtime,AMD,32T,32,AMD,32T,32,0.0011589704425287,0.0011589704425287,0.0,True,True,True,True,True,True
cpu_threads,CONV2D,3,AMD,4,energy,AMD,64T,64,AMD,64T,64,0.3020654321428571,0.3020654321428571,0.0,True,True,True,True,True,True
cpu_threads,CONV2D,3,AMD,4,edp,AMD,64T,64,AMD,32T,32,0.0003604989721195,0.0003600842998183,0.11515978380876035,True,False,True,True,True,True
cpu_threads,CONV2D,3,AMD,5,runtime,AMD,32T,32,AMD,32T,32,0.0011556058583715,0.0011556058583715,0.0,True,True,True,True,True,True
cpu_threads,CONV2D,3,AMD,5,energy,AMD,64T,64,AMD,64T,64,0.2986646981132075,0.2986646981132075,0.0,True,True,True,True,True,True
cpu_threads,CONV2D,3,AMD,5,edp,AMD,64T,64,AMD,64T,64,0.0003545213331255,0.0003545213331255,0.0,True,True,True,True,True,True
cpu_threads,CONV2D,3,INTEL,1,runtime,INTEL,10T,10,INTEL,10T,10,0.0020557199231557,0.0020557199231557,0.0,True,True,True,True,True,True
cpu_threads,CONV2D,3,INTEL,1,energy,INTEL,10T,10,INTEL,10T,10,0.3524771290983607,0.3524771290983607,0.0,True,True,True,True,True,True
cpu_threads,CONV2D,3,INTEL,1,edp,INTEL,10T,10,INTEL,10T,10,0.0007244841121095,0.0007244841121095,0.0,True,True,True,True,True,True
cpu_threads,CONV2D,3,INTEL,2,runtime,INTEL,10T,10,INTEL,20T,20,0.0022424372312373,0.0022411155,0.05897648904307218,True,False,True,True,True,True
cpu_threads,CONV2D,3,INTEL,2,energy,INTEL,10T,10,INTEL,10T,10,0.3638136561866125,0.3638136561866125,0.0,True,True,True,True,True,True
cpu_threads,CONV2D,3,INTEL,2,edp,INTEL,10T,10,INTEL,10T,10,0.0008168508949091,0.0008168508949091,0.0,True,True,True,True,True,True
cpu_threads,CONV2D,3,INTEL,3,runtime,INTEL,20T,20,INTEL,10T,10,0.0023995341583514,0.0022233408674321,7.924708869441099,True,False,False,False,False,True
cpu_threads,CONV2D,3,INTEL,3,energy,INTEL,10T,10,INTEL,10T,10,0.3630880814196242,0.3630880814196242,0.0,True,True,True,True,True,True
cpu_threads,CONV2D,3,INTEL,3,edp,INTEL,10T,10,INTEL,10T,10,0.0008070501812696,0.0008070501812696,0.0,True,True,True,True,True,True
cpu_threads,CONV2D,3,INTEL,4,runtime,INTEL,10T,10,INTEL,20T,20,0.0023202954139908,0.0022294656153846,4.074061424379982,True,False,False,False,True,True
cpu_threads,CONV2D,3,INTEL,4,energy,INTEL,10T,10,INTEL,10T,10,0.358497366972477,0.358497366972477,0.0,True,True,True,True,True,True
cpu_threads,CONV2D,3,INTEL,4,edp,INTEL,10T,10,INTEL,10T,10,0.0008307907222531,0.0008307907222531,0.0,True,True,True,True,True,True
cpu_threads,CONV2D,3,INTEL,5,runtime,INTEL,10T,10,INTEL,10T,10,0.0022985475810502,0.0022985475810502,0.0,True,True,True,True,True,True
cpu_threads,CONV2D,3,INTEL,5,energy,INTEL,10T,10,INTEL,10T,10,0.3565543413242009,0.3565543413242009,0.0,True,True,True,True,True,True
cpu_threads,CONV2D,3,INTEL,5,edp,INTEL,10T,10,INTEL,10T,10,0.0008196667383041,0.0008196667383041,0.0,True,True,True,True,True,True
cpu_threads,CONV2D,4,AMD,1,runtime,AMD,32T,32,AMD,32T,32,0.0011664167407834,0.0011664167407834,0.0,True,True,True,True,True,True
cpu_threads,CONV2D,4,AMD,1,energy,AMD,64T,64,AMD,64T,64,0.2895560803782506,0.2895560803782506,0.0,True,True,True,True,True,True
cpu_threads,CONV2D,4,AMD,1,edp,AMD,64T,64,AMD,64T,64,0.0003452855401627,0.0003452855401627,0.0,True,True,True,True,True,True
cpu_threads,CONV2D,4,AMD,2,runtime,AMD,32T,32,AMD,32T,32,0.0011195053884572,0.0011195053884572,0.0,True,True,True,True,True,True
cpu_threads,CONV2D,4,AMD,2,energy,AMD,64T,64,AMD,64T,64,0.2911153209580838,0.2911153209580838,0.0,True,True,True,True,True,True
cpu_threads,CONV2D,4,AMD,2,edp,AMD,64T,64,AMD,32T,32,0.0003498559164203,0.0003379254050189,3.5305162690365544,True,False,False,False,True,True
cpu_threads,CONV2D,4,AMD,3,runtime,AMD,32T,32,AMD,64T,64,0.0011237047167405,0.0010941619291166,2.7000379777198047,True,False,False,False,True,True
cpu_threads,CONV2D,4,AMD,3,energy,AMD,64T,64,AMD,64T,64,0.2790812993456925,0.2790812993456925,0.0,True,True,True,True,True,True
cpu_threads,CONV2D,4,AMD,3,edp,AMD,64T,64,AMD,64T,64,0.0003056234511094,0.0003056234511094,0.0,True,True,True,True,True,True
cpu_threads,CONV2D,4,AMD,4,runtime,AMD,32T,32,AMD,32T,32,0.0011607068039772,0.0011607068039772,0.0,True,True,True,True,True,True
cpu_threads,CONV2D,4,AMD,4,energy,AMD,64T,64,AMD,64T,64,0.2906151254458977,0.2906151254458977,0.0,True,True,True,True,True,True
cpu_threads,CONV2D,4,AMD,4,edp,AMD,64T,64,AMD,64T,64,0.000349502108155,0.000349502108155,0.0,True,True,True,True,True,True
cpu_threads,CONV2D,4,AMD,5,runtime,AMD,32T,32,AMD,32T,32,0.0011694950312862,0.0011694950312862,0.0,True,True,True,True,True,True
cpu_threads,CONV2D,4,AMD,5,energy,AMD,64T,64,AMD,64T,64,0.2903272330960854,0.2903272330960854,0.0,True,True,True,True,True,True
cpu_threads,CONV2D,4,AMD,5,edp,AMD,64T,64,AMD,64T,64,0.0003476391931357,0.0003476391931357,0.0,True,True,True,True,True,True
cpu_threads,CONV2D,4,INTEL,1,runtime,INTEL,20T,20,INTEL,20T,20,0.002491494742647,0.002491494742647,0.0,True,True,True,True,True,True
cpu_threads,CONV2D,4,INTEL,1,energy,INTEL,10T,10,INTEL,16T,16,0.41144533125,0.4034465291139241,1.9826176602989687,True,False,False,True,True,True
cpu_threads,CONV2D,4,INTEL,1,edp,INTEL,10T,10,INTEL,10T,10,0.001033191390884,0.001033191390884,0.0,True,True,True,True,True,True
cpu_threads,CONV2D,4,INTEL,2,runtime,INTEL,20T,20,INTEL,10T,10,0.002660714893421,0.0025760560875634,3.2863727721734515,True,False,False,False,True,True
cpu_threads,CONV2D,4,INTEL,2,energy,INTEL,10T,10,INTEL,10T,10,0.409815331218274,0.409815331218274,0.0,True,True,True,True,True,True
cpu_threads,CONV2D,4,INTEL,2,edp,INTEL,10T,10,INTEL,10T,10,0.0010562356384894,0.0010562356384894,0.0,True,True,True,True,True,True
cpu_threads,CONV2D,4,INTEL,3,runtime,INTEL,10T,10,INTEL,20T,20,0.0026072597286432,0.002400714822619,8.603475268206795,True,False,False,False,False,True
cpu_threads,CONV2D,4,INTEL,3,energy,INTEL,10T,10,INTEL,10T,10,0.4105211444723618,0.4105211444723618,0.0,True,True,True,True,True,True
cpu_threads,CONV2D,4,INTEL,3,edp,INTEL,10T,10,INTEL,20T,20,0.0010702105637519,0.0010321736709115,3.6851252761378905,True,False,False,False,True,True
cpu_threads,CONV2D,4,INTEL,4,runtime,INTEL,20T,20,INTEL,20T,20,0.002383088528436,0.002383088528436,0.0,True,True,True,True,True,True
cpu_threads,CONV2D,4,INTEL,4,energy,INTEL,10T,10,INTEL,10T,10,0.410718193902439,0.410718193902439,0.0,True,True,True,True,True,True
cpu_threads,CONV2D,4,INTEL,4,edp,INTEL,10T,10,INTEL,10T,10,0.0010222428271232,0.0010222428271232,0.0,True,True,True,True,True,True
cpu_threads,CONV2D,4,INTEL,5,runtime,INTEL,20T,20,INTEL,20T,20,0.002598190415404,0.002598190415404,0.0,True,True,True,True,True,True
cpu_threads,CONV2D,4,INTEL,5,energy,INTEL,10T,10,INTEL,10T,10,0.4157949948717948,0.4157949948717948,0.0,True,True,True,True,True,True
cpu_threads,CONV2D,4,INTEL,5,edp,INTEL,10T,10,INTEL,10T,10,0.0010813364055933,0.0010813364055933,0.0,True,True,True,True,True,True
cpu_threads,CONV2D,5,AMD,1,runtime,AMD,64T,64,AMD,64T,64,0.0028842134612068,0.0028842134612068,0.0,True,True,True,True,True,True
cpu_threads,CONV2D,5,AMD,1,energy,AMD,64T,64,AMD,64T,64,0.7455774123563218,0.7455774123563218,0.0,True,True,True,True,True,True
cpu_threads,CONV2D,5,AMD,1,edp,AMD,64T,64,AMD,64T,64,0.0021493773405235,0.0021493773405235,0.0,True,True,True,True,True,True
cpu_threads,CONV2D,5,AMD,2,runtime,AMD,64T,64,AMD,64T,64,0.002938409998538,0.002938409998538,0.0,True,True,True,True,True,True
cpu_threads,CONV2D,5,AMD,2,energy,AMD,64T,64,AMD,64T,64,0.7531291710526316,0.7531291710526316,0.0,True,True,True,True,True,True
cpu_threads,CONV2D,5,AMD,2,edp,AMD,64T,64,AMD,64T,64,0.0022119276682846,0.0022119276682846,0.0,True,True,True,True,True,True
cpu_threads,CONV2D,5,AMD,3,runtime,AMD,64T,64,AMD,64T,64,0.0027866285359116,0.0027866285359116,0.0,True,True,True,True,True,True
cpu_threads,CONV2D,5,AMD,3,energy,AMD,64T,64,AMD,64T,64,0.7339086187845305,0.7339086187845305,0.0,True,True,True,True,True,True
cpu_threads,CONV2D,5,AMD,3,edp,AMD,64T,64,AMD,64T,64,0.0020458425718897,0.0020458425718897,0.0,True,True,True,True,True,True
cpu_threads,CONV2D,5,AMD,4,runtime,AMD,64T,64,AMD,64T,64,0.0028760647464183,0.0028760647464183,0.0,True,True,True,True,True,True
cpu_threads,CONV2D,5,AMD,4,energy,AMD,64T,64,AMD,64T,64,0.7394387922636103,0.7394387922636103,0.0,True,True,True,True,True,True
cpu_threads,CONV2D,5,AMD,4,edp,AMD,64T,64,AMD,64T,64,0.0021260925572406,0.0021260925572406,0.0,True,True,True,True,True,True
cpu_threads,CONV2D,5,AMD,5,runtime,AMD,64T,64,AMD,64T,64,0.0028799458508522,0.0028799458508522,0.0,True,True,True,True,True,True
cpu_threads,CONV2D,5,AMD,5,energy,AMD,64T,64,AMD,64T,64,0.7427797698863636,0.7427797698863636,0.0,True,True,True,True,True,True
cpu_threads,CONV2D,5,AMD,5,edp,AMD,64T,64,AMD,64T,64,0.0021387264510902,0.0021387264510902,0.0,True,True,True,True,True,True
cpu_threads,CONV2D,5,INTEL,1,runtime,INTEL,10T,10,INTEL,10T,10,0.0061804481687116,0.0061804481687116,0.0,True,True,True,True,True,True
cpu_threads,CONV2D,5,INTEL,1,energy,INTEL,10T,10,INTEL,10T,10,0.9405640674846626,0.9405640674846626,0.0,True,True,True,True,True,True
cpu_threads,CONV2D,5,INTEL,1,edp,INTEL,10T,10,INTEL,10T,10,0.0058172932858825,0.0058172932858825,0.0,True,True,True,True,True,True
cpu_threads,CONV2D,5,INTEL,2,runtime,INTEL,10T,10,INTEL,10T,10,0.0063174054813664,0.0063174054813664,0.0,True,True,True,True,True,True
cpu_threads,CONV2D,5,INTEL,2,energy,INTEL,8T,8,INTEL,10T,10,1.035304553691275,1.0198311335403727,1.5172531649613408,True,False,False,True,True,True
cpu_threads,CONV2D,5,INTEL,2,edp,INTEL,10T,10,INTEL,10T,10,0.0064414810911652,0.0064414810911652,0.0,True,True,True,True,True,True
cpu_threads,CONV2D,5,INTEL,3,runtime,INTEL,10T,10,INTEL,10T,10,0.0063970872499999,0.0063970872499999,0.0,True,True,True,True,True,True
cpu_threads,CONV2D,5,INTEL,3,energy,INTEL,8T,8,INTEL,8T,8,1.0133582843137252,1.0133582843137252,0.0,True,True,True,True,True,True
cpu_threads,CONV2D,5,INTEL,3,edp,INTEL,10T,10,INTEL,10T,10,0.0064903628111922,0.0064903628111922,0.0,True,True,True,True,True,True
cpu_threads,CONV2D,5,INTEL,4,runtime,INTEL,10T,10,INTEL,10T,10,0.0063015891024844,0.0063015891024844,0.0,True,True,True,True,True,True
cpu_threads,CONV2D,5,INTEL,4,energy,INTEL,8T,8,INTEL,10T,10,1.0332531734693875,1.0183835745341616,1.4601177107582242,True,False,False,True,True,True
cpu_threads,CONV2D,5,INTEL,4,edp,INTEL,10T,10,INTEL,10T,10,0.0064095721963128,0.0064095721963128,0.0,True,True,True,True,True,True
cpu_threads,CONV2D,5,INTEL,5,runtime,INTEL,10T,10,INTEL,10T,10,0.0063320920559006,0.0063320920559006,0.0,True,True,True,True,True,True
cpu_threads,CONV2D,5,INTEL,5,energy,INTEL,10T,10,INTEL,8T,8,1.0173943726708077,0.9876250761589404,3.014230524365158,True,False,False,False,True,True
cpu_threads,CONV2D,5,INTEL,5,edp,INTEL,10T,10,INTEL,10T,10,0.0064295002829032,0.0064295002829032,0.0,True,True,True,True,True,True
cpu_threads,CONV2D,6,AMD,1,runtime,AMD,32T,32,AMD,32T,32,0.0056583528483146,0.0056583528483146,0.0,True,True,True,True,True,True
cpu_threads,CONV2D,6,AMD,1,energy,AMD,64T,64,AMD,64T,64,1.4377948554913296,1.4377948554913296,0.0,True,True,True,True,True,True
cpu_threads,CONV2D,6,AMD,1,edp,AMD,64T,64,AMD,64T,64,0.0083725151444079,0.0083725151444079,0.0,True,True,True,True,True,True
cpu_threads,CONV2D,6,AMD,2,runtime,AMD,32T,32,AMD,32T,32,0.0057589592947976,0.0057589592947976,0.0,True,True,True,True,True,True
cpu_threads,CONV2D,6,AMD,2,energy,AMD,64T,64,AMD,64T,64,1.4253440755813953,1.4253440755813953,0.0,True,True,True,True,True,True
cpu_threads,CONV2D,6,AMD,2,edp,AMD,64T,64,AMD,64T,64,0.0083092054083803,0.0083092054083803,0.0,True,True,True,True,True,True
cpu_threads,CONV2D,6,AMD,3,runtime,AMD,32T,32,AMD,32T,32,0.0057522896522988,0.0057522896522988,0.0,True,True,True,True,True,True
cpu_threads,CONV2D,6,AMD,3,energy,AMD,64T,64,AMD,64T,64,1.395515465714286,1.395515465714286,0.0,True,True,True,True,True,True
cpu_threads,CONV2D,6,AMD,3,edp,AMD,64T,64,AMD,64T,64,0.0080501099989204,0.0080501099989204,0.0,True,True,True,True,True,True
cpu_threads,CONV2D,6,AMD,4,runtime,AMD,32T,32,AMD,32T,32,0.0057471410751445,0.0057471410751445,0.0,True,True,True,True,True,True
cpu_threads,CONV2D,6,AMD,4,energy,AMD,64T,64,AMD,64T,64,1.397657583815029,1.397657583815029,0.0,True,True,True,True,True,True
cpu_threads,CONV2D,6,AMD,4,edp,AMD,64T,64,AMD,64T,64,0.0080940802625578,0.0080940802625578,0.0,True,True,True,True,True,True
cpu_threads,CONV2D,6,AMD,5,runtime,AMD,32T,32,AMD,32T,32,0.0057542072267441,0.0057542072267441,0.0,True,True,True,True,True,True
cpu_threads,CONV2D,6,AMD,5,energy,AMD,64T,64,AMD,64T,64,1.4056095578034682,1.4056095578034682,0.0,True,True,True,True,True,True
cpu_threads,CONV2D,6,AMD,5,edp,AMD,64T,64,AMD,64T,64,0.0081720083071273,0.0081720083071273,0.0,True,True,True,True,True,True
cpu_threads,CONV2D,6,INTEL,1,runtime,INTEL,20T,20,INTEL,20T,20,0.009657312264423,0.009657312264423,0.0,True,True,True,True,True,True
cpu_threads,CONV2D,6,INTEL,1,energy,INTEL,10T,10,INTEL,10T,10,1.418371480392157,1.418371480392157,0.0,True,True,True,True,True,True
cpu_threads,CONV2D,6,INTEL,1,edp,INTEL,20T,20,INTEL,10T,10,0.0147381635472835,0.0139652609308517,5.53446598856111,True,False,False,False,False,True
cpu_threads,CONV2D,6,INTEL,2,runtime,INTEL,20T,20,INTEL,20T,20,0.009698734764423,0.009698734764423,0.0,True,True,True,True,True,True
cpu_threads,CONV2D,6,INTEL,2,energy,INTEL,10T,10,INTEL,10T,10,1.60342825,1.60342825,0.0,True,True,True,True,True,True
cpu_threads,CONV2D,6,INTEL,2,edp,INTEL,20T,20,INTEL,20T,20,0.0157401577540354,0.0157401577540354,0.0,True,True,True,True,True,True
cpu_threads,CONV2D,6,INTEL,3,runtime,INTEL,20T,20,INTEL,20T,20,0.0096999421826923,0.0096999421826923,0.0,True,True,True,True,True,True
cpu_threads,CONV2D,6,INTEL,3,energy,INTEL,10T,10,INTEL,10T,10,1.5902253284313723,1.5902253284313723,0.0,True,True,True,True,True,True
cpu_threads,CONV2D,6,INTEL,3,edp,INTEL,20T,20,INTEL,10T,10,0.0156355400169085,0.0156073062548269,0.1809009294788888,True,False,True,True,True,True
cpu_threads,CONV2D,6,INTEL,4,runtime,INTEL,20T,20,INTEL,20T,20,0.0097207903,0.0097207903,0.0,True,True,True,True,True,True
cpu_threads,CONV2D,6,INTEL,4,energy,INTEL,10T,10,INTEL,10T,10,1.5926298834951456,1.5926298834951456,0.0,True,True,True,True,True,True
cpu_threads,CONV2D,6,INTEL,4,edp,INTEL,20T,20,INTEL,20T,20,0.015477858900083,0.015477858900083,0.0,True,True,True,True,True,True
cpu_threads,CONV2D,6,INTEL,5,runtime,INTEL,20T,20,INTEL,20T,20,0.0097673687524271,0.0097673687524271,0.0,True,True,True,True,True,True
cpu_threads,CONV2D,6,INTEL,5,energy,INTEL,10T,10,INTEL,10T,10,1.599773608910891,1.599773608910891,0.0,True,True,True,True,True,True
cpu_threads,CONV2D,6,INTEL,5,edp,INTEL,20T,20,INTEL,20T,20,0.015705184179138,0.015705184179138,0.0,True,True,True,True,True,True
cpu_threads,GEMM,64,AMD,1,runtime,AMD,8T,8,AMD,32T,32,6.139590917182828e-06,6.1134247678547455e-06,0.4280113082550496,True,False,True,True,True,True
cpu_threads,GEMM,64,AMD,1,energy,AMD,8T,8,AMD,32T,32,0.0004466040693427,0.0004422378253389,0.9873067733304097,True,False,True,True,True,True
cpu_threads,GEMM,64,AMD,1,edp,AMD,8T,8,AMD,32T,32,2.740528250232097e-09,2.70591141429083e-09,1.2793041101953229,True,False,False,True,True,True
cpu_threads,GEMM,64,AMD,2,runtime,AMD,8T,8,AMD,1T,1,6.160477469889148e-06,6.141290389648509e-06,0.31242750339537384,True,False,True,True,True,True
cpu_threads,GEMM,64,AMD,2,energy,AMD,8T,8,AMD,1T,1,0.0004522180523704,0.0004423055151285,2.241106407868365,True,False,False,False,True,True
cpu_threads,GEMM,64,AMD,2,edp,AMD,8T,8,AMD,1T,1,2.786753236248901e-09,2.7163263941047747e-09,2.5927238455943025,True,False,False,False,True,True
cpu_threads,GEMM,64,AMD,3,runtime,AMD,8T,8,AMD,8T,8,6.116296975252062e-06,6.116296975252062e-06,0.0,True,True,True,True,True,True
cpu_threads,GEMM,64,AMD,3,energy,AMD,8T,8,AMD,8T,8,0.0004427276290864,0.0004427276290864,0.0,True,True,True,True,True,True
cpu_threads,GEMM,64,AMD,3,edp,AMD,8T,8,AMD,8T,8,2.708341072517572e-09,2.708341072517572e-09,0.0,True,True,True,True,True,True
cpu_threads,GEMM,64,AMD,4,runtime,AMD,8T,8,AMD,64T,64,6.127075280692067e-06,6.120185191980722e-06,0.11257974220082456,True,False,True,True,True,True
cpu_threads,GEMM,64,AMD,4,energy,AMD,8T,8,AMD,64T,64,0.0004459453095281,0.0004413076462025,1.0508912241851132,True,False,False,True,True,True
cpu_threads,GEMM,64,AMD,4,edp,AMD,8T,8,AMD,64T,64,2.7324931305866e-09,2.700884521930856e-09,1.1703058164496127,True,False,False,True,True,True
cpu_threads,GEMM,64,AMD,5,runtime,AMD,8T,8,AMD,64T,64,6.123876859176008e-06,6.112631039093457e-06,0.18397675257395552,True,False,True,True,True,True
cpu_threads,GEMM,64,AMD,5,energy,AMD,8T,8,AMD,64T,64,0.0004423340011605,0.0004421006123807,0.0527908745801664,True,False,True,True,True,True
cpu_threads,GEMM,64,AMD,5,edp,AMD,8T,8,AMD,64T,64,2.711457404419969e-09,2.702839226943161e-09,0.3188564599365673,True,False,True,True,True,True
cpu_threads,GEMM,64,INTEL,1,runtime,INTEL,1T,1,INTEL,10T,10,2.241896073182717e-06,2.2202337226464302e-06,0.9756788357608626,True,False,True,True,True,True
cpu_threads,GEMM,64,INTEL,1,energy,INTEL,1T,1,INTEL,16T,16,0.0001225208345019,0.0001021337789287,19.96112920430788,True,False,False,False,False,False
cpu_threads,GEMM,64,INTEL,1,edp,INTEL,1T,1,INTEL,16T,16,2.74187226915626e-10,2.3028878866323503e-10,19.06234276849068,True,False,False,False,False,False
cpu_threads,GEMM,64,INTEL,2,runtime,INTEL,16T,16,INTEL,1T,1,2.512453447111147e-06,2.291172551401459e-06,9.657976025172577,True,False,False,False,False,True
cpu_threads,GEMM,64,INTEL,2,energy,INTEL,16T,16,INTEL,1T,1,0.0001540899126827,0.0001380354596744,11.630673050366536,True,False,False,False,False,False
cpu_threads,GEMM,64,INTEL,2,edp,INTEL,16T,16,INTEL,1T,1,3.8860196260819666e-10,3.1626309937798335e-10,22.873001425865745,True,False,False,False,False,False
cpu_threads,GEMM,64,INTEL,3,runtime,INTEL,1T,1,INTEL,2T,2,2.215350190098708e-06,2.2132106011218072e-06,0.09667353734057471,True,False,True,True,True,True
cpu_threads,GEMM,64,INTEL,3,energy,INTEL,1T,1,INTEL,2T,2,0.0001110574582882,0.000110032423453,0.9315752603030081,True,False,True,True,True,True
cpu_threads,GEMM,64,INTEL,3,edp,INTEL,1T,1,INTEL,2T,2,2.4818506690621315e-10,2.4634228030416085e-10,0.7480594073323577,True,False,True,True,True,True
cpu_threads,GEMM,64,INTEL,4,runtime,INTEL,16T,16,INTEL,1T,1,2.5382000522972326e-06,2.2967681789931632e-06,10.51180852783784,True,False,False,False,False,False
cpu_threads,GEMM,64,INTEL,4,energy,INTEL,16T,16,INTEL,1T,1,0.0001524865770435,0.0001337346902838,14.021707247316595,True,False,False,False,False,False
cpu_threads,GEMM,64,INTEL,4,edp,INTEL,16T,16,INTEL,1T,1,3.9060571182828875e-10,3.0707844658023963e-10,27.200627780375154,True,False,False,False,False,False
cpu_threads,GEMM,64,INTEL,5,runtime,INTEL,1T,1,INTEL,10T,10,2.27955353191567e-06,2.234397559576809e-06,2.0209461895139835,True,False,False,False,True,True
cpu_threads,GEMM,64,INTEL,5,energy,INTEL,1T,1,INTEL,10T,10,0.0001302476983123,0.0001125906344073,15.6825334522275,True,False,False,False,False,False
cpu_threads,GEMM,64,INTEL,5,edp,INTEL,1T,1,INTEL,10T,10,2.955619710912405e-10,2.5143405610923917e-10,17.550492429247267,True,False,False,False,False,False
cpu_threads,GEMM,128,AMD,1,runtime,AMD,4T,4,AMD,4T,4,1.4477002407821068e-05,1.4477002407821068e-05,0.0,True,True,True,True,True,True
cpu_threads,GEMM,128,AMD,1,energy,AMD,4T,4,AMD,4T,4,0.0016173633779118,0.0016173633779118,0.0,True,True,True,True,True,True
cpu_threads,GEMM,128,AMD,1,edp,AMD,4T,4,AMD,4T,4,2.3414557678119856e-08,2.3414557678119856e-08,0.0,True,True,True,True,True,True
cpu_threads,GEMM,128,AMD,2,runtime,AMD,4T,4,AMD,4T,4,1.4397475029735036e-05,1.4397475029735036e-05,0.0,True,True,True,True,True,True
cpu_threads,GEMM,128,AMD,2,energy,AMD,4T,4,AMD,4T,4,0.0016181205952739,0.0016181205952739,0.0,True,True,True,True,True,True
cpu_threads,GEMM,128,AMD,2,edp,AMD,4T,4,AMD,4T,4,2.3296853064548992e-08,2.3296853064548992e-08,0.0,True,True,True,True,True,True
cpu_threads,GEMM,128,AMD,3,runtime,AMD,4T,4,AMD,4T,4,1.4749324334303142e-05,1.4749324334303142e-05,0.0,True,True,True,True,True,True
cpu_threads,GEMM,128,AMD,3,energy,AMD,4T,4,AMD,4T,4,0.0016567900562685,0.0016567900562685,0.0,True,True,True,True,True,True
cpu_threads,GEMM,128,AMD,3,edp,AMD,4T,4,AMD,4T,4,2.4435869846787992e-08,2.4435869846787992e-08,0.0,True,True,True,True,True,True
cpu_threads,GEMM,128,AMD,4,runtime,AMD,4T,4,AMD,4T,4,1.4496553961502415e-05,1.4496553961502415e-05,0.0,True,True,True,True,True,True
cpu_threads,GEMM,128,AMD,4,energy,AMD,4T,4,AMD,4T,4,0.0016335646384543,0.0016335646384543,0.0,True,True,True,True,True,True
cpu_threads,GEMM,128,AMD,4,edp,AMD,4T,4,AMD,4T,4,2.3665835219240584e-08,2.3665835219240584e-08,0.0,True,True,True,True,True,True
cpu_threads,GEMM,128,AMD,5,runtime,AMD,4T,4,AMD,4T,4,1.445189595510192e-05,1.445189595510192e-05,0.0,True,True,True,True,True,True
cpu_threads,GEMM,128,AMD,5,energy,AMD,4T,4,AMD,4T,4,0.0016263004085608,0.0016263004085608,0.0,True,True,True,True,True,True
cpu_threads,GEMM,128,AMD,5,edp,AMD,4T,4,AMD,4T,4,2.3492050405638932e-08,2.3492050405638932e-08,0.0,True,True,True,True,True,True
cpu_threads,GEMM,128,INTEL,1,runtime,INTEL,10T,10,INTEL,10T,10,1.2571068788372388e-05,1.2571068788372388e-05,0.0,True,True,True,True,True,True
cpu_threads,GEMM,128,INTEL,1,energy,INTEL,4T,4,INTEL,4T,4,0.0011992148641018,0.0011992148641018,0.0,True,True,True,True,True,True
cpu_threads,GEMM,128,INTEL,1,edp,INTEL,4T,4,INTEL,4T,4,1.5854922249645822e-08,1.5854922249645822e-08,0.0,True,True,True,True,True,True
cpu_threads,GEMM,128,INTEL,2,runtime,INTEL,8T,8,INTEL,10T,10,1.2736947063089194e-05,1.211558783888551e-05,5.12859328384716,True,False,False,False,False,True
cpu_threads,GEMM,128,INTEL,2,energy,INTEL,4T,4,INTEL,4T,4,0.0012815759990759,0.0012815759990759,0.0,True,True,True,True,True,True
cpu_threads,GEMM,128,INTEL,2,edp,INTEL,4T,4,INTEL,4T,4,1.6194992503229935e-08,1.6194992503229935e-08,0.0,True,True,True,True,True,True
cpu_threads,GEMM,128,INTEL,3,runtime,INTEL,10T,10,INTEL,10T,10,1.2399447281540193e-05,1.2399447281540193e-05,0.0,True,True,True,True,True,True
cpu_threads,GEMM,128,INTEL,3,energy,INTEL,4T,4,INTEL,4T,4,0.0011787437755706,0.0011787437755706,0.0,True,True,True,True,True,True
cpu_threads,GEMM,128,INTEL,3,edp,INTEL,4T,4,INTEL,4T,4,1.5615939517289482e-08,1.5615939517289482e-08,0.0,True,True,True,True,True,True
cpu_threads,GEMM,128,INTEL,4,runtime,INTEL,10T,10,INTEL,16T,16,1.3493028062217332e-05,1.2725080469656098e-05,6.0349134482289735,True,False,False,False,False,True
cpu_threads,GEMM,128,INTEL,4,energy,INTEL,4T,4,INTEL,4T,4,0.0012227639253655,0.0012227639253655,0.0,True,True,True,True,True,True
cpu_threads,GEMM,128,INTEL,4,edp,INTEL,4T,4,INTEL,4T,4,1.60855323067685e-08,1.60855323067685e-08,0.0,True,True,True,True,True,True
cpu_threads,GEMM,128,INTEL,5,runtime,INTEL,10T,10,INTEL,8T,8,1.2636353484216796e-05,1.2242882154565644e-05,3.213878273788806,True,False,False,False,True,True
cpu_threads,GEMM,128,INTEL,5,energy,INTEL,4T,4,INTEL,1T,1,0.0012883577477145,0.0012299173153644,4.7515740790091465,True,False,False,False,True,True
cpu_threads,GEMM,128,INTEL,5,edp,INTEL,4T,4,INTEL,4T,4,1.6493722459325036e-08,1.6493722459325036e-08,0.0,True,True,True,True,True,True
cpu_threads,GEMM,256,AMD,1,runtime,AMD,16T,16,AMD,32T,32,7.354378181818182e-05,7.234723428902403e-05,1.6538953298168124,True,False,False,True,True,True
cpu_threads,GEMM,256,AMD,1,energy,AMD,4T,4,AMD,4T,4,0.0104991572671888,0.0104991572671888,0.0,True,True,True,True,True,True
cpu_threads,GEMM,256,AMD,1,edp,AMD,16T,16,AMD,16T,16,9.103736392282446e-07,9.103736392282446e-07,0.0,True,True,True,True,True,True
cpu_threads,GEMM,256,AMD,2,runtime,AMD,16T,16,AMD,64T,64,7.063734392735529e-05,7.001337535014006e-05,0.8912133918622445,True,False,True,True,True,True
cpu_threads,GEMM,256,AMD,2,energy,AMD,4T,4,AMD,4T,4,0.0105352741694498,0.0105352741694498,0.0,True,True,True,True,True,True
cpu_threads,GEMM,256,AMD,2,edp,AMD,16T,16,AMD,16T,16,8.528004993398196e-07,8.528004993398196e-07,0.0,True,True,True,True,True,True
cpu_threads,GEMM,256,AMD,3,runtime,AMD,16T,16,AMD,16T,16,6.629204568089767e-05,6.629204568089767e-05,0.0,True,True,True,True,True,True
cpu_threads,GEMM,256,AMD,3,energy,AMD,4T,4,AMD,4T,4,0.0104193379994799,0.0104193379994799,0.0,True,True,True,True,True,True
cpu_threads,GEMM,256,AMD,3,edp,AMD,16T,16,AMD,16T,16,7.747772361597155e-07,7.747772361597155e-07,0.0,True,True,True,True,True,True
cpu_threads,GEMM,256,AMD,4,runtime,AMD,16T,16,AMD,16T,16,7.061246211320223e-05,7.061246211320223e-05,0.0,True,True,True,True,True,True
cpu_threads,GEMM,256,AMD,4,energy,AMD,4T,4,AMD,4T,4,0.0105512485516151,0.0105512485516151,0.0,True,True,True,True,True,True
cpu_threads,GEMM,256,AMD,4,edp,AMD,16T,16,AMD,16T,16,8.503873390149773e-07,8.503873390149773e-07,0.0,True,True,True,True,True,True
cpu_threads,GEMM,256,AMD,5,runtime,AMD,16T,16,AMD,64T,64,7.319306387954978e-05,7.078503881439662e-05,3.4018842194424304,True,False,False,False,True,True
cpu_threads,GEMM,256,AMD,5,energy,AMD,4T,4,AMD,4T,4,0.0104244419146183,0.0104244419146183,0.0,True,True,True,True,True,True
cpu_threads,GEMM,256,AMD,5,edp,AMD,16T,16,AMD,16T,16,9.096995386874908e-07,9.096995386874908e-07,0.0,True,True,True,True,True,True
cpu_threads,GEMM,256,INTEL,1,runtime,INTEL,8T,8,INTEL,8T,8,3.926824633522066e-05,3.926824633522066e-05,0.0,True,True,True,True,True,True
cpu_threads,GEMM,256,INTEL,1,energy,INTEL,8T,8,INTEL,8T,8,0.0052699708174978,0.0052699708174978,0.0,True,True,True,True,True,True
cpu_threads,GEMM,256,INTEL,1,edp,INTEL,8T,8,INTEL,8T,8,2.0667569777584735e-07,2.0667569777584735e-07,0.0,True,True,True,True,True,True
cpu_threads,GEMM,256,INTEL,2,runtime,INTEL,8T,8,INTEL,8T,8,3.990739521190052e-05,3.990739521190052e-05,0.0,True,True,True,True,True,True
cpu_threads,GEMM,256,INTEL,2,energy,INTEL,8T,8,INTEL,8T,8,0.0055113264120244,0.0055113264120244,0.0,True,True,True,True,True,True
cpu_threads,GEMM,256,INTEL,2,edp,INTEL,8T,8,INTEL,8T,8,2.198197987770641e-07,2.198197987770641e-07,0.0,True,True,True,True,True,True
cpu_threads,GEMM,256,INTEL,3,runtime,INTEL,8T,8,INTEL,8T,8,3.907287386012289e-05,3.907287386012289e-05,0.0,True,True,True,True,True,True
cpu_threads,GEMM,256,INTEL,3,energy,INTEL,8T,8,INTEL,8T,8,0.0050668891628507,0.0050668891628507,0.0,True,True,True,True,True,True
cpu_threads,GEMM,256,INTEL,3,edp,INTEL,8T,8,INTEL,8T,8,1.949195952357151e-07,1.949195952357151e-07,0.0,True,True,True,True,True,True
cpu_threads,GEMM,256,INTEL,4,runtime,INTEL,8T,8,INTEL,8T,8,3.99355042680999e-05,3.99355042680999e-05,0.0,True,True,True,True,True,True
cpu_threads,GEMM,256,INTEL,4,energy,INTEL,8T,8,INTEL,8T,8,0.005670509445147,0.005670509445147,0.0,True,True,True,True,True,True
cpu_threads,GEMM,256,INTEL,4,edp,INTEL,8T,8,INTEL,8T,8,2.2659570980135895e-07,2.2659570980135895e-07,0.0,True,True,True,True,True,True
cpu_threads,GEMM,256,INTEL,5,runtime,INTEL,8T,8,INTEL,8T,8,3.945221954115439e-05,3.945221954115439e-05,0.0,True,True,True,True,True,True
cpu_threads,GEMM,256,INTEL,5,energy,INTEL,8T,8,INTEL,8T,8,0.0055118539392546,0.0055118539392546,0.0,True,True,True,True,True,True
cpu_threads,GEMM,256,INTEL,5,edp,INTEL,8T,8,INTEL,8T,8,2.1684149624597985e-07,2.1684149624597985e-07,0.0,True,True,True,True,True,True
cpu_threads,GEMM,512,AMD,1,runtime,AMD,16T,16,AMD,16T,16,0.0002856098374927,0.0002856098374927,0.0,True,True,True,True,True,True
cpu_threads,GEMM,512,AMD,1,energy,AMD,16T,16,AMD,16T,16,0.0626773379280325,0.0626773379280325,0.0,True,True,True,True,True,True
cpu_threads,GEMM,512,AMD,1,edp,AMD,16T,16,AMD,16T,16,1.7894638628485288e-05,1.7894638628485288e-05,0.0,True,True,True,True,True,True
cpu_threads,GEMM,512,AMD,2,runtime,AMD,16T,16,AMD,16T,16,0.0003073389025137,0.0003073389025137,0.0,True,True,True,True,True,True
cpu_threads,GEMM,512,AMD,2,energy,AMD,16T,16,AMD,16T,16,0.0650758822808093,0.0650758822808093,0.0,True,True,True,True,True,True
cpu_threads,GEMM,512,AMD,2,edp,AMD,16T,16,AMD,16T,16,1.9991203628007385e-05,1.9991203628007385e-05,0.0,True,True,True,True,True,True
cpu_threads,GEMM,512,AMD,3,runtime,AMD,16T,16,AMD,16T,16,0.0003065232558139,0.0003065232558139,0.0,True,True,True,True,True,True
cpu_threads,GEMM,512,AMD,3,energy,AMD,16T,16,AMD,16T,16,0.0648808432497734,0.0648808432497734,0.0,True,True,True,True,True,True
cpu_threads,GEMM,512,AMD,3,edp,AMD,16T,16,AMD,16T,16,1.98758411106551e-05,1.98758411106551e-05,0.0,True,True,True,True,True,True
cpu_threads,GEMM,512,AMD,4,runtime,AMD,16T,16,AMD,16T,16,0.0003273279517286,0.0003273279517286,0.0,True,True,True,True,True,True
cpu_threads,GEMM,512,AMD,4,energy,AMD,16T,16,AMD,16T,16,0.066899805936073,0.066899805936073,0.0,True,True,True,True,True,True
cpu_threads,GEMM,512,AMD,4,edp,AMD,16T,16,AMD,16T,16,2.1888376688179148e-05,2.1888376688179148e-05,0.0,True,True,True,True,True,True
cpu_threads,GEMM,512,AMD,5,runtime,AMD,16T,16,AMD,16T,16,0.0002963063023995,0.0002963063023995,0.0,True,True,True,True,True,True
cpu_threads,GEMM,512,AMD,5,energy,AMD,16T,16,AMD,16T,16,0.0638993592078635,0.0638993592078635,0.0,True,True,True,True,True,True
cpu_threads,GEMM,512,AMD,5,edp,AMD,16T,16,AMD,16T,16,1.89337836042747e-05,1.89337836042747e-05,0.0,True,True,True,True,True,True
cpu_threads,GEMM,512,INTEL,1,runtime,INTEL,16T,16,INTEL,16T,16,0.0002532285750188,0.0002532285750188,0.0,True,True,True,True,True,True
cpu_threads,GEMM,512,INTEL,1,energy,INTEL,8T,8,INTEL,8T,8,0.0378899667030567,0.0378899667030567,0.0,True,True,True,True,True,True
cpu_threads,GEMM,512,INTEL,1,edp,INTEL,8T,8,INTEL,16T,16,1.0297282604371013e-05,9.863923528014535e-06,4.393374250375048,True,False,False,False,True,True
cpu_threads,GEMM,512,INTEL,2,runtime,INTEL,16T,16,INTEL,8T,8,0.000297507262888,0.0002629244156504,13.153151696487342,True,False,False,False,False,False
cpu_threads,GEMM,512,INTEL,2,energy,INTEL,8T,8,INTEL,8T,8,0.038437613058943,0.038437613058943,0.0,True,True,True,True,True,True
cpu_threads,GEMM,512,INTEL,2,edp,INTEL,16T,16,INTEL,8T,8,1.262284109552275e-05,1.0088532280786764e-05,25.120688958516624,True,False,False,False,False,False
cpu_threads,GEMM,512,INTEL,3,runtime,INTEL,16T,16,INTEL,8T,8,0.0002624209582372,0.0002529835468475,3.7304447294309373,True,False,False,False,True,True
cpu_threads,GEMM,512,INTEL,3,energy,INTEL,8T,8,INTEL,8T,8,0.0386712685254961,0.0386712685254961,0.0,True,True,True,True,True,True
cpu_threads,GEMM,512,INTEL,3,edp,INTEL,16T,16,INTEL,8T,8,1.0935467363610963e-05,9.778493476368218e-06,11.831821435876755,True,False,False,False,False,False
cpu_threads,GEMM,512,INTEL,4,runtime,INTEL,16T,16,INTEL,16T,16,0.0002475792054928,0.0002475792054928,0.0,True,True,True,True,True,True
cpu_threads,GEMM,512,INTEL,4,energy,INTEL,8T,8,INTEL,8T,8,0.0373005748904356,0.0373005748904356,0.0,True,True,True,True,True,True
cpu_threads,GEMM,512,INTEL,4,edp,INTEL,8T,8,INTEL,16T,16,9.90559311926735e-06,9.429990105488584e-06,5.043515512301,True,False,False,False,False,True
cpu_threads,GEMM,512,INTEL,5,runtime,INTEL,16T,16,INTEL,8T,8,0.0002522655622489,0.0002463333333333,2.4082120090395787,True,False,False,False,True,True
cpu_threads,GEMM,512,INTEL,5,energy,INTEL,8T,8,INTEL,8T,8,0.0378321034313725,0.0378321034313725,0.0,True,True,True,True,True,True
cpu_threads,GEMM,512,INTEL,5,edp,INTEL,8T,8,INTEL,8T,8,9.310764420382423e-06,9.310764420382423e-06,0.0,True,True,True,True,True,True
cpu_threads,GEMM,1024,AMD,1,runtime,AMD,64T,64,AMD,64T,64,0.0017471132404181,0.0017471132404181,0.0,True,True,True,True,True,True
cpu_threads,GEMM,1024,AMD,1,energy,AMD,16T,16,AMD,16T,16,0.4483122419047619,0.4483122419047619,0.0,True,True,True,True,True,True
cpu_threads,GEMM,1024,AMD,1,edp,AMD,32T,32,AMD,16T,16,0.0008827037425439,0.0008567966946829,3.0237100611818057,True,False,False,False,True,True
cpu_threads,GEMM,1024,AMD,2,runtime,AMD,64T,64,AMD,32T,32,0.0017508977272727,0.0016963254237288,3.217089290800179,True,False,False,False,True,True
cpu_threads,GEMM,1024,AMD,2,energy,AMD,16T,16,AMD,16T,16,0.4488921007604562,0.4488921007604562,0.0,True,True,True,True,True,True
cpu_threads,GEMM,1024,AMD,2,edp,AMD,16T,16,AMD,32T,32,0.0008576660325907,0.0007965278383605,7.67558788102638,True,False,False,False,False,True
cpu_threads,GEMM,1024,AMD,3,runtime,AMD,64T,64,AMD,32T,32,0.0019215268714011,0.0018968601851851,1.3003955910220633,True,False,False,True,True,True
cpu_threads,GEMM,1024,AMD,3,energy,AMD,16T,16,AMD,16T,16,0.4508309489402697,0.4508309489402697,0.0,True,True,True,True,True,True
cpu_threads,GEMM,1024,AMD,3,edp,AMD,16T,16,AMD,16T,16,0.0008710414004965,0.0008710414004965,0.0,True,True,True,True,True,True
cpu_threads,GEMM,1024,AMD,4,runtime,AMD,64T,64,AMD,64T,64,0.0017370224913494,0.0017370224913494,0.0,True,True,True,True,True,True
cpu_threads,GEMM,1024,AMD,4,energy,AMD,16T,16,AMD,16T,16,0.4449035738317757,0.4449035738317757,0.0,True,True,True,True,True,True
cpu_threads,GEMM,1024,AMD,4,edp,AMD,16T,16,AMD,16T,16,0.0008399358959261,0.0008399358959261,0.0,True,True,True,True,True,True
cpu_threads,GEMM,1024,AMD,5,runtime,AMD,64T,64,AMD,32T,32,0.0017906410714285,0.001783869680851,0.37958998071370154,True,False,True,True,True,True
cpu_threads,GEMM,1024,AMD,5,energy,AMD,16T,16,AMD,16T,16,0.4525105677480916,0.4525105677480916,0.0,True,True,True,True,True,True
cpu_threads,GEMM,1024,AMD,5,edp,AMD,16T,16,AMD,32T,32,0.0008805450374778,0.0008604743917489,2.332509360110846,True,False,False,False,True,True
cpu_threads,GEMM,1024,INTEL,1,runtime,INTEL,8T,8,INTEL,8T,8,0.0016596094771241,0.0016596094771241,0.0,True,True,True,True,True,True
cpu_threads,GEMM,1024,INTEL,1,energy,INTEL,8T,8,INTEL,8T,8,0.2611179526143791,0.2611179526143791,0.0,True,True,True,True,True,True
cpu_threads,GEMM,1024,INTEL,1,edp,INTEL,8T,8,INTEL,8T,8,0.0004333957998962,0.0004333957998962,0.0,True,True,True,True,True,True
cpu_threads,GEMM,1024,INTEL,2,runtime,INTEL,8T,8,INTEL,8T,8,0.0018205880872483,0.0018205880872483,0.0,True,True,True,True,True,True
cpu_threads,GEMM,1024,INTEL,2,energy,INTEL,8T,8,INTEL,8T,8,0.2641295251677852,0.2641295251677852,0.0,True,True,True,True,True,True
cpu_threads,GEMM,1024,INTEL,2,edp,INTEL,8T,8,INTEL,8T,8,0.0004808574530265,0.0004808574530265,0.0,True,True,True,True,True,True
cpu_threads,GEMM,1024,INTEL,3,runtime,INTEL,8T,8,INTEL,8T,8,0.0017181529605263,0.0017181529605263,0.0,True,True,True,True,True,True
cpu_threads,GEMM,1024,INTEL,3,energy,INTEL,8T,8,INTEL,8T,8,0.2683908215460526,0.2683908215460526,0.0,True,True,True,True,True,True
cpu_threads,GEMM,1024,INTEL,3,edp,INTEL,8T,8,INTEL,8T,8,0.0004620644390444,0.0004620644390444,0.0,True,True,True,True,True,True
cpu_threads,GEMM,1024,INTEL,4,runtime,INTEL,8T,8,INTEL,8T,8,0.0017467694300518,0.0017467694300518,0.0,True,True,True,True,True,True
cpu_threads,GEMM,1024,INTEL,4,energy,INTEL,8T,8,INTEL,8T,8,0.2661548186528497,0.2661548186528497,0.0,True,True,True,True,True,True
cpu_threads,GEMM,1024,INTEL,4,edp,INTEL,8T,8,INTEL,8T,8,0.0004659656754482,0.0004659656754482,0.0,True,True,True,True,True,True
cpu_threads,GEMM,1024,INTEL,5,runtime,INTEL,8T,8,INTEL,8T,8,0.0016566963993453,0.0016566963993453,0.0,True,True,True,True,True,True
cpu_threads,GEMM,1024,INTEL,5,energy,INTEL,8T,8,INTEL,8T,8,0.2599873731587561,0.2599873731587561,0.0,True,True,True,True,True,True
cpu_threads,GEMM,1024,INTEL,5,edp,INTEL,8T,8,INTEL,8T,8,0.0004306109606206,0.0004306109606206,0.0,True,True,True,True,True,True
cpu_threads,GEMM,2048,AMD,1,runtime,AMD,64T,64,AMD,64T,64,0.008329082644628,0.008329082644628,0.0,True,True,True,True,True,True
cpu_threads,GEMM,2048,AMD,1,energy,AMD,64T,64,AMD,64T,64,2.0539827190082645,2.0539827190082645,0.0,True,True,True,True,True,True
cpu_threads,GEMM,2048,AMD,1,edp,AMD,64T,64,AMD,64T,64,0.0171043830113779,0.0171043830113779,0.0,True,True,True,True,True,True
cpu_threads,GEMM,2048,AMD,2,runtime,AMD,64T,64,AMD,64T,64,0.0083996092436974,0.0083996092436974,0.0,True,True,True,True,True,True
cpu_threads,GEMM,2048,AMD,2,energy,AMD,64T,64,AMD,64T,64,2.1143656218487394,2.1143656218487394,0.0,True,True,True,True,True,True
cpu_threads,GEMM,2048,AMD,2,edp,AMD,64T,64,AMD,64T,64,0.0177571887453074,0.0177571887453074,0.0,True,True,True,True,True,True
cpu_threads,GEMM,2048,AMD,3,runtime,AMD,64T,64,AMD,64T,64,0.0085423093220338,0.0085423093220338,0.0,True,True,True,True,True,True
cpu_threads,GEMM,2048,AMD,3,energy,AMD,64T,64,AMD,64T,64,2.151891855932204,2.151891855932204,0.0,True,True,True,True,True,True
cpu_threads,GEMM,2048,AMD,3,edp,AMD,64T,64,AMD,64T,64,0.018377630584552,0.018377630584552,0.0,True,True,True,True,True,True
cpu_threads,GEMM,2048,AMD,4,runtime,AMD,64T,64,AMD,64T,64,0.0084752647058823,0.0084752647058823,0.0,True,True,True,True,True,True
cpu_threads,GEMM,2048,AMD,4,energy,AMD,64T,64,AMD,64T,64,2.1499956764705885,2.1499956764705885,0.0,True,True,True,True,True,True
cpu_threads,GEMM,2048,AMD,4,edp,AMD,64T,64,AMD,64T,64,0.0182276148960464,0.0182276148960464,0.0,True,True,True,True,True,True
cpu_threads,GEMM,2048,AMD,5,runtime,AMD,64T,64,AMD,64T,64,0.0084523949579831,0.0084523949579831,0.0,True,True,True,True,True,True
cpu_threads,GEMM,2048,AMD,5,energy,AMD,64T,64,AMD,64T,64,2.1149090714285714,2.1149090714285714,0.0,True,True,True,True,True,True
cpu_threads,GEMM,2048,AMD,5,edp,AMD,64T,64,AMD,64T,64,0.017877733615508,0.017877733615508,0.0,True,True,True,True,True,True
cpu_threads,GEMM,2048,INTEL,1,runtime,INTEL,8T,8,INTEL,10T,10,0.0147688088235294,0.0143136849315068,3.179641679975753,True,False,False,False,True,True
cpu_threads,GEMM,2048,INTEL,1,energy,INTEL,8T,8,INTEL,8T,8,2.109212522058824,2.109212522058824,0.0,True,True,True,True,True,True
cpu_threads,GEMM,2048,INTEL,1,edp,INTEL,8T,8,INTEL,8T,8,0.0311385841607104,0.0311385841607104,0.0,True,True,True,True,True,True
cpu_threads,GEMM,2048,INTEL,2,runtime,INTEL,8T,8,INTEL,10T,10,0.0152654621212121,0.0149234436619718,2.2918199511272164,True,False,False,False,True,True
cpu_threads,GEMM,2048,INTEL,2,energy,INTEL,8T,8,INTEL,8T,8,2.01806031060606,2.01806031060606,0.0,True,True,True,True,True,True
cpu_threads,GEMM,2048,INTEL,2,edp,INTEL,8T,8,INTEL,8T,8,0.0308043285166777,0.0308043285166777,0.0,True,True,True,True,True,True
cpu_threads,GEMM,2048,INTEL,3,runtime,INTEL,8T,8,INTEL,8T,8,0.0140407697368421,0.0140407697368421,0.0,True,True,True,True,True,True
cpu_threads,GEMM,2048,INTEL,3,energy,INTEL,8T,8,INTEL,8T,8,2.14555492763158,2.14555492763158,0.0,True,True,True,True,True,True
cpu_threads,GEMM,2048,INTEL,3,edp,INTEL,8T,8,INTEL,8T,8,0.0300952732327889,0.0300952732327889,0.0,True,True,True,True,True,True
cpu_threads,GEMM,2048,INTEL,4,runtime,INTEL,8T,8,INTEL,8T,8,0.013722375,0.013722375,0.0,True,True,True,True,True,True
cpu_threads,GEMM,2048,INTEL,4,energy,INTEL,8T,8,INTEL,8T,8,2.0781132565789475,2.0781132565789475,0.0,True,True,True,True,True,True
cpu_threads,GEMM,2048,INTEL,4,edp,INTEL,8T,8,INTEL,8T,8,0.0285549319095126,0.0285549319095126,0.0,True,True,True,True,True,True
cpu_threads,GEMM,2048,INTEL,5,runtime,INTEL,8T,8,INTEL,8T,8,0.0140065902777777,0.0140065902777777,0.0,True,True,True,True,True,True
cpu_threads,GEMM,2048,INTEL,5,energy,INTEL,8T,8,INTEL,8T,8,2.130653861111111,2.130653861111111,0.0,True,True,True,True,True,True
cpu_threads,GEMM,2048,INTEL,5,edp,INTEL,8T,8,INTEL,8T,8,0.0299012363437365,0.0299012363437365,0.0,True,True,True,True,True,True
cpu_threads,GEMM,4096,AMD,1,runtime,AMD,32T,32,AMD,32T,32,0.0553998157894736,0.0553998157894736,0.0,True,True,True,True,True,True
cpu_threads,GEMM,4096,AMD,1,energy,AMD,64T,64,AMD,64T,64,14.598327088235294,14.598327088235294,0.0,True,True,True,True,True,True
cpu_threads,GEMM,4096,AMD,1,edp,AMD,64T,64,AMD,32T,32,0.8844995437841869,0.8674796077369944,1.9619984026590265,True,False,False,True,True,True
cpu_threads,GEMM,4096,AMD,2,runtime,AMD,32T,32,AMD,32T,32,0.0533719210526315,0.0533719210526315,0.0,True,True,True,True,True,True
cpu_threads,GEMM,4096,AMD,2,energy,AMD,64T,64,AMD,64T,64,13.953247694444444,13.953247694444444,0.0,True,True,True,True,True,True
cpu_threads,GEMM,4096,AMD,2,edp,AMD,32T,32,AMD,64T,64,0.8071884266828226,0.7889068157209861,2.317334645553659,True,False,False,False,True,True
cpu_threads,GEMM,4096,AMD,3,runtime,AMD,32T,32,AMD,32T,32,0.054159447368421,0.054159447368421,0.0,True,True,True,True,True,True
cpu_threads,GEMM,4096,AMD,3,energy,AMD,64T,64,AMD,64T,64,14.495509705882352,14.495509705882352,0.0,True,True,True,True,True,True
cpu_threads,GEMM,4096,AMD,3,edp,AMD,64T,64,AMD,32T,32,0.8617119525293772,0.8266611445579516,4.2400454166947155,True,False,False,False,True,True
cpu_threads,GEMM,4096,AMD,4,runtime,AMD,32T,32,AMD,32T,32,0.0521566,0.0521566,0.0,True,True,True,True,True,True
cpu_threads,GEMM,4096,AMD,4,energy,AMD,64T,64,AMD,64T,64,14.10396963888889,14.10396963888889,0.0,True,True,True,True,True,True
cpu_threads,GEMM,4096,AMD,4,edp,AMD,32T,32,AMD,32T,32,0.7807706444069824,0.7807706444069824,0.0,True,True,True,True,True,True
cpu_threads,GEMM,4096,AMD,5,runtime,AMD,32T,32,AMD,32T,32,0.052932447368421,0.052932447368421,0.0,True,True,True,True,True,True
cpu_threads,GEMM,4096,AMD,5,energy,AMD,64T,64,AMD,64T,64,13.969784,13.969784,0.0,True,True,True,True,True,True
cpu_threads,GEMM,4096,AMD,5,edp,AMD,32T,32,AMD,64T,64,0.8041238001827826,0.7906655298509567,1.70214456349993,True,False,False,True,True,True
cpu_threads,GEMM,4096,INTEL,1,runtime,INTEL,10T,10,INTEL,10T,10,0.10383305,0.10383305,0.0,True,True,True,True,True,True
cpu_threads,GEMM,4096,INTEL,1,energy,INTEL,10T,10,INTEL,8T,8,16.93547605,16.6505586,1.7111585073187774,True,False,False,True,True,True
cpu_threads,GEMM,4096,INTEL,1,edp,INTEL,10T,10,INTEL,10T,10,1.75826401362441,1.75826401362441,0.0,True,True,True,True,True,True
cpu_threads,GEMM,4096,INTEL,2,runtime,INTEL,10T,10,INTEL,10T,10,0.1063178,0.1063178,0.0,True,True,True,True,True,True
cpu_threads,GEMM,4096,INTEL,2,energy,INTEL,10T,10,INTEL,8T,8,16.671954399999997,16.589821611111113,0.4950793975619039,True,False,True,True,True,True
cpu_threads,GEMM,4096,INTEL,2,edp,INTEL,10T,10,INTEL,10T,10,1.7668649133189154,1.7668649133189154,0.0,True,True,True,True,True,True
cpu_threads,GEMM,4096,INTEL,3,runtime,INTEL,10T,10,INTEL,10T,10,0.10153,0.10153,0.0,True,True,True,True,True,True
cpu_threads,GEMM,4096,INTEL,3,energy,INTEL,8T,8,INTEL,8T,8,17.2371934,17.2371934,0.0,True,True,True,True,True,True
cpu_threads,GEMM,4096,INTEL,3,edp,INTEL,10T,10,INTEL,10T,10,1.7743612778372189,1.7743612778372189,0.0,True,True,True,True,True,True
cpu_threads,GEMM,4096,INTEL,4,runtime,INTEL,10T,10,INTEL,10T,10,0.1005630499999999,0.1005630499999999,0.0,True,True,True,True,True,True
cpu_threads,GEMM,4096,INTEL,4,energy,INTEL,8T,8,INTEL,8T,8,16.9457696,16.9457696,0.0,True,True,True,True,True,True
cpu_threads,GEMM,4096,INTEL,4,edp,INTEL,10T,10,INTEL,10T,10,1.7204683686189002,1.7204683686189002,0.0,True,True,True,True,True,True
cpu_threads,GEMM,4096,INTEL,5,runtime,INTEL,10T,10,INTEL,10T,10,0.1012727,0.1012727,0.0,True,True,True,True,True,True
cpu_threads,GEMM,4096,INTEL,5,energy,INTEL,8T,8,INTEL,10T,10,17.247862350000002,17.04769805,1.1741426872585947,True,False,False,True,True,True
cpu_threads,GEMM,4096,INTEL,5,edp,INTEL,10T,10,INTEL,10T,10,1.72402815579056,1.72402815579056,0.0,True,True,True,True,True,True
cpu_threads,GEMM,8192,AMD,1,runtime,AMD,32T,32,AMD,32T,32,0.4607799999999999,0.4607799999999999,0.0,True,True,True,True,True,True
cpu_threads,GEMM,8192,AMD,1,energy,AMD,64T,64,AMD,64T,64,116.891187,116.891187,0.0,True,True,True,True,True,True
cpu_threads,GEMM,8192,AMD,1,edp,AMD,64T,64,AMD,64T,64,57.321049020204,57.321049020204,0.0,True,True,True,True,True,True
cpu_threads,GEMM,8192,AMD,2,runtime,AMD,32T,32,AMD,32T,32,0.4590096666666666,0.4590096666666666,0.0,True,True,True,True,True,True
cpu_threads,GEMM,8192,AMD,2,energy,AMD,64T,64,AMD,64T,64,117.62758025,117.62758025,0.0,True,True,True,True,True,True
cpu_threads,GEMM,8192,AMD,2,edp,AMD,64T,64,AMD,64T,64,57.65646035702562,57.65646035702562,0.0,True,True,True,True,True,True
cpu_threads,GEMM,8192,AMD,3,runtime,AMD,32T,32,AMD,64T,64,0.4860983333333333,0.4770585,1.894910861735677,True,False,False,True,True,True
cpu_threads,GEMM,8192,AMD,3,energy,AMD,64T,64,AMD,64T,64,115.6405245,115.6405245,0.0,True,True,True,True,True,True
cpu_threads,GEMM,8192,AMD,3,edp,AMD,64T,64,AMD,64T,64,55.16649140748928,55.16649140748928,0.0,True,True,True,True,True,True
cpu_threads,GEMM,8192,AMD,4,runtime,AMD,32T,32,AMD,32T,32,0.471459,0.471459,0.0,True,True,True,True,True,True
cpu_threads,GEMM,8192,AMD,4,energy,AMD,64T,64,AMD,64T,64,117.70901849999998,117.70901849999998,0.0,True,True,True,True,True,True
cpu_threads,GEMM,8192,AMD,4,edp,AMD,64T,64,AMD,64T,64,57.46748543987356,57.46748543987356,0.0,True,True,True,True,True,True
cpu_threads,GEMM,8192,AMD,5,runtime,AMD,32T,32,AMD,32T,32,0.4649546666666666,0.4649546666666666,0.0,True,True,True,True,True,True
cpu_threads,GEMM,8192,AMD,5,energy,AMD,64T,64,AMD,64T,64,115.30945366666666,115.30945366666666,0.0,True,True,True,True,True,True
cpu_threads,GEMM,8192,AMD,5,edp,AMD,64T,64,AMD,64T,64,55.49648018133567,55.49648018133567,0.0,True,True,True,True,True,True
cpu_threads,GEMM,8192,INTEL,1,runtime,INTEL,10T,10,INTEL,10T,10,0.7425962500000001,0.7425962500000001,0.0,True,True,True,True,True,True
cpu_threads,GEMM,8192,INTEL,1,energy,INTEL,10T,10,INTEL,8T,8,127.77964125,126.9468185,0.6560406632010185,True,False,True,True,True,True
cpu_threads,GEMM,8192,INTEL,1,edp,INTEL,10T,10,INTEL,10T,10,94.96834015956924,94.96834015956924,0.0,True,True,True,True,True,True
cpu_threads,GEMM,8192,INTEL,2,runtime,INTEL,10T,10,INTEL,10T,10,0.755188,0.755188,0.0,True,True,True,True,True,True
cpu_threads,GEMM,8192,INTEL,2,energy,INTEL,10T,10,INTEL,8T,8,132.177335,127.886437,3.355240868896825,True,False,False,False,True,True
cpu_threads,GEMM,8192,INTEL,2,edp,INTEL,10T,10,INTEL,10T,10,99.85258643626275,99.85258643626275,0.0,True,True,True,True,True,True
cpu_threads,GEMM,8192,INTEL,3,runtime,INTEL,10T,10,INTEL,10T,10,0.7368155000000001,0.7368155000000001,0.0,True,True,True,True,True,True
cpu_threads,GEMM,8192,INTEL,3,energy,INTEL,8T,8,INTEL,10T,10,134.10627,125.8757765,6.538584093659994,True,False,False,False,False,True
cpu_threads,GEMM,8192,INTEL,3,edp,INTEL,10T,10,INTEL,10T,10,92.75759992961574,92.75759992961574,0.0,True,True,True,True,True,True
cpu_threads,GEMM,8192,INTEL,4,runtime,INTEL,10T,10,INTEL,10T,10,0.80182475,0.80182475,0.0,True,True,True,True,True,True
cpu_threads,GEMM,8192,INTEL,4,energy,INTEL,8T,8,INTEL,10T,10,127.089915,124.99429375,1.6765735355819045,True,False,False,True,True,True
cpu_threads,GEMM,8192,INTEL,4,edp,INTEL,10T,10,INTEL,10T,10,100.2842568480865,100.2842568480865,0.0,True,True,True,True,True,True
cpu_threads,GEMM,8192,INTEL,5,runtime,INTEL,10T,10,INTEL,10T,10,0.7887895,0.7887895,0.0,True,True,True,True,True,True
cpu_threads,GEMM,8192,INTEL,5,energy,INTEL,10T,10,INTEL,8T,8,128.87741649999998,124.132342,3.8225932287654585,True,False,False,False,True,True
cpu_threads,GEMM,8192,INTEL,5,edp,INTEL,10T,10,INTEL,8T,8,101.27165404529174,101.183878706158,0.086748343961629,True,False,True,True,True,True
cpu_threads,GEMM,16384,AMD,1,runtime,AMD,32T,32,AMD,32T,32,3.6672485,3.6672485,0.0,True,True,True,True,True,True
cpu_threads,GEMM,16384,AMD,1,energy,AMD,64T,64,AMD,64T,64,920.866684,920.866684,0.0,True,True,True,True,True,True
cpu_threads,GEMM,16384,AMD,1,edp,AMD,64T,64,AMD,64T,64,3406.0035178617627,3406.0035178617627,0.0,True,True,True,True,True,True
cpu_threads,GEMM,16384,AMD,2,runtime,AMD,32T,32,AMD,32T,32,3.613762,3.613762,0.0,True,True,True,True,True,True
cpu_threads,GEMM,16384,AMD,2,energy,AMD,64T,64,AMD,64T,64,966.8331945,966.8331945,0.0,True,True,True,True,True,True
cpu_threads,GEMM,16384,AMD,2,edp,AMD,64T,64,AMD,32T,32,3732.6934711303625,3721.4450180340527,0.3022603596667395,True,False,True,True,True,True
cpu_threads,GEMM,16384,AMD,3,runtime,AMD,32T,32,AMD,32T,32,3.5695495,3.5695495,0.0,True,True,True,True,True,True
cpu_threads,GEMM,16384,AMD,3,energy,AMD,64T,64,AMD,64T,64,947.961757,947.961757,0.0,True,True,True,True,True,True
cpu_threads,GEMM,16384,AMD,3,edp,AMD,64T,64,AMD,64T,64,3612.129952767766,3612.129952767766,0.0,True,True,True,True,True,True
cpu_threads,GEMM,16384,AMD,4,runtime,AMD,32T,32,AMD,32T,32,3.638703,3.638703,0.0,True,True,True,True,True,True
cpu_threads,GEMM,16384,AMD,4,energy,AMD,64T,64,AMD,64T,64,954.040491,954.040491,0.0,True,True,True,True,True,True
cpu_threads,GEMM,16384,AMD,4,edp,AMD,64T,64,AMD,64T,64,3656.658058528593,3656.658058528593,0.0,True,True,True,True,True,True
cpu_threads,GEMM,16384,AMD,5,runtime,AMD,32T,32,AMD,32T,32,3.660044,3.660044,0.0,True,True,True,True,True,True
cpu_threads,GEMM,16384,AMD,5,energy,AMD,64T,64,AMD,64T,64,954.4125795,954.4125795,0.0,True,True,True,True,True,True
cpu_threads,GEMM,16384,AMD,5,edp,AMD,64T,64,AMD,64T,64,3650.454205423579,3650.454205423579,0.0,True,True,True,True,True,True
cpu_threads,GEMM,16384,INTEL,1,runtime,INTEL,10T,10,INTEL,8T,8,6.982886499999999,6.9254385,0.829521480841966,True,False,True,True,True,True
cpu_threads,GEMM,16384,INTEL,1,energy,INTEL,8T,8,INTEL,8T,8,1022.945593,1022.945593,0.0,True,True,True,True,True,True
cpu_threads,GEMM,16384,INTEL,1,edp,INTEL,10T,10,INTEL,8T,8,7224.755045937381,7095.315150857066,1.8243008566670715,True,False,False,True,True,True
cpu_threads,GEMM,16384,INTEL,2,runtime,INTEL,10T,10,INTEL,10T,10,6.8562955,6.8562955,0.0,True,True,True,True,True,True
cpu_threads,GEMM,16384,INTEL,2,energy,INTEL,8T,8,INTEL,8T,8,1081.9571905,1081.9571905,0.0,True,True,True,True,True,True
cpu_threads,GEMM,16384,INTEL,2,edp,INTEL,10T,10,INTEL,10T,10,7437.619499021732,7437.619499021732,0.0,True,True,True,True,True,True
cpu_threads,GEMM,16384,INTEL,3,runtime,INTEL,10T,10,INTEL,10T,10,6.5039305,6.5039305,0.0,True,True,True,True,True,True
cpu_threads,GEMM,16384,INTEL,3,energy,INTEL,8T,8,INTEL,10T,10,1083.4975315,1053.6622195,2.8315822137153113,True,False,False,False,True,True
cpu_threads,GEMM,16384,INTEL,3,edp,INTEL,10T,10,INTEL,10T,10,6857.4352150891855,6857.4352150891855,0.0,True,True,True,True,True,True
cpu_threads,GEMM,16384,INTEL,4,runtime,INTEL,10T,10,INTEL,10T,10,6.532229,6.532229,0.0,True,True,True,True,True,True
cpu_threads,GEMM,16384,INTEL,4,energy,INTEL,8T,8,INTEL,8T,8,1101.426807,1101.426807,0.0,True,True,True,True,True,True
cpu_threads,GEMM,16384,INTEL,4,edp,INTEL,10T,10,INTEL,10T,10,7227.848157785047,7227.848157785047,0.0,True,True,True,True,True,True
cpu_threads,GEMM,16384,INTEL,5,runtime,INTEL,10T,10,INTEL,10T,10,6.528346,6.528346,0.0,True,True,True,True,True,True
cpu_threads,GEMM,16384,INTEL,5,energy,INTEL,10T,10,INTEL,8T,8,1112.246207,1056.4379085,5.282686095507505,True,False,False,False,False,True
cpu_threads,GEMM,16384,INTEL,5,edp,INTEL,10T,10,INTEL,10T,10,7243.192853549307,7243.192853549307,0.0,True,True,True,True,True,True
cpu_threads,REDUCTION,1000000,AMD,1,runtime,AMD,10T,10,AMD,8T,8,2.8796012621916235e-05,2.8746650251946864e-05,0.17171520694321263,True,False,True,True,True,True
cpu_threads,REDUCTION,1000000,AMD,1,energy,AMD,8T,8,AMD,8T,8,0.0029277034470911,0.0029277034470911,0.0,True,True,True,True,True,True
cpu_threads,REDUCTION,1000000,AMD,1,edp,AMD,8T,8,AMD,8T,8,8.416166703494709e-08,8.416166703494709e-08,0.0,True,True,True,True,True,True
cpu_threads,REDUCTION,1000000,AMD,2,runtime,AMD,8T,8,AMD,20T,20,2.814334881876381e-05,8.214780440504224e-06,242.59404767531882,True,False,False,False,False,False
cpu_threads,REDUCTION,1000000,AMD,2,energy,AMD,8T,8,AMD,20T,20,0.0029015266273865,0.0012429948705621,133.43029775130034,True,False,False,False,False,False
cpu_threads,REDUCTION,1000000,AMD,2,edp,AMD,8T,8,AMD,20T,20,8.16586759814696e-08,1.0210929950340618e-08,699.7183055667286,True,False,False,False,False,False
cpu_threads,REDUCTION,1000000,AMD,3,runtime,AMD,10T,10,AMD,8T,8,2.8833542749443143e-05,2.8716330495400264e-05,0.40817281324176946,True,False,True,True,True,True
cpu_threads,REDUCTION,1000000,AMD,3,energy,AMD,8T,8,AMD,8T,8,0.0029670630821095,0.0029670630821095,0.0,True,True,True,True,True,True
cpu_threads,REDUCTION,1000000,AMD,3,edp,AMD,8T,8,AMD,8T,8,8.520316406655733e-08,8.520316406655733e-08,0.0,True,True,True,True,True,True
cpu_threads,REDUCTION,1000000,AMD,4,runtime,AMD,10T,10,AMD,8T,8,2.8247823811360257e-05,2.7954114315563743e-05,1.050684319599382,True,False,False,True,True,True
cpu_threads,REDUCTION,1000000,AMD,4,energy,AMD,8T,8,AMD,8T,8,0.0028989126000054,0.0028989126000054,0.0,True,True,True,True,True,True
cpu_threads,REDUCTION,1000000,AMD,4,edp,AMD,8T,8,AMD,8T,8,8.103653421137906e-08,8.103653421137906e-08,0.0,True,True,True,True,True,True
cpu_threads,REDUCTION,1000000,AMD,5,runtime,AMD,8T,8,AMD,32T,32,2.767271129141312e-05,5.968118361692302e-06,363.67564472307697,True,False,False,False,False,False
cpu_threads,REDUCTION,1000000,AMD,5,energy,AMD,8T,8,AMD,32T,32,0.0028555529546991,0.0011371558263175,151.11360190154048,True,False,False,False,False,False
cpu_threads,REDUCTION,1000000,AMD,5,edp,AMD,8T,8,AMD,32T,32,7.90208924927299e-08,6.786680567150853e-09,1064.3526126043091,True,False,False,False,False,False
cpu_threads,REDUCTION,1000000,INTEL,1,runtime,INTEL,16T,16,INTEL,20T,20,1.4006697511042376e-05,1.165378277354269e-05,20.190137256045748,True,False,False,False,False,False
cpu_threads,REDUCTION,1000000,INTEL,1,energy,INTEL,16T,16,INTEL,20T,20,0.0018099945017497,0.0013021631342023,38.99905888969093,True,False,False,False,False,False
cpu_threads,REDUCTION,1000000,INTEL,1,edp,INTEL,16T,16,INTEL,20T,20,2.535204548265791e-08,1.517512630170912e-08,67.0631596641314,True,False,False,False,False,False
cpu_threads,REDUCTION,1000000,INTEL,2,runtime,INTEL,16T,16,INTEL,20T,20,1.4210069620896433e-05,1.1766524408740494e-05,20.766924261346077,True,False,False,False,False,False
cpu_threads,REDUCTION,1000000,INTEL,2,energy,INTEL,16T,16,INTEL,20T,20,0.0019247682500762,0.0015416216723674,24.853476347437354,True,False,False,False,False,False
cpu_threads,REDUCTION,1000000,INTEL,2,edp,INTEL,16T,16,INTEL,20T,20,2.73510908376738e-08,1.8139529036954358e-08,50.78170321816729,True,False,False,False,False,False
cpu_threads,REDUCTION,1000000,INTEL,3,runtime,INTEL,20T,20,INTEL,16T,16,1.7016489401683703e-05,1.409593869731801e-05,20.719093400437227,True,False,False,False,False,False
cpu_threads,REDUCTION,1000000,INTEL,3,energy,INTEL,20T,20,INTEL,16T,16,0.0021726738480908,0.0019541439080459,11.182899025252691,True,False,False,False,False,False
cpu_threads,REDUCTION,1000000,INTEL,3,edp,INTEL,20T,20,INTEL,16T,16,3.697128150935245e-08,2.754549273355245e-08,34.21898771960863,True,False,False,False,False,False
cpu_threads,REDUCTION,1000000,INTEL,4,runtime,INTEL,16T,16,INTEL,20T,20,1.2446403334371331e-05,1.152046731098576e-05,8.03731305675952,True,False,False,False,False,True
cpu_threads,REDUCTION,1000000,INTEL,4,energy,INTEL,20T,20,INTEL,20T,20,0.0015453026383549,0.0015453026383549,0.0,True,True,True,True,True,True
cpu_threads,REDUCTION,1000000,INTEL,4,edp,INTEL,16T,16,INTEL,20T,20,2.180688535575706e-08,1.7802608530747676e-08,22.492640997488778,True,False,False,False,False,False
cpu_threads,REDUCTION,1000000,INTEL,5,runtime,INTEL,20T,20,INTEL,16T,16,1.7312274956763344e-05,1.269602382882724e-05,36.35981776794222,True,False,False,False,False,False
cpu_threads,REDUCTION,1000000,INTEL,5,energy,INTEL,20T,20,INTEL,16T,16,0.0022389367965183,0.0017559142784964,27.508319963974294,True,False,False,False,False,False
cpu_threads,REDUCTION,1000000,INTEL,5,edp,INTEL,20T,20,INTEL,16T,16,3.876108943213972e-08,2.2293129521168283e-08,73.87011274184006,True,False,False,False,False,False
cpu_threads,REDUCTION,2000000,AMD,1,runtime,AMD,10T,10,AMD,10T,10,3.794185030395136e-05,3.794185030395136e-05,0.0,True,True,True,True,True,True
cpu_threads,REDUCTION,2000000,AMD,1,energy,AMD,8T,8,AMD,10T,10,0.0045565422586082,0.0045485196428571,0.1763786106474985,True,False,True,True,True,True
cpu_threads,REDUCTION,2000000,AMD,1,edp,AMD,10T,10,AMD,10T,10,1.725792513938664e-07,1.725792513938664e-07,0.0,True,True,True,True,True,True
cpu_threads,REDUCTION,2000000,AMD,2,runtime,AMD,10T,10,AMD,10T,10,3.795804026645826e-05,3.795804026645826e-05,0.0,True,True,True,True,True,True
cpu_threads,REDUCTION,2000000,AMD,2,energy,AMD,8T,8,AMD,8T,8,0.0044930106193287,0.0044930106193287,0.0,True,True,True,True,True,True
cpu_threads,REDUCTION,2000000,AMD,2,edp,AMD,10T,10,AMD,10T,10,1.7334616973972586e-07,1.7334616973972586e-07,0.0,True,True,True,True,True,True
cpu_threads,REDUCTION,2000000,AMD,3,runtime,AMD,10T,10,AMD,20T,20,3.809795377036756e-05,1.2704325735210268e-05,199.88174551269884,True,False,False,False,False,False
cpu_threads,REDUCTION,2000000,AMD,3,energy,AMD,8T,8,AMD,20T,20,0.0045390087524752,0.002159912547673,110.14780238974669,True,False,False,False,False,False
cpu_threads,REDUCTION,2000000,AMD,3,edp,AMD,10T,10,AMD,20T,20,1.7551393096767434e-07,2.744023256520567e-08,539.6226072450521,True,False,False,False,False,False
cpu_threads,REDUCTION,2000000,AMD,4,runtime,AMD,10T,10,AMD,10T,10,3.758046787968808e-05,3.758046787968808e-05,0.0,True,True,True,True,True,True
cpu_threads,REDUCTION,2000000,AMD,4,energy,AMD,8T,8,AMD,10T,10,0.0045370924150823,0.0045264165800222,0.23585622028734488,True,False,True,True,True,True
cpu_threads,REDUCTION,2000000,AMD,4,edp,AMD,10T,10,AMD,10T,10,1.7010485289561184e-07,1.7010485289561184e-07,0.0,True,True,True,True,True,True
cpu_threads,REDUCTION,2000000,AMD,5,runtime,AMD,10T,10,AMD,32T,32,3.834281822309672e-05,9.03398872875424e-06,324.4284487654445,True,False,False,False,False,False
cpu_threads,REDUCTION,2000000,AMD,5,energy,AMD,8T,8,AMD,32T,32,0.0044702567076742,0.0018993696717339,135.3547481672372,True,False,False,False,False,False
cpu_threads,REDUCTION,2000000,AMD,5,edp,AMD,10T,10,AMD,32T,32,1.7686704475973659e-07,1.7158884206181694e-08,930.7607571360503,True,False,False,False,False,False
cpu_threads,REDUCTION,2000000,INTEL,1,runtime,INTEL,10T,10,INTEL,10T,10,2.554204487506374e-05,2.554204487506374e-05,0.0,True,True,True,True,True,True
cpu_threads,REDUCTION,2000000,INTEL,1,energy,INTEL,20T,20,INTEL,20T,20,0.0036005752070508,0.0036005752070508,0.0,True,True,True,True,True,True
cpu_threads,REDUCTION,2000000,INTEL,1,edp,INTEL,20T,20,INTEL,20T,20,9.579737848718129e-08,9.579737848718129e-08,0.0,True,True,True,True,True,True
cpu_threads,REDUCTION,2000000,INTEL,2,runtime,INTEL,10T,10,INTEL,20T,20,2.5915628231644263e-05,2.508923127967982e-05,3.293831296591998,True,False,False,False,True,True
cpu_threads,REDUCTION,2000000,INTEL,2,energy,INTEL,20T,20,INTEL,20T,20,0.0034190598884349,0.0034190598884349,0.0,True,True,True,True,True,True
cpu_threads,REDUCTION,2000000,INTEL,2,edp,INTEL,20T,20,INTEL,20T,20,8.57815843000195e-08,8.57815843000195e-08,0.0,True,True,True,True,True,True
cpu_threads,REDUCTION,2000000,INTEL,3,runtime,INTEL,10T,10,INTEL,10T,10,2.590964290318422e-05,2.590964290318422e-05,0.0,True,True,True,True,True,True
cpu_threads,REDUCTION,2000000,INTEL,3,energy,INTEL,20T,20,INTEL,10T,10,0.0045863895888093,0.004245781719737,8.022265192978374,True,False,False,False,False,True
cpu_threads,REDUCTION,2000000,INTEL,3,edp,INTEL,20T,20,INTEL,10T,10,1.5338777376825477e-07,1.1000668820325305e-07,39.43495279564182,True,False,False,False,False,False
cpu_threads,REDUCTION,2000000,INTEL,4,runtime,INTEL,10T,10,INTEL,10T,10,2.662751810923704e-05,2.662751810923704e-05,0.0,True,True,True,True,True,True
cpu_threads,REDUCTION,2000000,INTEL,4,energy,INTEL,20T,20,INTEL,20T,20,0.0039664279307109,0.0039664279307109,0.0,True,True,True,True,True,True
cpu_threads,REDUCTION,2000000,INTEL,4,edp,INTEL,20T,20,INTEL,20T,20,1.11917328075637e-07,1.11917328075637e-07,0.0,True,True,True,True,True,True
cpu_threads,REDUCTION,2000000,INTEL,5,runtime,INTEL,10T,10,INTEL,16T,16,2.609960138603027e-05,2.382813095238095e-05,9.53272599596131,True,False,False,False,False,True
cpu_threads,REDUCTION,2000000,INTEL,5,energy,INTEL,20T,20,INTEL,16T,16,0.0038754635983361,0.0036282996904761,6.812113908583095,True,False,False,False,False,True
cpu_threads,REDUCTION,2000000,INTEL,5,edp,INTEL,20T,20,INTEL,16T,16,1.0546724504999729e-07,8.645560015914778e-08,21.990067567459825,True,False,False,False,False,False
cpu_threads,REDUCTION,4000000,AMD,1,runtime,AMD,64T,64,AMD,10T,10,0.0001141278775195,3.907221964064436e-05,192.09468663198237,True,False,False,False,False,False
cpu_threads,REDUCTION,4000000,AMD,1,energy,AMD,64T,64,AMD,10T,10,0.018351243143518,0.0056597239196096,224.24272639757743,True,False,False,False,False,False
cpu_threads,REDUCTION,4000000,AMD,1,edp,AMD,64T,64,AMD,10T,10,2.0943884298139865e-06,2.2113797609239485e-07,847.0957755979999,True,False,False,False,False,False
cpu_threads,REDUCTION,4000000,AMD,2,runtime,AMD,16T,16,AMD,64T,64,5.165481598693278e-05,1.0792997155417635e-05,378.59566015918216,True,False,False,False,False,False
cpu_threads,REDUCTION,4000000,AMD,2,energy,AMD,8T,8,AMD,64T,64,0.0075814645647493,0.0030709011533488,146.8807749308947,True,False,False,False,False,False
cpu_threads,REDUCTION,4000000,AMD,2,edp,AMD,8T,8,AMD,64T,64,4.689971869915856e-07,3.3144227412662334e-08,1315.0192163248648,True,False,False,False,False,False
cpu_threads,REDUCTION,4000000,AMD,3,runtime,AMD,20T,20,AMD,64T,64,5.030995085995086e-05,1.148150867823765e-05,338.18240502931155,True,False,False,False,False,False
cpu_threads,REDUCTION,4000000,AMD,3,energy,AMD,8T,8,AMD,64T,64,0.0062907342179912,0.0031944524596898,96.92683792833989,True,False,False,False,False,False
cpu_threads,REDUCTION,4000000,AMD,3,edp,AMD,16T,16,AMD,64T,64,1.266736313108804e-07,3.667713363814605e-08,245.37494821878204,True,False,False,False,False,False
cpu_threads,REDUCTION,4000000,AMD,4,runtime,AMD,20T,20,AMD,64T,64,5.246719609675076e-05,1.6054006703229737e-05,226.81683187658965,True,False,False,False,False,False
cpu_threads,REDUCTION,4000000,AMD,4,energy,AMD,8T,8,AMD,64T,64,0.006263116939319,0.003917191179159,59.88795677477397,True,False,False,False,False,False
cpu_threads,REDUCTION,4000000,AMD,4,edp,AMD,16T,16,AMD,64T,64,3.733160089888213e-07,6.288661344805098e-08,493.63350722838356,True,False,False,False,False,False
cpu_threads,REDUCTION,4000000,AMD,5,runtime,AMD,64T,64,AMD,20T,20,0.0001169610829103,5.040276333382856e-05,132.0529176855663,True,False,False,False,False,False
cpu_threads,REDUCTION,4000000,AMD,5,energy,AMD,64T,64,AMD,8T,8,0.0187505295544275,0.0066954178638804,180.0501766376749,True,False,False,False,False,False
cpu_threads,REDUCTION,4000000,AMD,5,edp,AMD,64T,64,AMD,8T,8,2.193082241827425e-06,3.573082144775224e-07,513.7788477755213,True,False,False,False,False,False
cpu_threads,REDUCTION,4000000,INTEL,1,runtime,INTEL,10T,10,INTEL,10T,10,0.0001079876077586,0.0001079876077586,0.0,True,True,True,True,True,True
cpu_threads,REDUCTION,4000000,INTEL,1,energy,INTEL,16T,16,INTEL,16T,16,0.0150308241969273,0.0150308241969273,0.0,True,True,True,True,True,True
cpu_threads,REDUCTION,4000000,INTEL,1,edp,INTEL,16T,16,INTEL,10T,10,1.7584437370626962e-06,1.717659110263126e-06,2.3744307910620543,True,False,False,False,True,True
cpu_threads,REDUCTION,4000000,INTEL,2,runtime,INTEL,10T,10,INTEL,10T,10,0.000109699770316,0.000109699770316,0.0,True,True,True,True,True,True
cpu_threads,REDUCTION,4000000,INTEL,2,energy,INTEL,16T,16,INTEL,16T,16,0.0152652467261559,0.0152652467261559,0.0,True,True,True,True,True,True
cpu_threads,REDUCTION,4000000,INTEL,2,edp,INTEL,16T,16,INTEL,16T,16,1.773224080014702e-06,1.773224080014702e-06,0.0,True,True,True,True,True,True
cpu_threads,REDUCTION,4000000,INTEL,3,runtime,INTEL,10T,10,INTEL,10T,10,0.0001060322563615,0.0001060322563615,0.0,True,True,True,True,True,True
cpu_threads,REDUCTION,4000000,INTEL,3,energy,INTEL,16T,16,INTEL,16T,16,0.0159256246483825,0.0159256246483825,0.0,True,True,True,True,True,True
cpu_threads,REDUCTION,4000000,INTEL,3,edp,INTEL,16T,16,INTEL,16T,16,1.8686327574709515e-06,1.8686327574709515e-06,0.0,True,True,True,True,True,True
cpu_threads,REDUCTION,4000000,INTEL,4,runtime,INTEL,10T,10,INTEL,20T,20,0.0001102948167712,0.0001022194292098,7.900051510584838,True,False,False,False,False,True
cpu_threads,REDUCTION,4000000,INTEL,4,energy,INTEL,16T,16,INTEL,20T,20,0.0153404463244541,0.0142608066727605,7.5706772868312955,True,False,False,False,False,True
cpu_threads,REDUCTION,4000000,INTEL,4,edp,INTEL,16T,16,INTEL,20T,20,1.7597799928582292e-06,1.4577315181608857e-06,20.72044618191533,True,False,False,False,False,False
cpu_threads,REDUCTION,4000000,INTEL,5,runtime,INTEL,10T,10,INTEL,10T,10,0.0001117615967885,0.0001117615967885,0.0,True,True,True,True,True,True
cpu_threads,REDUCTION,4000000,INTEL,5,energy,INTEL,16T,16,INTEL,16T,16,0.0156770085328141,0.0156770085328141,0.0,True,True,True,True,True,True
cpu_threads,REDUCTION,4000000,INTEL,5,edp,INTEL,16T,16,INTEL,16T,16,1.802184442939632e-06,1.802184442939632e-06,0.0,True,True,True,True,True,True
cpu_threads,REDUCTION,8000000,AMD,1,runtime,AMD,20T,20,AMD,20T,20,6.900023679047426e-05,6.900023679047426e-05,0.0,True,True,True,True,True,True
cpu_threads,REDUCTION,8000000,AMD,1,energy,AMD,16T,16,AMD,16T,16,0.0123757163471971,0.0123757163471971,0.0,True,True,True,True,True,True
cpu_threads,REDUCTION,8000000,AMD,1,edp,AMD,20T,20,AMD,20T,20,8.566845117625515e-07,8.566845117625515e-07,0.0,True,True,True,True,True,True
cpu_threads,REDUCTION,8000000,AMD,2,runtime,AMD,20T,20,AMD,64T,64,7.02453548165924e-05,2.424313261939627e-05,189.75362185822058,True,False,False,False,False,False
cpu_threads,REDUCTION,8000000,AMD,2,energy,AMD,16T,16,AMD,64T,64,0.0124610880097337,0.0069240575766129,79.96800101465067,True,False,False,False,False,False
cpu_threads,REDUCTION,8000000,AMD,2,edp,AMD,20T,20,AMD,64T,64,8.823991687632564e-07,1.678608460941621e-07,425.6730138654678,True,False,False,False,False,False
cpu_threads,REDUCTION,8000000,AMD,3,runtime,AMD,20T,20,AMD,64T,64,4.0667469440621706e-05,2.2643469846749303e-05,79.5991061257775,True,False,False,False,False,False
cpu_threads,REDUCTION,8000000,AMD,3,energy,AMD,16T,16,AMD,64T,64,0.012314314116804,0.0064694773959586,90.3448047364165,True,False,False,False,False,False
cpu_threads,REDUCTION,8000000,AMD,3,edp,AMD,20T,20,AMD,64T,64,3.6099960699728666e-07,1.4649141633961477e-07,146.43055273653172,True,False,False,False,False,False
cpu_threads,REDUCTION,8000000,AMD,4,runtime,AMD,20T,20,AMD,20T,20,6.938635129632144e-05,6.938635129632144e-05,0.0,True,True,True,True,True,True
cpu_threads,REDUCTION,8000000,AMD,4,energy,AMD,16T,16,AMD,16T,16,0.0122729105641829,0.0122729105641829,0.0,True,True,True,True,True,True
cpu_threads,REDUCTION,8000000,AMD,4,edp,AMD,20T,20,AMD,20T,20,8.660626429124188e-07,8.660626429124188e-07,0.0,True,True,True,True,True,True
cpu_threads,REDUCTION,8000000,AMD,5,runtime,AMD,20T,20,AMD,20T,20,7.062341507593702e-05,7.062341507593702e-05,0.0,True,True,True,True,True,True
cpu_threads,REDUCTION,8000000,AMD,5,energy,AMD,16T,16,AMD,16T,16,0.0123170325229489,0.0123170325229489,0.0,True,True,True,True,True,True
cpu_threads,REDUCTION,8000000,AMD,5,edp,AMD,20T,20,AMD,20T,20,8.91994549440516e-07,8.91994549440516e-07,0.0,True,True,True,True,True,True
cpu_threads,REDUCTION,8000000,INTEL,1,runtime,INTEL,16T,16,INTEL,10T,10,0.0004301337907375,0.0004272839217354,0.6669731429456371,True,False,True,True,True,True
cpu_threads,REDUCTION,8000000,INTEL,1,energy,INTEL,4T,4,INTEL,4T,4,0.0452274297297297,0.0452274297297297,0.0,True,True,True,True,True,True
cpu_threads,REDUCTION,8000000,INTEL,1,edp,INTEL,16T,16,INTEL,16T,16,2.024434784658805e-05,2.024434784658805e-05,0.0,True,True,True,True,True,True
cpu_threads,REDUCTION,8000000,INTEL,2,runtime,INTEL,10T,10,INTEL,16T,16,0.0004324881414402,0.0004321208530805,0.08499667560166735,True,False,True,True,True,True
cpu_threads,REDUCTION,8000000,INTEL,2,energy,INTEL,4T,4,INTEL,4T,4,0.046025608495671,0.046025608495671,0.0,True,True,True,True,True,True
cpu_threads,REDUCTION,8000000,INTEL,2,edp,INTEL,16T,16,INTEL,16T,16,2.1878763973259373e-05,2.1878763973259373e-05,0.0,True,True,True,True,True,True
cpu_threads,REDUCTION,8000000,INTEL,3,runtime,INTEL,16T,16,INTEL,10T,10,0.0004298938679245,0.0004276948107188,0.5141650425929178,True,False,True,True,True,True
cpu_threads,REDUCTION,8000000,INTEL,3,energy,INTEL,4T,4,INTEL,4T,4,0.0468074038668098,0.0468074038668098,0.0,True,True,True,True,True,True
cpu_threads,REDUCTION,8000000,INTEL,3,edp,INTEL,16T,16,INTEL,16T,16,2.242530439553162e-05,2.242530439553162e-05,0.0,True,True,True,True,True,True
cpu_threads,REDUCTION,8000000,INTEL,4,runtime,INTEL,10T,10,INTEL,16T,16,0.0004309834621993,0.0004282632139812,0.6351813859547084,True,False,True,True,True,True
cpu_threads,REDUCTION,8000000,INTEL,4,energy,INTEL,4T,4,INTEL,4T,4,0.0478604439050701,0.0478604439050701,0.0,True,True,True,True,True,True
cpu_threads,REDUCTION,8000000,INTEL,4,edp,INTEL,16T,16,INTEL,16T,16,2.247701069978358e-05,2.247701069978358e-05,0.0,True,True,True,True,True,True
cpu_threads,REDUCTION,8000000,INTEL,5,runtime,INTEL,10T,10,INTEL,10T,10,0.0004302998285469,0.0004302998285469,0.0,True,True,True,True,True,True
cpu_threads,REDUCTION,8000000,INTEL,5,energy,INTEL,4T,4,INTEL,4T,4,0.0480219943699731,0.0480219943699731,0.0,True,True,True,True,True,True
cpu_threads,REDUCTION,8000000,INTEL,5,edp,INTEL,16T,16,INTEL,16T,16,2.341978381337561e-05,2.341978381337561e-05,0.0,True,True,True,True,True,True
cpu_threads,REDUCTION,16000000,AMD,1,runtime,AMD,32T,32,AMD,32T,32,9.750555344598444e-05,9.750555344598444e-05,0.0,True,True,True,True,True,True
cpu_threads,REDUCTION,16000000,AMD,1,energy,AMD,16T,16,AMD,16T,16,0.022058575147232,0.022058575147232,0.0,True,True,True,True,True,True
cpu_threads,REDUCTION,16000000,AMD,1,edp,AMD,32T,32,AMD,32T,32,2.180154762279725e-06,2.180154762279725e-06,0.0,True,True,True,True,True,True
cpu_threads,REDUCTION,16000000,AMD,2,runtime,AMD,32T,32,AMD,32T,32,9.814874396135266e-05,9.814874396135266e-05,0.0,True,True,True,True,True,True
cpu_threads,REDUCTION,16000000,AMD,2,energy,AMD,16T,16,AMD,16T,16,0.0221680058273643,0.0221680058273643,0.0,True,True,True,True,True,True
cpu_threads,REDUCTION,16000000,AMD,2,edp,AMD,32T,32,AMD,32T,32,2.204190452761696e-06,2.204190452761696e-06,0.0,True,True,True,True,True,True
cpu_threads,REDUCTION,16000000,AMD,3,runtime,AMD,32T,32,AMD,64T,64,9.734232305936072e-05,3.545908422528468e-05,174.5201270312254,True,False,False,False,False,False
cpu_threads,REDUCTION,16000000,AMD,3,energy,AMD,16T,16,AMD,64T,64,0.0221553202066999,0.0101140245870806,119.05543155392904,True,False,False,False,False,False
cpu_threads,REDUCTION,16000000,AMD,3,edp,AMD,32T,32,AMD,64T,64,2.177881380981056e-06,3.586340496898912e-07,507.27122337219737,True,False,False,False,False,False
cpu_threads,REDUCTION,16000000,AMD,4,runtime,AMD,32T,32,AMD,32T,32,9.771859926683388e-05,9.771859926683388e-05,0.0,True,True,True,True,True,True
cpu_threads,REDUCTION,16000000,AMD,4,energy,AMD,16T,16,AMD,16T,16,0.0219804673990077,0.0219804673990077,0.0,True,True,True,True,True,True
cpu_threads,REDUCTION,16000000,AMD,4,edp,AMD,32T,32,AMD,32T,32,2.197352690215476e-06,2.197352690215476e-06,0.0,True,True,True,True,True,True
cpu_threads,REDUCTION,16000000,AMD,5,runtime,AMD,32T,32,AMD,32T,32,9.739432867066325e-05,9.739432867066325e-05,0.0,True,True,True,True,True,True
cpu_threads,REDUCTION,16000000,AMD,5,energy,AMD,16T,16,AMD,16T,16,0.021988670398303,0.021988670398303,0.0,True,True,True,True,True,True
cpu_threads,REDUCTION,16000000,AMD,5,edp,AMD,32T,32,AMD,32T,32,2.1808245355421906e-06,2.1808245355421906e-06,0.0,True,True,True,True,True,True
cpu_threads,REDUCTION,16000000,INTEL,1,runtime,INTEL,8T,8,INTEL,8T,8,0.0012930947164948,0.0012930947164948,0.0,True,True,True,True,True,True
cpu_threads,REDUCTION,16000000,INTEL,1,energy,INTEL,4T,4,INTEL,4T,4,0.0965711358695652,0.0965711358695652,0.0,True,True,True,True,True,True
cpu_threads,REDUCTION,16000000,INTEL,1,edp,INTEL,4T,4,INTEL,4T,4,0.0001313992667204,0.0001313992667204,0.0,True,True,True,True,True,True
cpu_threads,REDUCTION,16000000,INTEL,2,runtime,INTEL,8T,8,INTEL,8T,8,0.0012923481338481,0.0012923481338481,0.0,True,True,True,True,True,True
cpu_threads,REDUCTION,16000000,INTEL,2,energy,INTEL,4T,4,INTEL,4T,4,0.1095564662618083,0.1095564662618083,0.0,True,True,True,True,True,True
cpu_threads,REDUCTION,16000000,INTEL,2,edp,INTEL,4T,4,INTEL,4T,4,0.0001479950399498,0.0001479950399498,0.0,True,True,True,True,True,True
cpu_threads,REDUCTION,16000000,INTEL,3,runtime,INTEL,8T,8,INTEL,8T,8,0.0012899099099099,0.0012899099099099,0.0,True,True,True,True,True,True
cpu_threads,REDUCTION,16000000,INTEL,3,energy,INTEL,4T,4,INTEL,4T,4,0.1152351600817438,0.1152351600817438,0.0,True,True,True,True,True,True
cpu_threads,REDUCTION,16000000,INTEL,3,edp,INTEL,4T,4,INTEL,4T,4,0.0001570959804408,0.0001570959804408,0.0,True,True,True,True,True,True
cpu_threads,REDUCTION,16000000,INTEL,4,runtime,INTEL,8T,8,INTEL,8T,8,0.0012906685971685,0.0012906685971685,0.0,True,True,True,True,True,True
cpu_threads,REDUCTION,16000000,INTEL,4,energy,INTEL,4T,4,INTEL,4T,4,0.1151314966532797,0.1151314966532797,0.0,True,True,True,True,True,True
cpu_threads,REDUCTION,16000000,INTEL,4,edp,INTEL,4T,4,INTEL,4T,4,0.0001545590251892,0.0001545590251892,0.0,True,True,True,True,True,True
cpu_threads,REDUCTION,16000000,INTEL,5,runtime,INTEL,8T,8,INTEL,8T,8,0.0012897078507078,0.0012897078507078,0.0,True,True,True,True,True,True
cpu_threads,REDUCTION,16000000,INTEL,5,energy,INTEL,4T,4,INTEL,4T,4,0.1163391630286493,0.1163391630286493,0.0,True,True,True,True,True,True
cpu_threads,REDUCTION,16000000,INTEL,5,edp,INTEL,4T,4,INTEL,4T,4,0.0001590999953835,0.0001590999953835,0.0,True,True,True,True,True,True
cpu_threads,REDUCTION,32000000,AMD,1,runtime,AMD,32T,32,AMD,32T,32,0.0005241095461658,0.0005241095461658,0.0,True,True,True,True,True,True
cpu_threads,REDUCTION,32000000,AMD,1,energy,AMD,32T,32,AMD,32T,32,0.0899027944705268,0.0899027944705268,0.0,True,True,True,True,True,True
cpu_threads,REDUCTION,32000000,AMD,1,edp,AMD,32T,32,AMD,32T,32,4.7118912808985e-05,4.7118912808985e-05,0.0,True,True,True,True,True,True
cpu_threads,REDUCTION,32000000,AMD,2,runtime,AMD,32T,32,AMD,64T,64,0.0005333892724375,0.0004633690422151,15.11111529757656,True,False,False,False,False,False
cpu_threads,REDUCTION,32000000,AMD,2,energy,AMD,32T,32,AMD,64T,64,0.0913787684545937,0.0885655944167045,3.176373462422788,True,False,False,False,True,True
cpu_threads,REDUCTION,32000000,AMD,2,edp,AMD,32T,32,AMD,64T,64,4.874045482223051e-05,4.1038554658079376e-05,18.767474216187672,True,False,False,False,False,False
cpu_threads,REDUCTION,32000000,AMD,3,runtime,AMD,32T,32,AMD,32T,32,0.0005105318987341,0.0005105318987341,0.0,True,True,True,True,True,True
cpu_threads,REDUCTION,32000000,AMD,3,energy,AMD,32T,32,AMD,32T,32,0.0878013460759493,0.0878013460759493,0.0,True,True,True,True,True,True
cpu_threads,REDUCTION,32000000,AMD,3,edp,AMD,32T,32,AMD,32T,32,4.482538792356422e-05,4.482538792356422e-05,0.0,True,True,True,True,True,True
cpu_threads,REDUCTION,32000000,AMD,4,runtime,AMD,32T,32,AMD,32T,32,0.0005218372995344,0.0005218372995344,0.0,True,True,True,True,True,True
cpu_threads,REDUCTION,32000000,AMD,4,energy,AMD,32T,32,AMD,32T,32,0.0890793455768236,0.0890793455768236,0.0,True,True,True,True,True,True
cpu_threads,REDUCTION,32000000,AMD,4,edp,AMD,32T,32,AMD,32T,32,4.648492514010123e-05,4.648492514010123e-05,0.0,True,True,True,True,True,True
cpu_threads,REDUCTION,32000000,AMD,5,runtime,AMD,32T,32,AMD,32T,32,0.0005562619444444,0.0005562619444444,0.0,True,True,True,True,True,True
cpu_threads,REDUCTION,32000000,AMD,5,energy,AMD,32T,32,AMD,32T,32,0.0942032391666666,0.0942032391666666,0.0,True,True,True,True,True,True
cpu_threads,REDUCTION,32000000,AMD,5,edp,AMD,32T,32,AMD,32T,32,5.2401676991810825e-05,5.2401676991810825e-05,0.0,True,True,True,True,True,True
cpu_threads,REDUCTION,32000000,INTEL,1,runtime,INTEL,8T,8,INTEL,8T,8,0.0029190130813953,0.0029190130813953,0.0,True,True,True,True,True,True
cpu_threads,REDUCTION,32000000,INTEL,1,energy,INTEL,4T,4,INTEL,2T,2,0.2375231686567164,0.2321778008658008,2.3022734176060267,True,False,False,False,True,True
cpu_threads,REDUCTION,32000000,INTEL,1,edp,INTEL,4T,4,INTEL,4T,4,0.0007101861205031,0.0007101861205031,0.0,True,True,True,True,True,True
cpu_threads,REDUCTION,32000000,INTEL,2,runtime,INTEL,8T,8,INTEL,8T,8,0.0029181511627906,0.0029181511627906,0.0,True,True,True,True,True,True
cpu_threads,REDUCTION,32000000,INTEL,2,energy,INTEL,4T,4,INTEL,4T,4,0.2407920843373494,0.2407920843373494,0.0,True,True,True,True,True,True
cpu_threads,REDUCTION,32000000,INTEL,2,edp,INTEL,4T,4,INTEL,4T,4,0.0007252022962548,0.0007252022962548,0.0,True,True,True,True,True,True
cpu_threads,REDUCTION,32000000,INTEL,3,runtime,INTEL,8T,8,INTEL,8T,8,0.0029195218023255,0.0029195218023255,0.0,True,True,True,True,True,True
cpu_threads,REDUCTION,32000000,INTEL,3,energy,INTEL,4T,4,INTEL,4T,4,0.2570190254491018,0.2570190254491018,0.0,True,True,True,True,True,True
cpu_threads,REDUCTION,32000000,INTEL,3,edp,INTEL,4T,4,INTEL,4T,4,0.0007724183537605,0.0007724183537605,0.0,True,True,True,True,True,True
cpu_threads,REDUCTION,32000000,INTEL,4,runtime,INTEL,8T,8,INTEL,8T,8,0.0029161090116279,0.0029161090116279,0.0,True,True,True,True,True,True
cpu_threads,REDUCTION,32000000,INTEL,4,energy,INTEL,4T,4,INTEL,4T,4,0.2571715240963855,0.2571715240963855,0.0,True,True,True,True,True,True
cpu_threads,REDUCTION,32000000,INTEL,4,edp,INTEL,4T,4,INTEL,4T,4,0.000773717959037,0.000773717959037,0.0,True,True,True,True,True,True
cpu_threads,REDUCTION,32000000,INTEL,5,runtime,INTEL,8T,8,INTEL,8T,8,0.0029158183139534,0.0029158183139534,0.0,True,True,True,True,True,True
cpu_threads,REDUCTION,32000000,INTEL,5,energy,INTEL,4T,4,INTEL,4T,4,0.2542132575301205,0.2542132575301205,0.0,True,True,True,True,True,True
cpu_threads,REDUCTION,32000000,INTEL,5,edp,INTEL,4T,4,INTEL,4T,4,0.0007651708024782,0.0007651708024782,0.0,True,True,True,True,True,True
cpu_threads,REDUCTION,64000000,AMD,1,runtime,AMD,10T,10,AMD,10T,10,0.00445238,0.00445238,0.0,True,True,True,True,True,True
cpu_threads,REDUCTION,64000000,AMD,1,energy,AMD,4T,4,AMD,4T,4,0.4779265810810811,0.4779265810810811,0.0,True,True,True,True,True,True
cpu_threads,REDUCTION,64000000,AMD,1,edp,AMD,10T,10,AMD,10T,10,0.0023010112070113,0.0023010112070113,0.0,True,True,True,True,True,True
cpu_threads,REDUCTION,64000000,AMD,2,runtime,AMD,10T,10,AMD,10T,10,0.0044675488888888,0.0044675488888888,0.0,True,True,True,True,True,True
cpu_threads,REDUCTION,64000000,AMD,2,energy,AMD,4T,4,AMD,4T,4,0.4858623288770053,0.4858623288770053,0.0,True,True,True,True,True,True
cpu_threads,REDUCTION,64000000,AMD,2,edp,AMD,10T,10,AMD,10T,10,0.0022574185200397,0.0022574185200397,0.0,True,True,True,True,True,True
cpu_threads,REDUCTION,64000000,AMD,3,runtime,AMD,10T,10,AMD,16T,16,0.0044708794642857,0.0044148766519823,1.2685023097588566,True,False,False,True,True,True
cpu_threads,REDUCTION,64000000,AMD,3,energy,AMD,4T,4,AMD,10T,10,0.4868141586021505,0.4598973035714285,5.852796879149658,True,False,False,False,False,True
cpu_threads,REDUCTION,64000000,AMD,3,edp,AMD,10T,10,AMD,10T,10,0.0020561454102178,0.0020561454102178,0.0,True,True,True,True,True,True
cpu_threads,REDUCTION,64000000,AMD,4,runtime,AMD,10T,10,AMD,16T,16,0.0044621311111111,0.0044597911111111,0.05246882514677864,True,False,True,True,True,True
cpu_threads,REDUCTION,64000000,AMD,4,energy,AMD,4T,4,AMD,4T,4,0.477332502688172,0.477332502688172,0.0,True,True,True,True,True,True
cpu_threads,REDUCTION,64000000,AMD,4,edp,AMD,10T,10,AMD,10T,10,0.0024648209572602,0.0024648209572602,0.0,True,True,True,True,True,True
cpu_threads,REDUCTION,64000000,AMD,5,runtime,AMD,16T,16,AMD,10T,10,0.0044755959821428,0.0044500133333333,0.574889261968492,True,False,True,True,True,True
cpu_threads,REDUCTION,64000000,AMD,5,energy,AMD,4T,4,AMD,4T,4,0.472119435483871,0.472119435483871,0.0,True,True,True,True,True,True
cpu_threads,REDUCTION,64000000,AMD,5,edp,AMD,10T,10,AMD,10T,10,0.0023045179029018,0.0023045179029018,0.0,True,True,True,True,True,True
cpu_threads,REDUCTION,64000000,INTEL,1,runtime,INTEL,8T,8,INTEL,8T,8,0.0061870552147239,0.0061870552147239,0.0,True,True,True,True,True,True
cpu_threads,REDUCTION,64000000,INTEL,1,energy,INTEL,4T,4,INTEL,2T,2,0.5008005656250001,0.4879677410714286,2.6298510072396475,True,False,False,False,True,True
cpu_threads,REDUCTION,64000000,INTEL,1,edp,INTEL,4T,4,INTEL,4T,4,0.0031314089067434,0.0031314089067434,0.0,True,True,True,True,True,True
cpu_threads,REDUCTION,64000000,INTEL,2,runtime,INTEL,8T,8,INTEL,8T,8,0.0061823159509202,0.0061823159509202,0.0,True,True,True,True,True,True
cpu_threads,REDUCTION,64000000,INTEL,2,energy,INTEL,4T,4,INTEL,4T,4,0.514445896875,0.514445896875,0.0,True,True,True,True,True,True
cpu_threads,REDUCTION,64000000,INTEL,2,edp,INTEL,4T,4,INTEL,4T,4,0.0032227431056865,0.0032227431056865,0.0,True,True,True,True,True,True
cpu_threads,REDUCTION,64000000,INTEL,3,runtime,INTEL,8T,8,INTEL,8T,8,0.0061640398773006,0.0061640398773006,0.0,True,True,True,True,True,True
cpu_threads,REDUCTION,64000000,INTEL,3,energy,INTEL,4T,4,INTEL,4T,4,0.5137941562499999,0.5137941562499999,0.0,True,True,True,True,True,True
cpu_threads,REDUCTION,64000000,INTEL,3,edp,INTEL,4T,4,INTEL,4T,4,0.0032221685313377,0.0032221685313377,0.0,True,True,True,True,True,True
cpu_threads,REDUCTION,64000000,INTEL,4,runtime,INTEL,8T,8,INTEL,8T,8,0.0061784386503067,0.0061784386503067,0.0,True,True,True,True,True,True
cpu_threads,REDUCTION,64000000,INTEL,4,energy,INTEL,4T,4,INTEL,4T,4,0.525589740625,0.525589740625,0.0,True,True,True,True,True,True
cpu_threads,REDUCTION,64000000,INTEL,4,edp,INTEL,4T,4,INTEL,4T,4,0.0032909473115646,0.0032909473115646,0.0,True,True,True,True,True,True
cpu_threads,REDUCTION,64000000,INTEL,5,runtime,INTEL,8T,8,INTEL,8T,8,0.0061814104938271,0.0061814104938271,0.0,True,True,True,True,True,True
cpu_threads,REDUCTION,64000000,INTEL,5,energy,INTEL,4T,4,INTEL,4T,4,0.5282039468749999,0.5282039468749999,0.0,True,True,True,True,True,True
cpu_threads,REDUCTION,64000000,INTEL,5,edp,INTEL,4T,4,INTEL,4T,4,0.0033130470134346,0.0033130470134346,0.0,True,True,True,True,True,True
cpu_threads,REDUCTION,128000000,AMD,1,runtime,AMD,16T,16,AMD,16T,16,0.0091201136363636,0.0091201136363636,0.0,True,True,True,True,True,True
cpu_threads,REDUCTION,128000000,AMD,1,energy,AMD,4T,4,AMD,4T,4,0.927212921875,0.927212921875,0.0,True,True,True,True,True,True
cpu_threads,REDUCTION,128000000,AMD,1,edp,AMD,8T,8,AMD,10T,10,0.0103610086025439,0.0092712847830565,11.75375198784636,True,False,False,False,False,False
cpu_threads,REDUCTION,128000000,AMD,2,runtime,AMD,16T,16,AMD,16T,16,0.0091105272727272,0.0091105272727272,0.0,True,True,True,True,True,True
cpu_threads,REDUCTION,128000000,AMD,2,energy,AMD,4T,4,AMD,4T,4,0.9306546354166668,0.9306546354166668,0.0,True,True,True,True,True,True
cpu_threads,REDUCTION,128000000,AMD,2,edp,AMD,4T,4,AMD,8T,8,0.0097900747560207,0.0093374416178905,4.8475070222978145,True,False,False,False,True,True
cpu_threads,REDUCTION,128000000,AMD,3,runtime,AMD,16T,16,AMD,16T,16,0.0091138198198198,0.0091138198198198,0.0,True,True,True,True,True,True
cpu_threads,REDUCTION,128000000,AMD,3,energy,AMD,4T,4,AMD,4T,4,0.9410128333333334,0.9410128333333334,0.0,True,True,True,True,True,True
cpu_threads,REDUCTION,128000000,AMD,3,edp,AMD,8T,8,AMD,10T,10,0.0108174745233803,0.0092490295080772,16.95794152168475,True,False,False,False,False,False
cpu_threads,REDUCTION,128000000,AMD,4,runtime,AMD,16T,16,AMD,16T,16,0.0091114272727272,0.0091114272727272,0.0,True,True,True,True,True,True
cpu_threads,REDUCTION,128000000,AMD,4,energy,AMD,4T,4,AMD,4T,4,0.9254767157894735,0.9254767157894735,0.0,True,True,True,True,True,True
cpu_threads,REDUCTION,128000000,AMD,4,edp,AMD,10T,10,AMD,8T,8,0.0108167457785069,0.0093643146659794,15.51027666556517,True,False,False,False,False,False
cpu_threads,REDUCTION,128000000,AMD,5,runtime,AMD,16T,16,AMD,16T,16,0.009082509009009,0.009082509009009,0.0,True,True,True,True,True,True
cpu_threads,REDUCTION,128000000,AMD,5,energy,AMD,4T,4,AMD,4T,4,0.9432920421052632,0.9432920421052632,0.0,True,True,True,True,True,True
cpu_threads,REDUCTION,128000000,AMD,5,edp,AMD,10T,10,AMD,8T,8,0.011178895899257,0.0089975358717695,24.243971444800728,True,False,False,False,False,False
cpu_threads,REDUCTION,128000000,INTEL,1,runtime,INTEL,8T,8,INTEL,8T,8,0.0127100063291139,0.0127100063291139,0.0,True,True,True,True,True,True
cpu_threads,REDUCTION,128000000,INTEL,1,energy,INTEL,4T,4,INTEL,4T,4,0.8998710897435898,0.8998710897435898,0.0,True,True,True,True,True,True
cpu_threads,REDUCTION,128000000,INTEL,1,edp,INTEL,4T,4,INTEL,4T,4,0.0115413255035284,0.0115413255035284,0.0,True,True,True,True,True,True
cpu_threads,REDUCTION,128000000,INTEL,2,runtime,INTEL,8T,8,INTEL,8T,8,0.0127212911392405,0.0127212911392405,0.0,True,True,True,True,True,True
cpu_threads,REDUCTION,128000000,INTEL,2,energy,INTEL,4T,4,INTEL,4T,4,1.0471371987179487,1.0471371987179487,0.0,True,True,True,True,True,True
cpu_threads,REDUCTION,128000000,INTEL,2,edp,INTEL,4T,4,INTEL,4T,4,0.0133976908628479,0.0133976908628479,0.0,True,True,True,True,True,True
cpu_threads,REDUCTION,128000000,INTEL,3,runtime,INTEL,8T,8,INTEL,8T,8,0.012714582278481,0.012714582278481,0.0,True,True,True,True,True,True
cpu_threads,REDUCTION,128000000,INTEL,3,energy,INTEL,4T,4,INTEL,4T,4,1.0599021153846155,1.0599021153846155,0.0,True,True,True,True,True,True
cpu_threads,REDUCTION,128000000,INTEL,3,edp,INTEL,4T,4,INTEL,4T,4,0.0135882984199358,0.0135882984199358,0.0,True,True,True,True,True,True
cpu_threads,REDUCTION,128000000,INTEL,4,runtime,INTEL,8T,8,INTEL,8T,8,0.0127224493670886,0.0127224493670886,0.0,True,True,True,True,True,True
cpu_threads,REDUCTION,128000000,INTEL,4,energy,INTEL,4T,4,INTEL,4T,4,1.0765200769230767,1.0765200769230767,0.0,True,True,True,True,True,True
cpu_threads,REDUCTION,128000000,INTEL,4,edp,INTEL,4T,4,INTEL,4T,4,0.0137970194435626,0.0137970194435626,0.0,True,True,True,True,True,True
cpu_threads,REDUCTION,128000000,INTEL,5,runtime,INTEL,8T,8,INTEL,8T,8,0.0127107784810126,0.0127107784810126,0.0,True,True,True,True,True,True
cpu_threads,REDUCTION,128000000,INTEL,5,energy,INTEL,4T,4,INTEL,4T,4,1.079317829113924,1.079317829113924,0.0,True,True,True,True,True,True
cpu_threads,REDUCTION,128000000,INTEL,5,edp,INTEL,4T,4,INTEL,4T,4,0.0138421350292524,0.0138421350292524,0.0,True,True,True,True,True,True
cpu_threads,REDUCTION,256000000,AMD,1,runtime,AMD,16T,16,AMD,16T,16,0.0181386339285714,0.0181386339285714,0.0,True,True,True,True,True,True
cpu_threads,REDUCTION,256000000,AMD,1,energy,AMD,4T,4,AMD,4T,4,1.8116645306122448,1.8116645306122448,0.0,True,True,True,True,True,True
cpu_threads,REDUCTION,256000000,AMD,1,edp,AMD,8T,8,AMD,10T,10,0.0422981556601274,0.0358395835550487,18.020778883098608,True,False,False,False,False,False
cpu_threads,REDUCTION,256000000,AMD,2,runtime,AMD,16T,16,AMD,16T,16,0.018131875,0.018131875,0.0,True,True,True,True,True,True
cpu_threads,REDUCTION,256000000,AMD,2,energy,AMD,4T,4,AMD,4T,4,1.8167373775510205,1.8167373775510205,0.0,True,True,True,True,True,True
cpu_threads,REDUCTION,256000000,AMD,2,edp,AMD,8T,8,AMD,4T,4,0.0379682394805617,0.0373984658237129,1.5235214715346057,True,False,False,True,True,True
cpu_threads,REDUCTION,256000000,AMD,3,runtime,AMD,16T,16,AMD,16T,16,0.0181247053571428,0.0181247053571428,0.0,True,True,True,True,True,True
cpu_threads,REDUCTION,256000000,AMD,3,energy,AMD,4T,4,AMD,4T,4,1.8123779387755103,1.8123779387755103,0.0,True,True,True,True,True,True
cpu_threads,REDUCTION,256000000,AMD,3,edp,AMD,8T,8,AMD,8T,8,0.0347504425465102,0.0347504425465102,0.0,True,True,True,True,True,True
cpu_threads,REDUCTION,256000000,AMD,4,runtime,AMD,16T,16,AMD,16T,16,0.0181291339285714,0.0181291339285714,0.0,True,True,True,True,True,True
cpu_threads,REDUCTION,256000000,AMD,4,energy,AMD,4T,4,AMD,4T,4,1.828921663265306,1.828921663265306,0.0,True,True,True,True,True,True
cpu_threads,REDUCTION,256000000,AMD,4,edp,AMD,8T,8,AMD,8T,8,0.0347513235179512,0.0347513235179512,0.0,True,True,True,True,True,True
cpu_threads,REDUCTION,256000000,AMD,5,runtime,AMD,16T,16,AMD,16T,16,0.0181376428571428,0.0181376428571428,0.0,True,True,True,True,True,True
cpu_threads,REDUCTION,256000000,AMD,5,energy,AMD,4T,4,AMD,4T,4,1.8355224591836727,1.8355224591836727,0.0,True,True,True,True,True,True
cpu_threads,REDUCTION,256000000,AMD,5,edp,AMD,8T,8,AMD,8T,8,0.0346475290286811,0.0346475290286811,0.0,True,True,True,True,True,True
cpu_threads,REDUCTION,256000000,INTEL,1,runtime,INTEL,8T,8,INTEL,8T,8,0.0257233717948717,0.0257233717948717,0.0,True,True,True,True,True,True
cpu_threads,REDUCTION,256000000,INTEL,1,energy,INTEL,4T,4,INTEL,4T,4,1.8076657692307687,1.8076657692307687,0.0,True,True,True,True,True,True
cpu_threads,REDUCTION,256000000,INTEL,1,edp,INTEL,4T,4,INTEL,4T,4,0.0466387038542405,0.0466387038542405,0.0,True,True,True,True,True,True
cpu_threads,REDUCTION,256000000,INTEL,2,runtime,INTEL,8T,8,INTEL,8T,8,0.0257495384615384,0.0257495384615384,0.0,True,True,True,True,True,True
cpu_threads,REDUCTION,256000000,INTEL,2,energy,INTEL,4T,4,INTEL,4T,4,2.126006320512821,2.126006320512821,0.0,True,True,True,True,True,True
cpu_threads,REDUCTION,256000000,INTEL,2,edp,INTEL,4T,4,INTEL,4T,4,0.0549301704329155,0.0549301704329155,0.0,True,True,True,True,True,True
cpu_threads,REDUCTION,256000000,INTEL,3,runtime,INTEL,8T,8,INTEL,8T,8,0.0257443461538461,0.0257443461538461,0.0,True,True,True,True,True,True
cpu_threads,REDUCTION,256000000,INTEL,3,energy,INTEL,4T,4,INTEL,4T,4,2.1316270384615383,2.1316270384615383,0.0,True,True,True,True,True,True
cpu_threads,REDUCTION,256000000,INTEL,3,edp,INTEL,4T,4,INTEL,4T,4,0.0551202131886774,0.0551202131886774,0.0,True,True,True,True,True,True
cpu_threads,REDUCTION,256000000,INTEL,4,runtime,INTEL,8T,8,INTEL,4T,4,0.0257376666666666,0.0257339871794871,0.014298162013681726,True,False,True,True,True,True
cpu_threads,REDUCTION,256000000,INTEL,4,energy,INTEL,4T,4,INTEL,4T,4,2.107344487179488,2.107344487179488,0.0,True,True,True,True,True,True
cpu_threads,REDUCTION,256000000,INTEL,4,edp,INTEL,4T,4,INTEL,4T,4,0.0542303760158397,0.0542303760158397,0.0,True,True,True,True,True,True
cpu_threads,REDUCTION,256000000,INTEL,5,runtime,INTEL,8T,8,INTEL,8T,8,0.025721141025641,0.025721141025641,0.0,True,True,True,True,True,True
cpu_threads,REDUCTION,256000000,INTEL,5,energy,INTEL,4T,4,INTEL,4T,4,2.1530463974358973,2.1530463974358973,0.0,True,True,True,True,True,True
cpu_threads,REDUCTION,256000000,INTEL,5,edp,INTEL,4T,4,INTEL,4T,4,0.055546250785336,0.055546250785336,0.0,True,True,True,True,True,True
cpu_threads,STREAM,1000000,AMD,1,runtime,AMD,16T,16,AMD,20T,20,2.195927503477052e-05,1.342772e-05,63.53688515079641,True,False,False,False,False,False
cpu_threads,STREAM,1000000,AMD,1,energy,AMD,10T,10,AMD,20T,20,0.0038055064446714,0.002957877205,28.65667439603532,True,False,False,False,False,False
cpu_threads,STREAM,1000000,AMD,1,edp,AMD,16T,16,AMD,20T,20,8.58614485114336e-08,3.97175469031226e-08,116.18014002945172,True,False,False,False,False,False
cpu_threads,STREAM,1000000,AMD,2,runtime,AMD,16T,16,AMD,16T,16,2.130687980829865e-05,2.130687980829865e-05,0.0,True,True,True,True,True,True
cpu_threads,STREAM,1000000,AMD,2,energy,AMD,10T,10,AMD,10T,10,0.0038193342316539,0.0038193342316539,0.0,True,True,True,True,True,True
cpu_threads,STREAM,1000000,AMD,2,edp,AMD,16T,16,AMD,16T,16,8.16915992201556e-08,8.16915992201556e-08,0.0,True,True,True,True,True,True
cpu_threads,STREAM,1000000,AMD,3,runtime,AMD,16T,16,AMD,16T,16,2.1910510621626327e-05,2.1910510621626327e-05,0.0,True,True,True,True,True,True
cpu_threads,STREAM,1000000,AMD,3,energy,AMD,10T,10,AMD,10T,10,0.0038460212360151,0.0038460212360151,0.0,True,True,True,True,True,True
cpu_threads,STREAM,1000000,AMD,3,edp,AMD,16T,16,AMD,16T,16,8.549286313311295e-08,8.549286313311295e-08,0.0,True,True,True,True,True,True
cpu_threads,STREAM,1000000,AMD,4,runtime,AMD,16T,16,AMD,64T,64,2.1991949890827288e-05,1.0653691993229216e-05,106.42562132267312,True,False,False,False,False,False
cpu_threads,STREAM,1000000,AMD,4,energy,AMD,10T,10,AMD,64T,64,0.0038283625872309,0.0022062852471974,73.52074452267641,True,False,False,False,False,False
cpu_threads,STREAM,1000000,AMD,4,edp,AMD,16T,16,AMD,64T,64,8.621307249892337e-08,2.350508347284668e-08,266.78479614215206,True,False,False,False,False,False
cpu_threads,STREAM,1000000,AMD,5,runtime,AMD,16T,16,AMD,64T,64,2.187716349282089e-05,7.774320001326019e-06,181.40291998643522,True,False,False,False,False,False
cpu_threads,STREAM,1000000,AMD,5,energy,AMD,10T,10,AMD,64T,64,0.0038193172217982,0.001584850828485,140.98906680379403,True,False,False,False,False,False
cpu_threads,STREAM,1000000,AMD,5,edp,AMD,16T,16,AMD,64T,64,8.542190562358495e-08,1.2321137495009048e-08,593.2956121801823,True,False,False,False,False,False
cpu_threads,STREAM,1000000,INTEL,1,runtime,INTEL,10T,10,INTEL,10T,10,5.098217568947906e-05,5.098217568947906e-05,0.0,True,True,True,True,True,True
cpu_threads,STREAM,1000000,INTEL,1,energy,INTEL,10T,10,INTEL,10T,10,0.0071583908580183,0.0071583908580183,0.0,True,True,True,True,True,True
cpu_threads,STREAM,1000000,INTEL,1,edp,INTEL,10T,10,INTEL,10T,10,3.649503403774498e-07,3.649503403774498e-07,0.0,True,True,True,True,True,True
cpu_threads,STREAM,1000000,INTEL,2,runtime,INTEL,10T,10,INTEL,10T,10,5.2620882584712367e-05,5.2620882584712367e-05,0.0,True,True,True,True,True,True
cpu_threads,STREAM,1000000,INTEL,2,energy,INTEL,10T,10,INTEL,10T,10,0.0077692344628316,0.0077692344628316,0.0,True,True,True,True,True,True
cpu_threads,STREAM,1000000,INTEL,2,edp,INTEL,10T,10,INTEL,10T,10,4.088239744417625e-07,4.088239744417625e-07,0.0,True,True,True,True,True,True
cpu_threads,STREAM,1000000,INTEL,3,runtime,INTEL,10T,10,INTEL,10T,10,5.129379964130157e-05,5.129379964130157e-05,0.0,True,True,True,True,True,True
cpu_threads,STREAM,1000000,INTEL,3,energy,INTEL,10T,10,INTEL,10T,10,0.0076560080450935,0.0076560080450935,0.0,True,True,True,True,True,True
cpu_threads,STREAM,1000000,INTEL,3,edp,INTEL,10T,10,INTEL,10T,10,3.927057427172189e-07,3.927057427172189e-07,0.0,True,True,True,True,True,True
cpu_threads,STREAM,1000000,INTEL,4,runtime,INTEL,10T,10,INTEL,20T,20,5.714782857142858e-05,5.4597093719386085e-05,4.671924233096658,True,False,False,False,True,True
cpu_threads,STREAM,1000000,INTEL,4,energy,INTEL,10T,10,INTEL,20T,20,0.0084336419428571,0.0082015756503755,2.8295330357767767,True,False,False,False,True,True
cpu_threads,STREAM,1000000,INTEL,4,edp,INTEL,10T,10,INTEL,20T,20,4.819643239832074e-07,4.477821944301861e-07,7.6336509084553805,True,False,False,False,False,True
cpu_threads,STREAM,1000000,INTEL,5,runtime,INTEL,10T,10,INTEL,10T,10,5.226265657620041e-05,5.226265657620041e-05,0.0,True,True,True,True,True,True
cpu_threads,STREAM,1000000,INTEL,5,energy,INTEL,10T,10,INTEL,10T,10,0.0077999560281837,0.0077999560281837,0.0,True,True,True,True,True,True
cpu_threads,STREAM,1000000,INTEL,5,edp,INTEL,10T,10,INTEL,10T,10,4.07646423210429e-07,4.07646423210429e-07,0.0,True,True,True,True,True,True
cpu_threads,STREAM,2000000,AMD,1,runtime,AMD,20T,20,AMD,16T,16,3.0295913825336064e-05,2.7504384594787576e-05,10.149397165852303,True,False,False,False,False,False
cpu_threads,STREAM,2000000,AMD,1,energy,AMD,16T,16,AMD,16T,16,0.0063241592734737,0.0063241592734737,0.0,True,True,True,True,True,True
cpu_threads,STREAM,2000000,AMD,1,edp,AMD,16T,16,AMD,16T,16,1.73942108896313e-07,1.73942108896313e-07,0.0,True,True,True,True,True,True
cpu_threads,STREAM,2000000,AMD,2,runtime,AMD,20T,20,AMD,64T,64,3.01567331193498e-05,2.353506e-05,28.135356864821247,True,False,False,False,False,False
cpu_threads,STREAM,2000000,AMD,2,energy,AMD,16T,16,AMD,64T,64,0.006585019554193,0.00510763251,28.925084984099602,True,False,False,False,False,False
cpu_threads,STREAM,2000000,AMD,2,edp,AMD,16T,16,AMD,64T,64,1.9323163789259842e-07,1.202084375808006e-07,60.747150351000734,True,False,False,False,False,False
cpu_threads,STREAM,2000000,AMD,3,runtime,AMD,16T,16,AMD,20T,20,3.028329775247584e-05,2.8657915371474976e-05,5.671669972962201,True,False,False,False,False,True
cpu_threads,STREAM,2000000,AMD,3,energy,AMD,16T,16,AMD,16T,16,0.0066708533772163,0.0066708533772163,0.0,True,True,True,True,True,True
cpu_threads,STREAM,2000000,AMD,3,edp,AMD,16T,16,AMD,20T,20,2.0201543908535025e-07,1.9157399104819677e-07,5.45034739842456,True,False,False,False,False,True
cpu_threads,STREAM,2000000,AMD,4,runtime,AMD,16T,16,AMD,20T,20,3.059675011662261e-05,3.0216950443982062e-05,1.2569093408173027,True,False,False,True,True,True
cpu_threads,STREAM,2000000,AMD,4,energy,AMD,16T,16,AMD,16T,16,0.0067099912921785,0.0067099912921785,0.0,True,True,True,True,True,True
cpu_threads,STREAM,2000000,AMD,4,edp,AMD,16T,16,AMD,16T,16,2.053039268514992e-07,2.053039268514992e-07,0.0,True,True,True,True,True,True
cpu_threads,STREAM,2000000,AMD,5,runtime,AMD,16T,16,AMD,20T,20,3.047070206204269e-05,2.9866082269671573e-05,2.024436238110461,True,False,False,False,True,True
cpu_threads,STREAM,2000000,AMD,5,energy,AMD,16T,16,AMD,16T,16,0.0066851586442522,0.0066851586442522,0.0,True,True,True,True,True,True
cpu_threads,STREAM,2000000,AMD,5,edp,AMD,16T,16,AMD,16T,16,2.0370147728649806e-07,2.0370147728649806e-07,0.0,True,True,True,True,True,True
cpu_threads,STREAM,2000000,INTEL,1,runtime,INTEL,10T,10,INTEL,10T,10,0.0002806352298206,0.0002806352298206,0.0,True,True,True,True,True,True
cpu_threads,STREAM,2000000,INTEL,1,energy,INTEL,10T,10,INTEL,16T,16,0.0339082012331838,0.033412192995755,1.48451266725238,True,False,False,True,True,True
cpu_threads,STREAM,2000000,INTEL,1,edp,INTEL,10T,10,INTEL,10T,10,9.515835845877688e-06,9.515835845877688e-06,0.0,True,True,True,True,True,True
cpu_threads,STREAM,2000000,INTEL,2,runtime,INTEL,10T,10,INTEL,20T,20,0.000243084667637,0.000234537128133,3.6444291665211015,True,False,False,False,True,True
cpu_threads,STREAM,2000000,INTEL,2,energy,INTEL,10T,10,INTEL,20T,20,0.0320214308588064,0.031322113961115,2.232661877673925,True,False,False,False,True,True
cpu_threads,STREAM,2000000,INTEL,2,edp,INTEL,10T,10,INTEL,20T,20,7.783918877574129e-06,7.346198655494456e-06,5.958458824854773,True,False,False,False,False,True
cpu_threads,STREAM,2000000,INTEL,3,runtime,INTEL,10T,10,INTEL,20T,20,0.0002398038581356,0.0002339992979171,2.4805887326022624,True,False,False,False,True,True
cpu_threads,STREAM,2000000,INTEL,3,energy,INTEL,10T,10,INTEL,10T,10,0.0315301573208722,0.0315301573208722,0.0,True,True,True,True,True,True
cpu_threads,STREAM,2000000,INTEL,3,edp,INTEL,10T,10,INTEL,20T,20,7.561053373167587e-06,7.405086061246657e-06,2.106218761415346,True,False,False,False,True,True
cpu_threads,STREAM,2000000,INTEL,4,runtime,INTEL,10T,10,INTEL,10T,10,0.0002424371822803,0.0002424371822803,0.0,True,True,True,True,True,True
cpu_threads,STREAM,2000000,INTEL,4,energy,INTEL,10T,10,INTEL,16T,16,0.0322702283950617,0.0322415348441184,0.08899561104029896,True,False,True,True,True,True
cpu_threads,STREAM,2000000,INTEL,4,edp,INTEL,10T,10,INTEL,10T,10,7.823503243640486e-06,7.823503243640486e-06,0.0,True,True,True,True,True,True
cpu_threads,STREAM,2000000,INTEL,5,runtime,INTEL,10T,10,INTEL,10T,10,0.0002419220826286,0.0002419220826286,0.0,True,True,True,True,True,True
cpu_threads,STREAM,2000000,INTEL,5,energy,INTEL,10T,10,INTEL,10T,10,0.031755504832085,0.031755504832085,0.0,True,True,True,True,True,True
cpu_threads,STREAM,2000000,INTEL,5,edp,INTEL,10T,10,INTEL,10T,10,7.682357863900575e-06,7.682357863900575e-06,0.0,True,True,True,True,True,True
cpu_threads,STREAM,4000000,AMD,1,runtime,AMD,32T,32,AMD,32T,32,4.327333956571623e-05,4.327333956571623e-05,0.0,True,True,True,True,True,True
cpu_threads,STREAM,4000000,AMD,1,energy,AMD,16T,16,AMD,16T,16,0.0118554116430803,0.0118554116430803,0.0,True,True,True,True,True,True
cpu_threads,STREAM,4000000,AMD,1,edp,AMD,32T,32,AMD,32T,32,5.143846433255903e-07,5.143846433255903e-07,0.0,True,True,True,True,True,True
cpu_threads,STREAM,4000000,AMD,2,runtime,AMD,32T,32,AMD,32T,32,2.2380667838312828e-05,2.2380667838312828e-05,0.0,True,True,True,True,True,True
cpu_threads,STREAM,4000000,AMD,2,energy,AMD,16T,16,AMD,32T,32,0.0118041833900853,0.0064221460017574,83.80434494723605,True,False,False,False,False,False
cpu_threads,STREAM,4000000,AMD,2,edp,AMD,32T,32,AMD,32T,32,1.4373191647448117e-07,1.4373191647448117e-07,0.0,True,True,True,True,True,True
cpu_threads,STREAM,4000000,AMD,3,runtime,AMD,32T,32,AMD,32T,32,4.335681224017486e-05,4.335681224017486e-05,0.0,True,True,True,True,True,True
cpu_threads,STREAM,4000000,AMD,3,energy,AMD,32T,32,AMD,16T,16,0.0119399679852569,0.0118555530232773,0.7120288848091683,True,False,True,True,True,True
cpu_threads,STREAM,4000000,AMD,3,edp,AMD,32T,32,AMD,32T,32,5.176789500904823e-07,5.176789500904823e-07,0.0,True,True,True,True,True,True
cpu_threads,STREAM,4000000,AMD,4,runtime,AMD,32T,32,AMD,32T,32,4.363393962683062e-05,4.363393962683062e-05,0.0,True,True,True,True,True,True
cpu_threads,STREAM,4000000,AMD,4,energy,AMD,32T,32,AMD,16T,16,0.011997759660134,0.0118766426383215,1.0197917500834874,True,False,False,True,True,True
cpu_threads,STREAM,4000000,AMD,4,edp,AMD,32T,32,AMD,32T,32,5.235095206675108e-07,5.235095206675108e-07,0.0,True,True,True,True,True,True
cpu_threads,STREAM,4000000,AMD,5,runtime,AMD,32T,32,AMD,32T,32,4.310296529968454e-05,4.310296529968454e-05,0.0,True,True,True,True,True,True
cpu_threads,STREAM,4000000,AMD,5,energy,AMD,16T,16,AMD,32T,32,0.0118531448216392,0.0117776749316508,0.6407876803051105,True,False,True,True,True,True
cpu_threads,STREAM,4000000,AMD,5,edp,AMD,32T,32,AMD,32T,32,5.076527138899089e-07,5.076527138899089e-07,0.0,True,True,True,True,True,True
cpu_threads,STREAM,4000000,INTEL,1,runtime,INTEL,16T,16,INTEL,8T,8,0.0013469576612903,0.001306448366013,3.1007191964980363,True,False,False,False,True,True
cpu_threads,STREAM,4000000,INTEL,1,energy,INTEL,2T,2,INTEL,4T,4,0.0962851338842975,0.094651739973262,1.7256882034043075,True,False,False,True,True,True
cpu_threads,STREAM,4000000,INTEL,1,edp,INTEL,4T,4,INTEL,4T,4,0.0001266418769083,0.0001266418769083,0.0,True,True,True,True,True,True
cpu_threads,STREAM,4000000,INTEL,2,runtime,INTEL,16T,16,INTEL,8T,8,0.0013479320323014,0.0013175978975032,2.3022300548355634,True,False,False,False,True,True
cpu_threads,STREAM,4000000,INTEL,2,energy,INTEL,2T,2,INTEL,2T,2,0.0978253338842975,0.0978253338842975,0.0,True,True,True,True,True,True
cpu_threads,STREAM,4000000,INTEL,2,edp,INTEL,4T,4,INTEL,4T,4,0.0001370416514052,0.0001370416514052,0.0,True,True,True,True,True,True
cpu_threads,STREAM,4000000,INTEL,3,runtime,INTEL,8T,8,INTEL,16T,16,0.00131494921875,0.0012869562982005,2.175125961047897,True,False,False,False,True,True
cpu_threads,STREAM,4000000,INTEL,3,energy,INTEL,2T,2,INTEL,2T,2,0.1039322826797385,0.1039322826797385,0.0,True,True,True,True,True,True
cpu_threads,STREAM,4000000,INTEL,3,edp,INTEL,4T,4,INTEL,4T,4,0.0001401442568125,0.0001401442568125,0.0,True,True,True,True,True,True
cpu_threads,STREAM,4000000,INTEL,4,runtime,INTEL,10T,10,INTEL,8T,8,0.00133691188251,0.0013064954545454,2.328092903712675,True,False,False,False,True,True
cpu_threads,STREAM,4000000,INTEL,4,energy,INTEL,2T,2,INTEL,2T,2,0.1029760496688741,0.1029760496688741,0.0,True,True,True,True,True,True
cpu_threads,STREAM,4000000,INTEL,4,edp,INTEL,4T,4,INTEL,4T,4,0.0001390163113622,0.0001390163113622,0.0,True,True,True,True,True,True
cpu_threads,STREAM,4000000,INTEL,5,runtime,INTEL,8T,8,INTEL,10T,10,0.0013218133245382,0.001231422509225,7.34035756501541,True,False,False,False,False,True
cpu_threads,STREAM,4000000,INTEL,5,energy,INTEL,2T,2,INTEL,2T,2,0.1015006599025974,0.1015006599025974,0.0,True,True,True,True,True,True
cpu_threads,STREAM,4000000,INTEL,5,edp,INTEL,4T,4,INTEL,4T,4,0.0001412416626217,0.0001412416626217,0.0,True,True,True,True,True,True
cpu_threads,STREAM,8000000,AMD,1,runtime,AMD,32T,32,AMD,32T,32,9.78706550474885e-05,9.78706550474885e-05,0.0,True,True,True,True,True,True
cpu_threads,STREAM,8000000,AMD,1,energy,AMD,32T,32,AMD,64T,64,0.0262394409086458,0.0222436827466534,17.963563891386514,True,False,False,False,False,False
cpu_threads,STREAM,8000000,AMD,1,edp,AMD,32T,32,AMD,64T,64,2.568071269809031e-06,2.2062832893722136e-06,16.398074634366754,True,False,False,False,False,False
cpu_threads,STREAM,8000000,AMD,2,runtime,AMD,32T,32,AMD,32T,32,8.491523300484382e-05,8.491523300484382e-05,0.0,True,True,True,True,True,True
cpu_threads,STREAM,8000000,AMD,2,energy,AMD,32T,32,AMD,32T,32,0.023155995866043,0.023155995866043,0.0,True,True,True,True,True,True
cpu_threads,STREAM,8000000,AMD,2,edp,AMD,32T,32,AMD,32T,32,1.966296784424242e-06,1.966296784424242e-06,0.0,True,True,True,True,True,True
cpu_threads,STREAM,8000000,AMD,3,runtime,AMD,32T,32,AMD,32T,32,8.388368542663805e-05,8.388368542663805e-05,0.0,True,True,True,True,True,True
cpu_threads,STREAM,8000000,AMD,3,energy,AMD,32T,32,AMD,32T,32,0.0240616173460967,0.0240616173460967,0.0,True,True,True,True,True,True
cpu_threads,STREAM,8000000,AMD,3,edp,AMD,32T,32,AMD,32T,32,2.018377140316113e-06,2.018377140316113e-06,0.0,True,True,True,True,True,True
cpu_threads,STREAM,8000000,AMD,4,runtime,AMD,32T,32,AMD,32T,32,7.815402567094517e-05,7.815402567094517e-05,0.0,True,True,True,True,True,True
cpu_threads,STREAM,8000000,AMD,4,energy,AMD,32T,32,AMD,32T,32,0.0224100192532088,0.0224100192532088,0.0,True,True,True,True,True,True
cpu_threads,STREAM,8000000,AMD,4,edp,AMD,32T,32,AMD,32T,32,1.7514332200016565e-06,1.7514332200016565e-06,0.0,True,True,True,True,True,True
cpu_threads,STREAM,8000000,AMD,5,runtime,AMD,32T,32,AMD,32T,32,8.050767344355668e-05,8.050767344355668e-05,0.0,True,True,True,True,True,True
cpu_threads,STREAM,8000000,AMD,5,energy,AMD,32T,32,AMD,32T,32,0.0230674755557313,0.0230674755557313,0.0,True,True,True,True,True,True
cpu_threads,STREAM,8000000,AMD,5,edp,AMD,32T,32,AMD,32T,32,1.8571087892080417e-06,1.8571087892080417e-06,0.0,True,True,True,True,True,True
cpu_threads,STREAM,8000000,INTEL,1,runtime,INTEL,8T,8,INTEL,8T,8,0.0031114378881987,0.0031114378881987,0.0,True,True,True,True,True,True
cpu_threads,STREAM,8000000,INTEL,1,energy,INTEL,2T,2,INTEL,2T,2,0.2030252702702702,0.2030252702702702,0.0,True,True,True,True,True,True
cpu_threads,STREAM,8000000,INTEL,1,edp,INTEL,4T,4,INTEL,4T,4,0.0006923351346813,0.0006923351346813,0.0,True,True,True,True,True,True
cpu_threads,STREAM,8000000,INTEL,2,runtime,INTEL,8T,8,INTEL,4T,4,0.003153121835443,0.0031338915094339,0.6136244969301208,True,False,True,True,True,True
cpu_threads,STREAM,8000000,INTEL,2,energy,INTEL,2T,2,INTEL,2T,2,0.2300634258555133,0.2300634258555133,0.0,True,True,True,True,True,True
cpu_threads,STREAM,8000000,INTEL,2,edp,INTEL,4T,4,INTEL,4T,4,0.0007478136415157,0.0007478136415157,0.0,True,True,True,True,True,True
cpu_threads,STREAM,8000000,INTEL,3,runtime,INTEL,8T,8,INTEL,8T,8,0.0030976795665634,0.0030976795665634,0.0,True,True,True,True,True,True
cpu_threads,STREAM,8000000,INTEL,3,energy,INTEL,2T,2,INTEL,2T,2,0.2299276766917293,0.2299276766917293,0.0,True,True,True,True,True,True
cpu_threads,STREAM,8000000,INTEL,3,edp,INTEL,4T,4,INTEL,4T,4,0.0007754056492455,0.0007754056492455,0.0,True,True,True,True,True,True
cpu_threads,STREAM,8000000,INTEL,4,runtime,INTEL,8T,8,INTEL,8T,8,0.0031249561128526,0.0031249561128526,0.0,True,True,True,True,True,True
cpu_threads,STREAM,8000000,INTEL,4,energy,INTEL,2T,2,INTEL,2T,2,0.2361209671814672,0.2361209671814672,0.0,True,True,True,True,True,True
cpu_threads,STREAM,8000000,INTEL,4,edp,INTEL,4T,4,INTEL,4T,4,0.0007630202709502,0.0007630202709502,0.0,True,True,True,True,True,True
cpu_threads,STREAM,8000000,INTEL,5,runtime,INTEL,8T,8,INTEL,8T,8,0.0031378348909657,0.0031378348909657,0.0,True,True,True,True,True,True
cpu_threads,STREAM,8000000,INTEL,5,energy,INTEL,2T,2,INTEL,2T,2,0.2269078234200743,0.2269078234200743,0.0,True,True,True,True,True,True
cpu_threads,STREAM,8000000,INTEL,5,edp,INTEL,4T,4,INTEL,4T,4,0.0007672415614853,0.0007672415614853,0.0,True,True,True,True,True,True
cpu_threads,STREAM,16000000,AMD,1,runtime,AMD,10T,10,AMD,10T,10,0.0035359116607773,0.0035359116607773,0.0,True,True,True,True,True,True
cpu_threads,STREAM,16000000,AMD,1,energy,AMD,10T,10,AMD,10T,10,0.4171638286219081,0.4171638286219081,0.0,True,True,True,True,True,True
cpu_threads,STREAM,16000000,AMD,1,edp,AMD,10T,10,AMD,10T,10,0.0014750544460787,0.0014750544460787,0.0,True,True,True,True,True,True
cpu_threads,STREAM,16000000,AMD,2,runtime,AMD,10T,10,AMD,10T,10,0.0035483085106382,0.0035483085106382,0.0,True,True,True,True,True,True
cpu_threads,STREAM,16000000,AMD,2,energy,AMD,10T,10,AMD,10T,10,0.3708325975177304,0.3708325975177304,0.0,True,True,True,True,True,True
cpu_threads,STREAM,16000000,AMD,2,edp,AMD,10T,10,AMD,10T,10,0.0013158284617942,0.0013158284617942,0.0,True,True,True,True,True,True
cpu_threads,STREAM,16000000,AMD,3,runtime,AMD,10T,10,AMD,10T,10,0.0036046187050359,0.0036046187050359,0.0,True,True,True,True,True,True
cpu_threads,STREAM,16000000,AMD,3,energy,AMD,10T,10,AMD,10T,10,0.4195113273381294,0.4195113273381294,0.0,True,True,True,True,True,True
cpu_threads,STREAM,16000000,AMD,3,edp,AMD,10T,10,AMD,10T,10,0.0015121783774974,0.0015121783774974,0.0,True,True,True,True,True,True
cpu_threads,STREAM,16000000,AMD,4,runtime,AMD,10T,10,AMD,10T,10,0.0035119,0.0035119,0.0,True,True,True,True,True,True
cpu_threads,STREAM,16000000,AMD,4,energy,AMD,10T,10,AMD,10T,10,0.4183784543859649,0.4183784543859649,0.0,True,True,True,True,True,True
cpu_threads,STREAM,16000000,AMD,4,edp,AMD,10T,10,AMD,10T,10,0.001469303293958,0.001469303293958,0.0,True,True,True,True,True,True
cpu_threads,STREAM,16000000,AMD,5,runtime,AMD,10T,10,AMD,10T,10,0.0037123462962962,0.0037123462962962,0.0,True,True,True,True,True,True
cpu_threads,STREAM,16000000,AMD,5,energy,AMD,10T,10,AMD,10T,10,0.3915809166666666,0.3915809166666666,0.0,True,True,True,True,True,True
cpu_threads,STREAM,16000000,AMD,5,edp,AMD,10T,10,AMD,10T,10,0.0014536839656877,0.0014536839656877,0.0,True,True,True,True,True,True
cpu_threads,STREAM,16000000,INTEL,1,runtime,INTEL,4T,4,INTEL,8T,8,0.0068140136054421,0.0067184966442953,1.4217014044042742,True,False,False,True,True,True
cpu_threads,STREAM,16000000,INTEL,1,energy,INTEL,2T,2,INTEL,2T,2,0.429142208,0.429142208,0.0,True,True,True,True,True,True
cpu_threads,STREAM,16000000,INTEL,1,edp,INTEL,4T,4,INTEL,4T,4,0.0033165144075259,0.0033165144075259,0.0,True,True,True,True,True,True
cpu_threads,STREAM,16000000,INTEL,2,runtime,INTEL,4T,4,INTEL,4T,4,0.006743110738255,0.006743110738255,0.0,True,True,True,True,True,True
cpu_threads,STREAM,16000000,INTEL,2,energy,INTEL,2T,2,INTEL,2T,2,0.4794340396825396,0.4794340396825396,0.0,True,True,True,True,True,True
cpu_threads,STREAM,16000000,INTEL,2,edp,INTEL,4T,4,INTEL,4T,4,0.0035036510756309,0.0035036510756309,0.0,True,True,True,True,True,True
cpu_threads,STREAM,16000000,INTEL,3,runtime,INTEL,4T,4,INTEL,4T,4,0.0067023758389261,0.0067023758389261,0.0,True,True,True,True,True,True
cpu_threads,STREAM,16000000,INTEL,3,energy,INTEL,2T,2,INTEL,2T,2,0.4811020912698412,0.4811020912698412,0.0,True,True,True,True,True,True
cpu_threads,STREAM,16000000,INTEL,3,edp,INTEL,4T,4,INTEL,4T,4,0.003429599059385,0.003429599059385,0.0,True,True,True,True,True,True
cpu_threads,STREAM,16000000,INTEL,4,runtime,INTEL,4T,4,INTEL,4T,4,0.0067363724832214,0.0067363724832214,0.0,True,True,True,True,True,True
cpu_threads,STREAM,16000000,INTEL,4,energy,INTEL,2T,2,INTEL,2T,2,0.4896942235772358,0.4896942235772358,0.0,True,True,True,True,True,True
cpu_threads,STREAM,16000000,INTEL,4,edp,INTEL,4T,4,INTEL,4T,4,0.003461890471353,0.003461890471353,0.0,True,True,True,True,True,True
cpu_threads,STREAM,16000000,INTEL,5,runtime,INTEL,4T,4,INTEL,4T,4,0.0067128523489932,0.0067128523489932,0.0,True,True,True,True,True,True
cpu_threads,STREAM,16000000,INTEL,5,energy,INTEL,2T,2,INTEL,2T,2,0.4811854087301587,0.4811854087301587,0.0,True,True,True,True,True,True
cpu_threads,STREAM,16000000,INTEL,5,edp,INTEL,4T,4,INTEL,4T,4,0.0033785767851402,0.0033785767851402,0.0,True,True,True,True,True,True
cpu_threads,STREAM,32000000,AMD,1,runtime,AMD,4T,4,AMD,4T,4,0.0094600235849056,0.0094600235849056,0.0,True,True,True,True,True,True
cpu_threads,STREAM,32000000,AMD,1,energy,AMD,4T,4,AMD,4T,4,0.9153118773584904,0.9153118773584904,0.0,True,True,True,True,True,True
cpu_threads,STREAM,32000000,AMD,1,edp,AMD,4T,4,AMD,4T,4,0.0086588719473555,0.0086588719473555,0.0,True,True,True,True,True,True
cpu_threads,STREAM,32000000,AMD,2,runtime,AMD,4T,4,AMD,4T,4,0.0094632264150943,0.0094632264150943,0.0,True,True,True,True,True,True
cpu_threads,STREAM,32000000,AMD,2,energy,AMD,4T,4,AMD,2T,2,0.945934391509434,0.9328756875,1.399833245137927,True,False,False,True,True,True
cpu_threads,STREAM,32000000,AMD,2,edp,AMD,4T,4,AMD,4T,4,0.0089515913206782,0.0089515913206782,0.0,True,True,True,True,True,True
cpu_threads,STREAM,32000000,AMD,3,runtime,AMD,4T,4,AMD,4T,4,0.0095173537735849,0.0095173537735849,0.0,True,True,True,True,True,True
cpu_threads,STREAM,32000000,AMD,3,energy,AMD,4T,4,AMD,4T,4,0.9020428820754718,0.9020428820754718,0.0,True,True,True,True,True,True
cpu_threads,STREAM,32000000,AMD,3,edp,AMD,4T,4,AMD,4T,4,0.0085850612276563,0.0085850612276563,0.0,True,True,True,True,True,True
cpu_threads,STREAM,32000000,AMD,4,runtime,AMD,4T,4,AMD,4T,4,0.0094585754716981,0.0094585754716981,0.0,True,True,True,True,True,True
cpu_threads,STREAM,32000000,AMD,4,energy,AMD,4T,4,AMD,4T,4,0.8429721132075472,0.8429721132075472,0.0,True,True,True,True,True,True
cpu_threads,STREAM,32000000,AMD,4,edp,AMD,4T,4,AMD,4T,4,0.0079733153533104,0.0079733153533104,0.0,True,True,True,True,True,True
cpu_threads,STREAM,32000000,AMD,5,runtime,AMD,4T,4,AMD,4T,4,0.0094871650943396,0.0094871650943396,0.0,True,True,True,True,True,True
cpu_threads,STREAM,32000000,AMD,5,energy,AMD,4T,4,AMD,4T,4,0.9132863018867924,0.9132863018867924,0.0,True,True,True,True,True,True
cpu_threads,STREAM,32000000,AMD,5,edp,AMD,4T,4,AMD,4T,4,0.0086644979243988,0.0086644979243988,0.0,True,True,True,True,True,True
cpu_threads,STREAM,32000000,INTEL,1,runtime,INTEL,4T,4,INTEL,4T,4,0.0138260821917808,0.0138260821917808,0.0,True,True,True,True,True,True
cpu_threads,STREAM,32000000,INTEL,1,energy,INTEL,2T,2,INTEL,2T,2,0.914346137096774,0.914346137096774,0.0,True,True,True,True,True,True
cpu_threads,STREAM,32000000,INTEL,1,edp,INTEL,4T,4,INTEL,4T,4,0.0141492220702953,0.0141492220702953,0.0,True,True,True,True,True,True
cpu_threads,STREAM,32000000,INTEL,2,runtime,INTEL,4T,4,INTEL,8T,8,0.0139019791666666,0.0138601164383561,0.30203734937357396,True,False,True,True,True,True
cpu_threads,STREAM,32000000,INTEL,2,energy,INTEL,2T,2,INTEL,2T,2,0.957881314516129,0.957881314516129,0.0,True,True,True,True,True,True
cpu_threads,STREAM,32000000,INTEL,2,edp,INTEL,4T,4,INTEL,4T,4,0.0144909785096245,0.0144909785096245,0.0,True,True,True,True,True,True
cpu_threads,STREAM,32000000,INTEL,3,runtime,INTEL,4T,4,INTEL,4T,4,0.0137448219178082,0.0137448219178082,0.0,True,True,True,True,True,True
cpu_threads,STREAM,32000000,INTEL,3,energy,INTEL,2T,2,INTEL,2T,2,0.9793557983870969,0.9793557983870969,0.0,True,True,True,True,True,True
cpu_threads,STREAM,32000000,INTEL,3,edp,INTEL,4T,4,INTEL,4T,4,0.0143842699143249,0.0143842699143249,0.0,True,True,True,True,True,True
cpu_threads,STREAM,32000000,INTEL,4,runtime,INTEL,4T,4,INTEL,4T,4,0.013775602739726,0.013775602739726,0.0,True,True,True,True,True,True
cpu_threads,STREAM,32000000,INTEL,4,energy,INTEL,2T,2,INTEL,2T,2,0.9906388951612904,0.9906388951612904,0.0,True,True,True,True,True,True
cpu_threads,STREAM,32000000,INTEL,4,edp,INTEL,4T,4,INTEL,4T,4,0.014650534483603,0.014650534483603,0.0,True,True,True,True,True,True
cpu_threads,STREAM,32000000,INTEL,5,runtime,INTEL,4T,4,INTEL,4T,4,0.0138840273972602,0.0138840273972602,0.0,True,True,True,True,True,True
cpu_threads,STREAM,32000000,INTEL,5,energy,INTEL,2T,2,INTEL,2T,2,0.991620387096774,0.991620387096774,0.0,True,True,True,True,True,True
cpu_threads,STREAM,32000000,INTEL,5,edp,INTEL,4T,4,INTEL,4T,4,0.0146805239035842,0.0146805239035842,0.0,True,True,True,True,True,True
cpu_threads,STREAM,64000000,AMD,1,runtime,AMD,4T,4,AMD,4T,4,0.0186966944444444,0.0186966944444444,0.0,True,True,True,True,True,True
cpu_threads,STREAM,64000000,AMD,1,energy,AMD,4T,4,AMD,4T,4,1.689338361111111,1.689338361111111,0.0,True,True,True,True,True,True
cpu_threads,STREAM,64000000,AMD,1,edp,AMD,4T,4,AMD,4T,4,0.0315850431509729,0.0315850431509729,0.0,True,True,True,True,True,True
cpu_threads,STREAM,64000000,AMD,2,runtime,AMD,4T,4,AMD,4T,4,0.0187142777777777,0.0187142777777777,0.0,True,True,True,True,True,True
cpu_threads,STREAM,64000000,AMD,2,energy,AMD,4T,4,AMD,4T,4,1.6775143981481482,1.6775143981481482,0.0,True,True,True,True,True,True
cpu_threads,STREAM,64000000,AMD,2,edp,AMD,4T,4,AMD,4T,4,0.031393470423166,0.031393470423166,0.0,True,True,True,True,True,True
cpu_threads,STREAM,64000000,AMD,3,runtime,AMD,4T,4,AMD,4T,4,0.0187555462962962,0.0187555462962962,0.0,True,True,True,True,True,True
cpu_threads,STREAM,64000000,AMD,3,energy,AMD,4T,4,AMD,4T,4,1.6901122685185186,1.6901122685185186,0.0,True,True,True,True,True,True
cpu_threads,STREAM,64000000,AMD,3,edp,AMD,4T,4,AMD,4T,4,0.0316989788981372,0.0316989788981372,0.0,True,True,True,True,True,True
cpu_threads,STREAM,64000000,AMD,4,runtime,AMD,4T,4,AMD,4T,4,0.0188051666666666,0.0188051666666666,0.0,True,True,True,True,True,True
cpu_threads,STREAM,64000000,AMD,4,energy,AMD,4T,4,AMD,4T,4,1.7283507962962965,1.7283507962962965,0.0,True,True,True,True,True,True
cpu_threads,STREAM,64000000,AMD,4,edp,AMD,4T,4,AMD,4T,4,0.0325019247828177,0.0325019247828177,0.0,True,True,True,True,True,True
cpu_threads,STREAM,64000000,AMD,5,runtime,AMD,4T,4,AMD,4T,4,0.0187388425925925,0.0187388425925925,0.0,True,True,True,True,True,True
cpu_threads,STREAM,64000000,AMD,5,energy,AMD,4T,4,AMD,4T,4,1.714866398148148,1.714866398148148,0.0,True,True,True,True,True,True
cpu_threads,STREAM,64000000,AMD,5,edp,AMD,4T,4,AMD,4T,4,0.0321346115022242,0.0321346115022242,0.0,True,True,True,True,True,True
cpu_threads,STREAM,64000000,INTEL,1,runtime,INTEL,4T,4,INTEL,4T,4,0.0281593333333333,0.0281593333333333,0.0,True,True,True,True,True,True
cpu_threads,STREAM,64000000,INTEL,1,energy,INTEL,2T,2,INTEL,2T,2,1.7417065645161292,1.7417065645161292,0.0,True,True,True,True,True,True
cpu_threads,STREAM,64000000,INTEL,1,edp,INTEL,4T,4,INTEL,2T,2,0.0589121197560647,0.0574460334084427,2.552110669152907,True,False,False,False,True,True
cpu_threads,STREAM,64000000,INTEL,2,runtime,INTEL,4T,4,INTEL,4T,4,0.0280301388888888,0.0280301388888888,0.0,True,True,True,True,True,True
cpu_threads,STREAM,64000000,INTEL,2,energy,INTEL,2T,2,INTEL,2T,2,1.933271822580645,1.933271822580645,0.0,True,True,True,True,True,True
cpu_threads,STREAM,64000000,INTEL,2,edp,INTEL,4T,4,INTEL,4T,4,0.0601018742074342,0.0601018742074342,0.0,True,True,True,True,True,True
cpu_threads,STREAM,64000000,INTEL,3,runtime,INTEL,4T,4,INTEL,4T,4,0.0281220416666666,0.0281220416666666,0.0,True,True,True,True,True,True
cpu_threads,STREAM,64000000,INTEL,3,energy,INTEL,2T,2,INTEL,2T,2,1.9753091612903224,1.9753091612903224,0.0,True,True,True,True,True,True
cpu_threads,STREAM,64000000,INTEL,3,edp,INTEL,4T,4,INTEL,4T,4,0.060004610786821,0.060004610786821,0.0,True,True,True,True,True,True
cpu_threads,STREAM,64000000,INTEL,4,runtime,INTEL,4T,4,INTEL,4T,4,0.0280764305555555,0.0280764305555555,0.0,True,True,True,True,True,True
cpu_threads,STREAM,64000000,INTEL,4,energy,INTEL,2T,2,INTEL,2T,2,1.9997773225806448,1.9997773225806448,0.0,True,True,True,True,True,True
cpu_threads,STREAM,64000000,INTEL,4,edp,INTEL,4T,4,INTEL,4T,4,0.0606935429000311,0.0606935429000311,0.0,True,True,True,True,True,True
cpu_threads,STREAM,64000000,INTEL,5,runtime,INTEL,4T,4,INTEL,4T,4,0.0280920833333333,0.0280920833333333,0.0,True,True,True,True,True,True
cpu_threads,STREAM,64000000,INTEL,5,energy,INTEL,2T,2,INTEL,2T,2,2.008743564516129,2.008743564516129,0.0,True,True,True,True,True,True
cpu_threads,STREAM,64000000,INTEL,5,edp,INTEL,4T,4,INTEL,4T,4,0.0600688546593402,0.0600688546593402,0.0,True,True,True,True,True,True
cpu_threads,STREAM,128000000,AMD,1,runtime,AMD,4T,4,AMD,4T,4,0.0370681296296296,0.0370681296296296,0.0,True,True,True,True,True,True
cpu_threads,STREAM,128000000,AMD,1,energy,AMD,4T,4,AMD,4T,4,3.3898698703703705,3.3898698703703705,0.0,True,True,True,True,True,True
cpu_threads,STREAM,128000000,AMD,1,edp,AMD,4T,4,AMD,4T,4,0.1256561357824645,0.1256561357824645,0.0,True,True,True,True,True,True
cpu_threads,STREAM,128000000,AMD,2,runtime,AMD,4T,4,AMD,4T,4,0.0370618148148148,0.0370618148148148,0.0,True,True,True,True,True,True
cpu_threads,STREAM,128000000,AMD,2,energy,AMD,4T,4,AMD,4T,4,3.449959537037037,3.449959537037037,0.0,True,True,True,True,True,True
cpu_threads,STREAM,128000000,AMD,2,edp,AMD,4T,4,AMD,4T,4,0.1278617614802708,0.1278617614802708,0.0,True,True,True,True,True,True
cpu_threads,STREAM,128000000,AMD,3,runtime,AMD,4T,4,AMD,4T,4,0.0372514814814814,0.0372514814814814,0.0,True,True,True,True,True,True
cpu_threads,STREAM,128000000,AMD,3,energy,AMD,4T,4,AMD,4T,4,3.4444598703703706,3.4444598703703706,0.0,True,True,True,True,True,True
cpu_threads,STREAM,128000000,AMD,3,edp,AMD,4T,4,AMD,4T,4,0.1283112330748076,0.1283112330748076,0.0,True,True,True,True,True,True
cpu_threads,STREAM,128000000,AMD,4,runtime,AMD,4T,4,AMD,4T,4,0.0370335178571428,0.0370335178571428,0.0,True,True,True,True,True,True
cpu_threads,STREAM,128000000,AMD,4,energy,AMD,4T,4,AMD,4T,4,3.4010507142857147,3.4010507142857147,0.0,True,True,True,True,True,True
cpu_threads,STREAM,128000000,AMD,4,edp,AMD,4T,4,AMD,4T,4,0.1259528723605483,0.1259528723605483,0.0,True,True,True,True,True,True
cpu_threads,STREAM,128000000,AMD,5,runtime,AMD,4T,4,AMD,4T,4,0.0371722222222222,0.0371722222222222,0.0,True,True,True,True,True,True
cpu_threads,STREAM,128000000,AMD,5,energy,AMD,4T,4,AMD,4T,4,3.3496492222222223,3.3496492222222223,0.0,True,True,True,True,True,True
cpu_threads,STREAM,128000000,AMD,5,edp,AMD,4T,4,AMD,4T,4,0.1245139052549381,0.1245139052549381,0.0,True,True,True,True,True,True
cpu_threads,STREAM,128000000,INTEL,1,runtime,INTEL,4T,4,INTEL,4T,4,0.056623,0.056623,0.0,True,True,True,True,True,True
cpu_threads,STREAM,128000000,INTEL,1,energy,INTEL,2T,2,INTEL,2T,2,3.88305621875,3.88305621875,0.0,True,True,True,True,True,True
cpu_threads,STREAM,128000000,INTEL,1,edp,INTEL,4T,4,INTEL,4T,4,0.2275400240969722,0.2275400240969722,0.0,True,True,True,True,True,True
cpu_threads,STREAM,128000000,INTEL,2,runtime,INTEL,4T,4,INTEL,4T,4,0.0567057222222222,0.0567057222222222,0.0,True,True,True,True,True,True
cpu_threads,STREAM,128000000,INTEL,2,energy,INTEL,2T,2,INTEL,2T,2,3.96762975,3.96762975,0.0,True,True,True,True,True,True
cpu_threads,STREAM,128000000,INTEL,2,edp,INTEL,4T,4,INTEL,4T,4,0.2454552645476203,0.2454552645476203,0.0,True,True,True,True,True,True
cpu_threads,STREAM,128000000,INTEL,3,runtime,INTEL,4T,4,INTEL,4T,4,0.0566616111111111,0.0566616111111111,0.0,True,True,True,True,True,True
cpu_threads,STREAM,128000000,INTEL,3,energy,INTEL,2T,2,INTEL,2T,2,3.98362475,3.98362475,0.0,True,True,True,True,True,True
cpu_threads,STREAM,128000000,INTEL,3,edp,INTEL,4T,4,INTEL,4T,4,0.2464663864073209,0.2464663864073209,0.0,True,True,True,True,True,True
cpu_threads,STREAM,128000000,INTEL,4,runtime,INTEL,4T,4,INTEL,4T,4,0.0566531388888889,0.0566531388888889,0.0,True,True,True,True,True,True
cpu_threads,STREAM,128000000,INTEL,4,energy,INTEL,2T,2,INTEL,2T,2,3.98619584375,3.98619584375,0.0,True,True,True,True,True,True
cpu_threads,STREAM,128000000,INTEL,4,edp,INTEL,4T,4,INTEL,4T,4,0.245704735751233,0.245704735751233,0.0,True,True,True,True,True,True
cpu_threads,STREAM,128000000,INTEL,5,runtime,INTEL,4T,4,INTEL,4T,4,0.0568896388888888,0.0568896388888888,0.0,True,True,True,True,True,True
cpu_threads,STREAM,128000000,INTEL,5,energy,INTEL,2T,2,INTEL,2T,2,3.99469309375,3.99469309375,0.0,True,True,True,True,True,True
cpu_threads,STREAM,128000000,INTEL,5,edp,INTEL,4T,4,INTEL,4T,4,0.2459084776678152,0.2459084776678152,0.0,True,True,True,True,True,True
cpu_threads,STREAM,256000000,AMD,1,runtime,AMD,4T,4,AMD,4T,4,0.0734626785714285,0.0734626785714285,0.0,True,True,True,True,True,True
cpu_threads,STREAM,256000000,AMD,1,energy,AMD,4T,4,AMD,4T,4,6.900678964285714,6.900678964285714,0.0,True,True,True,True,True,True
cpu_threads,STREAM,256000000,AMD,1,edp,AMD,4T,4,AMD,4T,4,0.5069423606779395,0.5069423606779395,0.0,True,True,True,True,True,True
cpu_threads,STREAM,256000000,AMD,2,runtime,AMD,4T,4,AMD,4T,4,0.0734132142857142,0.0734132142857142,0.0,True,True,True,True,True,True
cpu_threads,STREAM,256000000,AMD,2,energy,AMD,4T,4,AMD,4T,4,6.7506132857142855,6.7506132857142855,0.0,True,True,True,True,True,True
cpu_threads,STREAM,256000000,AMD,2,edp,AMD,4T,4,AMD,4T,4,0.4955842197041321,0.4955842197041321,0.0,True,True,True,True,True,True
cpu_threads,STREAM,256000000,AMD,3,runtime,AMD,4T,4,AMD,4T,4,0.0734426428571428,0.0734426428571428,0.0,True,True,True,True,True,True
cpu_threads,STREAM,256000000,AMD,3,energy,AMD,4T,4,AMD,4T,4,6.802282857142857,6.802282857142857,0.0,True,True,True,True,True,True
cpu_threads,STREAM,256000000,AMD,3,edp,AMD,4T,4,AMD,4T,4,0.4995776304904078,0.4995776304904078,0.0,True,True,True,True,True,True
cpu_threads,STREAM,256000000,AMD,4,runtime,AMD,4T,4,AMD,4T,4,0.0734019642857143,0.0734019642857143,0.0,True,True,True,True,True,True
cpu_threads,STREAM,256000000,AMD,4,energy,AMD,4T,4,AMD,4T,4,6.815670107142857,6.815670107142857,0.0,True,True,True,True,True,True
cpu_threads,STREAM,256000000,AMD,4,edp,AMD,4T,4,AMD,4T,4,0.5002835737877106,0.5002835737877106,0.0,True,True,True,True,True,True
cpu_threads,STREAM,256000000,AMD,5,runtime,AMD,4T,4,AMD,4T,4,0.0733902857142857,0.0733902857142857,0.0,True,True,True,True,True,True
cpu_threads,STREAM,256000000,AMD,5,energy,AMD,4T,4,AMD,4T,4,6.899713357142857,6.899713357142857,0.0,True,True,True,True,True,True
cpu_threads,STREAM,256000000,AMD,5,edp,AMD,4T,4,AMD,4T,4,0.5063719346273876,0.5063719346273876,0.0,True,True,True,True,True,True
cpu_threads,STREAM,256000000,INTEL,1,runtime,INTEL,8T,8,INTEL,8T,8,0.1159213888888889,0.1159213888888889,0.0,True,True,True,True,True,True
cpu_threads,STREAM,256000000,INTEL,1,energy,INTEL,2T,2,INTEL,4T,4,7.8770550625,7.821570833333332,0.7093745022446196,True,False,True,True,True,True
cpu_threads,STREAM,256000000,INTEL,1,edp,INTEL,4T,4,INTEL,4T,4,0.917870462457638,0.917870462457638,0.0,True,True,True,True,True,True
cpu_threads,STREAM,256000000,INTEL,2,runtime,INTEL,8T,8,INTEL,8T,8,0.11609,0.11609,0.0,True,True,True,True,True,True
cpu_threads,STREAM,256000000,INTEL,2,energy,INTEL,2T,2,INTEL,2T,2,8.0917723125,8.0917723125,0.0,True,True,True,True,True,True
cpu_threads,STREAM,256000000,INTEL,2,edp,INTEL,4T,4,INTEL,4T,4,1.0120461944695558,1.0120461944695558,0.0,True,True,True,True,True,True
cpu_threads,STREAM,256000000,INTEL,3,runtime,INTEL,8T,8,INTEL,8T,8,0.1159725,0.1159725,0.0,True,True,True,True,True,True
cpu_threads,STREAM,256000000,INTEL,3,energy,INTEL,2T,2,INTEL,2T,2,7.96736775,7.96736775,0.0,True,True,True,True,True,True
cpu_threads,STREAM,256000000,INTEL,3,edp,INTEL,4T,4,INTEL,4T,4,1.0275266766398574,1.0275266766398574,0.0,True,True,True,True,True,True
cpu_threads,STREAM,256000000,INTEL,4,runtime,INTEL,8T,8,INTEL,10T,10,0.1164095555555555,0.1162913888888889,0.10161256804621654,True,False,True,True,True,True
cpu_threads,STREAM,256000000,INTEL,4,energy,INTEL,2T,2,INTEL,2T,2,8.125505625,8.125505625,0.0,True,True,True,True,True,True
cpu_threads,STREAM,256000000,INTEL,4,edp,INTEL,4T,4,INTEL,4T,4,1.0653989242056012,1.0653989242056012,0.0,True,True,True,True,True,True
cpu_threads,STREAM,256000000,INTEL,5,runtime,INTEL,8T,8,INTEL,8T,8,0.115885,0.115885,0.0,True,True,True,True,True,True
cpu_threads,STREAM,256000000,INTEL,5,energy,INTEL,2T,2,INTEL,2T,2,8.1295683125,8.1295683125,0.0,True,True,True,True,True,True
cpu_threads,STREAM,256000000,INTEL,5,edp,INTEL,4T,4,INTEL,4T,4,1.041252936144666,1.041252936144666,0.0,True,True,True,True,True,True
cpu_threads,STRIDED_GEMM,64,AMD,1,runtime,AMD,20T,20,AMD,8T,8,6.169123001913226e-06,6.138008702643321e-06,0.5069119445286319,True,False,True,True,True,True
cpu_threads,STRIDED_GEMM,64,AMD,1,energy,AMD,2T,2,AMD,8T,8,0.0004531043851108,0.0004388980722847,3.2368136757011667,True,False,False,False,True,True
cpu_threads,STRIDED_GEMM,64,AMD,1,edp,AMD,2T,2,AMD,8T,8,2.812582914685021e-09,2.693620855628583e-09,4.416436663974266,True,False,False,False,True,True
cpu_threads,STRIDED_GEMM,64,AMD,2,runtime,AMD,20T,20,AMD,8T,8,6.153352120666477e-06,6.13427514130188e-06,0.3109899527680593,True,False,True,True,True,True
cpu_threads,STRIDED_GEMM,64,AMD,2,energy,AMD,20T,20,AMD,2T,2,0.0004427538201595,0.0004377230024346,1.1493153654066113,True,False,False,True,True,True
cpu_threads,STRIDED_GEMM,64,AMD,2,edp,AMD,20T,20,AMD,2T,2,2.725024544212514e-09,2.686171230696177e-09,1.4464198362465375,True,False,False,True,True,True
cpu_threads,STRIDED_GEMM,64,AMD,3,runtime,AMD,8T,8,AMD,1T,1,6.187864285581274e-06,6.134217945574896e-06,0.8745424515781641,True,False,True,True,True,True
cpu_threads,STRIDED_GEMM,64,AMD,3,energy,AMD,8T,8,AMD,4T,4,0.0004488895768545,0.0004378628763259,2.5182999347021173,True,False,False,False,True,True
cpu_threads,STRIDED_GEMM,64,AMD,3,edp,AMD,8T,8,AMD,4T,4,2.7776677860560594e-09,2.6855433118146542e-09,3.430384974098799,True,False,False,False,True,True
cpu_threads,STRIDED_GEMM,64,AMD,4,runtime,AMD,8T,8,AMD,20T,20,6.121002484487254e-06,6.11990709288875e-06,0.017898827251427996,True,False,True,True,True,True
cpu_threads,STRIDED_GEMM,64,AMD,4,energy,AMD,32T,32,AMD,2T,2,0.000442968874983,0.000438039192399,1.12539760586301,True,False,False,True,True,True
cpu_threads,STRIDED_GEMM,64,AMD,4,edp,AMD,8T,8,AMD,2T,2,2.685904578434268e-09,2.681853818067638e-09,0.15104329472919176,True,False,True,True,True,True
cpu_threads,STRIDED_GEMM,64,AMD,5,runtime,AMD,8T,8,AMD,32T,32,6.156317141884152e-06,6.131844738927696e-06,0.3991034345846023,True,False,True,True,True,True
cpu_threads,STRIDED_GEMM,64,AMD,5,energy,AMD,8T,8,AMD,32T,32,0.000443742992477,0.0004400278643001,0.8442938455293536,True,False,True,True,True,True
cpu_threads,STRIDED_GEMM,64,AMD,5,edp,AMD,8T,8,AMD,32T,32,2.731822395519468e-09,2.69820956339599e-09,1.2457457930425742,True,False,False,True,True,True
cpu_threads,STRIDED_GEMM,64,INTEL,1,runtime,INTEL,2T,2,INTEL,16T,16,2.481484534640308e-06,2.452508285720594e-06,1.1814944352451118,True,False,False,True,True,True
cpu_threads,STRIDED_GEMM,64,INTEL,1,energy,INTEL,16T,16,INTEL,16T,16,0.0001315633664435,0.0001315633664435,0.0,True,True,True,True,True,True
cpu_threads,STRIDED_GEMM,64,INTEL,1,edp,INTEL,2T,2,INTEL,16T,16,3.62317962091293e-10,3.229599081398164e-10,12.186668672954193,True,False,False,False,False,False
cpu_threads,STRIDED_GEMM,64,INTEL,2,runtime,INTEL,2T,2,INTEL,1T,1,2.7050325957475647e-06,2.4669402442480933e-06,9.6513222018493,True,False,False,False,False,True
cpu_threads,STRIDED_GEMM,64,INTEL,2,energy,INTEL,16T,16,INTEL,1T,1,0.0001866692755797,0.0001394822039015,33.83017356932696,True,False,False,False,False,False
cpu_threads,STRIDED_GEMM,64,INTEL,2,edp,INTEL,16T,16,INTEL,1T,1,5.04510621728678e-10,3.4392969758874967e-10,46.69004312966929,True,False,False,False,False,False
cpu_threads,STRIDED_GEMM,64,INTEL,3,runtime,INTEL,16T,16,INTEL,8T,8,2.8508282456004385e-06,2.4257562737587207e-06,17.523276202149816,True,False,False,False,False,False
cpu_threads,STRIDED_GEMM,64,INTEL,3,energy,INTEL,16T,16,INTEL,2T,2,0.0001687389038626,0.0001372991687632,22.898707532326124,True,False,False,False,False,False
cpu_threads,STRIDED_GEMM,64,INTEL,3,edp,INTEL,16T,16,INTEL,2T,2,4.810457374547167e-10,3.3879299646408076e-10,41.98809965828729,True,False,False,False,False,False
cpu_threads,STRIDED_GEMM,64,INTEL,4,runtime,INTEL,1T,1,INTEL,2T,2,2.74079269376427e-06,2.4527152230457822e-06,11.745247389982483,True,False,False,False,False,False
cpu_threads,STRIDED_GEMM,64,INTEL,4,energy,INTEL,16T,16,INTEL,2T,2,0.000129541006929,0.0001285187036747,0.7954509538842025,True,False,True,True,True,True
cpu_threads,STRIDED_GEMM,64,INTEL,4,edp,INTEL,1T,1,INTEL,2T,2,5.108571393249934e-10,3.153731736280013e-10,61.98496956737842,True,False,False,False,False,False
cpu_threads,STRIDED_GEMM,64,INTEL,5,runtime,INTEL,2T,2,INTEL,16T,16,2.7358931181728178e-06,2.476036837876259e-06,10.494847100879245,True,False,False,False,False,False
cpu_threads,STRIDED_GEMM,64,INTEL,5,energy,INTEL,2T,2,INTEL,16T,16,0.0001664072394529,0.0001297599802212,28.24234341684391,True,False,False,False,False,False
cpu_threads,STRIDED_GEMM,64,INTEL,5,edp,INTEL,2T,2,INTEL,16T,16,4.5618336928508645e-10,3.21307001041385e-10,41.97741344152319,True,False,False,False,False,False
cpu_threads,STRIDED_GEMM,128,AMD,1,runtime,AMD,4T,4,AMD,4T,4,1.3406942609716718e-05,1.3406942609716718e-05,0.0,True,True,True,True,True,True
cpu_threads,STRIDED_GEMM,128,AMD,1,energy,AMD,4T,4,AMD,4T,4,0.0015256776350026,0.0015256776350026,0.0,True,True,True,True,True,True
cpu_threads,STRIDED_GEMM,128,AMD,1,edp,AMD,4T,4,AMD,4T,4,2.0454009134503173e-08,2.0454009134503173e-08,0.0,True,True,True,True,True,True
cpu_threads,STRIDED_GEMM,128,AMD,2,runtime,AMD,4T,4,AMD,4T,4,1.3358346501653231e-05,1.3358346501653231e-05,0.0,True,True,True,True,True,True
cpu_threads,STRIDED_GEMM,128,AMD,2,energy,AMD,4T,4,AMD,4T,4,0.0015128181311166,0.0015128181311166,0.0,True,True,True,True,True,True
cpu_threads,STRIDED_GEMM,128,AMD,2,edp,AMD,4T,4,AMD,4T,4,2.0210748729947094e-08,2.0210748729947094e-08,0.0,True,True,True,True,True,True
cpu_threads,STRIDED_GEMM,128,AMD,3,runtime,AMD,4T,4,AMD,4T,4,1.3384121053119742e-05,1.3384121053119742e-05,0.0,True,True,True,True,True,True
cpu_threads,STRIDED_GEMM,128,AMD,3,energy,AMD,4T,4,AMD,4T,4,0.0015232270739754,0.0015232270739754,0.0,True,True,True,True,True,True
cpu_threads,STRIDED_GEMM,128,AMD,3,edp,AMD,4T,4,AMD,4T,4,2.0387055385465706e-08,2.0387055385465706e-08,0.0,True,True,True,True,True,True
cpu_threads,STRIDED_GEMM,128,AMD,4,runtime,AMD,4T,4,AMD,64T,64,1.331136998821145e-05,1.1119057169279452e-05,19.71671505556316,True,False,False,False,False,False
cpu_threads,STRIDED_GEMM,128,AMD,4,energy,AMD,4T,4,AMD,64T,64,0.0015195568035815,0.0015095120332921,0.6654316141815331,True,False,True,True,True,True
cpu_threads,STRIDED_GEMM,128,AMD,4,edp,AMD,4T,4,AMD,64T,64,2.0253929201305706e-08,1.6779930373519328e-08,20.70329703673115,True,False,False,False,False,False
cpu_threads,STRIDED_GEMM,128,AMD,5,runtime,AMD,4T,4,AMD,16T,16,1.3249158205720332e-05,1.0790625605268256e-05,22.783967217357247,True,False,False,False,False,False
cpu_threads,STRIDED_GEMM,128,AMD,5,energy,AMD,4T,4,AMD,16T,16,0.0015010768387238,0.0014729700755374,1.9081693276182587,True,False,False,True,True,True
cpu_threads,STRIDED_GEMM,128,AMD,5,edp,AMD,4T,4,AMD,16T,16,1.9889798747875138e-08,1.5891561051513758e-08,25.159502476822592,True,False,False,False,False,False
cpu_threads,STRIDED_GEMM,128,INTEL,1,runtime,INTEL,8T,8,INTEL,20T,20,1.2190165032580233e-05,1.2068080490189064e-05,1.0116318207391783,True,False,False,True,True,True
cpu_threads,STRIDED_GEMM,128,INTEL,1,energy,INTEL,4T,4,INTEL,4T,4,0.0011816319297914,0.0011816319297914,0.0,True,True,True,True,True,True
cpu_threads,STRIDED_GEMM,128,INTEL,1,edp,INTEL,4T,4,INTEL,4T,4,1.4631661135124886e-08,1.4631661135124886e-08,0.0,True,True,True,True,True,True
cpu_threads,STRIDED_GEMM,128,INTEL,2,runtime,INTEL,8T,8,INTEL,20T,20,1.16366805162762e-05,1.158979798439384e-05,0.4045155225784747,True,False,True,True,True,True
cpu_threads,STRIDED_GEMM,128,INTEL,2,energy,INTEL,4T,4,INTEL,4T,4,0.0010081713567049,0.0010081713567049,0.0,True,True,True,True,True,True
cpu_threads,STRIDED_GEMM,128,INTEL,2,edp,INTEL,4T,4,INTEL,4T,4,1.220772235095237e-08,1.220772235095237e-08,0.0,True,True,True,True,True,True
cpu_threads,STRIDED_GEMM,128,INTEL,3,runtime,INTEL,8T,8,INTEL,10T,10,1.2812457479779272e-05,1.1771850715863442e-05,8.839788993531283,True,False,False,False,False,True
cpu_threads,STRIDED_GEMM,128,INTEL,3,energy,INTEL,4T,4,INTEL,4T,4,0.0012321603884245,0.0012321603884245,0.0,True,True,True,True,True,True
cpu_threads,STRIDED_GEMM,128,INTEL,3,edp,INTEL,4T,4,INTEL,10T,10,1.6421686010572294e-08,1.6261751582529076e-08,0.9835006224977905,True,False,True,True,True,True
cpu_threads,STRIDED_GEMM,128,INTEL,4,runtime,INTEL,8T,8,INTEL,8T,8,1.107857260499588e-05,1.107857260499588e-05,0.0,True,True,True,True,True,True
cpu_threads,STRIDED_GEMM,128,INTEL,4,energy,INTEL,4T,4,INTEL,4T,4,0.0012312890983908,0.0012312890983908,0.0,True,True,True,True,True,True
cpu_threads,STRIDED_GEMM,128,INTEL,4,edp,INTEL,4T,4,INTEL,4T,4,1.5754143096398298e-08,1.5754143096398298e-08,0.0,True,True,True,True,True,True
cpu_threads,STRIDED_GEMM,128,INTEL,5,runtime,INTEL,8T,8,INTEL,8T,8,1.178946383237596e-05,1.178946383237596e-05,0.0,True,True,True,True,True,True
cpu_threads,STRIDED_GEMM,128,INTEL,5,energy,INTEL,4T,4,INTEL,4T,4,0.0011256207165291,0.0011256207165291,0.0,True,True,True,True,True,True
cpu_threads,STRIDED_GEMM,128,INTEL,5,edp,INTEL,4T,4,INTEL,4T,4,1.3620519170564482e-08,1.3620519170564482e-08,0.0,True,True,True,True,True,True
cpu_threads,STRIDED_GEMM,256,AMD,1,runtime,AMD,16T,16,AMD,16T,16,6.52472982592377e-05,6.52472982592377e-05,0.0,True,True,True,True,True,True
cpu_threads,STRIDED_GEMM,256,AMD,1,energy,AMD,4T,4,AMD,4T,4,0.0105701415626083,0.0105701415626083,0.0,True,True,True,True,True,True
cpu_threads,STRIDED_GEMM,256,AMD,1,edp,AMD,16T,16,AMD,16T,16,7.610485859590864e-07,7.610485859590864e-07,0.0,True,True,True,True,True,True
cpu_threads,STRIDED_GEMM,256,AMD,2,runtime,AMD,16T,16,AMD,16T,16,6.875187329700273e-05,6.875187329700273e-05,0.0,True,True,True,True,True,True
cpu_threads,STRIDED_GEMM,256,AMD,2,energy,AMD,4T,4,AMD,4T,4,0.0104298685214075,0.0104298685214075,0.0,True,True,True,True,True,True
cpu_threads,STRIDED_GEMM,256,AMD,2,edp,AMD,16T,16,AMD,16T,16,8.318323509434511e-07,8.318323509434511e-07,0.0,True,True,True,True,True,True
cpu_threads,STRIDED_GEMM,256,AMD,3,runtime,AMD,16T,16,AMD,16T,16,6.577063919149494e-05,6.577063919149494e-05,0.0,True,True,True,True,True,True
cpu_threads,STRIDED_GEMM,256,AMD,3,energy,AMD,4T,4,AMD,4T,4,0.0104694173083654,0.0104694173083654,0.0,True,True,True,True,True,True
cpu_threads,STRIDED_GEMM,256,AMD,3,edp,AMD,16T,16,AMD,16T,16,7.669382439931066e-07,7.669382439931066e-07,0.0,True,True,True,True,True,True
cpu_threads,STRIDED_GEMM,256,AMD,4,runtime,AMD,16T,16,AMD,8T,8,6.542946749428291e-05,4.952768414791316e-05,32.106858255030616,True,False,False,False,False,False
cpu_threads,STRIDED_GEMM,256,AMD,4,energy,AMD,4T,4,AMD,8T,8,0.010384113554061,0.0082560804252998,25.775343978482713,True,False,False,False,False,False
cpu_threads,STRIDED_GEMM,256,AMD,4,edp,AMD,16T,16,AMD,8T,8,7.718843541403335e-07,4.088850847763154e-07,88.77782117256746,True,False,False,False,False,False
cpu_threads,STRIDED_GEMM,256,AMD,5,runtime,AMD,16T,16,AMD,16T,16,7.280384255594732e-05,7.280384255594732e-05,0.0,True,True,True,True,True,True
cpu_threads,STRIDED_GEMM,256,AMD,5,energy,AMD,4T,4,AMD,4T,4,0.0103382299421366,0.0103382299421366,0.0,True,True,True,True,True,True
cpu_threads,STRIDED_GEMM,256,AMD,5,edp,AMD,16T,16,AMD,4T,4,9.148003168833507e-07,8.953267011871592e-07,2.1750290335774025,True,False,False,False,True,True
cpu_threads,STRIDED_GEMM,256,INTEL,1,runtime,INTEL,8T,8,INTEL,8T,8,3.926455906821964e-05,3.926455906821964e-05,0.0,True,True,True,True,True,True
cpu_threads,STRIDED_GEMM,256,INTEL,1,energy,INTEL,8T,8,INTEL,8T,8,0.005699931683628,0.005699931683628,0.0,True,True,True,True,True,True
cpu_threads,STRIDED_GEMM,256,INTEL,1,edp,INTEL,8T,8,INTEL,8T,8,2.237744887394773e-07,2.237744887394773e-07,0.0,True,True,True,True,True,True
cpu_threads,STRIDED_GEMM,256,INTEL,2,runtime,INTEL,8T,8,INTEL,8T,8,4.100628775736654e-05,4.100628775736654e-05,0.0,True,True,True,True,True,True
cpu_threads,STRIDED_GEMM,256,INTEL,2,energy,INTEL,8T,8,INTEL,8T,8,0.0055048764229646,0.0055048764229646,0.0,True,True,True,True,True,True
cpu_threads,STRIDED_GEMM,256,INTEL,2,edp,INTEL,8T,8,INTEL,8T,8,2.257989095640775e-07,2.257989095640775e-07,0.0,True,True,True,True,True,True
cpu_threads,STRIDED_GEMM,256,INTEL,3,runtime,INTEL,8T,8,INTEL,8T,8,3.7860488607879085e-05,3.7860488607879085e-05,0.0,True,True,True,True,True,True
cpu_threads,STRIDED_GEMM,256,INTEL,3,energy,INTEL,8T,8,INTEL,8T,8,0.0052166668599648,0.0052166668599648,0.0,True,True,True,True,True,True
cpu_threads,STRIDED_GEMM,256,INTEL,3,edp,INTEL,8T,8,INTEL,8T,8,1.9750631591859585e-07,1.9750631591859585e-07,0.0,True,True,True,True,True,True
cpu_threads,STRIDED_GEMM,256,INTEL,4,runtime,INTEL,8T,8,INTEL,8T,8,3.947231251451126e-05,3.947231251451126e-05,0.0,True,True,True,True,True,True
cpu_threads,STRIDED_GEMM,256,INTEL,4,energy,INTEL,8T,8,INTEL,8T,8,0.0055139437543533,0.0055139437543533,0.0,True,True,True,True,True,True
cpu_threads,STRIDED_GEMM,256,INTEL,4,edp,INTEL,8T,8,INTEL,8T,8,2.177878856343998e-07,2.177878856343998e-07,0.0,True,True,True,True,True,True
cpu_threads,STRIDED_GEMM,256,INTEL,5,runtime,INTEL,8T,8,INTEL,8T,8,3.904781522121129e-05,3.904781522121129e-05,0.0,True,True,True,True,True,True
cpu_threads,STRIDED_GEMM,256,INTEL,5,energy,INTEL,8T,8,INTEL,8T,8,0.0055854210824319,0.0055854210824319,0.0,True,True,True,True,True,True
cpu_threads,STRIDED_GEMM,256,INTEL,5,edp,INTEL,8T,8,INTEL,8T,8,2.1774408614862325e-07,2.1774408614862325e-07,0.0,True,True,True,True,True,True
cpu_threads,STRIDED_GEMM,512,AMD,1,runtime,AMD,16T,16,AMD,16T,16,0.0002918957489878,0.0002918957489878,0.0,True,True,True,True,True,True
cpu_threads,STRIDED_GEMM,512,AMD,1,energy,AMD,16T,16,AMD,16T,16,0.0636516237709658,0.0636516237709658,0.0,True,True,True,True,True,True
cpu_threads,STRIDED_GEMM,512,AMD,1,edp,AMD,16T,16,AMD,16T,16,1.857615111089364e-05,1.857615111089364e-05,0.0,True,True,True,True,True,True
cpu_threads,STRIDED_GEMM,512,AMD,2,runtime,AMD,16T,16,AMD,16T,16,0.0003210643998746,0.0003210643998746,0.0,True,True,True,True,True,True
cpu_threads,STRIDED_GEMM,512,AMD,2,energy,AMD,16T,16,AMD,16T,16,0.0675389177373864,0.0675389177373864,0.0,True,True,True,True,True,True
cpu_threads,STRIDED_GEMM,512,AMD,2,edp,AMD,16T,16,AMD,16T,16,2.168275909047525e-05,2.168275909047525e-05,0.0,True,True,True,True,True,True
cpu_threads,STRIDED_GEMM,512,AMD,3,runtime,AMD,16T,16,AMD,32T,32,0.000330853602115,0.0003233810522918,2.3107568517827692,True,False,False,False,True,True
cpu_threads,STRIDED_GEMM,512,AMD,3,energy,AMD,16T,16,AMD,16T,16,0.0683055305684071,0.0683055305684071,0.0,True,True,True,True,True,True
cpu_threads,STRIDED_GEMM,512,AMD,3,edp,AMD,16T,16,AMD,16T,16,2.259273113198905e-05,2.259273113198905e-05,0.0,True,True,True,True,True,True
cpu_threads,STRIDED_GEMM,512,AMD,4,runtime,AMD,16T,16,AMD,16T,16,0.0003125081148564,0.0003125081148564,0.0,True,True,True,True,True,True
cpu_threads,STRIDED_GEMM,512,AMD,4,energy,AMD,16T,16,AMD,8T,8,0.0663010816167291,0.0581301873151495,14.056198128661723,True,False,False,False,False,False
cpu_threads,STRIDED_GEMM,512,AMD,4,edp,AMD,16T,16,AMD,8T,8,2.07185034281708e-05,1.9186942571495283e-05,7.982308025202789,True,False,False,False,False,True
cpu_threads,STRIDED_GEMM,512,AMD,5,runtime,AMD,16T,16,AMD,16T,16,0.0003268417207792,0.0003268417207792,0.0,True,True,True,True,True,True
cpu_threads,STRIDED_GEMM,512,AMD,5,energy,AMD,16T,16,AMD,16T,16,0.0676380974025974,0.0676380974025974,0.0,True,True,True,True,True,True
cpu_threads,STRIDED_GEMM,512,AMD,5,edp,AMD,16T,16,AMD,16T,16,2.209972125114337e-05,2.209972125114337e-05,0.0,True,True,True,True,True,True
cpu_threads,STRIDED_GEMM,512,INTEL,1,runtime,INTEL,16T,16,INTEL,16T,16,0.0002550491060186,0.0002550491060186,0.0,True,True,True,True,True,True
cpu_threads,STRIDED_GEMM,512,INTEL,1,energy,INTEL,8T,8,INTEL,8T,8,0.0402637988404335,0.0402637988404335,0.0,True,True,True,True,True,True
cpu_threads,STRIDED_GEMM,512,INTEL,1,edp,INTEL,16T,16,INTEL,8T,8,1.0686107222437655e-05,1.039126666456128e-05,2.8373880431912024,True,False,False,False,True,True
cpu_threads,STRIDED_GEMM,512,INTEL,2,runtime,INTEL,16T,16,INTEL,16T,16,0.0002518377666248,0.0002518377666248,0.0,True,True,True,True,True,True
cpu_threads,STRIDED_GEMM,512,INTEL,2,energy,INTEL,8T,8,INTEL,16T,16,0.0401650200637788,0.040031730740276,0.332959182723247,True,False,True,True,True,True
cpu_threads,STRIDED_GEMM,512,INTEL,2,edp,INTEL,8T,8,INTEL,16T,16,1.072898037035356e-05,1.0074298723515724e-05,6.4985331962577275,True,False,False,False,False,True
cpu_threads,STRIDED_GEMM,512,INTEL,3,runtime,INTEL,16T,16,INTEL,16T,16,0.0002529232124874,0.0002529232124874,0.0,True,True,True,True,True,True
cpu_threads,STRIDED_GEMM,512,INTEL,3,energy,INTEL,8T,8,INTEL,16T,16,0.0398910669031931,0.0393754808660624,1.309408865086592,True,False,False,True,True,True
cpu_threads,STRIDED_GEMM,512,INTEL,3,edp,INTEL,16T,16,INTEL,16T,16,9.962126903142172e-06,9.962126903142172e-06,0.0,True,True,True,True,True,True
cpu_threads,STRIDED_GEMM,512,INTEL,4,runtime,INTEL,16T,16,INTEL,16T,16,0.000250851842567,0.000250851842567,0.0,True,True,True,True,True,True
cpu_threads,STRIDED_GEMM,512,INTEL,4,energy,INTEL,8T,8,INTEL,8T,8,0.0368426264309336,0.0368426264309336,0.0,True,True,True,True,True,True
cpu_threads,STRIDED_GEMM,512,INTEL,4,edp,INTEL,16T,16,INTEL,8T,8,1.0301292962434046e-05,9.303353732671884e-06,10.726661142181015,True,False,False,False,False,False
cpu_threads,STRIDED_GEMM,512,INTEL,5,runtime,INTEL,16T,16,INTEL,16T,16,0.0002631453400503,0.0002631453400503,0.0,True,True,True,True,True,True
cpu_threads,STRIDED_GEMM,512,INTEL,5,energy,INTEL,8T,8,INTEL,8T,8,0.0398566494013534,0.0398566494013534,0.0,True,True,True,True,True,True
cpu_threads,STRIDED_GEMM,512,INTEL,5,edp,INTEL,16T,16,INTEL,8T,8,1.1067573504138023e-05,1.0843809174736284e-05,2.063521459996376,True,False,False,False,True,True
cpu_threads,STRIDED_GEMM,1024,AMD,1,runtime,AMD,32T,32,AMD,32T,32,0.0016064703525641,0.0016064703525641,0.0,True,True,True,True,True,True
cpu_threads,STRIDED_GEMM,1024,AMD,1,energy,AMD,16T,16,AMD,16T,16,0.4429525953703703,0.4429525953703703,0.0,True,True,True,True,True,True
cpu_threads,STRIDED_GEMM,1024,AMD,1,edp,AMD,32T,32,AMD,32T,32,0.0007362971577095,0.0007362971577095,0.0,True,True,True,True,True,True
cpu_threads,STRIDED_GEMM,1024,AMD,2,runtime,AMD,32T,32,AMD,32T,32,0.0016052744,0.0016052744,0.0,True,True,True,True,True,True
cpu_threads,STRIDED_GEMM,1024,AMD,2,energy,AMD,16T,16,AMD,16T,16,0.4461501058052434,0.4461501058052434,0.0,True,True,True,True,True,True
cpu_threads,STRIDED_GEMM,1024,AMD,2,edp,AMD,32T,32,AMD,32T,32,0.0007378120717038,0.0007378120717038,0.0,True,True,True,True,True,True
cpu_threads,STRIDED_GEMM,1024,AMD,3,runtime,AMD,32T,32,AMD,64T,64,0.0017910196428571,0.0016288276699029,9.957589495263708,True,False,False,False,False,True
cpu_threads,STRIDED_GEMM,1024,AMD,3,energy,AMD,16T,16,AMD,16T,16,0.4515001606463878,0.4515001606463878,0.0,True,True,True,True,True,True
cpu_threads,STRIDED_GEMM,1024,AMD,3,edp,AMD,32T,32,AMD,64T,64,0.0008717435754872,0.0007638348301913,14.127235500490954,True,False,False,False,False,False
cpu_threads,STRIDED_GEMM,1024,AMD,4,runtime,AMD,32T,32,AMD,32T,32,0.001594576433121,0.001594576433121,0.0,True,True,True,True,True,True
cpu_threads,STRIDED_GEMM,1024,AMD,4,energy,AMD,16T,16,AMD,16T,16,0.4433394209558823,0.4433394209558823,0.0,True,True,True,True,True,True
cpu_threads,STRIDED_GEMM,1024,AMD,4,edp,AMD,32T,32,AMD,32T,32,0.0007291907057415,0.0007291907057415,0.0,True,True,True,True,True,True
cpu_threads,STRIDED_GEMM,1024,AMD,5,runtime,AMD,32T,32,AMD,32T,32,0.0016241653160453,0.0016241653160453,0.0,True,True,True,True,True,True
cpu_threads,STRIDED_GEMM,1024,AMD,5,energy,AMD,16T,16,AMD,16T,16,0.4434588682242991,0.4434588682242991,0.0,True,True,True,True,True,True
cpu_threads,STRIDED_GEMM,1024,AMD,5,edp,AMD,32T,32,AMD,32T,32,0.0007462383184418,0.0007462383184418,0.0,True,True,True,True,True,True
cpu_threads,STRIDED_GEMM,1024,INTEL,1,runtime,INTEL,8T,8,INTEL,8T,8,0.0018182139037433,0.0018182139037433,0.0,True,True,True,True,True,True
cpu_threads,STRIDED_GEMM,1024,INTEL,1,energy,INTEL,8T,8,INTEL,8T,8,0.2712823511586453,0.2712823511586453,0.0,True,True,True,True,True,True
cpu_threads,STRIDED_GEMM,1024,INTEL,1,edp,INTEL,8T,8,INTEL,8T,8,0.000493275152323,0.000493275152323,0.0,True,True,True,True,True,True
cpu_threads,STRIDED_GEMM,1024,INTEL,2,runtime,INTEL,8T,8,INTEL,8T,8,0.001775143738977,0.001775143738977,0.0,True,True,True,True,True,True
cpu_threads,STRIDED_GEMM,1024,INTEL,2,energy,INTEL,8T,8,INTEL,8T,8,0.2517037645502645,0.2517037645502645,0.0,True,True,True,True,True,True
cpu_threads,STRIDED_GEMM,1024,INTEL,2,edp,INTEL,8T,8,INTEL,8T,8,0.000446665327898,0.000446665327898,0.0,True,True,True,True,True,True
cpu_threads,STRIDED_GEMM,1024,INTEL,3,runtime,INTEL,8T,8,INTEL,8T,8,0.0019604774951076,0.0019604774951076,0.0,True,True,True,True,True,True
cpu_threads,STRIDED_GEMM,1024,INTEL,3,energy,INTEL,8T,8,INTEL,8T,8,0.2627173336594912,0.2627173336594912,0.0,True,True,True,True,True,True
cpu_threads,STRIDED_GEMM,1024,INTEL,3,edp,INTEL,8T,8,INTEL,8T,8,0.0005152940881565,0.0005152940881565,0.0,True,True,True,True,True,True
cpu_threads,STRIDED_GEMM,1024,INTEL,4,runtime,INTEL,8T,8,INTEL,8T,8,0.0017747036713286,0.0017747036713286,0.0,True,True,True,True,True,True
cpu_threads,STRIDED_GEMM,1024,INTEL,4,energy,INTEL,8T,8,INTEL,8T,8,0.2520398706293706,0.2520398706293706,0.0,True,True,True,True,True,True
cpu_threads,STRIDED_GEMM,1024,INTEL,4,edp,INTEL,8T,8,INTEL,8T,8,0.0004479340485456,0.0004479340485456,0.0,True,True,True,True,True,True
cpu_threads,STRIDED_GEMM,1024,INTEL,5,runtime,INTEL,8T,8,INTEL,8T,8,0.0017613148788927,0.0017613148788927,0.0,True,True,True,True,True,True
cpu_threads,STRIDED_GEMM,1024,INTEL,5,energy,INTEL,8T,8,INTEL,8T,8,0.2734484152249135,0.2734484152249135,0.0,True,True,True,True,True,True
cpu_threads,STRIDED_GEMM,1024,INTEL,5,edp,INTEL,8T,8,INTEL,8T,8,0.0004816048394413,0.0004816048394413,0.0,True,True,True,True,True,True
cpu_threads,STRIDED_GEMM,2048,AMD,1,runtime,AMD,64T,64,AMD,32T,32,0.0084357058823529,0.0082299959016393,2.4995149836299024,True,False,False,False,True,True
cpu_threads,STRIDED_GEMM,2048,AMD,1,energy,AMD,64T,64,AMD,64T,64,1.9985477773109244,1.9985477773109244,0.0,True,True,True,True,True,True
cpu_threads,STRIDED_GEMM,2048,AMD,1,edp,AMD,64T,64,AMD,64T,64,0.0168591616146213,0.0168591616146213,0.0,True,True,True,True,True,True
cpu_threads,STRIDED_GEMM,2048,AMD,2,runtime,AMD,32T,32,AMD,64T,64,0.0090767207207207,0.0083304173553719,8.958775215116255,True,False,False,False,False,True
cpu_threads,STRIDED_GEMM,2048,AMD,2,energy,AMD,64T,64,AMD,64T,64,1.998782991735537,1.998782991735537,0.0,True,True,True,True,True,True
cpu_threads,STRIDED_GEMM,2048,AMD,2,edp,AMD,64T,64,AMD,64T,64,0.0166475496378321,0.0166475496378321,0.0,True,True,True,True,True,True
cpu_threads,STRIDED_GEMM,2048,AMD,3,runtime,AMD,64T,64,AMD,32T,32,0.0081551048387096,0.0081102137096774,0.5535135156627735,True,False,True,True,True,True
cpu_threads,STRIDED_GEMM,2048,AMD,3,energy,AMD,64T,64,AMD,64T,64,1.9723544717741937,1.9723544717741937,0.0,True,True,True,True,True,True
cpu_threads,STRIDED_GEMM,2048,AMD,3,edp,AMD,64T,64,AMD,64T,64,0.0160820759308007,0.0160820759308007,0.0,True,True,True,True,True,True
cpu_threads,STRIDED_GEMM,2048,AMD,4,runtime,AMD,64T,64,AMD,64T,64,0.0082813305785123,0.0082813305785123,0.0,True,True,True,True,True,True
cpu_threads,STRIDED_GEMM,2048,AMD,4,energy,AMD,64T,64,AMD,64T,64,1.999129326446281,1.999129326446281,0.0,True,True,True,True,True,True
cpu_threads,STRIDED_GEMM,2048,AMD,4,edp,AMD,64T,64,AMD,64T,64,0.0165557735243469,0.0165557735243469,0.0,True,True,True,True,True,True
cpu_threads,STRIDED_GEMM,2048,AMD,5,runtime,AMD,64T,64,AMD,64T,64,0.0084559873949579,0.0084559873949579,0.0,True,True,True,True,True,True
cpu_threads,STRIDED_GEMM,2048,AMD,5,energy,AMD,64T,64,AMD,64T,64,2.034774886554622,2.034774886554622,0.0,True,True,True,True,True,True
cpu_threads,STRIDED_GEMM,2048,AMD,5,edp,AMD,64T,64,AMD,64T,64,0.0172098362740842,0.0172098362740842,0.0,True,True,True,True,True,True
cpu_threads,STRIDED_GEMM,2048,INTEL,1,runtime,INTEL,8T,8,INTEL,8T,8,0.013511072368421,0.013511072368421,0.0,True,True,True,True,True,True
cpu_threads,STRIDED_GEMM,2048,INTEL,1,energy,INTEL,8T,8,INTEL,8T,8,2.131461861842105,2.131461861842105,0.0,True,True,True,True,True,True
cpu_threads,STRIDED_GEMM,2048,INTEL,1,edp,INTEL,8T,8,INTEL,8T,8,0.0288011116867052,0.0288011116867052,0.0,True,True,True,True,True,True
cpu_threads,STRIDED_GEMM,2048,INTEL,2,runtime,INTEL,8T,8,INTEL,8T,8,0.013799102739726,0.013799102739726,0.0,True,True,True,True,True,True
cpu_threads,STRIDED_GEMM,2048,INTEL,2,energy,INTEL,8T,8,INTEL,8T,8,2.106039431506849,2.106039431506849,0.0,True,True,True,True,True,True
cpu_threads,STRIDED_GEMM,2048,INTEL,2,edp,INTEL,8T,8,INTEL,8T,8,0.0290607425685601,0.0290607425685601,0.0,True,True,True,True,True,True
cpu_threads,STRIDED_GEMM,2048,INTEL,3,runtime,INTEL,8T,8,INTEL,8T,8,0.0134153150684931,0.0134153150684931,0.0,True,True,True,True,True,True
cpu_threads,STRIDED_GEMM,2048,INTEL,3,energy,INTEL,8T,8,INTEL,8T,8,2.063553219178082,2.063553219178082,0.0,True,True,True,True,True,True
cpu_threads,STRIDED_GEMM,2048,INTEL,3,edp,INTEL,8T,8,INTEL,8T,8,0.027700070989512,0.027700070989512,0.0,True,True,True,True,True,True
cpu_threads,STRIDED_GEMM,2048,INTEL,4,runtime,INTEL,8T,8,INTEL,8T,8,0.0149984852941176,0.0149984852941176,0.0,True,True,True,True,True,True
cpu_threads,STRIDED_GEMM,2048,INTEL,4,energy,INTEL,8T,8,INTEL,8T,8,2.1569230441176472,2.1569230441176472,0.0,True,True,True,True,True,True
cpu_threads,STRIDED_GEMM,2048,INTEL,4,edp,INTEL,8T,8,INTEL,8T,8,0.032384415721946,0.032384415721946,0.0,True,True,True,True,True,True
cpu_threads,STRIDED_GEMM,2048,INTEL,5,runtime,INTEL,8T,8,INTEL,8T,8,0.0145858550724637,0.0145858550724637,0.0,True,True,True,True,True,True
cpu_threads,STRIDED_GEMM,2048,INTEL,5,energy,INTEL,8T,8,INTEL,8T,8,2.1495076304347824,2.1495076304347824,0.0,True,True,True,True,True,True
cpu_threads,STRIDED_GEMM,2048,INTEL,5,edp,INTEL,8T,8,INTEL,8T,8,0.0313709635159332,0.0313709635159332,0.0,True,True,True,True,True,True
cpu_threads,STRIDED_GEMM,4096,AMD,1,runtime,AMD,32T,32,AMD,32T,32,0.0526511249999999,0.0526511249999999,0.0,True,True,True,True,True,True
cpu_threads,STRIDED_GEMM,4096,AMD,1,energy,AMD,64T,64,AMD,64T,64,13.589177105263158,13.589177105263158,0.0,True,True,True,True,True,True
cpu_threads,STRIDED_GEMM,4096,AMD,1,edp,AMD,64T,64,AMD,64T,64,0.7408042726817797,0.7408042726817797,0.0,True,True,True,True,True,True
cpu_threads,STRIDED_GEMM,4096,AMD,2,runtime,AMD,32T,32,AMD,32T,32,0.0563856388888888,0.0563856388888888,0.0,True,True,True,True,True,True
cpu_threads,STRIDED_GEMM,4096,AMD,2,energy,AMD,64T,64,AMD,64T,64,14.264868222222225,14.264868222222225,0.0,True,True,True,True,True,True
cpu_threads,STRIDED_GEMM,4096,AMD,2,edp,AMD,64T,64,AMD,64T,64,0.8325075583566559,0.8325075583566559,0.0,True,True,True,True,True,True
cpu_threads,STRIDED_GEMM,4096,AMD,3,runtime,AMD,32T,32,AMD,32T,32,0.0542776052631578,0.0542776052631578,0.0,True,True,True,True,True,True
cpu_threads,STRIDED_GEMM,4096,AMD,3,energy,AMD,64T,64,AMD,64T,64,14.17582722222222,14.17582722222222,0.0,True,True,True,True,True,True
cpu_threads,STRIDED_GEMM,4096,AMD,3,edp,AMD,64T,64,AMD,32T,32,0.82950438481979,0.8247222312194875,0.5798502112925208,True,False,True,True,True,True
cpu_threads,STRIDED_GEMM,4096,AMD,4,runtime,AMD,32T,32,AMD,32T,32,0.0533256052631578,0.0533256052631578,0.0,True,True,True,True,True,True
cpu_threads,STRIDED_GEMM,4096,AMD,4,energy,AMD,64T,64,AMD,64T,64,13.94568188888889,13.94568188888889,0.0,True,True,True,True,True,True
cpu_threads,STRIDED_GEMM,4096,AMD,4,edp,AMD,64T,64,AMD,64T,64,0.7955361337190447,0.7955361337190447,0.0,True,True,True,True,True,True
cpu_threads,STRIDED_GEMM,4096,AMD,5,runtime,AMD,32T,32,AMD,32T,32,0.0571756388888888,0.0571756388888888,0.0,True,True,True,True,True,True
cpu_threads,STRIDED_GEMM,4096,AMD,5,energy,AMD,64T,64,AMD,64T,64,14.617362352941177,14.617362352941177,0.0,True,True,True,True,True,True
cpu_threads,STRIDED_GEMM,4096,AMD,5,edp,AMD,64T,64,AMD,64T,64,0.8803752169699688,0.8803752169699688,0.0,True,True,True,True,True,True
cpu_threads,STRIDED_GEMM,4096,INTEL,1,runtime,INTEL,10T,10,INTEL,10T,10,0.1056568,0.1056568,0.0,True,True,True,True,True,True
cpu_threads,STRIDED_GEMM,4096,INTEL,1,energy,INTEL,8T,8,INTEL,8T,8,17.423373222222224,17.423373222222224,0.0,True,True,True,True,True,True
cpu_threads,STRIDED_GEMM,4096,INTEL,1,edp,INTEL,10T,10,INTEL,10T,10,1.90173232383973,1.90173232383973,0.0,True,True,True,True,True,True
cpu_threads,STRIDED_GEMM,4096,INTEL,2,runtime,INTEL,10T,10,INTEL,10T,10,0.1080681,0.1080681,0.0,True,True,True,True,True,True
cpu_threads,STRIDED_GEMM,4096,INTEL,2,energy,INTEL,8T,8,INTEL,10T,10,18.18301925,17.863558949999998,1.7883351290421512,True,False,False,True,True,True
cpu_threads,STRIDED_GEMM,4096,INTEL,2,edp,INTEL,10T,10,INTEL,10T,10,1.9299660217111048,1.9299660217111048,0.0,True,True,True,True,True,True
cpu_threads,STRIDED_GEMM,4096,INTEL,3,runtime,INTEL,10T,10,INTEL,10T,10,0.1039992999999999,0.1039992999999999,0.0,True,True,True,True,True,True
cpu_threads,STRIDED_GEMM,4096,INTEL,3,energy,INTEL,8T,8,INTEL,10T,10,17.91957085,17.852865700000002,0.37363833415269276,True,False,True,True,True,True
cpu_threads,STRIDED_GEMM,4096,INTEL,3,edp,INTEL,10T,10,INTEL,10T,10,1.858234152357985,1.858234152357985,0.0,True,True,True,True,True,True
cpu_threads,STRIDED_GEMM,4096,INTEL,4,runtime,INTEL,10T,10,INTEL,10T,10,0.10483455,0.10483455,0.0,True,True,True,True,True,True
cpu_threads,STRIDED_GEMM,4096,INTEL,4,energy,INTEL,8T,8,INTEL,8T,8,16.9708665,16.9708665,0.0,True,True,True,True,True,True
cpu_threads,STRIDED_GEMM,4096,INTEL,4,edp,INTEL,10T,10,INTEL,10T,10,1.887040909588555,1.887040909588555,0.0,True,True,True,True,True,True
cpu_threads,STRIDED_GEMM,4096,INTEL,5,runtime,INTEL,10T,10,INTEL,10T,10,0.1078436,0.1078436,0.0,True,True,True,True,True,True
cpu_threads,STRIDED_GEMM,4096,INTEL,5,energy,INTEL,8T,8,INTEL,8T,8,17.19469475,17.19469475,0.0,True,True,True,True,True,True
cpu_threads,STRIDED_GEMM,4096,INTEL,5,edp,INTEL,10T,10,INTEL,8T,8,1.94858246071776,1.8887283496152496,3.1690163974455787,True,False,False,False,True,True
cpu_threads,STRIDED_GEMM,8192,AMD,1,runtime,AMD,32T,32,AMD,32T,32,0.4669395,0.4669395,0.0,True,True,True,True,True,True
cpu_threads,STRIDED_GEMM,8192,AMD,1,energy,AMD,64T,64,AMD,64T,64,117.16592016666668,117.16592016666668,0.0,True,True,True,True,True,True
cpu_threads,STRIDED_GEMM,8192,AMD,1,edp,AMD,64T,64,AMD,64T,64,56.618184423175,56.618184423175,0.0,True,True,True,True,True,True
cpu_threads,STRIDED_GEMM,8192,AMD,2,runtime,AMD,32T,32,AMD,32T,32,0.464613,0.464613,0.0,True,True,True,True,True,True
cpu_threads,STRIDED_GEMM,8192,AMD,2,energy,AMD,64T,64,AMD,64T,64,117.33353933333332,117.33353933333332,0.0,True,True,True,True,True,True
cpu_threads,STRIDED_GEMM,8192,AMD,2,edp,AMD,64T,64,AMD,64T,64,56.44006705786517,56.44006705786517,0.0,True,True,True,True,True,True
cpu_threads,STRIDED_GEMM,8192,AMD,3,runtime,AMD,32T,32,AMD,32T,32,0.4573135,0.4573135,0.0,True,True,True,True,True,True
cpu_threads,STRIDED_GEMM,8192,AMD,3,energy,AMD,64T,64,AMD,64T,64,114.13564066666667,114.13564066666667,0.0,True,True,True,True,True,True
cpu_threads,STRIDED_GEMM,8192,AMD,3,edp,AMD,64T,64,AMD,64T,64,53.70605360603133,53.70605360603133,0.0,True,True,True,True,True,True
cpu_threads,STRIDED_GEMM,8192,AMD,4,runtime,AMD,32T,32,AMD,32T,32,0.4537831666666667,0.4537831666666667,0.0,True,True,True,True,True,True
cpu_threads,STRIDED_GEMM,8192,AMD,4,energy,AMD,64T,64,AMD,64T,64,116.24781333333334,116.24781333333334,0.0,True,True,True,True,True,True
cpu_threads,STRIDED_GEMM,8192,AMD,4,edp,AMD,64T,64,AMD,64T,64,55.82766280139056,55.82766280139056,0.0,True,True,True,True,True,True
cpu_threads,STRIDED_GEMM,8192,AMD,5,runtime,AMD,32T,32,AMD,32T,32,0.4591805,0.4591805,0.0,True,True,True,True,True,True
cpu_threads,STRIDED_GEMM,8192,AMD,5,energy,AMD,64T,64,AMD,64T,64,116.35490383333334,116.35490383333334,0.0,True,True,True,True,True,True
cpu_threads,STRIDED_GEMM,8192,AMD,5,edp,AMD,64T,64,AMD,64T,64,55.79560137784267,55.79560137784267,0.0,True,True,True,True,True,True
cpu_threads,STRIDED_GEMM,8192,INTEL,1,runtime,INTEL,10T,10,INTEL,10T,10,0.9215565,0.9215565,0.0,True,True,True,True,True,True
cpu_threads,STRIDED_GEMM,8192,INTEL,1,energy,INTEL,8T,8,INTEL,10T,10,144.52000049999998,142.38498099999998,1.4994695964457128,True,False,False,True,True,True
cpu_threads,STRIDED_GEMM,8192,INTEL,1,edp,INTEL,8T,8,INTEL,10T,10,134.92904209713288,131.241868248991,2.809449375672246,True,False,False,False,True,True
cpu_threads,STRIDED_GEMM,8192,INTEL,2,runtime,INTEL,10T,10,INTEL,8T,8,0.99178575,0.936769,5.873032732722794,True,False,False,False,False,True
cpu_threads,STRIDED_GEMM,8192,INTEL,2,energy,INTEL,8T,8,INTEL,10T,10,149.4888755,145.78261625,2.5423190674834784,True,False,False,False,True,True
cpu_threads,STRIDED_GEMM,8192,INTEL,2,edp,INTEL,10T,10,INTEL,8T,8,144.4827003995935,140.08805713361073,3.1370577591716797,True,False,False,False,True,True
cpu_threads,STRIDED_GEMM,8192,INTEL,3,runtime,INTEL,8T,8,INTEL,10T,10,0.96801675,0.8986594999999999,7.717856429493053,True,False,False,False,False,True
cpu_threads,STRIDED_GEMM,8192,INTEL,3,energy,INTEL,10T,10,INTEL,8T,8,148.25424375,144.80790275,2.379939861396818,True,False,False,False,True,True
cpu_threads,STRIDED_GEMM,8192,INTEL,3,edp,INTEL,8T,8,INTEL,10T,10,140.25961490031978,133.18505980146335,5.311823345202793,True,False,False,False,False,True
cpu_threads,STRIDED_GEMM,8192,INTEL,4,runtime,INTEL,10T,10,INTEL,8T,8,0.9609015,0.92398775,3.995047553390174,True,False,False,False,True,True
cpu_threads,STRIDED_GEMM,8192,INTEL,4,energy,INTEL,8T,8,INTEL,8T,8,136.6924755,136.6924755,0.0,True,True,True,True,True,True
cpu_threads,STRIDED_GEMM,8192,INTEL,4,edp,INTEL,10T,10,INTEL,8T,8,138.64133311603737,126.27129703733686,9.796395830988281,True,False,False,False,False,True
cpu_threads,STRIDED_GEMM,8192,INTEL,5,runtime,INTEL,8T,8,INTEL,10T,10,0.96435,0.92879425,3.8281621575499525,True,False,False,False,True,True
cpu_threads,STRIDED_GEMM,8192,INTEL,5,energy,INTEL,8T,8,INTEL,8T,8,147.366612,147.366612,0.0,True,True,True,True,True,True
cpu_threads,STRIDED_GEMM,8192,INTEL,5,edp,INTEL,10T,10,INTEL,10T,10,141.94523392157276,141.94523392157276,0.0,True,True,True,True,True,True
cpu_threads,STRIDED_GEMM,16384,AMD,1,runtime,AMD,32T,32,AMD,32T,32,3.633402,3.633402,0.0,True,True,True,True,True,True
cpu_threads,STRIDED_GEMM,16384,AMD,1,energy,AMD,64T,64,AMD,64T,64,934.1156485,934.1156485,0.0,True,True,True,True,True,True
cpu_threads,STRIDED_GEMM,16384,AMD,1,edp,AMD,64T,64,AMD,64T,64,3448.7603046915583,3448.7603046915583,0.0,True,True,True,True,True,True
cpu_threads,STRIDED_GEMM,16384,AMD,2,runtime,AMD,32T,32,AMD,32T,32,3.5336105,3.5336105,0.0,True,True,True,True,True,True
cpu_threads,STRIDED_GEMM,16384,AMD,2,energy,AMD,64T,64,AMD,64T,64,899.714496,899.714496,0.0,True,True,True,True,True,True
cpu_threads,STRIDED_GEMM,16384,AMD,2,edp,AMD,32T,32,AMD,64T,64,3559.8987131163803,3215.7187874372503,10.703048009786409,True,False,False,False,False,False
cpu_threads,STRIDED_GEMM,16384,AMD,3,runtime,AMD,32T,32,AMD,32T,32,3.3208935000000004,3.3208935000000004,0.0,True,True,True,True,True,True
cpu_threads,STRIDED_GEMM,16384,AMD,3,energy,AMD,64T,64,AMD,64T,64,901.024426,901.024426,0.0,True,True,True,True,True,True
cpu_threads,STRIDED_GEMM,16384,AMD,3,edp,AMD,64T,64,AMD,32T,32,3210.377321490336,3144.483547935024,2.0955356436380246,True,False,False,False,True,True
cpu_threads,STRIDED_GEMM,16384,AMD,4,runtime,AMD,32T,32,AMD,32T,32,3.374387,3.374387,0.0,True,True,True,True,True,True
cpu_threads,STRIDED_GEMM,16384,AMD,4,energy,AMD,64T,64,AMD,64T,64,921.1224775,921.1224775,0.0,True,True,True,True,True,True
cpu_threads,STRIDED_GEMM,16384,AMD,4,edp,AMD,64T,64,AMD,32T,32,3382.1318630827923,3246.0084877849185,4.193561902568055,True,False,False,False,True,True
cpu_threads,STRIDED_GEMM,16384,AMD,5,runtime,AMD,32T,32,AMD,32T,32,3.469416,3.469416,0.0,True,True,True,True,True,True
cpu_threads,STRIDED_GEMM,16384,AMD,5,energy,AMD,64T,64,AMD,64T,64,929.647938,929.647938,0.0,True,True,True,True,True,True
cpu_threads,STRIDED_GEMM,16384,AMD,5,edp,AMD,64T,64,AMD,64T,64,3423.972736461926,3423.972736461926,0.0,True,True,True,True,True,True
cpu_threads,STRIDED_GEMM,16384,INTEL,1,runtime,INTEL,10T,10,INTEL,8T,8,7.5596795,7.508129,0.6865958216754064,True,False,True,True,True,True
cpu_threads,STRIDED_GEMM,16384,INTEL,1,energy,INTEL,8T,8,INTEL,8T,8,1038.4573025,1038.4573025,0.0,True,True,True,True,True,True
cpu_threads,STRIDED_GEMM,16384,INTEL,1,edp,INTEL,8T,8,INTEL,8T,8,7790.470948058786,7790.470948058786,0.0,True,True,True,True,True,True
cpu_threads,STRIDED_GEMM,16384,INTEL,2,runtime,INTEL,10T,10,INTEL,10T,10,7.504099,7.504099,0.0,True,True,True,True,True,True
cpu_threads,STRIDED_GEMM,16384,INTEL,2,energy,INTEL,8T,8,INTEL,8T,8,1186.094864,1186.094864,0.0,True,True,True,True,True,True
cpu_threads,STRIDED_GEMM,16384,INTEL,2,edp,INTEL,8T,8,INTEL,8T,8,9164.165089901777,9164.165089901777,0.0,True,True,True,True,True,True
cpu_threads,STRIDED_GEMM,16384,INTEL,3,runtime,INTEL,10T,10,INTEL,10T,10,7.329109499999999,7.329109499999999,0.0,True,True,True,True,True,True
cpu_threads,STRIDED_GEMM,16384,INTEL,3,energy,INTEL,8T,8,INTEL,8T,8,1192.1663205,1192.1663205,0.0,True,True,True,True,True,True
cpu_threads,STRIDED_GEMM,16384,INTEL,3,edp,INTEL,8T,8,INTEL,10T,10,8876.414124970786,8873.61231511389,0.031574625500851994,True,False,True,True,True,True
cpu_threads,STRIDED_GEMM,16384,INTEL,4,runtime,INTEL,10T,10,INTEL,10T,10,7.5319495,7.5319495,0.0,True,True,True,True,True,True
cpu_threads,STRIDED_GEMM,16384,INTEL,4,energy,INTEL,8T,8,INTEL,8T,8,1150.7759845,1150.7759845,0.0,True,True,True,True,True,True
cpu_threads,STRIDED_GEMM,16384,INTEL,4,edp,INTEL,8T,8,INTEL,8T,8,9040.60862413571,9040.60862413571,0.0,True,True,True,True,True,True
cpu_threads,STRIDED_GEMM,16384,INTEL,5,runtime,INTEL,10T,10,INTEL,10T,10,7.4920555,7.4920555,0.0,True,True,True,True,True,True
cpu_threads,STRIDED_GEMM,16384,INTEL,5,energy,INTEL,8T,8,INTEL,8T,8,1154.6073645,1154.6073645,0.0,True,True,True,True,True,True
cpu_threads,STRIDED_GEMM,16384,INTEL,5,edp,INTEL,8T,8,INTEL,8T,8,8910.065139680819,8910.065139680819,0.0,True,True,True,True,True,True
