workload,size,platform,configuration,threads,runtime,energy,edp,power,runtime_regret_pct,energy_regret_pct,strict_pareto
AXPY,1000000,3090,gpu_resident,-1,1.2711648954017435e-05,0.0044095600010167,5.6056697439533585e-08,340.2395059430982,55.2459173589565,297.1193909986945,False
AXPY,1000000,5060ti,gpu_resident,-1,8.188072942765906e-06,0.0011103864734299,9.091926211190982e-09,135.61022073174252,0.0,0.0,True
AXPY,1000000,AMD,1T,1,8.593148480936397e-05,0.0066938555813753,5.750690679712594e-07,77.43731390484476,949.4714129932579,502.84015894920674,False
AXPY,1000000,AMD,2T,2,4.8750493845706535e-05,0.0046487630839309,2.266799037128228e-07,94.5616560139167,495.38421538827635,318.66171780454255,False
AXPY,1000000,AMD,4T,4,2.797330181114337e-05,0.0033776206469714,9.40197378500672e-08,120.42590107149375,241.63474124711541,204.18423925303998,False
AXPY,1000000,AMD,8T,8,1.9338647402843605e-05,0.00289220307109,5.5923378717509856e-08,149.76969667428173,136.1806927957223,160.46814692871783,False
AXPY,1000000,AMD,10T,10,1.8497303852638376e-05,0.0028965167790651,5.3577749305537113e-08,156.16959230749976,125.90546007507895,160.85663400761527,False
AXPY,1000000,AMD,16T,16,1.9863214620734277e-05,0.0031958930535338,6.339608264572019e-08,160.78620897334898,142.58717233684712,187.8180822630095,False
AXPY,1000000,AMD,20T,20,2.0672941617783265e-05,0.003326136869793,6.861618393230281e-08,161.79381807597304,152.47627570352358,199.54767546103244,False
AXPY,1000000,AMD,32T,32,2.5432778553406223e-05,0.0044320601523542,1.1230880336828687e-07,172.03544255440335,210.60762075740752,299.1457261419892,False
AXPY,1000000,AMD,64T,64,5.6880483865629656e-05,0.0090622209995035,5.156927123621966e-07,160.06021786641963,594.6748552830503,716.1321500532138,False
AXPY,1000000,INTEL,1T,1,0.0003069147118332,0.0134188165279062,4.14514772602887e-06,43.49819005255924,3648.314334502315,1108.4816277035948,False
AXPY,1000000,INTEL,2T,2,0.0001655286172818,0.0097615783730158,1.6187393694233111e-06,58.80525398027591,1921.582104102323,779.1153896951773,False
AXPY,1000000,INTEL,4T,4,8.314250980473618e-05,0.0071015959285417,5.90303563996991e-07,85.42980780234359,915.4099796850479,539.5607383981728,False
AXPY,1000000,INTEL,8T,8,2.469492109359557e-05,0.0031471324571086,7.765459014124949e-08,132.75035066921362,201.5962518435223,183.42676468197106,False
AXPY,1000000,INTEL,10T,10,1.516122525359576e-05,0.0022499783469657,3.3390458525892095e-08,150.17144739883446,85.16231303228163,102.63020135824301,False
AXPY,1000000,INTEL,16T,16,2.9391446645050094e-05,0.0038841042531718,1.1240372822884007e-07,132.14188366308537,258.9543821909549,249.79751159738962,False
AXPY,1000000,INTEL,20T,20,1.773988345897236e-05,0.0027121866305116,4.771571780999395e-08,150.38264136785494,116.65517128356066,144.25609419879373,False
AXPY,2000000,3090,gpu_resident,-1,3.123123084129661e-05,0.0109950160922413,3.427668006127483e-07,352.29136038167525,117.95633150157956,441.9082035491006,False
AXPY,2000000,5060ti,gpu_resident,-1,1.4329123006490994e-05,0.0020289443895169,2.9073135979716402e-08,141.59515983147844,0.0,0.0,True
AXPY,2000000,AMD,1T,1,0.0004390345777905,0.0318732096712538,1.3993466476022096e-05,72.56099435320729,2963.9319488821498,1470.9257402980347,False
AXPY,2000000,AMD,2T,2,9.134937964801442e-05,0.0089318913808664,8.161723479148838e-07,96.86151377356136,537.5085174901059,340.22356783238996,False
AXPY,2000000,AMD,4T,4,4.963336327970785e-05,0.006299215718815,3.121274136151193e-07,126.9378522656306,246.38102595130405,210.4676378200227,False
AXPY,2000000,AMD,8T,8,3.076160202358288e-05,0.0052354963684783,1.6106123764616938e-07,169.92724839308633,114.67888864969673,158.0404073925798,False
AXPY,2000000,AMD,10T,10,2.765897684483878e-05,0.0050801733377714,1.407314836630201e-07,183.84791484810503,93.02630616199927,150.3850457419885,False
AXPY,2000000,AMD,16T,16,2.5097321509134627e-05,0.005103220145661,1.2825581245360093e-07,203.5090911199605,75.14904085732053,151.52094715006447,False
AXPY,2000000,AMD,20T,20,2.6020415803442592e-05,0.0053720525149453,1.3978427057855773e-07,206.110371173063,81.5911259304252,164.77081100406144,False
AXPY,2000000,AMD,32T,32,3.212239157243986e-05,0.0064845864744661,2.0844482431532e-07,202.0879200682276,124.17555881046339,219.60395306892102,False
AXPY,2000000,AMD,64T,64,5.8926252988499234e-05,0.0107563078295847,6.337088260745905e-07,182.0192122607639,311.23419040932265,430.1430578955306,False
AXPY,2000000,INTEL,1T,1,0.0007112524125973,0.0312024271054493,2.220903719468128e-05,43.85548056971561,4863.684185522781,1437.865072432011,False
AXPY,2000000,INTEL,2T,2,0.000393834005084,0.0231564970576696,9.14224563867864e-06,58.673167188107485,2648.4864559093803,1041.3076266315636,False
AXPY,2000000,INTEL,4T,4,0.00019380497676,0.0157231420112599,3.0376021943078504e-06,81.33750790419818,1252.525040591861,674.9419891692372,False
AXPY,2000000,INTEL,8T,8,0.0001158926119644,0.0140936229965156,1.6361966701948626e-06,121.46948702754771,708.7906839232343,594.6283530161884,False
AXPY,2000000,INTEL,10T,10,0.0001029644156737,0.0138595244967132,1.4100407376922245e-06,134.66385170584215,618.567463110323,583.0904074218224,False
AXPY,2000000,INTEL,16T,16,0.0001041743647156,0.0130342620367518,1.3643205101280937e-06,124.26160663689488,627.0114484215799,542.4159333344426,False
AXPY,2000000,INTEL,20T,20,0.0001078225028488,0.0144898218125134,1.5644779594518658e-06,134.44803785991974,652.471053531728,614.1556903865408,False
AXPY,4000000,3090,gpu_resident,-1,5.962062718330849e-05,0.0211080936215829,1.257311666523025e-06,354.3684745942372,124.02120273830892,344.54155506153563,False
AXPY,4000000,5060ti,gpu_resident,-1,2.6613832286649455e-05,0.004748283570174,1.264051485184373e-07,178.41827965623884,0.0,0.0,True
AXPY,4000000,AMD,1T,1,0.0016302029310344,0.1189205492063492,0.0001935609589254,72.81793609963542,6025.397174957678,2404.4955181981977,False
AXPY,4000000,AMD,2T,2,0.000501312513986,0.0416046248294679,2.0908161847688677e-05,83.66843356659716,1783.6539908515097,776.203457830622,False
AXPY,4000000,AMD,4T,4,9.4077599269868e-05,0.0123719495330629,1.1601696159850266e-06,130.83324966747847,253.49136590546948,160.5562483836561,False
AXPY,4000000,AMD,8T,8,5.311182616487456e-05,0.0097197337822259,5.162681351993011e-07,183.040974973118,99.56474359958128,104.69994343386956,False
AXPY,4000000,AMD,10T,10,4.571113281391968e-05,0.0093069157645466,4.272371837586566e-07,203.89831447495172,71.75704844600747,96.00589617282589,False
AXPY,4000000,AMD,16T,16,3.638155938582232e-05,0.0088469802622328,3.216081306959393e-07,242.97633988791023,36.701693292298756,86.31954329359071,False
AXPY,4000000,AMD,20T,20,3.550726481947348e-05,0.0090086922102706,3.201509051797223e-07,252.75746888740235,33.41657990865645,89.72523601703253,False
AXPY,4000000,AMD,32T,32,3.939969545525535e-05,0.009892699340153,3.897693864470348e-07,251.3636727256675,48.04217232187109,108.34263990241185,False
AXPY,4000000,AMD,64T,64,6.442736635872297e-05,0.0142136674535725,9.171336508933276e-07,221.05041377365004,142.08225882238787,199.34327306933866,False
AXPY,4000000,INTEL,1T,1,0.0018037587543554,0.0794203098958333,0.0001426223061076,44.23628423525179,6677.523563414939,1572.6109281826857,False
AXPY,4000000,INTEL,2T,2,0.0010335956293814,0.0591315577319587,6.123139241887182e-05,57.08524148398139,3783.6783002494994,1145.324902316056,False
AXPY,4000000,INTEL,4T,4,0.0008423746546644,0.0596070707855973,5.023629122486651e-05,70.49807905346162,3065.1760843438105,1155.3393221924405,False
AXPY,4000000,INTEL,8T,8,0.000763970383378,0.07141745625,5.447566059523381e-05,93.09595585834836,2770.5763797919385,1404.0688955184476,False
AXPY,4000000,INTEL,10T,10,0.0007193876882183,0.0734693124610592,5.29476934523345e-05,102.45404050579585,2603.0593732987986,1447.2814834091078,False
AXPY,4000000,INTEL,16T,16,0.0006869737827608,0.070076063767168,4.734541952845671e-05,103.25685293580432,2481.2659197729035,1375.8188455160036,False
AXPY,4000000,INTEL,20T,20,0.0007757265463451,0.0816096684931506,6.30474946746542e-05,105.172679545724,2814.7495106679357,1618.719349572461,False
AXPY,8000000,3090,gpu_resident,-1,0.0001163913953095,0.0411490524357632,4.785243675121812e-06,353.8470836033578,123.87978519720262,194.1816803197864,False
AXPY,8000000,5060ti,gpu_resident,-1,0.0002430642955982,0.0230670511896178,5.602463981214763e-06,95.36831324599748,367.53612793224056,64.91033152166999,False
AXPY,8000000,AMD,1T,1,0.003244049843042,0.2394993012820512,0.0007812704406719,74.28900565567218,6139.955970095517,1612.2218548423746,False
AXPY,8000000,AMD,2T,2,0.0021232570454545,0.1724496902286902,0.0003680338227962,80.89002802852508,3984.1020076335626,1132.8726091882315,False
AXPY,8000000,AMD,4T,4,0.0006444223438617,0.0660079394358407,4.150925429916209e-05,103.55615938561988,1139.551562522247,371.90215541404734,False
AXPY,8000000,AMD,8T,8,0.0001039641709004,0.0193283487711689,2.009053606104036e-06,185.8870816647249,99.97591907455245,38.18170243860892,False
AXPY,8000000,AMD,10T,10,0.0001402965722991,0.0231783369806094,3.250634445568111e-06,165.65159076941694,169.86158544370187,65.70593285515713,False
AXPY,8000000,AMD,16T,16,6.082393809295064e-05,0.016483473291484,1.0056689386741435e-06,270.3723874194884,16.995334224559166,17.843196461569867,False
AXPY,8000000,AMD,20T,20,7.928620977214e-05,0.0189453267167802,1.500142628230349e-06,238.68937553185825,52.50766232062028,35.4434116423505,False
AXPY,8000000,AMD,32T,32,5.1988345087510966e-05,0.0139876325374961,7.267372843729148e-07,269.0385025768005,0.0,0.0,True
AXPY,8000000,AMD,64T,64,7.627604076783828e-05,0.0201663172424196,1.5382685536726351e-06,267.20958484196296,46.71757802531378,44.17248371631541,False
AXPY,8000000,INTEL,1T,1,0.004047255515873,0.1792958849206349,0.0007246260857069,44.41716765486281,7684.928543234708,1181.8172370485386,False
AXPY,8000000,INTEL,2T,2,0.0025682125525641,0.1427214961832061,0.0003644226171869,55.918960321521794,4839.977505037095,920.3406173319049,False
AXPY,8000000,INTEL,4T,4,0.0021811223891304,0.1468873380743982,0.00032211239561,67.02263220542702,4095.4064616962883,950.1229402519907,False
AXPY,8000000,INTEL,8T,8,0.002164647325431,0.1981673588362069,0.0004292015549598,91.47434279853306,4063.716544135597,1316.7326622642354,False
AXPY,8000000,INTEL,10T,10,0.0022126466169977,0.2253699856512141,0.0004985697618728,101.89103432222272,4156.043567598074,1511.2089379462436,False
AXPY,8000000,INTEL,16T,16,0.002248284912556,0.2204877109375,0.0004931923694662,98.57174291766664,4224.5941157994275,1476.3047130845569,False
AXPY,8000000,INTEL,20T,20,0.0023575665070588,0.2349888333333333,0.0005532533731433,100.28626797770688,4434.798141949613,1579.97574073674,False
AXPY,16000000,3090,gpu_resident,-1,0.000230460056682,0.0813677486187845,1.873562875438196e-05,353.37541172914825,0.0,75.55143222165822,True
AXPY,16000000,5060ti,gpu_resident,-1,0.0004852657011633,0.0463498062015503,2.2493325606295025e-05,95.50853360123187,110.56390775469316,0.0,True
AXPY,16000000,AMD,1T,1,0.0065877445888157,0.4791474738562091,0.0031586259404042,72.6610106775321,2758.519035212158,933.763705014548,False
AXPY,16000000,AMD,2T,2,0.0043709495502183,0.3523739475982532,0.0015402040324112,80.51681690712476,1796.6191422271272,660.2490203863399,False
AXPY,16000000,AMD,4T,4,0.003545385798305,0.3280951105442177,0.0011626632627868,92.59283861386515,1438.3949172576556,607.8672759008076,False
AXPY,16000000,AMD,8T,8,0.0010246587730524,0.1163629485614646,0.000120477684868,112.69231935630488,344.6144758465776,151.05379741064056,False
AXPY,16000000,AMD,10T,10,0.0014949723080094,0.1621701248513674,0.0002443996215641,108.34762984160416,548.6904192999637,249.8830699446229,False
AXPY,16000000,AMD,16T,16,0.0009770845425963,0.1322890793319415,0.0001345364584866,132.65355706798954,323.9713192228051,185.41452526616334,False
AXPY,16000000,AMD,20T,20,0.0019498486237113,0.2168673814432989,0.0004229288971202,111.49676836458464,746.0679268172688,367.89274695186356,False
AXPY,16000000,AMD,32T,32,0.0007951313779761,0.133860074074074,0.0001064103801166,168.05579722341324,245.01917140168933,188.80395635741985,False
AXPY,16000000,AMD,64T,64,0.0009040415983542,0.154205592476489,0.0001394201966327,170.596986647876,292.27691399973946,232.69954097743596,False
AXPY,16000000,INTEL,1T,1,0.0087135024870689,0.3860928034188034,0.0033442801092841,44.5001250826892,3680.916577267103,732.9976650601174,False
AXPY,16000000,INTEL,2T,2,0.0056624264463276,0.3140905932203389,0.0017778326146482,55.46119113578553,2357.0099165344263,577.6524412087688,False
AXPY,16000000,INTEL,4T,4,0.0049420484583333,0.3430466200980392,0.0016977910059351,69.41111621518445,2044.4273378586288,640.1252523178081,False
AXPY,16000000,INTEL,8T,8,0.0049253517647058,0.4546037867647058,0.0022375654319387,92.36136787230252,2037.1823975128323,880.8105448982445,False
AXPY,16000000,INTEL,10T,10,0.0051015246096938,0.525640078680203,0.0026810309662919,103.0564350156829,2113.626379834286,1034.071793945541,False
AXPY,16000000,INTEL,16T,16,0.0051318424668367,0.5005749719387755,0.0025680415199877,97.59153171202308,2126.7817428847834,979.9936676370233,False
AXPY,16000000,INTEL,20T,20,0.0054453757961956,0.5635568858695652,0.0030684416456672,103.50916423442852,2262.828454784854,1115.877545245735,False
AXPY,32000000,3090,gpu_resident,-1,0.0004571387360603,0.1609741773308958,7.359209818081781e-05,352.1123385659202,0.0,73.78195821861821,True
AXPY,32000000,5060ti,gpu_resident,-1,0.000969943542677,0.0926299709020368,8.992119720596287e-05,95.42232787373902,112.1770627088266,0.0,True
AXPY,32000000,AMD,1T,1,0.0130913849025974,0.9609959025974026,0.0125773082306138,73.42030949025275,2763.766263918302,937.4567682998935,False
AXPY,32000000,AMD,2T,2,0.0086711227974137,0.694864051724138,0.0060192612143818,80.21518227717502,1796.8252115633259,650.1503508610721,False
AXPY,32000000,AMD,4T,4,0.0072059067697841,0.7190430607142857,0.0051761553395474,99.894232692621,1476.3063160837867,676.2531432453197,False
AXPY,32000000,AMD,8T,8,0.007117924081081,0.7265261466666666,0.0051520169195709,102.43483667380508,1457.0599294263466,684.331614910063,False
AXPY,32000000,AMD,10T,10,0.0067739629620253,0.768145082278481,0.0052034416917501,113.40400857734645,1381.8177563346467,729.2619276441883,False
AXPY,32000000,AMD,16T,16,0.0071551698633333,0.8687790469798659,0.0062165265915536,121.41960706491768,1465.2075177434713,837.9027527695819,False
AXPY,32000000,AMD,20T,20,0.0074696579893617,0.913719102112676,0.006821423169146,122.37100047140392,1534.0024154891125,886.4184272269752,False
AXPY,32000000,AMD,32T,32,0.007182893117647,1.0739851928104571,0.0077166021110465,149.6320266313685,1471.2720342954099,1059.4359604692931,False
AXPY,32000000,AMD,64T,64,0.0073595509597315,1.1382602414965983,0.0083796083117771,154.59858651064593,1509.9162856242226,1128.8250016837364,False
AXPY,32000000,INTEL,1T,1,0.0179444399821428,0.7995688571428572,0.0143462318421662,44.562946451074026,3825.381632891376,763.1859098697782,False
AXPY,32000000,INTEL,2T,2,0.0118402058823529,0.6578650294117647,0.0077986127113667,55.45103833284221,2490.0683858895495,610.2075311105374,False
AXPY,32000000,INTEL,4T,4,0.0104065394639175,0.7070898385416666,0.0073637972842638,67.89652067533109,2176.451029637707,663.348872568974,False
AXPY,32000000,INTEL,8T,8,0.0104491516875,0.9475782291666666,0.0098968859812265,90.7025407693964,2185.7725375785435,922.9715284794834,False
AXPY,32000000,INTEL,10T,10,0.0108045909784946,1.097097564516129,0.011845727686201,101.60820021021324,2263.525583417065,1084.3872494318202,False
AXPY,32000000,INTEL,16T,16,0.0107834595376344,1.037552010752688,0.0111916482234144,96.16654764839508,2258.903039057268,1020.1040015979038,False
AXPY,32000000,INTEL,20T,20,0.0114982493563218,1.1811587931034482,0.0135849868527462,102.66774739404728,2415.264721475079,1175.1367420298695,False
AXPY,64000000,3090,gpu_resident,-1,0.0009122411909753,0.3225813636363637,0.00029419141419,353.70408958061944,0.0,76.13593747895678,True
AXPY,64000000,5060ti,gpu_resident,-1,0.0019394992199612,0.1831434108527131,0.0003552845871292,94.40744171344323,112.60816099387405,0.0,True
AXPY,64000000,AMD,1T,1,0.0260446745384615,1.9038977307692304,0.0494601959683501,72.88541594209522,2755.0206673540456,939.5666007882619,False
AXPY,64000000,AMD,2T,2,0.0171673583305084,1.3801869576271186,0.0236851717051044,80.46454133934438,1781.8880905996302,653.6099449065559,False
AXPY,64000000,AMD,4T,4,0.0143190379214285,1.3367994785714286,0.0191564232670707,93.31865801709878,1469.654830661577,629.9195053468259,False
AXPY,64000000,AMD,8T,8,0.0144754048785714,1.75740445,0.0254226875256825,121.4685905344661,1486.7957971833503,859.5783117817616,False
AXPY,64000000,AMD,10T,10,0.0146045234347826,1.5587761811594203,0.0227646552550382,106.74520329955357,1500.9497903913477,751.1232666803468,False
AXPY,64000000,AMD,16T,16,0.0146417468695652,1.7912472898550724,0.0262099518937299,122.41788423442328,1505.0302282350724,878.0571856312223,False
AXPY,64000000,AMD,20T,20,0.0159791257936507,1.9563508492063493,0.0312114389239777,122.41489632572876,1651.6338827637255,968.2070624859545,False
AXPY,64000000,AMD,32T,32,0.0148558624191176,2.220277970588235,0.0329849811893696,149.45087405952927,1528.501603094114,1112.3165994619476,False
AXPY,64000000,AMD,64T,64,0.0151145738208955,2.3410227611940297,0.0353921146533985,154.95279108185264,1556.8615811719849,1178.245692975937,False
AXPY,64000000,INTEL,1T,1,0.0364743977678571,1.5859683214285714,0.0578757224794352,43.47769559455804,3898.328307107182,765.9707242779446,False
AXPY,64000000,INTEL,2T,2,0.0243317107857142,1.3435845357142857,0.0326096456453322,55.33458350871264,2567.24535423582,633.6242835374613,False
AXPY,64000000,INTEL,4T,4,0.0211948979895833,1.4364059479166666,0.0304683608095089,67.64171138751294,2223.3875206756784,684.3066486688116,False
AXPY,64000000,INTEL,8T,8,0.021377616393617,1.9775365957446809,0.0422750195148135,92.4251132143172,2243.4171362906395,979.7749078371418,False
AXPY,64000000,INTEL,10T,10,0.0219365939456521,2.216380532608696,0.0486222306446325,101.0307961569076,2304.69232947036,1110.188519635656,False
AXPY,64000000,INTEL,16T,16,0.0220819367717391,2.109057119565217,0.0465629942952622,95.50651044144828,2320.6248292878277,1051.58776924896,False
AXPY,64000000,INTEL,20T,20,0.0233100901704545,2.409547534883721,0.0561657063084025,103.37125218572874,2455.255167280168,1215.6616029290392,False
AXPY,128000000,3090,gpu_resident,-1,0.0018178801125226,0.6394210526315789,0.0011621475679723,351.7795653931447,0.0,73.7429606181128,True
AXPY,128000000,5060ti,gpu_resident,-1,0.0038810802934362,0.368027027027027,0.0014276702824456,94.91868359010752,113.49484307029351,0.0,True
AXPY,128000000,AMD,1T,1,0.0520653388,3.7364206,0.1941837877663749,71.90205391981604,2764.0688921862397,915.257121245502,False
AXPY,128000000,AMD,2T,2,0.0341204419666666,2.7282957,0.0928314747824619,79.8392122068191,1776.935763344648,641.3302555628993,False
AXPY,128000000,AMD,4T,4,0.028491369,2.509045638888889,0.0714058219336824,88.23603309529813,1467.2853673757209,581.7558099352934,False
AXPY,128000000,AMD,8T,8,0.0287828625142857,2.886547885714286,0.0830383031911307,100.34114949563303,1483.3201714465574,684.3304088376925,False
AXPY,128000000,AMD,10T,10,0.0290191777285714,3.0163976142857143,0.087500152070032,103.98098432722358,1496.3196653437526,719.6130699021182,False
AXPY,128000000,AMD,16T,16,0.0291403669142857,3.4496202,0.1005530232066297,118.31022806629016,1502.9861767863654,837.3279532936771,False
AXPY,128000000,AMD,20T,20,0.031924009203125,3.87120278125,0.1236387008406268,121.20970970219112,1656.1119120680253,951.8800242803115,False
AXPY,128000000,AMD,32T,32,0.0295813783970588,4.435619750000001,0.1312083599099187,149.95829579980654,1527.2458339406057,1105.2429371374021,False
AXPY,128000000,AMD,64T,64,0.0300158363529411,4.6590361323529415,0.139756148542527,155.1571850627947,1551.1449872945316,1165.949452133795,False
AXPY,128000000,INTEL,1T,1,0.0733036821785714,3.2723479285714285,0.239765895460189,44.6674719521762,3932.371643961207,789.1596780285148,False
AXPY,128000000,INTEL,2T,2,0.0491355350238095,2.710945071428571,0.1333432618283533,55.07615515782563,2602.902940921999,636.6157570893525,False
AXPY,128000000,INTEL,4T,4,0.0429622874166666,2.9245441875,0.1257187484753914,67.98334745100237,2263.3179724404126,694.6547325952854,False
AXPY,128000000,INTEL,8T,8,0.0431929058541666,3.9874699375,0.1722543178661141,92.2157550686835,2276.0040916135845,983.4720400051406,False
AXPY,128000000,INTEL,10T,10,0.0439143605652173,4.4818425,0.1968415921188353,102.0460766434728,2315.690686239979,1117.802544613351,False
AXPY,128000000,INTEL,16T,16,0.044571998173913,4.268407086956522,0.1902498877368724,95.76509855499737,2351.866757707262,1059.808050359046,False
AXPY,128000000,INTEL,20T,20,0.0465912333181818,4.8209313181818185,0.2245914330728254,103.4829265616076,2462.943122444362,1209.9394783926512,False
AXPY,256000000,3090,gpu_resident,-1,0.003627064298913,1.2767771739130436,0.0046313360925629,351.9893685903122,0.0,72.38215669393028,True
AXPY,256000000,5060ti,gpu_resident,-1,0.0077655605271317,0.7406666666666666,0.0057521846931215,95.37406922398324,114.10043735532813,0.0,True
AXPY,256000000,AMD,1T,1,0.1035646594999999,7.42849615,0.7714769924342026,71.2182305550853,2755.3301227948273,902.9472749774978,False
AXPY,256000000,AMD,2T,2,0.0676616499999999,5.4306853,0.3676506306042464,80.40710354401648,1765.465964313826,633.2158370837085,False
AXPY,256000000,AMD,4T,4,0.0566309795,5.031608638888889,0.2847972322395216,88.89973913507899,1461.3447910744735,579.3350997599761,False
AXPY,256000000,AMD,8T,8,0.0571047852777777,5.721970416666666,0.326747131661558,100.20270211936015,1474.4078563727562,672.5432605760576,False
AXPY,256000000,AMD,10T,10,0.0576936032777777,5.973833777777778,0.344598225921269,103.54216454082233,1490.6418668968172,706.5482148214822,False
AXPY,256000000,AMD,16T,16,0.0579634262222222,6.836452,0.3964228434487938,117.93978625903738,1498.081022153187,823.0133213321334,False
AXPY,256000000,AMD,20T,20,0.063671450875,7.7105454375,0.4909444774584826,121.0982415635275,1655.45415321371,941.0277368361837,False
AXPY,256000000,AMD,32T,32,0.0589129512058823,8.826455911764707,0.5200563549187378,149.79256749284804,1524.2599069318405,1091.6907171599516,False
AXPY,256000000,AMD,64T,64,0.0597122620294117,9.288174647058824,0.5548229118483523,155.54879559407587,1546.29731122514,1154.0289802509665,False
AXPY,256000000,INTEL,1T,1,0.1462900028571429,6.505018714285715,0.952599992005285,44.41654131082651,3933.289481550816,778.2653529638679,False
AXPY,256000000,INTEL,2T,2,0.0992485558636363,5.514698136363636,0.5441546479108327,55.84864849684456,2636.3329592304235,644.5587042795189,False
AXPY,256000000,INTEL,4T,4,0.0867769850833333,5.893778666666666,0.5112432328423568,67.95009908177596,2292.48543537923,695.739693969397,False
AXPY,256000000,INTEL,8T,8,0.0867070756249999,8.001006958333333,0.693546254128897,92.05923468302404,2290.557996200543,980.2439637713771,False
AXPY,256000000,INTEL,10T,10,0.0879111910833333,9.046455125,0.7953921577270626,102.8905681763523,2323.756069328011,1121.3935812331235,False
AXPY,256000000,INTEL,16T,16,0.08917067,8.655798041666667,0.7723672107667581,97.00417400940395,2358.4805410459276,1068.6496005850588,False
AXPY,256000000,INTEL,20T,20,0.092894765,9.671952909090908,0.8985025783468825,104.11476987380271,2461.155726625518,1205.8442271499878,False
CONV2D,1,3090,gpu_resident,-1,0.0003114451813407,0.1065770775409329,3.318029078511065e-05,342.6201933508904,0.0,0.0,True
CONV2D,1,5060ti,gpu_resident,-1,0.0007166533381088,0.1198900429799427,8.592193468997175e-05,167.28699681777482,130.10577175211765,12.49139659876366,False
CONV2D,1,AMD,1T,1,0.0580188854166666,4.513918666666667,0.2629295657354549,77.48862506815888,18528.923769797504,4135.356017275865,False
CONV2D,1,AMD,2T,2,0.0291960060857142,2.8118081,0.0820693290249946,96.10978708190312,9274.364361661368,2538.28598501406,False
CONV2D,1,AMD,4T,4,0.0143660886785714,1.9024574859154928,0.0272527302068629,132.16346908958172,4512.71823719625,1685.053155717109,False
CONV2D,1,AMD,8T,8,0.0071988618273381,1.436976713768116,0.0103512420215695,199.58041933818768,2211.437857650792,1248.2981021094508,False
CONV2D,1,AMD,10T,10,0.0058883297836257,1.3504036666666668,0.0079477233642794,229.28844278433377,1790.6472587817198,1167.0676451491356,False
CONV2D,1,AMD,16T,16,0.0037927238890977,1.0872644022556393,0.0041234007463935,286.791495932691,1117.782170451601,920.1672135718445,False
CONV2D,1,AMD,20T,20,0.0031414105815047,0.9009298228840126,0.0028301906321943,286.9578861795057,908.6560235036064,745.3317014045481,False
CONV2D,1,AMD,32T,32,0.0021982584226579,0.5786336383442265,0.0012720885942809,263.16936510167466,605.825151378134,442.9250376301523,False
CONV2D,1,AMD,64T,64,0.0022112709112554,0.5902663311688312,0.0013048297345362,266.8463417738949,610.0032505676879,453.839854486654,False
CONV2D,1,INTEL,1T,1,0.0365683902321428,2.179030055555556,0.0799133954558941,59.62243591625499,11641.517423619873,1944.5578972820485,False
CONV2D,1,INTEL,2T,2,0.0189302079629629,1.490594461538462,0.0283762207198502,78.83650380282948,5978.182966733569,1298.6069949853634,False
CONV2D,1,INTEL,4T,4,0.0098639487621359,1.03561042,0.010355170688908,106.54885545996136,3067.1540781828335,871.7008984434336,False
CONV2D,1,INTEL,8T,8,0.005496807090909,0.8130311546391753,0.0044813889019571,148.51810877382383,1664.9356677301953,662.8574299449294,False
CONV2D,1,INTEL,10T,10,0.0045561655357142,0.7349544012605043,0.0034123337262602,163.95389988189004,1362.9109097469266,589.598943992653,False
CONV2D,1,INTEL,16T,16,0.0051019395048309,0.7997979468599035,0.0040843886977572,156.38492820045775,1538.150085632477,650.4408690064955,False
CONV2D,1,INTEL,20T,20,0.0045348652400881,0.7182687139639639,0.0032550984654399,159.03307540352688,1356.0717300446092,573.9429627239492,False
CONV2D,2,3090,gpu_resident,-1,0.0002893070187211,0.0979851670506912,2.8346523125624988e-05,338.70446509467223,0.0,5.991342968889035,True
CONV2D,2,5060ti,gpu_resident,-1,0.0005828563919627,0.0924463869463869,5.388019495007685e-05,158.61736335242776,101.46638492880457,0.0,True
CONV2D,2,AMD,1T,1,0.0337962657833333,2.5258530500000003,0.0853674391548843,74.65409722663824,11581.799471278586,2632.2355512550603,False
CONV2D,2,AMD,2T,2,0.016445322,1.51065818852459,0.0248261308035333,92.45447955649546,5584.384040420998,1534.0911077473227,False
CONV2D,2,AMD,4T,4,0.0075068488571428,0.9603028421052632,0.0072173419232179,127.98004154986369,2494.7690071009342,938.7673048403487,False
CONV2D,2,AMD,8T,8,0.0038291366278195,0.7276963679245283,0.0027802654705793,189.8552015004529,1223.5546945063554,687.155011635605,False
CONV2D,2,AMD,10T,10,0.0031099920869565,0.6817055,0.0021216440558077,219.5064286386562,974.9798261737365,637.406320049421,False
CONV2D,2,AMD,16T,16,0.0019994620266798,0.5726117303149607,0.0011450699887862,286.55038820481434,591.1211610138421,519.39871230126,False
CONV2D,2,AMD,20T,20,0.0016444488265802,0.4716930081037277,0.0007756750110339,286.86547553692867,468.40958572301156,410.23411913034533,False
CONV2D,2,AMD,32T,32,0.0011579776864988,0.3157316819221968,0.0003656102609874,272.45141762693095,300.25910592066293,241.52949871940515,False
CONV2D,2,AMD,64T,64,0.001190527613744,0.3022220253537735,0.0003594420046951,254.3251383528488,311.51010404338024,226.91599459592,False
CONV2D,2,INTEL,1T,1,0.0195394670490196,1.1776363,0.0235019279785036,59.4310169075106,6653.8862815686425,1173.8586535382449,False
CONV2D,2,INTEL,2T,2,0.0101917221938775,0.8140106789473682,0.0082326347016546,79.39014080846854,3422.8050252395024,780.5218958091281,False
CONV2D,2,INTEL,4T,4,0.0053186961329787,0.562641539893617,0.0029754478856621,105.802438987812,1738.426235384932,508.6138771652739,False
CONV2D,2,INTEL,8T,8,0.0028661016988636,0.4258977485795454,0.0012216330060497,149.31179292281487,890.6782460838261,360.6970187234459,False
CONV2D,2,INTEL,10T,10,0.0023674438376168,0.3934565298329355,0.00093475275937,165.85688960549666,718.3153827661132,325.6050915879661,False
CONV2D,2,INTEL,16T,16,0.0027300620365853,0.4201816717877095,0.0011487520495765,153.5153824156209,843.6556529646989,354.51389250224395,False
CONV2D,2,INTEL,20T,20,0.0023610855511727,0.3791731833688699,0.0008969229826298,160.1342543945515,716.1176184421754,310.1546808841394,False
CONV2D,3,3090,gpu_resident,-1,0.0002380348142352,0.0784748464808691,1.8652604101657136e-05,331.43452204395624,0.0,0.0,True
CONV2D,3,5060ti,gpu_resident,-1,0.0004731176098644,0.084270028275212,3.983201198982845e-05,177.82615790765743,98.75983745676666,7.3847634678147145,False
CONV2D,3,AMD,1T,1,0.0310757721666666,2.372895015151516,0.0737713340939017,76.35326773485343,12955.137445550681,2923.7650936086757,False
CONV2D,3,AMD,2T,2,0.0149275039626865,1.4271104626865672,0.0213005112076088,95.38920984159635,6171.143156369039,1718.5578267228261,False
CONV2D,3,AMD,4T,4,0.007419971537037,0.9717812888888888,0.0072104369054,130.86562594611507,3017.179123934953,1138.3347435101941,False
CONV2D,3,AMD,8T,8,0.0037727315770676,0.7390405582706767,0.0027881788623906,195.7016509736878,1484.9494911865281,841.7547041023431,False
CONV2D,3,AMD,10T,10,0.0031042082962962,0.6967087593167702,0.0021627524008282,224.5153646989791,1204.098438822886,787.8115607229848,False
CONV2D,3,AMD,16T,16,0.0019796545701581,0.5679677262845849,0.0011245750034373,286.78347940458445,731.6659798352108,623.7576774655383,False
CONV2D,3,AMD,20T,20,0.0016642344595041,0.477626873553719,0.0007948831013302,286.93305624135496,599.155904925607,508.6369008318567,False
CONV2D,3,AMD,32T,32,0.0011554848568985,0.3091019224629418,0.0003571627377296,267.5751818174992,385.42683162168714,293.8866226878136,False
CONV2D,3,AMD,64T,64,0.0011875674852594,0.2996115106257379,0.0003545213331255,253.067928759784,398.90495601453307,281.7930509730635,False
CONV2D,3,INTEL,1T,1,0.0188871943679245,1.1311252692307692,0.0217190467190791,58.99019872230921,7834.63528795508,1341.3857687590626,False
CONV2D,3,INTEL,2T,2,0.0091348010545454,0.7475416954545455,0.0070584752255578,79.21724526811961,3737.5903474016154,852.5876493900298,False
CONV2D,3,INTEL,4T,4,0.0048433920047846,0.5178184191919192,0.0024908104278586,106.19041886252542,1934.741019017029,559.8527329622174,False
CONV2D,3,INTEL,8T,8,0.002623572220052,0.3915166341145834,0.001028114452294,143.65824466360348,1002.1800439072213,398.9071679293171,False
CONV2D,3,INTEL,10T,10,0.0022424372312373,0.358497366972477,0.0008168508949091,162.34280631687687,842.0627139950918,356.8309248746003,False
CONV2D,3,INTEL,16T,16,0.0025625471243654,0.4101718705583756,0.0010516477261296,155.18962424485582,976.5429975437839,422.67941761232873,False
CONV2D,3,INTEL,20T,20,0.0022411155,0.3907400053763441,0.000886046111758,174.79753799216428,841.5074459593857,397.9175148454738,False
CONV2D,4,3090,gpu_resident,-1,0.0003062447918572,0.1001294602012808,3.067337682275305e-05,327.0043278489277,0.0,16.22600414579951,True
CONV2D,4,5060ti,gpu_resident,-1,0.0004846154214079,0.0861506518590053,4.162082554943685e-05,177.80523568975954,58.24446138952564,0.0,True
CONV2D,4,AMD,1T,1,0.0304817714848484,2.3210360909090912,0.0707901557717341,76.06053207516692,9853.400774587493,2594.1596387543455,False
CONV2D,4,AMD,2T,2,0.0151544456515151,1.427058318181818,0.0216458119265154,94.23050861535124,4848.474571473373,1556.4683927375854,False
CONV2D,4,AMD,4T,4,0.0075973408947368,0.967936030075188,0.0073641295410768,127.37112734045256,2380.8065628359786,1023.5388348068662,False
CONV2D,4,AMD,8T,8,0.003864740007722,0.7295719343629343,0.0028206703390013,188.8515654322137,1161.9773823040568,746.8559652420927,False
CONV2D,4,AMD,10T,10,0.003130842965625,0.6806244565217391,0.0021275305677772,217.00384362466352,922.3334563955269,690.0398219106378,False
CONV2D,4,AMD,16T,16,0.0020041032748015,0.574994626984127,0.0011525239522293,286.7667896118324,554.4121983749525,567.4292237801831,False
CONV2D,4,AMD,20T,20,0.0016870654521812,0.4834760989932886,0.000816121597811,286.8913704954379,450.8878834967643,461.19842225285606,False
CONV2D,4,AMD,32T,32,0.0011607068039772,0.3173800539772727,0.0003683663670217,273.64112986615106,279.01274889874054,268.40122173039254,False
CONV2D,4,AMD,64T,64,0.0011965880670225,0.2903272330960854,0.0003476391931357,242.3507619531657,290.72927894246817,236.9994617930886,False
CONV2D,4,INTEL,1T,1,0.022894172215909,1.4817138837209305,0.0339605638898411,63.173118173654544,7375.775204883944,1619.9102406629643,False
CONV2D,4,INTEL,2T,2,0.0114242974942528,0.8941399540229885,0.01022024768341,78.00657085421783,3630.446295909541,937.8794991433653,False
CONV2D,4,INTEL,4T,4,0.0056336019353932,0.5916,0.0033345339900472,104.30949510772372,1739.574773248752,586.7040321043842,False
CONV2D,4,INTEL,8T,8,0.0030713290945121,0.451609993902439,0.0013875874031286,146.5348079192957,902.9000251355267,424.2096074229905,False
CONV2D,4,INTEL,10T,10,0.0025760560875634,0.410718193902439,0.0010562356384894,159.76540437193415,741.1754766313214,376.7441511349478,False
CONV2D,4,INTEL,16T,16,0.002606036418575,0.4146873237704918,0.0010858325138522,157.27360791663892,750.9651389566092,381.35134769400423,False
CONV2D,4,INTEL,20T,20,0.002491494742647,0.430116029040404,0.0011008014039825,177.36471149417392,713.5631393231229,399.2603303157063,False
CONV2D,5,3090,gpu_resident,-1,0.0004733076907677,0.1587692853762423,7.516846282475107e-05,335.31031926043886,0.0,0.0,True
CONV2D,5,5060ti,gpu_resident,-1,0.0010487651956087,0.1862388282025819,0.0001949508020594,178.32506534848417,121.58211583412348,17.30154718605923,False
CONV2D,5,AMD,1T,1,0.0935557904090909,6.784058454545454,0.6318490920556734,72.47471665254024,19666.37866529158,4172.903564734818,False
CONV2D,5,AMD,2T,2,0.0494658983333333,4.139881928571429,0.2048383554482504,83.54212436915256,10351.108084278145,2507.482876024147,False
CONV2D,5,AMD,4T,4,0.0257072899875,2.713870075,0.0697123991123103,105.47331909656192,5331.411846657943,1609.3168042980274,False
CONV2D,5,AMD,8T,8,0.011591291091954,1.7905085057471264,0.0207881334704063,155.05838027208927,2348.9969882283235,1027.7423725275846,False
CONV2D,5,AMD,10T,10,0.0098475020194174,1.7195312619047618,0.0169218661586511,173.0800090253537,1980.5708868674533,983.0377285064399,False
CONV2D,5,AMD,16T,16,0.0059614922982456,1.4099855789473683,0.0083964372160376,236.58215144604785,1159.5384386372687,788.07200687845,False
CONV2D,5,AMD,20T,20,0.0051717255979381,1.364837482142857,0.007076170229507,264.4724789483839,992.6772792450546,759.6357153769029,False
CONV2D,5,AMD,32T,32,0.0030901042752293,0.8868942293577982,0.0027402481620032,286.94086732216044,552.8743004824587,458.60566938755653,False
CONV2D,5,AMD,64T,64,0.0028799458508522,0.7427797698863636,0.0021387264510902,257.6772095096608,508.4722279033663,367.8359344669008,False
CONV2D,5,INTEL,1T,1,0.0456709579318181,2.7529857045454547,0.1281601858300956,61.11749123926417,9549.316675530941,1633.9535779994146,False
CONV2D,5,INTEL,2T,2,0.0227369961999999,1.9037506777777773,0.0433474532327068,83.58654544525206,4703.850992389483,1099.0673594495174,False
CONV2D,5,INTEL,4T,4,0.0121015435738636,1.297084237804878,0.0158280111641947,105.04985169240986,2456.8026486607528,716.9616905002265,False
CONV2D,5,INTEL,8T,8,0.0067268879019607,1.0133582843137252,0.0068104071602238,148.58733484594035,1321.250495856038,538.2583897838472,False
CONV2D,5,INTEL,10T,10,0.0063174054813664,1.0173943726708077,0.0064295002829032,158.61705137309923,1234.7354384036387,540.8004988243446,False
CONV2D,5,INTEL,16T,16,0.0068892084246575,1.0773361493055558,0.0074351761578706,155.20558112182903,1355.5454219396431,578.554511820436,False
CONV2D,5,INTEL,20T,20,0.0064635845961538,1.0498521855345913,0.0067676192761994,161.22526787384257,1265.620023133352,561.2438816781923,False
CONV2D,6,3090,gpu_resident,-1,0.0007474163896627,0.2526645894428152,0.0001888588882384,339.9150058830869,0.0,15.916102062308624,True
CONV2D,6,5060ti,gpu_resident,-1,0.0012177912001216,0.2179719512195121,0.0002658100575788,178.82690867520347,62.93343536006408,0.0,True
CONV2D,6,AMD,1T,1,0.1211086398333333,9.190166333333334,1.1111251500561932,75.66281907045095,16103.637157058887,4116.215105620737,False
CONV2D,6,AMD,2T,2,0.0608879819117647,5.507739529411765,0.3355467236888535,90.48433700388364,8046.460628090148,2426.811132623715,False
CONV2D,6,AMD,4T,4,0.0307383907727272,3.6725041969696974,0.1129547531189052,119.38365310682892,4012.6193107163554,1584.851732721906,False
CONV2D,6,AMD,8T,8,0.0158110545078125,2.7522819062500004,0.043514988448668,174.470261516155,2015.427856077365,1162.6770971455273,False
CONV2D,6,AMD,10T,10,0.01271476694375,2.54486484375,0.0323997735445733,200.0898517608104,1601.162447011367,1067.5194122509615,False
CONV2D,6,AMD,16T,16,0.0086087858135593,2.249133093220339,0.0193618143868958,261.2408138104873,1051.8058651944123,931.8451895470322,False
CONV2D,6,AMD,20T,20,0.0071839707428571,2.060922310714286,0.0148044440333409,286.7840851524644,861.1738305737636,845.4988585383637,False
CONV2D,6,AMD,32T,32,0.0057522896522988,1.577701448275862,0.0090759053178021,274.25824462046626,669.6231621164661,623.8093889828112,False
CONV2D,6,AMD,64T,64,0.0058180355289017,1.4056095578034682,0.0081720083071273,242.15368103600355,678.4195810219401,544.8579966088971,False
CONV2D,6,INTEL,1T,1,0.0712388973928571,4.30705525,0.3105792790568735,59.84318418363152,9431.353389909787,1875.9676535915908,False
CONV2D,6,INTEL,2T,2,0.0359557475357142,2.951530703703704,0.1066168913269777,80.24176494706263,4710.671539052093,1254.08738931337,False
CONV2D,6,INTEL,4T,4,0.0191116566981132,2.06094969,0.0396897657737595,104.69570276402072,2457.029383144523,845.5114194598773,False
CONV2D,6,INTEL,8T,8,0.0110582729315789,1.6486653789473684,0.0182439075425047,148.31094401015952,1379.5331069163958,656.365839606149,False
CONV2D,6,INTEL,10T,10,0.0098974679660194,1.5926298834951456,0.0157684921038201,158.9529923988963,1224.2241009039162,630.6581762399614,False
CONV2D,6,INTEL,16T,16,0.0113505715505617,1.7668905113636364,0.0202798031772624,152.16517256725675,1418.6409754386143,710.6045302976902,False
CONV2D,6,INTEL,20T,20,0.0096999421826923,1.6082024466019418,0.0156355400169085,162.8402089551789,1197.7962909095113,637.8024730266217,False
GEMM,64,3090,gpu_resident,-1,5.217029646225186e-06,0.0008412728598968,4.3884049941422e-09,161.272674,131.38829681679445,585.6405729411613,False
GEMM,64,5060ti,gpu_resident,-1,9.9198e-06,0.0003328180970606,3.305062765486325e-09,33.558896000000004,339.967909406847,171.24801194919036,False
GEMM,64,AMD,1T,1,6.141290389648509e-06,0.0004489162576312,2.7544620769462603e-09,73.10533894163612,172.38156956733155,265.86845333702496,False
GEMM,64,AMD,2T,2,6.159581298579428e-06,0.000451306826107,2.7809819007266395e-09,73.31500632371731,173.1928170686408,267.81677571557367,False
GEMM,64,AMD,4T,4,6.150596234245028e-06,0.0004517064495809,2.778044956810056e-09,73.20037635337508,172.79430702094908,268.1424703631332,False
GEMM,64,AMD,8T,8,6.127075280692067e-06,0.0004459453095281,2.7324931305866e-09,72.75567523662829,171.7510939761345,263.44711936003466,False
GEMM,64,AMD,10T,10,6.172419863974154e-06,0.0004541538549446,2.804459982261312e-09,73.44997515925976,173.76223951430507,270.13711502098226,False
GEMM,64,AMD,16T,16,6.1467178740935855e-06,0.0004476439363255,2.7529329016632667e-09,72.88295674166744,172.6222920601881,264.8315066451842,False
GEMM,64,AMD,20T,20,6.173973482929481e-06,0.0004533963301336,2.799909293554025e-09,73.33371377934698,173.8311463958743,269.51972942566556,False
GEMM,64,AMD,32T,32,6.158818006621535e-06,0.0004516739233829,2.7826103914602046e-09,73.22482541984287,173.15896316362443,268.1159613883459,False
GEMM,64,AMD,64T,64,6.150360338662764e-06,0.0004512140479586,2.7774314011750022e-09,73.27155422228482,172.78384446261455,267.7411611725903,False
GEMM,64,INTEL,1T,1,2.27955353191567e-06,0.0001302476983123,2.955619710912405e-10,57.41033191136852,1.103893406916634,6.152368336318159,False
GEMM,64,INTEL,2T,2,2.3341587456962664e-06,0.0001422062872677,3.315061385578318e-10,61.11752635352188,3.5257710405143916,15.898663710632398,False
GEMM,64,INTEL,4T,4,2.495490320994838e-06,0.0001533466426762,3.8794209340223957e-10,60.86617984688321,10.681229407157456,24.978095639518227,False
GEMM,64,INTEL,8T,8,2.38046757703582e-06,0.0001511939551011,3.5991294544620287e-10,60.75489305707059,5.579683388700607,23.22364709765521,False
GEMM,64,INTEL,10T,10,2.2824659460891084e-06,0.0001300904409313,2.967401140859297e-10,57.03151408365595,1.2330662506447876,6.024202974105841,False
GEMM,64,INTEL,16T,16,2.2546644398164424e-06,0.0001226988152536,2.7486604971657544e-10,54.97036828195608,0.0,0.0,True
GEMM,64,INTEL,20T,20,2.305018734654989e-06,0.0001247672184763,2.8648912996634436e-10,55.193678515235504,2.233338759830983,1.6857564748485432,False
GEMM,128,3090,gpu_resident,-1,5.161102740856931e-06,0.0009229959547593,4.763598433803592e-09,178.839948,0.0,120.48317563063024,True
GEMM,128,5060ti,gpu_resident,-1,9.920571233570831e-06,0.0004186242111759,4.203116042249507e-09,41.7281745,92.21805361548867,0.0,True
GEMM,128,AMD,1T,1,3.946580300632912e-05,0.0029427126186708,1.1617693374288114e-07,74.51417589577596,664.6777246634767,602.9485013312604,False
GEMM,128,AMD,2T,2,2.514937415171166e-05,0.0022271713668124,5.5991049808740064e-08,88.44757697720928,387.2868341221191,432.02163356876986,False
GEMM,128,AMD,4T,4,1.4477002407821068e-05,0.0016263004085608,2.3492050405638932e-08,112.42009865792488,180.50211620893558,288.4869448884913,False
GEMM,128,AMD,8T,8,1.851245028841675e-05,0.002191258630499,4.0671802495355374e-08,119.4795415659128,258.69176061670515,423.4428807506941,False
GEMM,128,AMD,10T,10,1.824693754785081e-05,0.0021799541452477,3.978968904470808e-08,119.8531121008543,253.54726429687688,420.7424910098461,False
GEMM,128,AMD,16T,16,1.849728245798901e-05,0.0022111887767363,4.0896499320114425e-08,119.6003717588288,258.39787322113625,428.2037487810732,False
GEMM,128,AMD,20T,20,1.833611390898269e-05,0.0022073487775844,4.0488770671130143e-08,119.17531481178514,255.27511909089077,427.28645851228686,False
GEMM,128,AMD,32T,32,1.8381452121430503e-05,0.0021948070173858,4.032664273922641e-08,119.28717098101993,256.15357888377383,424.29051134445086,False
GEMM,128,AMD,64T,64,1.819382550821096e-05,0.0021762437822618,3.93274760725172e-08,119.41240942990076,252.5181811278983,419.85616793372066,False
GEMM,128,INTEL,1T,1,2.717564386971107e-05,0.0016505662807055,4.506482591140831e-08,60.8473368895535,426.5472367868213,294.2835212681847,False
GEMM,128,INTEL,2T,2,2.12574761399788e-05,0.0014973233556518,3.274268078996925e-08,71.70039034289941,311.87856950991994,257.67719966455684,False
GEMM,128,INTEL,4T,4,1.3199319247906131e-05,0.0012227639253655,1.60855323067685e-08,92.53256844533075,155.7461052541373,192.09106705290674,False
GEMM,128,INTEL,8T,8,1.2722437863895323e-05,0.0014828760522532,1.845036680450878e-08,119.34317653722177,146.50619262392235,254.2260606685542,False
GEMM,128,INTEL,10T,10,1.2571068788372388e-05,0.0014470509976176,1.8156633505523653e-08,114.59660859272012,143.57331019310675,245.66825305036394,False
GEMM,128,INTEL,16T,16,1.2725080469656098e-05,0.0014895722949091,1.9113586823657672e-08,118.28783668918292,146.55739497143338,255.8256438931103,False
GEMM,128,INTEL,20T,20,1.299612199374391e-05,0.0015768671286087,2.0540724076120875e-08,121.24285043131238,151.80901536531087,276.6784353392601,False
GEMM,256,3090,gpu_resident,-1,7.180509782803805e-06,0.0019915961861547,1.4299542522828053e-08,277.2113545,0.0,59.58431761807448,True
GEMM,256,5060ti,gpu_resident,-1,1.637327853013903e-05,0.0012479899127188,2.0442138841265857e-08,76.18963600000001,128.0239011629852,0.0,True
GEMM,256,AMD,1T,1,0.0002841132667617,0.0216576111584327,6.13752679230708e-06,75.96983213358709,3856.728357116186,1635.399536303195,False
GEMM,256,AMD,2T,2,0.0001553230745437,0.0144182130374265,2.249464664600933e-06,92.38231791618666,2063.1204363188035,1055.3148699748542,False
GEMM,256,AMD,4T,4,8.786470844212359e-05,0.0104991572671888,9.224941191056854e-07,119.61415658095244,1123.6555773873577,741.2854270845772,False
GEMM,256,AMD,8T,8,9.127028998723328e-05,0.0123504890570855,1.1269786829841705e-06,135.63428088798906,1171.0837078143297,889.6305195431769,False
GEMM,256,AMD,10T,10,0.0001003160276372,0.0140434021651964,1.4120363592707652e-06,140.45764396520832,1297.0599674892328,1025.2817047697317,False
GEMM,256,AMD,16T,16,7.063734392735529e-05,0.0120784995388762,8.528004993398196e-07,170.7589155870351,883.737172763425,867.8363114780846,False
GEMM,256,AMD,20T,20,9.476170093979715e-05,0.017719170652275,1.6790989484205224e-06,187.53848277563847,1219.707149020764,1319.8168167620058,False
GEMM,256,AMD,32T,32,7.319983755914967e-05,0.0159702319725969,1.1690187477611566e-06,218.1778974619709,919.4239653353277,1179.6763667588514,False
GEMM,256,AMD,64T,64,7.579181508147025e-05,0.0164481361500568,1.2465800715973144e-06,217.07153222955856,955.5213678975797,1217.9702802423958,False
GEMM,256,INTEL,1T,1,0.0001885600364963,0.0118498009332803,2.291367295880167e-06,64.53960357926127,2525.997905439412,849.510954576948,False
GEMM,256,INTEL,2T,2,0.000111381581883,0.0090224798188729,9.930583948003097e-07,80.10610626576948,1451.1653803430702,622.9609572097452,False
GEMM,256,INTEL,4T,4,6.545919630063827e-05,0.0070102348500306,4.602089690816148e-07,107.42307680197558,811.6232451545819,461.72207632339763,False
GEMM,256,INTEL,8T,8,3.945221954115439e-05,0.0055113264120244,2.1684149624597985e-07,138.13997377684967,449.4347996800488,341.61626274828916,False
GEMM,256,INTEL,10T,10,6.503224979162659e-05,0.0087030169263319,5.664051066093366e-07,137.03930478602535,805.6773371072989,597.36276212137,False
GEMM,256,INTEL,16T,16,5.131122291021672e-05,0.0077932210092066,3.943641735829133e-07,149.60898916933672,614.5902514205753,524.4618590088386,False
GEMM,256,INTEL,20T,20,6.004461649695728e-05,0.0092104732330915,5.386624567408444e-07,155.15134675334946,736.2166240724958,638.0246538232096,False
GEMM,512,3090,gpu_resident,-1,2.269167419792137e-05,0.0072134093990058,1.6351774961251068e-07,317.8530975,0.0,0.0,True
GEMM,512,5060ti,gpu_resident,-1,6.959931792873051e-05,0.0074871589643652,5.211011571438021e-07,107.5751375,206.71742120775747,3.7950094084099772,False
GEMM,512,AMD,1T,1,0.002179888286334,0.1687629781181619,0.0003675722859464,76.5672108889856,9506.555546852001,2239.57299223058,False
GEMM,512,AMD,2T,2,0.001123597237569,0.1056786632996633,0.0001186347655964,94.08802206382296,4851.583685578938,1365.0307150766826,False
GEMM,512,AMD,4T,4,0.0006020277945619,0.0757735513595166,4.559597278610637e-05,125.22987484830917,2553.0779056269353,950.4540525588387,False
GEMM,512,AMD,8T,8,0.0004976058266932,0.0746009567354965,3.714038809937707e-05,150.81882796329933,2092.900454823128,934.1982911129166,False
GEMM,512,AMD,10T,10,0.0005002458688032,0.0810933791645947,4.042527961689388e-05,161.31696350158865,2104.534863492021,1024.203198223735,False
GEMM,512,AMD,16T,16,0.0003065232558139,0.0648808432497734,1.98758411106551e-05,211.704916424676,1250.8181597371008,799.447676693849,False
GEMM,512,AMD,20T,20,0.0003519842357779,0.0775443065455791,2.729599580545993e-05,220.63056893532377,1451.160274503425,975.0021557942736,False
GEMM,512,AMD,32T,32,0.0003313285950413,0.0805506995041322,2.6700751814427708e-05,243.2443277261588,1360.1328758353616,1016.6799920608171,False
GEMM,512,AMD,64T,64,0.0004282555978031,0.1123216478664976,4.808983553880315e-05,262.2874674593834,1787.280744769064,1457.1228756540356,False
GEMM,512,INTEL,1T,1,0.001349437751004,0.0790135032552083,0.000106069269673,58.83063785106185,5846.840851115397,995.369732738287,False
GEMM,512,INTEL,2T,2,0.0007771700310559,0.0594339211956521,4.616145800240032e-05,77.83058526350976,3324.912698275438,723.9366145479512,False
GEMM,512,INTEL,4T,4,0.0004284252609603,0.0461172231005709,1.9484660491667607e-05,102.7845975685479,1788.0284337924484,539.3262956477568,False
GEMM,512,INTEL,8T,8,0.0002629244156504,0.0378899667030567,9.90559311926735e-06,146.63541638679277,1058.6823138615514,425.27126365902575,False
GEMM,512,INTEL,10T,10,0.0002991651590312,0.0458491040868454,1.379645076117929e-05,153.75616596219635,1218.3917432527057,535.6093429712256,False
GEMM,512,INTEL,16T,16,0.0002532285750188,0.0389238862779592,9.863923528014535e-06,153.89842185411533,1015.9536877274421,439.60456318095504,False
GEMM,512,INTEL,20T,20,0.0003046368181818,0.0491742718181818,1.500784502318081e-05,161.5976194827802,1242.5048126669546,581.7063762519749,False
GEMM,1024,3090,gpu_resident,-1,0.0001209905795373,0.0399124833676061,4.834098283702735e-06,329.916699,0.0,0.0,True
GEMM,1024,5060ti,gpu_resident,-1,0.000448735017889,0.0553448121645796,2.4835180034446093e-05,123.3350335,270.88426190293615,38.66541867324331,False
GEMM,1024,AMD,1T,1,0.0174476754385964,1.3368925789473685,0.0234255581505447,76.93402029134462,14320.689201854335,3249.560002654262,False
GEMM,1024,AMD,2T,2,0.0087680701754385,0.8341272938596491,0.0073129477806162,95.40774556042004,7146.903196075199,1989.8907396392335,False
GEMM,1024,AMD,4T,4,0.0046733674418604,0.5896492069767442,0.0027570117418762,126.0837738037141,3762.5878640573455,1377.355346561365,False
GEMM,1024,AMD,8T,8,0.0033118316831683,0.535258595709571,0.0017721945889184,161.61247873783765,2637.2640876947785,1241.080660854091,False
GEMM,1024,AMD,10T,10,0.0032367451612903,0.5565093403225807,0.0018004534837512,171.88267944907142,2575.204279265766,1294.3240143615235,False
GEMM,1024,AMD,16T,16,0.0019111419047619,0.4488921007604562,0.0008576660325907,234.43269094530137,1479.579097869117,1024.6909810798381,False
GEMM,1024,AMD,20T,20,0.0018998009433962,0.4753712253787879,0.0009047470790285,251.3955029201798,1470.2056727569548,1091.033945446277,False
GEMM,1024,AMD,32T,32,0.001783869680851,0.4823434441489362,0.0008604743917489,270.12555819701333,1374.3872520265543,1108.5027125634017,False
GEMM,1024,AMD,64T,64,0.0017508977272727,0.5024086896853146,0.00087965102994,286.97430344113394,1347.1355819342268,1158.7758197303283,False
GEMM,1024,INTEL,1T,1,0.0114667298850574,0.7185562873563218,0.0082394906456552,62.664448741543055,9377.374130208493,1700.3296881785084,False
GEMM,1024,INTEL,2T,2,0.0057486754385964,0.4798575327380952,0.0028201571792679,84.64794435200402,4651.341352839912,1102.274306808879,False
GEMM,1024,INTEL,4T,4,0.0030922656716417,0.3468855910447761,0.0010622581686775,108.94600447810856,2455.7904453944616,769.1155292189023,False
GEMM,1024,INTEL,8T,8,0.0017181529605263,0.2641295251677852,0.0004620644390444,156.4861966323262,1320.0716841732403,561.7717137144087,False
GEMM,1024,INTEL,10T,10,0.0018345819672131,0.3012675954545455,0.0005536288573196,162.4432918244113,1416.3014957272103,654.8204722812645,False
GEMM,1024,INTEL,16T,16,0.0022116209850107,0.3434189822175732,0.000764972093782,156.91553480546563,1727.9282514957144,760.4300039528488,False
GEMM,1024,INTEL,20T,20,0.0020503696969696,0.3323955616161616,0.0006817499217983,165.78825247482888,1594.6523479850714,732.8110244474077,False
GEMM,2048,3090,gpu_resident,-1,0.0007522031602708,0.250474416854778,0.0001885706667215,332.7494845,0.0,0.0,True
GEMM,2048,5060ti,gpu_resident,-1,0.0035105244755244,0.4714739583333333,0.0016621508297526,133.729569,366.6989798687603,88.2323808769213,False
GEMM,2048,AMD,1T,1,0.138984125,10.80127075,1.5073834550659373,78.09435152707687,18376.939787113424,4212.324941457971,False
GEMM,2048,AMD,2T,2,0.0710178666666666,7.0026189,0.4970312505064178,98.58601167536033,9341.31458329682,2695.742171169534,False
GEMM,2048,AMD,4T,4,0.0373827037037037,4.790577148148148,0.1788336576136858,128.30000705468387,4869.761585453269,1812.6013779385964,False
GEMM,2048,AMD,8T,8,0.0226487444444444,3.9354968,0.0891049730361555,173.4877506969398,2910.987674698235,1471.2170725530634,False
GEMM,2048,AMD,10T,10,0.02051512,3.8569154,0.0793940384711282,188.15558066570736,2627.3376507238245,1439.8440481193704,False
GEMM,2048,AMD,16T,16,0.0120242321428571,3.148085869047619,0.0378495644533677,262.5936416571436,1498.535180113876,1156.849265716762,False
GEMM,2048,AMD,20T,20,0.0124178209876543,3.387450901234568,0.0420473722593481,272.92315231978506,1550.859986174981,1252.4139286442858,False
GEMM,2048,AMD,32T,32,0.0087608478260869,2.51485082173913,0.022032226205995,287.01840660274127,1064.6917068166686,904.0350041805706,False
GEMM,2048,AMD,64T,64,0.0084523949579831,2.1149090714285714,0.017877733615508,251.7634213074164,1023.6851165235945,744.3613116204078,False
GEMM,2048,INTEL,1T,1,0.086887625,5.7682791818181816,0.5099783929609583,64.90370214427105,11451.084811810637,2202.9414557585574,False
GEMM,2048,INTEL,2T,2,0.0465387954545454,3.973443681818182,0.1846312413549235,84.33358456068012,6086.9981293073815,1486.3670756131296,False
GEMM,2048,INTEL,4T,4,0.0235325119047619,2.718036035714285,0.0653079603882035,113.12881700558792,3028.478202124275,985.1551507115271,False
GEMM,2048,INTEL,8T,8,0.0140407697368421,2.109212522058824,0.0300952732327889,151.15564354659324,1766.6193494570398,742.0870077448747,False
GEMM,2048,INTEL,10T,10,0.0144533591549295,2.3791204726027395,0.034632164442403,166.3125842695094,1821.4701450770506,849.8456978071835,False
GEMM,2048,INTEL,16T,16,0.0156591171875,2.575794446969697,0.0396167662363668,165.75059310777448,1981.7670031940004,928.3662816003724,False
GEMM,2048,INTEL,20T,20,0.0273102027027027,4.25093268918919,0.1156714048764342,156.20834336711613,3530.6950229869785,1597.1524447759584,False
GEMM,4096,3090,gpu_resident,-1,0.0055513555555555,1.7184388888888886,0.0095613850675,309.6614715,0.0,0.0,True
GEMM,4096,5060ti,gpu_resident,-1,0.0281354166666666,3.898097222222222,0.1095370164857253,138.55651749999998,406.8206564162546,126.83944406906788,False
GEMM,4096,AMD,1T,1,1.0969085,86.59272,94.7730082741045,78.83119377307892,19659.291024014354,4939.034006963686,False
GEMM,4096,AMD,2T,2,0.551253,53.7606895,29.35791131902875,97.22442334534044,9830.061126211516,3028.4609448498154,False
GEMM,4096,AMD,4T,4,0.2899064999999999,37.778169125,10.947151546987564,129.43697572486096,5122.2650323645175,2098.4004999692875,False
GEMM,4096,AMD,8T,8,0.1508828571428571,28.639518857142857,4.321786600880634,189.7458287072104,2617.9461958955517,1566.600950567445,False
GEMM,4096,AMD,10T,10,0.1332950625,28.063006625,3.738462156642712,209.6812025905155,2301.126376540689,1533.0523480613867,False
GEMM,4096,AMD,16T,16,0.0820877692307692,23.353643615384616,1.9168140641020148,284.2218701150519,1378.6977416465452,1259.0034400632458,False
GEMM,4096,AMD,20T,20,0.0780081923076923,22.239936923076925,1.734897275787207,285.1543240983567,1305.2098001473869,1194.1942286616236,False
GEMM,4096,AMD,32T,32,0.0533719210526315,15.194005921052632,0.8071884266828226,283.4165342712746,861.4214135360098,784.1749345463661,False
GEMM,4096,AMD,64T,64,0.05718225,14.10396963888889,0.8068935694201573,246.6101609720328,930.0592247739394,720.7431599740075,False
GEMM,4096,INTEL,1T,1,0.66046725,40.030003,26.44128274461537,60.60238085438132,11797.404938133348,2229.440008534879,False
GEMM,4096,INTEL,2T,2,0.352799,30.534528833333333,10.961058618134668,85.26764939643559,6255.186521009947,1676.87603735949,False
GEMM,4096,INTEL,4T,4,0.19536975,21.451971416666662,4.210620098087015,104.69233719769434,3419.316102973884,1148.3406628755426,False
GEMM,4096,INTEL,8T,8,0.1094632,16.9457696,1.885881462651435,155.78198028605811,1871.82830219648,886.1141824459539,False
GEMM,4096,INTEL,10T,10,0.10153,17.04769805,1.75826401362441,168.4850238739458,1728.9226655351627,892.0456386448943,False
GEMM,4096,INTEL,16T,16,0.1389341875,22.459014625,3.1330309153677502,162.45826745298598,2402.707421810914,1206.9428753164211,False
GEMM,4096,INTEL,20T,20,0.1741685,28.261025916666668,4.945549253500445,156.9116956341568,3037.404878087866,1544.575556302717,False
GEMM,8192,3090,gpu_resident,-1,0.0417390208333333,13.143166666666668,0.5482763006675347,315.195922,0.0,0.0,True
GEMM,8192,5060ti,gpu_resident,-1,0.2244745,31.1611,6.9947694311,138.82007299999998,437.8049017880455,137.08974245171763,False
GEMM,8192,AMD,1T,1,8.719505,684.6218215,5954.030027757966,79.20143700085953,20790.53558495674,5108.956401932563,False
GEMM,8192,AMD,2T,2,4.4124855,430.154726,1918.7605033950056,97.91969902148948,10471.60760339671,3172.839315740752,False
GEMM,8192,AMD,4T,4,2.322616,301.0901345,699.2800304001055,130.1498173887294,5464.615445279277,2190.849246122826,False
GEMM,8192,AMD,8T,8,1.185703,226.735421,268.823618010392,191.04470207054567,2740.7542302791226,1625.1201841260984,False
GEMM,8192,AMD,10T,10,0.99992525,215.186576,214.94152472112427,216.20445403680287,2295.660535480141,1537.2506067791883,False
GEMM,8192,AMD,16T,16,0.62900175,178.15545175,112.06370624726776,283.02764971025874,1406.987316524856,1255.4986881649525,False
GEMM,8192,AMD,20T,20,0.55775275,158.450561,88.36234755651464,283.87690218345153,1236.2861391194203,1105.573702430921,False
GEMM,8192,AMD,32T,32,0.4649546666666666,132.31458633333332,61.5301658349761,284.5295479510292,1013.9568139925028,906.7177088220748,False
GEMM,8192,AMD,64T,64,0.4880948333333333,116.891187,57.321049020204,240.1589660384522,1069.3969422098535,789.3685210312075,False
GEMM,8192,INTEL,1T,1,5.1445745,338.347462,1740.6636431922643,65.50541201185831,12225.575438251486,2474.322235889372,False
GEMM,8192,INTEL,2T,2,2.651757,215.619504,556.0322183929879,83.53452693738168,6253.184495124221,1540.5445465958228,False
GEMM,8192,INTEL,4T,4,1.4417645,169.3801815,251.605561394105,112.26271602885636,3354.236518285999,1188.73189997337,False
GEMM,8192,INTEL,8T,8,0.867264,127.089915,109.9152517632865,146.77398899650458,1977.825456095492,866.9657109524595,False
GEMM,8192,INTEL,10T,10,0.755188,127.77964125,99.85258643626275,170.38554036905856,1709.3093343409184,872.2135044826842,False
GEMM,8192,INTEL,16T,16,0.98306275,166.11906625,164.47813855235324,170.78510021017604,2255.260689812143,1163.9196508959028,False
GEMM,8192,INTEL,20T,20,1.135975,190.343049,216.38956720886,166.50690763842306,2621.6139174323807,1348.2282225237448,False
GEMM,16384,3090,gpu_resident,-1,0.33249425,103.623875,34.50502702403125,311.1984275,0.0,0.0,True
GEMM,16384,5060ti,gpu_resident,-1,1.79322,298.9525,536.0733924875001,166.717081,439.3236123632214,188.49770383514416,False
GEMM,16384,AMD,1T,1,71.717308,5529.4109705,396554.7865618301,77.10004515266701,21469.48819415674,5236.039566653921,False
GEMM,16384,AMD,2T,2,35.620862,3498.837156,124583.26635302804,97.49810173511368,10613.226469329922,3276.4778203864703,False
GEMM,16384,AMD,4T,4,18.721183,2416.817062,45257.26228688983,128.58566241286366,5530.528347482701,2232.2975154133155,False
GEMM,16384,AMD,8T,8,9.5721925,1817.188549,17401.94848644137,189.81474600619333,2778.904672787575,1653.6388684557494,False
GEMM,16384,AMD,10T,10,8.000629,1726.933443,13804.162851865402,215.33831237080773,2306.245822296175,1566.5401124982054,False
GEMM,16384,AMD,16T,16,5.064331,1437.7523755,7280.696123772063,283.94263295453106,1423.1334075702061,1287.4721202039589,False
GEMM,16384,AMD,20T,20,4.466775999999999,1267.1995430000002,5660.295069622811,284.184584902773,1243.41451017574,1122.8837639974379,False
GEMM,16384,AMD,32T,32,3.638703,1037.6603730000002,3775.738286032194,285.1688950059115,994.3656920382833,901.3719068120162,False
GEMM,16384,AMD,64T,64,3.8223485,954.040491,3650.454205423579,249.41643262495097,1049.598376513278,820.6763315886421,False
GEMM,16384,INTEL,1T,1,40.210326,2262.0335765,92071.01963987909,56.074379101964325,11993.540264230134,2082.9270296058703,False
GEMM,16384,INTEL,2T,2,21.9445555,1915.1377665,41695.095138320365,86.66629115858626,6499.980450789751,1748.162661838307,False
GEMM,16384,INTEL,4T,4,12.2368555,1384.446468,16661.26349129864,113.08857842095208,3580.320937880881,1236.0303964699256,False
GEMM,16384,INTEL,8T,8,7.072073,1081.9571905,7598.59318094877,152.19881035028442,2026.976030412556,944.1196012984459,False
GEMM,16384,INTEL,10T,10,6.532229,1088.0854405,7227.848157785047,161.89787916859024,1864.6141249059194,950.0335376379237,False
GEMM,16384,INTEL,16T,16,8.0313155,1306.166456,10545.2633238591,163.18583393517554,2315.4750044549646,1160.4879483613213,False
GEMM,16384,INTEL,20T,20,8.894534,1469.7525855,13057.263080412253,165.26075294821055,2575.0940805743257,1318.3532371280266,False
REDUCTION,1000000,3090,gpu_resident,-1,5.658497548303753e-06,0.0012116827679173,6.8674084746508614e-09,214.1035309688126,0.0,198.56715397202245,True
REDUCTION,1000000,5060ti,gpu_resident,-1,6.147174095315372e-06,0.0004058325746143,2.502561815929421e-09,65.48561848365615,8.636153728795204,0.0,True
REDUCTION,1000000,AMD,1T,1,8.681031800898722e-05,0.0059160706749215,5.170237195764323e-07,67.95391223424244,1434.1584452044224,1357.7614131995406,False
REDUCTION,1000000,AMD,2T,2,5.326478480751368e-05,0.0042050797246163,2.238728484764939e-07,78.82299653697916,841.3238117153705,936.1612121976098,False
REDUCTION,1000000,AMD,4T,4,3.5350934171468485e-05,0.0031538506434306,1.115021470086601e-07,89.18908893572515,524.7406466061938,677.1309748676518,False
REDUCTION,1000000,AMD,8T,8,2.814334881876381e-05,0.0029015266273865,8.16586759814696e-08,103.17418411513056,397.3643370615286,614.9565630960225,False
REDUCTION,1000000,AMD,10T,10,2.8247823811360257e-05,0.0030439909646851,8.598612045379725e-08,107.7470581560371,399.21067509922494,650.0607775455394,False
REDUCTION,1000000,AMD,16T,16,3.1788553760726904e-05,0.0037753449735786,1.2045350266452993e-07,120.4397665220341,461.7843515767919,830.2715478585368,False
REDUCTION,1000000,AMD,20T,20,3.616795002179282e-05,0.0045926555367252,1.663038566439811e-07,128.63419885169674,539.1793883985138,1031.662617543706,False
REDUCTION,1000000,AMD,32T,32,5.032918202650194e-05,0.0073701348143335,3.732703105345753e-07,147.13471856623934,789.4442667310002,1716.0530414144346,False
REDUCTION,1000000,AMD,64T,64,0.0001113619217466,0.0161962598595353,1.8036232936282016e-06,145.42077378676663,1868.0475390500603,3890.8723135219234,False
REDUCTION,1000000,INTEL,1T,1,0.0001464603895153,0.0077316271409749,1.1326409319978051e-06,52.77029163264764,2488.326464137188,1805.1272925350993,False
REDUCTION,1000000,INTEL,2T,2,8.228296997120527e-05,0.0057573638996937,4.776198642046446e-07,69.21640070736333,1354.1487253249977,1318.654947835435,False
REDUCTION,1000000,INTEL,4T,4,3.124603622234756e-05,0.002768624239683,8.612562038244276e-08,88.5353049902299,452.1966910052684,582.2084802616641,False
REDUCTION,1000000,INTEL,8T,8,1.6659152231845433e-05,0.0020945261461553,3.443017706522383e-08,127.17161925894294,194.4094627528706,416.1059700902325,False
REDUCTION,1000000,INTEL,10T,10,1.4282895111668183e-05,0.002149620326401,3.078942018887758e-08,150.07475957866717,152.41497393508217,429.6815634979478,False
REDUCTION,1000000,INTEL,16T,16,1.4006697511042376e-05,0.0018099945017497,2.535204548265791e-08,138.3770378462429,147.53386197438863,345.99537222212984,False
REDUCTION,1000000,INTEL,20T,20,1.1766524408740494e-05,0.0015453026383549,1.8139529036954358e-08,129.3283028785228,107.94432282236728,280.7734358986691,False
REDUCTION,2000000,3090,gpu_resident,-1,1.382743051332375e-05,0.0039716894787203,5.4899818786934745e-08,287.7033896302025,68.70833722839171,444.3086258761558,False
REDUCTION,2000000,5060ti,gpu_resident,-1,8.196056425240346e-06,0.0007296760128185,5.980464346876632e-09,89.02767342185064,0.0,0.0,True
REDUCTION,2000000,AMD,1T,1,0.0001743178830854,0.0118193228913571,2.0595927111495933e-06,68.04722842204325,2026.8506955195614,1519.8042259472004,False
REDUCTION,2000000,AMD,2T,2,9.691568328892272e-05,0.0077561011134373,7.52607628866879e-07,80.04227970598774,1082.467253281272,962.9513615882776,False
REDUCTION,2000000,AMD,4T,4,5.731116443834991e-05,0.005357921853664,3.076005311670071e-07,93.59548368480117,599.2529268326662,634.2877879414041,False
REDUCTION,2000000,AMD,8T,8,3.992728712871288e-05,0.0045370924150823,1.8123030573981817e-07,113.74271103107849,387.1524188846959,521.7954729739565,False
REDUCTION,2000000,AMD,10T,10,3.795804026645826e-05,0.0045667839678463,1.7334616973972586e-07,120.45808021090166,363.1256582075709,525.8646149277,False
REDUCTION,2000000,AMD,16T,16,3.9195743932465706e-05,0.0051504354750459,2.018751500205865e-07,131.88493269104578,378.2268678844083,605.852376200699,False
REDUCTION,2000000,AMD,20T,20,4.187089083006288e-05,0.0057540426686706,2.409974783201638e-07,137.22654824162123,410.8663076198263,688.5750069328185,False
REDUCTION,2000000,AMD,32T,32,5.365562058420331e-05,0.0082160766004883,4.406334804752772e-07,153.65406309499718,554.6516739314649,1025.9896798241018,False
REDUCTION,2000000,AMD,64T,64,0.0001131185950872,0.0169242433033233,1.9144466253858844e-06,149.43662120293862,1280.1588131926856,2219.4188935923053,False
REDUCTION,2000000,INTEL,1T,1,0.0002980777248362,0.0155824008338296,4.6447665880336335e-06,52.27681782336792,3536.8432496175624,2035.5232404639257,False
REDUCTION,2000000,INTEL,2T,2,0.000165029646902,0.0115836089166666,1.930207643407161e-06,69.47556784924919,1913.5250215430353,1487.5003033089856,False
REDUCTION,2000000,INTEL,4T,4,7.990370636632319e-05,0.0074874711409923,5.936616095815927e-07,95.19815493793688,874.904298123839,926.1363960794936,False
REDUCTION,2000000,INTEL,8T,8,3.272717167424069e-05,0.0046300725635073,1.5152917965009505e-07,141.49432410153554,299.30388440781115,534.5381350310314,False
REDUCTION,2000000,INTEL,10T,10,2.5915628231644263e-05,0.0041927107834197,1.094280801741649e-07,159.9974750156797,216.19631304434682,474.598960328246,False
REDUCTION,2000000,INTEL,16T,16,3.676314923189466e-05,0.0050328793840729,1.84975213561672e-07,140.4383143138071,348.5468050058794,589.7416518644393,False
REDUCTION,2000000,INTEL,20T,20,2.721409771343971e-05,0.0038754635983361,1.0546724504999729e-07,137.19861124127954,232.03892581354052,431.1211455843876,False
REDUCTION,4000000,3090,gpu_resident,-1,2.284362476016446e-05,0.0072513939033864,1.6571425615141264e-07,317.3075097363793,85.95308170227729,611.3457286913768,False
REDUCTION,4000000,5060ti,gpu_resident,-1,1.228461746965751e-05,0.0010193909390201,1.2522827737896893e-08,82.98100744883345,0.0,0.0,True
REDUCTION,4000000,AMD,1T,1,0.0006217565789473,0.0425067077205882,2.6242193397576176e-05,68.66345946548907,4961.2612112913785,4069.8141599579267,False
REDUCTION,4000000,AMD,2T,2,0.000187820745964,0.0152098996636771,2.883822839073249e-06,80.9661319648368,1428.910008210751,1392.0575690321295,False
REDUCTION,4000000,AMD,4T,4,0.0001015551563606,0.0099618066227211,1.0125033938255289e-06,98.58231378479152,726.6855407702925,877.2312310620487,False
REDUCTION,4000000,AMD,8T,8,5.3366081362163206e-05,0.0066954178638804,3.573082144775224e-07,125.66774069694142,334.4138634676675,556.8057069760144,False
REDUCTION,4000000,AMD,10T,10,5.630532660499019e-05,0.0074426047378749,4.1905829055789363e-07,132.10082838634102,358.3400886845845,630.1030893044017,False
REDUCTION,4000000,AMD,16T,16,5.096557136347527e-05,0.0076525984760265,3.900190537459507e-07,149.94603569588102,314.8730840773682,650.7030112885484,False
REDUCTION,4000000,AMD,20T,20,5.040276333382856e-05,0.0079647874263358,4.014472956538568e-07,158.0091904529931,310.2916794790011,681.3280579079928,False
REDUCTION,4000000,AMD,32T,32,6.170787612777371e-05,0.0104366040599853,6.44020670528193e-07,170.27212030840664,402.3182551690321,923.8078111639478,False
REDUCTION,4000000,AMD,64T,64,1.6054006703229737e-05,0.003917191179159,6.288661344805098e-08,244.05461645607005,30.683814476783343,284.26780435427844,False
REDUCTION,4000000,INTEL,1T,1,0.0006711426657736,0.0346551537414965,2.320131010433872e-05,50.76754591162816,5363.276878024849,3299.5940531715064,False
REDUCTION,4000000,INTEL,2T,2,0.0003774283829626,0.0257200961610839,9.64345274290556e-06,67.98557430586719,2972.365776914359,2423.0846357931737,False
REDUCTION,4000000,INTEL,4T,4,0.0001881552789217,0.0174609873167981,3.2803478849450904e-06,92.88846258157358,1431.633194004092,1612.8842967333665,False
REDUCTION,4000000,INTEL,8T,8,0.0001167009400023,0.0165989606628921,1.8776834713631613e-06,140.31848110967798,849.9761819246421,1528.3213855959937,False
REDUCTION,4000000,INTEL,10T,10,0.000109699770316,0.0177628872908235,1.9485846559523333e-06,164.21567573409732,792.9848290917795,1642.500017500475,False
REDUCTION,4000000,INTEL,16T,16,0.0001161608529377,0.0153404463244541,1.773224080014702e-06,133.7663748463258,845.5797319258206,1404.8639081685642,False
REDUCTION,4000000,INTEL,20T,20,0.0001202804688434,0.0161959582458595,1.8952312376107148e-06,139.73370944439318,879.1144831370427,1488.787738434092,False
REDUCTION,8000000,3090,gpu_resident,-1,4.117687697628459e-05,0.0138155489687538,5.687821407749438e-07,335.56514479766827,100.78018924600234,659.1535704484928,False
REDUCTION,8000000,5060ti,gpu_resident,-1,2.0508436181337272e-05,0.0018198622132004,3.7322528058247615e-08,88.74547345929597,0.0,0.0,True
REDUCTION,8000000,AMD,1T,1,0.0016982568259385,0.1203413565436241,0.0002057021439586,71.25624768924054,8180.771926842077,6512.663072551653,False
REDUCTION,8000000,AMD,2T,2,0.0006623097432521,0.0517301468531468,3.3159201447470154e-05,77.59128176582664,3129.450248648424,2742.5309607464424,False
REDUCTION,8000000,AMD,4T,4,0.0001917896405919,0.0189955264932562,3.6383069304532527e-06,98.82624811037816,835.1743784659166,943.7892690705834,False
REDUCTION,8000000,AMD,8T,8,0.0001076157060675,0.0138663881336284,1.4932005960024735e-06,129.1548471371305,424.7387227185589,661.9471426489505,False
REDUCTION,8000000,AMD,10T,10,9.19757388822392e-05,0.0130663240953871,1.2017848131480344e-06,141.81873448115908,348.4775829272509,617.9842518082032,False
REDUCTION,8000000,AMD,16T,16,7.30378000716589e-05,0.0123170325229489,8.994104124827375e-07,168.87293369495274,256.13539436089957,576.8112681062943,False
REDUCTION,8000000,AMD,20T,20,6.938635129632144e-05,0.0124817435523279,8.660626429124188e-07,180.1485955487489,238.33077609039339,585.8620098703831,False
REDUCTION,8000000,AMD,32T,32,7.395813902652288e-05,0.0146010832483241,1.079868944817388e-06,197.450057657297,260.62300593072507,702.3180624563171,False
REDUCTION,8000000,AMD,64T,64,0.0001208306989813,0.0219441660227139,2.6515289190862147e-06,181.88517819165023,489.1755856609693,1105.8146964941377,False
REDUCTION,8000000,INTEL,1T,1,0.0016458710217755,0.0833924401349072,0.0001355784588377,51.06867490938707,7925.336535767885,4482.3491212696645,False
REDUCTION,8000000,INTEL,2T,2,0.0008833936170212,0.0596880574057843,5.228336415976434e-05,67.56508712408774,4207.464543908474,3179.8118985512206,False
REDUCTION,8000000,INTEL,4T,4,0.0005387305825242,0.0468074038668098,2.521029929644836e-05,86.87843407128013,2526.8730475629636,2472.0300980641027,False
REDUCTION,8000000,INTEL,8T,8,0.0004597083906464,0.0562434727189362,2.5855596327986864e-05,122.40243205015474,2141.557506294584,2990.534674052423,False
REDUCTION,8000000,INTEL,10T,10,0.0004302998285469,0.0610045733730327,2.6286141079033644e-05,142.60863770972884,1998.1601168521759,3252.153417469468,False
REDUCTION,8000000,INTEL,16T,16,0.0004301337907375,0.0521647459262435,2.242530439553162e-05,121.38087668474046,1997.350509488982,2766.4118386472155,False
REDUCTION,8000000,INTEL,20T,20,0.0004587639396709,0.0572232738041002,2.6241380202022187e-05,125.07617194961722,2136.9523234949347,3044.373974525668,False
REDUCTION,16000000,3090,gpu_resident,-1,7.689482427341227e-05,0.0265895533861173,2.044118833047e-06,345.8734590417281,0.0,98.34207255217993,True
REDUCTION,16000000,5060ti,gpu_resident,-1,0.0001578432249814,0.0134059067972692,2.1161634512469065e-06,84.92620203214521,105.27158553631946,0.0,True
REDUCTION,16000000,AMD,1T,1,0.0034272525597269,0.2435658513513513,0.0008283728090203,71.55691068204548,4357.065338416973,1716.8547270593137,False
REDUCTION,16000000,AMD,2T,2,0.0020083173652694,0.1565199760479041,0.0003146442037465,77.99917477476532,2511.7718380218876,1067.5448622377965,False
REDUCTION,16000000,AMD,4T,4,0.0007320166795965,0.0674676875,5.071347908912104e-05,91.07190450312204,851.9713277368235,403.26836162804926,False
REDUCTION,16000000,AMD,8T,8,0.0002017037405491,0.0266837115996816,5.382204441389187e-06,134.04416245207392,162.31120553954187,99.04443618179639,False
REDUCTION,16000000,AMD,10T,10,0.0002047739726027,0.0285077625935666,5.798937127526214e-06,140.04294647859558,166.30397369085892,112.65075928600119,False
REDUCTION,16000000,AMD,16T,16,0.0001201863269185,0.022058575147232,2.6511354461730844e-06,183.02017174190183,56.29963141752901,64.54370062997424,True
REDUCTION,16000000,AMD,20T,20,0.0001255668597485,0.0235109382548681,2.9521946864046665e-06,186.98655309217585,63.29689408226782,75.3774557022678,False
REDUCTION,16000000,AMD,32T,32,9.750555344598444e-05,0.0223916994480921,2.1808245355421906e-06,230.04374871754032,26.803792540428084,67.02860751391555,True
REDUCTION,16000000,AMD,64T,64,0.000135100212089,0.028805914766702,3.891685194399097e-06,213.1507972438776,75.69480568500795,114.87479513560244,False
REDUCTION,16000000,INTEL,1T,1,0.003740904494382,0.190956257518797,0.0007131010178805,50.7020661831689,4764.962667813109,1324.41880587813,False
REDUCTION,16000000,INTEL,2T,2,0.0020394061224489,0.1362315616016427,0.0002784646501049,66.01030602922299,2552.20207175122,916.2054955461368,False
REDUCTION,16000000,INTEL,4T,4,0.0013606474184782,0.1151314966532797,0.0001545590251892,84.47551486110957,1669.491550744941,758.8117043804311,False
REDUCTION,16000000,INTEL,8T,8,0.0012906685971685,0.1515380431145431,0.0001955853935243,117.47838782755406,1578.4856579934615,1030.382639579529,False
REDUCTION,16000000,INTEL,10T,10,0.0013163149606299,0.175891656167979,0.0002315288184638,133.73105503472232,1611.8381803559682,1212.0459423439252,False
REDUCTION,16000000,INTEL,16T,16,0.0013282476821192,0.1672605079575596,0.0002221444704052,125.8802550454336,1627.3564178993315,1147.6627690088876,False
REDUCTION,16000000,INTEL,20T,20,0.0013473089812332,0.1849413270777479,0.0002493242124996,137.18191535158408,1652.1452112857685,1279.5510432417796,False
REDUCTION,32000000,3090,gpu_resident,-1,0.0001487715977242,0.0519617843866171,7.727762971647691e-06,349.1911209809008,0.0,101.95149686520098,True
REDUCTION,32000000,5060ti,gpu_resident,-1,0.0003079890601908,0.0257298337438423,7.924159228116046e-06,83.5439007821953,107.02141060672416,0.0,True
REDUCTION,32000000,AMD,1T,1,0.0068613027210884,0.4913248809523809,0.003371128742617,71.49237699183628,4511.970850651355,1809.5532674009814,False
REDUCTION,32000000,AMD,2T,2,0.004012402,0.3152640179282868,0.0012659859970931,78.55004880537976,2597.021515785819,1125.285872683636,False
REDUCTION,32000000,AMD,4T,4,0.00270875606469,0.2424830080645161,0.0006561130653815,89.53410843456933,1720.7481173332717,842.419645919972,False
REDUCTION,32000000,AMD,8T,8,0.0008772421465968,0.1029539803664921,9.031557073738633e-05,117.3056785856826,489.65700443916313,300.1346506606604,False
REDUCTION,32000000,AMD,10T,10,0.0011428409350057,0.1331309066059225,0.0001518408785801,116.6538785557734,668.1848904549333,417.41844868229504,False
REDUCTION,32000000,AMD,16T,16,0.0006795687669376,0.0938094071856287,6.425395364975012e-05,140.2248685698344,356.7866295268385,264.5939111755019,False
REDUCTION,32000000,AMD,20T,20,0.0014184262411347,0.168899593877551,0.0002301916479281,122.22535565565954,853.4254271868797,556.434843532451,False
REDUCTION,32000000,AMD,32T,32,0.0005241095461658,0.0899027944705268,4.7118912808985e-05,171.3972062534755,252.29140117014785,249.4107088509364,False
REDUCTION,32000000,AMD,64T,64,0.0006126756674757,0.1077998067354369,6.604631854538526e-05,175.91218522617993,311.8230071115508,318.96814339593504,False
REDUCTION,32000000,INTEL,1T,1,0.0078355507812499,0.4000200813953488,0.0031160556538167,51.279168154091465,5166.832447263101,1454.6936112289577,False
REDUCTION,32000000,INTEL,2T,2,0.0043583493449781,0.2855206731601731,0.0012528660928711,65.44448110237397,2829.5573964714818,1009.687205921042,False
REDUCTION,32000000,INTEL,4T,4,0.0030085677710843,0.2542132575301205,0.0007651708024782,84.32594036242953,1922.2729453115967,888.0097168951165,False
REDUCTION,32000000,INTEL,8T,8,0.0029181511627906,0.3305836584302325,0.0009648016692415,113.36403992222677,1861.4974951068348,1184.8262515856645,False
REDUCTION,32000000,INTEL,10T,10,0.0030050224550898,0.3998145194610778,0.0012017652358098,133.01304618613992,1919.8898856088488,1453.894686772945,False
REDUCTION,32000000,INTEL,16T,16,0.0030900679012345,0.3961130184615384,0.0012239386464607,128.09619284673548,1977.0549947060576,1439.5086591118636,False
REDUCTION,32000000,INTEL,20T,20,0.0030573799392097,0.4263591580547112,0.0013049169126214,139.23390565356056,1955.0830843919678,1557.0614575259278,False
REDUCTION,64000000,3090,gpu_resident,-1,0.0002925112850248,0.1034283625730994,3.0250734289870027e-05,353.62212430792965,0.0,102.5820467986057,True
REDUCTION,64000000,5060ti,gpu_resident,-1,0.0006085138339416,0.0510550486618004,3.106664062597086e-05,83.90311594541261,108.03089148851414,0.0,True
REDUCTION,64000000,AMD,1T,1,0.0136037702702702,0.9701356013513514,0.0131975018517942,71.14238321876647,4550.682201583037,1800.1756472268546,False
REDUCTION,64000000,AMD,2T,2,0.007964968503937,0.6273462440944881,0.0049963760810825,78.76239569306418,2622.9610998637904,1128.7643642260814,False
REDUCTION,64000000,AMD,4T,4,0.0053949705882352,0.4779265810810811,0.0025911797114211,88.54279083357471,1744.3632312434709,836.1005299338158,False
REDUCTION,64000000,AMD,8T,8,0.0046495347222222,0.5710911139534883,0.0026485051442155,122.33517020284684,1489.523194576236,1018.5791198369401,False
REDUCTION,64000000,AMD,10T,10,0.0044621311111111,0.5168047666666666,0.0023010112070113,116.05828103805273,1425.4560557322725,912.2500716630248,False
REDUCTION,64000000,AMD,16T,16,0.0044675977777777,0.5317222444444444,0.0023755211176749,119.00937355068946,1427.3249294976513,941.4684901520449,False
REDUCTION,64000000,AMD,20T,20,0.0049268431372549,0.5909260461165049,0.00289563735392,121.10806116201306,1584.3258327066553,1057.429209461587,False
REDUCTION,64000000,AMD,32T,32,0.0045240788288288,0.6513359774774774,0.0029498448970244,143.89789889520347,1446.63394557418,1175.7523389940663,False
REDUCTION,64000000,AMD,64T,64,0.0047706682464454,0.7522755047169811,0.0035898124501881,157.78687863473658,1530.934767539286,1373.4595783077507,False
REDUCTION,64000000,INTEL,1T,1,0.0159650079365079,0.8184992142857143,0.0130521067762499,51.197303902636,5357.911798224925,1503.1699816949128,False
REDUCTION,64000000,INTEL,2T,2,0.0089063539823008,0.5904534026548673,0.0052936683129381,66.30607397198179,2944.7898724815664,1056.5034568200247,False
REDUCTION,64000000,INTEL,4T,4,0.0062644937499999,0.514445896875,0.0032227431056865,82.11587562347637,2041.6246383344755,907.6298238060648,False
REDUCTION,64000000,INTEL,8T,8,0.0061814104938271,0.7037822239263803,0.0043381416932175,114.16910646579646,2013.22120215055,1278.477236577297,False
REDUCTION,64000000,INTEL,10T,10,0.0063854363057324,0.8490889840764332,0.0054211546405083,132.95354109737613,2082.9709254434483,1563.0852507868142,False
REDUCTION,64000000,INTEL,16T,16,0.0063741582278481,0.7963707721518987,0.005074028491713,124.53456038406546,2079.115321074768,1459.8276625436783,False
REDUCTION,64000000,INTEL,20T,20,0.0064496666666666,0.8908645128205128,0.0057538540401695,137.8673336508591,2104.929176021287,1644.9097320850492,False
REDUCTION,128000000,3090,gpu_resident,-1,0.0005799773257971,0.2053828985507246,0.0001191174242659,354.11402534202864,0.0,101.75711845102518,True
REDUCTION,128000000,5060ti,gpu_resident,-1,0.0012090710458937,0.1017971014492753,0.0001230780165792,84.19651844569648,108.46867491448849,0.0,True
REDUCTION,128000000,AMD,1T,1,0.0273416621621621,1.890911148648649,0.0517006538050172,69.24292859483569,4614.263979990028,1757.529459805764,False
REDUCTION,128000000,AMD,2T,2,0.0157657187499999,1.299575109375,0.0204887356689066,82.40562431374023,2618.333639738771,1176.632724186718,False
REDUCTION,128000000,AMD,4T,4,0.0105542315789473,0.9306546354166668,0.0098235166655256,88.49211222470103,1719.7662407650064,814.2250831968971,False
REDUCTION,128000000,AMD,8T,8,0.0093861308411214,0.9976757009345796,0.0093643146659794,106.27458006687336,1518.3616882300423,880.0629750069197,False
REDUCTION,128000000,AMD,10T,10,0.0094678679245283,1.091855141509434,0.0103280225918609,115.24642555531676,1532.4548397674,972.5797944782316,False
REDUCTION,128000000,AMD,16T,16,0.0091114272727272,1.1677849045454545,0.0106391362215404,128.10838581175148,1470.9971523808767,1047.1691118114522,False
REDUCTION,128000000,AMD,20T,20,0.0103709793814432,1.248094412371134,0.0129439614167954,120.34600752408684,1688.1697990847658,1126.060854977339,False
REDUCTION,128000000,AMD,32T,32,0.0093036851851851,1.340121226851852,0.0124697076450152,143.90388519014076,1504.1463642390588,1216.4630502958123,False
REDUCTION,128000000,AMD,64T,64,0.0096810673076923,1.5283930528846152,0.0148140598857369,157.74429379356255,1569.2147911794639,1401.411170971505,False
REDUCTION,128000000,INTEL,1T,1,0.032047140625,1.633364296875,0.0523446553138073,51.13037184513311,5425.585087478301,1504.5292779666156,False
REDUCTION,128000000,INTEL,2T,2,0.0179957857142857,1.1676164464285714,0.0210121753664043,64.88821332496377,3002.8429757237386,1047.0036276134892,False
REDUCTION,128000000,INTEL,4T,4,0.0128203333333333,1.0599021153846155,0.0135882984199358,82.70628021313388,2110.4887144878458,941.1908593613115,False
REDUCTION,128000000,INTEL,8T,8,0.012714582278481,1.4511283797468355,0.0184449713824727,114.10060489044564,2092.2550611795964,1325.5105097171372,False
REDUCTION,128000000,INTEL,10T,10,0.0129985897435897,1.7107715384615385,0.0222358517695116,131.62409531462478,2141.2237798649985,1580.569990800772,False
REDUCTION,128000000,INTEL,16T,16,0.0130010448717948,1.5986850576923075,0.0207845761709255,122.95629230165476,2141.647094380221,1470.4622576988793,False
REDUCTION,128000000,INTEL,20T,20,0.013108487012987,1.7878162142857144,0.02343676137378,136.3318624695277,2160.1723256975893,1656.2545385209905,False
REDUCTION,256000000,3090,gpu_resident,-1,0.0011548805571593,0.4099105080831409,0.0004734121106324,354.9296864898964,0.0,102.41172687275481,True
REDUCTION,256000000,5060ti,gpu_resident,-1,0.0024108137458033,0.2025132211538461,0.0004882656682292,83.99290861668666,108.75005045831428,0.0,True
REDUCTION,256000000,AMD,1T,1,0.0541022894736842,3.773802078947369,0.2018924181901347,69.39660838594489,4584.665365460952,1763.4842986772064,False
REDUCTION,256000000,AMD,2T,2,0.0312111818181818,2.462773666666666,0.0768660766873635,78.9585353692253,2602.546304438013,1116.1051276724968,False
REDUCTION,256000000,AMD,4T,4,0.0206150714285714,1.8167373775510205,0.0376029089973877,88.23957941031068,1685.0392666821763,797.0956894566768,False
REDUCTION,256000000,AMD,8T,8,0.0185243727272727,1.8764124727272729,0.0347513235179512,101.27634047440836,1504.007670961034,826.5629483527853,False
REDUCTION,256000000,AMD,10T,10,0.018813787037037,2.031794416666667,0.0382257474582075,107.99521002842609,1529.0677785167609,903.2897630536157,False
REDUCTION,256000000,AMD,16T,16,0.018131875,2.3796605714285715,0.0431614335657957,131.1419246851892,1470.0216691325727,1075.064303392212,False
REDUCTION,256000000,AMD,20T,20,0.0207948367346938,2.4554180918367345,0.0510493447830448,118.1030626746774,1700.6049721577774,1112.4729821819346,False
REDUCTION,256000000,AMD,32T,32,0.0185192727272727,2.6637427454545453,0.0493651186890015,143.65196112030293,1503.566066851554,1215.342638015195,False
REDUCTION,256000000,AMD,64T,64,0.0191656320754717,3.035646754716981,0.0581698378366082,158.39631485002036,1559.5337030016394,1398.9869488130103,False
REDUCTION,256000000,INTEL,1T,1,0.0639055,3.28045384375,0.209017397108375,51.41896720221371,5433.515964386013,1519.8714459526034,False
REDUCTION,256000000,INTEL,2T,2,0.0359571964285714,2.366346571428571,0.085750779675464,65.338127008139,3013.499158477182,1068.4899178167211,False
REDUCTION,256000000,INTEL,4T,4,0.0258005128205128,2.126006320512821,0.0549301704329155,82.21370964343225,2134.0416643583662,949.8111226514577,False
REDUCTION,256000000,INTEL,8T,8,0.0257376666666666,2.9647007948717947,0.0762554872437274,115.27220273175776,2128.5998761616033,1363.9541941903924,False
REDUCTION,256000000,INTEL,10T,10,0.0260669615384615,3.443550102564102,0.0897174155587185,132.1774555305504,2157.113203341072,1600.4075501559928,False
REDUCTION,256000000,INTEL,16T,16,0.0261934487179487,3.230555948717949,0.0845986100464608,123.36148343208708,2168.0656069210863,1495.2321188273168,False
REDUCTION,256000000,INTEL,20T,20,0.0262515,3.6466823974358977,0.0956849254076129,138.90035752083256,2173.092211767053,1700.713245613515,False
STREAM,1000000,3090,gpu_resident,-1,1.538917117033889e-05,0.0053469386183744,8.214436896471798e-08,347.3848412608596,87.9455042117941,358.20451064754104,False
STREAM,1000000,5060ti,gpu_resident,-1,8.18810284123475e-06,0.0011669327765495,9.55494169609149e-09,142.51507646584383,0.0,0.0,True
STREAM,1000000,AMD,1T,1,0.0001817408497333,0.0131779518116608,2.3949721599957138e-06,73.98323400814641,2119.5721433549293,1029.2811442512264,False
STREAM,1000000,AMD,2T,2,6.597086070959265e-05,0.0062603777392555,4.121347091180482e-07,94.83553466144885,705.6916478548329,436.48143792539554,False
STREAM,1000000,AMD,4T,4,3.757998674862885e-05,0.0045918014311954,1.7266502022023212e-07,122.75535166240915,358.95841170165204,293.4932262998803,False
STREAM,1000000,AMD,8T,8,2.431966914885876e-05,0.0038585049360855,9.383756345483779e-08,158.57122506213784,197.012258155656,230.65357436395794,False
STREAM,1000000,AMD,10T,10,2.264302467186866e-05,0.0038193342316539,8.64812792374518e-08,168.782750899182,176.5356653538823,227.2968510617448,False
STREAM,1000000,AMD,16T,16,2.1910510621626327e-05,0.0039046152236151,8.549286313311295e-08,178.24501032846356,167.58958755728406,234.6049834302063,False
STREAM,1000000,AMD,20T,20,2.264972583495717e-05,0.004111769452123,9.313045078713801e-08,181.735034845886,176.6175055947592,252.35701102518337,False
STREAM,1000000,AMD,32T,32,2.867405740011255e-05,0.0050779212155317,1.4560460440740525e-07,177.77384073829188,250.1917105353376,335.1511344592265,False
STREAM,1000000,AMD,64T,64,5.731218128688478e-05,0.0095054153727152,5.44776089048195e-07,165.84106753551117,599.9445707773036,714.564091757002,False
STREAM,1000000,INTEL,1T,1,0.0004688265449438,0.0221374686476368,1.0365074630746485e-05,47.17093400974251,5625.7041592445585,1797.0646032494703,False
STREAM,1000000,INTEL,2T,2,0.000261985878661,0.0163195471599791,4.253051302322048e-06,62.72168454553049,3099.5919413915544,1298.4993384309867,False
STREAM,1000000,INTEL,4T,4,0.0001258353997975,0.011434896444838,1.438914765779201e-06,90.95232776038227,1436.8077592259974,879.9104691060106,False
STREAM,1000000,INTEL,8T,8,7.479832997837919e-05,0.0099387937978839,7.303929275320781e-07,133.3596551760158,813.5001285242743,751.7023428951828,False
STREAM,1000000,INTEL,10T,10,5.226265657620041e-05,0.0077692344628316,4.07646423210429e-07,147.64017935406372,538.2755271832823,565.7825214066252,False
STREAM,1000000,INTEL,16T,16,6.820107768910715e-05,0.0089701245883644,6.094534180896041e-07,130.85887811951696,732.9289337409269,668.6924875731175,False
STREAM,1000000,INTEL,20T,20,5.4815005194947225e-05,0.0081116105130176,4.456810024718799e-07,147.5245644748693,569.4469556354671,595.1223477502105,False
STREAM,2000000,3090,gpu_resident,-1,3.152441523233088e-05,0.0109568911165752,3.454095852143541e-07,349.2259217965061,120.00079144710641,410.0081197165936,False
STREAM,2000000,5060ti,gpu_resident,-1,1.4329228101849862e-05,0.0021483758185387,3.0784259313594294e-08,149.9313507551417,0.0,0.0,True
STREAM,2000000,AMD,1T,1,0.0010158356997971,0.0739688094034378,7.495007409440819e-05,72.91477854635401,6989.256257048197,3343.0107044190486,False
STREAM,2000000,AMD,2T,2,0.0001795868959107,0.0167074583333333,3.026970627870384e-06,90.50482313322432,1153.2907888284356,677.6785695110605,False
STREAM,2000000,AMD,4T,4,6.866334890649333e-05,0.0086479856199905,5.935530003211008e-07,126.08808550075996,379.1838640465852,302.5359783593523,False
STREAM,2000000,AMD,8T,8,4.104921220780251e-05,0.0070631663094812,2.899374126968951e-07,172.23228450107254,186.4719014592501,228.76772529889502,False
STREAM,2000000,AMD,10T,10,3.564489481605937e-05,0.0067871677644323,2.417685085413912e-07,190.1780340978661,148.75655940921004,215.92087873381723,False
STREAM,2000000,AMD,16T,16,3.028329775247584e-05,0.0066708533772163,2.0201543908535025e-07,220.34749300577403,111.33935154934376,210.50681727341987,False
STREAM,2000000,AMD,20T,20,3.01567331193498e-05,0.0068710531523307,2.072085161637041e-07,227.59547872300263,110.45608950461644,219.8254743438841,False
STREAM,2000000,AMD,32T,32,3.401054232133806e-05,0.0074876793208312,2.5466003442973734e-07,220.71831241358177,137.35083341263442,248.52744367250565,False
STREAM,2000000,AMD,64T,64,6.043162779485326e-05,0.0118162454320689,7.163410857671496e-07,196.2210175564105,321.7367981395433,450.0083053488365,False
STREAM,2000000,INTEL,1T,1,0.0011073316722037,0.0509464118942731,5.626121808281829e-05,46.21952099595848,7627.783132021932,2271.391981544749,False
STREAM,2000000,INTEL,2T,2,0.0006142594077729,0.0389645886267392,2.369337155141785e-05,63.28187042709671,4186.758528839393,1713.676559310859,False
STREAM,2000000,INTEL,4T,4,0.0004514294382022,0.0366508593258426,1.636886514357676e-05,80.45440039616287,3050.4100220438377,1605.9798853429693,False
STREAM,2000000,INTEL,8T,8,0.0003185559273422,0.0358165281488549,1.1496939744649512e-05,113.09248902088606,2123.119941129804,1567.1444465064255,False
STREAM,2000000,INTEL,10T,10,0.0002424371822803,0.0320214308588064,7.783918877574129e-06,131.42215687570996,1591.9067835133567,1390.4948465016237,False
STREAM,2000000,INTEL,16T,16,0.0002625433586586,0.0327251608820459,8.55629802679847e-06,122.6725097270812,1732.2226207335368,1423.25122074336,False
STREAM,2000000,INTEL,20T,20,0.0002728740811325,0.0341651986030974,9.780330676970338e-06,131.31141934473789,1804.318077658857,1490.2803554331647,False
STREAM,4000000,3090,gpu_resident,-1,5.9670525059665874e-05,0.0211038062283737,1.2592659558261002e-06,353.05623215309873,37.892119393855374,102.46930318914278,False
STREAM,4000000,5060ti,gpu_resident,-1,9.55852901870943e-05,0.0104232127517419,9.969733226127186e-07,109.15074077040724,120.88725101037218,0.0,True
STREAM,4000000,AMD,1T,1,0.0022589370786516,0.1647349720982142,0.0003710291081551,73.16995166782455,5120.158881477378,1480.4625312928022,False
STREAM,4000000,AMD,2T,2,0.00125223875,0.1012955301886792,0.0001280915784371,81.68674401443181,2793.788098092849,871.8263706336702,False
STREAM,4000000,AMD,4T,4,0.0002036182576836,0.0234095873320537,5.012869321610346e-06,116.0356639323505,370.5397358444661,124.59090003839313,False
STREAM,4000000,AMD,8T,8,7.267587728514393e-05,0.0133581686139332,9.713369586983803e-07,183.8723916310272,67.94607953651489,28.157881184002665,False
STREAM,4000000,AMD,10T,10,6.205777213307725e-05,0.0128722749519856,7.988247058046402e-07,205.935231435192,43.40878877359211,23.496231522612042,False
STREAM,4000000,AMD,16T,16,4.666662884632841e-05,0.0118554116430803,5.531463100532161e-07,254.02130643643653,7.841523937525152,13.740474510597078,True
STREAM,4000000,AMD,20T,20,4.580419206253199e-05,0.0121584712385403,5.56200552490967e-07,266.0480862071562,5.848525956662853,16.648019455502407,False
STREAM,4000000,AMD,32T,32,4.327333956571623e-05,0.0118868718820379,5.143846433255903e-07,275.1354402837597,0.0,14.04230312819237,True
STREAM,4000000,AMD,64T,64,6.616281498890195e-05,0.0159087463368158,1.0516560443929892e-06,240.6311881230812,52.89509812022957,52.628049678417725,False
STREAM,4000000,INTEL,1T,1,0.0026650853333333,0.1240331564171123,0.0003318349571198,46.32820834697219,6058.723500611778,1089.9704953866953,False
STREAM,4000000,INTEL,2T,2,0.0016446710743801,0.1015006599025974,0.0001658388963769,62.01488531675991,3700.6566881265358,873.794379143176,False
STREAM,4000000,INTEL,4T,4,0.0013419651941097,0.1035915923694779,0.0001390163113622,76.79883090818927,3001.136190498425,893.8547244194546,False
STREAM,4000000,INTEL,8T,8,0.00131494921875,0.1374305546874999,0.0001807142005187,104.54962478469866,2938.705198042498,1218.5047447537981,False
STREAM,4000000,INTEL,10T,10,0.0013120183486238,0.1512343587239583,0.0001970369051658,116.143859610261,2931.932274677642,1350.9380392210107,False
STREAM,4000000,INTEL,16T,16,0.001318326745718,0.1469063580080753,0.0001913835963378,110.24216396011856,2946.5102969830846,1309.4153262248694,False
STREAM,4000000,INTEL,20T,20,0.001452470289855,0.1727523573551262,0.0002503350468529,118.42836119667125,3256.5014959135146,1557.3810922765272,False
STREAM,8000000,3090,gpu_resident,-1,0.0001164227770018,0.0412695530726257,4.800602780924658e-06,354.7474027147856,38.79072719524177,78.2240475053169,False
STREAM,8000000,5060ti,gpu_resident,-1,0.0002428559980573,0.0246636341581756,5.9855624461018585e-06,101.58502777795654,189.51517428224344,6.510790124744625,False
STREAM,8000000,AMD,1T,1,0.0043493766233766,0.3239960347826087,0.0014162324500831,74.0561436882002,5085.008981490713,1299.188515393247,False
STREAM,8000000,AMD,2T,2,0.0028603071428571,0.2355458771428571,0.0006737335548622,81.74542460139295,3309.8491599521244,917.2133321558941,False
STREAM,8000000,AMD,4T,4,0.001954591796875,0.1876571728515625,0.0003667931706804,95.58076754458897,2230.12150924678,710.4042423273683,False
STREAM,8000000,AMD,8T,8,0.0002365112926477,0.0376698565698178,8.694479018403046e-06,161.12844291623946,181.95148012964344,62.678628842988275,False
STREAM,8000000,AMD,10T,10,0.0005569021134593,0.0657594054712892,3.6028718191492735e-05,117.43349126076669,563.8980042744408,183.98435485869888,False
STREAM,8000000,AMD,16T,16,0.0001617795834648,0.0329351164405175,5.328229419111607e-06,202.996263957448,92.86179743054706,42.23148350451662,False
STREAM,8000000,AMD,20T,20,0.0006627362673726,0.0835399533421575,5.536495685446262e-05,124.97246958412772,690.0657487828281,260.77028958475614,False
STREAM,8000000,AMD,32T,32,8.388368542663805e-05,0.023155995866043,1.966296784424242e-06,286.71372260129306,0.0,0.0,True
STREAM,8000000,AMD,64T,64,0.0001080798078998,0.0283538127079532,3.059778706742718e-06,260.9443356015001,28.844849090855806,22.446958757375278,False
STREAM,8000000,INTEL,1T,1,0.0058433976608187,0.2739222251461988,0.001599778680592,46.94203763594196,6866.071687359452,1082.9429696344469,False
STREAM,8000000,INTEL,2T,2,0.0038216311787072,0.2299276766917293,0.0008664949832643,60.65813894779967,4455.869427136072,892.9509316803155,False
STREAM,8000000,INTEL,4T,4,0.0031523264984227,0.2420498864353312,0.0007630202709502,76.19833139095806,3657.973296463735,945.3011299344897,False
STREAM,8000000,INTEL,8T,8,0.0031249561128526,0.3285688021806853,0.0010309946515653,104.4471294283994,3625.344322866674,1318.9361756732453,False
STREAM,8000000,INTEL,10T,10,0.0032171746794871,0.3730097106109324,0.0012009245532161,115.9997982164016,3735.280559174688,1510.8558352177404,False
STREAM,8000000,INTEL,16T,16,0.0032671433224755,0.3599973534201954,0.0011761629493356,111.034433463845,3794.8495239075273,1454.661503235591,False
STREAM,8000000,INTEL,20T,20,0.0035084825174825,0.4147630210526316,0.0014591828779462,118.90117884445162,4082.5564764329583,1691.1690062998275,False
STREAM,16000000,3090,gpu_resident,-1,0.0002296336394948,0.0812964408725602,1.8668397595539813e-05,354.0238751630151,0.0,64.63586681073119,True
STREAM,16000000,5060ti,gpu_resident,-1,0.0004848536112457,0.0493795443528841,2.394138365316744e-05,101.84637164740604,111.14224044542888,0.0,True
STREAM,16000000,AMD,1T,1,0.0091863256880733,0.6663207409090909,0.0061062511028794,72.61486702339334,3900.426813895149,1249.3861671693883,False
STREAM,16000000,AMD,2T,2,0.005833203488372,0.4750576941176471,0.0027748511760209,81.26588746012303,2440.221677104975,862.0536202657377,False
STREAM,16000000,AMD,4T,4,0.0048152727272727,0.4471483076923077,0.0021559449133017,92.76152984933476,1996.9369896616306,805.5334826437926,False
STREAM,16000000,AMD,8T,8,0.0039392775590551,0.4530640486381323,0.0017655720871438,115.40783025569785,1615.4618842960524,817.5136275061037,False
STREAM,16000000,AMD,10T,10,0.0035483085106382,0.4171638286219081,0.001469303293958,116.36437423843378,1445.2041427573815,744.8110125130041,False
STREAM,16000000,AMD,16T,16,0.003917064453125,0.49164851953125,0.0019258189392873,125.49108365801357,1605.788603857276,895.65219965934,False
STREAM,16000000,AMD,20T,20,0.0041981464435146,0.5025979502074689,0.0021138107281889,120.70910812704102,1728.1931396247658,917.8262209463134,False
STREAM,16000000,AMD,32T,32,0.0037666315789473,0.5789694548872181,0.0021844898433851,154.81116910071384,1540.2786574449578,1072.4884513913144,False
STREAM,16000000,AMD,64T,64,0.0039448307086614,0.6344854271653544,0.00250293759728,160.85518789798954,1617.8801491541617,1184.9155160912214,False
STREAM,16000000,INTEL,1T,1,0.0124029876543209,0.5941636666666668,0.0073770920732098,46.9180644220869,5301.206757689246,1103.2587065213847,False
STREAM,16000000,INTEL,2T,2,0.0079724166666666,0.4811020912698412,0.0038341617153981,60.21890958527919,3371.7982453294403,874.294310679968,False
STREAM,16000000,INTEL,4T,4,0.0067363724832214,0.5116990067114094,0.003429599059385,76.33324721853103,2833.530339039871,936.2570441205838,False
STREAM,16000000,INTEL,8T,8,0.0067555067114093,0.7149285604026845,0.0048253130480549,106.02014351153171,2841.862841294329,1347.8233239528217,False
STREAM,16000000,INTEL,10T,10,0.0069396551724137,0.8195640896551724,0.0056874921739,117.98117276282905,2922.0551255822634,1559.7238803952316,False
STREAM,16000000,INTEL,16T,16,0.0069749618055555,0.7756594545454546,0.0054176163739071,110.55558011926922,2937.4303263670768,1470.811283721679,False
STREAM,16000000,INTEL,20T,20,0.0073898235294117,0.889916974074074,0.0065766818616643,119.7050017568265,3118.0927610037907,1702.197621983721,False
STREAM,32000000,3090,gpu_resident,-1,0.0004557578587699,0.1612892938496583,7.351051651454567e-05,353.897484554019,0.0,64.82421313921691,True
STREAM,32000000,5060ti,gpu_resident,-1,0.0009704689621726,0.0978553398058252,9.497065554156411e-05,100.73447387319968,112.93521186709015,0.0,True
STREAM,32000000,AMD,1T,1,0.0182399272727272,1.3689645454545454,0.0249447393748468,75.05681294341406,3902.1092169331205,1298.96764772468,False
STREAM,32000000,AMD,2T,2,0.0114891193181818,0.9361870965909092,0.0107506672889876,81.49775398499634,2420.8823275568243,856.7051715814279,False
STREAM,32000000,AMD,4T,4,0.0094632264150943,0.9132863018867924,0.0086588719473555,96.18923380214405,1976.3715277748024,833.3024684182085,False
STREAM,32000000,AMD,8T,8,0.0096072714285714,1.055830639423077,0.0101849747179161,109.7632494337217,2007.9771294567745,978.9708987962911,False
STREAM,32000000,AMD,10T,10,0.0097027403846153,1.1264612451923075,0.0109351821101739,116.04222405148138,2028.9244272832066,1051.1494900815323,False
STREAM,32000000,AMD,16T,16,0.0097460145631067,1.320005432038835,0.0128441654772065,135.38257451276385,2038.4194206571437,1248.9355150757515,False
STREAM,32000000,AMD,20T,20,0.0107398457446808,1.329057824468085,0.0142779480274998,124.28495362721006,2256.480648225763,1258.186305525422,False
STREAM,32000000,AMD,32T,32,0.0098495931372549,1.5070661666666667,0.0148431136960699,153.0268555966104,2061.146088372268,1440.0959923670441,False
STREAM,32000000,AMD,64T,64,0.010006707920792,1.587847115,0.0158990975709169,158.36517650240006,2095.6193904807947,1522.6473876139742,False
STREAM,32000000,INTEL,1T,1,0.0251715,1.1695107125,0.0295755517440378,46.27060489302747,5422.998565057858,1095.1424570398156,False
STREAM,32000000,INTEL,2T,2,0.0162259193548387,0.9793557983870969,0.0158268714818039,60.498154404839966,3460.2061582948436,900.8199862474927,False
STREAM,32000000,INTEL,4T,4,0.0138260821917808,1.046522828767123,0.0144909785096245,76.00532763302465,2933.6464694427177,969.4590922107503,False
STREAM,32000000,INTEL,8T,8,0.0139010555555555,1.4760225486111112,0.0205749650655815,105.90902657118929,2950.0967318643147,1408.3720025294374,False
STREAM,32000000,INTEL,10T,10,0.0142540915492957,1.6818482253521123,0.0239522783813838,118.11655463432704,3027.55803877256,1618.7086864032271,False
STREAM,32000000,INTEL,16T,16,0.0142626126760563,1.5643305357142858,0.0223803352112034,109.3076993856658,3029.427699733229,1498.6154039405453,False
STREAM,32000000,INTEL,20T,20,0.0149968283582089,1.816557828358209,0.0273237517004908,120.61281938629617,3190.525455487625,1756.3706711997656,False
STREAM,64000000,3090,gpu_resident,-1,0.0009091030881017,0.3208197093551317,0.0002916535732239,352.95532371436866,0.0,63.602642685003815,True
STREAM,64000000,5060ti,gpu_resident,-1,0.0019405116279069,0.1960968992248062,0.0003805283131422,101.03495380272314,113.45341945311027,0.0,True
STREAM,64000000,AMD,1T,1,0.0360720892857142,2.664960625,0.0960878202949999,73.8271289443166,3867.876664134582,1259.0019197319787,False
STREAM,64000000,AMD,2T,2,0.0226051,1.8410331666666664,0.0415101021036183,81.52527571682134,2386.5276882076987,838.8384895143595,False
STREAM,64000000,AMD,4T,4,0.0187388425925925,1.6901122685185186,0.0316989788981372,90.361299859327,1961.2450708666183,761.8760802438635,False
STREAM,64000000,AMD,8T,8,0.0189595943396226,2.094157773584906,0.039704381870337,110.45449219223688,1985.5274377312003,967.919881376684,False
STREAM,64000000,AMD,10T,10,0.0191900188679245,2.301646132075472,0.0441232729020976,120.0747524849375,2010.8737962814776,1073.728978466333,False
STREAM,64000000,AMD,16T,16,0.019279625,2.429244086538461,0.0468515693587914,125.94901741476065,2020.7303387625518,1138.797806666778,False
STREAM,64000000,AMD,20T,20,0.0214261489361702,2.7016636063829784,0.0579768387599127,125.89250344738724,2256.8448085365308,1277.7186773798912,False
STREAM,64000000,AMD,32T,32,0.0195793557692307,2.9984511153846154,0.0585240860139446,153.2005271105377,2053.700281682509,1429.0660521598459,False
STREAM,64000000,AMD,64T,64,0.0198448235294117,3.153166225490196,0.0625665771757116,158.84527883147308,2082.9013440983595,1507.9633272912665,False
STREAM,64000000,INTEL,1T,1,0.0505276,2.331880325,0.1176433623962497,46.2241041172228,5457.961540479066,1089.1469646986739,False
STREAM,64000000,INTEL,2T,2,0.0327417096774193,1.9753091612903224,0.0645024144091029,60.34553183160144,3501.5398150046253,907.3127974480723,False
STREAM,64000000,INTEL,4T,4,0.0280920833333333,2.1382840833333336,0.0600688546593402,76.13078106385102,2990.087769033151,990.4221799458425,False
STREAM,64000000,INTEL,8T,8,0.0281951388888888,3.000418708333333,0.0845850538415172,106.42738219569802,3001.423728277409,1430.0694300594944,False
STREAM,64000000,INTEL,10T,10,0.0286041,3.3682008000000003,0.096381450829234,117.71028849251704,3046.4088478379585,1617.6206321032555,False
STREAM,64000000,INTEL,16T,16,0.0288528571428571,3.1747869714285715,0.0918120726136389,109.78493400799572,3073.7717669736235,1518.9888692676288,False
STREAM,64000000,INTEL,20T,20,0.0296262205882352,3.5879774852941178,0.1070554531547347,120.45572818298604,3158.8406063054713,1729.6961856499565,False
STREAM,128000000,3090,gpu_resident,-1,0.0018103218806509,0.639745931283906,0.001158873725075,353.13204646241934,0.0,62.94995164574302,True
STREAM,128000000,5060ti,gpu_resident,-1,0.0038822480620155,0.3926027131782945,0.0015242648167552,101.14146825348834,114.45070644672538,0.0,True
STREAM,128000000,AMD,1T,1,0.0713538666666666,5.268939333333334,0.3759591946654219,73.84901018255617,3841.5016428465947,1242.05372415257,False
STREAM,128000000,AMD,2T,2,0.0445027608695652,3.639394565217392,0.1619328041302457,81.77816924466295,2358.278903062491,826.9917000203249,False
STREAM,128000000,AMD,4T,4,0.0370681296296296,3.4010507142857147,0.1259528723605483,91.841170468432,1947.598829016074,766.2830388391076,False
STREAM,128000000,AMD,8T,8,0.037506537037037,4.68970962962963,0.1757062242202468,125.15569839070749,1971.815926102133,1094.5178859474338,False
STREAM,128000000,AMD,10T,10,0.038085537037037,4.19694687037037,0.1602767377051436,109.90714616292853,2003.799188647235,969.0060790446935,False
STREAM,128000000,AMD,16T,16,0.0382753333333333,5.167723555555555,0.1976267637719176,135.09969773395176,2014.283307428811,1216.273011391216,False
STREAM,128000000,AMD,20T,20,0.0426277291666666,5.2444975625,0.2235291176826547,123.05296017603742,2254.70441043003,1235.8281505605114,False
STREAM,128000000,AMD,32T,32,0.0388798846153846,5.959221423076923,0.2316938413267588,153.19069992660636,2047.6779920157273,1417.8757616915996,False
STREAM,128000000,AMD,64T,64,0.0394322692307692,6.283972980769231,0.2477913144165715,159.34347493707827,2078.1910527751756,1500.5933657201858,False
STREAM,128000000,INTEL,1T,1,0.1004912,4.68708825,0.4707673941594,46.6460368080765,5451.012837776035,1093.8501932541235,False
STREAM,128000000,INTEL,2T,2,0.06581509375,3.98362475,0.2621317404105195,60.46672193980108,3535.546498854459,914.6707132385247,False
STREAM,128000000,INTEL,4T,4,0.0566616111111111,4.328580166666667,0.245704735751233,76.2781890967982,3029.919144033019,1002.5344505708775,False
STREAM,128000000,INTEL,8T,8,0.0571490555555555,5.997721277777778,0.3424740500453315,104.91387199073372,3056.844987975707,1427.6820756595243,False
STREAM,128000000,INTEL,10T,10,0.0574268055555555,6.740040805555555,0.3871252898450696,117.35444757190524,3072.1875634021353,1616.758590635279,False
STREAM,128000000,INTEL,16T,16,0.0576346944444444,6.305781833333334,0.3629828725630833,109.53076021026068,3083.671095204455,1506.148307607253,False
STREAM,128000000,INTEL,20T,20,0.0589646764705882,7.12253525,0.4183979011015414,121.25676798702368,3157.137700251819,1714.183909311246,False
STREAM,256000000,3090,gpu_resident,-1,0.0036189025270758,1.277,0.0046261653104692,352.8085661032584,0.0,62.54514238351783,True
STREAM,256000000,5060ti,gpu_resident,-1,0.0077620465116279,0.7856279069767442,0.006097809343609,101.07869294507404,114.48619998892053,0.0,True
STREAM,256000000,AMD,1T,1,0.1417988124999999,10.43848225,1.476049850185879,73.92780279755623,3818.282170881743,1228.680175093245,False
STREAM,256000000,AMD,2T,2,0.0881099166666666,7.247583041666667,0.6390121492007084,82.23281064670545,2334.7137290227734,822.5210786562864,False
STREAM,256000000,AMD,4T,4,0.0734132142857142,6.815670107142857,0.5002835737877106,92.8142946255412,1928.604355504282,767.5442975760549,False
STREAM,256000000,AMD,8T,8,0.0743474285714285,8.079975785714286,0.6007254225872647,108.67877155391872,1954.4192062421705,928.4736214129248,False
STREAM,256000000,AMD,10T,10,0.0755287857142857,8.919615392857143,0.6734602694684335,118.12511672511008,1987.0632781401716,1035.3485936085995,False
STREAM,256000000,AMD,16T,16,0.0760059642857142,9.282217392857142,0.7054551520124226,122.12980266334668,2000.2490041402048,1081.5030131219498,False
STREAM,256000000,AMD,20T,20,0.084852125,10.60525025,0.9006491099395412,124.94769276379604,2244.6921923195177,1249.9075269374223,False
STREAM,256000000,AMD,32T,32,0.0773405384615384,11.875579576923077,0.9184637190220792,153.50939308890622,2037.1268743187804,1411.6035812198575,False
STREAM,256000000,AMD,64T,64,0.0784703846153846,12.490496307692307,0.9806476008613846,159.14451404787846,2068.347559191969,1489.8743154069302,False
STREAM,256000000,INTEL,1T,1,0.2006293,9.2933356,1.86524494293768,46.307634978261376,5443.926604790749,1082.9182132496596,False
STREAM,256000000,INTEL,2T,2,0.1345499375,8.0917723125,1.0887474589111057,59.91352415301225,3617.9762785355,929.9751626235864,False
STREAM,256000000,INTEL,4T,4,0.1167053888888888,8.84801338888889,1.0275266766398574,76.05997670443321,3124.883456123115,1026.2346093251504,False
STREAM,256000000,INTEL,8T,8,0.1159725,12.165764055555556,1.4108940719329168,104.79389566120398,3104.631767015561,1448.5402119143002,False
STREAM,256000000,INTEL,10T,10,0.1163553888888888,13.594339111111111,1.5823720096405922,116.82030570468348,3115.2120157518593,1630.3788460652943,False
STREAM,256000000,INTEL,16T,16,0.1164097777777777,12.80090788888889,1.4903144098557155,109.95757554470856,3116.7149268825674,1529.385587656806,False
STREAM,256000000,INTEL,20T,20,0.1177654444444444,14.246213277777777,1.6796423635143634,120.7624546901136,3154.1756392538987,1713.353771074668,False
STRIDED_GEMM,64,3090,gpu_resident,-1,5.265390629524527e-06,0.0009341966020311,4.919391837770915e-09,177.4047055,112.65396980283806,610.0735009181235,False
STRIDED_GEMM,64,5060ti,gpu_resident,-1,9.824193706499364e-06,0.0003301833153612,3.241224180560288e-09,33.572706,296.77090244447857,150.96903818054668,False
STRIDED_GEMM,64,AMD,1T,1,6.152481265919355e-06,0.0004420068137912,2.7196551094582803e-09,71.83632990412246,148.4810068979607,235.96496178213883,False
STRIDED_GEMM,64,AMD,2T,2,6.147713611058021e-06,0.0004414509491427,2.713308169894568e-09,71.79607037879714,148.28845504298008,235.54245461808057,False
STRIDED_GEMM,64,AMD,4T,4,6.149570334621919e-06,0.0004425503748799,2.7210816531893446e-09,72.00302829076102,148.36344276268986,236.3781171333539,False
STRIDED_GEMM,64,AMD,8T,8,6.138008702643321e-06,0.0004390853733376,2.693620855628583e-09,71.70195036390024,147.89650173007925,233.74440408999843,False
STRIDED_GEMM,64,AMD,10T,10,6.151522048014172e-06,0.0004418865183882,2.71842656364284e-09,71.83334552527677,148.4422668481153,235.87352644854113,False
STRIDED_GEMM,64,AMD,16T,16,6.169918931156612e-06,0.0004465363408288,2.7560592340621167e-09,72.28168887112209,149.18526399827968,239.40781001568965,False
STRIDED_GEMM,64,AMD,20T,20,6.145887099257799e-06,0.0004418442548735,2.716481390584257e-09,71.88288325834057,148.21468748943315,235.84140237339582,False
STRIDED_GEMM,64,AMD,32T,32,6.154622143463655e-06,0.0004426930392815,2.725736455735348e-09,71.8477271456542,148.5674707789317,236.48655491923353,False
STRIDED_GEMM,64,AMD,64T,64,6.16892163261208e-06,0.0004436749288843,2.735155887988519e-09,71.96936885165897,149.14498598103546,237.23287939339605,False
STRIDED_GEMM,64,INTEL,1T,1,2.5564774921052965e-06,0.0001600621949192,4.0903490931405907e-10,59.742055349927554,3.2487664560771456,21.661674709379565,False
STRIDED_GEMM,64,INTEL,2T,2,2.481484534640308e-06,0.0001460082847464,3.62317962091293e-10,58.83901910615528,0.22001678976317773,10.9794380406824,False
STRIDED_GEMM,64,INTEL,4T,4,2.685753448289805e-06,0.0001673816350915,4.554999880734155e-10,64.20666638943493,8.469850173692217,27.225108034448333,False
STRIDED_GEMM,64,INTEL,8T,8,2.718807614968793e-06,0.0001642191003875,4.5015620879452327e-10,62.561207664146735,9.80481281129737,24.821297012055442,False
STRIDED_GEMM,64,INTEL,10T,10,2.615265488467808e-06,0.0001609739104985,4.209896027831605e-10,61.551644774345846,5.623044393433485,22.354660609593324,False
STRIDED_GEMM,64,INTEL,16T,16,2.476036837876259e-06,0.0001315633664435,3.229599081398164e-10,53.61573401051566,0.0,0.0,True
STRIDED_GEMM,64,INTEL,20T,20,2.679698672313956e-06,0.0001737698111841,4.839105697134778e-10,62.128173706433714,8.225315202191474,32.08069683951544,False
STRIDED_GEMM,128,3090,gpu_resident,-1,5.186626183838249e-06,0.0010086930828564,5.234266457310598e-09,194.488466,0.0,137.71906152589955,True
STRIDED_GEMM,128,5060ti,gpu_resident,-1,9.844514270493175e-06,0.0004243214979824,4.177338209321127e-09,43.2283795,89.80574118044417,0.0,True
STRIDED_GEMM,128,AMD,1T,1,4.032576485663944e-05,0.002961438454447,1.192758468707485e-07,73.45790845556103,677.495108135926,597.9232653844548,False
STRIDED_GEMM,128,AMD,2T,2,2.3433674537629407e-05,0.002089668733279,4.896861634552168e-08,88.97163757244834,351.8095908020083,392.4729817402923,False
STRIDED_GEMM,128,AMD,4T,4,1.3358346501653231e-05,0.0015195568035815,2.0253929201305706e-08,113.74900797740266,157.55367802056793,258.11449827708896,False
STRIDED_GEMM,128,AMD,8T,8,1.740314082033268e-05,0.0020958530237283,3.650211026873376e-08,120.2168007013204,235.53875300598332,393.93043569412356,False
STRIDED_GEMM,128,AMD,10T,10,1.7552939211756847e-05,0.0020938590162781,3.675337677525272e-08,119.3295582266902,238.42691934214506,393.46050724136273,False
STRIDED_GEMM,128,AMD,16T,16,1.7469962627920784e-05,0.0020776206995913,3.628899102494964e-08,120.01675421180414,236.82710125433647,389.6336173090799,False
STRIDED_GEMM,128,AMD,20T,20,1.7336345923000644e-05,0.002088338600956,3.619314223407837e-08,120.20253659361536,234.25092359695108,392.1595089774641,False
STRIDED_GEMM,128,AMD,32T,32,1.7360936455995474e-05,0.0020731785622505,3.600402960811704e-08,119.4551354910952,234.72503783081385,388.5867372047435,False
STRIDED_GEMM,128,AMD,64T,64,1.7213043849901702e-05,0.0020762849090223,3.563719190712544e-08,119.44883436402722,231.87361571455241,389.3188110653823,False
STRIDED_GEMM,128,INTEL,1T,1,2.712906506821449e-05,0.0017490790352806,4.753170007363268e-08,64.36293161881053,423.0580363155885,312.20608514941375,False
STRIDED_GEMM,128,INTEL,2T,2,1.9554605851043165e-05,0.0014336584970338,2.9751940393968386e-08,72.22933993795371,277.01976502521353,237.87081348710387,False
STRIDED_GEMM,128,INTEL,4T,4,1.238258696497825e-05,0.0011816319297914,1.4631661135124886e-08,93.02313474852448,138.7406866444882,178.47562176555374,False
STRIDED_GEMM,128,INTEL,8T,8,1.178946383237596e-05,0.0014275580101796,1.7363656290697365e-08,120.68435096329333,127.30506141183722,236.43310955666266,False
STRIDED_GEMM,128,INTEL,10T,10,1.222836402266289e-05,0.0014895355540023,1.830983247974642e-08,121.88834640632672,135.7672133913757,251.0393795942158,False
STRIDED_GEMM,128,INTEL,16T,16,1.2112697310115212e-05,0.0014916596468434,1.815300241842973e-08,122.22816754551135,133.5371179796782,251.53996531782394,False
STRIDED_GEMM,128,INTEL,20T,20,1.2068080490189064e-05,0.0014963019779699,1.8026667738769765e-08,124.522190889137,132.67688980157706,252.63402516361865,False
STRIDED_GEMM,256,3090,gpu_resident,-1,7.282658879559572e-06,0.0021616795683107,1.5742947946253712e-08,296.822251,0.0,73.25837198360634,True
STRIDED_GEMM,256,5060ti,gpu_resident,-1,1.63740113641946e-05,0.0012476624035895,2.04331027280577e-08,76.190404,124.83562164571462,0.0,True
STRIDED_GEMM,256,AMD,1T,1,0.0002868261612995,0.0216076433257273,6.195025471356494e-06,74.93777049720815,3838.481343737553,1631.850159431152,False
STRIDED_GEMM,256,AMD,2T,2,0.0001572036058439,0.0144855924545877,2.280380087594668e-06,93.1428318611736,2058.601802497264,1061.018590679092,False
STRIDED_GEMM,256,AMD,4T,4,8.740453284798059e-05,0.0104298685214075,9.11868827924908e-07,119.41058599083796,1100.1733747725184,735.9527778829413,False
STRIDED_GEMM,256,AMD,8T,8,8.999734329971182e-05,0.0121309941912824,1.0922987837054453e-06,134.7831541199007,1135.775899820184,872.2978071938187,False
STRIDED_GEMM,256,AMD,10T,10,0.0001004573037066,0.0140871560382622,1.4151577097087445e-06,140.39620852679528,1279.4042171679373,1029.0839571452768,False
STRIDED_GEMM,256,AMD,16T,16,6.577063919149494e-05,0.0117967718065991,7.718843541403335e-07,177.2949059613457,803.1130014354387,845.5099210058764,False
STRIDED_GEMM,256,AMD,20T,20,9.300398849828402e-05,0.0175695056117243,1.6339297083791543e-06,188.8320759965576,1177.0608926819398,1308.193880105482,False
STRIDED_GEMM,256,AMD,32T,32,7.902664824318989e-05,0.0167870356605119,1.333067413457149e-06,215.02749616620315,985.1345579977121,1245.4790023499893,False
STRIDED_GEMM,256,AMD,64T,64,7.739902381882077e-05,0.0166739039941511,1.287948527427747e-06,215.8914316287509,962.7852422974062,1236.4115121350621,False
STRIDED_GEMM,256,INTEL,1T,1,0.0002008121199837,0.013061316781516,2.6228717336098355e-06,65.04245649877507,2657.4011539566213,946.8630571810811,False
STRIDED_GEMM,256,INTEL,2T,2,0.0001122455885637,0.0085481906086956,9.690142793339438e-07,74.4904201015634,1441.2720878461382,585.1365068068594,False
STRIDED_GEMM,256,INTEL,4T,4,6.681527759461954e-05,0.0069324714075756,4.683652220700697e-07,104.83814247586494,817.4571911112259,455.6367962704508,False
STRIDED_GEMM,256,INTEL,8T,8,3.926455906821964e-05,0.0055139437543533,2.177878856343998e-07,139.88276082610014,439.1514241923989,341.94196591079384,False
STRIDED_GEMM,256,INTEL,10T,10,6.35302962868769e-05,0.008834782678403,5.56065877186367e-07,138.8834642816098,772.3502959226752,608.1068286569752,False
STRIDED_GEMM,256,INTEL,16T,16,5.005172069825436e-05,0.0076120960363618,3.861948749776632e-07,151.29445697226697,587.272622897879,510.10863310956165,False
STRIDED_GEMM,256,INTEL,20T,20,5.711243258586432e-05,0.0089584792506386,5.032302098415583e-07,156.8050597541013,684.2250135615066,618.0210948783288,False
STRIDED_GEMM,512,3090,gpu_resident,-1,2.2870950780696337e-05,0.0075230361588889,1.7185056457694625e-07,329.034089,0.0,2.593005103539836,True
STRIDED_GEMM,512,5060ti,gpu_resident,-1,6.762133198106828e-05,0.007332893847194,4.998092197938138e-07,107.767326,195.6647173502835,0.0,True
STRIDED_GEMM,512,AMD,1T,1,0.0022319092920353,0.1673521030701754,0.0003728032151877,75.33608745718931,9658.707949820293,2182.2109055105743,False
STRIDED_GEMM,512,AMD,2T,2,0.0011420125570776,0.10685366969353,0.0001219182581806,93.87746119781131,4893.288508326848,1357.1828246827622,False
STRIDED_GEMM,512,AMD,4T,4,0.0006152287621359,0.0758737083835947,4.661885280054449e-05,123.57169018751544,2590.0008138497183,934.7034876637206,False
STRIDED_GEMM,512,AMD,8T,8,0.0005380061629153,0.07857125606469,4.229947992807951e-05,146.01061523942855,2252.355912415285,971.4904334085787,False
STRIDED_GEMM,512,AMD,10T,10,0.0005115522273425,0.0813175773169482,4.160295028862591e-05,158.8724516868084,2136.6898177852013,1008.942513167092,False
STRIDED_GEMM,512,AMD,16T,16,0.0003210643998746,0.0675389177373864,2.168275909047525e-05,210.30151909100184,1303.8087133027566,821.0404397607747,False
STRIDED_GEMM,512,AMD,20T,20,0.0003318156415343,0.0750867547949735,2.490591863144284e-05,226.1543675477474,1350.8169980163693,923.9716592066328,False
STRIDED_GEMM,512,AMD,32T,32,0.0003861949054419,0.0903918367425704,3.489549235323354e-05,238.1818275360447,1588.582644180487,1132.6898305934114,False
STRIDED_GEMM,512,AMD,64T,64,0.0004422077157802,0.1154299060592851,5.1051387770909807e-05,261.8858053642696,1833.4907412482148,1474.138511543508,False
STRIDED_GEMM,512,INTEL,1T,1,0.0015167776923076,0.0950111505376344,0.0001485347856589,60.57970323716611,6531.896097593804,1195.6842485043105,False
STRIDED_GEMM,512,INTEL,2T,2,0.0008031029647435,0.0641747568108974,5.153967174365877e-05,81.81019493857693,3411.4542130069176,775.1627685903906,False
STRIDED_GEMM,512,INTEL,4T,4,0.0004451100489106,0.0454865582177385,1.9892057092049904e-05,104.20729423761532,1846.1807826821268,520.3084234629191,False
STRIDED_GEMM,512,INTEL,8T,8,0.0002582372069573,0.0398910669031931,1.039126666456128e-05,150.46581583549354,1029.1056914663066,444.00169611698095,False
STRIDED_GEMM,512,INTEL,10T,10,0.0003086759963492,0.0481938638576209,1.4873614092763956e-05,156.41059738064018,1249.6421697069557,557.2284402570853,False
STRIDED_GEMM,512,INTEL,16T,16,0.0002529232124874,0.0410734260466282,1.0301292962434046e-05,159.6601842559451,1005.8710016588975,460.12574165853124,False
STRIDED_GEMM,512,INTEL,20T,20,0.0003042477517985,0.0520531010132023,1.5942932531577658e-05,170.0302066860232,1230.2802962406479,609.8575555286526,False
STRIDED_GEMM,1024,3090,gpu_resident,-1,0.0001221521401243,0.0405251289432649,4.94656256546926e-06,332.30662800000005,0.0,0.0,True
STRIDED_GEMM,1024,5060ti,gpu_resident,-1,0.0004506816133393,0.0562879675529517,2.536605157483985e-05,124.9045875,268.95105798448867,38.89645516428768,False
STRIDED_GEMM,1024,AMD,1T,1,0.0176286578947368,1.3343390087719298,0.0235652416588521,75.61701065841486,14331.72250342742,3192.621253938518,False
STRIDED_GEMM,1024,AMD,2T,2,0.008933424778761,0.8398591652173912,0.00751101838849,95.525165135422,7213.359200805237,1972.4404514374094,False
STRIDED_GEMM,1024,AMD,4T,4,0.004755827014218,0.5946855642857143,0.0028313476352861,124.9862854528796,3793.3636442051265,1367.4489132860576,False
STRIDED_GEMM,1024,AMD,8T,8,0.0033703571428571,0.5379644783333333,0.0018121275295949,159.91983098924544,2659.147027164223,1227.4836931092373,False
STRIDED_GEMM,1024,AMD,10T,10,0.0031870857142857,0.5488203777777778,0.0017479272045102,172.12154552199615,2509.1116463801404,1254.271761963115,False
STRIDED_GEMM,1024,AMD,16T,16,0.0018773803738317,0.4434588682242991,0.0008324638580854,236.19859088495195,1436.9197559054705,994.2812022761005,False
STRIDED_GEMM,1024,AMD,20T,20,0.0018446700367647,0.4707916341911764,0.0008683165917097,254.97891900149347,1410.141398167559,1061.7276649515015,False
STRIDED_GEMM,1024,AMD,32T,32,0.0016064703525641,0.4598089488,0.0007378120717038,285.3903735643719,1215.1389332429067,1034.626738495346,False
STRIDED_GEMM,1024,AMD,64T,64,0.0017773418727915,0.5112660070671378,0.0009084424375731,287.5227650697854,1355.023113784913,1161.6024190395772,False
STRIDED_GEMM,1024,INTEL,1T,1,0.0115853720930232,0.7580183076923077,0.0090282683861049,63.12682519519551,9384.379136734007,1770.4895640271295,False
STRIDED_GEMM,1024,INTEL,2T,2,0.0057472655367231,0.4952450212121212,0.0028706590694401,79.98236415378435,4605.006012072139,1122.0689585108125,False
STRIDED_GEMM,1024,INTEL,4T,4,0.0031495660377358,0.3503299455128205,0.0010634172138548,109.03304629122287,2478.3961169496115,764.4758317815144,False
STRIDED_GEMM,1024,INTEL,8T,8,0.001775143738977,0.2627173336594912,0.0004816048394413,142.01829845567602,1353.223608829647,548.282536071125,False
STRIDED_GEMM,1024,INTEL,10T,10,0.0019178826335877,0.2995842959183673,0.0005701554090018,159.09329230671955,1470.076980752113,639.2556266453458,False
STRIDED_GEMM,1024,INTEL,16T,16,0.0022528825503355,0.3527532447916667,0.0007913182713745,158.31034172295614,1744.3250753060927,770.4555765523178,False
STRIDED_GEMM,1024,INTEL,20T,20,0.0019798063583815,0.3391459171483622,0.0006711930863682,171.38316567051953,1520.7709143424597,736.8780704514618,False
STRIDED_GEMM,2048,3090,gpu_resident,-1,0.0007647087155963,0.2575174506828528,0.0001971587218874,337.199192,0.0,0.0,True
STRIDED_GEMM,2048,5060ti,gpu_resident,-1,0.0035091747404844,0.47328125,0.001661582233947,134.80837300000002,358.89038125425793,83.78608857186629,False
STRIDED_GEMM,2048,AMD,1T,1,0.139054125,10.7613653125,1.4902983720962188,77.02375298432503,18083.93358987274,4078.8877934153,False
STRIDED_GEMM,2048,AMD,2T,2,0.0711595333333333,6.896956733333333,0.4855470211564644,97.12694748212228,9205.442959133132,2578.248295424189,False
STRIDED_GEMM,2048,AMD,4T,4,0.0375107407407407,4.764901592592592,0.1785596206838573,126.83831453583952,4805.232538312422,1750.3218247763862,False
STRIDED_GEMM,2048,AMD,8T,8,0.0224871111111111,3.888384322222222,0.0874272431399935,172.7708116294098,2840.6113272262414,1409.949835209803,False
STRIDED_GEMM,2048,AMD,10T,10,0.0207472142857142,3.8811228163265294,0.0804754135313477,188.2727710707631,2613.08720073055,1407.130024017809,False
STRIDED_GEMM,2048,AMD,16T,16,0.011923494117647,3.143778958823529,0.0374923425545085,263.61274541443225,1459.2203769182058,1120.802299217877,False
STRIDED_GEMM,2048,AMD,20T,20,0.0120325361445783,3.330848594117647,0.0401244015064884,276.2789594125179,1473.4796660707132,1193.4457782512666,False
STRIDED_GEMM,2048,AMD,32T,32,0.0083889083333333,2.407646475,0.0201974436923154,287.00651505543965,997.0070253209874,834.944978919177,False
STRIDED_GEMM,2048,AMD,64T,64,0.0083304173553719,1.998782991735537,0.0166475496378321,240.48459505825045,989.3582334648895,676.1738035365807,False
STRIDED_GEMM,2048,INTEL,1T,1,0.0856545,5.173842875,0.4429885505582395,60.42741198335104,11100.931577353454,1909.1232113709755,False
STRIDED_GEMM,2048,INTEL,2T,2,0.0465862045454545,3.9552787142857135,0.185770449990844,82.58591087334946,5992.019561870403,1435.9264794667688,False
STRIDED_GEMM,2048,INTEL,4T,4,0.024326869047619,2.7898388837209303,0.0654723411178669,114.50379932613404,3081.1941660230113,983.3591573398936,False
STRIDED_GEMM,2048,INTEL,8T,8,0.013799102739726,2.131461861842105,0.0290607425685601,152.3671673990279,1704.4913649200164,727.6960866885562,False
STRIDED_GEMM,2048,INTEL,10T,10,0.0145303642857142,2.379581867647059,0.0355981195526643,161.01607352088115,1800.117520484097,824.0468408401758,False
STRIDED_GEMM,2048,INTEL,16T,16,0.0155958828125,2.630865984375,0.0410213584045882,167.99531910317245,1939.4540423589567,921.6262926643598,False
STRIDED_GEMM,2048,INTEL,20T,20,0.0270654324324324,4.098357833333333,0.1124203446624894,154.05175786501914,3439.3126664350198,1491.4874205479343,False
STRIDED_GEMM,4096,3090,gpu_resident,-1,0.0055562472222222,1.798779005524862,0.009979714305943,324.218193,0.0,0.0,True
STRIDED_GEMM,4096,5060ti,gpu_resident,-1,0.0281295277777777,3.884069444444444,0.1092629191994598,138.61771800000002,406.26846957553846,115.92810637186193,False
STRIDED_GEMM,4096,AMD,1T,1,1.094909,86.9846985,94.907352763824,79.02234072550539,19605.908614377586,4735.763494727853,False
STRIDED_GEMM,4096,AMD,2T,2,0.55553375,54.0818325,30.032487219518003,97.3866268214806,9898.362703843412,2906.5857080769947,False
STRIDED_GEMM,4096,AMD,4T,4,0.292974,37.435823375,10.98692829534672,128.2821539833326,5172.87552699691,1981.1796924479158,False
STRIDED_GEMM,4096,AMD,8T,8,0.1521078571428571,28.55886614285714,4.344028102508673,187.7218814064456,2637.600597297075,1487.680646435164,False
STRIDED_GEMM,4096,AMD,10T,10,0.1342165625,27.8215830625,3.737903466246906,207.8775646389045,2315.5973831258107,1446.6926719206397,False
STRIDED_GEMM,4096,AMD,16T,16,0.0828652692307692,23.43411603846154,1.941874221347361,283.0618505283319,1391.3891682024105,1202.7790499269113,False
STRIDED_GEMM,4096,AMD,20T,20,0.0788518461538461,22.371697423076924,1.764121661816778,284.6035521526509,1319.156545779286,1143.715729078633,False
STRIDED_GEMM,4096,AMD,32T,32,0.0542776052631578,15.197801157894736,0.8247222312194875,279.8967759371507,876.8752737652605,744.8954046725823,False
STRIDED_GEMM,4096,AMD,64T,64,0.0584261388888888,14.17582722222222,0.82950438481979,244.1697796130177,951.539583321879,688.0805356679091,False
STRIDED_GEMM,4096,INTEL,1T,1,0.67789975,43.8718205,29.7379042028115,64.36416879756636,12100.676515773835,2338.977793561624,False
STRIDED_GEMM,4096,INTEL,2T,2,0.33901675,27.52688425,9.024209912173657,81.44701757191493,6001.541858038698,1430.3094024031031,False
STRIDED_GEMM,4096,INTEL,4T,4,0.1875016666666666,21.423178166666663,3.935084808336208,113.47784291366804,3274.609861072309,1090.9844456081828,False
STRIDED_GEMM,4096,INTEL,8T,8,0.1130478,17.423373222222224,2.031736144415568,156.7029542898807,1934.6070914171269,868.622224781765,False
STRIDED_GEMM,4096,INTEL,10T,10,0.1056568,17.99624605,1.90173232383973,170.35020073840195,1801.5856525862607,900.4700963667804,False
STRIDED_GEMM,4096,INTEL,16T,16,0.1391449375,23.1460703125,3.218961368644812,163.8557388021021,2404.2970900123037,1186.7656472200295,False
STRIDED_GEMM,4096,INTEL,20T,20,0.1779571666666666,28.81343333333333,5.069088220734444,160.86830830110688,3102.8302476341814,1501.832868008481,False
STRIDED_GEMM,8192,3090,gpu_resident,-1,0.041750125,13.693625,0.572001785139757,327.740274,0.0,0.0,True
STRIDED_GEMM,8192,5060ti,gpu_resident,-1,0.2234366,31.0421,6.953095192819999,138.825492,435.175882706938,126.69015691608321,False
STRIDED_GEMM,8192,AMD,1T,1,8.780321,675.5100494999999,5957.375502241239,76.72868226451855,20930.646016029896,4833.0257656391195,False
STRIDED_GEMM,8192,AMD,2T,2,4.4424115,432.1053245,1919.4736365954384,96.95744775856994,10540.474729117577,3055.5218176341177,False
STRIDED_GEMM,8192,AMD,4T,4,2.358498,302.0253735,713.7576302168475,127.69291038881596,5549.080092574573,2105.591094396115,False
STRIDED_GEMM,8192,AMD,8T,8,1.1863905,224.864943,266.7774840746415,189.52690748321857,2741.6453842952565,1542.1140713288119,False
STRIDED_GEMM,8192,AMD,10T,10,1.0258425,217.7836135,223.31700076916297,212.29940786176405,2357.1004278430305,1490.4014714876448,False
STRIDED_GEMM,8192,AMD,16T,16,0.64333725,181.54550125,116.79498325817136,282.2348560134223,1440.9229313684689,1225.7665610822553,False
STRIDED_GEMM,8192,AMD,20T,20,0.5722885,162.3445135,92.901267113981,283.5721009168845,1270.746794171275,1085.548118193685,False
STRIDED_GEMM,8192,AMD,32T,32,0.4591805,129.93899966666666,59.647103468732894,284.1506528678429,999.8302400292214,848.9014024165746,False
STRIDED_GEMM,8192,AMD,64T,64,0.4803816666666667,116.35490383333334,55.82766280139056,242.3077723319212,1050.6113255149935,749.7012575803217,False
STRIDED_GEMM,8192,INTEL,1T,1,5.433274,366.7547675,1987.832726586858,65.15226594110348,12913.790976673723,2578.2883823677075,False
STRIDED_GEMM,8192,INTEL,2T,2,2.9868135,249.3618495,738.4902777225441,84.84889946679496,7054.022892147029,1721.00685172845,False
STRIDED_GEMM,8192,INTEL,4T,4,1.6059685,180.10403150000002,287.92069179107705,111.6270709878943,3746.6196208993388,1215.239985759797,False
STRIDED_GEMM,8192,INTEL,8T,8,0.936769,144.80790275,140.08805713361073,152.69591268098975,2143.7513660138743,957.4840683164612,False
STRIDED_GEMM,8192,INTEL,10T,10,0.92879425,145.78261625,138.64133311603737,154.47427256715193,2124.650225598127,964.6020776091063,False
STRIDED_GEMM,8192,INTEL,16T,16,1.0362355,176.2540045,184.749495758964,170.10207644624228,2381.9937664857293,1187.1245159700225,False
STRIDED_GEMM,8192,INTEL,20T,20,1.243604,201.3129,250.157539412622,161.7947931263801,2878.683297355397,1370.1213155756784,False
STRIDED_GEMM,16384,3090,gpu_resident,-1,0.332657375,111.708625,37.24682131112501,335.95082449999995,0.0,0.0,True
STRIDED_GEMM,16384,5060ti,gpu_resident,-1,1.7920859999999998,291.865,522.988512119,162.8796855,438.71825327786587,161.2734692598714,False
STRIDED_GEMM,16384,AMD,1T,1,73.7586125,5575.8775465,412325.0975467674,74.95661311303974,22072.54690355204,4891.447658137409,False
STRIDED_GEMM,16384,AMD,2T,2,37.5455485,3558.002141,133363.65456173342,95.37907232727486,11186.552267178808,3085.073794436195,False
STRIDED_GEMM,16384,AMD,4T,4,19.7590285,2473.453751,48887.95537523543,125.13553057141964,5839.7536278881535,2114.201231999767,False
STRIDED_GEMM,16384,AMD,8T,8,9.953508,1847.2161855,18386.28042828392,185.22199184660207,2892.120045437141,1553.6021148769848,False
STRIDED_GEMM,16384,AMD,10T,10,8.4150445,1767.3934175,14867.025468494654,210.20582926555136,2429.6431501030156,1482.145888466535,False
STRIDED_GEMM,16384,AMD,16T,16,5.235291999999999,1484.007247,7748.910258192474,283.9509105975333,1473.7790271446709,1228.4625488855493,False
STRIDED_GEMM,16384,AMD,20T,20,4.464921,1270.414617,5672.301138041983,284.6823482416992,1242.198109992301,1037.2574114129504,False
STRIDED_GEMM,16384,AMD,32T,32,3.469416,988.003639,3429.1481304806184,285.0747697137697,942.9397514484685,784.4470505298941,False
STRIDED_GEMM,16384,AMD,64T,64,3.67175,921.1224775,3382.1318630827923,252.5427226248908,1003.7632939897996,724.5759694025417,False
STRIDED_GEMM,16384,INTEL,1T,1,41.824983,2430.7323945,102099.05286727264,57.911406879796864,12472.991354843705,2075.957670681203,False
STRIDED_GEMM,16384,INTEL,2T,2,22.3371685,1872.6135835,41646.85614362507,84.11290518091138,6614.767258654645,1576.3375106443214,False
STRIDED_GEMM,16384,INTEL,4T,4,12.8257665,1441.370242,18457.231268217954,112.27504779440773,3755.5485204559195,1190.294497850994,False
STRIDED_GEMM,16384,INTEL,8T,8,7.7003385,1154.6073645,8910.065139680819,150.18631701991768,2214.7956662617207,933.5883773522412,False
STRIDED_GEMM,16384,INTEL,10T,10,7.504099,1227.1838395,9197.00722903384,163.90029737046456,2155.8041889196056,998.5578235342167,False
STRIDED_GEMM,16384,INTEL,16T,16,8.4276515,1435.3564635,12134.29659057054,172.1993679289062,2433.4329353136995,1184.9110473788394,False
STRIDED_GEMM,16384,INTEL,20T,20,9.545566,1504.830895,14358.010755974228,155.34664067522223,2769.4887645283684,1247.1035875698944,False
