platform,platform_label,device_kind,energy_domain,session_number,problem_size,configuration,num_threads,runtime_s,energy_j,total_energy_j,power_w,edp_j_s,throughput_gflops,efficiency_gflop_per_j,logical_bandwidth_gb_s,logical_gb_per_j,temperature_c,clock_mhz,working_set_bytes,operational_intensity_flop_per_byte,policy,optimized_metric,selection_status
3090,RTX 3090,GPU,GPU board NVML,1,1000000,gpu_resident,-1,5.700756277427376e-06,0.0012069691791515,0.0012069691791515,211.84355832500495,6.880637124709281e-09,175.4151469270104,0.8285207420979878,701.6619910306204,3.314089596564516,59.0,1950.0,4000004.0,0.2499995000005,runtime_opt,runtime_s,clear_leader
3090,RTX 3090,GPU,GPU board NVML,2,1000000,gpu_resident,-1,5.653928630472067e-06,0.0012224280934574,0.0012224280934574,216.2819062972453,6.9115211962921775e-09,176.8679913309246,0.8180432087188846,707.473380269044,3.2721793792277523,62.0,1950.0,4000004.0,0.2499995000005,runtime_opt,runtime_s,clear_leader
3090,RTX 3090,GPU,GPU board NVML,3,1000000,gpu_resident,-1,5.658497548303753e-06,0.0012116827679173,0.0012116827679173,214.1035309688126,6.8563039715819475e-09,176.72518039700657,0.825297698768835,706.9021353908831,3.3011973974635325,61.5,1950.0,4000004.0,0.2499995000005,runtime_opt,runtime_s,clear_leader
3090,RTX 3090,GPU,GPU board NVML,4,1000000,gpu_resident,-1,5.684419756909063e-06,0.0012081107251631,0.0012081107251631,212.35395156351325,6.867408474650861e-09,175.91927457231893,0.8277378713486679,703.6785056448798,3.3109581073042644,60.0,1950.0,4000004.0,0.2499995000005,runtime_opt,runtime_s,clear_leader
3090,RTX 3090,GPU,GPU board NVML,5,1000000,gpu_resident,-1,5.633382602035967e-06,0.0012184612288479,0.0012184612288479,215.9161833671676,6.864058287847124e-09,177.5130628689394,0.8207064585432365,710.0536715816806,3.28283239983118,62.0,1950.0,4000004.0,0.2499995000005,runtime_opt,runtime_s,clear_leader
3090,RTX 3090,GPU,GPU board NVML,1,1000000,gpu_resident,-1,5.700756277427376e-06,0.0012069691791515,0.0012069691791515,211.84355832500495,6.880637124709281e-09,175.4151469270104,0.8285207420979878,701.6619910306204,3.314089596564516,59.0,1950.0,4000004.0,0.2499995000005,energy_opt,energy_j,clear_leader
3090,RTX 3090,GPU,GPU board NVML,2,1000000,gpu_resident,-1,5.653928630472067e-06,0.0012224280934574,0.0012224280934574,216.2819062972453,6.9115211962921775e-09,176.8679913309246,0.8180432087188846,707.473380269044,3.2721793792277523,62.0,1950.0,4000004.0,0.2499995000005,energy_opt,energy_j,clear_leader
3090,RTX 3090,GPU,GPU board NVML,3,1000000,gpu_resident,-1,5.658497548303753e-06,0.0012116827679173,0.0012116827679173,214.1035309688126,6.8563039715819475e-09,176.72518039700657,0.825297698768835,706.9021353908831,3.3011973974635325,61.5,1950.0,4000004.0,0.2499995000005,energy_opt,energy_j,clear_leader
3090,RTX 3090,GPU,GPU board NVML,4,1000000,gpu_resident,-1,5.684419756909063e-06,0.0012081107251631,0.0012081107251631,212.35395156351325,6.867408474650861e-09,175.91927457231893,0.8277378713486679,703.6785056448798,3.3109581073042644,60.0,1950.0,4000004.0,0.2499995000005,energy_opt,energy_j,clear_leader
3090,RTX 3090,GPU,GPU board NVML,5,1000000,gpu_resident,-1,5.633382602035967e-06,0.0012184612288479,0.0012184612288479,215.9161833671676,6.864058287847124e-09,177.5130628689394,0.8207064585432365,710.0536715816806,3.28283239983118,62.0,1950.0,4000004.0,0.2499995000005,energy_opt,energy_j,clear_leader
3090,RTX 3090,GPU,GPU board NVML,1,1000000,gpu_resident,-1,5.700756277427376e-06,0.0012069691791515,0.0012069691791515,211.84355832500495,6.880637124709281e-09,175.4151469270104,0.8285207420979878,701.6619910306204,3.314089596564516,59.0,1950.0,4000004.0,0.2499995000005,edp_opt,edp_j_s,clear_leader
3090,RTX 3090,GPU,GPU board NVML,2,1000000,gpu_resident,-1,5.653928630472067e-06,0.0012224280934574,0.0012224280934574,216.2819062972453,6.9115211962921775e-09,176.8679913309246,0.8180432087188846,707.473380269044,3.2721793792277523,62.0,1950.0,4000004.0,0.2499995000005,edp_opt,edp_j_s,clear_leader
3090,RTX 3090,GPU,GPU board NVML,3,1000000,gpu_resident,-1,5.658497548303753e-06,0.0012116827679173,0.0012116827679173,214.1035309688126,6.8563039715819475e-09,176.72518039700657,0.825297698768835,706.9021353908831,3.3011973974635325,61.5,1950.0,4000004.0,0.2499995000005,edp_opt,edp_j_s,clear_leader
3090,RTX 3090,GPU,GPU board NVML,4,1000000,gpu_resident,-1,5.684419756909063e-06,0.0012081107251631,0.0012081107251631,212.35395156351325,6.867408474650861e-09,175.91927457231893,0.8277378713486679,703.6785056448798,3.3109581073042644,60.0,1950.0,4000004.0,0.2499995000005,edp_opt,edp_j_s,clear_leader
3090,RTX 3090,GPU,GPU board NVML,5,1000000,gpu_resident,-1,5.633382602035967e-06,0.0012184612288479,0.0012184612288479,215.9161833671676,6.864058287847124e-09,177.5130628689394,0.8207064585432365,710.0536715816806,3.28283239983118,62.0,1950.0,4000004.0,0.2499995000005,edp_opt,edp_j_s,clear_leader
3090,RTX 3090,GPU,GPU board NVML,1,1000000,gpu_resident,-1,5.700756277427376e-06,0.0012069691791515,0.0012069691791515,211.84355832500495,6.880637124709281e-09,175.4151469270104,0.8285207420979878,701.6619910306204,3.314089596564516,59.0,1950.0,4000004.0,0.2499995000005,bandwidth_opt,logical_bandwidth_gb_s,clear_leader
3090,RTX 3090,GPU,GPU board NVML,2,1000000,gpu_resident,-1,5.653928630472067e-06,0.0012224280934574,0.0012224280934574,216.2819062972453,6.9115211962921775e-09,176.8679913309246,0.8180432087188846,707.473380269044,3.2721793792277523,62.0,1950.0,4000004.0,0.2499995000005,bandwidth_opt,logical_bandwidth_gb_s,clear_leader
3090,RTX 3090,GPU,GPU board NVML,3,1000000,gpu_resident,-1,5.658497548303753e-06,0.0012116827679173,0.0012116827679173,214.1035309688126,6.8563039715819475e-09,176.72518039700657,0.825297698768835,706.9021353908831,3.3011973974635325,61.5,1950.0,4000004.0,0.2499995000005,bandwidth_opt,logical_bandwidth_gb_s,clear_leader
3090,RTX 3090,GPU,GPU board NVML,4,1000000,gpu_resident,-1,5.684419756909063e-06,0.0012081107251631,0.0012081107251631,212.35395156351325,6.867408474650861e-09,175.91927457231893,0.8277378713486679,703.6785056448798,3.3109581073042644,60.0,1950.0,4000004.0,0.2499995000005,bandwidth_opt,logical_bandwidth_gb_s,clear_leader
3090,RTX 3090,GPU,GPU board NVML,5,1000000,gpu_resident,-1,5.633382602035967e-06,0.0012184612288479,0.0012184612288479,215.9161833671676,6.864058287847124e-09,177.5130628689394,0.8207064585432365,710.0536715816806,3.28283239983118,62.0,1950.0,4000004.0,0.2499995000005,bandwidth_opt,logical_bandwidth_gb_s,clear_leader
3090,RTX 3090,GPU,GPU board NVML,1,1000000,gpu_resident,-1,5.700756277427376e-06,0.0012069691791515,0.0012069691791515,211.84355832500495,6.880637124709281e-09,175.4151469270104,0.8285207420979878,701.6619910306204,3.314089596564516,59.0,1950.0,4000004.0,0.2499995000005,bytes_per_j_opt,logical_gb_per_j,clear_leader
3090,RTX 3090,GPU,GPU board NVML,2,1000000,gpu_resident,-1,5.653928630472067e-06,0.0012224280934574,0.0012224280934574,216.2819062972453,6.9115211962921775e-09,176.8679913309246,0.8180432087188846,707.473380269044,3.2721793792277523,62.0,1950.0,4000004.0,0.2499995000005,bytes_per_j_opt,logical_gb_per_j,clear_leader
3090,RTX 3090,GPU,GPU board NVML,3,1000000,gpu_resident,-1,5.658497548303753e-06,0.0012116827679173,0.0012116827679173,214.1035309688126,6.8563039715819475e-09,176.72518039700657,0.825297698768835,706.9021353908831,3.3011973974635325,61.5,1950.0,4000004.0,0.2499995000005,bytes_per_j_opt,logical_gb_per_j,clear_leader
3090,RTX 3090,GPU,GPU board NVML,4,1000000,gpu_resident,-1,5.684419756909063e-06,0.0012081107251631,0.0012081107251631,212.35395156351325,6.867408474650861e-09,175.91927457231893,0.8277378713486679,703.6785056448798,3.3109581073042644,60.0,1950.0,4000004.0,0.2499995000005,bytes_per_j_opt,logical_gb_per_j,clear_leader
3090,RTX 3090,GPU,GPU board NVML,5,1000000,gpu_resident,-1,5.633382602035967e-06,0.0012184612288479,0.0012184612288479,215.9161833671676,6.864058287847124e-09,177.5130628689394,0.8207064585432365,710.0536715816806,3.28283239983118,62.0,1950.0,4000004.0,0.2499995000005,bytes_per_j_opt,logical_gb_per_j,clear_leader
3090,RTX 3090,GPU,GPU board NVML,1,2000000,gpu_resident,-1,1.3867925871226304e-05,0.0039716894787203,0.0039716894787203,286.4302542221642,5.507909527442256e-08,144.217601000426,0.5035637883363456,576.8709808723963,2.014257167601543,61.0,1950.0,8000004.0,0.249999750000125,runtime_opt,runtime_s,clear_leader
3090,RTX 3090,GPU,GPU board NVML,2,2000000,gpu_resident,-1,1.381411013988428e-05,0.0039741842385075,0.0039741842385075,287.7033896302025,5.489981878693474e-08,144.77943057841827,0.5032476805230091,579.1183014316849,2.0129927350837646,63.0,1950.0,8000004.0,0.249999750000125,runtime_opt,runtime_s,clear_leader
3090,RTX 3090,GPU,GPU board NVML,3,2000000,gpu_resident,-1,1.3754204585453044e-05,0.0039702048673174,0.0039702048673174,288.64502004060705,5.460700999124498e-08,145.41000808692877,0.5037520900908485,581.6406139880382,2.0150103753727615,62.0,1950.0,8000004.0,0.249999750000125,runtime_opt,runtime_s,clear_leader
3090,RTX 3090,GPU,GPU board NVML,4,2000000,gpu_resident,-1,1.3855103536647872e-05,0.0039622577472398,0.0039622577472398,285.97879349329173,5.489749132689258e-08,144.3510685221399,0.5047624681643302,577.4048514931225,2.019051891708203,62.0,1950.0,8000004.0,0.249999750000125,runtime_opt,runtime_s,clear_leader
3090,RTX 3090,GPU,GPU board NVML,5,2000000,gpu_resident,-1,1.382743051332375e-05,0.0040023979986731,0.0040023979986731,289.4754937786929,5.5342880213318335e-08,144.63996026397336,0.4997001799079082,578.5604196160238,1.9988027184333517,63.0,1950.0,8000004.0,0.249999750000125,runtime_opt,runtime_s,clear_leader
3090,RTX 3090,GPU,GPU board NVML,1,2000000,gpu_resident,-1,1.3867925871226304e-05,0.0039716894787203,0.0039716894787203,286.4302542221642,5.507909527442256e-08,144.217601000426,0.5035637883363456,576.8709808723963,2.014257167601543,61.0,1950.0,8000004.0,0.249999750000125,energy_opt,energy_j,clear_leader
3090,RTX 3090,GPU,GPU board NVML,2,2000000,gpu_resident,-1,1.381411013988428e-05,0.0039741842385075,0.0039741842385075,287.7033896302025,5.489981878693474e-08,144.77943057841827,0.5032476805230091,579.1183014316849,2.0129927350837646,63.0,1950.0,8000004.0,0.249999750000125,energy_opt,energy_j,clear_leader
3090,RTX 3090,GPU,GPU board NVML,3,2000000,gpu_resident,-1,1.3754204585453044e-05,0.0039702048673174,0.0039702048673174,288.64502004060705,5.460700999124498e-08,145.41000808692877,0.5037520900908485,581.6406139880382,2.0150103753727615,62.0,1950.0,8000004.0,0.249999750000125,energy_opt,energy_j,clear_leader
3090,RTX 3090,GPU,GPU board NVML,4,2000000,gpu_resident,-1,1.3855103536647872e-05,0.0039622577472398,0.0039622577472398,285.97879349329173,5.489749132689258e-08,144.3510685221399,0.5047624681643302,577.4048514931225,2.019051891708203,62.0,1950.0,8000004.0,0.249999750000125,energy_opt,energy_j,clear_leader
3090,RTX 3090,GPU,GPU board NVML,5,2000000,gpu_resident,-1,1.382743051332375e-05,0.0040023979986731,0.0040023979986731,289.4754937786929,5.5342880213318335e-08,144.63996026397336,0.4997001799079082,578.5604196160238,1.9988027184333517,63.0,1950.0,8000004.0,0.249999750000125,energy_opt,energy_j,clear_leader
3090,RTX 3090,GPU,GPU board NVML,1,2000000,gpu_resident,-1,1.3867925871226304e-05,0.0039716894787203,0.0039716894787203,286.4302542221642,5.507909527442256e-08,144.217601000426,0.5035637883363456,576.8709808723963,2.014257167601543,61.0,1950.0,8000004.0,0.249999750000125,edp_opt,edp_j_s,clear_leader
3090,RTX 3090,GPU,GPU board NVML,2,2000000,gpu_resident,-1,1.381411013988428e-05,0.0039741842385075,0.0039741842385075,287.7033896302025,5.489981878693474e-08,144.77943057841827,0.5032476805230091,579.1183014316849,2.0129927350837646,63.0,1950.0,8000004.0,0.249999750000125,edp_opt,edp_j_s,clear_leader
3090,RTX 3090,GPU,GPU board NVML,3,2000000,gpu_resident,-1,1.3754204585453044e-05,0.0039702048673174,0.0039702048673174,288.64502004060705,5.460700999124498e-08,145.41000808692877,0.5037520900908485,581.6406139880382,2.0150103753727615,62.0,1950.0,8000004.0,0.249999750000125,edp_opt,edp_j_s,clear_leader
3090,RTX 3090,GPU,GPU board NVML,4,2000000,gpu_resident,-1,1.3855103536647872e-05,0.0039622577472398,0.0039622577472398,285.97879349329173,5.489749132689258e-08,144.3510685221399,0.5047624681643302,577.4048514931225,2.019051891708203,62.0,1950.0,8000004.0,0.249999750000125,edp_opt,edp_j_s,clear_leader
3090,RTX 3090,GPU,GPU board NVML,5,2000000,gpu_resident,-1,1.382743051332375e-05,0.0040023979986731,0.0040023979986731,289.4754937786929,5.5342880213318335e-08,144.63996026397336,0.4997001799079082,578.5604196160238,1.9988027184333517,63.0,1950.0,8000004.0,0.249999750000125,edp_opt,edp_j_s,clear_leader
3090,RTX 3090,GPU,GPU board NVML,1,2000000,gpu_resident,-1,1.3867925871226304e-05,0.0039716894787203,0.0039716894787203,286.4302542221642,5.507909527442256e-08,144.217601000426,0.5035637883363456,576.8709808723963,2.014257167601543,61.0,1950.0,8000004.0,0.249999750000125,bandwidth_opt,logical_bandwidth_gb_s,clear_leader
3090,RTX 3090,GPU,GPU board NVML,2,2000000,gpu_resident,-1,1.381411013988428e-05,0.0039741842385075,0.0039741842385075,287.7033896302025,5.489981878693474e-08,144.77943057841827,0.5032476805230091,579.1183014316849,2.0129927350837646,63.0,1950.0,8000004.0,0.249999750000125,bandwidth_opt,logical_bandwidth_gb_s,clear_leader
3090,RTX 3090,GPU,GPU board NVML,3,2000000,gpu_resident,-1,1.3754204585453044e-05,0.0039702048673174,0.0039702048673174,288.64502004060705,5.460700999124498e-08,145.41000808692877,0.5037520900908485,581.6406139880382,2.0150103753727615,62.0,1950.0,8000004.0,0.249999750000125,bandwidth_opt,logical_bandwidth_gb_s,clear_leader
3090,RTX 3090,GPU,GPU board NVML,4,2000000,gpu_resident,-1,1.3855103536647872e-05,0.0039622577472398,0.0039622577472398,285.97879349329173,5.489749132689258e-08,144.3510685221399,0.5047624681643302,577.4048514931225,2.019051891708203,62.0,1950.0,8000004.0,0.249999750000125,bandwidth_opt,logical_bandwidth_gb_s,clear_leader
3090,RTX 3090,GPU,GPU board NVML,5,2000000,gpu_resident,-1,1.382743051332375e-05,0.0040023979986731,0.0040023979986731,289.4754937786929,5.5342880213318335e-08,144.63996026397336,0.4997001799079082,578.5604196160238,1.9988027184333517,63.0,1950.0,8000004.0,0.249999750000125,bandwidth_opt,logical_bandwidth_gb_s,clear_leader
3090,RTX 3090,GPU,GPU board NVML,1,2000000,gpu_resident,-1,1.3867925871226304e-05,0.0039716894787203,0.0039716894787203,286.4302542221642,5.507909527442256e-08,144.217601000426,0.5035637883363456,576.8709808723963,2.014257167601543,61.0,1950.0,8000004.0,0.249999750000125,bytes_per_j_opt,logical_gb_per_j,clear_leader
3090,RTX 3090,GPU,GPU board NVML,2,2000000,gpu_resident,-1,1.381411013988428e-05,0.0039741842385075,0.0039741842385075,287.7033896302025,5.489981878693474e-08,144.77943057841827,0.5032476805230091,579.1183014316849,2.0129927350837646,63.0,1950.0,8000004.0,0.249999750000125,bytes_per_j_opt,logical_gb_per_j,clear_leader
3090,RTX 3090,GPU,GPU board NVML,3,2000000,gpu_resident,-1,1.3754204585453044e-05,0.0039702048673174,0.0039702048673174,288.64502004060705,5.460700999124498e-08,145.41000808692877,0.5037520900908485,581.6406139880382,2.0150103753727615,62.0,1950.0,8000004.0,0.249999750000125,bytes_per_j_opt,logical_gb_per_j,clear_leader
3090,RTX 3090,GPU,GPU board NVML,4,2000000,gpu_resident,-1,1.3855103536647872e-05,0.0039622577472398,0.0039622577472398,285.97879349329173,5.489749132689258e-08,144.3510685221399,0.5047624681643302,577.4048514931225,2.019051891708203,62.0,1950.0,8000004.0,0.249999750000125,bytes_per_j_opt,logical_gb_per_j,clear_leader
3090,RTX 3090,GPU,GPU board NVML,5,2000000,gpu_resident,-1,1.382743051332375e-05,0.0040023979986731,0.0040023979986731,289.4754937786929,5.5342880213318335e-08,144.63996026397336,0.4997001799079082,578.5604196160238,1.9988027184333517,63.0,1950.0,8000004.0,0.249999750000125,bytes_per_j_opt,logical_gb_per_j,clear_leader
3090,RTX 3090,GPU,GPU board NVML,1,4000000,gpu_resident,-1,2.2865760277574538e-05,0.00715425507591,0.00715425507591,312.88598225695114,1.6358748153037888e-07,174.93400400611108,0.5591076859237106,699.7363658925398,2.2364318619104933,61.0,1950.0,16000004.0,0.2499998750000312,runtime_opt,runtime_s,clear_leader
3090,RTX 3090,GPU,GPU board NVML,2,4000000,gpu_resident,-1,2.2852745052785523e-05,0.0072513939033864,0.0072513939033864,317.3075097363793,1.6571425615141264e-07,175.0336334108116,0.5516179445350502,700.1348837106008,2.206472881376366,63.0,1950.0,16000004.0,0.2499998750000312,runtime_opt,runtime_s,clear_leader
3090,RTX 3090,GPU,GPU board NVML,3,4000000,gpu_resident,-1,2.284362476016446e-05,0.0072545454545454,0.0072545454545454,317.5748490086805,1.6572011416919183e-07,175.103515400732,0.5513783082706809,700.4144118100464,2.2055143358396156,63.0,1950.0,16000004.0,0.2499998750000312,runtime_opt,runtime_s,clear_leader
3090,RTX 3090,GPU,GPU board NVML,4,4000000,gpu_resident,-1,2.2817083707877983e-05,0.0071412356551299,0.0071412356551299,312.9806842870209,1.629421717207818e-07,175.3071975021476,0.5601270134709256,701.2291406230731,2.2405091741380097,61.0,1950.0,16000004.0,0.2499998750000312,runtime_opt,runtime_s,clear_leader
3090,RTX 3090,GPU,GPU board NVML,5,4000000,gpu_resident,-1,2.2811331025594237e-05,0.0072977439664218,0.0072977439664218,319.92983693954363,1.6647125335808074e-07,175.3514073997705,0.5481144609080144,701.4059803019845,2.192458939861254,64.0,1950.0,16000004.0,0.2499998750000312,runtime_opt,runtime_s,clear_leader
3090,RTX 3090,GPU,GPU board NVML,1,4000000,gpu_resident,-1,2.2865760277574538e-05,0.00715425507591,0.00715425507591,312.88598225695114,1.6358748153037888e-07,174.93400400611108,0.5591076859237106,699.7363658925398,2.2364318619104933,61.0,1950.0,16000004.0,0.2499998750000312,energy_opt,energy_j,clear_leader
3090,RTX 3090,GPU,GPU board NVML,2,4000000,gpu_resident,-1,2.2852745052785523e-05,0.0072513939033864,0.0072513939033864,317.3075097363793,1.6571425615141264e-07,175.0336334108116,0.5516179445350502,700.1348837106008,2.206472881376366,63.0,1950.0,16000004.0,0.2499998750000312,energy_opt,energy_j,clear_leader
3090,RTX 3090,GPU,GPU board NVML,3,4000000,gpu_resident,-1,2.284362476016446e-05,0.0072545454545454,0.0072545454545454,317.5748490086805,1.6572011416919183e-07,175.103515400732,0.5513783082706809,700.4144118100464,2.2055143358396156,63.0,1950.0,16000004.0,0.2499998750000312,energy_opt,energy_j,clear_leader
3090,RTX 3090,GPU,GPU board NVML,4,4000000,gpu_resident,-1,2.2817083707877983e-05,0.0071412356551299,0.0071412356551299,312.9806842870209,1.629421717207818e-07,175.3071975021476,0.5601270134709256,701.2291406230731,2.2405091741380097,61.0,1950.0,16000004.0,0.2499998750000312,energy_opt,energy_j,clear_leader
3090,RTX 3090,GPU,GPU board NVML,5,4000000,gpu_resident,-1,2.2811331025594237e-05,0.0072977439664218,0.0072977439664218,319.92983693954363,1.6647125335808074e-07,175.3514073997705,0.5481144609080144,701.4059803019845,2.192458939861254,64.0,1950.0,16000004.0,0.2499998750000312,energy_opt,energy_j,clear_leader
3090,RTX 3090,GPU,GPU board NVML,1,4000000,gpu_resident,-1,2.2865760277574538e-05,0.00715425507591,0.00715425507591,312.88598225695114,1.6358748153037888e-07,174.93400400611108,0.5591076859237106,699.7363658925398,2.2364318619104933,61.0,1950.0,16000004.0,0.2499998750000312,edp_opt,edp_j_s,clear_leader
3090,RTX 3090,GPU,GPU board NVML,2,4000000,gpu_resident,-1,2.2852745052785523e-05,0.0072513939033864,0.0072513939033864,317.3075097363793,1.6571425615141264e-07,175.0336334108116,0.5516179445350502,700.1348837106008,2.206472881376366,63.0,1950.0,16000004.0,0.2499998750000312,edp_opt,edp_j_s,clear_leader
3090,RTX 3090,GPU,GPU board NVML,3,4000000,gpu_resident,-1,2.284362476016446e-05,0.0072545454545454,0.0072545454545454,317.5748490086805,1.6572011416919183e-07,175.103515400732,0.5513783082706809,700.4144118100464,2.2055143358396156,63.0,1950.0,16000004.0,0.2499998750000312,edp_opt,edp_j_s,clear_leader
3090,RTX 3090,GPU,GPU board NVML,4,4000000,gpu_resident,-1,2.2817083707877983e-05,0.0071412356551299,0.0071412356551299,312.9806842870209,1.629421717207818e-07,175.3071975021476,0.5601270134709256,701.2291406230731,2.2405091741380097,61.0,1950.0,16000004.0,0.2499998750000312,edp_opt,edp_j_s,clear_leader
3090,RTX 3090,GPU,GPU board NVML,5,4000000,gpu_resident,-1,2.2811331025594237e-05,0.0072977439664218,0.0072977439664218,319.92983693954363,1.6647125335808074e-07,175.3514073997705,0.5481144609080144,701.4059803019845,2.192458939861254,64.0,1950.0,16000004.0,0.2499998750000312,edp_opt,edp_j_s,clear_leader
3090,RTX 3090,GPU,GPU board NVML,1,4000000,gpu_resident,-1,2.2865760277574538e-05,0.00715425507591,0.00715425507591,312.88598225695114,1.6358748153037888e-07,174.93400400611108,0.5591076859237106,699.7363658925398,2.2364318619104933,61.0,1950.0,16000004.0,0.2499998750000312,bandwidth_opt,logical_bandwidth_gb_s,clear_leader
3090,RTX 3090,GPU,GPU board NVML,2,4000000,gpu_resident,-1,2.2852745052785523e-05,0.0072513939033864,0.0072513939033864,317.3075097363793,1.6571425615141264e-07,175.0336334108116,0.5516179445350502,700.1348837106008,2.206472881376366,63.0,1950.0,16000004.0,0.2499998750000312,bandwidth_opt,logical_bandwidth_gb_s,clear_leader
3090,RTX 3090,GPU,GPU board NVML,3,4000000,gpu_resident,-1,2.284362476016446e-05,0.0072545454545454,0.0072545454545454,317.5748490086805,1.6572011416919183e-07,175.103515400732,0.5513783082706809,700.4144118100464,2.2055143358396156,63.0,1950.0,16000004.0,0.2499998750000312,bandwidth_opt,logical_bandwidth_gb_s,clear_leader
3090,RTX 3090,GPU,GPU board NVML,4,4000000,gpu_resident,-1,2.2817083707877983e-05,0.0071412356551299,0.0071412356551299,312.9806842870209,1.629421717207818e-07,175.3071975021476,0.5601270134709256,701.2291406230731,2.2405091741380097,61.0,1950.0,16000004.0,0.2499998750000312,bandwidth_opt,logical_bandwidth_gb_s,clear_leader
3090,RTX 3090,GPU,GPU board NVML,5,4000000,gpu_resident,-1,2.2811331025594237e-05,0.0072977439664218,0.0072977439664218,319.92983693954363,1.6647125335808074e-07,175.3514073997705,0.5481144609080144,701.4059803019845,2.192458939861254,64.0,1950.0,16000004.0,0.2499998750000312,bandwidth_opt,logical_bandwidth_gb_s,clear_leader
3090,RTX 3090,GPU,GPU board NVML,1,4000000,gpu_resident,-1,2.2865760277574538e-05,0.00715425507591,0.00715425507591,312.88598225695114,1.6358748153037888e-07,174.93400400611108,0.5591076859237106,699.7363658925398,2.2364318619104933,61.0,1950.0,16000004.0,0.2499998750000312,bytes_per_j_opt,logical_gb_per_j,clear_leader
3090,RTX 3090,GPU,GPU board NVML,2,4000000,gpu_resident,-1,2.2852745052785523e-05,0.0072513939033864,0.0072513939033864,317.3075097363793,1.6571425615141264e-07,175.0336334108116,0.5516179445350502,700.1348837106008,2.206472881376366,63.0,1950.0,16000004.0,0.2499998750000312,bytes_per_j_opt,logical_gb_per_j,clear_leader
3090,RTX 3090,GPU,GPU board NVML,3,4000000,gpu_resident,-1,2.284362476016446e-05,0.0072545454545454,0.0072545454545454,317.5748490086805,1.6572011416919183e-07,175.103515400732,0.5513783082706809,700.4144118100464,2.2055143358396156,63.0,1950.0,16000004.0,0.2499998750000312,bytes_per_j_opt,logical_gb_per_j,clear_leader
3090,RTX 3090,GPU,GPU board NVML,4,4000000,gpu_resident,-1,2.2817083707877983e-05,0.0071412356551299,0.0071412356551299,312.9806842870209,1.629421717207818e-07,175.3071975021476,0.5601270134709256,701.2291406230731,2.2405091741380097,61.0,1950.0,16000004.0,0.2499998750000312,bytes_per_j_opt,logical_gb_per_j,clear_leader
3090,RTX 3090,GPU,GPU board NVML,5,4000000,gpu_resident,-1,2.2811331025594237e-05,0.0072977439664218,0.0072977439664218,319.92983693954363,1.6647125335808074e-07,175.3514073997705,0.5481144609080144,701.4059803019845,2.192458939861254,64.0,1950.0,16000004.0,0.2499998750000312,bytes_per_j_opt,logical_gb_per_j,clear_leader
3090,RTX 3090,GPU,GPU board NVML,1,8000000,gpu_resident,-1,4.115102366060406e-05,0.0134529874084437,0.0134529874084437,326.91879276313546,5.536042031506752e-07,194.4058321848941,0.5946633827203941,777.623523145433,2.378654125545034,59.0,1965.0,32000004.0,0.2499999375000078,runtime_opt,runtime_s,clear_leader
3090,RTX 3090,GPU,GPU board NVML,2,8000000,gpu_resident,-1,4.117687697628459e-05,0.0138853754940711,0.0138853754940711,337.2155806424295,5.717563984888825e-07,194.283772531062,0.5761456723598083,777.1352844080449,2.3045832655849776,65.0,1950.0,32000004.0,0.2499999375000078,runtime_opt,runtime_s,clear_leader
3090,RTX 3090,GPU,GPU board NVML,3,8000000,gpu_resident,-1,4.120014467559217e-05,0.0137495365602471,0.0137495365602471,333.72655009846835,5.664828955045245e-07,194.17405115908167,0.5818377197621145,776.6963988104021,2.3273514608862507,64.0,1950.0,32000004.0,0.2499999375000078,runtime_opt,runtime_s,clear_leader
3090,RTX 3090,GPU,GPU board NVML,4,8000000,gpu_resident,-1,4.116970972788275e-05,0.0138155489687538,0.0138155489687538,335.56514479766827,5.687821407749438e-07,194.3175954573683,0.5790576268878892,777.2705761470929,2.316231086609256,64.0,1950.0,32000004.0,0.2499999375000078,runtime_opt,runtime_s,clear_leader
3090,RTX 3090,GPU,GPU board NVML,5,8000000,gpu_resident,-1,4.126175128935099e-05,0.0138467013244213,0.0138467013244213,335.57727417279045,5.713391462261987e-07,193.88413603434893,0.5777548610722523,775.536738021556,2.3110200220439423,65.0,1950.0,32000004.0,0.2499999375000078,runtime_opt,runtime_s,clear_leader
3090,RTX 3090,GPU,GPU board NVML,1,8000000,gpu_resident,-1,4.115102366060406e-05,0.0134529874084437,0.0134529874084437,326.91879276313546,5.536042031506752e-07,194.4058321848941,0.5946633827203941,777.623523145433,2.378654125545034,59.0,1965.0,32000004.0,0.2499999375000078,energy_opt,energy_j,clear_leader
3090,RTX 3090,GPU,GPU board NVML,2,8000000,gpu_resident,-1,4.117687697628459e-05,0.0138853754940711,0.0138853754940711,337.2155806424295,5.717563984888825e-07,194.283772531062,0.5761456723598083,777.1352844080449,2.3045832655849776,65.0,1950.0,32000004.0,0.2499999375000078,energy_opt,energy_j,clear_leader
3090,RTX 3090,GPU,GPU board NVML,3,8000000,gpu_resident,-1,4.120014467559217e-05,0.0137495365602471,0.0137495365602471,333.72655009846835,5.664828955045245e-07,194.17405115908167,0.5818377197621145,776.6963988104021,2.3273514608862507,64.0,1950.0,32000004.0,0.2499999375000078,energy_opt,energy_j,clear_leader
3090,RTX 3090,GPU,GPU board NVML,4,8000000,gpu_resident,-1,4.116970972788275e-05,0.0138155489687538,0.0138155489687538,335.56514479766827,5.687821407749438e-07,194.3175954573683,0.5790576268878892,777.2705761470929,2.316231086609256,64.0,1950.0,32000004.0,0.2499999375000078,energy_opt,energy_j,clear_leader
3090,RTX 3090,GPU,GPU board NVML,5,8000000,gpu_resident,-1,4.126175128935099e-05,0.0138467013244213,0.0138467013244213,335.57727417279045,5.713391462261987e-07,193.88413603434893,0.5777548610722523,775.536738021556,2.3110200220439423,65.0,1950.0,32000004.0,0.2499999375000078,energy_opt,energy_j,clear_leader
3090,RTX 3090,GPU,GPU board NVML,1,8000000,gpu_resident,-1,4.115102366060406e-05,0.0134529874084437,0.0134529874084437,326.91879276313546,5.536042031506752e-07,194.4058321848941,0.5946633827203941,777.623523145433,2.378654125545034,59.0,1965.0,32000004.0,0.2499999375000078,edp_opt,edp_j_s,clear_leader
3090,RTX 3090,GPU,GPU board NVML,2,8000000,gpu_resident,-1,4.117687697628459e-05,0.0138853754940711,0.0138853754940711,337.2155806424295,5.717563984888825e-07,194.283772531062,0.5761456723598083,777.1352844080449,2.3045832655849776,65.0,1950.0,32000004.0,0.2499999375000078,edp_opt,edp_j_s,clear_leader
3090,RTX 3090,GPU,GPU board NVML,3,8000000,gpu_resident,-1,4.120014467559217e-05,0.0137495365602471,0.0137495365602471,333.72655009846835,5.664828955045245e-07,194.17405115908167,0.5818377197621145,776.6963988104021,2.3273514608862507,64.0,1950.0,32000004.0,0.2499999375000078,edp_opt,edp_j_s,clear_leader
3090,RTX 3090,GPU,GPU board NVML,4,8000000,gpu_resident,-1,4.116970972788275e-05,0.0138155489687538,0.0138155489687538,335.56514479766827,5.687821407749438e-07,194.3175954573683,0.5790576268878892,777.2705761470929,2.316231086609256,64.0,1950.0,32000004.0,0.2499999375000078,edp_opt,edp_j_s,clear_leader
3090,RTX 3090,GPU,GPU board NVML,5,8000000,gpu_resident,-1,4.126175128935099e-05,0.0138467013244213,0.0138467013244213,335.57727417279045,5.713391462261987e-07,193.88413603434893,0.5777548610722523,775.536738021556,2.3110200220439423,65.0,1950.0,32000004.0,0.2499999375000078,edp_opt,edp_j_s,clear_leader
3090,RTX 3090,GPU,GPU board NVML,1,8000000,gpu_resident,-1,4.115102366060406e-05,0.0134529874084437,0.0134529874084437,326.91879276313546,5.536042031506752e-07,194.4058321848941,0.5946633827203941,777.623523145433,2.378654125545034,59.0,1965.0,32000004.0,0.2499999375000078,bandwidth_opt,logical_bandwidth_gb_s,clear_leader
3090,RTX 3090,GPU,GPU board NVML,2,8000000,gpu_resident,-1,4.117687697628459e-05,0.0138853754940711,0.0138853754940711,337.2155806424295,5.717563984888825e-07,194.283772531062,0.5761456723598083,777.1352844080449,2.3045832655849776,65.0,1950.0,32000004.0,0.2499999375000078,bandwidth_opt,logical_bandwidth_gb_s,clear_leader
3090,RTX 3090,GPU,GPU board NVML,3,8000000,gpu_resident,-1,4.120014467559217e-05,0.0137495365602471,0.0137495365602471,333.72655009846835,5.664828955045245e-07,194.17405115908167,0.5818377197621145,776.6963988104021,2.3273514608862507,64.0,1950.0,32000004.0,0.2499999375000078,bandwidth_opt,logical_bandwidth_gb_s,clear_leader
3090,RTX 3090,GPU,GPU board NVML,4,8000000,gpu_resident,-1,4.116970972788275e-05,0.0138155489687538,0.0138155489687538,335.56514479766827,5.687821407749438e-07,194.3175954573683,0.5790576268878892,777.2705761470929,2.316231086609256,64.0,1950.0,32000004.0,0.2499999375000078,bandwidth_opt,logical_bandwidth_gb_s,clear_leader
3090,RTX 3090,GPU,GPU board NVML,5,8000000,gpu_resident,-1,4.126175128935099e-05,0.0138467013244213,0.0138467013244213,335.57727417279045,5.713391462261987e-07,193.88413603434893,0.5777548610722523,775.536738021556,2.3110200220439423,65.0,1950.0,32000004.0,0.2499999375000078,bandwidth_opt,logical_bandwidth_gb_s,clear_leader
3090,RTX 3090,GPU,GPU board NVML,1,8000000,gpu_resident,-1,4.115102366060406e-05,0.0134529874084437,0.0134529874084437,326.91879276313546,5.536042031506752e-07,194.4058321848941,0.5946633827203941,777.623523145433,2.378654125545034,59.0,1965.0,32000004.0,0.2499999375000078,bytes_per_j_opt,logical_gb_per_j,clear_leader
3090,RTX 3090,GPU,GPU board NVML,2,8000000,gpu_resident,-1,4.117687697628459e-05,0.0138853754940711,0.0138853754940711,337.2155806424295,5.717563984888825e-07,194.283772531062,0.5761456723598083,777.1352844080449,2.3045832655849776,65.0,1950.0,32000004.0,0.2499999375000078,bytes_per_j_opt,logical_gb_per_j,clear_leader
3090,RTX 3090,GPU,GPU board NVML,3,8000000,gpu_resident,-1,4.120014467559217e-05,0.0137495365602471,0.0137495365602471,333.72655009846835,5.664828955045245e-07,194.17405115908167,0.5818377197621145,776.6963988104021,2.3273514608862507,64.0,1950.0,32000004.0,0.2499999375000078,bytes_per_j_opt,logical_gb_per_j,clear_leader
3090,RTX 3090,GPU,GPU board NVML,4,8000000,gpu_resident,-1,4.116970972788275e-05,0.0138155489687538,0.0138155489687538,335.56514479766827,5.687821407749438e-07,194.3175954573683,0.5790576268878892,777.2705761470929,2.316231086609256,64.0,1950.0,32000004.0,0.2499999375000078,bytes_per_j_opt,logical_gb_per_j,clear_leader
3090,RTX 3090,GPU,GPU board NVML,5,8000000,gpu_resident,-1,4.126175128935099e-05,0.0138467013244213,0.0138467013244213,335.57727417279045,5.713391462261987e-07,193.88413603434893,0.5777548610722523,775.536738021556,2.3110200220439423,65.0,1950.0,32000004.0,0.2499999375000078,bytes_per_j_opt,logical_gb_per_j,clear_leader
3090,RTX 3090,GPU,GPU board NVML,1,16000000,gpu_resident,-1,7.691327039913865e-05,0.0266073982927016,0.0266073982927016,345.9363091454589,2.0464620195041385e-06,208.026507219997,0.6013364713072602,832.1061328932482,2.4053461858972955,64.0,1950.0,64000004.0,0.2499999687500019,runtime_opt,runtime_s,clear_leader
3090,RTX 3090,GPU,GPU board NVML,2,16000000,gpu_resident,-1,7.689482427341227e-05,0.0266429340304474,0.0266429340304474,346.4855394948482,2.0487037303993686e-06,208.0764102289818,0.6005344224369316,832.3057449541388,2.4021379900149564,65.0,1950.0,64000004.0,0.2499999687500019,runtime_opt,runtime_s,clear_leader
3090,RTX 3090,GPU,GPU board NVML,3,16000000,gpu_resident,-1,7.6907040525992e-05,0.0264924638572746,0.0264924638572746,344.4712614108388,2.037456991504796e-06,208.04335845679225,0.6039452987913217,832.1735378488546,2.415781497137955,64.0,1950.0,64000004.0,0.2499999687500019,runtime_opt,runtime_s,clear_leader
3090,RTX 3090,GPU,GPU board NVML,4,16000000,gpu_resident,-1,7.688619797032367e-05,0.0262709694779734,0.0262709694779734,341.684576519821,2.0198749601557932e-06,208.09975551367017,0.609037249783074,832.399126104565,2.4361493036509403,62.5,1950.0,64000004.0,0.2499999687500019,runtime_opt,runtime_s,clear_leader
3090,RTX 3090,GPU,GPU board NVML,5,16000000,gpu_resident,-1,7.687676447075103e-05,0.0265895533861173,0.0265895533861173,345.8734590417281,2.0441188330470002e-06,208.12529130420742,0.6017400430784887,832.5012692794818,2.4069604731839953,64.0,1950.0,64000004.0,0.2499999687500019,runtime_opt,runtime_s,clear_leader
3090,RTX 3090,GPU,GPU board NVML,1,16000000,gpu_resident,-1,7.691327039913865e-05,0.0266073982927016,0.0266073982927016,345.9363091454589,2.0464620195041385e-06,208.026507219997,0.6013364713072602,832.1061328932482,2.4053461858972955,64.0,1950.0,64000004.0,0.2499999687500019,energy_opt,energy_j,clear_leader
3090,RTX 3090,GPU,GPU board NVML,2,16000000,gpu_resident,-1,7.689482427341227e-05,0.0266429340304474,0.0266429340304474,346.4855394948482,2.0487037303993686e-06,208.0764102289818,0.6005344224369316,832.3057449541388,2.4021379900149564,65.0,1950.0,64000004.0,0.2499999687500019,energy_opt,energy_j,clear_leader
3090,RTX 3090,GPU,GPU board NVML,3,16000000,gpu_resident,-1,7.6907040525992e-05,0.0264924638572746,0.0264924638572746,344.4712614108388,2.037456991504796e-06,208.04335845679225,0.6039452987913217,832.1735378488546,2.415781497137955,64.0,1950.0,64000004.0,0.2499999687500019,energy_opt,energy_j,clear_leader
3090,RTX 3090,GPU,GPU board NVML,4,16000000,gpu_resident,-1,7.688619797032367e-05,0.0262709694779734,0.0262709694779734,341.684576519821,2.0198749601557932e-06,208.09975551367017,0.609037249783074,832.399126104565,2.4361493036509403,62.5,1950.0,64000004.0,0.2499999687500019,energy_opt,energy_j,clear_leader
3090,RTX 3090,GPU,GPU board NVML,5,16000000,gpu_resident,-1,7.687676447075103e-05,0.0265895533861173,0.0265895533861173,345.8734590417281,2.0441188330470002e-06,208.12529130420742,0.6017400430784887,832.5012692794818,2.4069604731839953,64.0,1950.0,64000004.0,0.2499999687500019,energy_opt,energy_j,clear_leader
3090,RTX 3090,GPU,GPU board NVML,1,16000000,gpu_resident,-1,7.691327039913865e-05,0.0266073982927016,0.0266073982927016,345.9363091454589,2.0464620195041385e-06,208.026507219997,0.6013364713072602,832.1061328932482,2.4053461858972955,64.0,1950.0,64000004.0,0.2499999687500019,edp_opt,edp_j_s,clear_leader
3090,RTX 3090,GPU,GPU board NVML,2,16000000,gpu_resident,-1,7.689482427341227e-05,0.0266429340304474,0.0266429340304474,346.4855394948482,2.0487037303993686e-06,208.0764102289818,0.6005344224369316,832.3057449541388,2.4021379900149564,65.0,1950.0,64000004.0,0.2499999687500019,edp_opt,edp_j_s,clear_leader
3090,RTX 3090,GPU,GPU board NVML,3,16000000,gpu_resident,-1,7.6907040525992e-05,0.0264924638572746,0.0264924638572746,344.4712614108388,2.037456991504796e-06,208.04335845679225,0.6039452987913217,832.1735378488546,2.415781497137955,64.0,1950.0,64000004.0,0.2499999687500019,edp_opt,edp_j_s,clear_leader
3090,RTX 3090,GPU,GPU board NVML,4,16000000,gpu_resident,-1,7.688619797032367e-05,0.0262709694779734,0.0262709694779734,341.684576519821,2.0198749601557932e-06,208.09975551367017,0.609037249783074,832.399126104565,2.4361493036509403,62.5,1950.0,64000004.0,0.2499999687500019,edp_opt,edp_j_s,clear_leader
3090,RTX 3090,GPU,GPU board NVML,5,16000000,gpu_resident,-1,7.687676447075103e-05,0.0265895533861173,0.0265895533861173,345.8734590417281,2.0441188330470002e-06,208.12529130420742,0.6017400430784887,832.5012692794818,2.4069604731839953,64.0,1950.0,64000004.0,0.2499999687500019,edp_opt,edp_j_s,clear_leader
3090,RTX 3090,GPU,GPU board NVML,1,16000000,gpu_resident,-1,7.691327039913865e-05,0.0266073982927016,0.0266073982927016,345.9363091454589,2.0464620195041385e-06,208.026507219997,0.6013364713072602,832.1061328932482,2.4053461858972955,64.0,1950.0,64000004.0,0.2499999687500019,bandwidth_opt,logical_bandwidth_gb_s,clear_leader
3090,RTX 3090,GPU,GPU board NVML,2,16000000,gpu_resident,-1,7.689482427341227e-05,0.0266429340304474,0.0266429340304474,346.4855394948482,2.0487037303993686e-06,208.0764102289818,0.6005344224369316,832.3057449541388,2.4021379900149564,65.0,1950.0,64000004.0,0.2499999687500019,bandwidth_opt,logical_bandwidth_gb_s,clear_leader
3090,RTX 3090,GPU,GPU board NVML,3,16000000,gpu_resident,-1,7.6907040525992e-05,0.0264924638572746,0.0264924638572746,344.4712614108388,2.037456991504796e-06,208.04335845679225,0.6039452987913217,832.1735378488546,2.415781497137955,64.0,1950.0,64000004.0,0.2499999687500019,bandwidth_opt,logical_bandwidth_gb_s,clear_leader
3090,RTX 3090,GPU,GPU board NVML,4,16000000,gpu_resident,-1,7.688619797032367e-05,0.0262709694779734,0.0262709694779734,341.684576519821,2.0198749601557932e-06,208.09975551367017,0.609037249783074,832.399126104565,2.4361493036509403,62.5,1950.0,64000004.0,0.2499999687500019,bandwidth_opt,logical_bandwidth_gb_s,clear_leader
3090,RTX 3090,GPU,GPU board NVML,5,16000000,gpu_resident,-1,7.687676447075103e-05,0.0265895533861173,0.0265895533861173,345.8734590417281,2.0441188330470002e-06,208.12529130420742,0.6017400430784887,832.5012692794818,2.4069604731839953,64.0,1950.0,64000004.0,0.2499999687500019,bandwidth_opt,logical_bandwidth_gb_s,clear_leader
3090,RTX 3090,GPU,GPU board NVML,1,16000000,gpu_resident,-1,7.691327039913865e-05,0.0266073982927016,0.0266073982927016,345.9363091454589,2.0464620195041385e-06,208.026507219997,0.6013364713072602,832.1061328932482,2.4053461858972955,64.0,1950.0,64000004.0,0.2499999687500019,bytes_per_j_opt,logical_gb_per_j,clear_leader
3090,RTX 3090,GPU,GPU board NVML,2,16000000,gpu_resident,-1,7.689482427341227e-05,0.0266429340304474,0.0266429340304474,346.4855394948482,2.0487037303993686e-06,208.0764102289818,0.6005344224369316,832.3057449541388,2.4021379900149564,65.0,1950.0,64000004.0,0.2499999687500019,bytes_per_j_opt,logical_gb_per_j,clear_leader
3090,RTX 3090,GPU,GPU board NVML,3,16000000,gpu_resident,-1,7.6907040525992e-05,0.0264924638572746,0.0264924638572746,344.4712614108388,2.037456991504796e-06,208.04335845679225,0.6039452987913217,832.1735378488546,2.415781497137955,64.0,1950.0,64000004.0,0.2499999687500019,bytes_per_j_opt,logical_gb_per_j,clear_leader
3090,RTX 3090,GPU,GPU board NVML,4,16000000,gpu_resident,-1,7.688619797032367e-05,0.0262709694779734,0.0262709694779734,341.684576519821,2.0198749601557932e-06,208.09975551367017,0.609037249783074,832.399126104565,2.4361493036509403,62.5,1950.0,64000004.0,0.2499999687500019,bytes_per_j_opt,logical_gb_per_j,clear_leader
3090,RTX 3090,GPU,GPU board NVML,5,16000000,gpu_resident,-1,7.687676447075103e-05,0.0265895533861173,0.0265895533861173,345.8734590417281,2.0441188330470002e-06,208.12529130420742,0.6017400430784887,832.5012692794818,2.4069604731839953,64.0,1950.0,64000004.0,0.2499999687500019,bytes_per_j_opt,logical_gb_per_j,clear_leader
3090,RTX 3090,GPU,GPU board NVML,1,32000000,gpu_resident,-1,0.0001487895335465,0.0515170336209461,0.0515170336209461,346.2395075636053,7.665195402159927e-06,215.0688844655817,0.6211537573271543,860.2755916295496,2.484615184597061,63.0,1950.0,128000004.0,0.2499999843750004,runtime_opt,runtime_s,clear_leader
3090,RTX 3090,GPU,GPU board NVML,2,32000000,gpu_resident,-1,0.0001487715977242,0.0524100847835787,0.0524100847835787,352.27600373534426,7.797132050113786e-06,215.09481305244262,0.6105694950149432,860.3793059834754,2.442278132702151,65.0,1950.0,128000004.0,0.2499999843750004,runtime_opt,runtime_s,clear_leader
3090,RTX 3090,GPU,GPU board NVML,3,32000000,gpu_resident,-1,0.0001488180273768,0.0519663740514804,0.0519663740514804,349.1911209809008,7.733533276266238e-06,215.02770574278318,0.615782793856259,860.1108767280608,2.463131329370739,64.0,1950.0,128000004.0,0.2499999843750004,runtime_opt,runtime_s,clear_leader
3090,RTX 3090,GPU,GPU board NVML,4,32000000,gpu_resident,-1,0.0001487566275472,0.0516548415885765,0.0516548415885765,347.2407691961541,7.684000031201492e-06,215.11645919672728,0.6194966050786771,860.4658905660256,2.477986575188864,63.0,1950.0,128000004.0,0.2499999843750004,runtime_opt,runtime_s,clear_leader
3090,RTX 3090,GPU,GPU board NVML,5,32000000,gpu_resident,-1,0.0001487201231226,0.0519617843866171,0.0519617843866171,349.3921681414199,7.727762971647691e-06,215.16926107988928,0.6158371845336721,860.6770981118741,2.463348892093989,64.0,1950.0,128000004.0,0.2499999843750004,runtime_opt,runtime_s,clear_leader
3090,RTX 3090,GPU,GPU board NVML,1,32000000,gpu_resident,-1,0.0001487895335465,0.0515170336209461,0.0515170336209461,346.2395075636053,7.665195402159927e-06,215.0688844655817,0.6211537573271543,860.2755916295496,2.484615184597061,63.0,1950.0,128000004.0,0.2499999843750004,energy_opt,energy_j,clear_leader
3090,RTX 3090,GPU,GPU board NVML,2,32000000,gpu_resident,-1,0.0001487715977242,0.0524100847835787,0.0524100847835787,352.27600373534426,7.797132050113786e-06,215.09481305244262,0.6105694950149432,860.3793059834754,2.442278132702151,65.0,1950.0,128000004.0,0.2499999843750004,energy_opt,energy_j,clear_leader
3090,RTX 3090,GPU,GPU board NVML,3,32000000,gpu_resident,-1,0.0001488180273768,0.0519663740514804,0.0519663740514804,349.1911209809008,7.733533276266238e-06,215.02770574278318,0.615782793856259,860.1108767280608,2.463131329370739,64.0,1950.0,128000004.0,0.2499999843750004,energy_opt,energy_j,clear_leader
3090,RTX 3090,GPU,GPU board NVML,4,32000000,gpu_resident,-1,0.0001487566275472,0.0516548415885765,0.0516548415885765,347.2407691961541,7.684000031201492e-06,215.11645919672728,0.6194966050786771,860.4658905660256,2.477986575188864,63.0,1950.0,128000004.0,0.2499999843750004,energy_opt,energy_j,clear_leader
3090,RTX 3090,GPU,GPU board NVML,5,32000000,gpu_resident,-1,0.0001487201231226,0.0519617843866171,0.0519617843866171,349.3921681414199,7.727762971647691e-06,215.16926107988928,0.6158371845336721,860.6770981118741,2.463348892093989,64.0,1950.0,128000004.0,0.2499999843750004,energy_opt,energy_j,clear_leader
3090,RTX 3090,GPU,GPU board NVML,1,32000000,gpu_resident,-1,0.0001487895335465,0.0515170336209461,0.0515170336209461,346.2395075636053,7.665195402159927e-06,215.0688844655817,0.6211537573271543,860.2755916295496,2.484615184597061,63.0,1950.0,128000004.0,0.2499999843750004,edp_opt,edp_j_s,clear_leader
3090,RTX 3090,GPU,GPU board NVML,2,32000000,gpu_resident,-1,0.0001487715977242,0.0524100847835787,0.0524100847835787,352.27600373534426,7.797132050113786e-06,215.09481305244262,0.6105694950149432,860.3793059834754,2.442278132702151,65.0,1950.0,128000004.0,0.2499999843750004,edp_opt,edp_j_s,clear_leader
3090,RTX 3090,GPU,GPU board NVML,3,32000000,gpu_resident,-1,0.0001488180273768,0.0519663740514804,0.0519663740514804,349.1911209809008,7.733533276266238e-06,215.02770574278318,0.615782793856259,860.1108767280608,2.463131329370739,64.0,1950.0,128000004.0,0.2499999843750004,edp_opt,edp_j_s,clear_leader
3090,RTX 3090,GPU,GPU board NVML,4,32000000,gpu_resident,-1,0.0001487566275472,0.0516548415885765,0.0516548415885765,347.2407691961541,7.684000031201492e-06,215.11645919672728,0.6194966050786771,860.4658905660256,2.477986575188864,63.0,1950.0,128000004.0,0.2499999843750004,edp_opt,edp_j_s,clear_leader
3090,RTX 3090,GPU,GPU board NVML,5,32000000,gpu_resident,-1,0.0001487201231226,0.0519617843866171,0.0519617843866171,349.3921681414199,7.727762971647691e-06,215.16926107988928,0.6158371845336721,860.6770981118741,2.463348892093989,64.0,1950.0,128000004.0,0.2499999843750004,edp_opt,edp_j_s,clear_leader
3090,RTX 3090,GPU,GPU board NVML,1,32000000,gpu_resident,-1,0.0001487895335465,0.0515170336209461,0.0515170336209461,346.2395075636053,7.665195402159927e-06,215.0688844655817,0.6211537573271543,860.2755916295496,2.484615184597061,63.0,1950.0,128000004.0,0.2499999843750004,bandwidth_opt,logical_bandwidth_gb_s,clear_leader
3090,RTX 3090,GPU,GPU board NVML,2,32000000,gpu_resident,-1,0.0001487715977242,0.0524100847835787,0.0524100847835787,352.27600373534426,7.797132050113786e-06,215.09481305244262,0.6105694950149432,860.3793059834754,2.442278132702151,65.0,1950.0,128000004.0,0.2499999843750004,bandwidth_opt,logical_bandwidth_gb_s,clear_leader
3090,RTX 3090,GPU,GPU board NVML,3,32000000,gpu_resident,-1,0.0001488180273768,0.0519663740514804,0.0519663740514804,349.1911209809008,7.733533276266238e-06,215.02770574278318,0.615782793856259,860.1108767280608,2.463131329370739,64.0,1950.0,128000004.0,0.2499999843750004,bandwidth_opt,logical_bandwidth_gb_s,clear_leader
3090,RTX 3090,GPU,GPU board NVML,4,32000000,gpu_resident,-1,0.0001487566275472,0.0516548415885765,0.0516548415885765,347.2407691961541,7.684000031201492e-06,215.11645919672728,0.6194966050786771,860.4658905660256,2.477986575188864,63.0,1950.0,128000004.0,0.2499999843750004,bandwidth_opt,logical_bandwidth_gb_s,clear_leader
3090,RTX 3090,GPU,GPU board NVML,5,32000000,gpu_resident,-1,0.0001487201231226,0.0519617843866171,0.0519617843866171,349.3921681414199,7.727762971647691e-06,215.16926107988928,0.6158371845336721,860.6770981118741,2.463348892093989,64.0,1950.0,128000004.0,0.2499999843750004,bandwidth_opt,logical_bandwidth_gb_s,clear_leader
3090,RTX 3090,GPU,GPU board NVML,1,32000000,gpu_resident,-1,0.0001487895335465,0.0515170336209461,0.0515170336209461,346.2395075636053,7.665195402159927e-06,215.0688844655817,0.6211537573271543,860.2755916295496,2.484615184597061,63.0,1950.0,128000004.0,0.2499999843750004,bytes_per_j_opt,logical_gb_per_j,clear_leader
3090,RTX 3090,GPU,GPU board NVML,2,32000000,gpu_resident,-1,0.0001487715977242,0.0524100847835787,0.0524100847835787,352.27600373534426,7.797132050113786e-06,215.09481305244262,0.6105694950149432,860.3793059834754,2.442278132702151,65.0,1950.0,128000004.0,0.2499999843750004,bytes_per_j_opt,logical_gb_per_j,clear_leader
3090,RTX 3090,GPU,GPU board NVML,3,32000000,gpu_resident,-1,0.0001488180273768,0.0519663740514804,0.0519663740514804,349.1911209809008,7.733533276266238e-06,215.02770574278318,0.615782793856259,860.1108767280608,2.463131329370739,64.0,1950.0,128000004.0,0.2499999843750004,bytes_per_j_opt,logical_gb_per_j,clear_leader
3090,RTX 3090,GPU,GPU board NVML,4,32000000,gpu_resident,-1,0.0001487566275472,0.0516548415885765,0.0516548415885765,347.2407691961541,7.684000031201492e-06,215.11645919672728,0.6194966050786771,860.4658905660256,2.477986575188864,63.0,1950.0,128000004.0,0.2499999843750004,bytes_per_j_opt,logical_gb_per_j,clear_leader
3090,RTX 3090,GPU,GPU board NVML,5,32000000,gpu_resident,-1,0.0001487201231226,0.0519617843866171,0.0519617843866171,349.3921681414199,7.727762971647691e-06,215.16926107988928,0.6158371845336721,860.6770981118741,2.463348892093989,64.0,1950.0,128000004.0,0.2499999843750004,bytes_per_j_opt,logical_gb_per_j,clear_leader
3090,RTX 3090,GPU,GPU board NVML,1,64000000,gpu_resident,-1,0.0002924800657894,0.1034283625730994,0.1034283625730994,353.62212430792965,3.0250734289870027e-05,218.81832810473702,0.6187857702452472,875.2733397712396,2.4751431583292107,64.0,1950.0,256000004.0,0.2499999921875001,runtime_opt,runtime_s,clear_leader
3090,RTX 3090,GPU,GPU board NVML,2,64000000,gpu_resident,-1,0.0002925112850248,0.1040282246270839,0.1040282246270839,355.64964431641044,3.042942966451686e-05,218.79497399416192,0.6152176414566775,875.1799233260198,2.4608706427289158,65.0,1950.0,256000004.0,0.2499999921875001,runtime_opt,runtime_s,clear_leader
3090,RTX 3090,GPU,GPU board NVML,3,64000000,gpu_resident,-1,0.0002925818749634,0.1030016086575021,0.1030016086575021,352.0403713628041,3.013640378525834e-05,218.74218629573676,0.6213495093344696,874.9687725257207,2.4853981150065687,64.0,1950.0,256000004.0,0.2499999921875001,runtime_opt,runtime_s,clear_leader
3090,RTX 3090,GPU,GPU board NVML,4,64000000,gpu_resident,-1,0.0002924945998538,0.1026599415204678,0.1026599415204678,350.97972044616574,3.0027478516043737e-05,218.80745501622815,0.6234174503912027,875.2298474158449,2.493669879491993,64.0,1950.0,256000004.0,0.2499999921875001,runtime_opt,runtime_s,clear_leader
3090,RTX 3090,GPU,GPU board NVML,5,64000000,gpu_resident,-1,0.0002925279605147,0.103804621234279,0.103804621234279,354.8536729157528,3.0365754141664557e-05,218.78250163639962,0.6165428690843826,875.1300338934116,2.46617155340539,65.0,1950.0,256000004.0,0.2499999921875001,runtime_opt,runtime_s,clear_leader
3090,RTX 3090,GPU,GPU board NVML,1,64000000,gpu_resident,-1,0.0002924800657894,0.1034283625730994,0.1034283625730994,353.62212430792965,3.0250734289870027e-05,218.81832810473702,0.6187857702452472,875.2733397712396,2.4751431583292107,64.0,1950.0,256000004.0,0.2499999921875001,energy_opt,energy_j,clear_leader
3090,RTX 3090,GPU,GPU board NVML,2,64000000,gpu_resident,-1,0.0002925112850248,0.1040282246270839,0.1040282246270839,355.64964431641044,3.042942966451686e-05,218.79497399416192,0.6152176414566775,875.1799233260198,2.4608706427289158,65.0,1950.0,256000004.0,0.2499999921875001,energy_opt,energy_j,clear_leader
3090,RTX 3090,GPU,GPU board NVML,3,64000000,gpu_resident,-1,0.0002925818749634,0.1030016086575021,0.1030016086575021,352.0403713628041,3.013640378525834e-05,218.74218629573676,0.6213495093344696,874.9687725257207,2.4853981150065687,64.0,1950.0,256000004.0,0.2499999921875001,energy_opt,energy_j,clear_leader
3090,RTX 3090,GPU,GPU board NVML,4,64000000,gpu_resident,-1,0.0002924945998538,0.1026599415204678,0.1026599415204678,350.97972044616574,3.0027478516043737e-05,218.80745501622815,0.6234174503912027,875.2298474158449,2.493669879491993,64.0,1950.0,256000004.0,0.2499999921875001,energy_opt,energy_j,clear_leader
3090,RTX 3090,GPU,GPU board NVML,5,64000000,gpu_resident,-1,0.0002925279605147,0.103804621234279,0.103804621234279,354.8536729157528,3.0365754141664557e-05,218.78250163639962,0.6165428690843826,875.1300338934116,2.46617155340539,65.0,1950.0,256000004.0,0.2499999921875001,energy_opt,energy_j,clear_leader
3090,RTX 3090,GPU,GPU board NVML,1,64000000,gpu_resident,-1,0.0002924800657894,0.1034283625730994,0.1034283625730994,353.62212430792965,3.0250734289870027e-05,218.81832810473702,0.6187857702452472,875.2733397712396,2.4751431583292107,64.0,1950.0,256000004.0,0.2499999921875001,edp_opt,edp_j_s,clear_leader
3090,RTX 3090,GPU,GPU board NVML,2,64000000,gpu_resident,-1,0.0002925112850248,0.1040282246270839,0.1040282246270839,355.64964431641044,3.042942966451686e-05,218.79497399416192,0.6152176414566775,875.1799233260198,2.4608706427289158,65.0,1950.0,256000004.0,0.2499999921875001,edp_opt,edp_j_s,clear_leader
3090,RTX 3090,GPU,GPU board NVML,3,64000000,gpu_resident,-1,0.0002925818749634,0.1030016086575021,0.1030016086575021,352.0403713628041,3.013640378525834e-05,218.74218629573676,0.6213495093344696,874.9687725257207,2.4853981150065687,64.0,1950.0,256000004.0,0.2499999921875001,edp_opt,edp_j_s,clear_leader
3090,RTX 3090,GPU,GPU board NVML,4,64000000,gpu_resident,-1,0.0002924945998538,0.1026599415204678,0.1026599415204678,350.97972044616574,3.0027478516043737e-05,218.80745501622815,0.6234174503912027,875.2298474158449,2.493669879491993,64.0,1950.0,256000004.0,0.2499999921875001,edp_opt,edp_j_s,clear_leader
3090,RTX 3090,GPU,GPU board NVML,5,64000000,gpu_resident,-1,0.0002925279605147,0.103804621234279,0.103804621234279,354.8536729157528,3.0365754141664557e-05,218.78250163639962,0.6165428690843826,875.1300338934116,2.46617155340539,65.0,1950.0,256000004.0,0.2499999921875001,edp_opt,edp_j_s,clear_leader
3090,RTX 3090,GPU,GPU board NVML,1,64000000,gpu_resident,-1,0.0002924800657894,0.1034283625730994,0.1034283625730994,353.62212430792965,3.0250734289870027e-05,218.81832810473702,0.6187857702452472,875.2733397712396,2.4751431583292107,64.0,1950.0,256000004.0,0.2499999921875001,bandwidth_opt,logical_bandwidth_gb_s,clear_leader
3090,RTX 3090,GPU,GPU board NVML,2,64000000,gpu_resident,-1,0.0002925112850248,0.1040282246270839,0.1040282246270839,355.64964431641044,3.042942966451686e-05,218.79497399416192,0.6152176414566775,875.1799233260198,2.4608706427289158,65.0,1950.0,256000004.0,0.2499999921875001,bandwidth_opt,logical_bandwidth_gb_s,clear_leader
3090,RTX 3090,GPU,GPU board NVML,3,64000000,gpu_resident,-1,0.0002925818749634,0.1030016086575021,0.1030016086575021,352.0403713628041,3.013640378525834e-05,218.74218629573676,0.6213495093344696,874.9687725257207,2.4853981150065687,64.0,1950.0,256000004.0,0.2499999921875001,bandwidth_opt,logical_bandwidth_gb_s,clear_leader
3090,RTX 3090,GPU,GPU board NVML,4,64000000,gpu_resident,-1,0.0002924945998538,0.1026599415204678,0.1026599415204678,350.97972044616574,3.0027478516043737e-05,218.80745501622815,0.6234174503912027,875.2298474158449,2.493669879491993,64.0,1950.0,256000004.0,0.2499999921875001,bandwidth_opt,logical_bandwidth_gb_s,clear_leader
3090,RTX 3090,GPU,GPU board NVML,5,64000000,gpu_resident,-1,0.0002925279605147,0.103804621234279,0.103804621234279,354.8536729157528,3.0365754141664557e-05,218.78250163639962,0.6165428690843826,875.1300338934116,2.46617155340539,65.0,1950.0,256000004.0,0.2499999921875001,bandwidth_opt,logical_bandwidth_gb_s,clear_leader
3090,RTX 3090,GPU,GPU board NVML,1,64000000,gpu_resident,-1,0.0002924800657894,0.1034283625730994,0.1034283625730994,353.62212430792965,3.0250734289870027e-05,218.81832810473702,0.6187857702452472,875.2733397712396,2.4751431583292107,64.0,1950.0,256000004.0,0.2499999921875001,bytes_per_j_opt,logical_gb_per_j,clear_leader
3090,RTX 3090,GPU,GPU board NVML,2,64000000,gpu_resident,-1,0.0002925112850248,0.1040282246270839,0.1040282246270839,355.64964431641044,3.042942966451686e-05,218.79497399416192,0.6152176414566775,875.1799233260198,2.4608706427289158,65.0,1950.0,256000004.0,0.2499999921875001,bytes_per_j_opt,logical_gb_per_j,clear_leader
3090,RTX 3090,GPU,GPU board NVML,3,64000000,gpu_resident,-1,0.0002925818749634,0.1030016086575021,0.1030016086575021,352.0403713628041,3.013640378525834e-05,218.74218629573676,0.6213495093344696,874.9687725257207,2.4853981150065687,64.0,1950.0,256000004.0,0.2499999921875001,bytes_per_j_opt,logical_gb_per_j,clear_leader
3090,RTX 3090,GPU,GPU board NVML,4,64000000,gpu_resident,-1,0.0002924945998538,0.1026599415204678,0.1026599415204678,350.97972044616574,3.0027478516043737e-05,218.80745501622815,0.6234174503912027,875.2298474158449,2.493669879491993,64.0,1950.0,256000004.0,0.2499999921875001,bytes_per_j_opt,logical_gb_per_j,clear_leader
3090,RTX 3090,GPU,GPU board NVML,5,64000000,gpu_resident,-1,0.0002925279605147,0.103804621234279,0.103804621234279,354.8536729157528,3.0365754141664557e-05,218.78250163639962,0.6165428690843826,875.1300338934116,2.46617155340539,65.0,1950.0,256000004.0,0.2499999921875001,bytes_per_j_opt,logical_gb_per_j,clear_leader
3090,RTX 3090,GPU,GPU board NVML,1,128000000,gpu_resident,-1,0.0005799535315942,0.2040385507246376,0.2040385507246376,351.8156697765661,0.0001183328780741159,220.70733606561265,0.6273324258842817,882.8293580566592,2.5093297427454044,61.0,1965.0,512000004.0,0.24999999609375,runtime_opt,runtime_s,clear_leader
3090,RTX 3090,GPU,GPU board NVML,2,128000000,gpu_resident,-1,0.0005805002019733,0.2067988972721996,0.2067988972721996,356.2519003307714,0.00012004680163436759,220.49949089576256,0.6189588082354214,881.9979773642685,2.4758352716266114,64.0,1950.0,512000004.0,0.24999999609375,runtime_opt,runtime_s,clear_leader
3090,RTX 3090,GPU,GPU board NVML,3,128000000,gpu_resident,-1,0.0005799773257971,0.2053828985507246,0.2053828985507246,354.11402534202864,0.00011911742426590635,220.69828130622417,0.6232261785339791,882.7931390185395,2.4929047530875525,65.0,1950.0,512000004.0,0.24999999609375,runtime_opt,runtime_s,clear_leader
3090,RTX 3090,GPU,GPU board NVML,4,128000000,gpu_resident,-1,0.0005799999084057,0.2052623188405797,0.2052623188405797,353.8988104756594,0.00011905212612667781,220.68968829985775,0.6235922877759813,882.7587669925367,2.4943691900784435,63.0,1950.0,512000004.0,0.24999999609375,runtime_opt,runtime_s,clear_leader
3090,RTX 3090,GPU,GPU board NVML,5,128000000,gpu_resident,-1,0.0005799756831884,0.2063759420289855,0.2063759420289855,355.8354448184765,0.0001196930279719105,220.69890636849397,0.6202273275730095,882.7956392676576,2.480909349056246,64.0,1950.0,512000004.0,0.24999999609375,runtime_opt,runtime_s,clear_leader
3090,RTX 3090,GPU,GPU board NVML,1,128000000,gpu_resident,-1,0.0005799535315942,0.2040385507246376,0.2040385507246376,351.8156697765661,0.0001183328780741159,220.70733606561265,0.6273324258842817,882.8293580566592,2.5093297427454044,61.0,1965.0,512000004.0,0.24999999609375,energy_opt,energy_j,clear_leader
3090,RTX 3090,GPU,GPU board NVML,2,128000000,gpu_resident,-1,0.0005805002019733,0.2067988972721996,0.2067988972721996,356.2519003307714,0.00012004680163436759,220.49949089576256,0.6189588082354214,881.9979773642685,2.4758352716266114,64.0,1950.0,512000004.0,0.24999999609375,energy_opt,energy_j,clear_leader
3090,RTX 3090,GPU,GPU board NVML,3,128000000,gpu_resident,-1,0.0005799773257971,0.2053828985507246,0.2053828985507246,354.11402534202864,0.00011911742426590635,220.69828130622417,0.6232261785339791,882.7931390185395,2.4929047530875525,65.0,1950.0,512000004.0,0.24999999609375,energy_opt,energy_j,clear_leader
3090,RTX 3090,GPU,GPU board NVML,4,128000000,gpu_resident,-1,0.0005799999084057,0.2052623188405797,0.2052623188405797,353.8988104756594,0.00011905212612667781,220.68968829985775,0.6235922877759813,882.7587669925367,2.4943691900784435,63.0,1950.0,512000004.0,0.24999999609375,energy_opt,energy_j,clear_leader
3090,RTX 3090,GPU,GPU board NVML,5,128000000,gpu_resident,-1,0.0005799756831884,0.2063759420289855,0.2063759420289855,355.8354448184765,0.0001196930279719105,220.69890636849397,0.6202273275730095,882.7956392676576,2.480909349056246,64.0,1950.0,512000004.0,0.24999999609375,energy_opt,energy_j,clear_leader
3090,RTX 3090,GPU,GPU board NVML,1,128000000,gpu_resident,-1,0.0005799535315942,0.2040385507246376,0.2040385507246376,351.8156697765661,0.0001183328780741159,220.70733606561265,0.6273324258842817,882.8293580566592,2.5093297427454044,61.0,1965.0,512000004.0,0.24999999609375,edp_opt,edp_j_s,clear_leader
3090,RTX 3090,GPU,GPU board NVML,2,128000000,gpu_resident,-1,0.0005805002019733,0.2067988972721996,0.2067988972721996,356.2519003307714,0.00012004680163436759,220.49949089576256,0.6189588082354214,881.9979773642685,2.4758352716266114,64.0,1950.0,512000004.0,0.24999999609375,edp_opt,edp_j_s,clear_leader
3090,RTX 3090,GPU,GPU board NVML,3,128000000,gpu_resident,-1,0.0005799773257971,0.2053828985507246,0.2053828985507246,354.11402534202864,0.00011911742426590635,220.69828130622417,0.6232261785339791,882.7931390185395,2.4929047530875525,65.0,1950.0,512000004.0,0.24999999609375,edp_opt,edp_j_s,clear_leader
3090,RTX 3090,GPU,GPU board NVML,4,128000000,gpu_resident,-1,0.0005799999084057,0.2052623188405797,0.2052623188405797,353.8988104756594,0.00011905212612667781,220.68968829985775,0.6235922877759813,882.7587669925367,2.4943691900784435,63.0,1950.0,512000004.0,0.24999999609375,edp_opt,edp_j_s,clear_leader
3090,RTX 3090,GPU,GPU board NVML,5,128000000,gpu_resident,-1,0.0005799756831884,0.2063759420289855,0.2063759420289855,355.8354448184765,0.0001196930279719105,220.69890636849397,0.6202273275730095,882.7956392676576,2.480909349056246,64.0,1950.0,512000004.0,0.24999999609375,edp_opt,edp_j_s,clear_leader
3090,RTX 3090,GPU,GPU board NVML,1,128000000,gpu_resident,-1,0.0005799535315942,0.2040385507246376,0.2040385507246376,351.8156697765661,0.0001183328780741159,220.70733606561265,0.6273324258842817,882.8293580566592,2.5093297427454044,61.0,1965.0,512000004.0,0.24999999609375,bandwidth_opt,logical_bandwidth_gb_s,clear_leader
3090,RTX 3090,GPU,GPU board NVML,2,128000000,gpu_resident,-1,0.0005805002019733,0.2067988972721996,0.2067988972721996,356.2519003307714,0.00012004680163436759,220.49949089576256,0.6189588082354214,881.9979773642685,2.4758352716266114,64.0,1950.0,512000004.0,0.24999999609375,bandwidth_opt,logical_bandwidth_gb_s,clear_leader
3090,RTX 3090,GPU,GPU board NVML,3,128000000,gpu_resident,-1,0.0005799773257971,0.2053828985507246,0.2053828985507246,354.11402534202864,0.00011911742426590635,220.69828130622417,0.6232261785339791,882.7931390185395,2.4929047530875525,65.0,1950.0,512000004.0,0.24999999609375,bandwidth_opt,logical_bandwidth_gb_s,clear_leader
3090,RTX 3090,GPU,GPU board NVML,4,128000000,gpu_resident,-1,0.0005799999084057,0.2052623188405797,0.2052623188405797,353.8988104756594,0.00011905212612667781,220.68968829985775,0.6235922877759813,882.7587669925367,2.4943691900784435,63.0,1950.0,512000004.0,0.24999999609375,bandwidth_opt,logical_bandwidth_gb_s,clear_leader
3090,RTX 3090,GPU,GPU board NVML,5,128000000,gpu_resident,-1,0.0005799756831884,0.2063759420289855,0.2063759420289855,355.8354448184765,0.0001196930279719105,220.69890636849397,0.6202273275730095,882.7956392676576,2.480909349056246,64.0,1950.0,512000004.0,0.24999999609375,bandwidth_opt,logical_bandwidth_gb_s,clear_leader
3090,RTX 3090,GPU,GPU board NVML,1,128000000,gpu_resident,-1,0.0005799535315942,0.2040385507246376,0.2040385507246376,351.8156697765661,0.0001183328780741159,220.70733606561265,0.6273324258842817,882.8293580566592,2.5093297427454044,61.0,1965.0,512000004.0,0.24999999609375,bytes_per_j_opt,logical_gb_per_j,clear_leader
3090,RTX 3090,GPU,GPU board NVML,2,128000000,gpu_resident,-1,0.0005805002019733,0.2067988972721996,0.2067988972721996,356.2519003307714,0.00012004680163436759,220.49949089576256,0.6189588082354214,881.9979773642685,2.4758352716266114,64.0,1950.0,512000004.0,0.24999999609375,bytes_per_j_opt,logical_gb_per_j,clear_leader
3090,RTX 3090,GPU,GPU board NVML,3,128000000,gpu_resident,-1,0.0005799773257971,0.2053828985507246,0.2053828985507246,354.11402534202864,0.00011911742426590635,220.69828130622417,0.6232261785339791,882.7931390185395,2.4929047530875525,65.0,1950.0,512000004.0,0.24999999609375,bytes_per_j_opt,logical_gb_per_j,clear_leader
3090,RTX 3090,GPU,GPU board NVML,4,128000000,gpu_resident,-1,0.0005799999084057,0.2052623188405797,0.2052623188405797,353.8988104756594,0.00011905212612667781,220.68968829985775,0.6235922877759813,882.7587669925367,2.4943691900784435,63.0,1950.0,512000004.0,0.24999999609375,bytes_per_j_opt,logical_gb_per_j,clear_leader
3090,RTX 3090,GPU,GPU board NVML,5,128000000,gpu_resident,-1,0.0005799756831884,0.2063759420289855,0.2063759420289855,355.8354448184765,0.0001196930279719105,220.69890636849397,0.6202273275730095,882.7956392676576,2.480909349056246,64.0,1950.0,512000004.0,0.24999999609375,bytes_per_j_opt,logical_gb_per_j,clear_leader
3090,RTX 3090,GPU,GPU board NVML,1,256000000,gpu_resident,-1,0.0011548241166281,0.4064543879907621,0.4064543879907621,351.9721010385608,0.0004693833295610469,221.67877801814416,0.6298369671083939,886.7151190000385,2.5193478881159805,62.0,1950.0,1024000004.0,0.249999998046875,runtime_opt,runtime_s,clear_leader
3090,RTX 3090,GPU,GPU board NVML,2,256000000,gpu_resident,-1,0.0011548411726327,0.4082413394919168,0.4082413394919168,353.5001958717869,0.0004714539072159894,221.67550401445672,0.6270800485776595,886.7020229851864,2.50832021390689,65.0,1950.0,1024000004.0,0.249999998046875,runtime_opt,runtime_s,clear_leader
3090,RTX 3090,GPU,GPU board NVML,3,256000000,gpu_resident,-1,0.0011549157713625,0.4099105080831409,0.4099105080831409,354.9296864898964,0.00047341211063243495,221.66118547154883,0.6245265587289515,886.6447488131074,2.4981062544322605,64.0,1935.0,1024000004.0,0.249999998046875,runtime_opt,runtime_s,clear_leader
3090,RTX 3090,GPU,GPU board NVML,4,256000000,gpu_resident,-1,0.0011548805571593,0.4103868360277136,0.4103868360277136,355.3470315650102,0.0004739477778425282,221.66794428481168,0.6238016830118601,886.67178406637,2.495206751541243,64.0,1950.0,1024000004.0,0.249999998046875,runtime_opt,runtime_s,clear_leader
3090,RTX 3090,GPU,GPU board NVML,5,256000000,gpu_resident,-1,0.0011555575144341,0.4101645496535797,0.4101645496535797,354.9475726235681,0.0004739687275066725,221.53808512540238,0.6241397488305966,886.1523474246746,2.4965590148267536,65.0,1950.0,1024000004.0,0.249999998046875,runtime_opt,runtime_s,clear_leader
3090,RTX 3090,GPU,GPU board NVML,1,256000000,gpu_resident,-1,0.0011548241166281,0.4064543879907621,0.4064543879907621,351.9721010385608,0.0004693833295610469,221.67877801814416,0.6298369671083939,886.7151190000385,2.5193478881159805,62.0,1950.0,1024000004.0,0.249999998046875,energy_opt,energy_j,clear_leader
3090,RTX 3090,GPU,GPU board NVML,2,256000000,gpu_resident,-1,0.0011548411726327,0.4082413394919168,0.4082413394919168,353.5001958717869,0.0004714539072159894,221.67550401445672,0.6270800485776595,886.7020229851864,2.50832021390689,65.0,1950.0,1024000004.0,0.249999998046875,energy_opt,energy_j,clear_leader
3090,RTX 3090,GPU,GPU board NVML,3,256000000,gpu_resident,-1,0.0011549157713625,0.4099105080831409,0.4099105080831409,354.9296864898964,0.00047341211063243495,221.66118547154883,0.6245265587289515,886.6447488131074,2.4981062544322605,64.0,1935.0,1024000004.0,0.249999998046875,energy_opt,energy_j,clear_leader
3090,RTX 3090,GPU,GPU board NVML,4,256000000,gpu_resident,-1,0.0011548805571593,0.4103868360277136,0.4103868360277136,355.3470315650102,0.0004739477778425282,221.66794428481168,0.6238016830118601,886.67178406637,2.495206751541243,64.0,1950.0,1024000004.0,0.249999998046875,energy_opt,energy_j,clear_leader
3090,RTX 3090,GPU,GPU board NVML,5,256000000,gpu_resident,-1,0.0011555575144341,0.4101645496535797,0.4101645496535797,354.9475726235681,0.0004739687275066725,221.53808512540238,0.6241397488305966,886.1523474246746,2.4965590148267536,65.0,1950.0,1024000004.0,0.249999998046875,energy_opt,energy_j,clear_leader
3090,RTX 3090,GPU,GPU board NVML,1,256000000,gpu_resident,-1,0.0011548241166281,0.4064543879907621,0.4064543879907621,351.9721010385608,0.0004693833295610469,221.67877801814416,0.6298369671083939,886.7151190000385,2.5193478881159805,62.0,1950.0,1024000004.0,0.249999998046875,edp_opt,edp_j_s,clear_leader
3090,RTX 3090,GPU,GPU board NVML,2,256000000,gpu_resident,-1,0.0011548411726327,0.4082413394919168,0.4082413394919168,353.5001958717869,0.0004714539072159894,221.67550401445672,0.6270800485776595,886.7020229851864,2.50832021390689,65.0,1950.0,1024000004.0,0.249999998046875,edp_opt,edp_j_s,clear_leader
3090,RTX 3090,GPU,GPU board NVML,3,256000000,gpu_resident,-1,0.0011549157713625,0.4099105080831409,0.4099105080831409,354.9296864898964,0.00047341211063243495,221.66118547154883,0.6245265587289515,886.6447488131074,2.4981062544322605,64.0,1935.0,1024000004.0,0.249999998046875,edp_opt,edp_j_s,clear_leader
3090,RTX 3090,GPU,GPU board NVML,4,256000000,gpu_resident,-1,0.0011548805571593,0.4103868360277136,0.4103868360277136,355.3470315650102,0.0004739477778425282,221.66794428481168,0.6238016830118601,886.67178406637,2.495206751541243,64.0,1950.0,1024000004.0,0.249999998046875,edp_opt,edp_j_s,clear_leader
3090,RTX 3090,GPU,GPU board NVML,5,256000000,gpu_resident,-1,0.0011555575144341,0.4101645496535797,0.4101645496535797,354.9475726235681,0.0004739687275066725,221.53808512540238,0.6241397488305966,886.1523474246746,2.4965590148267536,65.0,1950.0,1024000004.0,0.249999998046875,edp_opt,edp_j_s,clear_leader
3090,RTX 3090,GPU,GPU board NVML,1,256000000,gpu_resident,-1,0.0011548241166281,0.4064543879907621,0.4064543879907621,351.9721010385608,0.0004693833295610469,221.67877801814416,0.6298369671083939,886.7151190000385,2.5193478881159805,62.0,1950.0,1024000004.0,0.249999998046875,bandwidth_opt,logical_bandwidth_gb_s,clear_leader
3090,RTX 3090,GPU,GPU board NVML,2,256000000,gpu_resident,-1,0.0011548411726327,0.4082413394919168,0.4082413394919168,353.5001958717869,0.0004714539072159894,221.67550401445672,0.6270800485776595,886.7020229851864,2.50832021390689,65.0,1950.0,1024000004.0,0.249999998046875,bandwidth_opt,logical_bandwidth_gb_s,clear_leader
3090,RTX 3090,GPU,GPU board NVML,3,256000000,gpu_resident,-1,0.0011549157713625,0.4099105080831409,0.4099105080831409,354.9296864898964,0.00047341211063243495,221.66118547154883,0.6245265587289515,886.6447488131074,2.4981062544322605,64.0,1935.0,1024000004.0,0.249999998046875,bandwidth_opt,logical_bandwidth_gb_s,clear_leader
3090,RTX 3090,GPU,GPU board NVML,4,256000000,gpu_resident,-1,0.0011548805571593,0.4103868360277136,0.4103868360277136,355.3470315650102,0.0004739477778425282,221.66794428481168,0.6238016830118601,886.67178406637,2.495206751541243,64.0,1950.0,1024000004.0,0.249999998046875,bandwidth_opt,logical_bandwidth_gb_s,clear_leader
3090,RTX 3090,GPU,GPU board NVML,5,256000000,gpu_resident,-1,0.0011555575144341,0.4101645496535797,0.4101645496535797,354.9475726235681,0.0004739687275066725,221.53808512540238,0.6241397488305966,886.1523474246746,2.4965590148267536,65.0,1950.0,1024000004.0,0.249999998046875,bandwidth_opt,logical_bandwidth_gb_s,clear_leader
3090,RTX 3090,GPU,GPU board NVML,1,256000000,gpu_resident,-1,0.0011548241166281,0.4064543879907621,0.4064543879907621,351.9721010385608,0.0004693833295610469,221.67877801814416,0.6298369671083939,886.7151190000385,2.5193478881159805,62.0,1950.0,1024000004.0,0.249999998046875,bytes_per_j_opt,logical_gb_per_j,clear_leader
3090,RTX 3090,GPU,GPU board NVML,2,256000000,gpu_resident,-1,0.0011548411726327,0.4082413394919168,0.4082413394919168,353.5001958717869,0.0004714539072159894,221.67550401445672,0.6270800485776595,886.7020229851864,2.50832021390689,65.0,1950.0,1024000004.0,0.249999998046875,bytes_per_j_opt,logical_gb_per_j,clear_leader
3090,RTX 3090,GPU,GPU board NVML,3,256000000,gpu_resident,-1,0.0011549157713625,0.4099105080831409,0.4099105080831409,354.9296864898964,0.00047341211063243495,221.66118547154883,0.6245265587289515,886.6447488131074,2.4981062544322605,64.0,1935.0,1024000004.0,0.249999998046875,bytes_per_j_opt,logical_gb_per_j,clear_leader
3090,RTX 3090,GPU,GPU board NVML,4,256000000,gpu_resident,-1,0.0011548805571593,0.4103868360277136,0.4103868360277136,355.3470315650102,0.0004739477778425282,221.66794428481168,0.6238016830118601,886.67178406637,2.495206751541243,64.0,1950.0,1024000004.0,0.249999998046875,bytes_per_j_opt,logical_gb_per_j,clear_leader
3090,RTX 3090,GPU,GPU board NVML,5,256000000,gpu_resident,-1,0.0011555575144341,0.4101645496535797,0.4101645496535797,354.9475726235681,0.0004739687275066725,221.53808512540238,0.6241397488305966,886.1523474246746,2.4965590148267536,65.0,1950.0,1024000004.0,0.249999998046875,bytes_per_j_opt,logical_gb_per_j,clear_leader
5060ti,RTX 5060 Ti,GPU,GPU board NVML,1,1000000,gpu_resident,-1,6.258617487122562e-06,0.0004058325746143,0.0004058325746143,64.82529226219648,2.53995084832503e-09,159.77953630455144,2.4640678510107055,639.1194234557744,9.856291116605343,53.0,2752.0,4000004.0,0.2499995000005,runtime_opt,runtime_s,clear_leader
5060ti,RTX 5060 Ti,GPU,GPU board NVML,2,1000000,gpu_resident,-1,6.14706841610268e-06,0.0004004339781535,0.0004004339781535,65.14213904016047,2.4614950598417303e-09,162.67900929497253,2.497288078826983,650.717338613266,9.98917229363254,54.0,2752.0,4000004.0,0.2499995000005,runtime_opt,runtime_s,clear_leader
5060ti,RTX 5060 Ti,GPU,GPU board NVML,3,1000000,gpu_resident,-1,6.147174095315372e-06,0.0004025485459273,0.0004025485459273,65.48561848365615,2.474535993631169e-09,162.67621259695207,2.484169946997148,650.7061517988104,9.936699661368042,55.0,2752.0,4000004.0,0.2499995000005,runtime_opt,runtime_s,clear_leader
5060ti,RTX 5060 Ti,GPU,GPU board NVML,4,1000000,gpu_resident,-1,6.147144887847997e-06,0.0004071096194392,0.0004071096194392,66.22628780936088,2.5025618159294214e-09,162.67698553467503,2.456338421522721,650.7092435558858,9.825373336817906,56.0,2752.0,4000004.0,0.2499995000005,runtime_opt,runtime_s,clear_leader
5060ti,RTX 5060 Ti,GPU,GPU board NVML,5,1000000,gpu_resident,-1,6.147212209784794e-06,0.0004093440537001,0.0004093440537001,66.5902430008259,2.516324764908057e-09,162.67520395802453,2.442930319766254,650.7021172350312,9.771740822527118,56.0,2752.0,4000004.0,0.2499995000005,runtime_opt,runtime_s,clear_leader
5060ti,RTX 5060 Ti,GPU,GPU board NVML,1,1000000,gpu_resident,-1,6.258617487122562e-06,0.0004058325746143,0.0004058325746143,64.82529226219648,2.53995084832503e-09,159.77953630455144,2.4640678510107055,639.1194234557744,9.856291116605343,53.0,2752.0,4000004.0,0.2499995000005,energy_opt,energy_j,clear_leader
5060ti,RTX 5060 Ti,GPU,GPU board NVML,2,1000000,gpu_resident,-1,6.14706841610268e-06,0.0004004339781535,0.0004004339781535,65.14213904016047,2.4614950598417303e-09,162.67900929497253,2.497288078826983,650.717338613266,9.98917229363254,54.0,2752.0,4000004.0,0.2499995000005,energy_opt,energy_j,clear_leader
5060ti,RTX 5060 Ti,GPU,GPU board NVML,3,1000000,gpu_resident,-1,6.147174095315372e-06,0.0004025485459273,0.0004025485459273,65.48561848365615,2.474535993631169e-09,162.67621259695207,2.484169946997148,650.7061517988104,9.936699661368042,55.0,2752.0,4000004.0,0.2499995000005,energy_opt,energy_j,clear_leader
5060ti,RTX 5060 Ti,GPU,GPU board NVML,4,1000000,gpu_resident,-1,6.147144887847997e-06,0.0004071096194392,0.0004071096194392,66.22628780936088,2.5025618159294214e-09,162.67698553467503,2.456338421522721,650.7092435558858,9.825373336817906,56.0,2752.0,4000004.0,0.2499995000005,energy_opt,energy_j,clear_leader
5060ti,RTX 5060 Ti,GPU,GPU board NVML,5,1000000,gpu_resident,-1,6.147212209784794e-06,0.0004093440537001,0.0004093440537001,66.5902430008259,2.516324764908057e-09,162.67520395802453,2.442930319766254,650.7021172350312,9.771740822527118,56.0,2752.0,4000004.0,0.2499995000005,energy_opt,energy_j,clear_leader
5060ti,RTX 5060 Ti,GPU,GPU board NVML,1,1000000,gpu_resident,-1,6.258617487122562e-06,0.0004058325746143,0.0004058325746143,64.82529226219648,2.53995084832503e-09,159.77953630455144,2.4640678510107055,639.1194234557744,9.856291116605343,53.0,2752.0,4000004.0,0.2499995000005,edp_opt,edp_j_s,clear_leader
5060ti,RTX 5060 Ti,GPU,GPU board NVML,2,1000000,gpu_resident,-1,6.14706841610268e-06,0.0004004339781535,0.0004004339781535,65.14213904016047,2.4614950598417303e-09,162.67900929497253,2.497288078826983,650.717338613266,9.98917229363254,54.0,2752.0,4000004.0,0.2499995000005,edp_opt,edp_j_s,clear_leader
5060ti,RTX 5060 Ti,GPU,GPU board NVML,3,1000000,gpu_resident,-1,6.147174095315372e-06,0.0004025485459273,0.0004025485459273,65.48561848365615,2.474535993631169e-09,162.67621259695207,2.484169946997148,650.7061517988104,9.936699661368042,55.0,2752.0,4000004.0,0.2499995000005,edp_opt,edp_j_s,clear_leader
5060ti,RTX 5060 Ti,GPU,GPU board NVML,4,1000000,gpu_resident,-1,6.147144887847997e-06,0.0004071096194392,0.0004071096194392,66.22628780936088,2.5025618159294214e-09,162.67698553467503,2.456338421522721,650.7092435558858,9.825373336817906,56.0,2752.0,4000004.0,0.2499995000005,edp_opt,edp_j_s,clear_leader
5060ti,RTX 5060 Ti,GPU,GPU board NVML,5,1000000,gpu_resident,-1,6.147212209784794e-06,0.0004093440537001,0.0004093440537001,66.5902430008259,2.516324764908057e-09,162.67520395802453,2.442930319766254,650.7021172350312,9.771740822527118,56.0,2752.0,4000004.0,0.2499995000005,edp_opt,edp_j_s,clear_leader
5060ti,RTX 5060 Ti,GPU,GPU board NVML,1,1000000,gpu_resident,-1,6.258617487122562e-06,0.0004058325746143,0.0004058325746143,64.82529226219648,2.53995084832503e-09,159.77953630455144,2.4640678510107055,639.1194234557744,9.856291116605343,53.0,2752.0,4000004.0,0.2499995000005,bandwidth_opt,logical_bandwidth_gb_s,clear_leader
5060ti,RTX 5060 Ti,GPU,GPU board NVML,2,1000000,gpu_resident,-1,6.14706841610268e-06,0.0004004339781535,0.0004004339781535,65.14213904016047,2.4614950598417303e-09,162.67900929497253,2.497288078826983,650.717338613266,9.98917229363254,54.0,2752.0,4000004.0,0.2499995000005,bandwidth_opt,logical_bandwidth_gb_s,clear_leader
5060ti,RTX 5060 Ti,GPU,GPU board NVML,3,1000000,gpu_resident,-1,6.147174095315372e-06,0.0004025485459273,0.0004025485459273,65.48561848365615,2.474535993631169e-09,162.67621259695207,2.484169946997148,650.7061517988104,9.936699661368042,55.0,2752.0,4000004.0,0.2499995000005,bandwidth_opt,logical_bandwidth_gb_s,clear_leader
5060ti,RTX 5060 Ti,GPU,GPU board NVML,4,1000000,gpu_resident,-1,6.147144887847997e-06,0.0004071096194392,0.0004071096194392,66.22628780936088,2.5025618159294214e-09,162.67698553467503,2.456338421522721,650.7092435558858,9.825373336817906,56.0,2752.0,4000004.0,0.2499995000005,bandwidth_opt,logical_bandwidth_gb_s,clear_leader
5060ti,RTX 5060 Ti,GPU,GPU board NVML,5,1000000,gpu_resident,-1,6.147212209784794e-06,0.0004093440537001,0.0004093440537001,66.5902430008259,2.516324764908057e-09,162.67520395802453,2.442930319766254,650.7021172350312,9.771740822527118,56.0,2752.0,4000004.0,0.2499995000005,bandwidth_opt,logical_bandwidth_gb_s,clear_leader
5060ti,RTX 5060 Ti,GPU,GPU board NVML,1,1000000,gpu_resident,-1,6.258617487122562e-06,0.0004058325746143,0.0004058325746143,64.82529226219648,2.53995084832503e-09,159.77953630455144,2.4640678510107055,639.1194234557744,9.856291116605343,53.0,2752.0,4000004.0,0.2499995000005,bytes_per_j_opt,logical_gb_per_j,clear_leader
5060ti,RTX 5060 Ti,GPU,GPU board NVML,2,1000000,gpu_resident,-1,6.14706841610268e-06,0.0004004339781535,0.0004004339781535,65.14213904016047,2.4614950598417303e-09,162.67900929497253,2.497288078826983,650.717338613266,9.98917229363254,54.0,2752.0,4000004.0,0.2499995000005,bytes_per_j_opt,logical_gb_per_j,clear_leader
5060ti,RTX 5060 Ti,GPU,GPU board NVML,3,1000000,gpu_resident,-1,6.147174095315372e-06,0.0004025485459273,0.0004025485459273,65.48561848365615,2.474535993631169e-09,162.67621259695207,2.484169946997148,650.7061517988104,9.936699661368042,55.0,2752.0,4000004.0,0.2499995000005,bytes_per_j_opt,logical_gb_per_j,clear_leader
5060ti,RTX 5060 Ti,GPU,GPU board NVML,4,1000000,gpu_resident,-1,6.147144887847997e-06,0.0004071096194392,0.0004071096194392,66.22628780936088,2.5025618159294214e-09,162.67698553467503,2.456338421522721,650.7092435558858,9.825373336817906,56.0,2752.0,4000004.0,0.2499995000005,bytes_per_j_opt,logical_gb_per_j,clear_leader
5060ti,RTX 5060 Ti,GPU,GPU board NVML,5,1000000,gpu_resident,-1,6.147212209784794e-06,0.0004093440537001,0.0004093440537001,66.5902430008259,2.516324764908057e-09,162.67520395802453,2.442930319766254,650.7021172350312,9.771740822527118,56.0,2752.0,4000004.0,0.2499995000005,bytes_per_j_opt,logical_gb_per_j,clear_leader
5060ti,RTX 5060 Ti,GPU,GPU board NVML,1,2000000,gpu_resident,-1,8.1960527370483e-06,0.0007244346821188,0.0007244346821188,88.38818678199141,5.937504859192506e-09,244.01978173706493,2.7607720190183005,976.0801030278748,11.043099119166799,57.0,2752.0,8000004.0,0.249999750000125,runtime_opt,runtime_s,clear_leader
5060ti,RTX 5060 Ti,GPU,GPU board NVML,2,2000000,gpu_resident,-1,8.196056425240346e-06,0.0007239961970641,0.0007239961970641,88.33469796216595,5.9339136827967925e-09,244.01967192915598,2.762444068228893,976.0796637957997,11.049787322697371,57.0,2760.0,8000004.0,0.249999750000125,runtime_opt,runtime_s,clear_leader
5060ti,RTX 5060 Ti,GPU,GPU board NVML,3,2000000,gpu_resident,-1,8.19605447049856e-06,0.0007296760128185,0.0007296760128185,89.02767342185064,5.980464346876632e-09,244.01973012733544,2.7409411367034764,976.0798965887503,10.963775510583934,59.0,2760.0,8000004.0,0.249999750000125,runtime_opt,runtime_s,clear_leader
5060ti,RTX 5060 Ti,GPU,GPU board NVML,4,2000000,gpu_resident,-1,8.196145859799527e-06,0.0007354623763431,0.0007354623763431,89.73269977121805,6.027956910902821e-09,244.01700923962315,2.7193763601402527,976.0690130270175,10.87751631807189,60.0,2745.0,8000004.0,0.249999750000125,runtime_opt,runtime_s,clear_leader
5060ti,RTX 5060 Ti,GPU,GPU board NVML,5,2000000,gpu_resident,-1,8.196122062764833e-06,0.0007337658080009,0.0007337658080009,89.52591892466053,6.01403412785864e-09,244.01771773093043,2.7256639355394263,976.0718469950806,10.902666644818899,60.0,2745.0,8000004.0,0.249999750000125,runtime_opt,runtime_s,clear_leader
5060ti,RTX 5060 Ti,GPU,GPU board NVML,1,2000000,gpu_resident,-1,8.1960527370483e-06,0.0007244346821188,0.0007244346821188,88.38818678199141,5.937504859192506e-09,244.01978173706493,2.7607720190183005,976.0801030278748,11.043099119166799,57.0,2752.0,8000004.0,0.249999750000125,energy_opt,energy_j,clear_leader
5060ti,RTX 5060 Ti,GPU,GPU board NVML,2,2000000,gpu_resident,-1,8.196056425240346e-06,0.0007239961970641,0.0007239961970641,88.33469796216595,5.9339136827967925e-09,244.01967192915598,2.762444068228893,976.0796637957997,11.049787322697371,57.0,2760.0,8000004.0,0.249999750000125,energy_opt,energy_j,clear_leader
5060ti,RTX 5060 Ti,GPU,GPU board NVML,3,2000000,gpu_resident,-1,8.19605447049856e-06,0.0007296760128185,0.0007296760128185,89.02767342185064,5.980464346876632e-09,244.01973012733544,2.7409411367034764,976.0798965887503,10.963775510583934,59.0,2760.0,8000004.0,0.249999750000125,energy_opt,energy_j,clear_leader
5060ti,RTX 5060 Ti,GPU,GPU board NVML,4,2000000,gpu_resident,-1,8.196145859799527e-06,0.0007354623763431,0.0007354623763431,89.73269977121805,6.027956910902821e-09,244.01700923962315,2.7193763601402527,976.0690130270175,10.87751631807189,60.0,2745.0,8000004.0,0.249999750000125,energy_opt,energy_j,clear_leader
5060ti,RTX 5060 Ti,GPU,GPU board NVML,5,2000000,gpu_resident,-1,8.196122062764833e-06,0.0007337658080009,0.0007337658080009,89.52591892466053,6.01403412785864e-09,244.01771773093043,2.7256639355394263,976.0718469950806,10.902666644818899,60.0,2745.0,8000004.0,0.249999750000125,energy_opt,energy_j,clear_leader
5060ti,RTX 5060 Ti,GPU,GPU board NVML,1,2000000,gpu_resident,-1,8.1960527370483e-06,0.0007244346821188,0.0007244346821188,88.38818678199141,5.937504859192506e-09,244.01978173706493,2.7607720190183005,976.0801030278748,11.043099119166799,57.0,2752.0,8000004.0,0.249999750000125,edp_opt,edp_j_s,clear_leader
5060ti,RTX 5060 Ti,GPU,GPU board NVML,2,2000000,gpu_resident,-1,8.196056425240346e-06,0.0007239961970641,0.0007239961970641,88.33469796216595,5.9339136827967925e-09,244.01967192915598,2.762444068228893,976.0796637957997,11.049787322697371,57.0,2760.0,8000004.0,0.249999750000125,edp_opt,edp_j_s,clear_leader
5060ti,RTX 5060 Ti,GPU,GPU board NVML,3,2000000,gpu_resident,-1,8.19605447049856e-06,0.0007296760128185,0.0007296760128185,89.02767342185064,5.980464346876632e-09,244.01973012733544,2.7409411367034764,976.0798965887503,10.963775510583934,59.0,2760.0,8000004.0,0.249999750000125,edp_opt,edp_j_s,clear_leader
5060ti,RTX 5060 Ti,GPU,GPU board NVML,4,2000000,gpu_resident,-1,8.196145859799527e-06,0.0007354623763431,0.0007354623763431,89.73269977121805,6.027956910902821e-09,244.01700923962315,2.7193763601402527,976.0690130270175,10.87751631807189,60.0,2745.0,8000004.0,0.249999750000125,edp_opt,edp_j_s,clear_leader
5060ti,RTX 5060 Ti,GPU,GPU board NVML,5,2000000,gpu_resident,-1,8.196122062764833e-06,0.0007337658080009,0.0007337658080009,89.52591892466053,6.01403412785864e-09,244.01771773093043,2.7256639355394263,976.0718469950806,10.902666644818899,60.0,2745.0,8000004.0,0.249999750000125,edp_opt,edp_j_s,clear_leader
5060ti,RTX 5060 Ti,GPU,GPU board NVML,1,2000000,gpu_resident,-1,8.1960527370483e-06,0.0007244346821188,0.0007244346821188,88.38818678199141,5.937504859192506e-09,244.01978173706493,2.7607720190183005,976.0801030278748,11.043099119166799,57.0,2752.0,8000004.0,0.249999750000125,bandwidth_opt,logical_bandwidth_gb_s,clear_leader
5060ti,RTX 5060 Ti,GPU,GPU board NVML,2,2000000,gpu_resident,-1,8.196056425240346e-06,0.0007239961970641,0.0007239961970641,88.33469796216595,5.9339136827967925e-09,244.01967192915598,2.762444068228893,976.0796637957997,11.049787322697371,57.0,2760.0,8000004.0,0.249999750000125,bandwidth_opt,logical_bandwidth_gb_s,clear_leader
5060ti,RTX 5060 Ti,GPU,GPU board NVML,3,2000000,gpu_resident,-1,8.19605447049856e-06,0.0007296760128185,0.0007296760128185,89.02767342185064,5.980464346876632e-09,244.01973012733544,2.7409411367034764,976.0798965887503,10.963775510583934,59.0,2760.0,8000004.0,0.249999750000125,bandwidth_opt,logical_bandwidth_gb_s,clear_leader
5060ti,RTX 5060 Ti,GPU,GPU board NVML,4,2000000,gpu_resident,-1,8.196145859799527e-06,0.0007354623763431,0.0007354623763431,89.73269977121805,6.027956910902821e-09,244.01700923962315,2.7193763601402527,976.0690130270175,10.87751631807189,60.0,2745.0,8000004.0,0.249999750000125,bandwidth_opt,logical_bandwidth_gb_s,clear_leader
5060ti,RTX 5060 Ti,GPU,GPU board NVML,5,2000000,gpu_resident,-1,8.196122062764833e-06,0.0007337658080009,0.0007337658080009,89.52591892466053,6.01403412785864e-09,244.01771773093043,2.7256639355394263,976.0718469950806,10.902666644818899,60.0,2745.0,8000004.0,0.249999750000125,bandwidth_opt,logical_bandwidth_gb_s,clear_leader
5060ti,RTX 5060 Ti,GPU,GPU board NVML,1,2000000,gpu_resident,-1,8.1960527370483e-06,0.0007244346821188,0.0007244346821188,88.38818678199141,5.937504859192506e-09,244.01978173706493,2.7607720190183005,976.0801030278748,11.043099119166799,57.0,2752.0,8000004.0,0.249999750000125,bytes_per_j_opt,logical_gb_per_j,clear_leader
5060ti,RTX 5060 Ti,GPU,GPU board NVML,2,2000000,gpu_resident,-1,8.196056425240346e-06,0.0007239961970641,0.0007239961970641,88.33469796216595,5.9339136827967925e-09,244.01967192915598,2.762444068228893,976.0796637957997,11.049787322697371,57.0,2760.0,8000004.0,0.249999750000125,bytes_per_j_opt,logical_gb_per_j,clear_leader
5060ti,RTX 5060 Ti,GPU,GPU board NVML,3,2000000,gpu_resident,-1,8.19605447049856e-06,0.0007296760128185,0.0007296760128185,89.02767342185064,5.980464346876632e-09,244.01973012733544,2.7409411367034764,976.0798965887503,10.963775510583934,59.0,2760.0,8000004.0,0.249999750000125,bytes_per_j_opt,logical_gb_per_j,clear_leader
5060ti,RTX 5060 Ti,GPU,GPU board NVML,4,2000000,gpu_resident,-1,8.196145859799527e-06,0.0007354623763431,0.0007354623763431,89.73269977121805,6.027956910902821e-09,244.01700923962315,2.7193763601402527,976.0690130270175,10.87751631807189,60.0,2745.0,8000004.0,0.249999750000125,bytes_per_j_opt,logical_gb_per_j,clear_leader
5060ti,RTX 5060 Ti,GPU,GPU board NVML,5,2000000,gpu_resident,-1,8.196122062764833e-06,0.0007337658080009,0.0007337658080009,89.52591892466053,6.01403412785864e-09,244.01771773093043,2.7256639355394263,976.0718469950806,10.902666644818899,60.0,2745.0,8000004.0,0.249999750000125,bytes_per_j_opt,logical_gb_per_j,clear_leader
5060ti,RTX 5060 Ti,GPU,GPU board NVML,1,4000000,gpu_resident,-1,1.2284495780305637e-05,0.0010194523610633,0.0010194523610633,82.98692832956151,1.2523458227704728e-08,325.6136085302543,3.9236742713783674,1302.455085348397,15.694704932863974,55.0,2767.0,16000004.0,0.2499998750000312,runtime_opt,runtime_s,clear_leader
5060ti,RTX 5060 Ti,GPU,GPU board NVML,2,4000000,gpu_resident,-1,1.2284477980197534e-05,0.0010149071298707,0.0010149071298707,82.61715094331143,1.2467604288842092e-08,325.61408034170944,3.9412463291193975,1302.4569725951612,15.764993198972219,56.0,2767.0,16000004.0,0.2499998750000312,runtime_opt,runtime_s,clear_leader
5060ti,RTX 5060 Ti,GPU,GPU board NVML,3,4000000,gpu_resident,-1,1.2284663100093362e-05,0.001019212815095,0.001019212815095,82.96624459314387,1.2520686060739825e-08,325.6091736019688,3.9245964540066773,1302.4373456263852,15.698393665221579,58.0,2767.0,16000004.0,0.2499998750000312,runtime_opt,runtime_s,clear_leader
5060ti,RTX 5060 Ti,GPU,GPU board NVML,4,4000000,gpu_resident,-1,1.228461746965751e-05,0.0010193909390201,0.0010193909390201,82.98100744883345,1.2522827737896893e-08,325.61038305668285,3.923910687145248,1302.4421834476605,15.695650596404327,59.0,2767.0,16000004.0,0.2499998750000312,runtime_opt,runtime_s,clear_leader
5060ti,RTX 5060 Ti,GPU,GPU board NVML,5,4000000,gpu_resident,-1,1.2284620804874453e-05,0.0010198147511178,0.0010198147511178,83.0156917104903,1.252803750869959e-08,325.6102946549907,3.9222799980248126,1302.4418298407152,15.689127836661209,58.0,2767.0,16000004.0,0.2499998750000312,runtime_opt,runtime_s,clear_leader
5060ti,RTX 5060 Ti,GPU,GPU board NVML,1,4000000,gpu_resident,-1,1.2284495780305637e-05,0.0010194523610633,0.0010194523610633,82.98692832956151,1.2523458227704728e-08,325.6136085302543,3.9236742713783674,1302.455085348397,15.694704932863974,55.0,2767.0,16000004.0,0.2499998750000312,energy_opt,energy_j,clear_leader
5060ti,RTX 5060 Ti,GPU,GPU board NVML,2,4000000,gpu_resident,-1,1.2284477980197534e-05,0.0010149071298707,0.0010149071298707,82.61715094331143,1.2467604288842092e-08,325.61408034170944,3.9412463291193975,1302.4569725951612,15.764993198972219,56.0,2767.0,16000004.0,0.2499998750000312,energy_opt,energy_j,clear_leader
5060ti,RTX 5060 Ti,GPU,GPU board NVML,3,4000000,gpu_resident,-1,1.2284663100093362e-05,0.001019212815095,0.001019212815095,82.96624459314387,1.2520686060739825e-08,325.6091736019688,3.9245964540066773,1302.4373456263852,15.698393665221579,58.0,2767.0,16000004.0,0.2499998750000312,energy_opt,energy_j,clear_leader
5060ti,RTX 5060 Ti,GPU,GPU board NVML,4,4000000,gpu_resident,-1,1.228461746965751e-05,0.0010193909390201,0.0010193909390201,82.98100744883345,1.2522827737896893e-08,325.61038305668285,3.923910687145248,1302.4421834476605,15.695650596404327,59.0,2767.0,16000004.0,0.2499998750000312,energy_opt,energy_j,clear_leader
5060ti,RTX 5060 Ti,GPU,GPU board NVML,5,4000000,gpu_resident,-1,1.2284620804874453e-05,0.0010198147511178,0.0010198147511178,83.0156917104903,1.252803750869959e-08,325.6102946549907,3.9222799980248126,1302.4418298407152,15.689127836661209,58.0,2767.0,16000004.0,0.2499998750000312,energy_opt,energy_j,clear_leader
5060ti,RTX 5060 Ti,GPU,GPU board NVML,1,4000000,gpu_resident,-1,1.2284495780305637e-05,0.0010194523610633,0.0010194523610633,82.98692832956151,1.2523458227704728e-08,325.6136085302543,3.9236742713783674,1302.455085348397,15.694704932863974,55.0,2767.0,16000004.0,0.2499998750000312,edp_opt,edp_j_s,clear_leader
5060ti,RTX 5060 Ti,GPU,GPU board NVML,2,4000000,gpu_resident,-1,1.2284477980197534e-05,0.0010149071298707,0.0010149071298707,82.61715094331143,1.2467604288842092e-08,325.61408034170944,3.9412463291193975,1302.4569725951612,15.764993198972219,56.0,2767.0,16000004.0,0.2499998750000312,edp_opt,edp_j_s,clear_leader
5060ti,RTX 5060 Ti,GPU,GPU board NVML,3,4000000,gpu_resident,-1,1.2284663100093362e-05,0.001019212815095,0.001019212815095,82.96624459314387,1.2520686060739825e-08,325.6091736019688,3.9245964540066773,1302.4373456263852,15.698393665221579,58.0,2767.0,16000004.0,0.2499998750000312,edp_opt,edp_j_s,clear_leader
5060ti,RTX 5060 Ti,GPU,GPU board NVML,4,4000000,gpu_resident,-1,1.228461746965751e-05,0.0010193909390201,0.0010193909390201,82.98100744883345,1.2522827737896893e-08,325.61038305668285,3.923910687145248,1302.4421834476605,15.695650596404327,59.0,2767.0,16000004.0,0.2499998750000312,edp_opt,edp_j_s,clear_leader
5060ti,RTX 5060 Ti,GPU,GPU board NVML,5,4000000,gpu_resident,-1,1.2284620804874453e-05,0.0010198147511178,0.0010198147511178,83.0156917104903,1.252803750869959e-08,325.6102946549907,3.9222799980248126,1302.4418298407152,15.689127836661209,58.0,2767.0,16000004.0,0.2499998750000312,edp_opt,edp_j_s,clear_leader
5060ti,RTX 5060 Ti,GPU,GPU board NVML,1,4000000,gpu_resident,-1,1.2284495780305637e-05,0.0010194523610633,0.0010194523610633,82.98692832956151,1.2523458227704728e-08,325.6136085302543,3.9236742713783674,1302.455085348397,15.694704932863974,55.0,2767.0,16000004.0,0.2499998750000312,bandwidth_opt,logical_bandwidth_gb_s,clear_leader
5060ti,RTX 5060 Ti,GPU,GPU board NVML,2,4000000,gpu_resident,-1,1.2284477980197534e-05,0.0010149071298707,0.0010149071298707,82.61715094331143,1.2467604288842092e-08,325.61408034170944,3.9412463291193975,1302.4569725951612,15.764993198972219,56.0,2767.0,16000004.0,0.2499998750000312,bandwidth_opt,logical_bandwidth_gb_s,clear_leader
5060ti,RTX 5060 Ti,GPU,GPU board NVML,3,4000000,gpu_resident,-1,1.2284663100093362e-05,0.001019212815095,0.001019212815095,82.96624459314387,1.2520686060739825e-08,325.6091736019688,3.9245964540066773,1302.4373456263852,15.698393665221579,58.0,2767.0,16000004.0,0.2499998750000312,bandwidth_opt,logical_bandwidth_gb_s,clear_leader
5060ti,RTX 5060 Ti,GPU,GPU board NVML,4,4000000,gpu_resident,-1,1.228461746965751e-05,0.0010193909390201,0.0010193909390201,82.98100744883345,1.2522827737896893e-08,325.61038305668285,3.923910687145248,1302.4421834476605,15.695650596404327,59.0,2767.0,16000004.0,0.2499998750000312,bandwidth_opt,logical_bandwidth_gb_s,clear_leader
5060ti,RTX 5060 Ti,GPU,GPU board NVML,5,4000000,gpu_resident,-1,1.2284620804874453e-05,0.0010198147511178,0.0010198147511178,83.0156917104903,1.252803750869959e-08,325.6102946549907,3.9222799980248126,1302.4418298407152,15.689127836661209,58.0,2767.0,16000004.0,0.2499998750000312,bandwidth_opt,logical_bandwidth_gb_s,clear_leader
5060ti,RTX 5060 Ti,GPU,GPU board NVML,1,4000000,gpu_resident,-1,1.2284495780305637e-05,0.0010194523610633,0.0010194523610633,82.98692832956151,1.2523458227704728e-08,325.6136085302543,3.9236742713783674,1302.455085348397,15.694704932863974,55.0,2767.0,16000004.0,0.2499998750000312,bytes_per_j_opt,logical_gb_per_j,clear_leader
5060ti,RTX 5060 Ti,GPU,GPU board NVML,2,4000000,gpu_resident,-1,1.2284477980197534e-05,0.0010149071298707,0.0010149071298707,82.61715094331143,1.2467604288842092e-08,325.61408034170944,3.9412463291193975,1302.4569725951612,15.764993198972219,56.0,2767.0,16000004.0,0.2499998750000312,bytes_per_j_opt,logical_gb_per_j,clear_leader
5060ti,RTX 5060 Ti,GPU,GPU board NVML,3,4000000,gpu_resident,-1,1.2284663100093362e-05,0.001019212815095,0.001019212815095,82.96624459314387,1.2520686060739825e-08,325.6091736019688,3.9245964540066773,1302.4373456263852,15.698393665221579,58.0,2767.0,16000004.0,0.2499998750000312,bytes_per_j_opt,logical_gb_per_j,clear_leader
5060ti,RTX 5060 Ti,GPU,GPU board NVML,4,4000000,gpu_resident,-1,1.228461746965751e-05,0.0010193909390201,0.0010193909390201,82.98100744883345,1.2522827737896893e-08,325.61038305668285,3.923910687145248,1302.4421834476605,15.695650596404327,59.0,2767.0,16000004.0,0.2499998750000312,bytes_per_j_opt,logical_gb_per_j,clear_leader
5060ti,RTX 5060 Ti,GPU,GPU board NVML,5,4000000,gpu_resident,-1,1.2284620804874453e-05,0.0010198147511178,0.0010198147511178,83.0156917104903,1.252803750869959e-08,325.6102946549907,3.9222799980248126,1302.4418298407152,15.689127836661209,58.0,2767.0,16000004.0,0.2499998750000312,bytes_per_j_opt,logical_gb_per_j,clear_leader
5060ti,RTX 5060 Ti,GPU,GPU board NVML,1,8000000,gpu_resident,-1,2.0509926092663615e-05,0.0018676395184281,0.0018676395184281,91.06146592415148,3.8305148490698196e-08,390.0549891723693,4.283481325525391,1560.220346744515,17.133929585583424,64.0,2767.0,32000004.0,0.2499999375000078,runtime_opt,runtime_s,clear_leader
5060ti,RTX 5060 Ti,GPU,GPU board NVML,2,8000000,gpu_resident,-1,2.046900967127886e-05,0.0018101359096119,0.0018101359096119,88.43261715316386,3.705168944017514e-08,390.8346875826249,4.419557093762772,1563.3391411652358,17.678232794608736,57.0,2775.0,32000004.0,0.2499999375000078,runtime_opt,runtime_s,clear_leader
5060ti,RTX 5060 Ti,GPU,GPU board NVML,3,8000000,gpu_resident,-1,2.0500984348093484e-05,0.0018187064370643,0.0018187064370643,88.71535701466684,3.728527220003208e-08,390.2251162268689,4.398730238681814,1560.9008551326406,17.594925353458045,59.0,2775.0,32000004.0,0.2499999375000078,runtime_opt,runtime_s,clear_leader
5060ti,RTX 5060 Ti,GPU,GPU board NVML,4,8000000,gpu_resident,-1,2.0508436181337272e-05,0.0018198622132004,0.0018198622132004,88.74547345929597,3.732252805824761e-08,390.08332616213903,4.395936649473723,1560.333694731931,17.583750993832087,60.0,2763.5,32000004.0,0.2499999375000078,runtime_opt,runtime_s,clear_leader
5060ti,RTX 5060 Ti,GPU,GPU board NVML,5,8000000,gpu_resident,-1,2.050957770692801e-05,0.001830818280606,0.001830818280606,89.27255696844139,3.7549309793353085e-08,390.0616148375229,4.369630282122813,1560.2468494117552,17.47852549812208,60.0,2760.0,32000004.0,0.2499999375000078,runtime_opt,runtime_s,clear_leader
5060ti,RTX 5060 Ti,GPU,GPU board NVML,1,8000000,gpu_resident,-1,2.0509926092663615e-05,0.0018676395184281,0.0018676395184281,91.06146592415148,3.8305148490698196e-08,390.0549891723693,4.283481325525391,1560.220346744515,17.133929585583424,64.0,2767.0,32000004.0,0.2499999375000078,energy_opt,energy_j,clear_leader
5060ti,RTX 5060 Ti,GPU,GPU board NVML,2,8000000,gpu_resident,-1,2.046900967127886e-05,0.0018101359096119,0.0018101359096119,88.43261715316386,3.705168944017514e-08,390.8346875826249,4.419557093762772,1563.3391411652358,17.678232794608736,57.0,2775.0,32000004.0,0.2499999375000078,energy_opt,energy_j,clear_leader
5060ti,RTX 5060 Ti,GPU,GPU board NVML,3,8000000,gpu_resident,-1,2.0500984348093484e-05,0.0018187064370643,0.0018187064370643,88.71535701466684,3.728527220003208e-08,390.2251162268689,4.398730238681814,1560.9008551326406,17.594925353458045,59.0,2775.0,32000004.0,0.2499999375000078,energy_opt,energy_j,clear_leader
5060ti,RTX 5060 Ti,GPU,GPU board NVML,4,8000000,gpu_resident,-1,2.0508436181337272e-05,0.0018198622132004,0.0018198622132004,88.74547345929597,3.732252805824761e-08,390.08332616213903,4.395936649473723,1560.333694731931,17.583750993832087,60.0,2763.5,32000004.0,0.2499999375000078,energy_opt,energy_j,clear_leader
5060ti,RTX 5060 Ti,GPU,GPU board NVML,5,8000000,gpu_resident,-1,2.050957770692801e-05,0.001830818280606,0.001830818280606,89.27255696844139,3.7549309793353085e-08,390.0616148375229,4.369630282122813,1560.2468494117552,17.47852549812208,60.0,2760.0,32000004.0,0.2499999375000078,energy_opt,energy_j,clear_leader
5060ti,RTX 5060 Ti,GPU,GPU board NVML,1,8000000,gpu_resident,-1,2.0509926092663615e-05,0.0018676395184281,0.0018676395184281,91.06146592415148,3.8305148490698196e-08,390.0549891723693,4.283481325525391,1560.220346744515,17.133929585583424,64.0,2767.0,32000004.0,0.2499999375000078,edp_opt,edp_j_s,clear_leader
5060ti,RTX 5060 Ti,GPU,GPU board NVML,2,8000000,gpu_resident,-1,2.046900967127886e-05,0.0018101359096119,0.0018101359096119,88.43261715316386,3.705168944017514e-08,390.8346875826249,4.419557093762772,1563.3391411652358,17.678232794608736,57.0,2775.0,32000004.0,0.2499999375000078,edp_opt,edp_j_s,clear_leader
5060ti,RTX 5060 Ti,GPU,GPU board NVML,3,8000000,gpu_resident,-1,2.0500984348093484e-05,0.0018187064370643,0.0018187064370643,88.71535701466684,3.728527220003208e-08,390.2251162268689,4.398730238681814,1560.9008551326406,17.594925353458045,59.0,2775.0,32000004.0,0.2499999375000078,edp_opt,edp_j_s,clear_leader
5060ti,RTX 5060 Ti,GPU,GPU board NVML,4,8000000,gpu_resident,-1,2.0508436181337272e-05,0.0018198622132004,0.0018198622132004,88.74547345929597,3.732252805824761e-08,390.08332616213903,4.395936649473723,1560.333694731931,17.583750993832087,60.0,2763.5,32000004.0,0.2499999375000078,edp_opt,edp_j_s,clear_leader
5060ti,RTX 5060 Ti,GPU,GPU board NVML,5,8000000,gpu_resident,-1,2.050957770692801e-05,0.001830818280606,0.001830818280606,89.27255696844139,3.7549309793353085e-08,390.0616148375229,4.369630282122813,1560.2468494117552,17.47852549812208,60.0,2760.0,32000004.0,0.2499999375000078,edp_opt,edp_j_s,clear_leader
5060ti,RTX 5060 Ti,GPU,GPU board NVML,1,8000000,gpu_resident,-1,2.0509926092663615e-05,0.0018676395184281,0.0018676395184281,91.06146592415148,3.8305148490698196e-08,390.0549891723693,4.283481325525391,1560.220346744515,17.133929585583424,64.0,2767.0,32000004.0,0.2499999375000078,bandwidth_opt,logical_bandwidth_gb_s,clear_leader
5060ti,RTX 5060 Ti,GPU,GPU board NVML,2,8000000,gpu_resident,-1,2.046900967127886e-05,0.0018101359096119,0.0018101359096119,88.43261715316386,3.705168944017514e-08,390.8346875826249,4.419557093762772,1563.3391411652358,17.678232794608736,57.0,2775.0,32000004.0,0.2499999375000078,bandwidth_opt,logical_bandwidth_gb_s,clear_leader
5060ti,RTX 5060 Ti,GPU,GPU board NVML,3,8000000,gpu_resident,-1,2.0500984348093484e-05,0.0018187064370643,0.0018187064370643,88.71535701466684,3.728527220003208e-08,390.2251162268689,4.398730238681814,1560.9008551326406,17.594925353458045,59.0,2775.0,32000004.0,0.2499999375000078,bandwidth_opt,logical_bandwidth_gb_s,clear_leader
5060ti,RTX 5060 Ti,GPU,GPU board NVML,4,8000000,gpu_resident,-1,2.0508436181337272e-05,0.0018198622132004,0.0018198622132004,88.74547345929597,3.732252805824761e-08,390.08332616213903,4.395936649473723,1560.333694731931,17.583750993832087,60.0,2763.5,32000004.0,0.2499999375000078,bandwidth_opt,logical_bandwidth_gb_s,clear_leader
5060ti,RTX 5060 Ti,GPU,GPU board NVML,5,8000000,gpu_resident,-1,2.050957770692801e-05,0.001830818280606,0.001830818280606,89.27255696844139,3.7549309793353085e-08,390.0616148375229,4.369630282122813,1560.2468494117552,17.47852549812208,60.0,2760.0,32000004.0,0.2499999375000078,bandwidth_opt,logical_bandwidth_gb_s,clear_leader
5060ti,RTX 5060 Ti,GPU,GPU board NVML,1,8000000,gpu_resident,-1,2.0509926092663615e-05,0.0018676395184281,0.0018676395184281,91.06146592415148,3.8305148490698196e-08,390.0549891723693,4.283481325525391,1560.220346744515,17.133929585583424,64.0,2767.0,32000004.0,0.2499999375000078,bytes_per_j_opt,logical_gb_per_j,clear_leader
5060ti,RTX 5060 Ti,GPU,GPU board NVML,2,8000000,gpu_resident,-1,2.046900967127886e-05,0.0018101359096119,0.0018101359096119,88.43261715316386,3.705168944017514e-08,390.8346875826249,4.419557093762772,1563.3391411652358,17.678232794608736,57.0,2775.0,32000004.0,0.2499999375000078,bytes_per_j_opt,logical_gb_per_j,clear_leader
5060ti,RTX 5060 Ti,GPU,GPU board NVML,3,8000000,gpu_resident,-1,2.0500984348093484e-05,0.0018187064370643,0.0018187064370643,88.71535701466684,3.728527220003208e-08,390.2251162268689,4.398730238681814,1560.9008551326406,17.594925353458045,59.0,2775.0,32000004.0,0.2499999375000078,bytes_per_j_opt,logical_gb_per_j,clear_leader
5060ti,RTX 5060 Ti,GPU,GPU board NVML,4,8000000,gpu_resident,-1,2.0508436181337272e-05,0.0018198622132004,0.0018198622132004,88.74547345929597,3.732252805824761e-08,390.08332616213903,4.395936649473723,1560.333694731931,17.583750993832087,60.0,2763.5,32000004.0,0.2499999375000078,bytes_per_j_opt,logical_gb_per_j,clear_leader
5060ti,RTX 5060 Ti,GPU,GPU board NVML,5,8000000,gpu_resident,-1,2.050957770692801e-05,0.001830818280606,0.001830818280606,89.27255696844139,3.7549309793353085e-08,390.0616148375229,4.369630282122813,1560.2468494117552,17.47852549812208,60.0,2760.0,32000004.0,0.2499999375000078,bytes_per_j_opt,logical_gb_per_j,clear_leader
5060ti,RTX 5060 Ti,GPU,GPU board NVML,1,16000000,gpu_resident,-1,0.0001578432249814,0.0135197026022304,0.0135197026022304,85.65815408068329,2.133993459525472e-06,101.3663969542273,1.1834579110756782,405.46563850011086,4.733832236031705,53.0,2790.0,64000004.0,0.2499999687500019,runtime_opt,runtime_s,clear_leader
5060ti,RTX 5060 Ti,GPU,GPU board NVML,2,16000000,gpu_resident,-1,0.000157853063075,0.0134059067972692,0.0134059067972692,84.92620203214521,2.1161634512469065e-06,101.36007935682561,1.1935036728182549,405.44036810734525,4.774015288024894,52.0,2790.0,64000004.0,0.2499999687500019,runtime_opt,runtime_s,clear_leader
5060ti,RTX 5060 Ti,GPU,GPU board NVML,3,16000000,gpu_resident,-1,0.0001578581036144,0.0131456325301204,0.0131456325301204,83.2762527632467,2.075144622016573e-06,101.35684284592192,1.2171342050935494,405.4274220621123,4.868537428941338,54.0,2790.0,64000004.0,0.2499999687500019,runtime_opt,runtime_s,clear_leader
5060ti,RTX 5060 Ti,GPU,GPU board NVML,4,16000000,gpu_resident,-1,0.0001577877322487,0.0126077238862703,0.0126077238862703,79.9029411693599,1.989344160832357e-06,101.40204673694981,1.2690632460172973,405.6082376488258,5.076253618600852,55.0,2790.0,64000004.0,0.2499999687500019,runtime_opt,runtime_s,clear_leader
5060ti,RTX 5060 Ti,GPU,GPU board NVML,5,16000000,gpu_resident,-1,0.0001577975300509,0.013697242206235,0.013697242206235,86.80232098027301,2.1613909886528232e-06,101.39575058518949,1.1681182795115341,405.5830530386364,4.6724737021053135,55.0,2790.0,64000004.0,0.2499999687500019,runtime_opt,runtime_s,clear_leader
5060ti,RTX 5060 Ti,GPU,GPU board NVML,1,16000000,gpu_resident,-1,0.0001578432249814,0.0135197026022304,0.0135197026022304,85.65815408068329,2.133993459525472e-06,101.3663969542273,1.1834579110756782,405.46563850011086,4.733832236031705,53.0,2790.0,64000004.0,0.2499999687500019,energy_opt,energy_j,clear_leader
5060ti,RTX 5060 Ti,GPU,GPU board NVML,2,16000000,gpu_resident,-1,0.000157853063075,0.0134059067972692,0.0134059067972692,84.92620203214521,2.1161634512469065e-06,101.36007935682561,1.1935036728182549,405.44036810734525,4.774015288024894,52.0,2790.0,64000004.0,0.2499999687500019,energy_opt,energy_j,clear_leader
5060ti,RTX 5060 Ti,GPU,GPU board NVML,3,16000000,gpu_resident,-1,0.0001578581036144,0.0131456325301204,0.0131456325301204,83.2762527632467,2.075144622016573e-06,101.35684284592192,1.2171342050935494,405.4274220621123,4.868537428941338,54.0,2790.0,64000004.0,0.2499999687500019,energy_opt,energy_j,clear_leader
5060ti,RTX 5060 Ti,GPU,GPU board NVML,4,16000000,gpu_resident,-1,0.0001577877322487,0.0126077238862703,0.0126077238862703,79.9029411693599,1.989344160832357e-06,101.40204673694981,1.2690632460172973,405.6082376488258,5.076253618600852,55.0,2790.0,64000004.0,0.2499999687500019,energy_opt,energy_j,clear_leader
5060ti,RTX 5060 Ti,GPU,GPU board NVML,5,16000000,gpu_resident,-1,0.0001577975300509,0.013697242206235,0.013697242206235,86.80232098027301,2.1613909886528232e-06,101.39575058518949,1.1681182795115341,405.5830530386364,4.6724737021053135,55.0,2790.0,64000004.0,0.2499999687500019,energy_opt,energy_j,clear_leader
5060ti,RTX 5060 Ti,GPU,GPU board NVML,1,16000000,gpu_resident,-1,0.0001578432249814,0.0135197026022304,0.0135197026022304,85.65815408068329,2.133993459525472e-06,101.3663969542273,1.1834579110756782,405.46563850011086,4.733832236031705,53.0,2790.0,64000004.0,0.2499999687500019,edp_opt,edp_j_s,clear_leader
5060ti,RTX 5060 Ti,GPU,GPU board NVML,2,16000000,gpu_resident,-1,0.000157853063075,0.0134059067972692,0.0134059067972692,84.92620203214521,2.1161634512469065e-06,101.36007935682561,1.1935036728182549,405.44036810734525,4.774015288024894,52.0,2790.0,64000004.0,0.2499999687500019,edp_opt,edp_j_s,clear_leader
5060ti,RTX 5060 Ti,GPU,GPU board NVML,3,16000000,gpu_resident,-1,0.0001578581036144,0.0131456325301204,0.0131456325301204,83.2762527632467,2.075144622016573e-06,101.35684284592192,1.2171342050935494,405.4274220621123,4.868537428941338,54.0,2790.0,64000004.0,0.2499999687500019,edp_opt,edp_j_s,clear_leader
5060ti,RTX 5060 Ti,GPU,GPU board NVML,4,16000000,gpu_resident,-1,0.0001577877322487,0.0126077238862703,0.0126077238862703,79.9029411693599,1.989344160832357e-06,101.40204673694981,1.2690632460172973,405.6082376488258,5.076253618600852,55.0,2790.0,64000004.0,0.2499999687500019,edp_opt,edp_j_s,clear_leader
5060ti,RTX 5060 Ti,GPU,GPU board NVML,5,16000000,gpu_resident,-1,0.0001577975300509,0.013697242206235,0.013697242206235,86.80232098027301,2.1613909886528232e-06,101.39575058518949,1.1681182795115341,405.5830530386364,4.6724737021053135,55.0,2790.0,64000004.0,0.2499999687500019,edp_opt,edp_j_s,clear_leader
5060ti,RTX 5060 Ti,GPU,GPU board NVML,1,16000000,gpu_resident,-1,0.0001578432249814,0.0135197026022304,0.0135197026022304,85.65815408068329,2.133993459525472e-06,101.3663969542273,1.1834579110756782,405.46563850011086,4.733832236031705,53.0,2790.0,64000004.0,0.2499999687500019,bandwidth_opt,logical_bandwidth_gb_s,clear_leader
5060ti,RTX 5060 Ti,GPU,GPU board NVML,2,16000000,gpu_resident,-1,0.000157853063075,0.0134059067972692,0.0134059067972692,84.92620203214521,2.1161634512469065e-06,101.36007935682561,1.1935036728182549,405.44036810734525,4.774015288024894,52.0,2790.0,64000004.0,0.2499999687500019,bandwidth_opt,logical_bandwidth_gb_s,clear_leader
5060ti,RTX 5060 Ti,GPU,GPU board NVML,3,16000000,gpu_resident,-1,0.0001578581036144,0.0131456325301204,0.0131456325301204,83.2762527632467,2.075144622016573e-06,101.35684284592192,1.2171342050935494,405.4274220621123,4.868537428941338,54.0,2790.0,64000004.0,0.2499999687500019,bandwidth_opt,logical_bandwidth_gb_s,clear_leader
5060ti,RTX 5060 Ti,GPU,GPU board NVML,4,16000000,gpu_resident,-1,0.0001577877322487,0.0126077238862703,0.0126077238862703,79.9029411693599,1.989344160832357e-06,101.40204673694981,1.2690632460172973,405.6082376488258,5.076253618600852,55.0,2790.0,64000004.0,0.2499999687500019,bandwidth_opt,logical_bandwidth_gb_s,clear_leader
5060ti,RTX 5060 Ti,GPU,GPU board NVML,5,16000000,gpu_resident,-1,0.0001577975300509,0.013697242206235,0.013697242206235,86.80232098027301,2.1613909886528232e-06,101.39575058518949,1.1681182795115341,405.5830530386364,4.6724737021053135,55.0,2790.0,64000004.0,0.2499999687500019,bandwidth_opt,logical_bandwidth_gb_s,clear_leader
5060ti,RTX 5060 Ti,GPU,GPU board NVML,1,16000000,gpu_resident,-1,0.0001578432249814,0.0135197026022304,0.0135197026022304,85.65815408068329,2.133993459525472e-06,101.3663969542273,1.1834579110756782,405.46563850011086,4.733832236031705,53.0,2790.0,64000004.0,0.2499999687500019,bytes_per_j_opt,logical_gb_per_j,clear_leader
5060ti,RTX 5060 Ti,GPU,GPU board NVML,2,16000000,gpu_resident,-1,0.000157853063075,0.0134059067972692,0.0134059067972692,84.92620203214521,2.1161634512469065e-06,101.36007935682561,1.1935036728182549,405.44036810734525,4.774015288024894,52.0,2790.0,64000004.0,0.2499999687500019,bytes_per_j_opt,logical_gb_per_j,clear_leader
5060ti,RTX 5060 Ti,GPU,GPU board NVML,3,16000000,gpu_resident,-1,0.0001578581036144,0.0131456325301204,0.0131456325301204,83.2762527632467,2.075144622016573e-06,101.35684284592192,1.2171342050935494,405.4274220621123,4.868537428941338,54.0,2790.0,64000004.0,0.2499999687500019,bytes_per_j_opt,logical_gb_per_j,clear_leader
5060ti,RTX 5060 Ti,GPU,GPU board NVML,4,16000000,gpu_resident,-1,0.0001577877322487,0.0126077238862703,0.0126077238862703,79.9029411693599,1.989344160832357e-06,101.40204673694981,1.2690632460172973,405.6082376488258,5.076253618600852,55.0,2790.0,64000004.0,0.2499999687500019,bytes_per_j_opt,logical_gb_per_j,clear_leader
5060ti,RTX 5060 Ti,GPU,GPU board NVML,5,16000000,gpu_resident,-1,0.0001577975300509,0.013697242206235,0.013697242206235,86.80232098027301,2.1613909886528232e-06,101.39575058518949,1.1681182795115341,405.5830530386364,4.6724737021053135,55.0,2790.0,64000004.0,0.2499999687500019,bytes_per_j_opt,logical_gb_per_j,clear_leader
5060ti,RTX 5060 Ti,GPU,GPU board NVML,1,32000000,gpu_resident,-1,0.000308092552048,0.0258104404065291,0.0258104404065291,83.77856404812434,7.952004454330369e-06,103.86488990819383,1.2398083293419964,415.4595855989986,4.959233627320078,54.0,2790.0,128000004.0,0.2499999843750004,runtime_opt,runtime_s,clear_leader
5060ti,RTX 5060 Ti,GPU,GPU board NVML,2,32000000,gpu_resident,-1,0.0003080909183862,0.0255780720665229,0.0255780720665229,83.02151921942462,7.880371713523449e-06,103.86544065504445,1.2510715786856448,415.4617885865388,5.004286627510485,53.0,2790.0,128000004.0,0.2499999843750004,runtime_opt,runtime_s,clear_leader
5060ti,RTX 5060 Ti,GPU,GPU board NVML,3,32000000,gpu_resident,-1,0.0003079890601908,0.0257552339901477,0.0257552339901477,83.62355489801374,7.932330311619737e-06,103.899791051591,1.2424658619774585,415.59919018131257,4.969863758526309,54.0,2790.0,128000004.0,0.2499999843750004,runtime_opt,runtime_s,clear_leader
5060ti,RTX 5060 Ti,GPU,GPU board NVML,4,32000000,gpu_resident,-1,0.0003079755317118,0.0257298337438423,0.0257298337438423,83.5439007821953,7.924159228116046e-06,103.9043550704711,1.243692412418261,415.61744625797394,4.974769960596156,54.0,2790.0,128000004.0,0.2499999843750004,runtime_opt,runtime_s,clear_leader
5060ti,RTX 5060 Ti,GPU,GPU board NVML,5,32000000,gpu_resident,-1,0.00030797253125,0.0257176724137931,0.0257176724137931,83.50388459313348,7.920336671134158e-06,103.90536737194805,1.2442805276125033,415.62149546413485,4.977122421520155,54.0,2790.0,128000004.0,0.2499999843750004,runtime_opt,runtime_s,clear_leader
5060ti,RTX 5060 Ti,GPU,GPU board NVML,1,32000000,gpu_resident,-1,0.000308092552048,0.0258104404065291,0.0258104404065291,83.77856404812434,7.952004454330369e-06,103.86488990819383,1.2398083293419964,415.4595855989986,4.959233627320078,54.0,2790.0,128000004.0,0.2499999843750004,energy_opt,energy_j,clear_leader
5060ti,RTX 5060 Ti,GPU,GPU board NVML,2,32000000,gpu_resident,-1,0.0003080909183862,0.0255780720665229,0.0255780720665229,83.02151921942462,7.880371713523449e-06,103.86544065504445,1.2510715786856448,415.4617885865388,5.004286627510485,53.0,2790.0,128000004.0,0.2499999843750004,energy_opt,energy_j,clear_leader
5060ti,RTX 5060 Ti,GPU,GPU board NVML,3,32000000,gpu_resident,-1,0.0003079890601908,0.0257552339901477,0.0257552339901477,83.62355489801374,7.932330311619737e-06,103.899791051591,1.2424658619774585,415.59919018131257,4.969863758526309,54.0,2790.0,128000004.0,0.2499999843750004,energy_opt,energy_j,clear_leader
5060ti,RTX 5060 Ti,GPU,GPU board NVML,4,32000000,gpu_resident,-1,0.0003079755317118,0.0257298337438423,0.0257298337438423,83.5439007821953,7.924159228116046e-06,103.9043550704711,1.243692412418261,415.61744625797394,4.974769960596156,54.0,2790.0,128000004.0,0.2499999843750004,energy_opt,energy_j,clear_leader
5060ti,RTX 5060 Ti,GPU,GPU board NVML,5,32000000,gpu_resident,-1,0.00030797253125,0.0257176724137931,0.0257176724137931,83.50388459313348,7.920336671134158e-06,103.90536737194805,1.2442805276125033,415.62149546413485,4.977122421520155,54.0,2790.0,128000004.0,0.2499999843750004,energy_opt,energy_j,clear_leader
5060ti,RTX 5060 Ti,GPU,GPU board NVML,1,32000000,gpu_resident,-1,0.000308092552048,0.0258104404065291,0.0258104404065291,83.77856404812434,7.952004454330369e-06,103.86488990819383,1.2398083293419964,415.4595855989986,4.959233627320078,54.0,2790.0,128000004.0,0.2499999843750004,edp_opt,edp_j_s,clear_leader
5060ti,RTX 5060 Ti,GPU,GPU board NVML,2,32000000,gpu_resident,-1,0.0003080909183862,0.0255780720665229,0.0255780720665229,83.02151921942462,7.880371713523449e-06,103.86544065504445,1.2510715786856448,415.4617885865388,5.004286627510485,53.0,2790.0,128000004.0,0.2499999843750004,edp_opt,edp_j_s,clear_leader
5060ti,RTX 5060 Ti,GPU,GPU board NVML,3,32000000,gpu_resident,-1,0.0003079890601908,0.0257552339901477,0.0257552339901477,83.62355489801374,7.932330311619737e-06,103.899791051591,1.2424658619774585,415.59919018131257,4.969863758526309,54.0,2790.0,128000004.0,0.2499999843750004,edp_opt,edp_j_s,clear_leader
5060ti,RTX 5060 Ti,GPU,GPU board NVML,4,32000000,gpu_resident,-1,0.0003079755317118,0.0257298337438423,0.0257298337438423,83.5439007821953,7.924159228116046e-06,103.9043550704711,1.243692412418261,415.61744625797394,4.974769960596156,54.0,2790.0,128000004.0,0.2499999843750004,edp_opt,edp_j_s,clear_leader
5060ti,RTX 5060 Ti,GPU,GPU board NVML,5,32000000,gpu_resident,-1,0.00030797253125,0.0257176724137931,0.0257176724137931,83.50388459313348,7.920336671134158e-06,103.90536737194805,1.2442805276125033,415.62149546413485,4.977122421520155,54.0,2790.0,128000004.0,0.2499999843750004,edp_opt,edp_j_s,clear_leader
5060ti,RTX 5060 Ti,GPU,GPU board NVML,1,32000000,gpu_resident,-1,0.000308092552048,0.0258104404065291,0.0258104404065291,83.77856404812434,7.952004454330369e-06,103.86488990819383,1.2398083293419964,415.4595855989986,4.959233627320078,54.0,2790.0,128000004.0,0.2499999843750004,bandwidth_opt,logical_bandwidth_gb_s,clear_leader
5060ti,RTX 5060 Ti,GPU,GPU board NVML,2,32000000,gpu_resident,-1,0.0003080909183862,0.0255780720665229,0.0255780720665229,83.02151921942462,7.880371713523449e-06,103.86544065504445,1.2510715786856448,415.4617885865388,5.004286627510485,53.0,2790.0,128000004.0,0.2499999843750004,bandwidth_opt,logical_bandwidth_gb_s,clear_leader
5060ti,RTX 5060 Ti,GPU,GPU board NVML,3,32000000,gpu_resident,-1,0.0003079890601908,0.0257552339901477,0.0257552339901477,83.62355489801374,7.932330311619737e-06,103.899791051591,1.2424658619774585,415.59919018131257,4.969863758526309,54.0,2790.0,128000004.0,0.2499999843750004,bandwidth_opt,logical_bandwidth_gb_s,clear_leader
5060ti,RTX 5060 Ti,GPU,GPU board NVML,4,32000000,gpu_resident,-1,0.0003079755317118,0.0257298337438423,0.0257298337438423,83.5439007821953,7.924159228116046e-06,103.9043550704711,1.243692412418261,415.61744625797394,4.974769960596156,54.0,2790.0,128000004.0,0.2499999843750004,bandwidth_opt,logical_bandwidth_gb_s,clear_leader
5060ti,RTX 5060 Ti,GPU,GPU board NVML,5,32000000,gpu_resident,-1,0.00030797253125,0.0257176724137931,0.0257176724137931,83.50388459313348,7.920336671134158e-06,103.90536737194805,1.2442805276125033,415.62149546413485,4.977122421520155,54.0,2790.0,128000004.0,0.2499999843750004,bandwidth_opt,logical_bandwidth_gb_s,clear_leader
5060ti,RTX 5060 Ti,GPU,GPU board NVML,1,32000000,gpu_resident,-1,0.000308092552048,0.0258104404065291,0.0258104404065291,83.77856404812434,7.952004454330369e-06,103.86488990819383,1.2398083293419964,415.4595855989986,4.959233627320078,54.0,2790.0,128000004.0,0.2499999843750004,bytes_per_j_opt,logical_gb_per_j,clear_leader
5060ti,RTX 5060 Ti,GPU,GPU board NVML,2,32000000,gpu_resident,-1,0.0003080909183862,0.0255780720665229,0.0255780720665229,83.02151921942462,7.880371713523449e-06,103.86544065504445,1.2510715786856448,415.4617885865388,5.004286627510485,53.0,2790.0,128000004.0,0.2499999843750004,bytes_per_j_opt,logical_gb_per_j,clear_leader
5060ti,RTX 5060 Ti,GPU,GPU board NVML,3,32000000,gpu_resident,-1,0.0003079890601908,0.0257552339901477,0.0257552339901477,83.62355489801374,7.932330311619737e-06,103.899791051591,1.2424658619774585,415.59919018131257,4.969863758526309,54.0,2790.0,128000004.0,0.2499999843750004,bytes_per_j_opt,logical_gb_per_j,clear_leader
5060ti,RTX 5060 Ti,GPU,GPU board NVML,4,32000000,gpu_resident,-1,0.0003079755317118,0.0257298337438423,0.0257298337438423,83.5439007821953,7.924159228116046e-06,103.9043550704711,1.243692412418261,415.61744625797394,4.974769960596156,54.0,2790.0,128000004.0,0.2499999843750004,bytes_per_j_opt,logical_gb_per_j,clear_leader
5060ti,RTX 5060 Ti,GPU,GPU board NVML,5,32000000,gpu_resident,-1,0.00030797253125,0.0257176724137931,0.0257176724137931,83.50388459313348,7.920336671134158e-06,103.90536737194805,1.2442805276125033,415.62149546413485,4.977122421520155,54.0,2790.0,128000004.0,0.2499999843750004,bytes_per_j_opt,logical_gb_per_j,clear_leader
5060ti,RTX 5060 Ti,GPU,GPU board NVML,1,64000000,gpu_resident,-1,0.0006080331626243,0.0527866915422885,0.0527866915422885,86.81588771031224,3.2096059002931066e-05,105.25741511165766,1.212426790353555,421.0296736038078,4.849707312967571,56.5,2790.0,256000004.0,0.2499999921875001,runtime_opt,runtime_s,clear_leader
5060ti,RTX 5060 Ti,GPU,GPU board NVML,2,64000000,gpu_resident,-1,0.0006085413330291,0.0505450121654501,0.0505450121654501,83.05881788908093,3.0758729081135084e-05,105.16951852954837,1.2661981124963904,420.67808726438346,5.064792608260327,52.0,2790.0,256000004.0,0.2499999921875001,runtime_opt,runtime_s,clear_leader
5060ti,RTX 5060 Ti,GPU,GPU board NVML,3,64000000,gpu_resident,-1,0.0006085424692822,0.0510729927007299,0.0510729927007299,83.92611276683522,3.108008509173395e-05,105.16932216003025,1.253108455480921,420.6773017862864,5.012433978562243,54.0,2790.0,256000004.0,0.2499999921875001,runtime_opt,runtime_s,clear_leader
5060ti,RTX 5060 Ti,GPU,GPU board NVML,4,64000000,gpu_resident,-1,0.0006085138339416,0.050971107055961,0.050971107055961,83.76406498644904,3.101662377487057e-05,105.17427120012225,1.2556132816525767,420.6970979472731,5.02245328356197,54.0,2790.0,256000004.0,0.2499999921875001,runtime_opt,runtime_s,clear_leader
5060ti,RTX 5060 Ti,GPU,GPU board NVML,5,64000000,gpu_resident,-1,0.0006084930176399,0.0510550486618004,0.0510550486618004,83.90311594541261,3.106664062597086e-05,105.1778691696912,1.2535488786613393,420.7114898259987,5.014195671338969,54.0,2790.0,256000004.0,0.2499999921875001,runtime_opt,runtime_s,clear_leader
5060ti,RTX 5060 Ti,GPU,GPU board NVML,1,64000000,gpu_resident,-1,0.0006080331626243,0.0527866915422885,0.0527866915422885,86.81588771031224,3.2096059002931066e-05,105.25741511165766,1.212426790353555,421.0296736038078,4.849707312967571,56.5,2790.0,256000004.0,0.2499999921875001,energy_opt,energy_j,clear_leader
5060ti,RTX 5060 Ti,GPU,GPU board NVML,2,64000000,gpu_resident,-1,0.0006085413330291,0.0505450121654501,0.0505450121654501,83.05881788908093,3.0758729081135084e-05,105.16951852954837,1.2661981124963904,420.67808726438346,5.064792608260327,52.0,2790.0,256000004.0,0.2499999921875001,energy_opt,energy_j,clear_leader
5060ti,RTX 5060 Ti,GPU,GPU board NVML,3,64000000,gpu_resident,-1,0.0006085424692822,0.0510729927007299,0.0510729927007299,83.92611276683522,3.108008509173395e-05,105.16932216003025,1.253108455480921,420.6773017862864,5.012433978562243,54.0,2790.0,256000004.0,0.2499999921875001,energy_opt,energy_j,clear_leader
5060ti,RTX 5060 Ti,GPU,GPU board NVML,4,64000000,gpu_resident,-1,0.0006085138339416,0.050971107055961,0.050971107055961,83.76406498644904,3.101662377487057e-05,105.17427120012225,1.2556132816525767,420.6970979472731,5.02245328356197,54.0,2790.0,256000004.0,0.2499999921875001,energy_opt,energy_j,clear_leader
5060ti,RTX 5060 Ti,GPU,GPU board NVML,5,64000000,gpu_resident,-1,0.0006084930176399,0.0510550486618004,0.0510550486618004,83.90311594541261,3.106664062597086e-05,105.1778691696912,1.2535488786613393,420.7114898259987,5.014195671338969,54.0,2790.0,256000004.0,0.2499999921875001,energy_opt,energy_j,clear_leader
5060ti,RTX 5060 Ti,GPU,GPU board NVML,1,64000000,gpu_resident,-1,0.0006080331626243,0.0527866915422885,0.0527866915422885,86.81588771031224,3.2096059002931066e-05,105.25741511165766,1.212426790353555,421.0296736038078,4.849707312967571,56.5,2790.0,256000004.0,0.2499999921875001,edp_opt,edp_j_s,clear_leader
5060ti,RTX 5060 Ti,GPU,GPU board NVML,2,64000000,gpu_resident,-1,0.0006085413330291,0.0505450121654501,0.0505450121654501,83.05881788908093,3.0758729081135084e-05,105.16951852954837,1.2661981124963904,420.67808726438346,5.064792608260327,52.0,2790.0,256000004.0,0.2499999921875001,edp_opt,edp_j_s,clear_leader
5060ti,RTX 5060 Ti,GPU,GPU board NVML,3,64000000,gpu_resident,-1,0.0006085424692822,0.0510729927007299,0.0510729927007299,83.92611276683522,3.108008509173395e-05,105.16932216003025,1.253108455480921,420.6773017862864,5.012433978562243,54.0,2790.0,256000004.0,0.2499999921875001,edp_opt,edp_j_s,clear_leader
5060ti,RTX 5060 Ti,GPU,GPU board NVML,4,64000000,gpu_resident,-1,0.0006085138339416,0.050971107055961,0.050971107055961,83.76406498644904,3.101662377487057e-05,105.17427120012225,1.2556132816525767,420.6970979472731,5.02245328356197,54.0,2790.0,256000004.0,0.2499999921875001,edp_opt,edp_j_s,clear_leader
5060ti,RTX 5060 Ti,GPU,GPU board NVML,5,64000000,gpu_resident,-1,0.0006084930176399,0.0510550486618004,0.0510550486618004,83.90311594541261,3.106664062597086e-05,105.1778691696912,1.2535488786613393,420.7114898259987,5.014195671338969,54.0,2790.0,256000004.0,0.2499999921875001,edp_opt,edp_j_s,clear_leader
5060ti,RTX 5060 Ti,GPU,GPU board NVML,1,64000000,gpu_resident,-1,0.0006080331626243,0.0527866915422885,0.0527866915422885,86.81588771031224,3.2096059002931066e-05,105.25741511165766,1.212426790353555,421.0296736038078,4.849707312967571,56.5,2790.0,256000004.0,0.2499999921875001,bandwidth_opt,logical_bandwidth_gb_s,clear_leader
5060ti,RTX 5060 Ti,GPU,GPU board NVML,2,64000000,gpu_resident,-1,0.0006085413330291,0.0505450121654501,0.0505450121654501,83.05881788908093,3.0758729081135084e-05,105.16951852954837,1.2661981124963904,420.67808726438346,5.064792608260327,52.0,2790.0,256000004.0,0.2499999921875001,bandwidth_opt,logical_bandwidth_gb_s,clear_leader
5060ti,RTX 5060 Ti,GPU,GPU board NVML,3,64000000,gpu_resident,-1,0.0006085424692822,0.0510729927007299,0.0510729927007299,83.92611276683522,3.108008509173395e-05,105.16932216003025,1.253108455480921,420.6773017862864,5.012433978562243,54.0,2790.0,256000004.0,0.2499999921875001,bandwidth_opt,logical_bandwidth_gb_s,clear_leader
5060ti,RTX 5060 Ti,GPU,GPU board NVML,4,64000000,gpu_resident,-1,0.0006085138339416,0.050971107055961,0.050971107055961,83.76406498644904,3.101662377487057e-05,105.17427120012225,1.2556132816525767,420.6970979472731,5.02245328356197,54.0,2790.0,256000004.0,0.2499999921875001,bandwidth_opt,logical_bandwidth_gb_s,clear_leader
5060ti,RTX 5060 Ti,GPU,GPU board NVML,5,64000000,gpu_resident,-1,0.0006084930176399,0.0510550486618004,0.0510550486618004,83.90311594541261,3.106664062597086e-05,105.1778691696912,1.2535488786613393,420.7114898259987,5.014195671338969,54.0,2790.0,256000004.0,0.2499999921875001,bandwidth_opt,logical_bandwidth_gb_s,clear_leader
5060ti,RTX 5060 Ti,GPU,GPU board NVML,1,64000000,gpu_resident,-1,0.0006080331626243,0.0527866915422885,0.0527866915422885,86.81588771031224,3.2096059002931066e-05,105.25741511165766,1.212426790353555,421.0296736038078,4.849707312967571,56.5,2790.0,256000004.0,0.2499999921875001,bytes_per_j_opt,logical_gb_per_j,clear_leader
5060ti,RTX 5060 Ti,GPU,GPU board NVML,2,64000000,gpu_resident,-1,0.0006085413330291,0.0505450121654501,0.0505450121654501,83.05881788908093,3.0758729081135084e-05,105.16951852954837,1.2661981124963904,420.67808726438346,5.064792608260327,52.0,2790.0,256000004.0,0.2499999921875001,bytes_per_j_opt,logical_gb_per_j,clear_leader
5060ti,RTX 5060 Ti,GPU,GPU board NVML,3,64000000,gpu_resident,-1,0.0006085424692822,0.0510729927007299,0.0510729927007299,83.92611276683522,3.108008509173395e-05,105.16932216003025,1.253108455480921,420.6773017862864,5.012433978562243,54.0,2790.0,256000004.0,0.2499999921875001,bytes_per_j_opt,logical_gb_per_j,clear_leader
5060ti,RTX 5060 Ti,GPU,GPU board NVML,4,64000000,gpu_resident,-1,0.0006085138339416,0.050971107055961,0.050971107055961,83.76406498644904,3.101662377487057e-05,105.17427120012225,1.2556132816525767,420.6970979472731,5.02245328356197,54.0,2790.0,256000004.0,0.2499999921875001,bytes_per_j_opt,logical_gb_per_j,clear_leader
5060ti,RTX 5060 Ti,GPU,GPU board NVML,5,64000000,gpu_resident,-1,0.0006084930176399,0.0510550486618004,0.0510550486618004,83.90311594541261,3.106664062597086e-05,105.1778691696912,1.2535488786613393,420.7114898259987,5.014195671338969,54.0,2790.0,256000004.0,0.2499999921875001,bytes_per_j_opt,logical_gb_per_j,clear_leader
5060ti,RTX 5060 Ti,GPU,GPU board NVML,1,128000000,gpu_resident,-1,0.0012090251129227,0.1028810386473429,0.1028810386473429,85.09212981718736,0.0001243857593682084,105.87042207136007,1.2441553923144208,423.4816949023417,4.976621647017396,57.0,2790.0,512000004.0,0.24999999609375,runtime_opt,runtime_s,clear_leader
5060ti,RTX 5060 Ti,GPU,GPU board NVML,2,128000000,gpu_resident,-1,0.0012090710458937,0.1011799516908212,0.1011799516908212,83.6841577944486,0.0001223337500142952,105.86640002233054,1.2650727427814323,423.46560670597216,5.0602910501927765,52.0,2790.0,512000004.0,0.24999999609375,runtime_opt,runtime_s,clear_leader
5060ti,RTX 5060 Ti,GPU,GPU board NVML,3,128000000,gpu_resident,-1,0.0012090522699275,0.1017971014492753,0.1017971014492753,84.19651844569648,0.0001230780165792863,105.86804407362423,1.2574031792425975,423.4721829112498,5.029612795558089,54.0,2790.0,512000004.0,0.24999999609375,runtime_opt,runtime_s,clear_leader
5060ti,RTX 5060 Ti,GPU,GPU board NVML,4,128000000,gpu_resident,-1,0.0012090799166666,0.101903381642512,0.101903381642512,84.28135546609346,0.00012320933218437315,105.86562330213246,1.2560917698397658,423.4624998251314,5.024367157864799,55.0,2790.0,512000004.0,0.24999999609375,runtime_opt,runtime_s,clear_leader
5060ti,RTX 5060 Ti,GPU,GPU board NVML,5,128000000,gpu_resident,-1,0.0012090774051932,0.1017820048309178,0.1017820048309178,84.1815792909,0.00012306232229632785,105.8658432042626,1.2575896811291547,423.4633794336657,5.030358803115974,54.0,2790.0,512000004.0,0.24999999609375,runtime_opt,runtime_s,clear_leader
5060ti,RTX 5060 Ti,GPU,GPU board NVML,1,128000000,gpu_resident,-1,0.0012090251129227,0.1028810386473429,0.1028810386473429,85.09212981718736,0.0001243857593682084,105.87042207136007,1.2441553923144208,423.4816949023417,4.976621647017396,57.0,2790.0,512000004.0,0.24999999609375,energy_opt,energy_j,clear_leader
5060ti,RTX 5060 Ti,GPU,GPU board NVML,2,128000000,gpu_resident,-1,0.0012090710458937,0.1011799516908212,0.1011799516908212,83.6841577944486,0.0001223337500142952,105.86640002233054,1.2650727427814323,423.46560670597216,5.0602910501927765,52.0,2790.0,512000004.0,0.24999999609375,energy_opt,energy_j,clear_leader
5060ti,RTX 5060 Ti,GPU,GPU board NVML,3,128000000,gpu_resident,-1,0.0012090522699275,0.1017971014492753,0.1017971014492753,84.19651844569648,0.0001230780165792863,105.86804407362423,1.2574031792425975,423.4721829112498,5.029612795558089,54.0,2790.0,512000004.0,0.24999999609375,energy_opt,energy_j,clear_leader
5060ti,RTX 5060 Ti,GPU,GPU board NVML,4,128000000,gpu_resident,-1,0.0012090799166666,0.101903381642512,0.101903381642512,84.28135546609346,0.00012320933218437315,105.86562330213246,1.2560917698397658,423.4624998251314,5.024367157864799,55.0,2790.0,512000004.0,0.24999999609375,energy_opt,energy_j,clear_leader
5060ti,RTX 5060 Ti,GPU,GPU board NVML,5,128000000,gpu_resident,-1,0.0012090774051932,0.1017820048309178,0.1017820048309178,84.1815792909,0.00012306232229632785,105.8658432042626,1.2575896811291547,423.4633794336657,5.030358803115974,54.0,2790.0,512000004.0,0.24999999609375,energy_opt,energy_j,clear_leader
5060ti,RTX 5060 Ti,GPU,GPU board NVML,1,128000000,gpu_resident,-1,0.0012090251129227,0.1028810386473429,0.1028810386473429,85.09212981718736,0.0001243857593682084,105.87042207136007,1.2441553923144208,423.4816949023417,4.976621647017396,57.0,2790.0,512000004.0,0.24999999609375,edp_opt,edp_j_s,clear_leader
5060ti,RTX 5060 Ti,GPU,GPU board NVML,2,128000000,gpu_resident,-1,0.0012090710458937,0.1011799516908212,0.1011799516908212,83.6841577944486,0.0001223337500142952,105.86640002233054,1.2650727427814323,423.46560670597216,5.0602910501927765,52.0,2790.0,512000004.0,0.24999999609375,edp_opt,edp_j_s,clear_leader
5060ti,RTX 5060 Ti,GPU,GPU board NVML,3,128000000,gpu_resident,-1,0.0012090522699275,0.1017971014492753,0.1017971014492753,84.19651844569648,0.0001230780165792863,105.86804407362423,1.2574031792425975,423.4721829112498,5.029612795558089,54.0,2790.0,512000004.0,0.24999999609375,edp_opt,edp_j_s,clear_leader
5060ti,RTX 5060 Ti,GPU,GPU board NVML,4,128000000,gpu_resident,-1,0.0012090799166666,0.101903381642512,0.101903381642512,84.28135546609346,0.00012320933218437315,105.86562330213246,1.2560917698397658,423.4624998251314,5.024367157864799,55.0,2790.0,512000004.0,0.24999999609375,edp_opt,edp_j_s,clear_leader
5060ti,RTX 5060 Ti,GPU,GPU board NVML,5,128000000,gpu_resident,-1,0.0012090774051932,0.1017820048309178,0.1017820048309178,84.1815792909,0.00012306232229632785,105.8658432042626,1.2575896811291547,423.4633794336657,5.030358803115974,54.0,2790.0,512000004.0,0.24999999609375,edp_opt,edp_j_s,clear_leader
5060ti,RTX 5060 Ti,GPU,GPU board NVML,1,128000000,gpu_resident,-1,0.0012090251129227,0.1028810386473429,0.1028810386473429,85.09212981718736,0.0001243857593682084,105.87042207136007,1.2441553923144208,423.4816949023417,4.976621647017396,57.0,2790.0,512000004.0,0.24999999609375,bandwidth_opt,logical_bandwidth_gb_s,clear_leader
5060ti,RTX 5060 Ti,GPU,GPU board NVML,2,128000000,gpu_resident,-1,0.0012090710458937,0.1011799516908212,0.1011799516908212,83.6841577944486,0.0001223337500142952,105.86640002233054,1.2650727427814323,423.46560670597216,5.0602910501927765,52.0,2790.0,512000004.0,0.24999999609375,bandwidth_opt,logical_bandwidth_gb_s,clear_leader
5060ti,RTX 5060 Ti,GPU,GPU board NVML,3,128000000,gpu_resident,-1,0.0012090522699275,0.1017971014492753,0.1017971014492753,84.19651844569648,0.0001230780165792863,105.86804407362423,1.2574031792425975,423.4721829112498,5.029612795558089,54.0,2790.0,512000004.0,0.24999999609375,bandwidth_opt,logical_bandwidth_gb_s,clear_leader
5060ti,RTX 5060 Ti,GPU,GPU board NVML,4,128000000,gpu_resident,-1,0.0012090799166666,0.101903381642512,0.101903381642512,84.28135546609346,0.00012320933218437315,105.86562330213246,1.2560917698397658,423.4624998251314,5.024367157864799,55.0,2790.0,512000004.0,0.24999999609375,bandwidth_opt,logical_bandwidth_gb_s,clear_leader
5060ti,RTX 5060 Ti,GPU,GPU board NVML,5,128000000,gpu_resident,-1,0.0012090774051932,0.1017820048309178,0.1017820048309178,84.1815792909,0.00012306232229632785,105.8658432042626,1.2575896811291547,423.4633794336657,5.030358803115974,54.0,2790.0,512000004.0,0.24999999609375,bandwidth_opt,logical_bandwidth_gb_s,clear_leader
5060ti,RTX 5060 Ti,GPU,GPU board NVML,1,128000000,gpu_resident,-1,0.0012090251129227,0.1028810386473429,0.1028810386473429,85.09212981718736,0.0001243857593682084,105.87042207136007,1.2441553923144208,423.4816949023417,4.976621647017396,57.0,2790.0,512000004.0,0.24999999609375,bytes_per_j_opt,logical_gb_per_j,clear_leader
5060ti,RTX 5060 Ti,GPU,GPU board NVML,2,128000000,gpu_resident,-1,0.0012090710458937,0.1011799516908212,0.1011799516908212,83.6841577944486,0.0001223337500142952,105.86640002233054,1.2650727427814323,423.46560670597216,5.0602910501927765,52.0,2790.0,512000004.0,0.24999999609375,bytes_per_j_opt,logical_gb_per_j,clear_leader
5060ti,RTX 5060 Ti,GPU,GPU board NVML,3,128000000,gpu_resident,-1,0.0012090522699275,0.1017971014492753,0.1017971014492753,84.19651844569648,0.0001230780165792863,105.86804407362423,1.2574031792425975,423.4721829112498,5.029612795558089,54.0,2790.0,512000004.0,0.24999999609375,bytes_per_j_opt,logical_gb_per_j,clear_leader
5060ti,RTX 5060 Ti,GPU,GPU board NVML,4,128000000,gpu_resident,-1,0.0012090799166666,0.101903381642512,0.101903381642512,84.28135546609346,0.00012320933218437315,105.86562330213246,1.2560917698397658,423.4624998251314,5.024367157864799,55.0,2790.0,512000004.0,0.24999999609375,bytes_per_j_opt,logical_gb_per_j,clear_leader
5060ti,RTX 5060 Ti,GPU,GPU board NVML,5,128000000,gpu_resident,-1,0.0012090774051932,0.1017820048309178,0.1017820048309178,84.1815792909,0.00012306232229632785,105.8658432042626,1.2575896811291547,423.4633794336657,5.030358803115974,54.0,2790.0,512000004.0,0.24999999609375,bytes_per_j_opt,logical_gb_per_j,clear_leader
5060ti,RTX 5060 Ti,GPU,GPU board NVML,1,256000000,gpu_resident,-1,0.0024108137458033,0.2019988009592326,0.2019988009592326,83.7830593878968,0.00048698148598830276,106.18821111570317,1.2673342504229317,424.75284778119436,5.069337041295922,54.0,2790.0,1024000004.0,0.249999998046875,runtime_opt,runtime_s,clear_leader
5060ti,RTX 5060 Ti,GPU,GPU board NVML,2,256000000,gpu_resident,-1,0.0024113794471153,0.2011105769230769,0.2011105769230769,83.40203708237543,0.0004849539117898082,106.1632997271538,1.2729315529631136,424.6532022262183,5.091726251631565,52.0,2790.0,1024000004.0,0.249999998046875,runtime_opt,runtime_s,clear_leader
5060ti,RTX 5060 Ti,GPU,GPU board NVML,3,256000000,gpu_resident,-1,0.0024107314951807,0.203155421686747,0.203155421686747,84.2711412600656,0.0004897531734769572,106.19183410171158,1.2601189615049313,424.7673397253411,5.040475885398442,54.0,2790.0,1024000004.0,0.249999998046875,runtime_opt,runtime_s,clear_leader
5060ti,RTX 5060 Ti,GPU,GPU board NVML,4,256000000,gpu_resident,-1,0.0024110310697115,0.2025132211538461,0.2025132211538461,83.99290861668666,0.00048826566822927914,106.17863959365424,1.2641149923022599,424.7145616926994,5.056460008712633,54.0,2790.0,1024000004.0,0.249999998046875,runtime_opt,runtime_s,clear_leader
5060ti,RTX 5060 Ti,GPU,GPU board NVML,5,256000000,gpu_resident,-1,0.002410639353012,0.2035204819277108,0.2035204819277108,84.4275433478858,0.0004906144828789072,106.19589308543313,1.2578586517445924,424.78357566035413,5.031434646286454,55.0,2790.0,1024000004.0,0.249999998046875,runtime_opt,runtime_s,clear_leader
5060ti,RTX 5060 Ti,GPU,GPU board NVML,1,256000000,gpu_resident,-1,0.0024108137458033,0.2019988009592326,0.2019988009592326,83.7830593878968,0.00048698148598830276,106.18821111570317,1.2673342504229317,424.75284778119436,5.069337041295922,54.0,2790.0,1024000004.0,0.249999998046875,energy_opt,energy_j,clear_leader
5060ti,RTX 5060 Ti,GPU,GPU board NVML,2,256000000,gpu_resident,-1,0.0024113794471153,0.2011105769230769,0.2011105769230769,83.40203708237543,0.0004849539117898082,106.1632997271538,1.2729315529631136,424.6532022262183,5.091726251631565,52.0,2790.0,1024000004.0,0.249999998046875,energy_opt,energy_j,clear_leader
5060ti,RTX 5060 Ti,GPU,GPU board NVML,3,256000000,gpu_resident,-1,0.0024107314951807,0.203155421686747,0.203155421686747,84.2711412600656,0.0004897531734769572,106.19183410171158,1.2601189615049313,424.7673397253411,5.040475885398442,54.0,2790.0,1024000004.0,0.249999998046875,energy_opt,energy_j,clear_leader
5060ti,RTX 5060 Ti,GPU,GPU board NVML,4,256000000,gpu_resident,-1,0.0024110310697115,0.2025132211538461,0.2025132211538461,83.99290861668666,0.00048826566822927914,106.17863959365424,1.2641149923022599,424.7145616926994,5.056460008712633,54.0,2790.0,1024000004.0,0.249999998046875,energy_opt,energy_j,clear_leader
5060ti,RTX 5060 Ti,GPU,GPU board NVML,5,256000000,gpu_resident,-1,0.002410639353012,0.2035204819277108,0.2035204819277108,84.4275433478858,0.0004906144828789072,106.19589308543313,1.2578586517445924,424.78357566035413,5.031434646286454,55.0,2790.0,1024000004.0,0.249999998046875,energy_opt,energy_j,clear_leader
5060ti,RTX 5060 Ti,GPU,GPU board NVML,1,256000000,gpu_resident,-1,0.0024108137458033,0.2019988009592326,0.2019988009592326,83.7830593878968,0.00048698148598830276,106.18821111570317,1.2673342504229317,424.75284778119436,5.069337041295922,54.0,2790.0,1024000004.0,0.249999998046875,edp_opt,edp_j_s,clear_leader
5060ti,RTX 5060 Ti,GPU,GPU board NVML,2,256000000,gpu_resident,-1,0.0024113794471153,0.2011105769230769,0.2011105769230769,83.40203708237543,0.0004849539117898082,106.1632997271538,1.2729315529631136,424.6532022262183,5.091726251631565,52.0,2790.0,1024000004.0,0.249999998046875,edp_opt,edp_j_s,clear_leader
5060ti,RTX 5060 Ti,GPU,GPU board NVML,3,256000000,gpu_resident,-1,0.0024107314951807,0.203155421686747,0.203155421686747,84.2711412600656,0.0004897531734769572,106.19183410171158,1.2601189615049313,424.7673397253411,5.040475885398442,54.0,2790.0,1024000004.0,0.249999998046875,edp_opt,edp_j_s,clear_leader
5060ti,RTX 5060 Ti,GPU,GPU board NVML,4,256000000,gpu_resident,-1,0.0024110310697115,0.2025132211538461,0.2025132211538461,83.99290861668666,0.00048826566822927914,106.17863959365424,1.2641149923022599,424.7145616926994,5.056460008712633,54.0,2790.0,1024000004.0,0.249999998046875,edp_opt,edp_j_s,clear_leader
5060ti,RTX 5060 Ti,GPU,GPU board NVML,5,256000000,gpu_resident,-1,0.002410639353012,0.2035204819277108,0.2035204819277108,84.4275433478858,0.0004906144828789072,106.19589308543313,1.2578586517445924,424.78357566035413,5.031434646286454,55.0,2790.0,1024000004.0,0.249999998046875,edp_opt,edp_j_s,clear_leader
5060ti,RTX 5060 Ti,GPU,GPU board NVML,1,256000000,gpu_resident,-1,0.0024108137458033,0.2019988009592326,0.2019988009592326,83.7830593878968,0.00048698148598830276,106.18821111570317,1.2673342504229317,424.75284778119436,5.069337041295922,54.0,2790.0,1024000004.0,0.249999998046875,bandwidth_opt,logical_bandwidth_gb_s,clear_leader
5060ti,RTX 5060 Ti,GPU,GPU board NVML,2,256000000,gpu_resident,-1,0.0024113794471153,0.2011105769230769,0.2011105769230769,83.40203708237543,0.0004849539117898082,106.1632997271538,1.2729315529631136,424.6532022262183,5.091726251631565,52.0,2790.0,1024000004.0,0.249999998046875,bandwidth_opt,logical_bandwidth_gb_s,clear_leader
5060ti,RTX 5060 Ti,GPU,GPU board NVML,3,256000000,gpu_resident,-1,0.0024107314951807,0.203155421686747,0.203155421686747,84.2711412600656,0.0004897531734769572,106.19183410171158,1.2601189615049313,424.7673397253411,5.040475885398442,54.0,2790.0,1024000004.0,0.249999998046875,bandwidth_opt,logical_bandwidth_gb_s,clear_leader
5060ti,RTX 5060 Ti,GPU,GPU board NVML,4,256000000,gpu_resident,-1,0.0024110310697115,0.2025132211538461,0.2025132211538461,83.99290861668666,0.00048826566822927914,106.17863959365424,1.2641149923022599,424.7145616926994,5.056460008712633,54.0,2790.0,1024000004.0,0.249999998046875,bandwidth_opt,logical_bandwidth_gb_s,clear_leader
5060ti,RTX 5060 Ti,GPU,GPU board NVML,5,256000000,gpu_resident,-1,0.002410639353012,0.2035204819277108,0.2035204819277108,84.4275433478858,0.0004906144828789072,106.19589308543313,1.2578586517445924,424.78357566035413,5.031434646286454,55.0,2790.0,1024000004.0,0.249999998046875,bandwidth_opt,logical_bandwidth_gb_s,clear_leader
5060ti,RTX 5060 Ti,GPU,GPU board NVML,1,256000000,gpu_resident,-1,0.0024108137458033,0.2019988009592326,0.2019988009592326,83.7830593878968,0.00048698148598830276,106.18821111570317,1.2673342504229317,424.75284778119436,5.069337041295922,54.0,2790.0,1024000004.0,0.249999998046875,bytes_per_j_opt,logical_gb_per_j,clear_leader
5060ti,RTX 5060 Ti,GPU,GPU board NVML,2,256000000,gpu_resident,-1,0.0024113794471153,0.2011105769230769,0.2011105769230769,83.40203708237543,0.0004849539117898082,106.1632997271538,1.2729315529631136,424.6532022262183,5.091726251631565,52.0,2790.0,1024000004.0,0.249999998046875,bytes_per_j_opt,logical_gb_per_j,clear_leader
5060ti,RTX 5060 Ti,GPU,GPU board NVML,3,256000000,gpu_resident,-1,0.0024107314951807,0.203155421686747,0.203155421686747,84.2711412600656,0.0004897531734769572,106.19183410171158,1.2601189615049313,424.7673397253411,5.040475885398442,54.0,2790.0,1024000004.0,0.249999998046875,bytes_per_j_opt,logical_gb_per_j,clear_leader
5060ti,RTX 5060 Ti,GPU,GPU board NVML,4,256000000,gpu_resident,-1,0.0024110310697115,0.2025132211538461,0.2025132211538461,83.99290861668666,0.00048826566822927914,106.17863959365424,1.2641149923022599,424.7145616926994,5.056460008712633,54.0,2790.0,1024000004.0,0.249999998046875,bytes_per_j_opt,logical_gb_per_j,clear_leader
5060ti,RTX 5060 Ti,GPU,GPU board NVML,5,256000000,gpu_resident,-1,0.002410639353012,0.2035204819277108,0.2035204819277108,84.4275433478858,0.0004906144828789072,106.19589308543313,1.2578586517445924,424.78357566035413,5.031434646286454,55.0,2790.0,1024000004.0,0.249999998046875,bytes_per_j_opt,logical_gb_per_j,clear_leader
AMD,AMD CPU,CPU,CPU package RAPL,1,1000000,8T,8,2.8746650251946864e-05,0.0029277034470911,0.0029277034470911,101.74146675588744,8.416166703494708e-08,34.7866270064727,0.34156430733911125,139.14678631918514,1.3662599618736362,53.0,2123.0,4000004.0,0.2499995000005,runtime_opt,runtime_s,tie_or_uncertain
AMD,AMD CPU,CPU,CPU package RAPL,2,1000000,8T,8,2.814334881876381e-05,0.0029015266273865,0.0029015266273865,103.0108845205053,8.16586759814696e-08,35.53233861541303,0.34464581181553094,142.1296387206453,1.3785860044313756,55.5,2102.0,4000004.0,0.2499995000005,runtime_opt,runtime_s,tie_or_uncertain
AMD,AMD CPU,CPU,CPU package RAPL,3,1000000,8T,8,2.8716330495400264e-05,0.0029670630821095,0.0029670630821095,103.33485320286746,8.520316406655733e-08,34.823356005050094,0.33703327914721254,139.29370260732702,1.3481358128577798,56.0,2137.0,4000004.0,0.2499995000005,runtime_opt,runtime_s,tie_or_uncertain
AMD,AMD CPU,CPU,CPU package RAPL,4,1000000,8T,8,2.7954114315563743e-05,0.0028989126000054,0.0028989126000054,103.5323184676756,8.103653421137906e-08,35.77287367116618,0.34495658820418984,143.09178086794032,1.3798291124722244,55.0,2147.0,4000004.0,0.2499995000005,runtime_opt,runtime_s,tie_or_uncertain
AMD,AMD CPU,CPU,CPU package RAPL,5,1000000,8T,8,2.767271129141312e-05,0.0028555529546991,0.0028555529546991,103.17418411513056,7.902089249272989e-08,36.136647019126784,0.35019452129381834,144.5468771699724,1.4007808867342455,54.0,2146.5,4000004.0,0.2499995000005,runtime_opt,runtime_s,tie_or_uncertain
AMD,AMD CPU,CPU,CPU package RAPL,1,1000000,8T,8,2.8746650251946864e-05,0.0029277034470911,0.0029277034470911,101.74146675588744,8.416166703494708e-08,34.7866270064727,0.34156430733911125,139.14678631918514,1.3662599618736362,53.0,2123.0,4000004.0,0.2499995000005,energy_opt,energy_j,tie_or_uncertain
AMD,AMD CPU,CPU,CPU package RAPL,2,1000000,8T,8,2.814334881876381e-05,0.0029015266273865,0.0029015266273865,103.0108845205053,8.16586759814696e-08,35.53233861541303,0.34464581181553094,142.1296387206453,1.3785860044313756,55.5,2102.0,4000004.0,0.2499995000005,energy_opt,energy_j,tie_or_uncertain
AMD,AMD CPU,CPU,CPU package RAPL,3,1000000,8T,8,2.8716330495400264e-05,0.0029670630821095,0.0029670630821095,103.33485320286746,8.520316406655733e-08,34.823356005050094,0.33703327914721254,139.29370260732702,1.3481358128577798,56.0,2137.0,4000004.0,0.2499995000005,energy_opt,energy_j,tie_or_uncertain
AMD,AMD CPU,CPU,CPU package RAPL,4,1000000,8T,8,2.7954114315563743e-05,0.0028989126000054,0.0028989126000054,103.5323184676756,8.103653421137906e-08,35.77287367116618,0.34495658820418984,143.09178086794032,1.3798291124722244,55.0,2147.0,4000004.0,0.2499995000005,energy_opt,energy_j,tie_or_uncertain
AMD,AMD CPU,CPU,CPU package RAPL,5,1000000,8T,8,2.767271129141312e-05,0.0028555529546991,0.0028555529546991,103.17418411513056,7.902089249272989e-08,36.136647019126784,0.35019452129381834,144.5468771699724,1.4007808867342455,54.0,2146.5,4000004.0,0.2499995000005,energy_opt,energy_j,tie_or_uncertain
AMD,AMD CPU,CPU,CPU package RAPL,1,1000000,8T,8,2.8746650251946864e-05,0.0029277034470911,0.0029277034470911,101.74146675588744,8.416166703494708e-08,34.7866270064727,0.34156430733911125,139.14678631918514,1.3662599618736362,53.0,2123.0,4000004.0,0.2499995000005,edp_opt,edp_j_s,tie_or_uncertain
AMD,AMD CPU,CPU,CPU package RAPL,2,1000000,8T,8,2.814334881876381e-05,0.0029015266273865,0.0029015266273865,103.0108845205053,8.16586759814696e-08,35.53233861541303,0.34464581181553094,142.1296387206453,1.3785860044313756,55.5,2102.0,4000004.0,0.2499995000005,edp_opt,edp_j_s,tie_or_uncertain
AMD,AMD CPU,CPU,CPU package RAPL,3,1000000,8T,8,2.8716330495400264e-05,0.0029670630821095,0.0029670630821095,103.33485320286746,8.520316406655733e-08,34.823356005050094,0.33703327914721254,139.29370260732702,1.3481358128577798,56.0,2137.0,4000004.0,0.2499995000005,edp_opt,edp_j_s,tie_or_uncertain
AMD,AMD CPU,CPU,CPU package RAPL,4,1000000,8T,8,2.7954114315563743e-05,0.0028989126000054,0.0028989126000054,103.5323184676756,8.103653421137906e-08,35.77287367116618,0.34495658820418984,143.09178086794032,1.3798291124722244,55.0,2147.0,4000004.0,0.2499995000005,edp_opt,edp_j_s,tie_or_uncertain
AMD,AMD CPU,CPU,CPU package RAPL,5,1000000,8T,8,2.767271129141312e-05,0.0028555529546991,0.0028555529546991,103.17418411513056,7.902089249272989e-08,36.136647019126784,0.35019452129381834,144.5468771699724,1.4007808867342455,54.0,2146.5,4000004.0,0.2499995000005,edp_opt,edp_j_s,tie_or_uncertain
AMD,AMD CPU,CPU,CPU package RAPL,1,1000000,8T,8,2.8746650251946864e-05,0.0029277034470911,0.0029277034470911,101.74146675588744,8.416166703494708e-08,34.7866270064727,0.34156430733911125,139.14678631918514,1.3662599618736362,53.0,2123.0,4000004.0,0.2499995000005,bandwidth_opt,logical_bandwidth_gb_s,tie_or_uncertain
AMD,AMD CPU,CPU,CPU package RAPL,2,1000000,8T,8,2.814334881876381e-05,0.0029015266273865,0.0029015266273865,103.0108845205053,8.16586759814696e-08,35.53233861541303,0.34464581181553094,142.1296387206453,1.3785860044313756,55.5,2102.0,4000004.0,0.2499995000005,bandwidth_opt,logical_bandwidth_gb_s,tie_or_uncertain
AMD,AMD CPU,CPU,CPU package RAPL,3,1000000,8T,8,2.8716330495400264e-05,0.0029670630821095,0.0029670630821095,103.33485320286746,8.520316406655733e-08,34.823356005050094,0.33703327914721254,139.29370260732702,1.3481358128577798,56.0,2137.0,4000004.0,0.2499995000005,bandwidth_opt,logical_bandwidth_gb_s,tie_or_uncertain
AMD,AMD CPU,CPU,CPU package RAPL,4,1000000,8T,8,2.7954114315563743e-05,0.0028989126000054,0.0028989126000054,103.5323184676756,8.103653421137906e-08,35.77287367116618,0.34495658820418984,143.09178086794032,1.3798291124722244,55.0,2147.0,4000004.0,0.2499995000005,bandwidth_opt,logical_bandwidth_gb_s,tie_or_uncertain
AMD,AMD CPU,CPU,CPU package RAPL,5,1000000,8T,8,2.767271129141312e-05,0.0028555529546991,0.0028555529546991,103.17418411513056,7.902089249272989e-08,36.136647019126784,0.35019452129381834,144.5468771699724,1.4007808867342455,54.0,2146.5,4000004.0,0.2499995000005,bandwidth_opt,logical_bandwidth_gb_s,tie_or_uncertain
AMD,AMD CPU,CPU,CPU package RAPL,1,1000000,8T,8,2.8746650251946864e-05,0.0029277034470911,0.0029277034470911,101.74146675588744,8.416166703494708e-08,34.7866270064727,0.34156430733911125,139.14678631918514,1.3662599618736362,53.0,2123.0,4000004.0,0.2499995000005,bytes_per_j_opt,logical_gb_per_j,tie_or_uncertain
AMD,AMD CPU,CPU,CPU package RAPL,2,1000000,8T,8,2.814334881876381e-05,0.0029015266273865,0.0029015266273865,103.0108845205053,8.16586759814696e-08,35.53233861541303,0.34464581181553094,142.1296387206453,1.3785860044313756,55.5,2102.0,4000004.0,0.2499995000005,bytes_per_j_opt,logical_gb_per_j,tie_or_uncertain
AMD,AMD CPU,CPU,CPU package RAPL,3,1000000,8T,8,2.8716330495400264e-05,0.0029670630821095,0.0029670630821095,103.33485320286746,8.520316406655733e-08,34.823356005050094,0.33703327914721254,139.29370260732702,1.3481358128577798,56.0,2137.0,4000004.0,0.2499995000005,bytes_per_j_opt,logical_gb_per_j,tie_or_uncertain
AMD,AMD CPU,CPU,CPU package RAPL,4,1000000,8T,8,2.7954114315563743e-05,0.0028989126000054,0.0028989126000054,103.5323184676756,8.103653421137906e-08,35.77287367116618,0.34495658820418984,143.09178086794032,1.3798291124722244,55.0,2147.0,4000004.0,0.2499995000005,bytes_per_j_opt,logical_gb_per_j,tie_or_uncertain
AMD,AMD CPU,CPU,CPU package RAPL,5,1000000,8T,8,2.767271129141312e-05,0.0028555529546991,0.0028555529546991,103.17418411513056,7.902089249272989e-08,36.136647019126784,0.35019452129381834,144.5468771699724,1.4007808867342455,54.0,2146.5,4000004.0,0.2499995000005,bytes_per_j_opt,logical_gb_per_j,tie_or_uncertain
AMD,AMD CPU,CPU,CPU package RAPL,1,2000000,10T,10,3.794185030395136e-05,0.0045485196428571,0.0045485196428571,119.884038220896,1.725792513938664e-07,52.712215771715144,0.4397032786569926,210.84907393582907,1.7588148734419646,54.0,2234.5,8000004.0,0.249999750000125,runtime_opt,runtime_s,tie_or_uncertain
AMD,AMD CPU,CPU,CPU package RAPL,2,2000000,10T,10,3.795804026645826e-05,0.0045667839678463,0.0045667839678463,120.2899965344707,1.7334616973972586e-07,52.689732819723716,0.4379447361822989,210.75914203793153,1.7517806965090161,56.0,2203.5,8000004.0,0.249999750000125,runtime_opt,runtime_s,tie_or_uncertain
AMD,AMD CPU,CPU,CPU package RAPL,3,2000000,10T,10,3.809795377036756e-05,0.0046069122773777,0.0046069122773777,120.66853842124355,1.7551393096767434e-07,52.49623147885678,0.4341300375570466,209.98513590045803,1.736521886749205,59.0,2174.0,8000004.0,0.249999750000125,runtime_opt,runtime_s,tie_or_uncertain
AMD,AMD CPU,CPU,CPU package RAPL,4,2000000,10T,10,3.758046787968808e-05,0.0045264165800222,0.0045264165800222,120.52464324816432,1.7010485289561184e-07,53.21910856466432,0.44185040520291463,212.87664713519794,1.767403388214163,56.0,2178.5,8000004.0,0.249999750000125,runtime_opt,runtime_s,tie_or_uncertain
AMD,AMD CPU,CPU,CPU package RAPL,5,2000000,10T,10,3.834281822309672e-05,0.004612781557439,0.004612781557439,120.45808021090166,1.7686704475973656e-07,52.16098066561139,0.43357765268000076,208.64413130647253,1.734312345031481,57.0,2227.0,8000004.0,0.249999750000125,runtime_opt,runtime_s,tie_or_uncertain
AMD,AMD CPU,CPU,CPU package RAPL,1,2000000,8T,8,4.016859298499077e-05,0.0045565422586082,0.0045565422586082,113.37944060913722,1.8302989140494334e-07,49.79011838296929,0.4389291016058527,199.16067269245025,1.7557181621406948,57.0,2142.0,8000004.0,0.249999750000125,energy_opt,energy_j,tie_or_uncertain
AMD,AMD CPU,CPU,CPU package RAPL,2,2000000,8T,8,3.945140072116337e-05,0.0044930106193287,0.0044930106193287,113.88647268130296,1.7725556238757894e-07,50.695259571027535,0.44513560493182625,202.78124106524982,1.7805442002706149,57.0,2120.5,8000004.0,0.249999750000125,energy_opt,energy_j,tie_or_uncertain
AMD,AMD CPU,CPU,CPU package RAPL,3,2000000,8T,8,3.992728712871288e-05,0.0045390087524752,0.0045390087524752,113.74271103107849,1.8123030573981817e-07,50.091031568276584,0.4406246185159625,200.36432663733277,1.7625002365632054,58.0,2083.0,8000004.0,0.249999750000125,energy_opt,energy_j,tie_or_uncertain
AMD,AMD CPU,CPU,CPU package RAPL,4,2000000,8T,8,4.003472277464004e-05,0.0045370924150823,0.0045370924150823,113.39338749105872,1.8164123704074193e-07,49.95660919792599,0.4408107256866888,199.82663661824068,1.7632446659905396,57.0,2102.0,8000004.0,0.249999750000125,energy_opt,energy_j,tie_or_uncertain
AMD,AMD CPU,CPU,CPU package RAPL,5,2000000,8T,8,3.921111111111111e-05,0.0044702567076742,0.0044702567076742,114.11807528638772,1.752837324598028e-07,51.00592519127232,0.4474013755332109,204.02390478889203,1.7896072917392407,57.0,2115.0,8000004.0,0.249999750000125,energy_opt,energy_j,tie_or_uncertain
AMD,AMD CPU,CPU,CPU package RAPL,1,2000000,10T,10,3.794185030395136e-05,0.0045485196428571,0.0045485196428571,119.884038220896,1.725792513938664e-07,52.712215771715144,0.4397032786569926,210.84907393582907,1.7588148734419646,54.0,2234.5,8000004.0,0.249999750000125,edp_opt,edp_j_s,tie_or_uncertain
AMD,AMD CPU,CPU,CPU package RAPL,2,2000000,10T,10,3.795804026645826e-05,0.0045667839678463,0.0045667839678463,120.2899965344707,1.7334616973972586e-07,52.689732819723716,0.4379447361822989,210.75914203793153,1.7517806965090161,56.0,2203.5,8000004.0,0.249999750000125,edp_opt,edp_j_s,tie_or_uncertain
AMD,AMD CPU,CPU,CPU package RAPL,3,2000000,10T,10,3.809795377036756e-05,0.0046069122773777,0.0046069122773777,120.66853842124355,1.7551393096767434e-07,52.49623147885678,0.4341300375570466,209.98513590045803,1.736521886749205,59.0,2174.0,8000004.0,0.249999750000125,edp_opt,edp_j_s,tie_or_uncertain
AMD,AMD CPU,CPU,CPU package RAPL,4,2000000,10T,10,3.758046787968808e-05,0.0045264165800222,0.0045264165800222,120.52464324816432,1.7010485289561184e-07,53.21910856466432,0.44185040520291463,212.87664713519794,1.767403388214163,56.0,2178.5,8000004.0,0.249999750000125,edp_opt,edp_j_s,tie_or_uncertain
AMD,AMD CPU,CPU,CPU package RAPL,5,2000000,10T,10,3.834281822309672e-05,0.004612781557439,0.004612781557439,120.45808021090166,1.7686704475973656e-07,52.16098066561139,0.43357765268000076,208.64413130647253,1.734312345031481,57.0,2227.0,8000004.0,0.249999750000125,edp_opt,edp_j_s,tie_or_uncertain
AMD,AMD CPU,CPU,CPU package RAPL,1,2000000,10T,10,3.794185030395136e-05,0.0045485196428571,0.0045485196428571,119.884038220896,1.725792513938664e-07,52.712215771715144,0.4397032786569926,210.84907393582907,1.7588148734419646,54.0,2234.5,8000004.0,0.249999750000125,bandwidth_opt,logical_bandwidth_gb_s,tie_or_uncertain
AMD,AMD CPU,CPU,CPU package RAPL,2,2000000,10T,10,3.795804026645826e-05,0.0045667839678463,0.0045667839678463,120.2899965344707,1.7334616973972586e-07,52.689732819723716,0.4379447361822989,210.75914203793153,1.7517806965090161,56.0,2203.5,8000004.0,0.249999750000125,bandwidth_opt,logical_bandwidth_gb_s,tie_or_uncertain
AMD,AMD CPU,CPU,CPU package RAPL,3,2000000,10T,10,3.809795377036756e-05,0.0046069122773777,0.0046069122773777,120.66853842124355,1.7551393096767434e-07,52.49623147885678,0.4341300375570466,209.98513590045803,1.736521886749205,59.0,2174.0,8000004.0,0.249999750000125,bandwidth_opt,logical_bandwidth_gb_s,tie_or_uncertain
AMD,AMD CPU,CPU,CPU package RAPL,4,2000000,10T,10,3.758046787968808e-05,0.0045264165800222,0.0045264165800222,120.52464324816432,1.7010485289561184e-07,53.21910856466432,0.44185040520291463,212.87664713519794,1.767403388214163,56.0,2178.5,8000004.0,0.249999750000125,bandwidth_opt,logical_bandwidth_gb_s,tie_or_uncertain
AMD,AMD CPU,CPU,CPU package RAPL,5,2000000,10T,10,3.834281822309672e-05,0.004612781557439,0.004612781557439,120.45808021090166,1.7686704475973656e-07,52.16098066561139,0.43357765268000076,208.64413130647253,1.734312345031481,57.0,2227.0,8000004.0,0.249999750000125,bandwidth_opt,logical_bandwidth_gb_s,tie_or_uncertain
AMD,AMD CPU,CPU,CPU package RAPL,1,2000000,8T,8,4.016859298499077e-05,0.0045565422586082,0.0045565422586082,113.37944060913722,1.8302989140494334e-07,49.79011838296929,0.4389291016058527,199.16067269245025,1.7557181621406948,57.0,2142.0,8000004.0,0.249999750000125,bytes_per_j_opt,logical_gb_per_j,tie_or_uncertain
AMD,AMD CPU,CPU,CPU package RAPL,2,2000000,8T,8,3.945140072116337e-05,0.0044930106193287,0.0044930106193287,113.88647268130296,1.7725556238757894e-07,50.695259571027535,0.44513560493182625,202.78124106524982,1.7805442002706149,57.0,2120.5,8000004.0,0.249999750000125,bytes_per_j_opt,logical_gb_per_j,tie_or_uncertain
AMD,AMD CPU,CPU,CPU package RAPL,3,2000000,8T,8,3.992728712871288e-05,0.0045390087524752,0.0045390087524752,113.74271103107849,1.8123030573981817e-07,50.091031568276584,0.4406246185159625,200.36432663733277,1.7625002365632054,58.0,2083.0,8000004.0,0.249999750000125,bytes_per_j_opt,logical_gb_per_j,tie_or_uncertain
AMD,AMD CPU,CPU,CPU package RAPL,4,2000000,8T,8,4.003472277464004e-05,0.0045370924150823,0.0045370924150823,113.39338749105872,1.8164123704074193e-07,49.95660919792599,0.4408107256866888,199.82663661824068,1.7632446659905396,57.0,2102.0,8000004.0,0.249999750000125,bytes_per_j_opt,logical_gb_per_j,tie_or_uncertain
AMD,AMD CPU,CPU,CPU package RAPL,5,2000000,8T,8,3.921111111111111e-05,0.0044702567076742,0.0044702567076742,114.11807528638772,1.752837324598028e-07,51.00592519127232,0.4474013755332109,204.02390478889203,1.7896072917392407,57.0,2115.0,8000004.0,0.249999750000125,bytes_per_j_opt,logical_gb_per_j,tie_or_uncertain
AMD,AMD CPU,CPU,CPU package RAPL,1,4000000,64T,64,0.0001141278775195,0.018351243143518,0.018351243143518,160.890072276838,2.0943884298139865e-06,35.04839559744337,0.2179688301613983,140.19365248658218,0.8718757565833626,53.5,4186.0,16000004.0,0.2499998750000312,runtime_opt,runtime_s,tie_or_uncertain
AMD,AMD CPU,CPU,CPU package RAPL,2,4000000,64T,64,1.0792997155417635e-05,0.0030709011533488,0.0030709011533488,284.272967436374,3.3144227412662334e-08,370.6105859568551,1.3025489262778858,1482.4430850487777,5.210198310210047,71.5,4072.5,16000004.0,0.2499998750000312,runtime_opt,runtime_s,tie_or_uncertain
AMD,AMD CPU,CPU,CPU package RAPL,3,4000000,64T,64,1.148150867823765e-05,0.0031944524596898,0.0031944524596898,278.229744470616,3.6677133638146044e-08,348.3861844377388,1.252170458153703,1393.545434523498,5.008684336956354,68.0,4099.5,16000004.0,0.2499998750000312,runtime_opt,runtime_s,tie_or_uncertain
AMD,AMD CPU,CPU,CPU package RAPL,4,4000000,64T,64,1.6054006703229737e-05,0.003917191179159,0.003917191179159,244.05461645607005,6.288661344805098e-08,249.15892175348864,1.0211395913688284,996.6361853319227,4.084560407755006,66.0,4119.5,16000004.0,0.2499998750000312,runtime_opt,runtime_s,tie_or_uncertain
AMD,AMD CPU,CPU,CPU package RAPL,5,4000000,64T,64,0.0001169610829103,0.0187505295544275,0.0187505295544275,160.2588876280845,2.193082241827425e-06,34.199401206533686,0.2133272550190719,136.79767322495425,0.8533094467309044,55.5,4176.0,16000004.0,0.2499998750000312,runtime_opt,runtime_s,tie_or_uncertain
AMD,AMD CPU,CPU,CPU package RAPL,1,4000000,64T,64,0.0001141278775195,0.018351243143518,0.018351243143518,160.890072276838,2.0943884298139865e-06,35.04839559744337,0.2179688301613983,140.19365248658218,0.8718757565833626,53.5,4186.0,16000004.0,0.2499998750000312,energy_opt,energy_j,tie_or_uncertain
AMD,AMD CPU,CPU,CPU package RAPL,2,4000000,64T,64,1.0792997155417635e-05,0.0030709011533488,0.0030709011533488,284.272967436374,3.3144227412662334e-08,370.6105859568551,1.3025489262778858,1482.4430850487777,5.210198310210047,71.5,4072.5,16000004.0,0.2499998750000312,energy_opt,energy_j,tie_or_uncertain
AMD,AMD CPU,CPU,CPU package RAPL,3,4000000,64T,64,1.148150867823765e-05,0.0031944524596898,0.0031944524596898,278.229744470616,3.6677133638146044e-08,348.3861844377388,1.252170458153703,1393.545434523498,5.008684336956354,68.0,4099.5,16000004.0,0.2499998750000312,energy_opt,energy_j,tie_or_uncertain
AMD,AMD CPU,CPU,CPU package RAPL,4,4000000,64T,64,1.6054006703229737e-05,0.003917191179159,0.003917191179159,244.05461645607005,6.288661344805098e-08,249.15892175348864,1.0211395913688284,996.6361853319227,4.084560407755006,66.0,4119.5,16000004.0,0.2499998750000312,energy_opt,energy_j,tie_or_uncertain
AMD,AMD CPU,CPU,CPU package RAPL,5,4000000,64T,64,0.0001169610829103,0.0187505295544275,0.0187505295544275,160.2588876280845,2.193082241827425e-06,34.199401206533686,0.2133272550190719,136.79767322495425,0.8533094467309044,55.5,4176.0,16000004.0,0.2499998750000312,energy_opt,energy_j,tie_or_uncertain
AMD,AMD CPU,CPU,CPU package RAPL,1,4000000,64T,64,0.0001141278775195,0.018351243143518,0.018351243143518,160.890072276838,2.0943884298139865e-06,35.04839559744337,0.2179688301613983,140.19365248658218,0.8718757565833626,53.5,4186.0,16000004.0,0.2499998750000312,edp_opt,edp_j_s,tie_or_uncertain
AMD,AMD CPU,CPU,CPU package RAPL,2,4000000,64T,64,1.0792997155417635e-05,0.0030709011533488,0.0030709011533488,284.272967436374,3.3144227412662334e-08,370.6105859568551,1.3025489262778858,1482.4430850487777,5.210198310210047,71.5,4072.5,16000004.0,0.2499998750000312,edp_opt,edp_j_s,tie_or_uncertain
AMD,AMD CPU,CPU,CPU package RAPL,3,4000000,64T,64,1.148150867823765e-05,0.0031944524596898,0.0031944524596898,278.229744470616,3.6677133638146044e-08,348.3861844377388,1.252170458153703,1393.545434523498,5.008684336956354,68.0,4099.5,16000004.0,0.2499998750000312,edp_opt,edp_j_s,tie_or_uncertain
AMD,AMD CPU,CPU,CPU package RAPL,4,4000000,64T,64,1.6054006703229737e-05,0.003917191179159,0.003917191179159,244.05461645607005,6.288661344805098e-08,249.15892175348864,1.0211395913688284,996.6361853319227,4.084560407755006,66.0,4119.5,16000004.0,0.2499998750000312,edp_opt,edp_j_s,tie_or_uncertain
AMD,AMD CPU,CPU,CPU package RAPL,5,4000000,64T,64,0.0001169610829103,0.0187505295544275,0.0187505295544275,160.2588876280845,2.193082241827425e-06,34.199401206533686,0.2133272550190719,136.79767322495425,0.8533094467309044,55.5,4176.0,16000004.0,0.2499998750000312,edp_opt,edp_j_s,tie_or_uncertain
AMD,AMD CPU,CPU,CPU package RAPL,1,4000000,64T,64,0.0001141278775195,0.018351243143518,0.018351243143518,160.890072276838,2.0943884298139865e-06,35.04839559744337,0.2179688301613983,140.19365248658218,0.8718757565833626,53.5,4186.0,16000004.0,0.2499998750000312,bandwidth_opt,logical_bandwidth_gb_s,tie_or_uncertain
AMD,AMD CPU,CPU,CPU package RAPL,2,4000000,64T,64,1.0792997155417635e-05,0.0030709011533488,0.0030709011533488,284.272967436374,3.3144227412662334e-08,370.6105859568551,1.3025489262778858,1482.4430850487777,5.210198310210047,71.5,4072.5,16000004.0,0.2499998750000312,bandwidth_opt,logical_bandwidth_gb_s,tie_or_uncertain
AMD,AMD CPU,CPU,CPU package RAPL,3,4000000,64T,64,1.148150867823765e-05,0.0031944524596898,0.0031944524596898,278.229744470616,3.6677133638146044e-08,348.3861844377388,1.252170458153703,1393.545434523498,5.008684336956354,68.0,4099.5,16000004.0,0.2499998750000312,bandwidth_opt,logical_bandwidth_gb_s,tie_or_uncertain
AMD,AMD CPU,CPU,CPU package RAPL,4,4000000,64T,64,1.6054006703229737e-05,0.003917191179159,0.003917191179159,244.05461645607005,6.288661344805098e-08,249.15892175348864,1.0211395913688284,996.6361853319227,4.084560407755006,66.0,4119.5,16000004.0,0.2499998750000312,bandwidth_opt,logical_bandwidth_gb_s,tie_or_uncertain
AMD,AMD CPU,CPU,CPU package RAPL,5,4000000,64T,64,0.0001169610829103,0.0187505295544275,0.0187505295544275,160.2588876280845,2.193082241827425e-06,34.199401206533686,0.2133272550190719,136.79767322495425,0.8533094467309044,55.5,4176.0,16000004.0,0.2499998750000312,bandwidth_opt,logical_bandwidth_gb_s,tie_or_uncertain
AMD,AMD CPU,CPU,CPU package RAPL,1,4000000,64T,64,0.0001141278775195,0.018351243143518,0.018351243143518,160.890072276838,2.0943884298139865e-06,35.04839559744337,0.2179688301613983,140.19365248658218,0.8718757565833626,53.5,4186.0,16000004.0,0.2499998750000312,bytes_per_j_opt,logical_gb_per_j,tie_or_uncertain
AMD,AMD CPU,CPU,CPU package RAPL,2,4000000,64T,64,1.0792997155417635e-05,0.0030709011533488,0.0030709011533488,284.272967436374,3.3144227412662334e-08,370.6105859568551,1.3025489262778858,1482.4430850487777,5.210198310210047,71.5,4072.5,16000004.0,0.2499998750000312,bytes_per_j_opt,logical_gb_per_j,tie_or_uncertain
AMD,AMD CPU,CPU,CPU package RAPL,3,4000000,64T,64,1.148150867823765e-05,0.0031944524596898,0.0031944524596898,278.229744470616,3.6677133638146044e-08,348.3861844377388,1.252170458153703,1393.545434523498,5.008684336956354,68.0,4099.5,16000004.0,0.2499998750000312,bytes_per_j_opt,logical_gb_per_j,tie_or_uncertain
AMD,AMD CPU,CPU,CPU package RAPL,4,4000000,64T,64,1.6054006703229737e-05,0.003917191179159,0.003917191179159,244.05461645607005,6.288661344805098e-08,249.15892175348864,1.0211395913688284,996.6361853319227,4.084560407755006,66.0,4119.5,16000004.0,0.2499998750000312,bytes_per_j_opt,logical_gb_per_j,tie_or_uncertain
AMD,AMD CPU,CPU,CPU package RAPL,5,4000000,64T,64,0.0001169610829103,0.0187505295544275,0.0187505295544275,160.2588876280845,2.193082241827425e-06,34.199401206533686,0.2133272550190719,136.79767322495425,0.8533094467309044,55.5,4176.0,16000004.0,0.2499998750000312,bytes_per_j_opt,logical_gb_per_j,tie_or_uncertain
AMD,AMD CPU,CPU,CPU package RAPL,1,8000000,20T,20,6.900023679047426e-05,0.0124156749543332,0.0124156749543332,180.27209084131368,8.566845117625515e-07,115.94161661057416,0.6443466850916484,463.76658238392776,2.577387384713359,63.0,2562.0,32000004.0,0.2499999375000078,runtime_opt,runtime_s,tie_or_uncertain
AMD,AMD CPU,CPU,CPU package RAPL,2,8000000,20T,20,7.02453548165924e-05,0.012561672883099,0.012561672883099,179.06566678143275,8.823991687632564e-07,113.88651991135434,0.6368577716080741,455.5461935319515,2.5474317232901473,63.0,2556.0,32000004.0,0.2499999375000078,runtime_opt,runtime_s,tie_or_uncertain
AMD,AMD CPU,CPU,CPU package RAPL,3,8000000,20T,20,4.0667469440621706e-05,0.0088768642839796,0.0088768642839796,218.2771324992845,3.6099960699728666e-07,196.71740361619362,0.9012190278089403,786.8698111822026,3.6048770124549017,73.0,2519.5,32000004.0,0.2499999375000078,runtime_opt,runtime_s,tie_or_uncertain
AMD,AMD CPU,CPU,CPU package RAPL,4,8000000,20T,20,6.938635129632144e-05,0.0124817435523279,0.0124817435523279,180.1485955487489,8.660626429124188e-07,115.29643583411952,0.6409360171887176,461.18585863292833,2.5637447096909676,63.5,2539.5,32000004.0,0.2499999375000078,runtime_opt,runtime_s,tie_or_uncertain
AMD,AMD CPU,CPU,CPU package RAPL,5,8000000,20T,20,7.062341507593702e-05,0.0126302947610422,0.0126302947610422,179.03231486852945,8.91994549440516e-07,113.27686421561592,0.633397648380763,453.10757013934204,2.5335912269207794,65.0,2555.5,32000004.0,0.2499999375000078,runtime_opt,runtime_s,tie_or_uncertain
AMD,AMD CPU,CPU,CPU package RAPL,1,8000000,16T,16,7.33196383363472e-05,0.0123757163471971,0.0123757163471971,168.91492986467634,9.073830467297112e-07,109.11127198010347,0.6464271461596541,436.44519703169954,2.5857092310658434,62.0,2396.0,32000004.0,0.2499999375000078,energy_opt,energy_j,tie_or_uncertain
AMD,AMD CPU,CPU,CPU package RAPL,2,8000000,16T,16,7.447721406975887e-05,0.0124610880097337,0.0124610880097337,167.4020164018161,9.280671192430422e-07,107.41539006154049,0.6419984349481346,429.66166766156545,2.567994381791053,63.0,2381.5,32000004.0,0.2499999375000078,energy_opt,energy_j,tie_or_uncertain
AMD,AMD CPU,CPU,CPU package RAPL,3,8000000,16T,16,7.30378000716589e-05,0.012314314116804,0.012314314116804,168.87293369495274,8.994104124827375e-07,109.53231055906714,0.6496503925527833,438.1293517685928,2.598602219861607,63.0,2441.0,32000004.0,0.2499999375000078,energy_opt,energy_j,tie_or_uncertain
AMD,AMD CPU,CPU,CPU package RAPL,4,8000000,16T,16,7.2305990881892e-05,0.0122729105641829,0.0122729105641829,169.69928452766618,8.874049593480849e-07,110.64088746211326,0.6518420352012579,442.5636604893542,2.6073687926471485,62.0,2420.5,32000004.0,0.2499999375000078,energy_opt,energy_j,tie_or_uncertain
AMD,AMD CPU,CPU,CPU package RAPL,5,8000000,16T,16,7.283971600688468e-05,0.0123170325229489,0.0123170325229489,168.77783832299312,8.971691510191602e-07,109.83017835000695,0.6495070127560781,439.32082323021984,2.5980287005314064,62.0,2428.0,32000004.0,0.2499999375000078,energy_opt,energy_j,tie_or_uncertain
AMD,AMD CPU,CPU,CPU package RAPL,1,8000000,20T,20,6.900023679047426e-05,0.0124156749543332,0.0124156749543332,180.27209084131368,8.566845117625515e-07,115.94161661057416,0.6443466850916484,463.76658238392776,2.577387384713359,63.0,2562.0,32000004.0,0.2499999375000078,edp_opt,edp_j_s,tie_or_uncertain
AMD,AMD CPU,CPU,CPU package RAPL,2,8000000,20T,20,7.02453548165924e-05,0.012561672883099,0.012561672883099,179.06566678143275,8.823991687632564e-07,113.88651991135434,0.6368577716080741,455.5461935319515,2.5474317232901473,63.0,2556.0,32000004.0,0.2499999375000078,edp_opt,edp_j_s,tie_or_uncertain
AMD,AMD CPU,CPU,CPU package RAPL,3,8000000,20T,20,4.0667469440621706e-05,0.0088768642839796,0.0088768642839796,218.2771324992845,3.6099960699728666e-07,196.71740361619362,0.9012190278089403,786.8698111822026,3.6048770124549017,73.0,2519.5,32000004.0,0.2499999375000078,edp_opt,edp_j_s,tie_or_uncertain
AMD,AMD CPU,CPU,CPU package RAPL,4,8000000,20T,20,6.938635129632144e-05,0.0124817435523279,0.0124817435523279,180.1485955487489,8.660626429124188e-07,115.29643583411952,0.6409360171887176,461.18585863292833,2.5637447096909676,63.5,2539.5,32000004.0,0.2499999375000078,edp_opt,edp_j_s,tie_or_uncertain
AMD,AMD CPU,CPU,CPU package RAPL,5,8000000,20T,20,7.062341507593702e-05,0.0126302947610422,0.0126302947610422,179.03231486852945,8.91994549440516e-07,113.27686421561592,0.633397648380763,453.10757013934204,2.5335912269207794,65.0,2555.5,32000004.0,0.2499999375000078,edp_opt,edp_j_s,tie_or_uncertain
AMD,AMD CPU,CPU,CPU package RAPL,1,8000000,20T,20,6.900023679047426e-05,0.0124156749543332,0.0124156749543332,180.27209084131368,8.566845117625515e-07,115.94161661057416,0.6443466850916484,463.76658238392776,2.577387384713359,63.0,2562.0,32000004.0,0.2499999375000078,bandwidth_opt,logical_bandwidth_gb_s,tie_or_uncertain
AMD,AMD CPU,CPU,CPU package RAPL,2,8000000,20T,20,7.02453548165924e-05,0.012561672883099,0.012561672883099,179.06566678143275,8.823991687632564e-07,113.88651991135434,0.6368577716080741,455.5461935319515,2.5474317232901473,63.0,2556.0,32000004.0,0.2499999375000078,bandwidth_opt,logical_bandwidth_gb_s,tie_or_uncertain
AMD,AMD CPU,CPU,CPU package RAPL,3,8000000,20T,20,4.0667469440621706e-05,0.0088768642839796,0.0088768642839796,218.2771324992845,3.6099960699728666e-07,196.71740361619362,0.9012190278089403,786.8698111822026,3.6048770124549017,73.0,2519.5,32000004.0,0.2499999375000078,bandwidth_opt,logical_bandwidth_gb_s,tie_or_uncertain
AMD,AMD CPU,CPU,CPU package RAPL,4,8000000,20T,20,6.938635129632144e-05,0.0124817435523279,0.0124817435523279,180.1485955487489,8.660626429124188e-07,115.29643583411952,0.6409360171887176,461.18585863292833,2.5637447096909676,63.5,2539.5,32000004.0,0.2499999375000078,bandwidth_opt,logical_bandwidth_gb_s,tie_or_uncertain
AMD,AMD CPU,CPU,CPU package RAPL,5,8000000,20T,20,7.062341507593702e-05,0.0126302947610422,0.0126302947610422,179.03231486852945,8.91994549440516e-07,113.27686421561592,0.633397648380763,453.10757013934204,2.5335912269207794,65.0,2555.5,32000004.0,0.2499999375000078,bandwidth_opt,logical_bandwidth_gb_s,tie_or_uncertain
AMD,AMD CPU,CPU,CPU package RAPL,1,8000000,16T,16,7.33196383363472e-05,0.0123757163471971,0.0123757163471971,168.91492986467634,9.073830467297112e-07,109.11127198010347,0.6464271461596541,436.44519703169954,2.5857092310658434,62.0,2396.0,32000004.0,0.2499999375000078,bytes_per_j_opt,logical_gb_per_j,tie_or_uncertain
AMD,AMD CPU,CPU,CPU package RAPL,2,8000000,16T,16,7.447721406975887e-05,0.0124610880097337,0.0124610880097337,167.4020164018161,9.280671192430422e-07,107.41539006154049,0.6419984349481346,429.66166766156545,2.567994381791053,63.0,2381.5,32000004.0,0.2499999375000078,bytes_per_j_opt,logical_gb_per_j,tie_or_uncertain
AMD,AMD CPU,CPU,CPU package RAPL,3,8000000,16T,16,7.30378000716589e-05,0.012314314116804,0.012314314116804,168.87293369495274,8.994104124827375e-07,109.53231055906714,0.6496503925527833,438.1293517685928,2.598602219861607,63.0,2441.0,32000004.0,0.2499999375000078,bytes_per_j_opt,logical_gb_per_j,tie_or_uncertain
AMD,AMD CPU,CPU,CPU package RAPL,4,8000000,16T,16,7.2305990881892e-05,0.0122729105641829,0.0122729105641829,169.69928452766618,8.874049593480849e-07,110.64088746211326,0.6518420352012579,442.5636604893542,2.6073687926471485,62.0,2420.5,32000004.0,0.2499999375000078,bytes_per_j_opt,logical_gb_per_j,tie_or_uncertain
AMD,AMD CPU,CPU,CPU package RAPL,5,8000000,16T,16,7.283971600688468e-05,0.0123170325229489,0.0123170325229489,168.77783832299312,8.971691510191602e-07,109.83017835000695,0.6495070127560781,439.32082323021984,2.5980287005314064,62.0,2428.0,32000004.0,0.2499999375000078,bytes_per_j_opt,logical_gb_per_j,tie_or_uncertain
AMD,AMD CPU,CPU,CPU package RAPL,1,16000000,32T,32,9.750555344598444e-05,0.0223592881146762,0.0223592881146762,229.17033915097284,2.180154762279725e-06,164.09320735627213,0.7155862439778622,656.3729114716974,2.8623453337045937,63.0,2964.0,64000004.0,0.2499999687500019,runtime_opt,runtime_s,tie_or_uncertain
AMD,AMD CPU,CPU,CPU package RAPL,2,16000000,32T,32,9.814874396135266e-05,0.0224576531884058,0.0224576531884058,228.79116810093865,2.2041904527616957e-06,163.01786812778988,0.7124519586160637,652.0715540200987,2.849808190690257,63.0,2975.5,64000004.0,0.2499999687500019,runtime_opt,runtime_s,tie_or_uncertain
AMD,AMD CPU,CPU,CPU package RAPL,3,16000000,32T,32,9.734232305936072e-05,0.0223734272260274,0.0223734272260274,230.04374871754032,2.1778813809810557e-06,164.3683702744897,0.7151340220861165,657.473563282149,2.8605364459114995,63.0,2942.0,64000004.0,0.2499999687500019,runtime_opt,runtime_s,tie_or_uncertain
AMD,AMD CPU,CPU,CPU package RAPL,4,16000000,32T,32,9.771859926683388e-05,0.0224865348736253,0.0224865348736253,230.0495461681904,2.197352690215476e-06,163.73545179776713,0.7115368859595426,654.9418890587995,2.846147899606635,64.0,2942.5,64000004.0,0.2499999687500019,runtime_opt,runtime_s,tie_or_uncertain
AMD,AMD CPU,CPU,CPU package RAPL,5,16000000,32T,32,9.739432867066325e-05,0.0223916994480921,0.0223916994480921,230.23114132364577,2.1808245355421906e-06,164.28060256058276,0.714550453711243,657.1224923826375,2.858202172120221,63.5,2944.5,64000004.0,0.2499999687500019,runtime_opt,runtime_s,tie_or_uncertain
AMD,AMD CPU,CPU,CPU package RAPL,1,16000000,16T,16,0.0001201861601884,0.022058575147232,0.022058575147232,183.83386398868424,2.6511354461730844e-06,133.12680074743142,0.7253414553390927,532.5072695531302,2.901366184027121,63.5,2430.5,64000004.0,0.2499999687500019,energy_opt,energy_j,tie_or_uncertain
AMD,AMD CPU,CPU,CPU package RAPL,2,16000000,16T,16,0.0001216294160495,0.0221680058273643,0.0221680058273643,182.21087327806,2.6962816037642327e-06,131.54711680510263,0.721760862235498,526.188532993973,2.8870438098224454,64.0,2425.5,64000004.0,0.2499999687500019,energy_opt,energy_j,tie_or_uncertain
AMD,AMD CPU,CPU,CPU package RAPL,3,16000000,16T,16,0.0001201863269185,0.0221553202066999,0.0221553202066999,183.92096786396365,2.6627665573464833e-06,133.12661606548488,0.7221741257055497,532.5065308252517,2.8886968639092845,65.5,2382.0,64000004.0,0.2499999687500019,energy_opt,energy_j,tie_or_uncertain
AMD,AMD CPU,CPU,CPU package RAPL,4,16000000,16T,16,0.0001200587054098,0.0219804673990077,0.0219804673990077,183.02017174190183,2.638946460227178e-06,133.2681286657783,0.7279189613921637,533.0725812971817,2.9116762095281588,64.0,2387.0,64000004.0,0.2499999687500019,energy_opt,energy_j,tie_or_uncertain
AMD,AMD CPU,CPU,CPU package RAPL,5,16000000,16T,16,0.0001202584256422,0.021988670398303,0.021988670398303,182.854602974077,2.644322884065166e-06,133.04680245527365,0.7276474070589923,532.1872763445,2.9105899920596956,65.0,2431.5,64000004.0,0.2499999687500019,energy_opt,energy_j,tie_or_uncertain
AMD,AMD CPU,CPU,CPU package RAPL,1,16000000,32T,32,9.750555344598444e-05,0.0223592881146762,0.0223592881146762,229.17033915097284,2.180154762279725e-06,164.09320735627213,0.7155862439778622,656.3729114716974,2.8623453337045937,63.0,2964.0,64000004.0,0.2499999687500019,edp_opt,edp_j_s,tie_or_uncertain
AMD,AMD CPU,CPU,CPU package RAPL,2,16000000,32T,32,9.814874396135266e-05,0.0224576531884058,0.0224576531884058,228.79116810093865,2.2041904527616957e-06,163.01786812778988,0.7124519586160637,652.0715540200987,2.849808190690257,63.0,2975.5,64000004.0,0.2499999687500019,edp_opt,edp_j_s,tie_or_uncertain
AMD,AMD CPU,CPU,CPU package RAPL,3,16000000,32T,32,9.734232305936072e-05,0.0223734272260274,0.0223734272260274,230.04374871754032,2.1778813809810557e-06,164.3683702744897,0.7151340220861165,657.473563282149,2.8605364459114995,63.0,2942.0,64000004.0,0.2499999687500019,edp_opt,edp_j_s,tie_or_uncertain
AMD,AMD CPU,CPU,CPU package RAPL,4,16000000,32T,32,9.771859926683388e-05,0.0224865348736253,0.0224865348736253,230.0495461681904,2.197352690215476e-06,163.73545179776713,0.7115368859595426,654.9418890587995,2.846147899606635,64.0,2942.5,64000004.0,0.2499999687500019,edp_opt,edp_j_s,tie_or_uncertain
AMD,AMD CPU,CPU,CPU package RAPL,5,16000000,32T,32,9.739432867066325e-05,0.0223916994480921,0.0223916994480921,230.23114132364577,2.1808245355421906e-06,164.28060256058276,0.714550453711243,657.1224923826375,2.858202172120221,63.5,2944.5,64000004.0,0.2499999687500019,edp_opt,edp_j_s,tie_or_uncertain
AMD,AMD CPU,CPU,CPU package RAPL,1,16000000,32T,32,9.750555344598444e-05,0.0223592881146762,0.0223592881146762,229.17033915097284,2.180154762279725e-06,164.09320735627213,0.7155862439778622,656.3729114716974,2.8623453337045937,63.0,2964.0,64000004.0,0.2499999687500019,bandwidth_opt,logical_bandwidth_gb_s,tie_or_uncertain
AMD,AMD CPU,CPU,CPU package RAPL,2,16000000,32T,32,9.814874396135266e-05,0.0224576531884058,0.0224576531884058,228.79116810093865,2.2041904527616957e-06,163.01786812778988,0.7124519586160637,652.0715540200987,2.849808190690257,63.0,2975.5,64000004.0,0.2499999687500019,bandwidth_opt,logical_bandwidth_gb_s,tie_or_uncertain
AMD,AMD CPU,CPU,CPU package RAPL,3,16000000,32T,32,9.734232305936072e-05,0.0223734272260274,0.0223734272260274,230.04374871754032,2.1778813809810557e-06,164.3683702744897,0.7151340220861165,657.473563282149,2.8605364459114995,63.0,2942.0,64000004.0,0.2499999687500019,bandwidth_opt,logical_bandwidth_gb_s,tie_or_uncertain
AMD,AMD CPU,CPU,CPU package RAPL,4,16000000,32T,32,9.771859926683388e-05,0.0224865348736253,0.0224865348736253,230.0495461681904,2.197352690215476e-06,163.73545179776713,0.7115368859595426,654.9418890587995,2.846147899606635,64.0,2942.5,64000004.0,0.2499999687500019,bandwidth_opt,logical_bandwidth_gb_s,tie_or_uncertain
AMD,AMD CPU,CPU,CPU package RAPL,5,16000000,32T,32,9.739432867066325e-05,0.0223916994480921,0.0223916994480921,230.23114132364577,2.1808245355421906e-06,164.28060256058276,0.714550453711243,657.1224923826375,2.858202172120221,63.5,2944.5,64000004.0,0.2499999687500019,bandwidth_opt,logical_bandwidth_gb_s,tie_or_uncertain
AMD,AMD CPU,CPU,CPU package RAPL,1,16000000,16T,16,0.0001201861601884,0.022058575147232,0.022058575147232,183.83386398868424,2.6511354461730844e-06,133.12680074743142,0.7253414553390927,532.5072695531302,2.901366184027121,63.5,2430.5,64000004.0,0.2499999687500019,bytes_per_j_opt,logical_gb_per_j,tie_or_uncertain
AMD,AMD CPU,CPU,CPU package RAPL,2,16000000,16T,16,0.0001216294160495,0.0221680058273643,0.0221680058273643,182.21087327806,2.6962816037642327e-06,131.54711680510263,0.721760862235498,526.188532993973,2.8870438098224454,64.0,2425.5,64000004.0,0.2499999687500019,bytes_per_j_opt,logical_gb_per_j,tie_or_uncertain
AMD,AMD CPU,CPU,CPU package RAPL,3,16000000,16T,16,0.0001201863269185,0.0221553202066999,0.0221553202066999,183.92096786396365,2.6627665573464833e-06,133.12661606548488,0.7221741257055497,532.5065308252517,2.8886968639092845,65.5,2382.0,64000004.0,0.2499999687500019,bytes_per_j_opt,logical_gb_per_j,tie_or_uncertain
AMD,AMD CPU,CPU,CPU package RAPL,4,16000000,16T,16,0.0001200587054098,0.0219804673990077,0.0219804673990077,183.02017174190183,2.638946460227178e-06,133.2681286657783,0.7279189613921637,533.0725812971817,2.9116762095281588,64.0,2387.0,64000004.0,0.2499999687500019,bytes_per_j_opt,logical_gb_per_j,tie_or_uncertain
AMD,AMD CPU,CPU,CPU package RAPL,5,16000000,16T,16,0.0001202584256422,0.021988670398303,0.021988670398303,182.854602974077,2.644322884065166e-06,133.04680245527365,0.7276474070589923,532.1872763445,2.9105899920596956,65.0,2431.5,64000004.0,0.2499999687500019,bytes_per_j_opt,logical_gb_per_j,tie_or_uncertain
AMD,AMD CPU,CPU,CPU package RAPL,1,32000000,32T,32,0.0005241095461658,0.0899027944705268,0.0899027944705268,171.45464023005258,4.7118912808985e-05,61.055936176130864,0.3559399814929078,244.223759968508,1.423760014956629,57.0,2976.5,128000004.0,0.2499999843750004,runtime_opt,runtime_s,tie_or_uncertain
AMD,AMD CPU,CPU,CPU package RAPL,2,32000000,32T,32,0.0005333892724375,0.0913787684545937,0.0913787684545937,171.3972062534755,4.874045482223051e-05,59.993705635970784,0.3501907449748665,239.97483754231004,1.4007630674471552,57.0,2962.5,128000004.0,0.2499999843750004,runtime_opt,runtime_s,tie_or_uncertain
AMD,AMD CPU,CPU,CPU package RAPL,3,32000000,32T,32,0.0005105318987341,0.0878013460759493,0.0878013460759493,171.83058847367823,4.482538792356422e-05,62.679724967913394,0.36445909351229744,250.7189155415853,1.4578364651639661,56.0,2971.5,128000004.0,0.2499999843750004,runtime_opt,runtime_s,tie_or_uncertain
AMD,AMD CPU,CPU,CPU package RAPL,4,32000000,32T,32,0.0005218372995344,0.0890793455768236,0.0890793455768236,170.73691045946322,4.648492514010123e-05,61.32179326497248,0.35923028837703613,245.2871883903387,1.4369212433157197,55.0,2977.5,128000004.0,0.2499999843750004,runtime_opt,runtime_s,tie_or_uncertain
AMD,AMD CPU,CPU,CPU package RAPL,5,32000000,32T,32,0.0005562619444444,0.0942032391666666,0.0942032391666666,169.3545881433466,5.2401676991810825e-05,57.526852806660926,0.3396910688324087,230.10742560835737,1.3587643602524044,58.0,2980.0,128000004.0,0.2499999843750004,runtime_opt,runtime_s,tie_or_uncertain
AMD,AMD CPU,CPU,CPU package RAPL,1,32000000,32T,32,0.0005241095461658,0.0899027944705268,0.0899027944705268,171.45464023005258,4.7118912808985e-05,61.055936176130864,0.3559399814929078,244.223759968508,1.423760014956629,57.0,2976.5,128000004.0,0.2499999843750004,energy_opt,energy_j,tie_or_uncertain
AMD,AMD CPU,CPU,CPU package RAPL,2,32000000,32T,32,0.0005333892724375,0.0913787684545937,0.0913787684545937,171.3972062534755,4.874045482223051e-05,59.993705635970784,0.3501907449748665,239.97483754231004,1.4007630674471552,57.0,2962.5,128000004.0,0.2499999843750004,energy_opt,energy_j,tie_or_uncertain
AMD,AMD CPU,CPU,CPU package RAPL,3,32000000,32T,32,0.0005105318987341,0.0878013460759493,0.0878013460759493,171.83058847367823,4.482538792356422e-05,62.679724967913394,0.36445909351229744,250.7189155415853,1.4578364651639661,56.0,2971.5,128000004.0,0.2499999843750004,energy_opt,energy_j,tie_or_uncertain
AMD,AMD CPU,CPU,CPU package RAPL,4,32000000,32T,32,0.0005218372995344,0.0890793455768236,0.0890793455768236,170.73691045946322,4.648492514010123e-05,61.32179326497248,0.35923028837703613,245.2871883903387,1.4369212433157197,55.0,2977.5,128000004.0,0.2499999843750004,energy_opt,energy_j,tie_or_uncertain
AMD,AMD CPU,CPU,CPU package RAPL,5,32000000,32T,32,0.0005562619444444,0.0942032391666666,0.0942032391666666,169.3545881433466,5.2401676991810825e-05,57.526852806660926,0.3396910688324087,230.10742560835737,1.3587643602524044,58.0,2980.0,128000004.0,0.2499999843750004,energy_opt,energy_j,tie_or_uncertain
AMD,AMD CPU,CPU,CPU package RAPL,1,32000000,32T,32,0.0005241095461658,0.0899027944705268,0.0899027944705268,171.45464023005258,4.7118912808985e-05,61.055936176130864,0.3559399814929078,244.223759968508,1.423760014956629,57.0,2976.5,128000004.0,0.2499999843750004,edp_opt,edp_j_s,tie_or_uncertain
AMD,AMD CPU,CPU,CPU package RAPL,2,32000000,32T,32,0.0005333892724375,0.0913787684545937,0.0913787684545937,171.3972062534755,4.874045482223051e-05,59.993705635970784,0.3501907449748665,239.97483754231004,1.4007630674471552,57.0,2962.5,128000004.0,0.2499999843750004,edp_opt,edp_j_s,tie_or_uncertain
AMD,AMD CPU,CPU,CPU package RAPL,3,32000000,32T,32,0.0005105318987341,0.0878013460759493,0.0878013460759493,171.83058847367823,4.482538792356422e-05,62.679724967913394,0.36445909351229744,250.7189155415853,1.4578364651639661,56.0,2971.5,128000004.0,0.2499999843750004,edp_opt,edp_j_s,tie_or_uncertain
AMD,AMD CPU,CPU,CPU package RAPL,4,32000000,32T,32,0.0005218372995344,0.0890793455768236,0.0890793455768236,170.73691045946322,4.648492514010123e-05,61.32179326497248,0.35923028837703613,245.2871883903387,1.4369212433157197,55.0,2977.5,128000004.0,0.2499999843750004,edp_opt,edp_j_s,tie_or_uncertain
AMD,AMD CPU,CPU,CPU package RAPL,5,32000000,32T,32,0.0005562619444444,0.0942032391666666,0.0942032391666666,169.3545881433466,5.2401676991810825e-05,57.526852806660926,0.3396910688324087,230.10742560835737,1.3587643602524044,58.0,2980.0,128000004.0,0.2499999843750004,edp_opt,edp_j_s,tie_or_uncertain
AMD,AMD CPU,CPU,CPU package RAPL,1,32000000,32T,32,0.0005241095461658,0.0899027944705268,0.0899027944705268,171.45464023005258,4.7118912808985e-05,61.055936176130864,0.3559399814929078,244.223759968508,1.423760014956629,57.0,2976.5,128000004.0,0.2499999843750004,bandwidth_opt,logical_bandwidth_gb_s,tie_or_uncertain
AMD,AMD CPU,CPU,CPU package RAPL,2,32000000,32T,32,0.0005333892724375,0.0913787684545937,0.0913787684545937,171.3972062534755,4.874045482223051e-05,59.993705635970784,0.3501907449748665,239.97483754231004,1.4007630674471552,57.0,2962.5,128000004.0,0.2499999843750004,bandwidth_opt,logical_bandwidth_gb_s,tie_or_uncertain
AMD,AMD CPU,CPU,CPU package RAPL,3,32000000,32T,32,0.0005105318987341,0.0878013460759493,0.0878013460759493,171.83058847367823,4.482538792356422e-05,62.679724967913394,0.36445909351229744,250.7189155415853,1.4578364651639661,56.0,2971.5,128000004.0,0.2499999843750004,bandwidth_opt,logical_bandwidth_gb_s,tie_or_uncertain
AMD,AMD CPU,CPU,CPU package RAPL,4,32000000,32T,32,0.0005218372995344,0.0890793455768236,0.0890793455768236,170.73691045946322,4.648492514010123e-05,61.32179326497248,0.35923028837703613,245.2871883903387,1.4369212433157197,55.0,2977.5,128000004.0,0.2499999843750004,bandwidth_opt,logical_bandwidth_gb_s,tie_or_uncertain
AMD,AMD CPU,CPU,CPU package RAPL,5,32000000,32T,32,0.0005562619444444,0.0942032391666666,0.0942032391666666,169.3545881433466,5.2401676991810825e-05,57.526852806660926,0.3396910688324087,230.10742560835737,1.3587643602524044,58.0,2980.0,128000004.0,0.2499999843750004,bandwidth_opt,logical_bandwidth_gb_s,tie_or_uncertain
AMD,AMD CPU,CPU,CPU package RAPL,1,32000000,32T,32,0.0005241095461658,0.0899027944705268,0.0899027944705268,171.45464023005258,4.7118912808985e-05,61.055936176130864,0.3559399814929078,244.223759968508,1.423760014956629,57.0,2976.5,128000004.0,0.2499999843750004,bytes_per_j_opt,logical_gb_per_j,tie_or_uncertain
AMD,AMD CPU,CPU,CPU package RAPL,2,32000000,32T,32,0.0005333892724375,0.0913787684545937,0.0913787684545937,171.3972062534755,4.874045482223051e-05,59.993705635970784,0.3501907449748665,239.97483754231004,1.4007630674471552,57.0,2962.5,128000004.0,0.2499999843750004,bytes_per_j_opt,logical_gb_per_j,tie_or_uncertain
AMD,AMD CPU,CPU,CPU package RAPL,3,32000000,32T,32,0.0005105318987341,0.0878013460759493,0.0878013460759493,171.83058847367823,4.482538792356422e-05,62.679724967913394,0.36445909351229744,250.7189155415853,1.4578364651639661,56.0,2971.5,128000004.0,0.2499999843750004,bytes_per_j_opt,logical_gb_per_j,tie_or_uncertain
AMD,AMD CPU,CPU,CPU package RAPL,4,32000000,32T,32,0.0005218372995344,0.0890793455768236,0.0890793455768236,170.73691045946322,4.648492514010123e-05,61.32179326497248,0.35923028837703613,245.2871883903387,1.4369212433157197,55.0,2977.5,128000004.0,0.2499999843750004,bytes_per_j_opt,logical_gb_per_j,tie_or_uncertain
AMD,AMD CPU,CPU,CPU package RAPL,5,32000000,32T,32,0.0005562619444444,0.0942032391666666,0.0942032391666666,169.3545881433466,5.2401676991810825e-05,57.526852806660926,0.3396910688324087,230.10742560835737,1.3587643602524044,58.0,2980.0,128000004.0,0.2499999843750004,bytes_per_j_opt,logical_gb_per_j,tie_or_uncertain
AMD,AMD CPU,CPU,CPU package RAPL,1,64000000,10T,10,0.00445238,0.5168047666666666,0.5168047666666666,116.05828103805273,0.002301011207011333,14.374334400927145,0.12383786514352971,57.497339400500415,0.4953514760538522,54.0,2170.5,256000004.0,0.2499999921875001,runtime_opt,runtime_s,tie_or_uncertain
AMD,AMD CPU,CPU,CPU package RAPL,2,64000000,10T,10,0.0044675488888888,0.5052924044444445,0.5052924044444445,113.03614247629646,0.002257418520039728,14.32552851501498,0.12665933316446007,57.302115850751015,0.5066373484902572,53.0,2140.5,256000004.0,0.2499999921875001,runtime_opt,runtime_s,tie_or_uncertain
AMD,AMD CPU,CPU,CPU package RAPL,3,64000000,10T,10,0.0044708794642857,0.4598973035714285,0.4598973035714285,102.81600346375248,0.0020561454102178663,14.314856732605987,0.13916150084593812,57.25942871978107,0.5566460207789403,51.0,2147.0,256000004.0,0.2499999921875001,runtime_opt,runtime_s,tie_or_uncertain
AMD,AMD CPU,CPU,CPU package RAPL,4,64000000,10T,10,0.0044621311111111,0.5523864933333333,0.5523864933333333,123.66117864999306,0.0024648209572602307,14.342922116437673,0.11586090495043964,57.371690258615985,0.46344363428437196,54.0,2140.0,256000004.0,0.2499999921875001,runtime_opt,runtime_s,tie_or_uncertain
AMD,AMD CPU,CPU,CPU package RAPL,5,64000000,10T,10,0.0044500133333333,0.51786764,0.51786764,116.26995990079816,0.0023045179029018495,14.381979155118744,0.12358369988130559,57.5279184182224,0.49433481497318504,53.0,2166.5,256000004.0,0.2499999921875001,runtime_opt,runtime_s,tie_or_uncertain
AMD,AMD CPU,CPU,CPU package RAPL,1,64000000,4T,4,0.0054217108108108,0.4779265810810811,0.4779265810810811,88.24357739079832,0.002591179711421142,11.804391866933418,0.13391177961943548,47.217568943282686,0.5356471352167147,53.0,1951.0,256000004.0,0.2499999921875001,energy_opt,energy_j,tie_or_uncertain
AMD,AMD CPU,CPU,CPU package RAPL,2,64000000,4T,4,0.0053949705882352,0.4858623288770053,0.4858623288770053,90.15643368761948,0.0026212129742229015,11.862900446494491,0.1317245548711833,47.45160326884054,0.5268982359503029,54.0,1914.0,256000004.0,0.2499999921875001,energy_opt,energy_j,tie_or_uncertain
AMD,AMD CPU,CPU,CPU package RAPL,3,64000000,4T,4,0.0053930510752688,0.4868141586021505,0.4868141586021505,90.30865893002418,0.002625413621505404,11.8671227301162,0.13146700413104476,47.46849240385517,0.5258680329575548,53.0,1953.0,256000004.0,0.2499999921875001,energy_opt,energy_j,tie_or_uncertain
AMD,AMD CPU,CPU,CPU package RAPL,4,64000000,4T,4,0.0053904086021505,0.477332502688172,0.477332502688172,88.54279083357471,0.002573017228576349,11.872940202430526,0.13407844351594345,47.491762293839656,0.5363137908235796,56.0,1948.0,256000004.0,0.2499999921875001,energy_opt,energy_j,tie_or_uncertain
AMD,AMD CPU,CPU,CPU package RAPL,5,64000000,4T,4,0.0054105967741935,0.472119435483871,0.472119435483871,87.23200912514702,0.0025544478946630885,11.828639551418021,0.13555891621874658,47.31455968425205,0.5422356818198512,52.0,1915.0,256000004.0,0.2499999921875001,energy_opt,energy_j,tie_or_uncertain
AMD,AMD CPU,CPU,CPU package RAPL,1,64000000,10T,10,0.00445238,0.5168047666666666,0.5168047666666666,116.05828103805273,0.002301011207011333,14.374334400927145,0.12383786514352971,57.497339400500415,0.4953514760538522,54.0,2170.5,256000004.0,0.2499999921875001,edp_opt,edp_j_s,tie_or_uncertain
AMD,AMD CPU,CPU,CPU package RAPL,2,64000000,10T,10,0.0044675488888888,0.5052924044444445,0.5052924044444445,113.03614247629646,0.002257418520039728,14.32552851501498,0.12665933316446007,57.302115850751015,0.5066373484902572,53.0,2140.5,256000004.0,0.2499999921875001,edp_opt,edp_j_s,tie_or_uncertain
AMD,AMD CPU,CPU,CPU package RAPL,3,64000000,10T,10,0.0044708794642857,0.4598973035714285,0.4598973035714285,102.81600346375248,0.0020561454102178663,14.314856732605987,0.13916150084593812,57.25942871978107,0.5566460207789403,51.0,2147.0,256000004.0,0.2499999921875001,edp_opt,edp_j_s,tie_or_uncertain
AMD,AMD CPU,CPU,CPU package RAPL,4,64000000,10T,10,0.0044621311111111,0.5523864933333333,0.5523864933333333,123.66117864999306,0.0024648209572602307,14.342922116437673,0.11586090495043964,57.371690258615985,0.46344363428437196,54.0,2140.0,256000004.0,0.2499999921875001,edp_opt,edp_j_s,tie_or_uncertain
AMD,AMD CPU,CPU,CPU package RAPL,5,64000000,10T,10,0.0044500133333333,0.51786764,0.51786764,116.26995990079816,0.0023045179029018495,14.381979155118744,0.12358369988130559,57.5279184182224,0.49433481497318504,53.0,2166.5,256000004.0,0.2499999921875001,edp_opt,edp_j_s,tie_or_uncertain
AMD,AMD CPU,CPU,CPU package RAPL,1,64000000,10T,10,0.00445238,0.5168047666666666,0.5168047666666666,116.05828103805273,0.002301011207011333,14.374334400927145,0.12383786514352971,57.497339400500415,0.4953514760538522,54.0,2170.5,256000004.0,0.2499999921875001,bandwidth_opt,logical_bandwidth_gb_s,tie_or_uncertain
AMD,AMD CPU,CPU,CPU package RAPL,2,64000000,10T,10,0.0044675488888888,0.5052924044444445,0.5052924044444445,113.03614247629646,0.002257418520039728,14.32552851501498,0.12665933316446007,57.302115850751015,0.5066373484902572,53.0,2140.5,256000004.0,0.2499999921875001,bandwidth_opt,logical_bandwidth_gb_s,tie_or_uncertain
AMD,AMD CPU,CPU,CPU package RAPL,3,64000000,10T,10,0.0044708794642857,0.4598973035714285,0.4598973035714285,102.81600346375248,0.0020561454102178663,14.314856732605987,0.13916150084593812,57.25942871978107,0.5566460207789403,51.0,2147.0,256000004.0,0.2499999921875001,bandwidth_opt,logical_bandwidth_gb_s,tie_or_uncertain
AMD,AMD CPU,CPU,CPU package RAPL,4,64000000,10T,10,0.0044621311111111,0.5523864933333333,0.5523864933333333,123.66117864999306,0.0024648209572602307,14.342922116437673,0.11586090495043964,57.371690258615985,0.46344363428437196,54.0,2140.0,256000004.0,0.2499999921875001,bandwidth_opt,logical_bandwidth_gb_s,tie_or_uncertain
AMD,AMD CPU,CPU,CPU package RAPL,5,64000000,10T,10,0.0044500133333333,0.51786764,0.51786764,116.26995990079816,0.0023045179029018495,14.381979155118744,0.12358369988130559,57.5279184182224,0.49433481497318504,53.0,2166.5,256000004.0,0.2499999921875001,bandwidth_opt,logical_bandwidth_gb_s,tie_or_uncertain
AMD,AMD CPU,CPU,CPU package RAPL,1,64000000,4T,4,0.0054217108108108,0.4779265810810811,0.4779265810810811,88.24357739079832,0.002591179711421142,11.804391866933418,0.13391177961943548,47.217568943282686,0.5356471352167147,53.0,1951.0,256000004.0,0.2499999921875001,bytes_per_j_opt,logical_gb_per_j,tie_or_uncertain
AMD,AMD CPU,CPU,CPU package RAPL,2,64000000,4T,4,0.0053949705882352,0.4858623288770053,0.4858623288770053,90.15643368761948,0.0026212129742229015,11.862900446494491,0.1317245548711833,47.45160326884054,0.5268982359503029,54.0,1914.0,256000004.0,0.2499999921875001,bytes_per_j_opt,logical_gb_per_j,tie_or_uncertain
AMD,AMD CPU,CPU,CPU package RAPL,3,64000000,4T,4,0.0053930510752688,0.4868141586021505,0.4868141586021505,90.30865893002418,0.002625413621505404,11.8671227301162,0.13146700413104476,47.46849240385517,0.5258680329575548,53.0,1953.0,256000004.0,0.2499999921875001,bytes_per_j_opt,logical_gb_per_j,tie_or_uncertain
AMD,AMD CPU,CPU,CPU package RAPL,4,64000000,4T,4,0.0053904086021505,0.477332502688172,0.477332502688172,88.54279083357471,0.002573017228576349,11.872940202430526,0.13407844351594345,47.491762293839656,0.5363137908235796,56.0,1948.0,256000004.0,0.2499999921875001,bytes_per_j_opt,logical_gb_per_j,tie_or_uncertain
AMD,AMD CPU,CPU,CPU package RAPL,5,64000000,4T,4,0.0054105967741935,0.472119435483871,0.472119435483871,87.23200912514702,0.0025544478946630885,11.828639551418021,0.13555891621874658,47.31455968425205,0.5422356818198512,52.0,1915.0,256000004.0,0.2499999921875001,bytes_per_j_opt,logical_gb_per_j,tie_or_uncertain
AMD,AMD CPU,CPU,CPU package RAPL,1,128000000,16T,16,0.0091201136363636,1.099498,1.099498,120.54520322670032,0.010027546702954505,14.03491273284579,0.1164167638322216,56.13965180856521,0.46566706260493423,53.5,2400.0,512000004.0,0.24999999609375,runtime_opt,runtime_s,clear_leader
AMD,AMD CPU,CPU,CPU package RAPL,2,128000000,16T,16,0.0091105272727272,1.1677849045454545,1.1677849045454545,128.10838581175148,0.010639136221540493,14.049680679094626,0.10960922555324723,56.19872359448355,0.4384369090635655,54.0,2402.0,512000004.0,0.24999999609375,runtime_opt,runtime_s,clear_leader
AMD,AMD CPU,CPU,CPU package RAPL,3,128000000,16T,16,0.0091138198198198,1.1006715675675676,1.1006715675675676,120.71924642333607,0.010031322347609424,14.044604954954096,0.11629263694243867,56.1784206976042,0.46517055503804455,53.0,2400.5,512000004.0,0.24999999609375,runtime_opt,runtime_s,clear_leader
AMD,AMD CPU,CPU,CPU package RAPL,4,128000000,16T,16,0.0091114272727272,1.198737768181818,1.198737768181818,131.5712042328463,0.010922211993859954,14.048292892940744,0.1067789823575373,56.19317244978129,0.4271159361038357,55.0,2356.0,512000004.0,0.24999999609375,runtime_opt,runtime_s,clear_leader
AMD,AMD CPU,CPU,CPU package RAPL,5,128000000,16T,16,0.009082509009009,1.1944945945945946,1.1944945945945946,131.5477959288989,0.010849007916617958,14.093021969263777,0.10715829069401736,56.37208875786899,0.4286331694734627,55.0,2396.0,512000004.0,0.24999999609375,runtime_opt,runtime_s,clear_leader
AMD,AMD CPU,CPU,CPU package RAPL,1,128000000,4T,4,0.010594671875,0.927212921875,0.927212921875,87.45101371806254,0.009823516665525635,12.081544431974208,0.13804811816164056,48.32617848299337,0.5521924812745697,52.0,1944.5,512000004.0,0.24999999609375,energy_opt,energy_j,clear_leader
AMD,AMD CPU,CPU,CPU package RAPL,2,128000000,4T,4,0.0105195572916666,0.9306546354166668,0.9306546354166668,88.49211222470103,0.009790074756020718,12.167812337635088,0.1375375935700279,48.67125011102863,0.5501503828762112,51.0,1950.0,512000004.0,0.24999999609375,energy_opt,energy_j,clear_leader
AMD,AMD CPU,CPU,CPU package RAPL,3,128000000,4T,4,0.0105147552083333,0.9410128333333334,0.9410128333333334,89.41029148284798,0.009894519590400143,12.173369371315053,0.13602364863249297,48.6934782460958,0.54409460303145,53.0,1948.0,512000004.0,0.24999999609375,energy_opt,energy_j,clear_leader
AMD,AMD CPU,CPU,CPU package RAPL,4,128000000,4T,4,0.0105542315789473,0.9254767157894735,0.9254767157894735,87.63016591374566,0.009767695579365698,12.1278368815901,0.13830709818648457,48.51134828435022,0.5532284013901321,51.0,1915.0,512000004.0,0.24999999609375,energy_opt,energy_j,clear_leader
AMD,AMD CPU,CPU,CPU package RAPL,5,128000000,4T,4,0.0106027947368421,0.9432920421052632,0.9432920421052632,89.09409573630427,0.01000153189933872,12.072288691511828,0.13569498446560233,48.28915552056535,0.542779946343346,52.0,1943.0,512000004.0,0.24999999609375,energy_opt,energy_j,clear_leader
AMD,AMD CPU,CPU,CPU package RAPL,1,128000000,8T,8,0.0094001261682243,1.1022201635514015,1.1022201635514015,116.87647423252255,0.010361008602543999,13.61683840294448,0.11612924825071101,54.46735446283032,0.46451700026092213,52.0,2063.0,512000004.0,0.24999999609375,edp_opt,edp_j_s,tie_or_uncertain
AMD,AMD CPU,CPU,CPU package RAPL,2,128000000,8T,8,0.0093806214953271,0.995396906542056,0.995396906542056,106.073250990508,0.00933744161789051,13.64515123691564,0.12859191962396554,54.58060580048451,0.5143676865328571,52.0,2101.0,512000004.0,0.24999999609375,edp_opt,edp_j_s,tie_or_uncertain
AMD,AMD CPU,CPU,CPU package RAPL,3,128000000,8T,8,0.0093674626168224,1.1547923878504671,1.1547923878504671,123.17679602086776,0.010817474523380326,13.664319169006701,0.11084243397054205,54.65727753004676,0.4433697428098204,54.0,2080.0,512000004.0,0.24999999609375,edp_opt,edp_j_s,tie_or_uncertain
AMD,AMD CPU,CPU,CPU package RAPL,4,128000000,8T,8,0.0093861308411214,0.9976757009345796,0.9976757009345796,106.27458006687336,0.009364314665979466,13.63714198817916,0.12829820239191464,54.548568805038016,0.5131928175862963,52.0,2099.0,512000004.0,0.24999999609375,edp_opt,edp_j_s,tie_or_uncertain
AMD,AMD CPU,CPU,CPU package RAPL,5,128000000,8T,8,0.0093876822429906,0.9584406074766356,0.9584406074766356,102.0864034855738,0.008997535871769536,13.634888323534,0.1335502669664592,54.539554146316526,0.5342010762127285,53.0,2064.0,512000004.0,0.24999999609375,edp_opt,edp_j_s,tie_or_uncertain
AMD,AMD CPU,CPU,CPU package RAPL,1,128000000,16T,16,0.0091201136363636,1.099498,1.099498,120.54520322670032,0.010027546702954505,14.03491273284579,0.1164167638322216,56.13965180856521,0.46566706260493423,53.5,2400.0,512000004.0,0.24999999609375,bandwidth_opt,logical_bandwidth_gb_s,clear_leader
AMD,AMD CPU,CPU,CPU package RAPL,2,128000000,16T,16,0.0091105272727272,1.1677849045454545,1.1677849045454545,128.10838581175148,0.010639136221540493,14.049680679094626,0.10960922555324723,56.19872359448355,0.4384369090635655,54.0,2402.0,512000004.0,0.24999999609375,bandwidth_opt,logical_bandwidth_gb_s,clear_leader
AMD,AMD CPU,CPU,CPU package RAPL,3,128000000,16T,16,0.0091138198198198,1.1006715675675676,1.1006715675675676,120.71924642333607,0.010031322347609424,14.044604954954096,0.11629263694243867,56.1784206976042,0.46517055503804455,53.0,2400.5,512000004.0,0.24999999609375,bandwidth_opt,logical_bandwidth_gb_s,clear_leader
AMD,AMD CPU,CPU,CPU package RAPL,4,128000000,16T,16,0.0091114272727272,1.198737768181818,1.198737768181818,131.5712042328463,0.010922211993859954,14.048292892940744,0.1067789823575373,56.19317244978129,0.4271159361038357,55.0,2356.0,512000004.0,0.24999999609375,bandwidth_opt,logical_bandwidth_gb_s,clear_leader
AMD,AMD CPU,CPU,CPU package RAPL,5,128000000,16T,16,0.009082509009009,1.1944945945945946,1.1944945945945946,131.5477959288989,0.010849007916617958,14.093021969263777,0.10715829069401736,56.37208875786899,0.4286331694734627,55.0,2396.0,512000004.0,0.24999999609375,bandwidth_opt,logical_bandwidth_gb_s,clear_leader
AMD,AMD CPU,CPU,CPU package RAPL,1,128000000,4T,4,0.010594671875,0.927212921875,0.927212921875,87.45101371806254,0.009823516665525635,12.081544431974208,0.13804811816164056,48.32617848299337,0.5521924812745697,52.0,1944.5,512000004.0,0.24999999609375,bytes_per_j_opt,logical_gb_per_j,clear_leader
AMD,AMD CPU,CPU,CPU package RAPL,2,128000000,4T,4,0.0105195572916666,0.9306546354166668,0.9306546354166668,88.49211222470103,0.009790074756020718,12.167812337635088,0.1375375935700279,48.67125011102863,0.5501503828762112,51.0,1950.0,512000004.0,0.24999999609375,bytes_per_j_opt,logical_gb_per_j,clear_leader
AMD,AMD CPU,CPU,CPU package RAPL,3,128000000,4T,4,0.0105147552083333,0.9410128333333334,0.9410128333333334,89.41029148284798,0.009894519590400143,12.173369371315053,0.13602364863249297,48.6934782460958,0.54409460303145,53.0,1948.0,512000004.0,0.24999999609375,bytes_per_j_opt,logical_gb_per_j,clear_leader
AMD,AMD CPU,CPU,CPU package RAPL,4,128000000,4T,4,0.0105542315789473,0.9254767157894735,0.9254767157894735,87.63016591374566,0.009767695579365698,12.1278368815901,0.13830709818648457,48.51134828435022,0.5532284013901321,51.0,1915.0,512000004.0,0.24999999609375,bytes_per_j_opt,logical_gb_per_j,clear_leader
AMD,AMD CPU,CPU,CPU package RAPL,5,128000000,4T,4,0.0106027947368421,0.9432920421052632,0.9432920421052632,89.09409573630427,0.01000153189933872,12.072288691511828,0.13569498446560233,48.28915552056535,0.542779946343346,52.0,1943.0,512000004.0,0.24999999609375,bytes_per_j_opt,logical_gb_per_j,clear_leader
AMD,AMD CPU,CPU,CPU package RAPL,1,256000000,16T,16,0.0181386339285714,2.3800440625,2.3800440625,131.1419246851892,0.04317074798355742,14.113521448644315,0.10756103344200166,56.454086235624814,0.430244137129289,54.5,2395.5,1024000004.0,0.249999998046875,runtime_opt,runtime_s,clear_leader
AMD,AMD CPU,CPU,CPU package RAPL,2,256000000,16T,16,0.018131875,2.385530803571428,2.385530803571428,131.58223314689806,0.043254146339006684,14.118782475612699,0.10731364215324196,56.47513034366275,0.42925457196651917,55.5,2391.0,1024000004.0,0.249999998046875,runtime_opt,runtime_s,clear_leader
AMD,AMD CPU,CPU,CPU package RAPL,3,256000000,16T,16,0.0181247053571428,2.2035653928571426,2.2035653928571426,121.5671924676916,0.03993897348073233,14.124367483806433,0.11617535827610291,56.49747037661221,0.4647014367348916,53.0,2379.5,1024000004.0,0.249999998046875,runtime_opt,runtime_s,clear_leader
AMD,AMD CPU,CPU,CPU package RAPL,4,256000000,16T,16,0.0181291339285714,2.096822339285714,2.096822339285714,115.67784651065789,0.03801357301333109,14.12091719376322,0.12208950381900587,56.48366921633154,0.4883580190913204,54.0,2379.5,1024000004.0,0.249999998046875,runtime_opt,runtime_s,clear_leader
AMD,AMD CPU,CPU,CPU package RAPL,5,256000000,16T,16,0.0181376428571428,2.3796605714285715,2.3796605714285715,131.18748973404217,0.043161433565795784,14.114292635284988,0.10757836729896172,56.4571709822116,0.4303134725576709,54.0,2379.5,1024000004.0,0.249999998046875,runtime_opt,runtime_s,clear_leader
AMD,AMD CPU,CPU,CPU package RAPL,1,256000000,4T,4,0.020756,1.8116645306122448,1.8116645306122448,87.29446291345212,0.03760290899738775,12.33378295432646,0.1413065138022467,49.33513220273656,0.5652260596248154,50.0,1916.0,1024000004.0,0.249999998046875,energy_opt,energy_j,clear_leader
AMD,AMD CPU,CPU,CPU package RAPL,2,256000000,4T,4,0.0205855102040816,1.8167373775510205,1.8167373775510205,88.23957941031068,0.03739846582371298,12.435931704488018,0.14091194586698627,49.743727206574945,0.5636477878714434,53.0,1929.0,1024000004.0,0.249999998046875,energy_opt,energy_j,clear_leader
AMD,AMD CPU,CPU,CPU package RAPL,3,256000000,4T,4,0.0206018571428571,1.8123779387755103,1.8123779387755103,87.9548866604757,0.037338351383518875,12.426064175906498,0.14125089117613088,49.7042570919405,0.5650035691186138,51.0,1954.0,1024000004.0,0.249999998046875,energy_opt,energy_j,clear_leader
AMD,AMD CPU,CPU,CPU package RAPL,4,256000000,4T,4,0.0206425102040816,1.828921663265306,1.828921663265306,88.60805373313542,0.037753534096419974,12.401592464727553,0.13997318974446654,49.606370246459974,0.5598927633520284,52.0,1915.0,1024000004.0,0.249999998046875,energy_opt,energy_j,clear_leader
AMD,AMD CPU,CPU,CPU package RAPL,5,256000000,4T,4,0.0206150714285714,1.8355224591836732,1.8355224591836732,89.01962730377885,0.037839426604818455,12.418099053743637,0.13946982654402001,49.67239660304015,0.5578793105345122,52.5,1930.0,1024000004.0,0.249999998046875,energy_opt,energy_j,clear_leader
AMD,AMD CPU,CPU,CPU package RAPL,1,256000000,8T,8,0.0185848055555555,2.2759536296296297,2.2759536296296297,122.44829278894908,0.04229815566012745,13.77469343086426,0.11248032282698983,55.098774153916224,0.44992129482296944,52.0,2097.0,1024000004.0,0.249999998046875,edp_opt,edp_j_s,tie_or_uncertain
AMD,AMD CPU,CPU,CPU package RAPL,2,256000000,8T,8,0.0185087181818181,2.0513705545454544,2.0513705545454544,110.80561239957264,0.03796823948056173,13.831319731880715,0.12479461520628332,55.3252793597516,0.499178464724965,53.0,2100.5,1024000004.0,0.249999998046875,edp_opt,edp_j_s,tie_or_uncertain
AMD,AMD CPU,CPU,CPU package RAPL,3,256000000,8T,8,0.0185196181818181,1.8764124727272729,1.8764124727272729,101.27634047440836,0.03475044254651026,13.823179100492021,0.13643055709809723,55.29271683394243,0.5457222326558439,53.0,2066.0,1024000004.0,0.249999998046875,edp_opt,edp_j_s,tie_or_uncertain
AMD,AMD CPU,CPU,CPU package RAPL,4,256000000,8T,8,0.0185507499999999,1.8733109722222223,1.8733109722222223,100.98941988539931,0.0347513235179512,13.799981078932191,0.13665643494113475,55.199924746978176,0.5466257440350525,52.0,2111.0,1024000004.0,0.249999998046875,edp_opt,edp_j_s,tie_or_uncertain
AMD,AMD CPU,CPU,CPU package RAPL,5,256000000,8T,8,0.0185243727272727,1.870375290909091,1.870375290909091,100.95463934667576,0.03464752902868111,13.819631183683825,0.136870926516342,55.278525166598776,0.5474837103425845,52.0,2078.0,1024000004.0,0.249999998046875,edp_opt,edp_j_s,tie_or_uncertain
AMD,AMD CPU,CPU,CPU package RAPL,1,256000000,16T,16,0.0181386339285714,2.3800440625,2.3800440625,131.1419246851892,0.04317074798355742,14.113521448644315,0.10756103344200166,56.454086235624814,0.430244137129289,54.5,2395.5,1024000004.0,0.249999998046875,bandwidth_opt,logical_bandwidth_gb_s,clear_leader
AMD,AMD CPU,CPU,CPU package RAPL,2,256000000,16T,16,0.018131875,2.385530803571428,2.385530803571428,131.58223314689806,0.043254146339006684,14.118782475612699,0.10731364215324196,56.47513034366275,0.42925457196651917,55.5,2391.0,1024000004.0,0.249999998046875,bandwidth_opt,logical_bandwidth_gb_s,clear_leader
AMD,AMD CPU,CPU,CPU package RAPL,3,256000000,16T,16,0.0181247053571428,2.2035653928571426,2.2035653928571426,121.5671924676916,0.03993897348073233,14.124367483806433,0.11617535827610291,56.49747037661221,0.4647014367348916,53.0,2379.5,1024000004.0,0.249999998046875,bandwidth_opt,logical_bandwidth_gb_s,clear_leader
AMD,AMD CPU,CPU,CPU package RAPL,4,256000000,16T,16,0.0181291339285714,2.096822339285714,2.096822339285714,115.67784651065789,0.03801357301333109,14.12091719376322,0.12208950381900587,56.48366921633154,0.4883580190913204,54.0,2379.5,1024000004.0,0.249999998046875,bandwidth_opt,logical_bandwidth_gb_s,clear_leader
AMD,AMD CPU,CPU,CPU package RAPL,5,256000000,16T,16,0.0181376428571428,2.3796605714285715,2.3796605714285715,131.18748973404217,0.043161433565795784,14.114292635284988,0.10757836729896172,56.4571709822116,0.4303134725576709,54.0,2379.5,1024000004.0,0.249999998046875,bandwidth_opt,logical_bandwidth_gb_s,clear_leader
AMD,AMD CPU,CPU,CPU package RAPL,1,256000000,4T,4,0.020756,1.8116645306122448,1.8116645306122448,87.29446291345212,0.03760290899738775,12.33378295432646,0.1413065138022467,49.33513220273656,0.5652260596248154,50.0,1916.0,1024000004.0,0.249999998046875,bytes_per_j_opt,logical_gb_per_j,clear_leader
AMD,AMD CPU,CPU,CPU package RAPL,2,256000000,4T,4,0.0205855102040816,1.8167373775510205,1.8167373775510205,88.23957941031068,0.03739846582371298,12.435931704488018,0.14091194586698627,49.743727206574945,0.5636477878714434,53.0,1929.0,1024000004.0,0.249999998046875,bytes_per_j_opt,logical_gb_per_j,clear_leader
AMD,AMD CPU,CPU,CPU package RAPL,3,256000000,4T,4,0.0206018571428571,1.8123779387755103,1.8123779387755103,87.9548866604757,0.037338351383518875,12.426064175906498,0.14125089117613088,49.7042570919405,0.5650035691186138,51.0,1954.0,1024000004.0,0.249999998046875,bytes_per_j_opt,logical_gb_per_j,clear_leader
AMD,AMD CPU,CPU,CPU package RAPL,4,256000000,4T,4,0.0206425102040816,1.828921663265306,1.828921663265306,88.60805373313542,0.037753534096419974,12.401592464727553,0.13997318974446654,49.606370246459974,0.5598927633520284,52.0,1915.0,1024000004.0,0.249999998046875,bytes_per_j_opt,logical_gb_per_j,clear_leader
AMD,AMD CPU,CPU,CPU package RAPL,5,256000000,4T,4,0.0206150714285714,1.8355224591836732,1.8355224591836732,89.01962730377885,0.037839426604818455,12.418099053743637,0.13946982654402001,49.67239660304015,0.5578793105345122,52.5,1930.0,1024000004.0,0.249999998046875,bytes_per_j_opt,logical_gb_per_j,clear_leader
INTEL,Intel CPU,CPU,CPU package RAPL,1,1000000,20T,20,1.165378277354269e-05,0.0013021631342023,0.0013021631342023,111.7376851879908,1.517512630170912e-08,85.80896172788412,0.7679521664638398,343.23653338391676,3.0718148094788345,61.0,3600.0,4000004.0,0.2499995000005,runtime_opt,runtime_s,tie_or_uncertain
INTEL,Intel CPU,CPU,CPU package RAPL,2,1000000,20T,20,1.1766524408740494e-05,0.0015416216723674,0.0015416216723674,130.63102615043107,1.8139529036954354e-08,84.98677819060771,0.648666931663166,339.9477926573363,2.5946729159933066,91.0,3599.0,4000004.0,0.2499995000005,runtime_opt,runtime_s,tie_or_uncertain
INTEL,Intel CPU,CPU,CPU package RAPL,3,1000000,20T,20,1.7016489401683703e-05,0.0021726738480908,0.0021726738480908,127.6811112801694,3.6971281509352444e-08,58.76646918141969,0.4602619030365428,235.06634685790232,1.8410512942450776,90.5,3599.5,4000004.0,0.2499995000005,runtime_opt,runtime_s,tie_or_uncertain
INTEL,Intel CPU,CPU,CPU package RAPL,4,1000000,20T,20,1.152046731098576e-05,0.0015453026383549,0.0015453029138073,133.82983206684366,1.7802608530747676e-08,86.80194761252564,0.6471217839015534,347.2084848663779,2.588492312585662,94.0,3600.0,4000004.0,0.2499995000005,runtime_opt,runtime_s,tie_or_uncertain
INTEL,Intel CPU,CPU,CPU package RAPL,5,1000000,20T,20,1.7312274956763344e-05,0.0022389367965183,0.0022389367965183,129.3283028785228,3.8761089432139716e-08,57.762425937518564,0.44664012023701016,231.05016584994385,1.7865640540725758,92.0,3599.0,4000004.0,0.2499995000005,runtime_opt,runtime_s,tie_or_uncertain
INTEL,Intel CPU,CPU,CPU package RAPL,1,1000000,20T,20,1.165378277354269e-05,0.0013021631342023,0.0013021631342023,111.7376851879908,1.517512630170912e-08,85.80896172788412,0.7679521664638398,343.23653338391676,3.0718148094788345,61.0,3600.0,4000004.0,0.2499995000005,energy_opt,energy_j,tie_or_uncertain
INTEL,Intel CPU,CPU,CPU package RAPL,2,1000000,20T,20,1.1766524408740494e-05,0.0015416216723674,0.0015416216723674,130.63102615043107,1.8139529036954354e-08,84.98677819060771,0.648666931663166,339.9477926573363,2.5946729159933066,91.0,3599.0,4000004.0,0.2499995000005,energy_opt,energy_j,tie_or_uncertain
INTEL,Intel CPU,CPU,CPU package RAPL,3,1000000,20T,20,1.7016489401683703e-05,0.0021726738480908,0.0021726738480908,127.6811112801694,3.6971281509352444e-08,58.76646918141969,0.4602619030365428,235.06634685790232,1.8410512942450776,90.5,3599.5,4000004.0,0.2499995000005,energy_opt,energy_j,tie_or_uncertain
INTEL,Intel CPU,CPU,CPU package RAPL,4,1000000,20T,20,1.152046731098576e-05,0.0015453026383549,0.0015453029138073,133.82983206684366,1.7802608530747676e-08,86.80194761252564,0.6471217839015534,347.2084848663779,2.588492312585662,94.0,3600.0,4000004.0,0.2499995000005,energy_opt,energy_j,tie_or_uncertain
INTEL,Intel CPU,CPU,CPU package RAPL,5,1000000,20T,20,1.7312274956763344e-05,0.0022389367965183,0.0022389367965183,129.3283028785228,3.8761089432139716e-08,57.762425937518564,0.44664012023701016,231.05016584994385,1.7865640540725758,92.0,3599.0,4000004.0,0.2499995000005,energy_opt,energy_j,tie_or_uncertain
INTEL,Intel CPU,CPU,CPU package RAPL,1,1000000,20T,20,1.165378277354269e-05,0.0013021631342023,0.0013021631342023,111.7376851879908,1.517512630170912e-08,85.80896172788412,0.7679521664638398,343.23653338391676,3.0718148094788345,61.0,3600.0,4000004.0,0.2499995000005,edp_opt,edp_j_s,tie_or_uncertain
INTEL,Intel CPU,CPU,CPU package RAPL,2,1000000,20T,20,1.1766524408740494e-05,0.0015416216723674,0.0015416216723674,130.63102615043107,1.8139529036954354e-08,84.98677819060771,0.648666931663166,339.9477926573363,2.5946729159933066,91.0,3599.0,4000004.0,0.2499995000005,edp_opt,edp_j_s,tie_or_uncertain
INTEL,Intel CPU,CPU,CPU package RAPL,3,1000000,20T,20,1.7016489401683703e-05,0.0021726738480908,0.0021726738480908,127.6811112801694,3.6971281509352444e-08,58.76646918141969,0.4602619030365428,235.06634685790232,1.8410512942450776,90.5,3599.5,4000004.0,0.2499995000005,edp_opt,edp_j_s,tie_or_uncertain
INTEL,Intel CPU,CPU,CPU package RAPL,4,1000000,20T,20,1.152046731098576e-05,0.0015453026383549,0.0015453029138073,133.82983206684366,1.7802608530747676e-08,86.80194761252564,0.6471217839015534,347.2084848663779,2.588492312585662,94.0,3600.0,4000004.0,0.2499995000005,edp_opt,edp_j_s,tie_or_uncertain
INTEL,Intel CPU,CPU,CPU package RAPL,5,1000000,20T,20,1.7312274956763344e-05,0.0022389367965183,0.0022389367965183,129.3283028785228,3.8761089432139716e-08,57.762425937518564,0.44664012023701016,231.05016584994385,1.7865640540725758,92.0,3599.0,4000004.0,0.2499995000005,edp_opt,edp_j_s,tie_or_uncertain
INTEL,Intel CPU,CPU,CPU package RAPL,1,1000000,20T,20,1.165378277354269e-05,0.0013021631342023,0.0013021631342023,111.7376851879908,1.517512630170912e-08,85.80896172788412,0.7679521664638398,343.23653338391676,3.0718148094788345,61.0,3600.0,4000004.0,0.2499995000005,bandwidth_opt,logical_bandwidth_gb_s,tie_or_uncertain
INTEL,Intel CPU,CPU,CPU package RAPL,2,1000000,20T,20,1.1766524408740494e-05,0.0015416216723674,0.0015416216723674,130.63102615043107,1.8139529036954354e-08,84.98677819060771,0.648666931663166,339.9477926573363,2.5946729159933066,91.0,3599.0,4000004.0,0.2499995000005,bandwidth_opt,logical_bandwidth_gb_s,tie_or_uncertain
INTEL,Intel CPU,CPU,CPU package RAPL,3,1000000,20T,20,1.7016489401683703e-05,0.0021726738480908,0.0021726738480908,127.6811112801694,3.6971281509352444e-08,58.76646918141969,0.4602619030365428,235.06634685790232,1.8410512942450776,90.5,3599.5,4000004.0,0.2499995000005,bandwidth_opt,logical_bandwidth_gb_s,tie_or_uncertain
INTEL,Intel CPU,CPU,CPU package RAPL,4,1000000,20T,20,1.152046731098576e-05,0.0015453026383549,0.0015453029138073,133.82983206684366,1.7802608530747676e-08,86.80194761252564,0.6471217839015534,347.2084848663779,2.588492312585662,94.0,3600.0,4000004.0,0.2499995000005,bandwidth_opt,logical_bandwidth_gb_s,tie_or_uncertain
INTEL,Intel CPU,CPU,CPU package RAPL,5,1000000,20T,20,1.7312274956763344e-05,0.0022389367965183,0.0022389367965183,129.3283028785228,3.8761089432139716e-08,57.762425937518564,0.44664012023701016,231.05016584994385,1.7865640540725758,92.0,3599.0,4000004.0,0.2499995000005,bandwidth_opt,logical_bandwidth_gb_s,tie_or_uncertain
INTEL,Intel CPU,CPU,CPU package RAPL,1,1000000,20T,20,1.165378277354269e-05,0.0013021631342023,0.0013021631342023,111.7376851879908,1.517512630170912e-08,85.80896172788412,0.7679521664638398,343.23653338391676,3.0718148094788345,61.0,3600.0,4000004.0,0.2499995000005,bytes_per_j_opt,logical_gb_per_j,tie_or_uncertain
INTEL,Intel CPU,CPU,CPU package RAPL,2,1000000,20T,20,1.1766524408740494e-05,0.0015416216723674,0.0015416216723674,130.63102615043107,1.8139529036954354e-08,84.98677819060771,0.648666931663166,339.9477926573363,2.5946729159933066,91.0,3599.0,4000004.0,0.2499995000005,bytes_per_j_opt,logical_gb_per_j,tie_or_uncertain
INTEL,Intel CPU,CPU,CPU package RAPL,3,1000000,20T,20,1.7016489401683703e-05,0.0021726738480908,0.0021726738480908,127.6811112801694,3.6971281509352444e-08,58.76646918141969,0.4602619030365428,235.06634685790232,1.8410512942450776,90.5,3599.5,4000004.0,0.2499995000005,bytes_per_j_opt,logical_gb_per_j,tie_or_uncertain
INTEL,Intel CPU,CPU,CPU package RAPL,4,1000000,20T,20,1.152046731098576e-05,0.0015453026383549,0.0015453029138073,133.82983206684366,1.7802608530747676e-08,86.80194761252564,0.6471217839015534,347.2084848663779,2.588492312585662,94.0,3600.0,4000004.0,0.2499995000005,bytes_per_j_opt,logical_gb_per_j,tie_or_uncertain
INTEL,Intel CPU,CPU,CPU package RAPL,5,1000000,20T,20,1.7312274956763344e-05,0.0022389367965183,0.0022389367965183,129.3283028785228,3.8761089432139716e-08,57.762425937518564,0.44664012023701016,231.05016584994385,1.7865640540725758,92.0,3599.0,4000004.0,0.2499995000005,bytes_per_j_opt,logical_gb_per_j,tie_or_uncertain
INTEL,Intel CPU,CPU,CPU package RAPL,1,2000000,10T,10,2.554204487506374e-05,0.0037688949133095,0.0037688949133095,147.51140421014418,9.626528300515072e-08,78.30222716242132,0.5306592637903462,313.2092218587505,2.1226391777995013,85.0,2739.0,8000004.0,0.249999750000125,runtime_opt,runtime_s,tie_or_uncertain
INTEL,Intel CPU,CPU,CPU package RAPL,2,2000000,10T,10,2.5915628231644263e-05,0.0040000528955532,0.0040000528955532,154.31655663230373,1.0366388374806888e-07,77.1734716258162,0.4999931381465904,308.69419519730565,1.9999745525599142,92.0,2739.0,8000004.0,0.249999750000125,runtime_opt,runtime_s,tie_or_uncertain
INTEL,Intel CPU,CPU,CPU package RAPL,3,2000000,10T,10,2.590964290318422e-05,0.004245781719737,0.0042457838984143,163.6560048978524,1.1000668820325305e-07,77.19129929630199,0.4710555398321061,308.76550595055954,1.8842240435515256,97.0,2739.0,8000004.0,0.249999750000125,runtime_opt,runtime_s,tie_or_uncertain
INTEL,Intel CPU,CPU,CPU package RAPL,4,2000000,10T,10,2.6627518109237036e-05,0.0042670872944535,0.0042670872944535,159.9974750156797,1.1362194420675584e-07,75.110229642702,0.4687035586545568,300.4412190118768,1.8748161094333993,99.0,2739.0,8000004.0,0.249999750000125,runtime_opt,runtime_s,tie_or_uncertain
INTEL,Intel CPU,CPU,CPU package RAPL,5,2000000,10T,10,2.609960138603027e-05,0.0041927107834197,0.0041927107834197,160.64271654629528,1.0942808017416487e-07,76.62948450509644,0.4770181162767304,306.518244538477,1.9080743731803407,99.0,2600.0,8000004.0,0.249999750000125,runtime_opt,runtime_s,tie_or_uncertain
INTEL,Intel CPU,CPU,CPU package RAPL,1,2000000,20T,20,2.660613179238327e-05,0.0036005752070508,0.0036005752070508,135.19597547953268,9.579737848718127e-08,75.17060411512185,0.5554665254827942,300.6827171430542,2.2218683237983896,88.0,3600.0,8000004.0,0.249999750000125,energy_opt,energy_j,tie_or_uncertain
INTEL,Intel CPU,CPU,CPU package RAPL,2,2000000,20T,20,2.508923127967982e-05,0.0034190598884349,0.0034190640150965,136.276235257186,8.578158430001949e-08,79.71543558689389,0.5849558256540263,318.86206120947736,2.3398256424405774,89.0,3600.0,8000004.0,0.249999750000125,energy_opt,energy_j,tie_or_uncertain
INTEL,Intel CPU,CPU,CPU package RAPL,3,2000000,20T,20,3.3444122178917794e-05,0.0045863895888093,0.0045863914468715,137.19861124127954,1.5338777376825477e-07,59.80121078677141,0.43607263649820727,239.20508235204844,1.7442922902842473,91.0,3603.5,8000004.0,0.249999750000125,energy_opt,energy_j,tie_or_uncertain
INTEL,Intel CPU,CPU,CPU package RAPL,4,2000000,20T,20,2.821615066016796e-05,0.0039664279307109,0.0039664279307109,140.67704051035287,1.1191732807563699e-07,70.88135529497823,0.5042317760306669,283.5257047054759,2.0169291210507803,96.0,3599.0,8000004.0,0.249999750000125,energy_opt,energy_j,tie_or_uncertain
INTEL,Intel CPU,CPU,CPU package RAPL,5,2000000,20T,20,2.721409771343971e-05,0.0038754635983361,0.0038754635983361,142.40714546661872,1.0546724504999729e-07,73.49128459299602,0.5160670328212305,293.9654323372695,2.0642701955540854,96.0,3599.5,8000004.0,0.249999750000125,energy_opt,energy_j,tie_or_uncertain
INTEL,Intel CPU,CPU,CPU package RAPL,1,2000000,20T,20,2.660613179238327e-05,0.0036005752070508,0.0036005752070508,135.19597547953268,9.579737848718127e-08,75.17060411512185,0.5554665254827942,300.6827171430542,2.2218683237983896,88.0,3600.0,8000004.0,0.249999750000125,edp_opt,edp_j_s,tie_or_uncertain
INTEL,Intel CPU,CPU,CPU package RAPL,2,2000000,20T,20,2.508923127967982e-05,0.0034190598884349,0.0034190640150965,136.276235257186,8.578158430001949e-08,79.71543558689389,0.5849558256540263,318.86206120947736,2.3398256424405774,89.0,3600.0,8000004.0,0.249999750000125,edp_opt,edp_j_s,tie_or_uncertain
INTEL,Intel CPU,CPU,CPU package RAPL,3,2000000,20T,20,3.3444122178917794e-05,0.0045863895888093,0.0045863914468715,137.19861124127954,1.5338777376825477e-07,59.80121078677141,0.43607263649820727,239.20508235204844,1.7442922902842473,91.0,3603.5,8000004.0,0.249999750000125,edp_opt,edp_j_s,tie_or_uncertain
INTEL,Intel CPU,CPU,CPU package RAPL,4,2000000,20T,20,2.821615066016796e-05,0.0039664279307109,0.0039664279307109,140.67704051035287,1.1191732807563699e-07,70.88135529497823,0.5042317760306669,283.5257047054759,2.0169291210507803,96.0,3599.0,8000004.0,0.249999750000125,edp_opt,edp_j_s,tie_or_uncertain
INTEL,Intel CPU,CPU,CPU package RAPL,5,2000000,20T,20,2.721409771343971e-05,0.0038754635983361,0.0038754635983361,142.40714546661872,1.0546724504999729e-07,73.49128459299602,0.5160670328212305,293.9654323372695,2.0642701955540854,96.0,3599.5,8000004.0,0.249999750000125,edp_opt,edp_j_s,tie_or_uncertain
INTEL,Intel CPU,CPU,CPU package RAPL,1,2000000,10T,10,2.554204487506374e-05,0.0037688949133095,0.0037688949133095,147.51140421014418,9.626528300515072e-08,78.30222716242132,0.5306592637903462,313.2092218587505,2.1226391777995013,85.0,2739.0,8000004.0,0.249999750000125,bandwidth_opt,logical_bandwidth_gb_s,tie_or_uncertain
INTEL,Intel CPU,CPU,CPU package RAPL,2,2000000,10T,10,2.5915628231644263e-05,0.0040000528955532,0.0040000528955532,154.31655663230373,1.0366388374806888e-07,77.1734716258162,0.4999931381465904,308.69419519730565,1.9999745525599142,92.0,2739.0,8000004.0,0.249999750000125,bandwidth_opt,logical_bandwidth_gb_s,tie_or_uncertain
INTEL,Intel CPU,CPU,CPU package RAPL,3,2000000,10T,10,2.590964290318422e-05,0.004245781719737,0.0042457838984143,163.6560048978524,1.1000668820325305e-07,77.19129929630199,0.4710555398321061,308.76550595055954,1.8842240435515256,97.0,2739.0,8000004.0,0.249999750000125,bandwidth_opt,logical_bandwidth_gb_s,tie_or_uncertain
INTEL,Intel CPU,CPU,CPU package RAPL,4,2000000,10T,10,2.6627518109237036e-05,0.0042670872944535,0.0042670872944535,159.9974750156797,1.1362194420675584e-07,75.110229642702,0.4687035586545568,300.4412190118768,1.8748161094333993,99.0,2739.0,8000004.0,0.249999750000125,bandwidth_opt,logical_bandwidth_gb_s,tie_or_uncertain
INTEL,Intel CPU,CPU,CPU package RAPL,5,2000000,10T,10,2.609960138603027e-05,0.0041927107834197,0.0041927107834197,160.64271654629528,1.0942808017416487e-07,76.62948450509644,0.4770181162767304,306.518244538477,1.9080743731803407,99.0,2600.0,8000004.0,0.249999750000125,bandwidth_opt,logical_bandwidth_gb_s,tie_or_uncertain
INTEL,Intel CPU,CPU,CPU package RAPL,1,2000000,20T,20,2.660613179238327e-05,0.0036005752070508,0.0036005752070508,135.19597547953268,9.579737848718127e-08,75.17060411512185,0.5554665254827942,300.6827171430542,2.2218683237983896,88.0,3600.0,8000004.0,0.249999750000125,bytes_per_j_opt,logical_gb_per_j,tie_or_uncertain
INTEL,Intel CPU,CPU,CPU package RAPL,2,2000000,20T,20,2.508923127967982e-05,0.0034190598884349,0.0034190640150965,136.276235257186,8.578158430001949e-08,79.71543558689389,0.5849558256540263,318.86206120947736,2.3398256424405774,89.0,3600.0,8000004.0,0.249999750000125,bytes_per_j_opt,logical_gb_per_j,tie_or_uncertain
INTEL,Intel CPU,CPU,CPU package RAPL,3,2000000,20T,20,3.3444122178917794e-05,0.0045863895888093,0.0045863914468715,137.19861124127954,1.5338777376825477e-07,59.80121078677141,0.43607263649820727,239.20508235204844,1.7442922902842473,91.0,3603.5,8000004.0,0.249999750000125,bytes_per_j_opt,logical_gb_per_j,tie_or_uncertain
INTEL,Intel CPU,CPU,CPU package RAPL,4,2000000,20T,20,2.821615066016796e-05,0.0039664279307109,0.0039664279307109,140.67704051035287,1.1191732807563699e-07,70.88135529497823,0.5042317760306669,283.5257047054759,2.0169291210507803,96.0,3599.0,8000004.0,0.249999750000125,bytes_per_j_opt,logical_gb_per_j,tie_or_uncertain
INTEL,Intel CPU,CPU,CPU package RAPL,5,2000000,20T,20,2.721409771343971e-05,0.0038754635983361,0.0038754635983361,142.40714546661872,1.0546724504999729e-07,73.49128459299602,0.5160670328212305,293.9654323372695,2.0642701955540854,96.0,3599.5,8000004.0,0.249999750000125,bytes_per_j_opt,logical_gb_per_j,tie_or_uncertain
INTEL,Intel CPU,CPU,CPU package RAPL,1,4000000,10T,10,0.0001079876077586,0.0159060761314655,0.0159061865840517,147.28744816852554,1.7176591102631261e-06,37.041278004248085,0.2514761633818146,148.16518609956685,1.005905156479711,79.0,2740.0,16000004.0,0.2499998750000312,runtime_opt,runtime_s,tie_or_uncertain
INTEL,Intel CPU,CPU,CPU package RAPL,2,4000000,10T,10,0.000109699770316,0.0177628872908235,0.0177629182434649,161.7613544592285,1.9485846559523333e-06,36.46314835917746,0.2251885594109716,145.8526663630248,0.9007546880211178,95.0,2739.0,16000004.0,0.2499998750000312,runtime_opt,runtime_s,tie_or_uncertain
INTEL,Intel CPU,CPU,CPU package RAPL,3,4000000,10T,10,0.0001060322563615,0.01763925029036,0.0176395095554851,166.35222038017093,1.8703295088121147e-06,37.72435990009157,0.22676695064449728,150.89751504910495,0.9070682561120038,98.5,2739.0,16000004.0,0.2499998750000312,runtime_opt,runtime_s,tie_or_uncertain
INTEL,Intel CPU,CPU,CPU package RAPL,4,4000000,10T,10,0.0001102948167712,0.0181278886321118,0.0181280014306151,164.21567573409732,1.9994121551274903e-06,36.26642771706815,0.22065443368371038,145.06578340114615,0.8826181760438192,97.0,2739.0,16000004.0,0.2499998750000312,runtime_opt,runtime_s,tie_or_uncertain
INTEL,Intel CPU,CPU,CPU package RAPL,5,4000000,10T,10,0.0001117615967885,0.0184009465878679,0.018400990912132,164.5891635306892,2.056519173080017e-06,35.79046036331856,0.21738006688401978,143.16191303421286,0.8695207022963216,98.0,2739.5,16000004.0,0.2499998750000312,runtime_opt,runtime_s,tie_or_uncertain
INTEL,Intel CPU,CPU,CPU package RAPL,1,4000000,16T,16,0.0001169891759776,0.0150308241969273,0.0150312640828677,128.50855032154686,1.7584437370626962e-06,34.191188770881524,0.26611973818559503,136.76482346592073,1.0644794849819896,81.0,3376.0,16000004.0,0.2499998750000312,energy_opt,energy_j,tie_or_uncertain
INTEL,Intel CPU,CPU,CPU package RAPL,2,4000000,16T,16,0.0001161608529377,0.0152652467261559,0.0152669772858963,131.4554672415052,1.773224080014702e-06,34.43500025043119,0.26203303960664387,137.74006987174246,1.048132682492786,85.0,3377.5,16000004.0,0.2499998750000312,energy_opt,energy_j,tie_or_uncertain
INTEL,Intel CPU,CPU,CPU package RAPL,3,4000000,16T,16,0.0001173349742147,0.0159256246483825,0.0159265015822784,135.5925502236757,1.8686327574709513e-06,34.09042382095543,0.2511674793494686,136.3617634646864,1.0046704197329588,89.0,3365.0,16000004.0,0.2499998750000312,energy_opt,energy_j,tie_or_uncertain
INTEL,Intel CPU,CPU,CPU package RAPL,4,4000000,16T,16,0.0001147150451583,0.0153404463244541,0.0153418097633474,133.7663748463258,1.7597799928582292e-06,34.86900078782375,0.2607485411701242,139.47607288931403,1.0429946861777095,88.0,3343.5,16000004.0,0.2499998750000312,energy_opt,energy_j,tie_or_uncertain
INTEL,Intel CPU,CPU,CPU package RAPL,5,4000000,16T,16,0.0001149571641278,0.0156770085328141,0.015677210113389,136.31235557766496,1.8021844429396318e-06,34.79556085389448,0.25515065528142444,139.182313006717,1.0206031314271358,89.5,3385.0,16000004.0,0.2499998750000312,energy_opt,energy_j,tie_or_uncertain
INTEL,Intel CPU,CPU,CPU package RAPL,1,4000000,16T,16,0.0001169891759776,0.0150308241969273,0.0150312640828677,128.50855032154686,1.7584437370626962e-06,34.191188770881524,0.26611973818559503,136.76482346592073,1.0644794849819896,81.0,3376.0,16000004.0,0.2499998750000312,edp_opt,edp_j_s,tie_or_uncertain
INTEL,Intel CPU,CPU,CPU package RAPL,2,4000000,16T,16,0.0001161608529377,0.0152652467261559,0.0152669772858963,131.4554672415052,1.773224080014702e-06,34.43500025043119,0.26203303960664387,137.74006987174246,1.048132682492786,85.0,3377.5,16000004.0,0.2499998750000312,edp_opt,edp_j_s,tie_or_uncertain
INTEL,Intel CPU,CPU,CPU package RAPL,3,4000000,16T,16,0.0001173349742147,0.0159256246483825,0.0159265015822784,135.5925502236757,1.8686327574709513e-06,34.09042382095543,0.2511674793494686,136.3617634646864,1.0046704197329588,89.0,3365.0,16000004.0,0.2499998750000312,edp_opt,edp_j_s,tie_or_uncertain
INTEL,Intel CPU,CPU,CPU package RAPL,4,4000000,16T,16,0.0001147150451583,0.0153404463244541,0.0153418097633474,133.7663748463258,1.7597799928582292e-06,34.86900078782375,0.2607485411701242,139.47607288931403,1.0429946861777095,88.0,3343.5,16000004.0,0.2499998750000312,edp_opt,edp_j_s,tie_or_uncertain
INTEL,Intel CPU,CPU,CPU package RAPL,5,4000000,16T,16,0.0001149571641278,0.0156770085328141,0.015677210113389,136.31235557766496,1.8021844429396318e-06,34.79556085389448,0.25515065528142444,139.182313006717,1.0206031314271358,89.5,3385.0,16000004.0,0.2499998750000312,edp_opt,edp_j_s,tie_or_uncertain
INTEL,Intel CPU,CPU,CPU package RAPL,1,4000000,10T,10,0.0001079876077586,0.0159060761314655,0.0159061865840517,147.28744816852554,1.7176591102631261e-06,37.041278004248085,0.2514761633818146,148.16518609956685,1.005905156479711,79.0,2740.0,16000004.0,0.2499998750000312,bandwidth_opt,logical_bandwidth_gb_s,tie_or_uncertain
INTEL,Intel CPU,CPU,CPU package RAPL,2,4000000,10T,10,0.000109699770316,0.0177628872908235,0.0177629182434649,161.7613544592285,1.9485846559523333e-06,36.46314835917746,0.2251885594109716,145.8526663630248,0.9007546880211178,95.0,2739.0,16000004.0,0.2499998750000312,bandwidth_opt,logical_bandwidth_gb_s,tie_or_uncertain
INTEL,Intel CPU,CPU,CPU package RAPL,3,4000000,10T,10,0.0001060322563615,0.01763925029036,0.0176395095554851,166.35222038017093,1.8703295088121147e-06,37.72435990009157,0.22676695064449728,150.89751504910495,0.9070682561120038,98.5,2739.0,16000004.0,0.2499998750000312,bandwidth_opt,logical_bandwidth_gb_s,tie_or_uncertain
INTEL,Intel CPU,CPU,CPU package RAPL,4,4000000,10T,10,0.0001102948167712,0.0181278886321118,0.0181280014306151,164.21567573409732,1.9994121551274903e-06,36.26642771706815,0.22065443368371038,145.06578340114615,0.8826181760438192,97.0,2739.0,16000004.0,0.2499998750000312,bandwidth_opt,logical_bandwidth_gb_s,tie_or_uncertain
INTEL,Intel CPU,CPU,CPU package RAPL,5,4000000,10T,10,0.0001117615967885,0.0184009465878679,0.018400990912132,164.5891635306892,2.056519173080017e-06,35.79046036331856,0.21738006688401978,143.16191303421286,0.8695207022963216,98.0,2739.5,16000004.0,0.2499998750000312,bandwidth_opt,logical_bandwidth_gb_s,tie_or_uncertain
INTEL,Intel CPU,CPU,CPU package RAPL,1,4000000,16T,16,0.0001169891759776,0.0150308241969273,0.0150312640828677,128.50855032154686,1.7584437370626962e-06,34.191188770881524,0.26611973818559503,136.76482346592073,1.0644794849819896,81.0,3376.0,16000004.0,0.2499998750000312,bytes_per_j_opt,logical_gb_per_j,tie_or_uncertain
INTEL,Intel CPU,CPU,CPU package RAPL,2,4000000,16T,16,0.0001161608529377,0.0152652467261559,0.0152669772858963,131.4554672415052,1.773224080014702e-06,34.43500025043119,0.26203303960664387,137.74006987174246,1.048132682492786,85.0,3377.5,16000004.0,0.2499998750000312,bytes_per_j_opt,logical_gb_per_j,tie_or_uncertain
INTEL,Intel CPU,CPU,CPU package RAPL,3,4000000,16T,16,0.0001173349742147,0.0159256246483825,0.0159265015822784,135.5925502236757,1.8686327574709513e-06,34.09042382095543,0.2511674793494686,136.3617634646864,1.0046704197329588,89.0,3365.0,16000004.0,0.2499998750000312,bytes_per_j_opt,logical_gb_per_j,tie_or_uncertain
INTEL,Intel CPU,CPU,CPU package RAPL,4,4000000,16T,16,0.0001147150451583,0.0153404463244541,0.0153418097633474,133.7663748463258,1.7597799928582292e-06,34.86900078782375,0.2607485411701242,139.47607288931403,1.0429946861777095,88.0,3343.5,16000004.0,0.2499998750000312,bytes_per_j_opt,logical_gb_per_j,tie_or_uncertain
INTEL,Intel CPU,CPU,CPU package RAPL,5,4000000,16T,16,0.0001149571641278,0.0156770085328141,0.015677210113389,136.31235557766496,1.8021844429396318e-06,34.79556085389448,0.25515065528142444,139.182313006717,1.0206031314271358,89.5,3385.0,16000004.0,0.2499998750000312,bytes_per_j_opt,logical_gb_per_j,tie_or_uncertain
INTEL,Intel CPU,CPU,CPU package RAPL,1,8000000,16T,16,0.0004301337907375,0.0470652347770154,0.0477225310891938,109.36467844089807,2.0244347846588052e-05,18.598861964049227,0.16997682127587835,74.3954664550612,0.6799074550803559,72.0,3353.5,32000004.0,0.2499999375000078,runtime_opt,runtime_s,tie_or_uncertain
INTEL,Intel CPU,CPU,CPU package RAPL,2,8000000,16T,16,0.0004321208530805,0.0506311227919,0.0512420129254631,117.15309925084216,2.1878763973259373e-05,18.513337051358818,0.15800556177434494,74.05336671877463,0.6320224051029613,81.0,3348.0,32000004.0,0.2499999375000078,runtime_opt,runtime_s,tie_or_uncertain
INTEL,Intel CPU,CPU,CPU package RAPL,3,8000000,16T,16,0.0004298938679245,0.0521647459262435,0.0528062088336192,121.38087668474046,2.242530439553162e-05,18.609241947607863,0.1533602600367558,74.43698639967573,0.6134411935073024,85.0,3362.0,32000004.0,0.2499999375000078,runtime_opt,runtime_s,tie_or_uncertain
INTEL,Intel CPU,CPU,CPU package RAPL,4,8000000,16T,16,0.0004282632139812,0.0524841031543052,0.0531331975703324,122.55620974098672,2.247701069978358e-05,18.68009845074199,0.15242708780751588,74.72041248306874,0.6097085036571704,87.0,3216.0,32000004.0,0.2499999375000078,runtime_opt,runtime_s,tie_or_uncertain
INTEL,Intel CPU,CPU,CPU package RAPL,5,8000000,16T,16,0.0004303562848562,0.0544195231660231,0.055075303088803,126.46050029857406,2.3419783813375614e-05,18.589246355895867,0.14700604736270106,74.35700401283215,0.5880243364568699,87.0,3422.0,32000004.0,0.2499999375000078,runtime_opt,runtime_s,tie_or_uncertain
INTEL,Intel CPU,CPU,CPU package RAPL,1,8000000,4T,4,0.0005419494594594,0.0452274297297297,0.0458240802702702,83.6740592462328,2.4510981094765007e-05,14.761522242277128,0.17688378596366042,59.0461037306326,0.7075353207384497,81.0,1839.5,32000004.0,0.2499999375000078,energy_opt,energy_j,tie_or_uncertain
INTEL,Intel CPU,CPU,CPU package RAPL,2,8000000,4T,4,0.0005424970238095,0.046025608495671,0.0466188685064935,84.81243858665174,2.4968755627922757e-05,14.746622836421738,0.17381625711156976,58.98650609231163,0.6952652022625578,83.0,1924.0,32000004.0,0.2499999375000078,energy_opt,energy_j,tie_or_uncertain
INTEL,Intel CPU,CPU,CPU package RAPL,3,8000000,4T,4,0.0005385964017185,0.0468074038668098,0.0473999626745435,86.87843407128013,2.521029929644836e-05,14.853420807258269,0.17091311072846405,59.41369808245573,0.6836526138269884,87.0,1916.5,32000004.0,0.2499999375000078,energy_opt,energy_j,tie_or_uncertain
INTEL,Intel CPU,CPU,CPU package RAPL,4,8000000,4T,4,0.0005387305825242,0.0478604439050701,0.0484445466558791,88.79215427854257,2.578388482484521e-05,14.849721288359635,0.1671526285018957,59.39890000316169,0.6686106811602321,89.0,1779.0,32000004.0,0.2499999375000078,energy_opt,energy_j,tie_or_uncertain
INTEL,Intel CPU,CPU,CPU package RAPL,5,8000000,4T,4,0.0005368710455764,0.0480219943699731,0.0486065278820375,89.44298525694751,2.5781618328071453e-05,14.901155623714022,0.16659031148032016,59.60463739601357,0.666361412511613,91.0,1915.0,32000004.0,0.2499999375000078,energy_opt,energy_j,tie_or_uncertain
INTEL,Intel CPU,CPU,CPU package RAPL,1,8000000,16T,16,0.0004301337907375,0.0470652347770154,0.0477225310891938,109.36467844089807,2.0244347846588052e-05,18.598861964049227,0.16997682127587835,74.3954664550612,0.6799074550803559,72.0,3353.5,32000004.0,0.2499999375000078,edp_opt,edp_j_s,tie_or_uncertain
INTEL,Intel CPU,CPU,CPU package RAPL,2,8000000,16T,16,0.0004321208530805,0.0506311227919,0.0512420129254631,117.15309925084216,2.1878763973259373e-05,18.513337051358818,0.15800556177434494,74.05336671877463,0.6320224051029613,81.0,3348.0,32000004.0,0.2499999375000078,edp_opt,edp_j_s,tie_or_uncertain
INTEL,Intel CPU,CPU,CPU package RAPL,3,8000000,16T,16,0.0004298938679245,0.0521647459262435,0.0528062088336192,121.38087668474046,2.242530439553162e-05,18.609241947607863,0.1533602600367558,74.43698639967573,0.6134411935073024,85.0,3362.0,32000004.0,0.2499999375000078,edp_opt,edp_j_s,tie_or_uncertain
INTEL,Intel CPU,CPU,CPU package RAPL,4,8000000,16T,16,0.0004282632139812,0.0524841031543052,0.0531331975703324,122.55620974098672,2.247701069978358e-05,18.68009845074199,0.15242708780751588,74.72041248306874,0.6097085036571704,87.0,3216.0,32000004.0,0.2499999375000078,edp_opt,edp_j_s,tie_or_uncertain
INTEL,Intel CPU,CPU,CPU package RAPL,5,8000000,16T,16,0.0004303562848562,0.0544195231660231,0.055075303088803,126.46050029857406,2.3419783813375614e-05,18.589246355895867,0.14700604736270106,74.35700401283215,0.5880243364568699,87.0,3422.0,32000004.0,0.2499999375000078,edp_opt,edp_j_s,tie_or_uncertain
INTEL,Intel CPU,CPU,CPU package RAPL,1,8000000,16T,16,0.0004301337907375,0.0470652347770154,0.0477225310891938,109.36467844089807,2.0244347846588052e-05,18.598861964049227,0.16997682127587835,74.3954664550612,0.6799074550803559,72.0,3353.5,32000004.0,0.2499999375000078,bandwidth_opt,logical_bandwidth_gb_s,tie_or_uncertain
INTEL,Intel CPU,CPU,CPU package RAPL,2,8000000,16T,16,0.0004321208530805,0.0506311227919,0.0512420129254631,117.15309925084216,2.1878763973259373e-05,18.513337051358818,0.15800556177434494,74.05336671877463,0.6320224051029613,81.0,3348.0,32000004.0,0.2499999375000078,bandwidth_opt,logical_bandwidth_gb_s,tie_or_uncertain
INTEL,Intel CPU,CPU,CPU package RAPL,3,8000000,16T,16,0.0004298938679245,0.0521647459262435,0.0528062088336192,121.38087668474046,2.242530439553162e-05,18.609241947607863,0.1533602600367558,74.43698639967573,0.6134411935073024,85.0,3362.0,32000004.0,0.2499999375000078,bandwidth_opt,logical_bandwidth_gb_s,tie_or_uncertain
INTEL,Intel CPU,CPU,CPU package RAPL,4,8000000,16T,16,0.0004282632139812,0.0524841031543052,0.0531331975703324,122.55620974098672,2.247701069978358e-05,18.68009845074199,0.15242708780751588,74.72041248306874,0.6097085036571704,87.0,3216.0,32000004.0,0.2499999375000078,bandwidth_opt,logical_bandwidth_gb_s,tie_or_uncertain
INTEL,Intel CPU,CPU,CPU package RAPL,5,8000000,16T,16,0.0004303562848562,0.0544195231660231,0.055075303088803,126.46050029857406,2.3419783813375614e-05,18.589246355895867,0.14700604736270106,74.35700401283215,0.5880243364568699,87.0,3422.0,32000004.0,0.2499999375000078,bandwidth_opt,logical_bandwidth_gb_s,tie_or_uncertain
INTEL,Intel CPU,CPU,CPU package RAPL,1,8000000,4T,4,0.0005419494594594,0.0452274297297297,0.0458240802702702,83.6740592462328,2.4510981094765007e-05,14.761522242277128,0.17688378596366042,59.0461037306326,0.7075353207384497,81.0,1839.5,32000004.0,0.2499999375000078,bytes_per_j_opt,logical_gb_per_j,tie_or_uncertain
INTEL,Intel CPU,CPU,CPU package RAPL,2,8000000,4T,4,0.0005424970238095,0.046025608495671,0.0466188685064935,84.81243858665174,2.4968755627922757e-05,14.746622836421738,0.17381625711156976,58.98650609231163,0.6952652022625578,83.0,1924.0,32000004.0,0.2499999375000078,bytes_per_j_opt,logical_gb_per_j,tie_or_uncertain
INTEL,Intel CPU,CPU,CPU package RAPL,3,8000000,4T,4,0.0005385964017185,0.0468074038668098,0.0473999626745435,86.87843407128013,2.521029929644836e-05,14.853420807258269,0.17091311072846405,59.41369808245573,0.6836526138269884,87.0,1916.5,32000004.0,0.2499999375000078,bytes_per_j_opt,logical_gb_per_j,tie_or_uncertain
INTEL,Intel CPU,CPU,CPU package RAPL,4,8000000,4T,4,0.0005387305825242,0.0478604439050701,0.0484445466558791,88.79215427854257,2.578388482484521e-05,14.849721288359635,0.1671526285018957,59.39890000316169,0.6686106811602321,89.0,1779.0,32000004.0,0.2499999375000078,bytes_per_j_opt,logical_gb_per_j,tie_or_uncertain
INTEL,Intel CPU,CPU,CPU package RAPL,5,8000000,4T,4,0.0005368710455764,0.0480219943699731,0.0486065278820375,89.44298525694751,2.5781618328071453e-05,14.901155623714022,0.16659031148032016,59.60463739601357,0.666361412511613,91.0,1915.0,32000004.0,0.2499999375000078,bytes_per_j_opt,logical_gb_per_j,tie_or_uncertain
INTEL,Intel CPU,CPU,CPU package RAPL,1,16000000,8T,8,0.0012930947164948,0.1444347268041237,0.1460441842783505,111.67276787944658,0.0001867677821087822,12.373416112449442,0.11077667645467648,49.49367063650621,0.4431067612070476,83.0,2459.5,64000004.0,0.2499999687500019,runtime_opt,runtime_s,tie_or_uncertain
INTEL,Intel CPU,CPU,CPU package RAPL,2,16000000,8T,8,0.0012923481338481,0.1545798564993565,0.1560986821106821,119.56172208426212,0.00019977098907745044,12.380564169159554,0.10350636468644028,49.522262866920684,0.4140255104989467,88.0,2319.5,64000004.0,0.2499999687500019,runtime_opt,runtime_s,tie_or_uncertain
INTEL,Intel CPU,CPU,CPU package RAPL,3,16000000,8T,8,0.0012899099099099,0.1520798166023166,0.1536365765765766,117.76551345593518,0.0001961692625326083,12.403966259254181,0.10520790567389647,49.61587123900024,0.4208316752995421,88.0,2389.0,64000004.0,0.2499999687500019,runtime_opt,runtime_s,tie_or_uncertain
INTEL,Intel CPU,CPU,CPU package RAPL,4,16000000,8T,8,0.0012906685971685,0.1515380431145431,0.1531264369369369,117.47838782755406,0.00019558539352430702,12.396674897879429,0.10558404128200387,49.58670578985555,0.42233621792003934,89.0,2459.5,64000004.0,0.2499999687500019,runtime_opt,runtime_s,tie_or_uncertain
INTEL,Intel CPU,CPU,CPU package RAPL,5,16000000,8T,8,0.0012897078507078,0.1512577303732303,0.1528260495495495,117.36103741120006,0.00019507828234259874,12.405909595121948,0.10577971096432433,49.623644583442974,0.4231188967471561,89.0,2459.0,64000004.0,0.2499999687500019,runtime_opt,runtime_s,tie_or_uncertain
INTEL,Intel CPU,CPU,CPU package RAPL,1,16000000,4T,4,0.0013606474184782,0.0965711358695652,0.098055890625,70.85577213558801,0.0001313992667204314,11.759107306354949,0.16568096518622874,47.03643510497382,0.6627239435854029,57.0,1899.5,64000004.0,0.2499999687500019,energy_opt,energy_j,clear_leader
INTEL,Intel CPU,CPU,CPU package RAPL,2,16000000,4T,4,0.0013508562753036,0.1095564662618083,0.1110782071524966,81.05719177432391,0.00014799503994985088,11.844338507739515,0.14604340159862975,47.37735995312769,0.5841736794162243,80.0,1922.5,64000004.0,0.2499999687500019,energy_opt,energy_j,clear_leader
INTEL,Intel CPU,CPU,CPU package RAPL,3,16000000,4T,4,0.0013632643051771,0.1152351600817438,0.1167755926430517,84.47551486110957,0.00015709598044081035,11.736534829848317,0.13884650300004062,46.946145187661045,0.5553860814234183,86.0,1895.0,64000004.0,0.2499999687500019,energy_opt,energy_j,clear_leader
INTEL,Intel CPU,CPU,CPU package RAPL,4,16000000,4T,4,0.0013424564926372,0.1151314966532797,0.1166495147255689,85.79198969743271,0.0001545590251892334,11.91844881957304,0.13897151922018566,47.67380123751695,0.5558861463665066,89.0,1779.0,64000004.0,0.2499999687500019,energy_opt,energy_j,clear_leader
INTEL,Intel CPU,CPU,CPU package RAPL,5,16000000,4T,4,0.0013675532060027,0.1163391630286493,0.1178627135061391,85.03775639630655,0.00015909999538350013,11.699726877001968,0.13752891617468396,46.79891335787168,0.5501157334631982,86.5,1900.0,64000004.0,0.2499999687500019,energy_opt,energy_j,clear_leader
INTEL,Intel CPU,CPU,CPU package RAPL,1,16000000,4T,4,0.0013606474184782,0.0965711358695652,0.098055890625,70.85577213558801,0.0001313992667204314,11.759107306354949,0.16568096518622874,47.03643510497382,0.6627239435854029,57.0,1899.5,64000004.0,0.2499999687500019,edp_opt,edp_j_s,clear_leader
INTEL,Intel CPU,CPU,CPU package RAPL,2,16000000,4T,4,0.0013508562753036,0.1095564662618083,0.1110782071524966,81.05719177432391,0.00014799503994985088,11.844338507739515,0.14604340159862975,47.37735995312769,0.5841736794162243,80.0,1922.5,64000004.0,0.2499999687500019,edp_opt,edp_j_s,clear_leader
INTEL,Intel CPU,CPU,CPU package RAPL,3,16000000,4T,4,0.0013632643051771,0.1152351600817438,0.1167755926430517,84.47551486110957,0.00015709598044081035,11.736534829848317,0.13884650300004062,46.946145187661045,0.5553860814234183,86.0,1895.0,64000004.0,0.2499999687500019,edp_opt,edp_j_s,clear_leader
INTEL,Intel CPU,CPU,CPU package RAPL,4,16000000,4T,4,0.0013424564926372,0.1151314966532797,0.1166495147255689,85.79198969743271,0.0001545590251892334,11.91844881957304,0.13897151922018566,47.67380123751695,0.5558861463665066,89.0,1779.0,64000004.0,0.2499999687500019,edp_opt,edp_j_s,clear_leader
INTEL,Intel CPU,CPU,CPU package RAPL,5,16000000,4T,4,0.0013675532060027,0.1163391630286493,0.1178627135061391,85.03775639630655,0.00015909999538350013,11.699726877001968,0.13752891617468396,46.79891335787168,0.5501157334631982,86.5,1900.0,64000004.0,0.2499999687500019,edp_opt,edp_j_s,clear_leader
INTEL,Intel CPU,CPU,CPU package RAPL,1,16000000,8T,8,0.0012930947164948,0.1444347268041237,0.1460441842783505,111.67276787944658,0.0001867677821087822,12.373416112449442,0.11077667645467648,49.49367063650621,0.4431067612070476,83.0,2459.5,64000004.0,0.2499999687500019,bandwidth_opt,logical_bandwidth_gb_s,tie_or_uncertain
INTEL,Intel CPU,CPU,CPU package RAPL,2,16000000,8T,8,0.0012923481338481,0.1545798564993565,0.1560986821106821,119.56172208426212,0.00019977098907745044,12.380564169159554,0.10350636468644028,49.522262866920684,0.4140255104989467,88.0,2319.5,64000004.0,0.2499999687500019,bandwidth_opt,logical_bandwidth_gb_s,tie_or_uncertain
INTEL,Intel CPU,CPU,CPU package RAPL,3,16000000,8T,8,0.0012899099099099,0.1520798166023166,0.1536365765765766,117.76551345593518,0.0001961692625326083,12.403966259254181,0.10520790567389647,49.61587123900024,0.4208316752995421,88.0,2389.0,64000004.0,0.2499999687500019,bandwidth_opt,logical_bandwidth_gb_s,tie_or_uncertain
INTEL,Intel CPU,CPU,CPU package RAPL,4,16000000,8T,8,0.0012906685971685,0.1515380431145431,0.1531264369369369,117.47838782755406,0.00019558539352430702,12.396674897879429,0.10558404128200387,49.58670578985555,0.42233621792003934,89.0,2459.5,64000004.0,0.2499999687500019,bandwidth_opt,logical_bandwidth_gb_s,tie_or_uncertain
INTEL,Intel CPU,CPU,CPU package RAPL,5,16000000,8T,8,0.0012897078507078,0.1512577303732303,0.1528260495495495,117.36103741120006,0.00019507828234259874,12.405909595121948,0.10577971096432433,49.623644583442974,0.4231188967471561,89.0,2459.0,64000004.0,0.2499999687500019,bandwidth_opt,logical_bandwidth_gb_s,tie_or_uncertain
INTEL,Intel CPU,CPU,CPU package RAPL,1,16000000,4T,4,0.0013606474184782,0.0965711358695652,0.098055890625,70.85577213558801,0.0001313992667204314,11.759107306354949,0.16568096518622874,47.03643510497382,0.6627239435854029,57.0,1899.5,64000004.0,0.2499999687500019,bytes_per_j_opt,logical_gb_per_j,clear_leader
INTEL,Intel CPU,CPU,CPU package RAPL,2,16000000,4T,4,0.0013508562753036,0.1095564662618083,0.1110782071524966,81.05719177432391,0.00014799503994985088,11.844338507739515,0.14604340159862975,47.37735995312769,0.5841736794162243,80.0,1922.5,64000004.0,0.2499999687500019,bytes_per_j_opt,logical_gb_per_j,clear_leader
INTEL,Intel CPU,CPU,CPU package RAPL,3,16000000,4T,4,0.0013632643051771,0.1152351600817438,0.1167755926430517,84.47551486110957,0.00015709598044081035,11.736534829848317,0.13884650300004062,46.946145187661045,0.5553860814234183,86.0,1895.0,64000004.0,0.2499999687500019,bytes_per_j_opt,logical_gb_per_j,clear_leader
INTEL,Intel CPU,CPU,CPU package RAPL,4,16000000,4T,4,0.0013424564926372,0.1151314966532797,0.1166495147255689,85.79198969743271,0.0001545590251892334,11.91844881957304,0.13897151922018566,47.67380123751695,0.5558861463665066,89.0,1779.0,64000004.0,0.2499999687500019,bytes_per_j_opt,logical_gb_per_j,clear_leader
INTEL,Intel CPU,CPU,CPU package RAPL,5,16000000,4T,4,0.0013675532060027,0.1163391630286493,0.1178627135061391,85.03775639630655,0.00015909999538350013,11.699726877001968,0.13752891617468396,46.79891335787168,0.5501157334631982,86.5,1900.0,64000004.0,0.2499999687500019,bytes_per_j_opt,logical_gb_per_j,clear_leader
INTEL,Intel CPU,CPU,CPU package RAPL,1,32000000,8T,8,0.0029190130813953,0.3305232427325582,0.3339473299418604,113.23527460701618,0.0009648016692415314,10.962608973545219,0.09681618374382432,43.8504386348332,0.387264759179344,82.0,2452.5,128000004.0,0.2499999843750004,runtime_opt,runtime_s,clear_leader
INTEL,Intel CPU,CPU,CPU package RAPL,2,32000000,8T,8,0.0029181511627906,0.3269023953488372,0.330249625,112.08856121186896,0.0009539506051062417,10.965846940361619,0.09788854243742336,43.863390502908295,0.39155419422182985,84.0,2459.5,128000004.0,0.2499999843750004,runtime_opt,runtime_s,clear_leader
INTEL,Intel CPU,CPU,CPU package RAPL,3,32000000,8T,8,0.0029195218023255,0.3404625450581395,0.3439209898255814,116.74488770177848,0.0009939878231724662,10.960698760499373,0.09398977791972823,43.84279778217226,0.37595913517635815,86.0,2459.5,128000004.0,0.2499999843750004,runtime_opt,runtime_s,clear_leader
INTEL,Intel CPU,CPU,CPU package RAPL,4,32000000,8T,8,0.0029161090116279,0.3305836584302325,0.3341013691860465,113.36403992222677,0.0009640179854453207,10.973526323056145,0.09679849013696298,43.894108035606244,0.3871939847474752,85.0,2459.0,128000004.0,0.2499999843750004,runtime_opt,runtime_s,clear_leader
INTEL,Intel CPU,CPU,CPU package RAPL,5,32000000,8T,8,0.0029158183139534,0.3336520857558139,0.3372560363372092,114.41647004238408,0.0009728688621355525,10.97462034821125,0.09590828400641101,43.898484136500166,0.38363316000271575,87.0,2382.0,128000004.0,0.2499999843750004,runtime_opt,runtime_s,clear_leader
INTEL,Intel CPU,CPU,CPU package RAPL,1,32000000,4T,4,0.0029899656716417,0.2375231686567164,0.2408201313432836,79.43318747833995,0.0007101861205031438,10.702463678263493,0.13472369529664047,42.80985738866997,0.5388948148674867,79.0,1924.0,128000004.0,0.2499999843750004,energy_opt,energy_j,tie_or_uncertain
INTEL,Intel CPU,CPU,CPU package RAPL,2,32000000,4T,4,0.0030117364457831,0.2407920843373494,0.2441076912650602,79.99247133910598,0.0007252022962548732,10.625099365784473,0.1328947298581794,42.50040011941282,0.5315789526564012,79.0,1903.0,128000004.0,0.2499999843750004,energy_opt,energy_j,tie_or_uncertain
INTEL,Intel CPU,CPU,CPU package RAPL,3,32000000,4T,4,0.0030052964071856,0.2570190254491018,0.2603001646706586,85.4646857778963,0.0007724183537605301,10.647867852065666,0.12450439785181212,42.591474070229715,0.49801762253334897,90.0,1924.0,128000004.0,0.2499999843750004,energy_opt,energy_j,tie_or_uncertain
INTEL,Intel CPU,CPU,CPU package RAPL,4,32000000,4T,4,0.0030085677710843,0.2571715240963855,0.2604916927710843,85.49197806867011,0.0007737179590370148,10.636289900980715,0.12443056871260248,42.545162262995426,0.49772230595805306,88.0,1899.5,128000004.0,0.2499999843750004,energy_opt,energy_j,tie_or_uncertain
INTEL,Intel CPU,CPU,CPU package RAPL,5,32000000,4T,4,0.0030099563253012,0.2542132575301205,0.2575388418674699,84.32594036242953,0.000765170802478209,10.631383163607143,0.12587856082292828,42.52553531227444,0.5035142747613544,88.0,1922.5,128000004.0,0.2499999843750004,energy_opt,energy_j,tie_or_uncertain
INTEL,Intel CPU,CPU,CPU package RAPL,1,32000000,4T,4,0.0029899656716417,0.2375231686567164,0.2408201313432836,79.43318747833995,0.0007101861205031438,10.702463678263493,0.13472369529664047,42.80985738866997,0.5388948148674867,79.0,1924.0,128000004.0,0.2499999843750004,edp_opt,edp_j_s,clear_leader
INTEL,Intel CPU,CPU,CPU package RAPL,2,32000000,4T,4,0.0030117364457831,0.2407920843373494,0.2441076912650602,79.99247133910598,0.0007252022962548732,10.625099365784473,0.1328947298581794,42.50040011941282,0.5315789526564012,79.0,1903.0,128000004.0,0.2499999843750004,edp_opt,edp_j_s,clear_leader
INTEL,Intel CPU,CPU,CPU package RAPL,3,32000000,4T,4,0.0030052964071856,0.2570190254491018,0.2603001646706586,85.4646857778963,0.0007724183537605301,10.647867852065666,0.12450439785181212,42.591474070229715,0.49801762253334897,90.0,1924.0,128000004.0,0.2499999843750004,edp_opt,edp_j_s,clear_leader
INTEL,Intel CPU,CPU,CPU package RAPL,4,32000000,4T,4,0.0030085677710843,0.2571715240963855,0.2604916927710843,85.49197806867011,0.0007737179590370148,10.636289900980715,0.12443056871260248,42.545162262995426,0.49772230595805306,88.0,1899.5,128000004.0,0.2499999843750004,edp_opt,edp_j_s,clear_leader
INTEL,Intel CPU,CPU,CPU package RAPL,5,32000000,4T,4,0.0030099563253012,0.2542132575301205,0.2575388418674699,84.32594036242953,0.000765170802478209,10.631383163607143,0.12587856082292828,42.52553531227444,0.5035142747613544,88.0,1922.5,128000004.0,0.2499999843750004,edp_opt,edp_j_s,clear_leader
INTEL,Intel CPU,CPU,CPU package RAPL,1,32000000,8T,8,0.0029190130813953,0.3305232427325582,0.3339473299418604,113.23527460701618,0.0009648016692415314,10.962608973545219,0.09681618374382432,43.8504386348332,0.387264759179344,82.0,2452.5,128000004.0,0.2499999843750004,bandwidth_opt,logical_bandwidth_gb_s,clear_leader
INTEL,Intel CPU,CPU,CPU package RAPL,2,32000000,8T,8,0.0029181511627906,0.3269023953488372,0.330249625,112.08856121186896,0.0009539506051062417,10.965846940361619,0.09788854243742336,43.863390502908295,0.39155419422182985,84.0,2459.5,128000004.0,0.2499999843750004,bandwidth_opt,logical_bandwidth_gb_s,clear_leader
INTEL,Intel CPU,CPU,CPU package RAPL,3,32000000,8T,8,0.0029195218023255,0.3404625450581395,0.3439209898255814,116.74488770177848,0.0009939878231724662,10.960698760499373,0.09398977791972823,43.84279778217226,0.37595913517635815,86.0,2459.5,128000004.0,0.2499999843750004,bandwidth_opt,logical_bandwidth_gb_s,clear_leader
INTEL,Intel CPU,CPU,CPU package RAPL,4,32000000,8T,8,0.0029161090116279,0.3305836584302325,0.3341013691860465,113.36403992222677,0.0009640179854453207,10.973526323056145,0.09679849013696298,43.894108035606244,0.3871939847474752,85.0,2459.0,128000004.0,0.2499999843750004,bandwidth_opt,logical_bandwidth_gb_s,clear_leader
INTEL,Intel CPU,CPU,CPU package RAPL,5,32000000,8T,8,0.0029158183139534,0.3336520857558139,0.3372560363372092,114.41647004238408,0.0009728688621355525,10.97462034821125,0.09590828400641101,43.898484136500166,0.38363316000271575,87.0,2382.0,128000004.0,0.2499999843750004,bandwidth_opt,logical_bandwidth_gb_s,clear_leader
INTEL,Intel CPU,CPU,CPU package RAPL,1,32000000,4T,4,0.0029899656716417,0.2375231686567164,0.2408201313432836,79.43318747833995,0.0007101861205031438,10.702463678263493,0.13472369529664047,42.80985738866997,0.5388948148674867,79.0,1924.0,128000004.0,0.2499999843750004,bytes_per_j_opt,logical_gb_per_j,tie_or_uncertain
INTEL,Intel CPU,CPU,CPU package RAPL,2,32000000,4T,4,0.0030117364457831,0.2407920843373494,0.2441076912650602,79.99247133910598,0.0007252022962548732,10.625099365784473,0.1328947298581794,42.50040011941282,0.5315789526564012,79.0,1903.0,128000004.0,0.2499999843750004,bytes_per_j_opt,logical_gb_per_j,tie_or_uncertain
INTEL,Intel CPU,CPU,CPU package RAPL,3,32000000,4T,4,0.0030052964071856,0.2570190254491018,0.2603001646706586,85.4646857778963,0.0007724183537605301,10.647867852065666,0.12450439785181212,42.591474070229715,0.49801762253334897,90.0,1924.0,128000004.0,0.2499999843750004,bytes_per_j_opt,logical_gb_per_j,tie_or_uncertain
INTEL,Intel CPU,CPU,CPU package RAPL,4,32000000,4T,4,0.0030085677710843,0.2571715240963855,0.2604916927710843,85.49197806867011,0.0007737179590370148,10.636289900980715,0.12443056871260248,42.545162262995426,0.49772230595805306,88.0,1899.5,128000004.0,0.2499999843750004,bytes_per_j_opt,logical_gb_per_j,tie_or_uncertain
INTEL,Intel CPU,CPU,CPU package RAPL,5,32000000,4T,4,0.0030099563253012,0.2542132575301205,0.2575388418674699,84.32594036242953,0.000765170802478209,10.631383163607143,0.12587856082292828,42.52553531227444,0.5035142747613544,88.0,1922.5,128000004.0,0.2499999843750004,bytes_per_j_opt,logical_gb_per_j,tie_or_uncertain
INTEL,Intel CPU,CPU,CPU package RAPL,1,64000000,8T,8,0.0061870552147239,0.6832205490797546,0.6908436564417177,110.47097166097004,0.004227123260990421,10.344177767751834,0.0936739960269097,41.37671236402957,0.3746959958168885,81.0,2459.5,256000004.0,0.2499999921875001,runtime_opt,runtime_s,tie_or_uncertain
INTEL,Intel CPU,CPU,CPU package RAPL,2,64000000,8T,8,0.0061823159509202,0.6741486104294478,0.6813780245398773,109.04163607174416,0.0041677997075486636,10.352107447771896,0.0949345559864472,41.408431085101036,0.37973823581260846,80.5,2459.0,256000004.0,0.2499999921875001,runtime_opt,runtime_s,tie_or_uncertain
INTEL,Intel CPU,CPU,CPU package RAPL,3,64000000,8T,8,0.0061640398773006,0.7037822239263803,0.7111842331288343,114.16910646579646,0.004338141693217509,10.382800934770612,0.09093722010048207,41.53120503693258,0.36374889176908093,86.0,2460.0,256000004.0,0.2499999921875001,runtime_opt,runtime_s,tie_or_uncertain
INTEL,Intel CPU,CPU,CPU package RAPL,4,64000000,8T,8,0.0061784386503067,0.724386036809816,0.7319241993865031,117.23133142590518,0.004475574687568259,10.358603948721417,0.0883506800902112,41.43441708971118,0.35340273140468,90.0,2459.0,256000004.0,0.2499999921875001,runtime_opt,runtime_s,tie_or_uncertain
INTEL,Intel CPU,CPU,CPU package RAPL,5,64000000,8T,8,0.0061814104938271,0.7259423796296296,0.7333083858024692,117.43116752344434,0.004487347843356409,10.353623831310328,0.08816126568151637,41.41449661944431,0.35264507374622395,87.0,2320.0,256000004.0,0.2499999921875001,runtime_opt,runtime_s,tie_or_uncertain
INTEL,Intel CPU,CPU,CPU package RAPL,1,64000000,4T,4,0.0062528062499999,0.5008005656250001,0.5081277375,80.11298088630241,0.0031314089067434854,10.235404143539714,0.12779538082215997,40.9416178535844,0.5111815392630628,81.0,1923.5,256000004.0,0.2499999921875001,energy_opt,energy_j,tie_or_uncertain
INTEL,Intel CPU,CPU,CPU package RAPL,2,64000000,4T,4,0.0062644937499999,0.514445896875,0.52143565625,82.11587562347637,0.0032227431056865304,10.216308221235119,0.12440569433786487,40.865234161979025,0.4976227929021715,85.0,1881.5,256000004.0,0.2499999921875001,energy_opt,energy_j,tie_or_uncertain
INTEL,Intel CPU,CPU,CPU package RAPL,3,64000000,4T,4,0.006271321875,0.5137941562499999,0.52081638125,81.92238164329146,0.0032221685313377924,10.205184851877819,0.12456350120272511,40.8207406831594,0.49825402038133837,85.0,1923.5,256000004.0,0.2499999921875001,energy_opt,energy_j,tie_or_uncertain
INTEL,Intel CPU,CPU,CPU package RAPL,4,64000000,4T,4,0.0062614375,0.525589740625,0.532544259375,83.9157283982693,0.003290947311564648,10.221294870387192,0.12176797614788869,40.88518075921065,0.48707191981255205,88.0,1924.0,256000004.0,0.2499999921875001,energy_opt,energy_j,tie_or_uncertain
INTEL,Intel CPU,CPU,CPU package RAPL,5,64000000,4T,4,0.0062722874999999,0.5282039468749999,0.535286653125,83.9660422679874,0.003313047013434673,10.203613753355697,0.1211653176365713,40.814456288874524,0.48466128569195016,87.0,1900.0,256000004.0,0.2499999921875001,energy_opt,energy_j,tie_or_uncertain
INTEL,Intel CPU,CPU,CPU package RAPL,1,64000000,4T,4,0.0062528062499999,0.5008005656250001,0.5081277375,80.11298088630241,0.0031314089067434854,10.235404143539714,0.12779538082215997,40.9416178535844,0.5111815392630628,81.0,1923.5,256000004.0,0.2499999921875001,edp_opt,edp_j_s,clear_leader
INTEL,Intel CPU,CPU,CPU package RAPL,2,64000000,4T,4,0.0062644937499999,0.514445896875,0.52143565625,82.11587562347637,0.0032227431056865304,10.216308221235119,0.12440569433786487,40.865234161979025,0.4976227929021715,85.0,1881.5,256000004.0,0.2499999921875001,edp_opt,edp_j_s,clear_leader
INTEL,Intel CPU,CPU,CPU package RAPL,3,64000000,4T,4,0.006271321875,0.5137941562499999,0.52081638125,81.92238164329146,0.0032221685313377924,10.205184851877819,0.12456350120272511,40.8207406831594,0.49825402038133837,85.0,1923.5,256000004.0,0.2499999921875001,edp_opt,edp_j_s,clear_leader
INTEL,Intel CPU,CPU,CPU package RAPL,4,64000000,4T,4,0.0062614375,0.525589740625,0.532544259375,83.9157283982693,0.003290947311564648,10.221294870387192,0.12176797614788869,40.88518075921065,0.48707191981255205,88.0,1924.0,256000004.0,0.2499999921875001,edp_opt,edp_j_s,clear_leader
INTEL,Intel CPU,CPU,CPU package RAPL,5,64000000,4T,4,0.0062722874999999,0.5282039468749999,0.535286653125,83.9660422679874,0.003313047013434673,10.203613753355697,0.1211653176365713,40.814456288874524,0.48466128569195016,87.0,1900.0,256000004.0,0.2499999921875001,edp_opt,edp_j_s,clear_leader
INTEL,Intel CPU,CPU,CPU package RAPL,1,64000000,8T,8,0.0061870552147239,0.6832205490797546,0.6908436564417177,110.47097166097004,0.004227123260990421,10.344177767751834,0.0936739960269097,41.37671236402957,0.3746959958168885,81.0,2459.5,256000004.0,0.2499999921875001,bandwidth_opt,logical_bandwidth_gb_s,tie_or_uncertain
INTEL,Intel CPU,CPU,CPU package RAPL,2,64000000,8T,8,0.0061823159509202,0.6741486104294478,0.6813780245398773,109.04163607174416,0.0041677997075486636,10.352107447771896,0.0949345559864472,41.408431085101036,0.37973823581260846,80.5,2459.0,256000004.0,0.2499999921875001,bandwidth_opt,logical_bandwidth_gb_s,tie_or_uncertain
INTEL,Intel CPU,CPU,CPU package RAPL,3,64000000,8T,8,0.0061640398773006,0.7037822239263803,0.7111842331288343,114.16910646579646,0.004338141693217509,10.382800934770612,0.09093722010048207,41.53120503693258,0.36374889176908093,86.0,2460.0,256000004.0,0.2499999921875001,bandwidth_opt,logical_bandwidth_gb_s,tie_or_uncertain
INTEL,Intel CPU,CPU,CPU package RAPL,4,64000000,8T,8,0.0061784386503067,0.724386036809816,0.7319241993865031,117.23133142590518,0.004475574687568259,10.358603948721417,0.0883506800902112,41.43441708971118,0.35340273140468,90.0,2459.0,256000004.0,0.2499999921875001,bandwidth_opt,logical_bandwidth_gb_s,tie_or_uncertain
INTEL,Intel CPU,CPU,CPU package RAPL,5,64000000,8T,8,0.0061814104938271,0.7259423796296296,0.7333083858024692,117.43116752344434,0.004487347843356409,10.353623831310328,0.08816126568151637,41.41449661944431,0.35264507374622395,87.0,2320.0,256000004.0,0.2499999921875001,bandwidth_opt,logical_bandwidth_gb_s,tie_or_uncertain
INTEL,Intel CPU,CPU,CPU package RAPL,1,64000000,4T,4,0.0062528062499999,0.5008005656250001,0.5081277375,80.11298088630241,0.0031314089067434854,10.235404143539714,0.12779538082215997,40.9416178535844,0.5111815392630628,81.0,1923.5,256000004.0,0.2499999921875001,bytes_per_j_opt,logical_gb_per_j,tie_or_uncertain
INTEL,Intel CPU,CPU,CPU package RAPL,2,64000000,4T,4,0.0062644937499999,0.514445896875,0.52143565625,82.11587562347637,0.0032227431056865304,10.216308221235119,0.12440569433786487,40.865234161979025,0.4976227929021715,85.0,1881.5,256000004.0,0.2499999921875001,bytes_per_j_opt,logical_gb_per_j,tie_or_uncertain
INTEL,Intel CPU,CPU,CPU package RAPL,3,64000000,4T,4,0.006271321875,0.5137941562499999,0.52081638125,81.92238164329146,0.0032221685313377924,10.205184851877819,0.12456350120272511,40.8207406831594,0.49825402038133837,85.0,1923.5,256000004.0,0.2499999921875001,bytes_per_j_opt,logical_gb_per_j,tie_or_uncertain
INTEL,Intel CPU,CPU,CPU package RAPL,4,64000000,4T,4,0.0062614375,0.525589740625,0.532544259375,83.9157283982693,0.003290947311564648,10.221294870387192,0.12176797614788869,40.88518075921065,0.48707191981255205,88.0,1924.0,256000004.0,0.2499999921875001,bytes_per_j_opt,logical_gb_per_j,tie_or_uncertain
INTEL,Intel CPU,CPU,CPU package RAPL,5,64000000,4T,4,0.0062722874999999,0.5282039468749999,0.535286653125,83.9660422679874,0.003313047013434673,10.203613753355697,0.1211653176365713,40.814456288874524,0.48466128569195016,87.0,1900.0,256000004.0,0.2499999921875001,bytes_per_j_opt,logical_gb_per_j,tie_or_uncertain
INTEL,Intel CPU,CPU,CPU package RAPL,1,128000000,8T,8,0.0127100063291139,1.3790591708860758,1.3946981012658228,108.59813348298113,0.017527850790184592,10.070805291953283,0.09281690133553674,40.283221797238475,0.3712676111432034,78.0,2459.0,512000004.0,0.24999999609375,runtime_opt,runtime_s,tie_or_uncertain
INTEL,Intel CPU,CPU,CPU package RAPL,2,128000000,8T,8,0.0127212911392405,1.3896572405063292,1.4044638607594937,109.24462287794243,0.01767823434023457,10.061871676308636,0.09210904334464699,40.24748733410152,0.3684361791354032,82.0,2459.0,512000004.0,0.24999999609375,runtime_opt,runtime_s,tie_or_uncertain
INTEL,Intel CPU,CPU,CPU package RAPL,3,128000000,8T,8,0.012714582278481,1.4551671202531646,1.4699950443037977,114.44304457331054,0.018501842079399117,10.06718083193623,0.08796240460527381,40.268723956943724,0.3518496239187456,86.5,2448.0,512000004.0,0.24999999609375,runtime_opt,runtime_s,tie_or_uncertain
INTEL,Intel CPU,CPU,CPU package RAPL,4,128000000,8T,8,0.0127224493670886,1.5519496962025316,1.5677444303797468,121.98398526114582,0.019744601430205243,10.060955662446585,0.08247689942090483,40.24382327859607,0.3299076028384256,90.0,2459.5,512000004.0,0.24999999609375,runtime_opt,runtime_s,tie_or_uncertain
INTEL,Intel CPU,CPU,CPU package RAPL,5,128000000,8T,8,0.0127107784810126,1.4511283797468355,1.4664681645569622,114.10060489044564,0.018444971382472756,10.070193512632352,0.08820721914509792,40.28077467991651,0.35282888209334295,87.0,2385.5,512000004.0,0.24999999609375,runtime_opt,runtime_s,tie_or_uncertain
INTEL,Intel CPU,CPU,CPU package RAPL,1,128000000,4T,4,0.012825532051282,0.8998710897435898,0.9139172692307692,70.10515295311774,0.011541325503528472,9.980092715701844,0.14224259503266456,39.92037148656317,0.5689703890208206,60.0,1893.5,512000004.0,0.24999999609375,energy_opt,energy_j,tie_or_uncertain
INTEL,Intel CPU,CPU,CPU package RAPL,2,128000000,4T,4,0.0127945897435897,1.0471371987179487,1.060939173076923,81.91783286265236,0.013397690862847917,10.004228471970357,0.12223804020783086,40.016914513145714,0.48895216847120104,83.0,1899.0,512000004.0,0.24999999609375,energy_opt,energy_j,tie_or_uncertain
INTEL,Intel CPU,CPU,CPU package RAPL,3,128000000,4T,4,0.0128203333333333,1.0599021153846155,1.0739424102564104,82.70628021313388,0.013588298419935864,9.984139699955826,0.12076586803824953,39.93655942383204,0.4830634797008649,85.0,1896.0,512000004.0,0.24999999609375,energy_opt,energy_j,tie_or_uncertain
INTEL,Intel CPU,CPU,CPU package RAPL,4,128000000,4T,4,0.0128163141025641,1.0765200769230767,1.0906114743589743,84.02583544299,0.013797019443562618,9.987270753171666,0.11890163661958932,39.94908363689109,0.4756065539097096,87.0,1899.5,512000004.0,0.24999999609375,energy_opt,energy_j,tie_or_uncertain
INTEL,Intel CPU,CPU,CPU package RAPL,5,128000000,4T,4,0.0128248924050632,1.079317829113924,1.0934248101265822,84.27666445782188,0.013842135029252464,9.980590476491349,0.11859342590966257,39.922362529752306,0.47437371105073944,88.0,1907.5,512000004.0,0.24999999609375,energy_opt,energy_j,tie_or_uncertain
INTEL,Intel CPU,CPU,CPU package RAPL,1,128000000,4T,4,0.012825532051282,0.8998710897435898,0.9139172692307692,70.10515295311774,0.011541325503528472,9.980092715701844,0.14224259503266456,39.92037148656317,0.5689703890208206,60.0,1893.5,512000004.0,0.24999999609375,edp_opt,edp_j_s,clear_leader
INTEL,Intel CPU,CPU,CPU package RAPL,2,128000000,4T,4,0.0127945897435897,1.0471371987179487,1.060939173076923,81.91783286265236,0.013397690862847917,10.004228471970357,0.12223804020783086,40.016914513145714,0.48895216847120104,83.0,1899.0,512000004.0,0.24999999609375,edp_opt,edp_j_s,clear_leader
INTEL,Intel CPU,CPU,CPU package RAPL,3,128000000,4T,4,0.0128203333333333,1.0599021153846155,1.0739424102564104,82.70628021313388,0.013588298419935864,9.984139699955826,0.12076586803824953,39.93655942383204,0.4830634797008649,85.0,1896.0,512000004.0,0.24999999609375,edp_opt,edp_j_s,clear_leader
INTEL,Intel CPU,CPU,CPU package RAPL,4,128000000,4T,4,0.0128163141025641,1.0765200769230767,1.0906114743589743,84.02583544299,0.013797019443562618,9.987270753171666,0.11890163661958932,39.94908363689109,0.4756065539097096,87.0,1899.5,512000004.0,0.24999999609375,edp_opt,edp_j_s,clear_leader
INTEL,Intel CPU,CPU,CPU package RAPL,5,128000000,4T,4,0.0128248924050632,1.079317829113924,1.0934248101265822,84.27666445782188,0.013842135029252464,9.980590476491349,0.11859342590966257,39.922362529752306,0.47437371105073944,88.0,1907.5,512000004.0,0.24999999609375,edp_opt,edp_j_s,clear_leader
INTEL,Intel CPU,CPU,CPU package RAPL,1,128000000,8T,8,0.0127100063291139,1.3790591708860758,1.3946981012658228,108.59813348298113,0.017527850790184592,10.070805291953283,0.09281690133553674,40.283221797238475,0.3712676111432034,78.0,2459.0,512000004.0,0.24999999609375,bandwidth_opt,logical_bandwidth_gb_s,tie_or_uncertain
INTEL,Intel CPU,CPU,CPU package RAPL,2,128000000,8T,8,0.0127212911392405,1.3896572405063292,1.4044638607594937,109.24462287794243,0.01767823434023457,10.061871676308636,0.09210904334464699,40.24748733410152,0.3684361791354032,82.0,2459.0,512000004.0,0.24999999609375,bandwidth_opt,logical_bandwidth_gb_s,tie_or_uncertain
INTEL,Intel CPU,CPU,CPU package RAPL,3,128000000,8T,8,0.012714582278481,1.4551671202531646,1.4699950443037977,114.44304457331054,0.018501842079399117,10.06718083193623,0.08796240460527381,40.268723956943724,0.3518496239187456,86.5,2448.0,512000004.0,0.24999999609375,bandwidth_opt,logical_bandwidth_gb_s,tie_or_uncertain
INTEL,Intel CPU,CPU,CPU package RAPL,4,128000000,8T,8,0.0127224493670886,1.5519496962025316,1.5677444303797468,121.98398526114582,0.019744601430205243,10.060955662446585,0.08247689942090483,40.24382327859607,0.3299076028384256,90.0,2459.5,512000004.0,0.24999999609375,bandwidth_opt,logical_bandwidth_gb_s,tie_or_uncertain
INTEL,Intel CPU,CPU,CPU package RAPL,5,128000000,8T,8,0.0127107784810126,1.4511283797468355,1.4664681645569622,114.10060489044564,0.018444971382472756,10.070193512632352,0.08820721914509792,40.28077467991651,0.35282888209334295,87.0,2385.5,512000004.0,0.24999999609375,bandwidth_opt,logical_bandwidth_gb_s,tie_or_uncertain
INTEL,Intel CPU,CPU,CPU package RAPL,1,128000000,4T,4,0.012825532051282,0.8998710897435898,0.9139172692307692,70.10515295311774,0.011541325503528472,9.980092715701844,0.14224259503266456,39.92037148656317,0.5689703890208206,60.0,1893.5,512000004.0,0.24999999609375,bytes_per_j_opt,logical_gb_per_j,tie_or_uncertain
INTEL,Intel CPU,CPU,CPU package RAPL,2,128000000,4T,4,0.0127945897435897,1.0471371987179487,1.060939173076923,81.91783286265236,0.013397690862847917,10.004228471970357,0.12223804020783086,40.016914513145714,0.48895216847120104,83.0,1899.0,512000004.0,0.24999999609375,bytes_per_j_opt,logical_gb_per_j,tie_or_uncertain
INTEL,Intel CPU,CPU,CPU package RAPL,3,128000000,4T,4,0.0128203333333333,1.0599021153846155,1.0739424102564104,82.70628021313388,0.013588298419935864,9.984139699955826,0.12076586803824953,39.93655942383204,0.4830634797008649,85.0,1896.0,512000004.0,0.24999999609375,bytes_per_j_opt,logical_gb_per_j,tie_or_uncertain
INTEL,Intel CPU,CPU,CPU package RAPL,4,128000000,4T,4,0.0128163141025641,1.0765200769230767,1.0906114743589743,84.02583544299,0.013797019443562618,9.987270753171666,0.11890163661958932,39.94908363689109,0.4756065539097096,87.0,1899.5,512000004.0,0.24999999609375,bytes_per_j_opt,logical_gb_per_j,tie_or_uncertain
INTEL,Intel CPU,CPU,CPU package RAPL,5,128000000,4T,4,0.0128248924050632,1.079317829113924,1.0934248101265822,84.27666445782188,0.013842135029252464,9.980590476491349,0.11859342590966257,39.922362529752306,0.47437371105073944,88.0,1907.5,512000004.0,0.24999999609375,bytes_per_j_opt,logical_gb_per_j,tie_or_uncertain
INTEL,Intel CPU,CPU,CPU package RAPL,1,256000000,8T,8,0.0257233717948717,2.80641591025641,2.8380668974358976,109.1528418525567,0.07219047987056894,9.952038987790747,0.09121955090990429,39.80815626216421,0.3648782064902282,77.0,2458.5,1024000004.0,0.249999998046875,runtime_opt,runtime_s,tie_or_uncertain
INTEL,Intel CPU,CPU,CPU package RAPL,2,256000000,8T,8,0.0257495384615384,2.8851197435897435,2.915412371794872,112.04833945332774,0.07429050180370791,9.94192573130514,0.08873115217099374,39.76770323590574,0.3549246114568235,85.0,2459.5,1024000004.0,0.249999998046875,runtime_opt,runtime_s,tie_or_uncertain
INTEL,Intel CPU,CPU,CPU package RAPL,3,256000000,8T,8,0.0257443461538461,2.9910929487179487,3.0224701025641023,116.12780619087208,0.07700373225012311,9.943930891472831,0.08558744358303123,39.77572387663917,0.3423497770067326,85.0,2460.0,1024000004.0,0.249999998046875,runtime_opt,runtime_s,tie_or_uncertain
INTEL,Intel CPU,CPU,CPU package RAPL,4,256000000,8T,8,0.0257376666666666,3.0413044102564104,3.071827243589744,118.16009812889403,0.07827607914304253,9.946511558934402,0.08417440823637144,39.78604654656609,0.33669763557593607,88.0,2453.0,1024000004.0,0.249999998046875,runtime_opt,runtime_s,tie_or_uncertain
INTEL,Intel CPU,CPU,CPU package RAPL,5,256000000,8T,8,0.025721141025641,2.9647007948717947,2.9953215897435896,115.27220273175776,0.0762554872437274,9.952902118331284,0.08634935418873203,39.81160878435333,0.34539741945334546,86.0,2379.0,1024000004.0,0.249999998046875,runtime_opt,runtime_s,tie_or_uncertain
INTEL,Intel CPU,CPU,CPU package RAPL,1,256000000,4T,4,0.0258005128205128,1.8076657692307687,1.8361067051282047,69.91043251962043,0.046638703854240585,9.922283358510075,0.14161909981231643,39.68913374411166,0.5664764036748626,60.0,1900.0,1024000004.0,0.249999998046875,energy_opt,energy_j,clear_leader
INTEL,Intel CPU,CPU,CPU package RAPL,2,256000000,4T,4,0.0258372564102564,2.126006320512821,2.154565333333333,82.21370964343225,0.05493017043291551,9.908172715210497,0.12041356440476123,39.63269117047239,0.4816542613819688,85.0,1779.5,1024000004.0,0.249999998046875,energy_opt,energy_j,clear_leader
INTEL,Intel CPU,CPU,CPU package RAPL,3,256000000,4T,4,0.025858282051282,2.1316270384615383,2.158947935897436,82.54036232531658,0.0551202131886774,9.900116275795208,0.12009605544540436,39.600465412559466,0.48038422553461924,85.0,1779.0,1024000004.0,0.249999998046875,energy_opt,energy_j,clear_leader
INTEL,Intel CPU,CPU,CPU package RAPL,4,256000000,4T,4,0.0257339871794871,2.1073444871794877,2.135485692307692,81.86865612215158,0.05423037601583975,9.947933727271806,0.12147990067947341,39.79173521996016,0.48591960651414057,84.0,1940.0,1024000004.0,0.249999998046875,energy_opt,energy_j,clear_leader
INTEL,Intel CPU,CPU,CPU package RAPL,5,256000000,4T,4,0.0257989102564102,2.1530463974358973,2.181475756410256,83.36731225054237,0.055546250785336,9.922899706059958,0.1189012922828208,39.691599134330446,0.47560517284694864,87.0,1821.5,1024000004.0,0.249999998046875,energy_opt,energy_j,clear_leader
INTEL,Intel CPU,CPU,CPU package RAPL,1,256000000,4T,4,0.0258005128205128,1.8076657692307687,1.8361067051282047,69.91043251962043,0.046638703854240585,9.922283358510075,0.14161909981231643,39.68913374411166,0.5664764036748626,60.0,1900.0,1024000004.0,0.249999998046875,edp_opt,edp_j_s,clear_leader
INTEL,Intel CPU,CPU,CPU package RAPL,2,256000000,4T,4,0.0258372564102564,2.126006320512821,2.154565333333333,82.21370964343225,0.05493017043291551,9.908172715210497,0.12041356440476123,39.63269117047239,0.4816542613819688,85.0,1779.5,1024000004.0,0.249999998046875,edp_opt,edp_j_s,clear_leader
INTEL,Intel CPU,CPU,CPU package RAPL,3,256000000,4T,4,0.025858282051282,2.1316270384615383,2.158947935897436,82.54036232531658,0.0551202131886774,9.900116275795208,0.12009605544540436,39.600465412559466,0.48038422553461924,85.0,1779.0,1024000004.0,0.249999998046875,edp_opt,edp_j_s,clear_leader
INTEL,Intel CPU,CPU,CPU package RAPL,4,256000000,4T,4,0.0257339871794871,2.1073444871794877,2.135485692307692,81.86865612215158,0.05423037601583975,9.947933727271806,0.12147990067947341,39.79173521996016,0.48591960651414057,84.0,1940.0,1024000004.0,0.249999998046875,edp_opt,edp_j_s,clear_leader
INTEL,Intel CPU,CPU,CPU package RAPL,5,256000000,4T,4,0.0257989102564102,2.1530463974358973,2.181475756410256,83.36731225054237,0.055546250785336,9.922899706059958,0.1189012922828208,39.691599134330446,0.47560517284694864,87.0,1821.5,1024000004.0,0.249999998046875,edp_opt,edp_j_s,clear_leader
INTEL,Intel CPU,CPU,CPU package RAPL,1,256000000,8T,8,0.0257233717948717,2.80641591025641,2.8380668974358976,109.1528418525567,0.07219047987056894,9.952038987790747,0.09121955090990429,39.80815626216421,0.3648782064902282,77.0,2458.5,1024000004.0,0.249999998046875,bandwidth_opt,logical_bandwidth_gb_s,tie_or_uncertain
INTEL,Intel CPU,CPU,CPU package RAPL,2,256000000,8T,8,0.0257495384615384,2.8851197435897435,2.915412371794872,112.04833945332774,0.07429050180370791,9.94192573130514,0.08873115217099374,39.76770323590574,0.3549246114568235,85.0,2459.5,1024000004.0,0.249999998046875,bandwidth_opt,logical_bandwidth_gb_s,tie_or_uncertain
INTEL,Intel CPU,CPU,CPU package RAPL,3,256000000,8T,8,0.0257443461538461,2.9910929487179487,3.0224701025641023,116.12780619087208,0.07700373225012311,9.943930891472831,0.08558744358303123,39.77572387663917,0.3423497770067326,85.0,2460.0,1024000004.0,0.249999998046875,bandwidth_opt,logical_bandwidth_gb_s,tie_or_uncertain
INTEL,Intel CPU,CPU,CPU package RAPL,4,256000000,8T,8,0.0257376666666666,3.0413044102564104,3.071827243589744,118.16009812889403,0.07827607914304253,9.946511558934402,0.08417440823637144,39.78604654656609,0.33669763557593607,88.0,2453.0,1024000004.0,0.249999998046875,bandwidth_opt,logical_bandwidth_gb_s,tie_or_uncertain
INTEL,Intel CPU,CPU,CPU package RAPL,5,256000000,8T,8,0.025721141025641,2.9647007948717947,2.9953215897435896,115.27220273175776,0.0762554872437274,9.952902118331284,0.08634935418873203,39.81160878435333,0.34539741945334546,86.0,2379.0,1024000004.0,0.249999998046875,bandwidth_opt,logical_bandwidth_gb_s,tie_or_uncertain
INTEL,Intel CPU,CPU,CPU package RAPL,1,256000000,4T,4,0.0258005128205128,1.8076657692307687,1.8361067051282047,69.91043251962043,0.046638703854240585,9.922283358510075,0.14161909981231643,39.68913374411166,0.5664764036748626,60.0,1900.0,1024000004.0,0.249999998046875,bytes_per_j_opt,logical_gb_per_j,clear_leader
INTEL,Intel CPU,CPU,CPU package RAPL,2,256000000,4T,4,0.0258372564102564,2.126006320512821,2.154565333333333,82.21370964343225,0.05493017043291551,9.908172715210497,0.12041356440476123,39.63269117047239,0.4816542613819688,85.0,1779.5,1024000004.0,0.249999998046875,bytes_per_j_opt,logical_gb_per_j,clear_leader
INTEL,Intel CPU,CPU,CPU package RAPL,3,256000000,4T,4,0.025858282051282,2.1316270384615383,2.158947935897436,82.54036232531658,0.0551202131886774,9.900116275795208,0.12009605544540436,39.600465412559466,0.48038422553461924,85.0,1779.0,1024000004.0,0.249999998046875,bytes_per_j_opt,logical_gb_per_j,clear_leader
INTEL,Intel CPU,CPU,CPU package RAPL,4,256000000,4T,4,0.0257339871794871,2.1073444871794877,2.135485692307692,81.86865612215158,0.05423037601583975,9.947933727271806,0.12147990067947341,39.79173521996016,0.48591960651414057,84.0,1940.0,1024000004.0,0.249999998046875,bytes_per_j_opt,logical_gb_per_j,clear_leader
INTEL,Intel CPU,CPU,CPU package RAPL,5,256000000,4T,4,0.0257989102564102,2.1530463974358973,2.181475756410256,83.36731225054237,0.055546250785336,9.922899706059958,0.1189012922828208,39.691599134330446,0.47560517284694864,87.0,1821.5,1024000004.0,0.249999998046875,bytes_per_j_opt,logical_gb_per_j,clear_leader
