platform,platform_label,device_kind,energy_domain,session_number,problem_size,configuration,num_threads,runtime_s,energy_j,total_energy_j,power_w,edp_j_s,throughput_gflops,efficiency_gflop_per_j,logical_bandwidth_gb_s,logical_gb_per_j,temperature_c,clock_mhz,working_set_bytes,operational_intensity_flop_per_byte
INTEL,Intel CPU,CPU,CPU package RAPL,1,1000000,1T,1,0.0001464645680819,0.0071333204978038,0.0071333204978038,48.70684378742599,1.0447787057005976e-06,6.827583033193536,0.14018702794972954,27.31038675349303,0.5607492332962632,85.0,1364.0,4000004.0,0.2499995000005
INTEL,Intel CPU,CPU,CPU package RAPL,2,1000000,1T,1,0.0001464945103205,0.0077316271409749,0.0077316271409749,52.77029163264764,1.1326409319978053e-06,6.826187532981318,0.12933875130893957,27.304804741480144,0.5173560399468035,95.0,1364.0,4000004.0,0.2499995000005
INTEL,Intel CPU,CPU,CPU package RAPL,3,1000000,1T,1,0.0001464603895153,0.0077077310733635,0.0077077310733635,52.61858039552635,1.1288772952839996e-06,6.827777826546986,0.12973973669836672,27.311165928465176,0.5189599847123985,96.0,1374.5,4000004.0,0.2499995000005
INTEL,Intel CPU,CPU,CPU package RAPL,4,1000000,1T,1,0.0001463853526485,0.0077882901668129,0.0077882901668129,53.195678291417615,1.1400916025977513e-06,6.831277733102124,0.12839775850431834,27.32516558268501,0.5135920612003686,98.0,1364.5,4000004.0,0.2499995000005
INTEL,Intel CPU,CPU,CPU package RAPL,5,1000000,1T,1,0.0001463938240889,0.0078822732328406,0.0078822732328406,53.83601976820337,1.1539161210691118e-06,6.830882424334613,0.1268668276853963,27.32358434445249,0.5074683256772217,98.0,1362.0,4000004.0,0.2499995000005
INTEL,Intel CPU,CPU,CPU package RAPL,1,1000000,2T,2,8.228296997120527e-05,0.0056105953105717,0.0056105953105717,68.21738106450186,4.6165644546035625e-07,12.15317094594358,0.17823402770036956,48.61278100923912,0.7129375366751258,91.0,1662.0,4000004.0,0.2499995000005
INTEL,Intel CPU,CPU,CPU package RAPL,2,1000000,2T,2,8.171700434746945e-05,0.0055828600607005,0.0055828600607005,68.33051272051306,4.5621459985157626e-07,12.237342863767951,0.17911948161468458,48.94946935391262,0.7164793594160243,90.5,1632.5,4000004.0,0.2499995000005
INTEL,Intel CPU,CPU,CPU package RAPL,3,1000000,2T,2,8.29580816022511e-05,0.0057573638996937,0.0057573638996937,69.21640070736333,4.776198642046446e-07,12.054268622008067,0.1736904280191845,48.217170922277674,0.6947631016015516,95.5,1615.0,4000004.0,0.2499995000005
INTEL,Intel CPU,CPU,CPU package RAPL,4,1000000,2T,2,8.211022521782015e-05,0.006141189092553,0.006141189092553,74.7953040385578,5.042544194947474e-07,12.17873897370547,0.1628347515325054,48.7150533248311,0.6513403088093366,98.0,1676.5,4000004.0,0.2499995000005
INTEL,Intel CPU,CPU,CPU package RAPL,5,1000000,2T,2,8.363926499032882e-05,0.0058663792363972,0.0058663798671263,70.13914418058334,4.906596474867883e-07,11.956095024455673,0.1704627266160418,47.82447574667854,0.6818522701673438,96.5,1619.5,4000004.0,0.2499995000005
INTEL,Intel CPU,CPU,CPU package RAPL,1,1000000,4T,4,3.157778128950695e-05,0.0026573286662452,0.0026573286662452,84.16479243284866,8.391254343702815e-08,31.667804360032466,0.3763173944956521,126.6714707828181,1.5052725885247749,86.0,1900.5,4000004.0,0.2499995000005
INTEL,Intel CPU,CPU,CPU package RAPL,2,1000000,4T,4,3.126990860600767e-05,0.002768624239683,0.002768624239683,88.5353049902299,8.657462693926487e-08,31.97959458723449,0.3611898594496511,127.9186341859505,1.4447623273203698,91.0,1853.0,4000004.0,0.2499995000005
INTEL,Intel CPU,CPU,CPU package RAPL,3,1000000,4T,4,3.1196041455375256e-05,0.0027854675931795,0.0027854675931795,89.20380211249993,8.689556250943203e-08,32.05531706420061,0.35900579222267703,128.2215246995954,1.4360260409399181,91.5,2007.5,4000004.0,0.2499995000005
INTEL,Intel CPU,CPU,CPU package RAPL,4,1000000,4T,4,3.107978938212544e-05,0.0027711133857289,0.002771117439657,89.12955355352406,8.612562038244275e-08,32.17521803976953,0.3608654215125034,128.70112956107985,1.4434645729762725,94.0,1839.5,4000004.0,0.2499995000005
INTEL,Intel CPU,CPU,CPU package RAPL,5,1000000,4T,4,3.124603622234756e-05,0.0027314290906812,0.0027314290906812,87.24215882995732,8.534633230619864e-08,32.0040274191575,0.3661083509038146,128.0163657091054,1.4644363324849945,92.0,1924.0,4000004.0,0.2499995000005
INTEL,Intel CPU,CPU,CPU package RAPL,1,1000000,8T,8,1.679355700862315e-05,0.0020409929232993,0.0020409929232993,121.67343334458236,3.427553101162321e-08,59.546586794359335,0.4899571128269688,238.18682355060807,1.9598323709686976,88.0,2459.0,4000004.0,0.2499995000005
INTEL,Intel CPU,CPU,CPU package RAPL,2,1000000,8T,8,1.6481157513975665e-05,0.0020838489970404,0.0020838489970404,126.40734677249856,3.434424355556304e-08,60.67528929033185,0.47988074060080893,242.70164256412713,1.9195268014529994,93.0,2459.5,4000004.0,0.2499995000005
INTEL,Intel CPU,CPU,CPU package RAPL,3,1000000,8T,8,1.6438170098006973e-05,0.0020945261461553,0.0020945261461553,127.38458093077767,3.443017706522383e-08,60.83396108191165,0.47743447931437494,243.33633099982194,1.9097417367371539,94.0,2459.0,4000004.0,0.2499995000005
INTEL,Intel CPU,CPU,CPU package RAPL,4,1000000,8T,8,1.6659152231845433e-05,0.0021982313291139,0.0021982313291139,131.93557862258112,3.662067035252038e-08,60.02700414060771,0.4549107215222415,240.1084967789442,1.8196465253783771,96.0,2460.0,4000004.0,0.2499995000005
INTEL,Intel CPU,CPU,CPU package RAPL,5,1000000,8T,8,1.6745937170496578e-05,0.0021286059683007,0.0021286059683007,127.17161925894294,3.5645501805907556e-08,59.715917348706164,0.4697905647602384,238.86414712264119,1.87916601736923,95.0,2459.0,4000004.0,0.2499995000005
INTEL,Intel CPU,CPU,CPU package RAPL,1,1000000,10T,10,1.3881232380741804e-05,0.0019300298698247,0.0019300298698247,138.90628215462073,2.6791193124809514e-08,72.03964119117792,0.5181261780631548,288.15914108241753,2.0725088572661887,83.0,2739.0,4000004.0,0.2499995000005
INTEL,Intel CPU,CPU,CPU package RAPL,2,1000000,10T,10,1.431211200068502e-05,0.0021473865793266,0.0021473865793266,150.07475957866717,3.0733637232090187e-08,69.8708199008041,0.46568187099017366,279.4838385703345,1.8627312094193877,95.0,2739.0,4000004.0,0.2499995000005
INTEL,Intel CPU,CPU,CPU package RAPL,3,1000000,10T,10,1.4282895111668183e-05,0.0021660991838536,0.0021660991838536,151.66626438435657,3.093816744445103e-08,70.0137466656229,0.46165891546154925,280.05554677302507,1.846639355121214,97.0,2739.0,4000004.0,0.2499995000005
INTEL,Intel CPU,CPU,CPU package RAPL,4,1000000,10T,10,1.4280579743191435e-05,0.0021903035457253,0.0021903058330601,153.32834110386744,3.1278804446525093e-08,70.02509827913467,0.45655726666363,280.1009533178851,1.826232719116306,98.0,2739.0,4000004.0,0.2499995000005
INTEL,Intel CPU,CPU,CPU package RAPL,5,1000000,10T,10,1.4323189919043396e-05,0.002149620326401,0.0021496214206024,150.05510868280825,3.078942018887758e-08,69.8167800365791,0.4651979643652921,279.2676786811152,1.860795579048605,95.5,2739.0,4000004.0,0.2499995000005
INTEL,Intel CPU,CPU,CPU package RAPL,1,1000000,16T,16,1.4006697511042376e-05,0.0018099945017497,0.0018099967102245,129.28549172991265,2.535204548265791e-08,71.39434539880916,0.5524873136538885,285.577952750571,2.209953674518483,84.0,3339.0,4000004.0,0.2499995000005
INTEL,Intel CPU,CPU,CPU package RAPL,2,1000000,16T,16,1.4210069620896433e-05,0.0019247682500762,0.0019247687392011,135.49906534519016,2.73510908376738e-08,70.37256161852046,0.5195425475043091,281.4908094551378,2.0781743463617723,92.0,3202.0,4000004.0,0.2499995000005
INTEL,Intel CPU,CPU,CPU package RAPL,3,1000000,16T,16,1.409593869731801e-05,0.0019541439080459,0.0019541439080459,138.63471886648512,2.7545492733552447e-08,70.94234881925719,0.5117325269048258,283.76996281638685,2.0469342014836127,96.0,3202.0,4000004.0,0.2499995000005
INTEL,Intel CPU,CPU,CPU package RAPL,4,1000000,16T,16,1.2446403334371331e-05,0.0017520632081347,0.0017520632081347,140.76865663102834,2.180688535575706e-08,80.34441542147808,0.5707550933990729,321.3783044418784,2.2830249396416047,95.0,3200.5,4000004.0,0.2499995000005
INTEL,Intel CPU,CPU,CPU package RAPL,5,1000000,16T,16,1.269602382882724e-05,0.0017559142784964,0.0017559142784964,138.3770378462429,2.2293129521168283e-08,78.7647387467429,0.5695033135992864,315.0595851055117,2.278017810428211,93.0,3200.0,4000004.0,0.2499995000005
INTEL,Intel CPU,CPU,CPU package RAPL,1,1000000,20T,20,1.165378277354269e-05,0.0013021631342023,0.0013021631342023,111.7376851879908,1.517512630170912e-08,85.80896172788412,0.7679521664638398,343.23653338391676,3.0718148094788345,61.0,3600.0,4000004.0,0.2499995000005
INTEL,Intel CPU,CPU,CPU package RAPL,2,1000000,20T,20,1.1766524408740494e-05,0.0015416216723674,0.0015416216723674,130.63102615043107,1.8139529036954354e-08,84.98677819060771,0.648666931663166,339.9477926573363,2.5946729159933066,91.0,3599.0,4000004.0,0.2499995000005
INTEL,Intel CPU,CPU,CPU package RAPL,3,1000000,20T,20,1.7016489401683703e-05,0.0021726738480908,0.0021726738480908,127.6811112801694,3.6971281509352444e-08,58.76646918141969,0.4602619030365428,235.06634685790232,1.8410512942450776,90.5,3599.5,4000004.0,0.2499995000005
INTEL,Intel CPU,CPU,CPU package RAPL,4,1000000,20T,20,1.152046731098576e-05,0.0015453026383549,0.0015453029138073,133.82983206684366,1.7802608530747676e-08,86.80194761252564,0.6471217839015534,347.2084848663779,2.588492312585662,94.0,3600.0,4000004.0,0.2499995000005
INTEL,Intel CPU,CPU,CPU package RAPL,5,1000000,20T,20,1.7312274956763344e-05,0.0022389367965183,0.0022389367965183,129.3283028785228,3.8761089432139716e-08,57.762425937518564,0.44664012023701016,231.05016584994385,1.7865640540725758,92.0,3599.0,4000004.0,0.2499995000005
INTEL,Intel CPU,CPU,CPU package RAPL,1,2000000,1T,1,0.0002981180327868,0.0149768974664679,0.0149769612518628,50.24161243117585,4.464883209953019e-06,6.708748817721822,0.13353893918802884,26.835022105895977,0.5341562909081392,85.0,1364.5,8000004.0,0.249999750000125
INTEL,Intel CPU,CPU,CPU package RAPL,2,2000000,1T,1,0.0002978359630842,0.0150501789222983,0.0150502176242929,50.522896905832,4.482484533912241e-06,6.715102431853028,0.13288871915248845,26.86043658783527,0.5315554081650962,87.0,1363.5,8000004.0,0.249999750000125
INTEL,Intel CPU,CPU,CPU package RAPL,3,2000000,1T,1,0.0002987431947352,0.0156505115166018,0.0156505550403828,52.38853855348815,4.6754838097096616e-06,6.694709821834634,0.12779128643037863,26.778866066191213,0.5111656568869158,95.0,1358.5,8000004.0,0.249999750000125
INTEL,Intel CPU,CPU,CPU package RAPL,4,2000000,1T,1,0.0002979318046456,0.0160517051816557,0.0160517188802858,53.89217948793174,4.782313492409812e-06,6.712942253275264,0.12459729214847841,26.851795864883496,0.4983896669833314,97.5,1358.5,8000004.0,0.249999750000125
INTEL,Intel CPU,CPU,CPU package RAPL,5,2000000,1T,1,0.0002980777248362,0.0155824008338296,0.0155824691780821,52.27681782336792,4.6447665880336335e-06,6.7096560170641455,0.1283498622149403,26.83865090689407,0.5133999622594667,95.0,1364.0,8000004.0,0.249999750000125
INTEL,Intel CPU,CPU,CPU package RAPL,1,2000000,2T,2,0.0001648284418796,0.0111814056883759,0.011181446084089,67.83985064696566,1.8430136776386958e-06,12.133822155892927,0.17886829757721637,48.535337158884595,0.7154739057824133,90.0,1657.5,8000004.0,0.249999750000125
INTEL,Intel CPU,CPU,CPU package RAPL,2,2000000,2T,2,0.0001647518690812,0.0110510007476324,0.0110510833194882,67.03088990362842,1.8206730283901766e-06,12.139461671383382,0.18097899418100083,48.55789524340449,0.723916700640342,87.5,1518.0,8000004.0,0.249999750000125
INTEL,Intel CPU,CPU,CPU package RAPL,3,2000000,2T,2,0.000165029646902,0.0117229540306462,0.0117230075782811,71.01476252435667,1.93463496432592e-06,12.11902853544651,0.17060537768651088,48.47616261792442,0.6824221931678954,97.0,1517.0,8000004.0,0.249999750000125
INTEL,Intel CPU,CPU,CPU package RAPL,4,2000000,2T,2,0.0001666326666666,0.0115836089166666,0.0115836535,69.47556784924919,1.930207643407161e-06,12.00244249827445,0.17265767641053414,48.0098180028918,0.6906313962731875,94.5,1566.0,8000004.0,0.249999750000125
INTEL,Intel CPU,CPU,CPU package RAPL,5,2000000,2T,2,0.0001664391196013,0.0115972024916943,0.0115972051495016,69.60059889119918,1.9302281725556022e-06,12.016399779035954,0.17245529699359494,48.06564718176697,0.6898218777959126,96.5,1576.0,8000004.0,0.249999750000125
INTEL,Intel CPU,CPU,CPU package RAPL,1,2000000,4T,4,8.404198344314919e-05,0.0066590304105423,0.006659032353438,79.23459989902899,5.596381235102229e-07,23.797617786506837,0.3003438754137066,95.19056633654608,1.2013767030309288,59.5,1918.5,8000004.0,0.249999750000125
INTEL,Intel CPU,CPU,CPU package RAPL,2,2000000,4T,4,7.928733191790518e-05,0.0074874711409923,0.0074874801446882,94.44267223460513,5.936616095815927e-07,25.22469796399275,0.26711274906295585,100.89889275481329,1.068452064703354,90.0,1900.0,8000004.0,0.249999750000125
INTEL,Intel CPU,CPU,CPU package RAPL,3,2000000,4T,4,7.813698204151442e-05,0.0074495749047656,0.0074495755267045,95.19815493793688,5.820873005505861e-07,25.59606152868042,0.2684715605343564,102.38434849901898,1.0738873160242048,91.0,1900.0,8000004.0,0.249999750000125
INTEL,Intel CPU,CPU,CPU package RAPL,4,2000000,4T,4,7.990370636632319e-05,0.0077741106717788,0.0077741118699576,97.20986044116724,6.211802563771128e-07,25.030115509672207,0.2572640247147882,100.12056215920093,1.0290571279157663,93.0,1899.5,8000004.0,0.249999750000125
INTEL,Intel CPU,CPU,CPU package RAPL,5,2000000,4T,4,8.472839349262838e-05,0.0081088736231147,0.0081088736231147,95.74077757171392,6.870518351212575e-07,23.604826169329005,0.24664325687588906,94.41939909666792,0.986574014077077,93.0,1845.5,8000004.0,0.249999750000125
INTEL,Intel CPU,CPU,CPU package RAPL,1,2000000,8T,8,3.215614990390775e-05,0.0041174852338244,0.0041174852338244,128.01980677596924,1.3240247240598404e-07,62.196469601510096,0.4857331323426174,248.78612719204315,1.9429344723039703,81.0,2460.0,8000004.0,0.249999750000125
INTEL,Intel CPU,CPU,CPU package RAPL,2,2000000,8T,8,3.253227848101266e-05,0.0044443979389808,0.0044443979389808,136.55856055053607,1.445863914313621e-07,61.477372424661006,0.4500044837251105,245.90973560825665,1.8000197349192768,92.0,2459.5,8000004.0,0.249999750000125
INTEL,Intel CPU,CPU,CPU package RAPL,3,2000000,8T,8,3.308030926139168e-05,0.0048767708011186,0.0048767708011186,147.62667245476285,1.6132508629792813e-07,60.458896686743394,0.41010723726061804,241.83582858268122,1.6404305894722413,95.0,2459.5,8000004.0,0.249999750000125
INTEL,Intel CPU,CPU,CPU package RAPL,4,2000000,8T,8,3.2926836791013274e-05,0.004776059592221,0.0047760600954514,145.05046524066685,1.5726053469721426e-07,60.740696493076435,0.41875503464351566,242.96302893521317,1.6750218135950385,99.0,2459.5,8000004.0,0.249999750000125
INTEL,Intel CPU,CPU,CPU package RAPL,5,2000000,8T,8,3.272717167424069e-05,0.0046300725635073,0.0046300725635073,141.49432410153554,1.5152917965009505e-07,61.11126925074874,0.431958456928587,244.4453214481942,1.7278355555490394,99.0,2459.5,8000004.0,0.249999750000125
INTEL,Intel CPU,CPU,CPU package RAPL,1,2000000,10T,10,2.554204487506374e-05,0.0037688949133095,0.0037688949133095,147.51140421014418,9.626528300515072e-08,78.30222716242132,0.5306592637903462,313.2092218587505,2.1226391777995013,85.0,2739.0,8000004.0,0.249999750000125
INTEL,Intel CPU,CPU,CPU package RAPL,2,2000000,10T,10,2.5915628231644263e-05,0.0040000528955532,0.0040000528955532,154.31655663230373,1.0366388374806888e-07,77.1734716258162,0.4999931381465904,308.69419519730565,1.9999745525599142,92.0,2739.0,8000004.0,0.249999750000125
INTEL,Intel CPU,CPU,CPU package RAPL,3,2000000,10T,10,2.590964290318422e-05,0.004245781719737,0.0042457838984143,163.6560048978524,1.1000668820325305e-07,77.19129929630199,0.4710555398321061,308.76550595055954,1.8842240435515256,97.0,2739.0,8000004.0,0.249999750000125
INTEL,Intel CPU,CPU,CPU package RAPL,4,2000000,10T,10,2.6627518109237036e-05,0.0042670872944535,0.0042670872944535,159.9974750156797,1.1362194420675584e-07,75.110229642702,0.4687035586545568,300.4412190118768,1.8748161094333993,99.0,2739.0,8000004.0,0.249999750000125
INTEL,Intel CPU,CPU,CPU package RAPL,5,2000000,10T,10,2.609960138603027e-05,0.0041927107834197,0.0041927107834197,160.64271654629528,1.0942808017416487e-07,76.62948450509644,0.4770181162767304,306.518244538477,1.9080743731803407,99.0,2600.0,8000004.0,0.249999750000125
INTEL,Intel CPU,CPU,CPU package RAPL,1,2000000,16T,16,3.676314923189466e-05,0.0048130115947329,0.0048130124359912,130.9507840739817,1.769414635120049e-07,54.40227624092818,0.41554003364311254,217.60932257292652,1.662161796733416,81.5,3200.0,8000004.0,0.249999750000125
INTEL,Intel CPU,CPU,CPU package RAPL,2,2000000,16T,16,3.7710322967853257e-05,0.0050328793840729,0.0050328793840729,133.53932622417014,1.8979150703163943e-07,53.03584914149184,0.39738663444413486,212.14360870946996,1.5895481273238719,85.0,3202.0,8000004.0,0.249999750000125
INTEL,Intel CPU,CPU,CPU package RAPL,3,2000000,16T,16,3.721819597952674e-05,0.0053178605815592,0.0053178608597285,142.8168505361138,1.9792117731627032e-07,53.73712904032679,0.3760909052289594,214.94873110993078,1.5043651252802108,94.0,3200.0,8000004.0,0.249999750000125
INTEL,Intel CPU,CPU,CPU package RAPL,4,2000000,16T,16,3.624453883495146e-05,0.0051035333737864,0.0051035333737864,140.4383143138071,1.84975213561672e-07,55.1806993353535,0.3918851614202664,220.72301806432168,1.567542213222495,92.0,3200.0,8000004.0,0.249999750000125
INTEL,Intel CPU,CPU,CPU package RAPL,5,2000000,16T,16,2.382813095238095e-05,0.0036282996904761,0.0036282996904761,152.26091614381858,8.645560015914778e-08,83.93436329508489,0.5512221069416575,335.73778891796064,2.20489063265616,96.0,3199.5,8000004.0,0.249999750000125
INTEL,Intel CPU,CPU,CPU package RAPL,1,2000000,20T,20,2.660613179238327e-05,0.0036005752070508,0.0036005752070508,135.19597547953268,9.579737848718127e-08,75.17060411512185,0.5554665254827942,300.6827171430542,2.2218683237983896,88.0,3600.0,8000004.0,0.249999750000125
INTEL,Intel CPU,CPU,CPU package RAPL,2,2000000,20T,20,2.508923127967982e-05,0.0034190598884349,0.0034190640150965,136.276235257186,8.578158430001949e-08,79.71543558689389,0.5849558256540263,318.86206120947736,2.3398256424405774,89.0,3600.0,8000004.0,0.249999750000125
INTEL,Intel CPU,CPU,CPU package RAPL,3,2000000,20T,20,3.3444122178917794e-05,0.0045863895888093,0.0045863914468715,137.19861124127954,1.5338777376825477e-07,59.80121078677141,0.43607263649820727,239.20508235204844,1.7442922902842473,91.0,3603.5,8000004.0,0.249999750000125
INTEL,Intel CPU,CPU,CPU package RAPL,4,2000000,20T,20,2.821615066016796e-05,0.0039664279307109,0.0039664279307109,140.67704051035287,1.1191732807563699e-07,70.88135529497823,0.5042317760306669,283.5257047054759,2.0169291210507803,96.0,3599.0,8000004.0,0.249999750000125
INTEL,Intel CPU,CPU,CPU package RAPL,5,2000000,20T,20,2.721409771343971e-05,0.0038754635983361,0.0038754635983361,142.40714546661872,1.0546724504999729e-07,73.49128459299602,0.5160670328212305,293.9654323372695,2.0642701955540854,96.0,3599.5,8000004.0,0.249999750000125
INTEL,Intel CPU,CPU,CPU package RAPL,1,4000000,1T,1,0.0006878505154639,0.0293307993127147,0.0293367350515463,42.66704745588421,2.017520542621901e-05,5.815215530226537,0.13637538334204305,23.260873751340114,0.5455018061190071,65.0,1432.0,16000004.0,0.2499998750000312
INTEL,Intel CPU,CPU,CPU package RAPL,2,4000000,1T,1,0.0006711426657736,0.0340574279973208,0.0340652726054922,50.74499887130041,2.285739301551432e-05,5.959983180907381,0.11744865173948746,23.839944643598866,0.46979484185531206,92.0,1362.0,16000004.0,0.2499998750000312
INTEL,Intel CPU,CPU,CPU package RAPL,3,4000000,1T,1,0.0006824826530612,0.0346551537414965,0.0346578023809523,50.76754591162816,2.3651541267740302e-05,5.860953362050228,0.1154229189065854,23.443825170110568,0.4616919064722372,93.0,1363.0,16000004.0,0.2499998750000312
INTEL,Intel CPU,CPU,CPU package RAPL,4,4000000,1T,1,0.0006662907518296,0.0349568320026613,0.0349602628077179,52.5082830204127,2.3291413876634222e-05,6.00338364147515,0.11442681647168358,24.013546572670887,0.45770749474042444,96.0,1363.5,16000004.0,0.2499998750000312
INTEL,Intel CPU,CPU,CPU package RAPL,5,4000000,1T,1,0.0006648965517241,0.0348946163793103,0.0348987509946949,52.46846335097304,2.320131010433872e-05,6.015971942744872,0.11463083463991532,24.06389980292638,0.45852356782138787,96.0,1421.0,16000004.0,0.2499998750000312
INTEL,Intel CPU,CPU,CPU package RAPL,1,4000000,2T,2,0.0003815830792682,0.0241616955030487,0.0242137818216463,63.28781164924111,9.219694170393943e-06,10.482642489470964,0.16555125444302052,41.93059092317408,0.6622053488746737,84.0,1647.5,16000004.0,0.2499998750000312
INTEL,Intel CPU,CPU,CPU package RAPL,2,4000000,2T,2,0.0003774283829626,0.0255504174519412,0.0256029004900113,67.60843505500755,9.643452742905561e-06,10.59803443663209,0.15655317599110694,42.39215894260254,0.6262130170708579,92.0,1675.5,16000004.0,0.2499998750000312
INTEL,Intel CPU,CPU,CPU package RAPL,3,4000000,2T,2,0.000378557583741,0.0257200961610839,0.0257759523899134,67.98557430586719,9.736537456326092e-06,10.566421521584688,0.15552037499969562,42.26570721918708,0.6220818110396102,93.0,1644.0,16000004.0,0.2499998750000312
INTEL,Intel CPU,CPU,CPU package RAPL,4,4000000,2T,2,0.0003733061148396,0.0261450316927665,0.026185726137211,69.9905706377105,9.760100203584874e-06,10.715064235469853,0.152992700372464,42.86027837201325,0.6119711074753332,96.0,1520.0,16000004.0,0.2499998750000312
INTEL,Intel CPU,CPU,CPU package RAPL,5,4000000,2T,2,0.0003713856560415,0.0259434267976278,0.0260038300593031,69.89051165416213,9.635016581201632e-06,10.770472512683758,0.1541815979516534,43.08191159168544,0.6167267001698866,96.0,1658.5,16000004.0,0.2499998750000312
INTEL,Intel CPU,CPU,CPU package RAPL,1,4000000,4T,4,0.0001897901878914,0.0162097908521541,0.0162961012526096,85.3941921761565,3.0764592515106234e-06,21.075899889454995,0.24676438064396403,84.3036417096303,0.9870580161047408,77.5,1900.0,16000004.0,0.2499998750000312
INTEL,Intel CPU,CPU,CPU package RAPL,2,4000000,4T,4,0.000190024697199,0.0170983361090083,0.0171859521196063,89.98508633722065,3.2491061417210305e-06,21.049890140390918,0.23394083345294578,84.19960266135448,0.935763801693567,86.0,1900.0,16000004.0,0.2499998750000312
INTEL,Intel CPU,CPU,CPU package RAPL,3,4000000,4T,4,0.0001879632656895,0.0174609873167981,0.01755076052236,92.88846258157358,3.282024198228311e-06,21.280748583117685,0.22908206319764385,85.12303689397855,0.9163287109548164,91.0,1924.0,16000004.0,0.2499998750000312
INTEL,Intel CPU,CPU,CPU package RAPL,4,4000000,4T,4,0.0001881552789217,0.0179414279296143,0.0180366337514039,95.30670847366858,3.3757743763501572e-06,21.2590314920932,0.22294763915627702,85.03616848644641,0.8917910025204979,93.5,1778.5,16000004.0,0.2499998750000312
INTEL,Intel CPU,CPU,CPU package RAPL,5,4000000,4T,4,0.0001850642725598,0.0177254520257826,0.0178107662983425,95.84313140533038,3.2803478849450904e-06,21.614107059521583,0.2256641463462704,86.45647146631127,0.9026570367134872,94.0,1923.0,16000004.0,0.2499998750000312
INTEL,Intel CPU,CPU,CPU package RAPL,1,4000000,8T,8,0.0001167022674418,0.0157904997674418,0.0157940694767441,135.22240182405622,1.8427871268996738e-06,34.27524663987201,0.2533168081384947,137.10105510999847,1.0132677391877218,86.0,2459.5,16000004.0,0.2499998750000312
INTEL,Intel CPU,CPU,CPU package RAPL,2,4000000,8T,8,0.0001164012374233,0.0161311298138082,0.0161349534520643,138.56310785954815,1.8776834713631613e-06,34.363887262244184,0.24796769018472672,137.45561777676843,0.9918712566744113,90.0,2459.0,16000004.0,0.2499998750000312
INTEL,Intel CPU,CPU,CPU package RAPL,3,4000000,8T,8,0.0001180707124321,0.0165989606628921,0.0166018661240858,140.31848110967798,1.9598511111000734e-06,33.87799495408581,0.24097888302984052,135.51204757235007,0.9639160140772487,92.0,2459.0,16000004.0,0.2499998750000312
INTEL,Intel CPU,CPU,CPU package RAPL,4,4000000,8T,8,0.0001128040548129,0.0166296586543861,0.0166311743794226,147.50104936201447,1.8758929263691864e-06,35.45970937511521,0.24053404120504865,141.8389084198973,0.9621366458883973,96.0,2320.0,16000004.0,0.2499998750000312
INTEL,Intel CPU,CPU,CPU package RAPL,5,4000000,8T,8,0.0001167009400023,0.0167530981780201,0.0167540170593013,143.57747429349575,1.955102305325765e-06,34.27563651090699,0.23876174767768982,137.10261459491812,0.955047468234374,95.0,2460.0,16000004.0,0.2499998750000312
INTEL,Intel CPU,CPU,CPU package RAPL,1,4000000,10T,10,0.0001079876077586,0.0159060761314655,0.0159061865840517,147.28744816852554,1.7176591102631261e-06,37.041278004248085,0.2514761633818146,148.16518609956685,1.005905156479711,79.0,2740.0,16000004.0,0.2499998750000312
INTEL,Intel CPU,CPU,CPU package RAPL,2,4000000,10T,10,0.000109699770316,0.0177628872908235,0.0177629182434649,161.7613544592285,1.9485846559523333e-06,36.46314835917746,0.2251885594109716,145.8526663630248,0.9007546880211178,95.0,2739.0,16000004.0,0.2499998750000312
INTEL,Intel CPU,CPU,CPU package RAPL,3,4000000,10T,10,0.0001060322563615,0.01763925029036,0.0176395095554851,166.35222038017093,1.8703295088121147e-06,37.72435990009157,0.22676695064449728,150.89751504910495,0.9070682561120038,98.5,2739.0,16000004.0,0.2499998750000312
INTEL,Intel CPU,CPU,CPU package RAPL,4,4000000,10T,10,0.0001102948167712,0.0181278886321118,0.0181280014306151,164.21567573409732,1.9994121551274903e-06,36.26642771706815,0.22065443368371038,145.06578340114615,0.8826181760438192,97.0,2739.0,16000004.0,0.2499998750000312
INTEL,Intel CPU,CPU,CPU package RAPL,5,4000000,10T,10,0.0001117615967885,0.0184009465878679,0.018400990912132,164.5891635306892,2.056519173080017e-06,35.79046036331856,0.21738006688401978,143.16191303421286,0.8695207022963216,98.0,2739.5,16000004.0,0.2499998750000312
INTEL,Intel CPU,CPU,CPU package RAPL,1,4000000,16T,16,0.0001169891759776,0.0150308241969273,0.0150312640828677,128.50855032154686,1.7584437370626962e-06,34.191188770881524,0.26611973818559503,136.76482346592073,1.0644794849819896,81.0,3376.0,16000004.0,0.2499998750000312
INTEL,Intel CPU,CPU,CPU package RAPL,2,4000000,16T,16,0.0001161608529377,0.0152652467261559,0.0152669772858963,131.4554672415052,1.773224080014702e-06,34.43500025043119,0.26203303960664387,137.74006987174246,1.048132682492786,85.0,3377.5,16000004.0,0.2499998750000312
INTEL,Intel CPU,CPU,CPU package RAPL,3,4000000,16T,16,0.0001173349742147,0.0159256246483825,0.0159265015822784,135.5925502236757,1.8686327574709513e-06,34.09042382095543,0.2511674793494686,136.3617634646864,1.0046704197329588,89.0,3365.0,16000004.0,0.2499998750000312
INTEL,Intel CPU,CPU,CPU package RAPL,4,4000000,16T,16,0.0001147150451583,0.0153404463244541,0.0153418097633474,133.7663748463258,1.7597799928582292e-06,34.86900078782375,0.2607485411701242,139.47607288931403,1.0429946861777095,88.0,3343.5,16000004.0,0.2499998750000312
INTEL,Intel CPU,CPU,CPU package RAPL,5,4000000,16T,16,0.0001149571641278,0.0156770085328141,0.015677210113389,136.31235557766496,1.8021844429396318e-06,34.79556085389448,0.25515065528142444,139.182313006717,1.0206031314271358,89.5,3385.0,16000004.0,0.2499998750000312
INTEL,Intel CPU,CPU,CPU package RAPL,1,4000000,20T,20,0.0001202804688434,0.0153863861978232,0.0153866661882549,128.02734788731428,1.8506817456797932e-06,33.25559867253117,0.25997001170852596,133.02246120133867,1.0398805667742572,74.0,3755.5,16000004.0,0.2499998750000312
INTEL,Intel CPU,CPU,CPU package RAPL,2,4000000,20T,20,0.0001202959525805,0.0179887524847323,0.0179890768171476,149.49613103233867,2.1639741158857082e-06,33.2513182213946,0.22236111166657846,133.00533938823145,0.8894448913886484,89.0,3878.0,16000004.0,0.2499998750000312
INTEL,Intel CPU,CPU,CPU package RAPL,3,4000000,20T,20,0.0001170187777,0.0161959582458595,0.0161980442617214,138.34028864370867,1.8952312376107148e-06,34.18253957715027,0.24697513659141476,136.73022667369733,0.9879010403160556,89.0,3673.5,16000004.0,0.2499998750000312
INTEL,Intel CPU,CPU,CPU package RAPL,4,4000000,20T,20,0.0001022194292098,0.0142608066727605,0.0142609340849075,139.73370944439318,1.4577315181608855e-06,39.13149418776554,0.2804889717522347,156.5260550140701,1.1219564479870225,91.5,3968.5,16000004.0,0.2499998750000312
INTEL,Intel CPU,CPU,CPU package RAPL,5,4000000,20T,20,0.0001221687963977,0.0188607806377023,0.0188610422903736,154.24576714880533,2.304198869629135e-06,32.74157655592083,0.2120802461380674,130.9663717068528,0.848321408712868,95.0,3873.5,16000004.0,0.2499998750000312
INTEL,Intel CPU,CPU,CPU package RAPL,1,8000000,1T,1,0.0016458710217755,0.0729459757118927,0.0734252470686767,43.98060395644987,0.00012005966757934364,4.8606475806165665,0.10967018977985547,19.442595183114452,0.4386808687896254,70.0,1363.5,32000004.0,0.2499999375000078
INTEL,Intel CPU,CPU,CPU package RAPL,2,8000000,1T,1,0.0016268889845094,0.0830806110154905,0.0834872332185886,51.06867490938707,0.0001351629308874118,4.91736011256629,0.09629200967850837,19.669445367625887,0.3851681350060552,92.0,1445.5,32000004.0,0.2499999375000078
INTEL,Intel CPU,CPU,CPU package RAPL,3,8000000,1T,1,0.0016534023508137,0.0843499837251356,0.0846814095840867,51.01087371639511,0.0001394644613822365,4.838507091793421,0.094842922863731,19.35403320568138,0.3793717862978587,92.0,1362.5,32000004.0,0.2499999375000078
INTEL,Intel CPU,CPU,CPU package RAPL,4,8000000,1T,1,0.0016464840336134,0.0852603042016806,0.0856959554621848,51.32808814450775,0.0001403797295690886,4.858837885262133,0.09383028919385804,19.435356399887027,0.37532125060573307,91.5,1358.5,32000004.0,0.2499999375000078
INTEL,Intel CPU,CPU,CPU package RAPL,5,8000000,1T,1,0.0016257883642495,0.0833924401349072,0.0838333667790893,51.18487353971986,0.0001355784588377051,4.920689049028209,0.0959319452345811,19.682761116802503,0.38372787687028165,94.0,1364.0,32000004.0,0.2499999375000078
INTEL,Intel CPU,CPU,CPU package RAPL,1,8000000,2T,2,0.0008864005352363,0.0567335570918822,0.0573345084745762,64.11839224923963,5.028865537210357e-05,9.025264180224497,0.1410100020177422,36.10106574616329,0.5640401490809884,83.0,1630.0,32000004.0,0.2499999375000078
INTEL,Intel CPU,CPU,CPU package RAPL,2,8000000,2T,2,0.0008759434706397,0.0596880574057843,0.0603110661700262,68.13917557955774,5.228336415976434e-05,9.133008314061197,0.1340301451865433,36.532042389254244,0.5361207147763352,93.0,1581.5,32000004.0,0.2499999375000078
INTEL,Intel CPU,CPU,CPU package RAPL,3,8000000,2T,2,0.0008892511091393,0.0602111898846495,0.060813673025732,67.56508712408774,5.3542867387521566e-05,8.996332889304062,0.13286565197143785,35.985340553550266,0.53146274075142,92.5,1607.5,32000004.0,0.2499999375000078
INTEL,Intel CPU,CPU,CPU package RAPL,4,8000000,2T,2,0.0008804752431476,0.0589431348364279,0.059583841290893,66.88923241215639,5.1897970976985624e-05,9.086001068469459,0.13572401641345788,36.344013359880044,0.5428962013778649,92.0,1543.0,32000004.0,0.2499999375000078
INTEL,Intel CPU,CPU,CPU package RAPL,5,8000000,2T,2,0.0008833936170212,0.0603204361702127,0.0609377952127659,68.2501948393142,5.328668828870062e-05,9.055984609642039,0.13262501911334887,36.2239474945539,0.5305002090784311,94.0,1683.5,32000004.0,0.2499999375000078
INTEL,Intel CPU,CPU,CPU package RAPL,1,8000000,4T,4,0.0005419494594594,0.0452274297297297,0.0458240802702702,83.6740592462328,2.4510981094765007e-05,14.761522242277128,0.17688378596366042,59.0461037306326,0.7075353207384497,81.0,1839.5,32000004.0,0.2499999375000078
INTEL,Intel CPU,CPU,CPU package RAPL,2,8000000,4T,4,0.0005424970238095,0.046025608495671,0.0466188685064935,84.81243858665174,2.4968755627922757e-05,14.746622836421738,0.17381625711156976,58.98650609231163,0.6952652022625578,83.0,1924.0,32000004.0,0.2499999375000078
INTEL,Intel CPU,CPU,CPU package RAPL,3,8000000,4T,4,0.0005385964017185,0.0468074038668098,0.0473999626745435,86.87843407128013,2.521029929644836e-05,14.853420807258269,0.17091311072846405,59.41369808245573,0.6836526138269884,87.0,1916.5,32000004.0,0.2499999375000078
INTEL,Intel CPU,CPU,CPU package RAPL,4,8000000,4T,4,0.0005387305825242,0.0478604439050701,0.0484445466558791,88.79215427854257,2.578388482484521e-05,14.849721288359635,0.1671526285018957,59.39890000316169,0.6686106811602321,89.0,1779.0,32000004.0,0.2499999375000078
INTEL,Intel CPU,CPU,CPU package RAPL,5,8000000,4T,4,0.0005368710455764,0.0480219943699731,0.0486065278820375,89.44298525694751,2.5781618328071453e-05,14.901155623714022,0.16659031148032016,59.60463739601357,0.666361412511613,91.0,1915.0,32000004.0,0.2499999375000078
INTEL,Intel CPU,CPU,CPU package RAPL,1,8000000,8T,8,0.0004605495867768,0.0540402851239669,0.0546428859044995,117.31998370362273,2.4888230983143405e-05,17.370548643825202,0.14803769043128154,69.48221194585162,0.592150909762835,83.0,2460.0,32000004.0,0.2499999375000078
INTEL,Intel CPU,CPU,CPU package RAPL,2,8000000,8T,8,0.0004614593290441,0.0565911555606617,0.0571500838694852,122.56188191179592,2.611451667485324e-05,17.336303540708066,0.1413648284920524,69.34523149913797,0.5654594553330559,88.0,2459.5,32000004.0,0.2499999375000078
INTEL,Intel CPU,CPU,CPU package RAPL,3,8000000,8T,8,0.0004588575355016,0.0554713087494273,0.0560412494273935,120.74189654759414,2.5453428023810553e-05,17.43460307621363,0.14421868133916335,69.73842973945978,0.5768748695753528,87.0,2460.0,32000004.0,0.2499999375000078
INTEL,Intel CPU,CPU,CPU package RAPL,4,8000000,8T,8,0.0004579552511415,0.0573532936073059,0.0579343757990867,125.2221462235932,2.626524197772596e-05,17.468953527793797,0.1394863049152059,69.87583158013089,0.5579453591471459,91.0,2459.5,32000004.0,0.2499999375000078
INTEL,Intel CPU,CPU,CPU package RAPL,5,8000000,8T,8,0.0004597083906464,0.0562434727189362,0.0568136380100871,122.40243205015474,2.5855596327986864e-05,17.40233409433996,0.14223870990289222,69.60935377969611,0.5689549818502966,88.0,2459.5,32000004.0,0.2499999375000078
INTEL,Intel CPU,CPU,CPU package RAPL,1,8000000,10T,10,0.0004272839217354,0.0505375510421097,0.0511139040833687,118.37243779896713,2.1593883004175585e-05,18.72291137824297,0.15829811368054053,74.8916642358856,0.6331926130202955,63.0,2740.0,32000004.0,0.2499999375000078
INTEL,Intel CPU,CPU,CPU package RAPL,2,8000000,10T,10,0.0004324881414402,0.0607788712807244,0.0613472902112979,140.49200527052167,2.6286141079033644e-05,18.497614693803477,0.1316246720517356,73.99047727283092,0.5264988198316309,89.0,2600.0,32000004.0,0.2499999375000078
INTEL,Intel CPU,CPU,CPU package RAPL,3,8000000,10T,10,0.0004276948107188,0.0610045733730327,0.061560176307954,142.60863770972884,2.6091339461760366e-05,18.704924164394,0.13113769276085832,74.8197153625025,0.5245509021811424,90.0,2740.0,32000004.0,0.2499999375000078
INTEL,Intel CPU,CPU,CPU package RAPL,4,8000000,10T,10,0.0004309834621993,0.0624422525773195,0.0630050403780068,144.8866373508074,2.691157820329632e-05,18.562194844266564,0.1281183600814841,74.24879793926341,0.5124735684443126,93.0,2739.0,32000004.0,0.2499999375000078
INTEL,Intel CPU,CPU,CPU package RAPL,5,8000000,10T,10,0.0004302998285469,0.0623811187312473,0.062951668452636,144.96408564550143,2.6842584694619525e-05,18.591685306999953,0.12824391679260994,74.36675981968745,0.5129757954143725,93.0,2739.5,32000004.0,0.2499999375000078
INTEL,Intel CPU,CPU,CPU package RAPL,1,8000000,16T,16,0.0004301337907375,0.0470652347770154,0.0477225310891938,109.36467844089807,2.0244347846588052e-05,18.598861964049227,0.16997682127587835,74.3954664550612,0.6799074550803559,72.0,3353.5,32000004.0,0.2499999375000078
INTEL,Intel CPU,CPU,CPU package RAPL,2,8000000,16T,16,0.0004321208530805,0.0506311227919,0.0512420129254631,117.15309925084216,2.1878763973259373e-05,18.513337051358818,0.15800556177434494,74.05336671877463,0.6320224051029613,81.0,3348.0,32000004.0,0.2499999375000078
INTEL,Intel CPU,CPU,CPU package RAPL,3,8000000,16T,16,0.0004298938679245,0.0521647459262435,0.0528062088336192,121.38087668474046,2.242530439553162e-05,18.609241947607863,0.1533602600367558,74.43698639967573,0.6134411935073024,85.0,3362.0,32000004.0,0.2499999375000078
INTEL,Intel CPU,CPU,CPU package RAPL,4,8000000,16T,16,0.0004282632139812,0.0524841031543052,0.0531331975703324,122.55620974098672,2.247701069978358e-05,18.68009845074199,0.15242708780751588,74.72041248306874,0.6097085036571704,87.0,3216.0,32000004.0,0.2499999375000078
INTEL,Intel CPU,CPU,CPU package RAPL,5,8000000,16T,16,0.0004303562848562,0.0544195231660231,0.055075303088803,126.46050029857406,2.3419783813375614e-05,18.589246355895867,0.14700604736270106,74.35700401283215,0.5880243364568699,87.0,3422.0,32000004.0,0.2499999375000078
INTEL,Intel CPU,CPU,CPU package RAPL,1,8000000,20T,20,0.0004637362586605,0.0545150101616628,0.0552764591224018,117.55243062666248,2.5280586853208646e-05,17.25118286654565,0.1467485556047081,69.00474871736763,0.5869943691674063,77.0,3726.0,32000004.0,0.2499999375000078
INTEL,Intel CPU,CPU,CPU package RAPL,2,8000000,20T,20,0.000459775743707,0.0570743032036613,0.0578297466819222,124.17369528562132,2.6241380202022187e-05,17.399784807043098,0.14016814136921085,69.59915662795937,0.5606727056450023,84.0,3687.5,32000004.0,0.2499999375000078
INTEL,Intel CPU,CPU,CPU package RAPL,3,8000000,20T,20,0.0004576587699316,0.0572232738041002,0.057987123690205,125.07617194961722,2.6188733100643644e-05,17.48027029219969,0.13980323858064161,69.92109864907124,0.5592130941258225,86.0,3699.5,32000004.0,0.2499999375000078
INTEL,Intel CPU,CPU,CPU package RAPL,4,8000000,20T,20,0.000457973132969,0.0581902852914389,0.0589665965391621,127.03496856724328,2.6649587263280192e-05,17.468271442337024,0.13747997556521654,69.87310323762173,0.5499200397408589,89.0,3671.5,32000004.0,0.2499999375000078
INTEL,Intel CPU,CPU,CPU package RAPL,5,8000000,20T,20,0.0004587639396709,0.0575248459780621,0.0582944890310786,125.42169284693654,2.6390324969857498e-05,17.438160038774843,0.13907032455247095,69.75265759326159,0.5562814372802257,86.0,3688.5,32000004.0,0.2499999375000078
INTEL,Intel CPU,CPU,CPU package RAPL,1,16000000,1T,1,0.003744086142322,0.1835688202247191,0.1847607883895131,49.09652885552652,0.0006872974759657692,4.273405683469973,0.08716076608442169,17.093624870582868,0.34864310791807257,85.0,1364.5,64000004.0,0.2499999687500019
INTEL,Intel CPU,CPU,CPU package RAPL,2,16000000,1T,1,0.0037385167910447,0.1852770951492537,0.1864216548507462,49.55572019384739,0.0006926615312114715,4.279771870578899,0.08635713436197215,17.119089622201667,0.3454285806264585,87.5,1359.0,64000004.0,0.2499999687500019
INTEL,Intel CPU,CPU,CPU package RAPL,3,16000000,1T,1,0.0037343684210526,0.190956257518797,0.1922902894736842,51.07044465770552,0.0007131010178805836,4.284526108832644,0.08378881743859597,17.138106577593764,0.3351553116487952,91.5,1364.0,64000004.0,0.2499999687500019
INTEL,Intel CPU,CPU,CPU package RAPL,4,16000000,1T,1,0.003740904494382,0.1952529082397003,0.1965816292134831,52.15641706464307,0.000730422481975051,4.277040224905076,0.08194499710272055,17.108163038140553,0.3277800293833833,95.0,1388.0,64000004.0,0.2499999687500019
INTEL,Intel CPU,CPU,CPU package RAPL,5,16000000,1T,1,0.0037689700374531,0.1913148932584269,0.1926306947565543,50.7020661831689,0.0007210601004095491,4.2451913496271985,0.08363174830506952,16.980767521104603,0.3345270350361549,91.0,1364.5,64000004.0,0.2499999687500019
INTEL,Intel CPU,CPU,CPU package RAPL,1,16000000,2T,2,0.0020345867346938,0.1330059153061224,0.1346037510204081,65.38830825982913,0.00027061207091764366,7.864004383380569,0.1202953941046523,31.45602146552471,0.48118163656630997,88.0,1520.0,64000004.0,0.2499999687500019
INTEL,Intel CPU,CPU,CPU package RAPL,2,16000000,2T,2,0.002045531762295,0.1323907305327868,0.1340466885245901,64.76175420998922,0.0002708094443382538,7.821926452048185,0.12085437504280234,31.28770971915621,0.4834175605984007,86.0,1638.0,64000004.0,0.2499999687500019
INTEL,Intel CPU,CPU,CPU package RAPL,3,16000000,2T,2,0.0020371975560081,0.1366900570264765,0.1383920977596741,67.15018987770483,0.0002784646501049457,7.8539260725170355,0.11705312989152418,31.415708217031426,0.4682125780926653,92.0,1682.0,64000004.0,0.2499999687500019
INTEL,Intel CPU,CPU,CPU package RAPL,4,16000000,2T,2,0.0020394061224489,0.1388627204081632,0.1405650948979591,68.22711878341656,0.00028319748218031787,7.845420695701034,0.11522170207360725,31.38168670551473,0.4608868659052836,93.5,1634.0,64000004.0,0.2499999687500019
INTEL,Intel CPU,CPU,CPU package RAPL,5,16000000,2T,2,0.0020617433264887,0.1362315616016427,0.1379394907597536,66.01030602922299,0.0002808745129893211,7.760422354439809,0.11744707916353407,31.041693297970657,0.46978837537767953,91.0,1519.0,64000004.0,0.2499999687500019
INTEL,Intel CPU,CPU,CPU package RAPL,1,16000000,4T,4,0.0013606474184782,0.0965711358695652,0.098055890625,70.85577213558801,0.0001313992667204314,11.759107306354949,0.16568096518622874,47.03643510497382,0.6627239435854029,57.0,1899.5,64000004.0,0.2499999687500019
INTEL,Intel CPU,CPU,CPU package RAPL,2,16000000,4T,4,0.0013508562753036,0.1095564662618083,0.1110782071524966,81.05719177432391,0.00014799503994985088,11.844338507739515,0.14604340159862975,47.37735995312769,0.5841736794162243,80.0,1922.5,64000004.0,0.2499999687500019
INTEL,Intel CPU,CPU,CPU package RAPL,3,16000000,4T,4,0.0013632643051771,0.1152351600817438,0.1167755926430517,84.47551486110957,0.00015709598044081035,11.736534829848317,0.13884650300004062,46.946145187661045,0.5553860814234183,86.0,1895.0,64000004.0,0.2499999687500019
INTEL,Intel CPU,CPU,CPU package RAPL,4,16000000,4T,4,0.0013424564926372,0.1151314966532797,0.1166495147255689,85.79198969743271,0.0001545590251892334,11.91844881957304,0.13897151922018566,47.67380123751695,0.5558861463665066,89.0,1779.0,64000004.0,0.2499999687500019
INTEL,Intel CPU,CPU,CPU package RAPL,5,16000000,4T,4,0.0013675532060027,0.1163391630286493,0.1178627135061391,85.03775639630655,0.00015909999538350013,11.699726877001968,0.13752891617468396,46.79891335787168,0.5501157334631982,86.5,1900.0,64000004.0,0.2499999687500019
INTEL,Intel CPU,CPU,CPU package RAPL,1,16000000,8T,8,0.0012930947164948,0.1444347268041237,0.1460441842783505,111.67276787944658,0.0001867677821087822,12.373416112449442,0.11077667645467648,49.49367063650621,0.4431067612070476,83.0,2459.5,64000004.0,0.2499999687500019
INTEL,Intel CPU,CPU,CPU package RAPL,2,16000000,8T,8,0.0012923481338481,0.1545798564993565,0.1560986821106821,119.56172208426212,0.00019977098907745044,12.380564169159554,0.10350636468644028,49.522262866920684,0.4140255104989467,88.0,2319.5,64000004.0,0.2499999687500019
INTEL,Intel CPU,CPU,CPU package RAPL,3,16000000,8T,8,0.0012899099099099,0.1520798166023166,0.1536365765765766,117.76551345593518,0.0001961692625326083,12.403966259254181,0.10520790567389647,49.61587123900024,0.4208316752995421,88.0,2389.0,64000004.0,0.2499999687500019
INTEL,Intel CPU,CPU,CPU package RAPL,4,16000000,8T,8,0.0012906685971685,0.1515380431145431,0.1531264369369369,117.47838782755406,0.00019558539352430702,12.396674897879429,0.10558404128200387,49.58670578985555,0.42233621792003934,89.0,2459.5,64000004.0,0.2499999687500019
INTEL,Intel CPU,CPU,CPU package RAPL,5,16000000,8T,8,0.0012897078507078,0.1512577303732303,0.1528260495495495,117.36103741120006,0.00019507828234259874,12.405909595121948,0.10577971096432433,49.623644583442974,0.4231188967471561,89.0,2459.0,64000004.0,0.2499999687500019
INTEL,Intel CPU,CPU,CPU package RAPL,1,16000000,10T,10,0.0013147601572739,0.1565558944954128,0.1582611022280471,119.05716021931612,0.000205833452468945,12.169519217235278,0.1021999142962248,48.67808295370109,0.40879970828485956,70.0,2669.5,64000004.0,0.2499999687500019
INTEL,Intel CPU,CPU,CPU package RAPL,2,16000000,10T,10,0.0013146867627785,0.173707368938401,0.1753292293577981,132.08490976828483,0.00022837077854039698,12.170198600147994,0.09210892489928747,48.680800485691655,0.36843574565161524,86.0,2739.0,64000004.0,0.2499999687500019
INTEL,Intel CPU,CPU,CPU package RAPL,3,16000000,10T,10,0.0013189408672798,0.1773446517739816,0.1790464395532194,134.45630652183405,0.0002339071088182094,12.130944909606596,0.09021979992039081,48.52378570389922,0.360879244791466,88.0,2740.0,64000004.0,0.2499999687500019
INTEL,Intel CPU,CPU,CPU package RAPL,4,16000000,10T,10,0.0013163149606299,0.175891656167979,0.1775757099737532,133.73105503472232,0.00023152881846388117,12.155144838848809,0.09096508241823464,48.620585432968035,0.36386037515548264,88.0,2739.0,64000004.0,0.2499999687500019
INTEL,Intel CPU,CPU,CPU package RAPL,5,16000000,10T,10,0.001317850197109,0.1806433081471747,0.1823401097240473,137.2400031248618,0.000238060819248176,12.140984639300875,0.0885723316524097,48.563944627696195,0.35428937089580737,91.0,2739.5,64000004.0,0.2499999687500019
INTEL,Intel CPU,CPU,CPU package RAPL,1,16000000,16T,16,0.0013326185086551,0.1568092363515313,0.1587228362183755,117.55463441026404,0.00020896689069012275,12.006436122628564,0.10203479955818148,48.025750493732694,0.40813924925012884,77.0,3519.5,64000004.0,0.2499999687500019
INTEL,Intel CPU,CPU,CPU package RAPL,2,16000000,16T,16,0.0013282476821192,0.1662244569536423,0.1681501291390728,125.12712184168034,0.0002207872496601981,12.045945357474467,0.09625538439546341,48.183787452870924,0.3850215857095488,86.0,3561.5,64000004.0,0.2499999687500019
INTEL,Intel CPU,CPU,CPU package RAPL,3,16000000,16T,16,0.0013281346153846,0.1672605079575596,0.1691567035809018,125.8802550454336,0.00022214447040524622,12.046970852699848,0.09565915586038883,48.1878894342852,0.38263667127113626,86.0,3550.0,64000004.0,0.2499999687500019
INTEL,Intel CPU,CPU,CPU package RAPL,4,16000000,16T,16,0.0013264146825396,0.1741398386243386,0.1760829583333333,131.22755987256875,0.00023098163876639926,12.062591895745486,0.09188017587701935,48.25037361427827,0.36752074944816826,90.0,3482.5,64000004.0,0.2499999687500019
INTEL,Intel CPU,CPU,CPU package RAPL,5,16000000,16T,16,0.0013289847883597,0.1687798597883598,0.1707464365079365,126.96023767031129,0.0002243058662402132,12.03926421140456,0.09479803467109806,48.157062865250715,0.37919218608341254,88.0,3510.5,64000004.0,0.2499999687500019
INTEL,Intel CPU,CPU,CPU package RAPL,1,16000000,20T,20,0.0013473089812332,0.1776106226541555,0.1798223853887399,131.77993056878887,0.00023929638706436454,11.875523152347062,0.09008469629181638,47.5020985471502,0.3603388302096165,83.0,3965.5,64000004.0,0.2499999687500019
INTEL,Intel CPU,CPU,CPU package RAPL,2,16000000,20T,20,0.0013458547523427,0.1759777543507363,0.1781860749665328,130.77534971651232,0.00023684049699953467,11.888354944803034,0.09092057720040485,47.553425723389985,0.36368235426191087,82.0,3974.5,64000004.0,0.2499999687500019
INTEL,Intel CPU,CPU,CPU package RAPL,3,16000000,20T,20,0.0013444517426273,0.1872628666219839,0.1895410904825737,139.32174492821625,0.0002517658873593099,11.900761100382175,0.08544138669145879,47.60305035190963,0.3417655894865312,90.5,3979.0,64000004.0,0.2499999687500019
INTEL,Intel CPU,CPU,CPU package RAPL,4,16000000,20T,20,0.0013496053691275,0.1924114852348993,0.1947280892617449,142.52048444396718,0.0002596795735548168,11.855316647372085,0.08315511405396056,47.42127251714703,0.3326204977934019,93.0,3999.0,64000004.0,0.2499999687500019
INTEL,Intel CPU,CPU,CPU package RAPL,5,16000000,20T,20,0.0013481260053619,0.1849413270777479,0.1872484095174262,137.18191535158408,0.0002493242124996529,11.868326058812917,0.08651391905106057,47.47331016941507,0.3460557194612045,89.0,3973.0,64000004.0,0.2499999687500019
INTEL,Intel CPU,CPU,CPU package RAPL,1,32000000,1T,1,0.007819953488372,0.3842891356589147,0.3872023023255814,49.16767090269845,0.003005123166939391,4.092095822255579,0.08327063148723099,16.368384312046302,0.33308254676658244,85.0,1363.5,128000004.0,0.2499999843750004
INTEL,Intel CPU,CPU,CPU package RAPL,2,32000000,1T,1,0.0078560781249999,0.38833900390625,0.3912562265625,49.40536255635322,0.003050821553672141,4.073279121062765,0.08240222763646274,16.29311750257087,0.3296089311464085,87.0,1364.0,128000004.0,0.2499999843750004
INTEL,Intel CPU,CPU,CPU package RAPL,3,32000000,1T,1,0.0078355507812499,0.40716948828125,0.41007594921875,51.743712444886775,0.00319039720200327,4.083950177002806,0.07859134812649858,16.3358017289988,0.31436541215383196,94.0,1359.5,128000004.0,0.2499999843750004
INTEL,Intel CPU,CPU,CPU package RAPL,4,32000000,1T,1,0.0077897480620155,0.4000200813953488,0.4031388488372093,51.279168154091465,0.003116055653816701,4.107963280101308,0.07999598142267685,16.431854147396084,0.31998394568970334,93.0,1359.5,128000004.0,0.2499999843750004
INTEL,Intel CPU,CPU,CPU package RAPL,5,32000000,1T,1,0.0079228228346456,0.4093079173228346,0.4119819842519685,51.482324225031945,0.0032428741137665875,4.038964352461304,0.07818074766132742,16.155858419586338,0.3127230101904972,93.5,1362.0,128000004.0,0.2499999843750004
INTEL,Intel CPU,CPU,CPU package RAPL,1,32000000,2T,2,0.0043469155844155,0.2321778008658008,0.2355191601731601,53.325905186051045,0.0010092573009388682,7.361541391492842,0.13782540312067154,29.446167406356775,0.551301646939038,56.0,1568.5,128000004.0,0.2499999843750004
INTEL,Intel CPU,CPU,CPU package RAPL,2,32000000,2T,2,0.0043403896103896,0.2855206731601731,0.2891034567099567,65.7486430067268,0.00123927096333586,7.372609805212309,0.11207594408426058,29.490441064001747,0.44830380435602923,89.0,1679.0,128000004.0,0.2499999843750004
INTEL,Intel CPU,CPU,CPU package RAPL,3,32000000,2T,2,0.0043999539473684,0.284745274122807,0.2884875,64.65580480603512,0.0012528660928711416,7.272803166301118,0.11238114170140297,29.09121448340532,0.44952459490089813,88.0,1626.5,128000004.0,0.2499999843750004
INTEL,Intel CPU,CPU,CPU package RAPL,4,32000000,2T,2,0.0043583493449781,0.2913813580786025,0.2951590895196506,67.07340945181772,0.0012699417511207063,7.342229010823086,0.10982170997832928,29.368917878849654,0.4392868673687455,92.0,1566.5,128000004.0,0.2499999843750004
INTEL,Intel CPU,CPU,CPU package RAPL,5,32000000,2T,2,0.0043762205240174,0.2868658318777293,0.2905999672489083,65.44448110237397,0.0012553881411026438,7.312245537988517,0.11155040246702977,29.248983980015506,0.4462016377557206,89.5,1633.0,128000004.0,0.2499999843750004
INTEL,Intel CPU,CPU,CPU package RAPL,1,32000000,4T,4,0.0029899656716417,0.2375231686567164,0.2408201313432836,79.43318747833995,0.0007101861205031438,10.702463678263493,0.13472369529664047,42.80985738866997,0.5388948148674867,79.0,1924.0,128000004.0,0.2499999843750004
INTEL,Intel CPU,CPU,CPU package RAPL,2,32000000,4T,4,0.0030117364457831,0.2407920843373494,0.2441076912650602,79.99247133910598,0.0007252022962548732,10.625099365784473,0.1328947298581794,42.50040011941282,0.5315789526564012,79.0,1903.0,128000004.0,0.2499999843750004
INTEL,Intel CPU,CPU,CPU package RAPL,3,32000000,4T,4,0.0030052964071856,0.2570190254491018,0.2603001646706586,85.4646857778963,0.0007724183537605301,10.647867852065666,0.12450439785181212,42.591474070229715,0.49801762253334897,90.0,1924.0,128000004.0,0.2499999843750004
INTEL,Intel CPU,CPU,CPU package RAPL,4,32000000,4T,4,0.0030085677710843,0.2571715240963855,0.2604916927710843,85.49197806867011,0.0007737179590370148,10.636289900980715,0.12443056871260248,42.545162262995426,0.49772230595805306,88.0,1899.5,128000004.0,0.2499999843750004
INTEL,Intel CPU,CPU,CPU package RAPL,5,32000000,4T,4,0.0030099563253012,0.2542132575301205,0.2575388418674699,84.32594036242953,0.000765170802478209,10.631383163607143,0.12587856082292828,42.52553531227444,0.5035142747613544,88.0,1922.5,128000004.0,0.2499999843750004
INTEL,Intel CPU,CPU,CPU package RAPL,1,32000000,8T,8,0.0029190130813953,0.3305232427325582,0.3339473299418604,113.23527460701618,0.0009648016692415314,10.962608973545219,0.09681618374382432,43.8504386348332,0.387264759179344,82.0,2452.5,128000004.0,0.2499999843750004
INTEL,Intel CPU,CPU,CPU package RAPL,2,32000000,8T,8,0.0029181511627906,0.3269023953488372,0.330249625,112.08856121186896,0.0009539506051062417,10.965846940361619,0.09788854243742336,43.863390502908295,0.39155419422182985,84.0,2459.5,128000004.0,0.2499999843750004
INTEL,Intel CPU,CPU,CPU package RAPL,3,32000000,8T,8,0.0029195218023255,0.3404625450581395,0.3439209898255814,116.74488770177848,0.0009939878231724662,10.960698760499373,0.09398977791972823,43.84279778217226,0.37595913517635815,86.0,2459.5,128000004.0,0.2499999843750004
INTEL,Intel CPU,CPU,CPU package RAPL,4,32000000,8T,8,0.0029161090116279,0.3305836584302325,0.3341013691860465,113.36403992222677,0.0009640179854453207,10.973526323056145,0.09679849013696298,43.894108035606244,0.3871939847474752,85.0,2459.0,128000004.0,0.2499999843750004
INTEL,Intel CPU,CPU,CPU package RAPL,5,32000000,8T,8,0.0029158183139534,0.3336520857558139,0.3372560363372092,114.41647004238408,0.0009728688621355525,10.97462034821125,0.09590828400641101,43.898484136500166,0.38363316000271575,87.0,2382.0,128000004.0,0.2499999843750004
INTEL,Intel CPU,CPU,CPU package RAPL,1,32000000,10T,10,0.0030050224550898,0.3304362709580838,0.334321371257485,109.94780987294229,0.0009929684142051794,10.648838562187628,0.09684166604113273,42.595356910960234,0.3873666883749482,59.0,2739.0,128000004.0,0.2499999843750004
INTEL,Intel CPU,CPU,CPU package RAPL,2,32000000,10T,10,0.0030046511976047,0.3962928547904192,0.4000155643712575,131.88749652152802,0.0011907218007482187,10.65015434254409,0.08074836226084194,42.600620032715035,0.32299346923045896,87.0,2739.0,128000004.0,0.2499999843750004
INTEL,Intel CPU,CPU,CPU package RAPL,3,32000000,10T,10,0.0030058068862275,0.3998145194610778,0.4037405508982036,133.01304618613992,0.0012017652358098465,10.64605951454262,0.08003711081611986,42.58424071968544,0.3201484632737578,88.0,2739.5,128000004.0,0.2499999843750004
INTEL,Intel CPU,CPU,CPU package RAPL,4,32000000,10T,10,0.0030018413173652,0.4006415973053892,0.4045008158682635,133.46701246871504,0.0012026625002465074,10.660123443196289,0.07987188353686597,42.640496437816104,0.31948755411543545,88.0,2739.0,128000004.0,0.2499999843750004
INTEL,Intel CPU,CPU,CPU package RAPL,5,32000000,10T,10,0.0030075613772455,0.4143233967065868,0.4183282410179641,137.6404773253758,0.0012461030456238959,10.639849029218304,0.0772343518477707,42.55939877683556,0.30893742669967134,92.0,2669.5,128000004.0,0.2499999843750004
INTEL,Intel CPU,CPU,CPU package RAPL,1,32000000,16T,16,0.0030927592592592,0.3330158132716049,0.337293674382716,107.68570888030014,0.001029937739975489,10.346747456724087,0.09609152996557875,41.38699241358329,0.38436614388519824,66.0,3518.5,128000004.0,0.2499999843750004
INTEL,Intel CPU,CPU,CPU package RAPL,2,32000000,16T,16,0.0030900679012345,0.3851068302469136,0.3892600015432099,124.64078119160392,0.0011900062546921512,10.35575916866287,0.08309382354886566,41.42303926359135,0.33237531496891914,85.0,3538.5,128000004.0,0.2499999843750004
INTEL,Intel CPU,CPU,CPU package RAPL,3,32000000,16T,16,0.0030898676923076,0.3972925907692307,0.4015438169230769,128.50425623750175,0.0012275815406110305,10.3564301732614,0.08054516933739485,41.42572328215322,0.3221806974858724,89.0,3416.5,128000004.0,0.2499999843750004
INTEL,Intel CPU,CPU,CPU package RAPL,4,32000000,16T,16,0.0030898723076923,0.3961130184615384,0.4004127892307692,128.09619284673548,0.0012239386464607163,10.356414703719423,0.0807850222249313,41.425661403981444,0.32314010909598134,89.0,3491.0,128000004.0,0.2499999843750004
INTEL,Intel CPU,CPU,CPU package RAPL,5,32000000,16T,16,0.0030914553846153,0.3994010215384615,0.4038255507692307,129.23375816532862,0.0012347304386559283,10.351111375971572,0.08011997284518328,41.40444809166421,0.32047991141072696,90.0,3472.5,128000004.0,0.2499999843750004
INTEL,Intel CPU,CPU,CPU package RAPL,1,32000000,20T,20,0.0030534893617021,0.3933510957446808,0.3983929346504559,128.74682100394216,0.001201093386270247,10.479813488579607,0.08135225590110164,41.919256574271884,0.32540904394247117,80.0,3999.0,128000004.0,0.2499999843750004
INTEL,Intel CPU,CPU,CPU package RAPL,2,32000000,20T,20,0.0030573799392097,0.4171252492401215,0.4223308480243161,136.5160857412692,0.0012753103691645936,10.466477714991374,0.07671556458951959,41.865913476585,0.30686227753697015,88.0,3999.0,128000004.0,0.2499999843750004
INTEL,Intel CPU,CPU,CPU package RAPL,3,32000000,20T,20,0.003051159574468,0.4323784331306991,0.4375994544072948,141.655520281815,0.0013192555960402045,10.487815605507791,0.07400923947177324,41.951265043985146,0.29603697638940335,92.0,3999.0,128000004.0,0.2499999843750004
INTEL,Intel CPU,CPU,CPU package RAPL,4,32000000,20T,20,0.0030619618902439,0.4319184557926829,0.4372038368902439,141.26383930816542,0.0013225178513301898,10.45081557087931,0.07408805660149823,41.80326489622122,0.29635224492800766,92.0,3999.0,128000004.0,0.2499999843750004
INTEL,Intel CPU,CPU,CPU package RAPL,5,32000000,20T,20,0.0030606048632218,0.4263591580547112,0.4314899878419452,139.23390565356056,0.0013049169126214011,10.45544930825034,0.07505409088900983,41.821799846863776,0.3002163823195626,91.0,3997.5,128000004.0,0.2499999843750004
INTEL,Intel CPU,CPU,CPU package RAPL,1,64000000,1T,1,0.0159686031746031,0.6670946269841269,0.6737614206349206,41.75477611281148,0.0106525693782194,4.007864576520214,0.09593841175027608,16.031458807063935,0.383753658993406,64.0,1363.5,256000004.0,0.2499999921875001
INTEL,Intel CPU,CPU,CPU package RAPL,2,64000000,1T,1,0.0159455158730158,0.794689253968254,0.801451126984127,49.68106283857352,0.012671730113265877,4.0136675106451465,0.08053462240796408,16.054670544289035,0.3221384996986843,90.0,1358.0,256000004.0,0.2499999921875001
INTEL,Intel CPU,CPU,CPU package RAPL,3,64000000,1T,1,0.0159698333333333,0.8218726111111111,0.8282107698412697,51.41268910932877,0.013125168620675899,4.00755585009237,0.07787094755898573,16.030223901313967,0.3114837999698115,93.0,1359.0,256000004.0,0.2499999921875001
INTEL,Intel CPU,CPU,CPU package RAPL,4,64000000,1T,1,0.0159650079365079,0.8233999365079365,0.8300340634920635,51.46040973091651,0.013145586521269306,4.008767127114815,0.07772650465753725,16.035069009555162,0.3109060283459622,95.5,1331.5,256000004.0,0.2499999921875001
INTEL,Intel CPU,CPU,CPU package RAPL,5,64000000,1T,1,0.0159463888888888,0.8184992142857143,0.8249786428571428,51.197303902636,0.013052106776249928,4.013447774661649,0.07819188813253945,16.053791600327575,0.312767562304144,92.0,1363.5,256000004.0,0.2499999921875001
INTEL,Intel CPU,CPU,CPU package RAPL,1,64000000,2T,2,0.0089421785714285,0.4879677410714286,0.49501796875,54.55459840563202,0.0043634946777573,7.1570924790619666,0.1311562089319173,28.62837081088444,0.5246248521221955,60.0,1634.5,256000004.0,0.2499999921875001
INTEL,Intel CPU,CPU,CPU package RAPL,2,64000000,2T,2,0.0089051991150442,0.596561221238938,0.6042206991150443,67.02119221023348,0.005312496459446678,7.186812801510541,0.10728152739644196,28.747252104393777,0.429126122995959,92.0,1662.5,256000004.0,0.2499999921875001
INTEL,Intel CPU,CPU,CPU package RAPL,3,64000000,2T,2,0.0089037256637168,0.5904534026548673,0.5983630973451327,66.30607397198179,0.0052572351144470515,7.188002125986846,0.1083912781469893,28.752009402447666,0.4335651261368672,91.0,1680.5,256000004.0,0.2499999921875001
INTEL,Intel CPU,CPU,CPU package RAPL,4,64000000,2T,2,0.0089063539823008,0.6050334734513274,0.6127875221238939,67.95476102308918,0.005388642285698515,7.185880903362289,0.10577926975663199,28.743524511684285,0.4231170922489369,95.0,1641.0,256000004.0,0.2499999921875001
INTEL,Intel CPU,CPU,CPU package RAPL,5,64000000,2T,2,0.0090007098214285,0.5881389821428571,0.5959372678571428,65.1821274805911,0.005293668312938175,7.1105501976779175,0.10881781507972652,28.44220167953046,0.4352712739211332,90.0,1629.5,256000004.0,0.2499999921875001
INTEL,Intel CPU,CPU,CPU package RAPL,1,64000000,4T,4,0.0062528062499999,0.5008005656250001,0.5081277375,80.11298088630241,0.0031314089067434854,10.235404143539714,0.12779538082215997,40.9416178535844,0.5111815392630628,81.0,1923.5,256000004.0,0.2499999921875001
INTEL,Intel CPU,CPU,CPU package RAPL,2,64000000,4T,4,0.0062644937499999,0.514445896875,0.52143565625,82.11587562347637,0.0032227431056865304,10.216308221235119,0.12440569433786487,40.865234161979025,0.4976227929021715,85.0,1881.5,256000004.0,0.2499999921875001
INTEL,Intel CPU,CPU,CPU package RAPL,3,64000000,4T,4,0.006271321875,0.5137941562499999,0.52081638125,81.92238164329146,0.0032221685313377924,10.205184851877819,0.12456350120272511,40.8207406831594,0.49825402038133837,85.0,1923.5,256000004.0,0.2499999921875001
INTEL,Intel CPU,CPU,CPU package RAPL,4,64000000,4T,4,0.0062614375,0.525589740625,0.532544259375,83.9157283982693,0.003290947311564648,10.221294870387192,0.12176797614788869,40.88518075921065,0.48707191981255205,88.0,1924.0,256000004.0,0.2499999921875001
INTEL,Intel CPU,CPU,CPU package RAPL,5,64000000,4T,4,0.0062722874999999,0.5282039468749999,0.535286653125,83.9660422679874,0.003313047013434673,10.203613753355697,0.1211653176365713,40.814456288874524,0.48466128569195016,87.0,1900.0,256000004.0,0.2499999921875001
INTEL,Intel CPU,CPU,CPU package RAPL,1,64000000,8T,8,0.0061870552147239,0.6832205490797546,0.6908436564417177,110.47097166097004,0.004227123260990421,10.344177767751834,0.0936739960269097,41.37671236402957,0.3746959958168885,81.0,2459.5,256000004.0,0.2499999921875001
INTEL,Intel CPU,CPU,CPU package RAPL,2,64000000,8T,8,0.0061823159509202,0.6741486104294478,0.6813780245398773,109.04163607174416,0.0041677997075486636,10.352107447771896,0.0949345559864472,41.408431085101036,0.37973823581260846,80.5,2459.0,256000004.0,0.2499999921875001
INTEL,Intel CPU,CPU,CPU package RAPL,3,64000000,8T,8,0.0061640398773006,0.7037822239263803,0.7111842331288343,114.16910646579646,0.004338141693217509,10.382800934770612,0.09093722010048207,41.53120503693258,0.36374889176908093,86.0,2460.0,256000004.0,0.2499999921875001
INTEL,Intel CPU,CPU,CPU package RAPL,4,64000000,8T,8,0.0061784386503067,0.724386036809816,0.7319241993865031,117.23133142590518,0.004475574687568259,10.358603948721417,0.0883506800902112,41.43441708971118,0.35340273140468,90.0,2459.0,256000004.0,0.2499999921875001
INTEL,Intel CPU,CPU,CPU package RAPL,5,64000000,8T,8,0.0061814104938271,0.7259423796296296,0.7333083858024692,117.43116752344434,0.004487347843356409,10.353623831310328,0.08816126568151637,41.41449661944431,0.35264507374622395,87.0,2320.0,256000004.0,0.2499999921875001
INTEL,Intel CPU,CPU,CPU package RAPL,1,64000000,10T,10,0.0063932611464968,0.7260610859872612,0.734432949044586,113.57222430575194,0.004641898131025629,10.010540400820156,0.08814685187676191,40.04216285459819,0.35258741852540426,65.0,2739.0,256000004.0,0.2499999921875001
INTEL,Intel CPU,CPU,CPU package RAPL,2,64000000,10T,10,0.0063854363057324,0.841823678343949,0.8498770828025479,131.79427859151906,0.005375411478722646,10.022807516307893,0.07602542034206258,40.09123131808253,0.30410169087142797,88.0,2739.5,256000004.0,0.2499999921875001
INTEL,Intel CPU,CPU,CPU package RAPL,3,64000000,10T,10,0.0063846719745222,0.8490889840764332,0.8572815477707006,132.95354109737613,0.00542115464050833,10.024007381332925,0.07537490204235044,40.09603077833265,0.30149961759126465,88.0,2739.5,256000004.0,0.2499999921875001
INTEL,Intel CPU,CPU,CPU package RAPL,4,64000000,10T,10,0.0063852452229299,0.8816478535031848,0.8898402993630573,138.08096941290003,0.00562953774488761,10.02310745563399,0.07259133989347234,40.092431075424415,0.290365368647807,93.0,2669.5,256000004.0,0.2499999921875001
INTEL,Intel CPU,CPU,CPU package RAPL,5,64000000,10T,10,0.006387229299363,0.8545784426751593,0.8628176847133758,133.84277184491123,0.005458388467658781,10.01999395988222,0.07489072483463939,40.079977092028145,0.2995629086998983,90.0,2739.0,256000004.0,0.2499999921875001
INTEL,Intel CPU,CPU,CPU package RAPL,1,64000000,16T,16,0.0063676930379746,0.6962519335443038,0.705142490506329,109.32099385558504,0.004433518589906417,10.050735583252418,0.09192074867814722,40.20294358935164,0.36768300620268257,68.0,3419.0,256000004.0,0.2499999921875001
INTEL,Intel CPU,CPU,CPU package RAPL,2,64000000,16T,16,0.0063880605095541,0.8013232675159236,0.8102163662420382,125.43158047480122,0.005118901520605328,10.01869016492258,0.07986789051863917,40.07476191202662,0.31947157205804316,88.0,3406.0,256000004.0,0.2499999921875001
INTEL,Intel CPU,CPU,CPU package RAPL,3,64000000,16T,16,0.0063891560509554,0.7964503789808918,0.8053843598726114,124.53456038406546,0.005088645758151486,10.016972271389395,0.08035654284186795,40.06789033767913,0.3214261814120398,87.0,3427.5,256000004.0,0.2499999921875001
INTEL,Intel CPU,CPU,CPU package RAPL,4,64000000,16T,16,0.0063741582278481,0.791898414556962,0.8010983037974684,124.19377543063166,0.005047685794768125,10.040541309500288,0.08081844567880041,40.16216649306883,0.3232737928175075,87.0,3555.5,256000004.0,0.2499999921875001
INTEL,Intel CPU,CPU,CPU package RAPL,5,64000000,16T,16,0.0063714398734177,0.7963707721518987,0.8055910664556962,124.97201638284858,0.005074028491713049,10.04482507431555,0.08036457544400276,40.17930155286535,0.32145831182158313,88.0,3427.0,256000004.0,0.2499999921875001
INTEL,Intel CPU,CPU,CPU package RAPL,1,64000000,20T,20,0.0064475801282051,0.753816483974359,0.7643580865384616,116.9084582954938,0.004860292182386515,9.926204518192865,0.08490129940190716,39.70481931354705,0.3396052082202912,65.0,3994.5,256000004.0,0.2499999921875001
INTEL,Intel CPU,CPU,CPU package RAPL,2,64000000,20T,20,0.0064587307692307,0.8908645128205128,0.9013832884615384,137.8673336508591,0.005753854040169564,9.909067475748497,0.07184032821935339,39.63627114162744,0.2873613218574547,90.0,3999.0,256000004.0,0.2499999921875001
INTEL,Intel CPU,CPU,CPU package RAPL,3,64000000,20T,20,0.0064518397435897,0.8867980544871795,0.8976465096153847,137.49490173986803,0.005721478932478409,9.919651067525033,0.07216975575911715,39.678605510056535,0.2886790320576882,89.5,3999.0,256000004.0,0.2499999921875001
INTEL,Intel CPU,CPU,CPU package RAPL,4,64000000,20T,20,0.0064496666666666,0.9174618814102564,0.928730625,142.23104936264895,0.0059173233144689565,9.92299328130663,0.06975766546466629,39.6919743656007,0.2790306705783735,94.0,3999.0,256000004.0,0.2499999921875001
INTEL,Intel CPU,CPU,CPU package RAPL,5,64000000,20T,20,0.0064483846153846,0.8980770096153846,0.9092878397435896,139.38232140295344,0.005791145972234454,9.924966145367378,0.07126337531723363,39.6998658220903,0.28505351017685665,91.0,3999.0,256000004.0,0.2499999921875001
INTEL,Intel CPU,CPU,CPU package RAPL,1,128000000,1T,1,0.03196296875,1.586266265625,1.599039140625,49.616423954701474,0.05070177907735107,4.004634237863152,0.0806926313531399,16.01853720174225,0.322770530455849,86.0,1364.5,512000004.0,0.24999999609375
INTEL,Intel CPU,CPU,CPU package RAPL,2,128000000,1T,1,0.03204134375,1.5958745,1.60887590625,49.78737269105733,0.05113396343635938,3.9948386684001043,0.08020680761551112,15.979354923277835,0.32082723547497,90.0,1333.5,512000004.0,0.24999999609375
INTEL,Intel CPU,CPU,CPU package RAPL,3,128000000,1T,1,0.032047140625,1.633364296875,1.6475330625,51.13037184513311,0.052344655313807366,3.9941160585212123,0.07836586072371811,15.976464483717104,0.3134634477927387,91.0,1363.5,512000004.0,0.24999999609375
INTEL,Intel CPU,CPU,CPU package RAPL,4,128000000,1T,1,0.032129109375,1.6508870781249998,1.6653651875,51.36303132928079,0.05304153149885229,3.9839261495246476,0.07753407286062013,15.935704847093977,0.31013629628836004,94.0,1362.0,512000004.0,0.24999999609375
INTEL,Intel CPU,CPU,CPU package RAPL,5,128000000,1T,1,0.0320693125,1.642476640625,1.65583928125,51.20640268486255,0.05267309666215332,3.9913546322516265,0.07793109249413317,15.965418778466173,0.31172437484722604,94.0,1364.0,512000004.0,0.24999999609375
INTEL,Intel CPU,CPU,CPU package RAPL,1,128000000,2T,2,0.0181075357142857,1.0728694107142855,1.0878203839285714,58.96791585731771,0.01942702117127358,7.06888010713772,0.11930622471077937,28.27552087035589,0.4772249062997566,74.0,1632.0,512000004.0,0.24999999609375
INTEL,Intel CPU,CPU,CPU package RAPL,2,128000000,2T,2,0.0179957857142857,1.1676164464285714,1.1825201517857145,64.88821332496377,0.02101217536640432,7.112776348430789,0.10962503944811501,28.451105838271683,0.438500164644025,88.0,1608.0,512000004.0,0.24999999609375
INTEL,Intel CPU,CPU,CPU package RAPL,3,128000000,2T,2,0.0179220982142857,1.2001955089285714,1.215609794642857,66.93262333537126,0.021510021787362468,7.1420208431829275,0.10664929009296753,28.56808381910802,0.4265971670374507,91.0,1680.0,512000004.0,0.24999999609375
INTEL,Intel CPU,CPU,CPU package RAPL,4,128000000,2T,2,0.01793125,1.2288547142857142,1.2448937589285711,68.52736684440478,0.022034901095535714,7.138375684907634,0.10416202787194535,28.553503185779018,0.4166481179979082,96.0,1581.0,512000004.0,0.24999999609375
INTEL,Intel CPU,CPU,CPU package RAPL,5,128000000,2T,2,0.0180791696428571,1.1610682589285717,1.1764729107142855,64.2226330867924,0.020991150020106382,7.079971123041679,0.11024330224832586,28.319884934664913,0.44097321588350985,88.0,1623.5,512000004.0,0.24999999609375
INTEL,Intel CPU,CPU,CPU package RAPL,1,128000000,4T,4,0.012825532051282,0.8998710897435898,0.9139172692307692,70.10515295311774,0.011541325503528472,9.980092715701844,0.14224259503266456,39.92037148656317,0.5689703890208206,60.0,1893.5,512000004.0,0.24999999609375
INTEL,Intel CPU,CPU,CPU package RAPL,2,128000000,4T,4,0.0127945897435897,1.0471371987179487,1.060939173076923,81.91783286265236,0.013397690862847917,10.004228471970357,0.12223804020783086,40.016914513145714,0.48895216847120104,83.0,1899.0,512000004.0,0.24999999609375
INTEL,Intel CPU,CPU,CPU package RAPL,3,128000000,4T,4,0.0128203333333333,1.0599021153846155,1.0739424102564104,82.70628021313388,0.013588298419935864,9.984139699955826,0.12076586803824953,39.93655942383204,0.4830634797008649,85.0,1896.0,512000004.0,0.24999999609375
INTEL,Intel CPU,CPU,CPU package RAPL,4,128000000,4T,4,0.0128163141025641,1.0765200769230767,1.0906114743589743,84.02583544299,0.013797019443562618,9.987270753171666,0.11890163661958932,39.94908363689109,0.4756065539097096,87.0,1899.5,512000004.0,0.24999999609375
INTEL,Intel CPU,CPU,CPU package RAPL,5,128000000,4T,4,0.0128248924050632,1.079317829113924,1.0934248101265822,84.27666445782188,0.013842135029252464,9.980590476491349,0.11859342590966257,39.922362529752306,0.47437371105073944,88.0,1907.5,512000004.0,0.24999999609375
INTEL,Intel CPU,CPU,CPU package RAPL,1,128000000,8T,8,0.0127100063291139,1.3790591708860758,1.3946981012658228,108.59813348298113,0.017527850790184592,10.070805291953283,0.09281690133553674,40.283221797238475,0.3712676111432034,78.0,2459.0,512000004.0,0.24999999609375
INTEL,Intel CPU,CPU,CPU package RAPL,2,128000000,8T,8,0.0127212911392405,1.3896572405063292,1.4044638607594937,109.24462287794243,0.01767823434023457,10.061871676308636,0.09210904334464699,40.24748733410152,0.3684361791354032,82.0,2459.0,512000004.0,0.24999999609375
INTEL,Intel CPU,CPU,CPU package RAPL,3,128000000,8T,8,0.012714582278481,1.4551671202531646,1.4699950443037977,114.44304457331054,0.018501842079399117,10.06718083193623,0.08796240460527381,40.268723956943724,0.3518496239187456,86.5,2448.0,512000004.0,0.24999999609375
INTEL,Intel CPU,CPU,CPU package RAPL,4,128000000,8T,8,0.0127224493670886,1.5519496962025316,1.5677444303797468,121.98398526114582,0.019744601430205243,10.060955662446585,0.08247689942090483,40.24382327859607,0.3299076028384256,90.0,2459.5,512000004.0,0.24999999609375
INTEL,Intel CPU,CPU,CPU package RAPL,5,128000000,8T,8,0.0127107784810126,1.4511283797468355,1.4664681645569622,114.10060489044564,0.018444971382472756,10.070193512632352,0.08820721914509792,40.28077467991651,0.35282888209334295,87.0,2385.5,512000004.0,0.24999999609375
INTEL,Intel CPU,CPU,CPU package RAPL,1,128000000,10T,10,0.0130017371794871,1.6765864551282053,1.6932394294871795,128.9422405475638,0.021798536448264866,9.84483821146194,0.0763456000783521,39.37935346115015,0.3053824050850085,84.0,2739.5,512000004.0,0.24999999609375
INTEL,Intel CPU,CPU,CPU package RAPL,2,128000000,10T,10,0.0129975576923076,1.7107715384615385,1.7272023653846154,131.62409531462478,0.022235851769511678,9.848003911977615,0.07482004237404355,39.39201626341071,0.2992801741724269,88.0,2739.0,512000004.0,0.24999999609375
INTEL,Intel CPU,CPU,CPU package RAPL,3,128000000,10T,10,0.0130006346153846,1.7051547500000002,1.721633826923077,131.13509687479143,0.022168093867437476,9.845673137258105,0.07506649997602856,39.38269316438699,0.3002660045957705,87.0,2739.5,512000004.0,0.24999999609375
INTEL,Intel CPU,CPU,CPU package RAPL,4,128000000,10T,10,0.0129985897435897,1.768584192307692,1.7848443653846155,136.15192000441016,0.022989100342805636,9.847222008304682,0.07237427517260712,39.388888648670104,0.2894971052138207,91.0,2740.0,512000004.0,0.24999999609375
INTEL,Intel CPU,CPU,CPU package RAPL,5,128000000,10T,10,0.0129973974358974,1.7464077564102565,1.7627661025641026,134.32922862539925,0.022698755695198,9.848125336729176,0.07329330652029636,39.39250196242454,0.29317323066201717,90.0,2740.0,512000004.0,0.24999999609375
INTEL,Intel CPU,CPU,CPU package RAPL,1,128000000,16T,16,0.0130064166666666,1.3941802564102566,1.412475455128205,107.2157817557258,0.018133289323311874,9.841296206359731,0.09181022210827683,39.365185440519944,0.3672408941712462,67.0,3432.5,512000004.0,0.24999999609375
INTEL,Intel CPU,CPU,CPU package RAPL,2,128000000,16T,16,0.0130193246753246,1.5561971038961038,1.5741666623376624,119.45455921757032,0.020260635354423226,9.831539053834119,0.08225179103568467,39.326156829807665,0.3290071692834757,83.0,3439.0,512000004.0,0.24999999609375
INTEL,Intel CPU,CPU,CPU package RAPL,3,128000000,16T,16,0.0130010448717948,1.5986850576923075,1.6177121794871796,122.95629230165476,0.020784576170925547,9.84536245065121,0.08006580056785371,39.38145041794,0.32026320727552743,87.0,3414.5,512000004.0,0.24999999609375
INTEL,Intel CPU,CPU,CPU package RAPL,4,128000000,16T,16,0.0129987371794871,1.6233103333333334,1.6420409679487178,124.84750881508212,0.021100984383745598,9.847110317915558,0.07885121924725422,39.38844188710663,0.3154048819172181,89.0,3438.5,512000004.0,0.24999999609375
INTEL,Intel CPU,CPU,CPU package RAPL,5,128000000,16T,16,0.0129874935897435,1.6334327564102562,1.652123967948718,125.74622647336832,0.021214197453155257,9.85563520132047,0.07836257629686671,39.42254142125908,0.3134503100851279,89.0,3430.5,512000004.0,0.24999999609375
INTEL,Intel CPU,CPU,CPU package RAPL,1,128000000,20T,20,0.013108409090909,1.610519844155844,1.6322569545454546,122.84485872906733,0.02111135296622181,9.764724163878215,0.07947744292905087,39.05889726580813,0.31790977668354375,73.0,3999.0,512000004.0,0.24999999609375
INTEL,Intel CPU,CPU,CPU package RAPL,2,128000000,20T,20,0.0131083051948051,1.770021344155844,1.7915557012987016,134.96305838779077,0.023201979980513952,9.764801558841274,0.07231551157426612,39.0592068456652,0.28926205081678397,87.0,3998.0,512000004.0,0.24999999609375
INTEL,Intel CPU,CPU,CPU package RAPL,3,128000000,20T,20,0.0131091558441558,1.7878162142857144,1.8102272337662335,136.3318624695277,0.02343676137378007,9.764167923677842,0.0715957255433774,39.05667230497187,0.28638290664824245,88.0,3999.0,512000004.0,0.24999999609375
INTEL,Intel CPU,CPU,CPU package RAPL,4,128000000,20T,20,0.013108487012987,1.850298220779221,1.8724603376623377,141.1736492222957,0.02425461019723737,9.764666118460985,0.0691780371199271,39.058665084135576,0.2767121528033357,93.0,3999.0,512000004.0,0.24999999609375
INTEL,Intel CPU,CPU,CPU package RAPL,5,128000000,20T,20,0.0131098441558441,1.8225356168831168,1.8451238766233768,139.0704896876453,0.02389315790581285,9.763655271442735,0.07023182307893899,39.05462169599941,0.28092729670524497,91.0,3999.0,512000004.0,0.24999999609375
INTEL,Intel CPU,CPU,CPU package RAPL,1,256000000,1T,1,0.0635817187499999,2.999172125,3.02351821875,47.235335172481285,0.19069251853458954,4.026314545012207,0.0853568879445357,16.105258305871157,0.34142755444554557,80.0,1364.0,1024000004.0,0.249999998046875
INTEL,Intel CPU,CPU,CPU package RAPL,2,256000000,1T,1,0.0640038749999999,3.1268344687500003,3.15135940625,48.93981152792848,0.20012952248356614,3.999757811538761,0.08187193839600337,15.999031371147474,0.32748775614251163,87.0,1361.5,1024000004.0,0.249999998046875
INTEL,Intel CPU,CPU,CPU package RAPL,3,256000000,1T,1,0.0639055,3.29546275,3.323104125,51.52889194441983,0.210598194770125,4.005914968195226,0.07768256491444184,16.023659997965748,0.3107302620853475,94.0,1408.5,1024000004.0,0.249999998046875
INTEL,Intel CPU,CPU,CPU package RAPL,4,256000000,1T,1,0.06395734375,3.288541,3.31699278125,51.41896720221371,0.21032634717296878,4.002667778084514,0.07784607185983086,16.010671237421423,0.31138428987201316,93.0,1363.5,1024000004.0,0.249999998046875
INTEL,Intel CPU,CPU,CPU package RAPL,5,256000000,1T,1,0.063716,3.28045384375,3.30882815625,51.4285261858481,0.209017397108375,4.017829101010736,0.07803798230166761,16.0713165296001,0.31215193164535743,94.0,1361.5,1024000004.0,0.249999998046875
INTEL,Intel CPU,CPU,CPU package RAPL,1,256000000,2T,2,0.0359210535714285,2.2340815535714285,2.2643630000000003,62.17342057490952,0.0802505631687795,7.126739712434872,0.11458847533598558,28.506959072450105,0.45835390492483225,81.5,1519.5,1024000004.0,0.249999998046875
INTEL,Intel CPU,CPU,CPU package RAPL,2,256000000,2T,2,0.0359571964285714,2.3495248928571426,2.380775982142857,65.338127008139,0.08448232808628245,7.119576174648137,0.10895819822053082,28.478304921079303,0.435832796287067,89.0,1634.5,1024000004.0,0.249999998046875
INTEL,Intel CPU,CPU,CPU package RAPL,3,256000000,2T,2,0.0361522857142857,2.3871529642857143,2.417564732142857,65.89241427163411,0.08630103600856119,7.081156666640325,0.10724071847511478,28.32462688784745,0.4289628772517316,91.0,1493.5,1024000004.0,0.249999998046875
INTEL,Intel CPU,CPU,CPU package RAPL,4,256000000,2T,2,0.0358695,2.4747033035714283,2.506862535714286,68.99201089030439,0.08876637014745535,7.136982645422992,0.10344674395130413,28.547930804722675,0.41378697903792727,96.0,1662.5,1024000004.0,0.249999998046875
INTEL,Intel CPU,CPU,CPU package RAPL,5,256000000,2T,2,0.0362376249999999,2.366346571428571,2.397830160714286,65.04768732597702,0.08575077967546403,7.064480605448087,0.10818364566330281,28.257922642557364,0.43273458603395015,89.0,1526.0,1024000004.0,0.249999998046875
INTEL,Intel CPU,CPU,CPU package RAPL,1,256000000,4T,4,0.0258005128205128,1.8076657692307687,1.8361067051282047,69.91043251962043,0.046638703854240585,9.922283358510075,0.14161909981231643,39.68913374411166,0.5664764036748626,60.0,1900.0,1024000004.0,0.249999998046875
INTEL,Intel CPU,CPU,CPU package RAPL,2,256000000,4T,4,0.0258372564102564,2.126006320512821,2.154565333333333,82.21370964343225,0.05493017043291551,9.908172715210497,0.12041356440476123,39.63269117047239,0.4816542613819688,85.0,1779.5,1024000004.0,0.249999998046875
INTEL,Intel CPU,CPU,CPU package RAPL,3,256000000,4T,4,0.025858282051282,2.1316270384615383,2.158947935897436,82.54036232531658,0.0551202131886774,9.900116275795208,0.12009605544540436,39.600465412559466,0.48038422553461924,85.0,1779.0,1024000004.0,0.249999998046875
INTEL,Intel CPU,CPU,CPU package RAPL,4,256000000,4T,4,0.0257339871794871,2.1073444871794877,2.135485692307692,81.86865612215158,0.05423037601583975,9.947933727271806,0.12147990067947341,39.79173521996016,0.48591960651414057,84.0,1940.0,1024000004.0,0.249999998046875
INTEL,Intel CPU,CPU,CPU package RAPL,5,256000000,4T,4,0.0257989102564102,2.1530463974358973,2.181475756410256,83.36731225054237,0.055546250785336,9.922899706059958,0.1189012922828208,39.691599134330446,0.47560517284694864,87.0,1821.5,1024000004.0,0.249999998046875
INTEL,Intel CPU,CPU,CPU package RAPL,1,256000000,8T,8,0.0257233717948717,2.80641591025641,2.8380668974358976,109.1528418525567,0.07219047987056894,9.952038987790747,0.09121955090990429,39.80815626216421,0.3648782064902282,77.0,2458.5,1024000004.0,0.249999998046875
INTEL,Intel CPU,CPU,CPU package RAPL,2,256000000,8T,8,0.0257495384615384,2.8851197435897435,2.915412371794872,112.04833945332774,0.07429050180370791,9.94192573130514,0.08873115217099374,39.76770323590574,0.3549246114568235,85.0,2459.5,1024000004.0,0.249999998046875
INTEL,Intel CPU,CPU,CPU package RAPL,3,256000000,8T,8,0.0257443461538461,2.9910929487179487,3.0224701025641023,116.12780619087208,0.07700373225012311,9.943930891472831,0.08558744358303123,39.77572387663917,0.3423497770067326,85.0,2460.0,1024000004.0,0.249999998046875
INTEL,Intel CPU,CPU,CPU package RAPL,4,256000000,8T,8,0.0257376666666666,3.0413044102564104,3.071827243589744,118.16009812889403,0.07827607914304253,9.946511558934402,0.08417440823637144,39.78604654656609,0.33669763557593607,88.0,2453.0,1024000004.0,0.249999998046875
INTEL,Intel CPU,CPU,CPU package RAPL,5,256000000,8T,8,0.025721141025641,2.9647007948717947,2.9953215897435896,115.27220273175776,0.0762554872437274,9.952902118331284,0.08634935418873203,39.81160878435333,0.34539741945334546,86.0,2379.0,1024000004.0,0.249999998046875
INTEL,Intel CPU,CPU,CPU package RAPL,1,256000000,10T,10,0.0260675769230769,2.8916090256410256,2.9237249102564102,110.88517420803576,0.07537724070736089,9.820628889115133,0.08853202377290571,39.28251586335519,0.3541280978582486,63.0,2739.0,1024000004.0,0.249999998046875
INTEL,Intel CPU,CPU,CPU package RAPL,2,256000000,10T,10,0.0260624615384615,3.4094370128205123,3.4412047179487177,130.75796554806783,0.08885832101444167,9.822556423621375,0.07508571005634149,39.29022600144038,0.3003428425717944,86.0,2739.0,1024000004.0,0.249999998046875
INTEL,Intel CPU,CPU,CPU package RAPL,3,256000000,10T,10,0.0260537564102564,3.443550102564102,3.4751336282051284,132.1774555305504,0.08971741555871855,9.825838353935875,0.07434188304952492,39.30335372280095,0.2973675345212835,88.0,2739.5,1024000004.0,0.249999998046875
INTEL,Intel CPU,CPU,CPU package RAPL,4,256000000,10T,10,0.0260669615384615,3.5336127307692307,3.5660309743589744,135.50537518593327,0.09211054714477945,9.820860732934868,0.07244710116953634,39.28344323864137,0.28978840694211727,91.0,2739.0,1024000004.0,0.249999998046875
INTEL,Intel CPU,CPU,CPU package RAPL,5,256000000,10T,10,0.0260704358974359,3.503822948717948,3.536125871794872,134.4645487049231,0.0913461915805161,9.819551924913473,0.07306305219950415,39.278208006514895,0.292252211081237,90.0,2739.0,1024000004.0,0.249999998046875
INTEL,Intel CPU,CPU,CPU package RAPL,1,256000000,16T,16,0.026201641025641,2.8092164743589745,2.846031230769231,107.25211851189162,0.07360608162447067,9.770380364706076,0.09112861231472585,39.08152176414869,0.3645144521066726,67.0,3416.0,1024000004.0,0.249999998046875
INTEL,Intel CPU,CPU,CPU package RAPL,2,256000000,16T,16,0.0262129358974358,3.1767011666666667,3.213728923076923,121.30159401365393,0.08327066404714285,9.766170413022772,0.08058674252593374,39.06468195728391,0.3223469726220707,86.0,3439.0,1024000004.0,0.249999998046875
INTEL,Intel CPU,CPU,CPU package RAPL,3,256000000,16T,16,0.0261870128205128,3.230555948717949,3.2665823589743592,123.36148343208708,0.08459861004646081,9.775838151324773,0.07924332624593423,39.10335291079404,0.3169733074600909,87.0,3550.5,1024000004.0,0.249999998046875
INTEL,Intel CPU,CPU,CPU package RAPL,4,256000000,16T,16,0.0261751025641025,3.2552946794871795,3.291638064102564,124.31934336982962,0.0852076721119541,9.780286376072803,0.07864111369491403,39.121145809925174,0.3145644572371909,89.0,3436.0,1024000004.0,0.249999998046875
INTEL,Intel CPU,CPU,CPU package RAPL,5,256000000,16T,16,0.0261934487179487,3.315981474358974,3.3534023333333334,126.62645225461632,0.08685699069828971,9.773436165531708,0.07720187853265628,39.09374496754671,0.3088075165431838,91.0,3430.5,1024000004.0,0.249999998046875
INTEL,Intel CPU,CPU,CPU package RAPL,1,256000000,20T,20,0.0262596153846153,3.349794871794872,3.391910269230769,127.56734112042678,0.08796432495069006,9.748809921640456,0.07642258968019472,38.99523999121214,0.30569036110898484,79.0,3999.0,1024000004.0,0.249999998046875
INTEL,Intel CPU,CPU,CPU package RAPL,2,256000000,20T,20,0.0262459358974358,3.521109935897436,3.5646551153846158,134.30509972551073,0.09241482566538839,9.753891040517663,0.07270434711228421,39.01556446687975,0.2908173907211477,87.0,3999.0,1024000004.0,0.249999998046875
INTEL,Intel CPU,CPU,CPU package RAPL,3,256000000,20T,20,0.0262388974358974,3.6466823974358977,3.6905524102564105,138.90035752083256,0.09568492540761296,9.756507476177973,0.07020079378999443,39.02603020960275,0.28080317735375254,91.0,3996.5,1024000004.0,0.249999998046875
INTEL,Intel CPU,CPU,CPU package RAPL,4,256000000,20T,20,0.0262515,3.7067087692307688,3.75126335897436,141.20455814231113,0.09730666525546153,9.751823667219016,0.06906396346134475,39.00729497362055,0.2762558560036279,93.0,3999.0,1024000004.0,0.249999998046875
INTEL,Intel CPU,CPU,CPU package RAPL,5,256000000,20T,20,0.0262516794871794,3.658536487179487,3.703922333333333,139.43750977102724,0.09604272725358713,9.751756992348751,0.06997333493791684,39.00702827413741,0.2798933419383341,92.0,3997.0,1024000004.0,0.249999998046875
AMD,AMD CPU,CPU,CPU package RAPL,1,1000000,1T,1,8.739309382629928e-05,0.0059160706749215,0.0059160706749215,67.75087747341479,5.170237195764323e-07,11.442540322323152,0.16903094214865325,45.77025282970673,0.6761251208435024,57.0,1794.0,4000004.0,0.2499995000005
AMD,AMD CPU,CPU,CPU package RAPL,2,1000000,1T,1,8.681031800898722e-05,0.0058995059626685,0.0058995059626685,67.95391223424244,5.121379887151687e-07,11.51935648820539,0.16950554950327984,46.07751810776562,0.6780235540588714,58.0,1823.5,4000004.0,0.2499995000005
AMD,AMD CPU,CPU,CPU package RAPL,3,1000000,1T,1,8.677701943844493e-05,0.0059772888552915,0.0059772888552915,68.95486298708474,5.186913111848307e-07,11.523776761073787,0.16729976151557965,46.09519923460143,0.6692003844617491,57.5,1826.0,4000004.0,0.2499995000005
AMD,AMD CPU,CPU,CPU package RAPL,4,1000000,1T,1,8.661224137931034e-05,0.0058654698706896,0.0058654698706896,67.7251987172779,5.080214922432399e-07,11.545700516172955,0.17048915467064374,46.182894430388316,0.6819579825971762,56.5,1823.5,4000004.0,0.2499995000005
AMD,AMD CPU,CPU,CPU package RAPL,5,1000000,1T,1,8.72268933136249e-05,0.0059470479523519,0.0059470479523519,68.22846585301308,5.187425172708106e-07,11.464342727471635,0.16815048541932925,45.857462624720085,0.6726032868825456,58.0,1831.0,4000004.0,0.2499995000005
AMD,AMD CPU,CPU,CPU package RAPL,1,1000000,2T,2,5.491115420331021e-05,0.004217443873928,0.004217443873928,76.65832147365512,2.315847109050664e-07,18.211218003130536,0.23711020938107497,72.84501770241187,0.9484427344078719,56.0,1850.0,4000004.0,0.2499995000005
AMD,AMD CPU,CPU,CPU package RAPL,2,1000000,2T,2,5.326478480751368e-05,0.0042030179843121,0.0042030179843121,79.12860784435652,2.2387284847649387e-07,18.77411133103719,0.2379240354746348,75.09659551718958,0.9516980452927264,57.0,1872.5,4000004.0,0.2499995000005
AMD,AMD CPU,CPU,CPU package RAPL,3,1000000,2T,2,5.316310174479715e-05,0.0042050797246163,0.0042050797246163,79.24553833897119,2.2355508124475993e-07,18.810019866793525,0.2378073819019559,75.24022994748353,0.9512314300687814,58.0,1869.5,4000004.0,0.2499995000005
AMD,AMD CPU,CPU,CPU package RAPL,4,1000000,2T,2,4.5581356779352965e-05,0.0035532448882224,0.0035532448882224,77.55895723984338,1.6196172297447734e-07,21.9387721352992,0.2814326148233129,87.75526405154937,1.1257327107564217,58.0,1860.0,4000004.0,0.2499995000005
AMD,AMD CPU,CPU,CPU package RAPL,5,1000000,2T,2,5.479020729092208e-05,0.004317464452631,0.004317464452631,78.82299653697916,2.3655477233083994e-07,18.251418445822978,0.23161719360320732,73.0058197947855,0.9264706273522312,56.5,1873.0,4000004.0,0.2499995000005
AMD,AMD CPU,CPU,CPU package RAPL,1,1000000,4T,4,3.557840345882105e-05,0.003138948557067,0.003138948557067,88.32061951572882,1.116787781998139e-07,28.106910450813597,0.31857769626348653,112.42786665876285,1.2743133336780648,53.0,1954.0,4000004.0,0.2499995000005
AMD,AMD CPU,CPU,CPU package RAPL,2,1000000,4T,4,3.535279081168149e-05,0.0031539842951187,0.0031539842951187,89.35953868262712,1.115021470086601e-07,28.286281706211838,0.3170589661932242,113.14535311532728,1.2682384012471628,56.0,1942.0,4000004.0,0.2499995000005
AMD,AMD CPU,CPU,CPU package RAPL,3,1000000,4T,4,3.526383936299117e-05,0.0031274624026311,0.0031274624026311,88.80812520525443,1.1028633178017753e-07,28.357632579550675,0.31974772875245816,113.4307571794902,1.2789934729942205,55.0,1932.0,4000004.0,0.2499995000005
AMD,AMD CPU,CPU,CPU package RAPL,4,1000000,4T,4,3.5350934171468485e-05,0.0031616962982364,0.0031616962982364,89.32849528432534,1.1176891770913056e-07,28.287767309048732,0.3162855966140079,113.15129553855971,1.2651449167433348,57.0,1947.5,4000004.0,0.2499995000005
AMD,AMD CPU,CPU,CPU package RAPL,5,1000000,4T,4,3.5284582208352326e-05,0.0031538506434306,0.0031538506434306,89.18908893572515,1.1128230230099189e-07,28.340961899310432,0.31707240229748207,113.36407432516366,1.2682921457716831,56.0,1914.0,4000004.0,0.2499995000005
AMD,AMD CPU,CPU,CPU package RAPL,1,1000000,8T,8,2.8746650251946864e-05,0.0029277034470911,0.0029277034470911,101.74146675588744,8.416166703494708e-08,34.7866270064727,0.34156430733911125,139.14678631918514,1.3662599618736362,53.0,2123.0,4000004.0,0.2499995000005
AMD,AMD CPU,CPU,CPU package RAPL,2,1000000,8T,8,2.814334881876381e-05,0.0029015266273865,0.0029015266273865,103.0108845205053,8.16586759814696e-08,35.53233861541303,0.34464581181553094,142.1296387206453,1.3785860044313756,55.5,2102.0,4000004.0,0.2499995000005
AMD,AMD CPU,CPU,CPU package RAPL,3,1000000,8T,8,2.8716330495400264e-05,0.0029670630821095,0.0029670630821095,103.33485320286746,8.520316406655733e-08,34.823356005050094,0.33703327914721254,139.29370260732702,1.3481358128577798,56.0,2137.0,4000004.0,0.2499995000005
AMD,AMD CPU,CPU,CPU package RAPL,4,1000000,8T,8,2.7954114315563743e-05,0.0028989126000054,0.0028989126000054,103.5323184676756,8.103653421137906e-08,35.77287367116618,0.34495658820418984,143.09178086794032,1.3798291124722244,55.0,2147.0,4000004.0,0.2499995000005
AMD,AMD CPU,CPU,CPU package RAPL,5,1000000,8T,8,2.767271129141312e-05,0.0028555529546991,0.0028555529546991,103.17418411513056,7.902089249272989e-08,36.136647019126784,0.35019452129381834,144.5468771699724,1.4007808867342455,54.0,2146.5,4000004.0,0.2499995000005
AMD,AMD CPU,CPU,CPU package RAPL,1,1000000,10T,10,2.8796012621916235e-05,0.0031177199799196,0.0031177199799196,107.7188376402906,8.977790389336523e-08,34.726995474328795,0.3207468940253538,138.9082597135568,1.2829901420791332,54.0,2180.5,4000004.0,0.2499995000005
AMD,AMD CPU,CPU,CPU package RAPL,2,1000000,10T,10,2.7582863523708364e-05,0.0029875932265707,0.0029875932265707,108.23467706422478,8.240637623285513e-08,36.25435767901576,0.33471725370988537,145.0177207512145,1.3388716925802489,54.0,2208.5,4000004.0,0.2499995000005
AMD,AMD CPU,CPU,CPU package RAPL,3,1000000,10T,10,2.8833542749443143e-05,0.0031052391627163,0.0031052391627163,107.7470581560371,8.953504614542547e-08,34.68179434937154,0.3220360647278625,138.7274548521184,1.2881468352025442,55.0,2213.0,4000004.0,0.2499995000005
AMD,AMD CPU,CPU,CPU package RAPL,4,1000000,10T,10,2.8247823811360257e-05,0.0030439909646851,0.0030439909646851,107.7310162150514,8.598612045379724e-08,35.40092173747687,0.32851575829281404,141.6039701575646,1.3140656612999504,53.0,2182.0,4000004.0,0.2499995000005
AMD,AMD CPU,CPU,CPU package RAPL,5,1000000,10T,10,2.7037919454213716e-05,0.0029405674564349,0.0029405674564349,108.6694066053158,7.950682603676894e-08,36.98505728938976,0.3400700765465125,147.9405250383132,1.360283026749383,54.0,2182.5,4000004.0,0.2499995000005
AMD,AMD CPU,CPU,CPU package RAPL,1,1000000,16T,16,3.1905297001336977e-05,0.0037753449735786,0.0037753449735786,118.25083373225822,1.2045350266452993e-07,31.342726568509786,0.26487619197673323,125.37115701610243,1.0595068869185877,53.0,2423.0,4000004.0,0.2499995000005
AMD,AMD CPU,CPU,CPU package RAPL,2,1000000,16T,16,8.868301913486365e-06,0.0012481601085841,0.0012481601085841,140.736287714892,1.1069060679293723e-08,112.76104599903881,0.8011784651044397,451.04508608542534,3.2047202698518893,60.0,2381.5,4000004.0,0.2499995000005
AMD,AMD CPU,CPU,CPU package RAPL,3,1000000,16T,16,3.0615704822153255e-05,0.0037022654720697,0.0037022654720697,120.81753867918997,1.133474668661358e-07,32.662942297392725,0.2701046177115345,130.6520304933706,1.0804206316852405,55.0,2404.0,4000004.0,0.2499995000005
AMD,AMD CPU,CPU,CPU package RAPL,4,1000000,16T,16,3.1788553760726904e-05,0.0038220134717314,0.0038220134717314,120.4397665220341,1.2149628072035607e-07,31.457832511885034,0.26164193491107535,125.83158171045189,1.0465698327818738,55.0,2414.5,4000004.0,0.2499995000005
AMD,AMD CPU,CPU,CPU package RAPL,5,1000000,16T,16,3.2209240168003055e-05,0.003858317710322,0.003858317710322,119.76333353970551,1.2427348177622093e-07,31.046960275499075,0.25918005594115373,124.18808947792688,1.0367222972071357,54.0,2403.0,4000004.0,0.2499995000005
AMD,AMD CPU,CPU,CPU package RAPL,1,1000000,20T,20,3.62689395305232e-05,0.0045926555367252,0.0045926555367252,126.7075964280892,1.6657074594600884e-07,27.571773890946588,0.21773873350690065,110.28731613819805,0.8709566759392124,56.0,2564.5,4000004.0,0.2499995000005
AMD,AMD CPU,CPU,CPU package RAPL,2,1000000,20T,20,8.214780440504224e-06,0.0012429948705621,0.0012429948705621,151.28646177190143,1.0210929950340618e-08,121.73167709624386,0.8045077447083803,486.92768223936605,3.2180374149019144,60.0,2538.5,4000004.0,0.2499995000005
AMD,AMD CPU,CPU,CPU package RAPL,3,1000000,20T,20,3.617960729413454e-05,0.0047064672445976,0.0047064672445976,129.95999796663813,1.7027813665224862e-07,27.639852247985022,0.21247337929481316,110.5596301109792,0.8498952169679869,58.0,2545.0,4000004.0,0.2499995000005
AMD,AMD CPU,CPU,CPU package RAPL,4,1000000,20T,20,3.616795002179282e-05,0.0045981001561818,0.0045981001561818,127.01350175095008,1.663038566439811e-07,27.64876083376181,0.2174809086434484,110.5952645253551,0.8699253744228027,57.0,2548.0,4000004.0,0.2499995000005
AMD,AMD CPU,CPU,CPU package RAPL,5,1000000,20T,20,3.547706597222222e-05,0.0045726750520833,0.0045726750520833,128.63419885169674,1.6222509449229392e-07,28.187195659950508,0.21869015152178872,112.74900813759282,0.8747623556101165,57.0,2547.0,4000004.0,0.2499995000005
AMD,AMD CPU,CPU,CPU package RAPL,1,1000000,32T,32,5.064633414963266e-05,0.0073701348143335,0.0073701348143335,145.61785023639425,3.732703105345753e-07,19.744745928610374,0.1356825926786568,78.97914167256688,0.5427314561764539,53.0,3002.5,4000004.0,0.2499995000005
AMD,AMD CPU,CPU,CPU package RAPL,2,1000000,32T,32,5.032918202650194e-05,0.0074309131712663,0.0074309131712663,147.66070536576575,3.739917816197924e-07,19.869168536723453,0.13457282798926723,79.47683310040107,0.5382923885407694,55.0,3001.0,4000004.0,0.2499995000005
AMD,AMD CPU,CPU,CPU package RAPL,3,1000000,32T,32,5.0397380678118896e-05,0.0074146497971653,0.0074146497971653,147.13471856623934,3.7367892842267666e-07,19.84228121669369,0.13486800150457684,79.36928360518323,0.5394730849633983,55.0,2964.0,4000004.0,0.2499995000005
AMD,AMD CPU,CPU,CPU package RAPL,4,1000000,32T,32,4.866914138153648e-05,0.0071271538319653,0.0071271538319653,146.41771046873257,3.468724574958787e-07,20.54687984241628,0.14030832272975538,82.18768374486824,0.5612344133867258,53.5,2987.5,4000004.0,0.2499995000005
AMD,AMD CPU,CPU,CPU package RAPL,5,1000000,32T,32,5.968118361692302e-06,0.0011371558263175,0.0011371558263175,190.4835867423543,6.7866805671508535e-09,167.55683104723872,0.8793860760827645,670.2286646449436,3.5175513394267015,60.0,2986.0,4000004.0,0.2499995000005
AMD,AMD CPU,CPU,CPU package RAPL,1,1000000,64T,64,0.0001119364631718,0.0162285257686352,0.0162285257686352,144.95160094387197,1.8165637770334416e-06,8.933630487012996,0.06161983006076212,35.73459341716735,0.2464798132021819,53.0,4187.5,4000004.0,0.2499995000005
AMD,AMD CPU,CPU,CPU package RAPL,2,1000000,64T,64,0.0001083811389759,0.0158335127481713,0.0158335127481713,146.0912148093512,1.7160541456362382e-06,9.226688420596531,0.06315711591639672,36.9068274959673,0.25262896892301945,53.0,4192.5,4000004.0,0.2499995000005
AMD,AMD CPU,CPU,CPU package RAPL,3,1000000,64T,64,0.0001111125877903,0.0161962598595353,0.0161962598595353,145.59593693847805,1.799608345517128e-06,8.999871390694933,0.061742588021719454,35.999557561822854,0.24697084602807595,54.0,4169.5,4000004.0,0.2499995000005
AMD,AMD CPU,CPU,CPU package RAPL,4,1000000,64T,64,0.0001131501101321,0.0164259477422907,0.0164259477422907,145.11872531466204,1.8585977960643122e-06,8.837808454914676,0.060879226921279846,35.35130452219705,0.2435173947194218,54.0,4174.0,4000004.0,0.2499995000005
AMD,AMD CPU,CPU,CPU package RAPL,5,1000000,64T,64,0.0001113619217466,0.0161960503674881,0.0161960503674881,145.42077378676663,1.8036232936282019e-06,8.979721113968033,0.06174338664736403,35.91895629371288,0.24697404053704325,53.5,4171.5,4000004.0,0.2499995000005
AMD,AMD CPU,CPU,CPU package RAPL,1,2000000,1T,1,0.0001740237764665,0.0118193228913571,0.0118193228913571,67.96869155806195,2.0568432048309143e-06,11.492676694009136,0.1692143465733137,45.9707527467663,0.6768580631509794,57.0,1794.0,8000004.0,0.249999750000125
AMD,AMD CPU,CPU,CPU package RAPL,2,2000000,1T,1,0.0001743178830854,0.0118151544448287,0.0118151544448287,67.81923399885851,2.0595927111495933e-06,11.473286415600752,0.1692740462546697,45.89319155557162,0.6770968621152026,57.0,1807.5,8000004.0,0.249999750000125
AMD,AMD CPU,CPU,CPU package RAPL,3,2000000,1T,1,0.0001732726879113,0.0118027619501212,0.0118027619501212,68.04722842204325,2.0450962878747173e-06,11.54249422750237,0.16945177818988905,46.17002308000948,0.6778077905670079,58.0,1825.0,8000004.0,0.249999750000125
AMD,AMD CPU,CPU,CPU package RAPL,4,2000000,1T,1,0.0001745848579891,0.0121495008712319,0.0121495008712319,69.58152476915507,2.121118884242468e-06,11.455741483175292,0.16461573369945443,45.82301175569001,0.6584635932610817,58.0,1794.0,8000004.0,0.249999750000125
AMD,AMD CPU,CPU,CPU package RAPL,5,2000000,1T,1,0.0001747994591765,0.0119814869155617,0.0119814869155617,68.5675910483256,2.0943574329704964e-06,11.441677276475689,0.1669241066734695,45.76675487263475,0.6676970943906385,58.0,1824.0,8000004.0,0.249999750000125
AMD,AMD CPU,CPU,CPU package RAPL,1,2000000,2T,2,9.685205016883744e-05,0.0077522630004823,0.0077522630004823,80.01368636474594,7.508225650447339e-07,20.650042993550468,0.25798905427687013,82.60025457441515,1.0319572490642135,57.0,1853.5,8000004.0,0.249999750000125
AMD,AMD CPU,CPU,CPU package RAPL,2,2000000,2T,2,9.691568328892272e-05,0.0077561011134373,0.0077561011134373,80.05175054161273,7.516878390667502e-07,20.636484541285757,0.25786138818317356,82.54602071112247,1.0314465841787626,58.0,1873.5,8000004.0,0.249999750000125
AMD,AMD CPU,CPU,CPU package RAPL,3,2000000,2T,2,9.675214996618031e-05,0.0081156135858537,0.0081156135858537,83.82738449109615,7.852030627260876e-07,20.671364932966338,0.2464384213026347,82.68554241736642,0.9857546709647169,60.0,1869.5,8000004.0,0.249999750000125
AMD,AMD CPU,CPU,CPU package RAPL,4,2000000,2T,2,9.72140768180932e-05,0.0077417556541236,0.0077417556541236,79.16056983848301,7.52607628866879e-07,20.573141930282326,0.25833920487205153,82.29265001373815,1.0333578528455423,59.0,1853.5,8000004.0,0.249999750000125
AMD,AMD CPU,CPU,CPU package RAPL,5,2000000,2T,2,9.761338272080046e-05,0.0078256901096786,0.0078256901096786,80.04227970598774,7.6389208373044e-07,20.48898362349059,0.25556838719264596,81.95601644993783,1.0222745710446437,58.0,1868.0,8000004.0,0.249999750000125
AMD,AMD CPU,CPU,CPU package RAPL,1,2000000,4T,4,5.731116443834991e-05,0.005354494429208,0.005354494429208,93.3328578322316,3.0687231071656823e-07,34.89719707495065,0.37351780386403843,139.58892788866066,1.4940727095281159,57.0,1914.0,8000004.0,0.249999750000125
AMD,AMD CPU,CPU,CPU package RAPL,2,2000000,4T,4,5.707127031019202e-05,0.0053429325928871,0.0053429325928871,93.59548368480117,3.0492795025779484e-07,35.04388441206349,0.37432607752950947,140.1756778238617,1.497305807423097,57.0,1944.0,8000004.0,0.249999750000125
AMD,AMD CPU,CPU,CPU package RAPL,3,2000000,4T,4,5.732248971077409e-05,0.0053985056943113,0.0053985056943113,94.02603549867608,3.0945578711571485e-07,34.890302394246646,0.3704727036052788,139.56134913826594,1.4818922963126704,57.0,1947.0,8000004.0,0.249999750000125
AMD,AMD CPU,CPU,CPU package RAPL,4,2000000,4T,4,5.73100067423306e-05,0.0053738563602651,0.0053738563602651,93.60823915138629,3.0797574423910904e-07,34.89790201896366,0.3721720243191125,139.5917476675325,1.4886895859652916,57.0,1928.0,8000004.0,0.249999750000125
AMD,AMD CPU,CPU,CPU package RAPL,5,2000000,4T,4,5.741041761492945e-05,0.005357921853664,0.005357921853664,93.32013734949778,3.076005311670071e-07,34.836865556607705,0.3732788671847288,139.34760157396272,1.4931169618551305,56.0,1927.5,8000004.0,0.249999750000125
AMD,AMD CPU,CPU,CPU package RAPL,1,2000000,8T,8,4.016859298499077e-05,0.0045565422586082,0.0045565422586082,113.37944060913722,1.8302989140494334e-07,49.79011838296929,0.4389291016058527,199.16067269245025,1.7557181621406948,57.0,2142.0,8000004.0,0.249999750000125
AMD,AMD CPU,CPU,CPU package RAPL,2,2000000,8T,8,3.945140072116337e-05,0.0044930106193287,0.0044930106193287,113.88647268130296,1.7725556238757894e-07,50.695259571027535,0.44513560493182625,202.78124106524982,1.7805442002706149,57.0,2120.5,8000004.0,0.249999750000125
AMD,AMD CPU,CPU,CPU package RAPL,3,2000000,8T,8,3.992728712871288e-05,0.0045390087524752,0.0045390087524752,113.74271103107849,1.8123030573981817e-07,50.091031568276584,0.4406246185159625,200.36432663733277,1.7625002365632054,58.0,2083.0,8000004.0,0.249999750000125
AMD,AMD CPU,CPU,CPU package RAPL,4,2000000,8T,8,4.003472277464004e-05,0.0045370924150823,0.0045370924150823,113.39338749105872,1.8164123704074193e-07,49.95660919792599,0.4408107256866888,199.82663661824068,1.7632446659905396,57.0,2102.0,8000004.0,0.249999750000125
AMD,AMD CPU,CPU,CPU package RAPL,5,2000000,8T,8,3.921111111111111e-05,0.0044702567076742,0.0044702567076742,114.11807528638772,1.752837324598028e-07,51.00592519127232,0.4474013755332109,204.02390478889203,1.7896072917392407,57.0,2115.0,8000004.0,0.249999750000125
AMD,AMD CPU,CPU,CPU package RAPL,1,2000000,10T,10,3.794185030395136e-05,0.0045485196428571,0.0045485196428571,119.884038220896,1.725792513938664e-07,52.712215771715144,0.4397032786569926,210.84907393582907,1.7588148734419646,54.0,2234.5,8000004.0,0.249999750000125
AMD,AMD CPU,CPU,CPU package RAPL,2,2000000,10T,10,3.795804026645826e-05,0.0045667839678463,0.0045667839678463,120.2899965344707,1.7334616973972586e-07,52.689732819723716,0.4379447361822989,210.75914203793153,1.7517806965090161,56.0,2203.5,8000004.0,0.249999750000125
AMD,AMD CPU,CPU,CPU package RAPL,3,2000000,10T,10,3.809795377036756e-05,0.0046069122773777,0.0046069122773777,120.66853842124355,1.7551393096767434e-07,52.49623147885678,0.4341300375570466,209.98513590045803,1.736521886749205,59.0,2174.0,8000004.0,0.249999750000125
AMD,AMD CPU,CPU,CPU package RAPL,4,2000000,10T,10,3.758046787968808e-05,0.0045264165800222,0.0045264165800222,120.52464324816432,1.7010485289561184e-07,53.21910856466432,0.44185040520291463,212.87664713519794,1.767403388214163,56.0,2178.5,8000004.0,0.249999750000125
AMD,AMD CPU,CPU,CPU package RAPL,5,2000000,10T,10,3.834281822309672e-05,0.004612781557439,0.004612781557439,120.45808021090166,1.7686704475973656e-07,52.16098066561139,0.43357765268000076,208.64413130647253,1.734312345031481,57.0,2227.0,8000004.0,0.249999750000125
AMD,AMD CPU,CPU,CPU package RAPL,1,2000000,16T,16,3.8657504798464496e-05,0.0050860276199616,0.0050860276199616,131.43095448426598,1.9661313712378853e-07,51.736370736464124,0.3932340029280258,206.9456898914429,1.5729375846489015,56.0,2420.0,8000004.0,0.249999750000125
AMD,AMD CPU,CPU,CPU package RAPL,2,2000000,16T,16,3.9195743932465706e-05,0.0051504354750459,0.0051504354750459,131.2038839224714,2.0187515002058646e-07,51.025922698290906,0.3883164850215265,204.1038948969565,1.5532674933528228,57.0,2440.0,8000004.0,0.249999750000125
AMD,AMD CPU,CPU,CPU package RAPL,3,2000000,16T,16,3.82218737087262e-05,0.0050753632658427,0.0050753632658427,132.7982269914416,1.9398989377294783e-07,52.32603234580288,0.394060266278876,209.30433868744555,1.5762426413573574,57.0,2416.5,8000004.0,0.249999750000125
AMD,AMD CPU,CPU,CPU package RAPL,4,2000000,16T,16,3.949683256127015e-05,0.0052025430573702,0.0052025430573702,131.88493269104578,2.054839720297493e-07,50.63694656773975,0.38442718838562895,202.54798881884653,1.5377102912520382,58.0,2414.0,8000004.0,0.249999750000125
AMD,AMD CPU,CPU,CPU package RAPL,5,2000000,16T,16,3.963057011150073e-05,0.0052284361727276,0.0052284361727276,132.024891049805,2.072059063167877e-07,50.466066836106485,0.3825233652908168,201.86446920879422,1.5300949912574935,59.0,2400.0,8000004.0,0.249999750000125
AMD,AMD CPU,CPU,CPU package RAPL,1,2000000,20T,20,4.127683400777274e-05,0.0056091489843343,0.0056091489843343,135.86353817876108,2.3152791155123396e-07,48.453304331029486,0.3565601494247637,193.81341113743218,1.4262420239403657,56.0,2570.0,8000004.0,0.249999750000125
AMD,AMD CPU,CPU,CPU package RAPL,2,2000000,20T,20,4.206657064128257e-05,0.0057540426686706,0.0057540426686706,136.66091880615863,2.4205284239458586e-07,47.543666372396785,0.347581537914121,190.17485566434772,1.3903275419833308,58.0,2577.5,8000004.0,0.249999750000125
AMD,AMD CPU,CPU,CPU package RAPL,3,2000000,20T,20,1.2704325735210268e-05,0.002159912547673,0.002159912547673,169.95250105464646,2.744023256520567e-08,157.42661528718259,0.9259629525995002,629.7070908555063,3.7038555142516634,67.0,2523.5,8000004.0,0.249999750000125
AMD,AMD CPU,CPU,CPU package RAPL,4,2000000,20T,20,4.187089083006288e-05,0.0057557284677385,0.0057557284677385,137.41145494328026,2.409974783201638e-07,47.76585738567618,0.34747973453060155,191.0636206062298,1.3899203280420394,59.0,2577.0,8000004.0,0.249999750000125
AMD,AMD CPU,CPU,CPU package RAPL,5,2000000,20T,20,4.203262141603277e-05,0.0057580191632533,0.0057580191632533,137.22654824162123,2.4202463959528775e-07,47.58206680007657,0.3473414977087353,190.32845752866865,1.3893673802016266,60.0,2523.5,8000004.0,0.249999750000125
AMD,AMD CPU,CPU,CPU package RAPL,1,2000000,32T,32,5.4133742658836085e-05,0.0083278225040042,0.0083278225040042,153.88011490952093,4.508162003402273e-07,36.94551497398724,0.240158696830817,147.7822076780827,0.9606357479585357,54.0,2988.5,8000004.0,0.249999750000125
AMD,AMD CPU,CPU,CPU package RAPL,2,2000000,32T,32,5.365562058420331e-05,0.0082122520563112,0.0082122520563112,153.05167913989334,4.406334804752772e-07,37.274734281776574,0.24353843334155584,149.09908622611798,0.9741547075204438,55.0,2964.0,8000004.0,0.249999750000125
AMD,AMD CPU,CPU,CPU package RAPL,3,2000000,32T,32,5.3452489648582655e-05,0.0082160766004883,0.0082160766004883,153.55300521461442,4.3916974943956306e-07,37.41638627403077,0.2434250673711021,149.665694761743,0.9737012431851647,56.0,2962.0,8000004.0,0.249999750000125
AMD,AMD CPU,CPU,CPU package RAPL,4,2000000,32T,32,5.385540785821055e-05,0.008276812967115,0.008276812967115,153.65406309499718,4.4575113811010415e-07,37.136456291735044,0.24163878149068865,148.5459737128396,0.9665560925183638,56.0,2988.5,8000004.0,0.249999750000125
AMD,AMD CPU,CPU,CPU package RAPL,5,2000000,32T,32,9.03398872875424e-06,0.0018993696717339,0.0018993696717339,210.05400859282756,1.7158884206181694e-08,221.38604109989785,1.0529803806829439,885.5450499441986,4.211925734655404,63.0,2940.0,8000004.0,0.249999750000125
AMD,AMD CPU,CPU,CPU package RAPL,1,2000000,64T,64,0.0001127832114397,0.0168413351708328,0.0168413351708328,149.43662120293862,1.899419865498892e-06,17.73312689423911,0.11875537062309416,70.93257850949948,0.4750219575140966,53.0,4196.5,8000004.0,0.249999750000125
AMD,AMD CPU,CPU,CPU package RAPL,2,2000000,64T,64,0.0001122910749399,0.0168218108477168,0.0168218108477168,149.85575572024925,1.8889392225257898e-06,17.81084561769875,0.11889320466776364,71.2434537142131,0.475573294244111,54.0,4172.0,8000004.0,0.249999750000125
AMD,AMD CPU,CPU,CPU package RAPL,3,2000000,64T,64,0.0001135250473115,0.0169899859735055,0.0169899859735055,149.8766967413722,1.9287889614639332e-06,17.617248769007134,0.11771634203340929,70.46906554505885,0.4708658389992408,55.0,4174.0,8000004.0,0.249999750000125
AMD,AMD CPU,CPU,CPU package RAPL,4,2000000,64T,64,0.0001131185950872,0.0169242433033233,0.0169242433033233,149.4227702386899,1.9144466253858844e-06,17.680550208904698,0.1181736142736304,70.722271557855,0.47269492978921507,53.5,4182.5,8000004.0,0.249999750000125
AMD,AMD CPU,CPU,CPU package RAPL,5,2000000,64T,64,0.0001139114542828,0.0169589237306965,0.0169589237306965,148.92459540946828,1.9318156652347266e-06,17.55748807345346,0.11793195321586958,70.23002252380124,0.47172828459152705,54.0,4181.5,8000004.0,0.249999750000125
AMD,AMD CPU,CPU,CPU package RAPL,1,4000000,1T,1,0.0005875954653937,0.040375558770883,0.040375558770883,68.66345946548907,2.3724495246507685e-05,6.807402772109422,0.09906981158325456,27.22962470324664,0.3962794444726909,53.0,1833.0,16000004.0,0.2499998750000312
AMD,AMD CPU,CPU,CPU package RAPL,2,4000000,1T,1,0.0006217565789473,0.042206539160401,0.042206539160401,67.89973098106239,2.6242193397576176e-05,6.433384278413947,0.09477202062927911,25.733549980427558,0.3790882720612051,53.5,1834.0,16000004.0,0.2499998750000312
AMD,AMD CPU,CPU,CPU package RAPL,3,4000000,1T,1,0.00062971625,0.0428095421874999,0.0428095421874999,67.97014633383198,2.695786437052923e-05,6.35206571213622,0.09343708892004861,25.40827555267948,0.37374854255441897,53.0,1834.0,16000004.0,0.2499998750000312
AMD,AMD CPU,CPU,CPU package RAPL,4,4000000,1T,1,0.0006137717524509,0.0425067077205882,0.0425067077205882,69.22633484552716,2.6089416488583622e-05,6.517079002132781,0.09410277140947788,26.068329042692387,0.37641127384350137,54.0,1794.0,16000004.0,0.2499998750000312
AMD,AMD CPU,CPU,CPU package RAPL,5,4000000,1T,1,0.0006350662729658,0.0438975862860892,0.0438975862860892,69.12527653904259,2.7877876514901287e-05,6.298553663257457,0.09112116037385791,25.194227250140305,0.364484823737798,54.0,1834.0,16000004.0,0.2499998750000312
AMD,AMD CPU,CPU,CPU package RAPL,1,4000000,2T,2,0.0001867903643425,0.0154388201405585,0.0154388201405585,82.66038585210654,2.8838228390732495e-06,21.414375490298717,0.2590870910848826,85.65754478995656,1.036348882513842,58.0,1873.5,16000004.0,0.2499998750000312
AMD,AMD CPU,CPU,CPU package RAPL,2,4000000,2T,2,0.0001901915958451,0.0151765331444759,0.0151765331444759,79.73580136029733,2.886449058143925e-06,21.031418250771537,0.26356473918787954,84.12571506593316,1.0542594838811283,58.0,1893.0,16000004.0,0.2499998750000312
AMD,AMD CPU,CPU,CPU package RAPL,3,4000000,2T,2,0.0001928330177962,0.0151516606399091,0.0151516606399091,78.62435072977267,2.921740445817575e-06,20.743330399089075,0.2639973990351989,82.97336308302746,1.0559901241357257,59.0,1873.0,16000004.0,0.2499998750000312
AMD,AMD CPU,CPU,CPU package RAPL,4,4000000,2T,2,0.000187820745964,0.0153356674707737,0.0153356674707737,81.7050816708057,2.8803565042165653e-06,21.296896567361564,0.2608297948311079,85.18762886325004,1.0433197009841517,59.0,1865.0,16000004.0,0.2499998750000312
AMD,AMD CPU,CPU,CPU package RAPL,5,4000000,2T,2,0.0001877234678624,0.0152098996636771,0.0152098996636771,80.9661319648368,2.8552551107046166e-06,21.30793259653594,0.262986547475552,85.23177300201961,1.0519467158754343,59.0,1869.5,16000004.0,0.2499998750000312
AMD,AMD CPU,CPU,CPU package RAPL,1,4000000,4T,4,0.0001015551563606,0.0097797302398542,0.0097797302398542,96.42139790386908,9.931820336728813e-07,39.387453511438494,0.4090091343930192,157.5498928206807,1.6360373555905499,57.0,1940.5,16000004.0,0.2499998750000312
AMD,AMD CPU,CPU,CPU package RAPL,2,4000000,4T,4,0.0001017091728257,0.0101099582363065,0.0101099582363065,99.32421251476175,1.028275489517107e-06,39.32780976259474,0.39564940888038047,157.31131770601814,1.5825984268205373,59.0,1913.0,16000004.0,0.2499998750000312
AMD,AMD CPU,CPU,CPU package RAPL,3,4000000,4T,4,0.0001014764818935,0.0100227820149706,0.0100227820149706,98.644139625852,1.0170766576646616e-06,39.41799050737703,0.3990906909903231,157.67204086550885,1.596363562142874,58.0,1943.0,16000004.0,0.2499998750000312
AMD,AMD CPU,CPU,CPU package RAPL,4,4000000,4T,4,0.0001016385312596,0.0099618066227211,0.0099618066227211,98.58231378479152,1.0125033938255289e-06,39.35514366872741,0.40153349201506455,157.42065338521667,1.6061347711274427,59.0,1937.5,16000004.0,0.2499998750000312
AMD,AMD CPU,CPU,CPU package RAPL,5,4000000,4T,4,0.0001015053519967,0.0098180424557431,0.0098180424557431,96.87084647533962,9.965838553887482e-07,39.40677926155108,0.40741308850830904,157.62719585978252,1.629653168859617,59.0,1941.5,16000004.0,0.2499998750000312
AMD,AMD CPU,CPU,CPU package RAPL,1,4000000,8T,8,6.272568926974663e-05,0.0076482515524093,0.0076482515524093,121.95142755826556,4.79741850333283e-07,63.76970977231252,0.5229952195727594,255.07896662870147,2.0919819242817383,56.0,2110.5,16000004.0,0.2499998750000312
AMD,AMD CPU,CPU,CPU package RAPL,2,4000000,8T,8,6.186102737619194e-05,0.0075814645647493,0.0075814645647493,122.59066975146712,4.6899718699158557e-07,64.66105025503431,0.5276024132063288,258.64433034227005,2.1104107080304053,58.0,2099.0,16000004.0,0.2499998750000312
AMD,AMD CPU,CPU,CPU package RAPL,3,4000000,8T,8,4.8196932544833886e-05,0.0062907342179912,0.0062907342179912,130.52606228844598,3.031940927620002e-07,82.99281279527716,0.6358556666660934,331.9714171667758,2.5434239383760247,62.0,2084.0,16000004.0,0.2499998750000312
AMD,AMD CPU,CPU,CPU package RAPL,4,4000000,8T,8,4.776400513600913e-05,0.006263116939319,0.006263116939319,130.86571760068966,2.9915154965705853e-07,83.74505003527047,0.6386594787794154,334.9803676312238,2.5546391924369383,60.0,2094.5,16000004.0,0.2499998750000312
AMD,AMD CPU,CPU,CPU package RAPL,5,4000000,8T,8,5.3366081362163206e-05,0.0066954178638804,0.0066954178638804,125.66774069694142,3.573082144775224e-07,74.95395760566406,0.5974233544972141,299.81598033060897,2.3896946128358643,60.0,2069.0,16000004.0,0.2499998750000312
AMD,AMD CPU,CPU,CPU package RAPL,1,4000000,10T,10,3.907221964064436e-05,0.0056597239196096,0.0056597239196096,144.83658633072855,2.2113797609239485e-07,102.37450128988971,0.7067480776122229,409.49820990861264,2.8269937239454004,57.0,2153.0,16000004.0,0.2499998750000312
AMD,AMD CPU,CPU,CPU package RAPL,2,4000000,10T,10,5.588378813983216e-05,0.007379388456622,0.007379388456622,132.11891495001964,4.1238818111138687e-07,71.57709119487785,0.542050201519144,286.30850793372963,2.16820189017725,58.0,2206.0,16000004.0,0.2499998750000312
AMD,AMD CPU,CPU,CPU package RAPL,3,4000000,10T,10,5.630532660499019e-05,0.0074426047378749,0.0074426047378749,132.10082838634102,4.1905829055789363e-07,71.04121832134956,0.5374461147512352,284.1650153678704,2.149785533897439,59.0,2174.5,16000004.0,0.2499998750000312
AMD,AMD CPU,CPU,CPU package RAPL,4,4000000,10T,10,5.6681383514148304e-05,0.0074570347556201,0.0074570347556201,131.54778751546706,4.2267504686163606e-07,70.56989000632908,0.5364061092762568,282.2797011651316,2.145625509917514,59.0,2173.5,16000004.0,0.2499998750000312
AMD,AMD CPU,CPU,CPU package RAPL,5,4000000,10T,10,5.644715999094818e-05,0.0074486045202534,0.0074486045202534,132.0007930225188,4.204525710640435e-07,70.86271480516356,0.5370132068528617,283.45100094611934,2.148053901438129,59.0,2187.5,16000004.0,0.2499998750000312
AMD,AMD CPU,CPU,CPU package RAPL,1,4000000,16T,16,5.153782707622298e-05,0.0077090105750336,0.0077090105750336,149.7512489770006,3.9730565394485594e-07,77.61287634583653,0.5188732018288308,310.45166060913766,2.0754938450619864,59.0,2443.0,16000004.0,0.2499998750000312
AMD,AMD CPU,CPU,CPU package RAPL,2,4000000,16T,16,5.165481598693278e-05,0.0077307342402123,0.0077307342402123,149.60868999177848,3.9932965462204695e-07,77.43709707555415,0.5174151478644223,309.74854317644946,2.069661626288244,60.0,2463.5,16000004.0,0.2499998750000312
AMD,AMD CPU,CPU,CPU package RAPL,3,4000000,16T,16,2.63445794269114e-05,0.0048083375808794,0.0048083375808794,182.72592484884888,1.2667363131088039e-07,151.83385299800756,0.8318881386170139,607.3357156598123,3.327554218244749,68.0,2381.5,16000004.0,0.2499998750000312
AMD,AMD CPU,CPU,CPU package RAPL,4,4000000,16T,16,4.964296579812552e-05,0.007520018254085,0.007520018254085,151.36173249412653,3.7331600898882127e-07,80.57534306604697,0.5319134694689249,322.30153341491433,2.1276549417029047,60.0,2419.5,16000004.0,0.2499998750000312
AMD,AMD CPU,CPU,CPU package RAPL,5,4000000,16T,16,5.096557136347527e-05,0.0076525984760265,0.0076525984760265,149.94603569588102,3.900190537459507e-07,78.48433546389356,0.5226981413608598,313.93749882428443,2.090793610839983,59.0,2429.5,16000004.0,0.2499998750000312
AMD,AMD CPU,CPU,CPU package RAPL,1,4000000,20T,20,5.146041999201915e-05,0.008060465457901,0.008060465457901,156.5841734379861,4.1479493779474834e-07,77.72962211774309,0.4962491336128903,310.9186439302554,1.9849975269500766,59.0,2583.0,16000004.0,0.2499998750000312
AMD,AMD CPU,CPU,CPU package RAPL,2,4000000,20T,20,2.1839130622184868e-05,0.0044215604728346,0.0044215604728346,202.2229404156862,9.656303672012432e-08,183.15742825113543,0.9046577615697874,732.6300793194898,3.618632855595125,69.5,2527.5,16000004.0,0.2499998750000312
AMD,AMD CPU,CPU,CPU package RAPL,3,4000000,20T,20,5.030995085995086e-05,0.0079423273464373,0.0079423273464373,158.19594408089554,3.9957809851290446e-07,79.50711403266729,0.5036305890608104,318.02861514493696,2.0145233635046713,60.5,2569.5,16000004.0,0.2499998750000312
AMD,AMD CPU,CPU,CPU package RAPL,4,4000000,20T,20,5.246719609675076e-05,0.0081805379684418,0.0081805379684418,156.0498207528656,4.2920988976715105e-07,76.23809346746692,0.4889652753194061,304.9525263460927,1.9558620792084196,61.5,2547.5,16000004.0,0.2499998750000312
AMD,AMD CPU,CPU,CPU package RAPL,5,4000000,20T,20,5.040276333382856e-05,0.0079647874263358,0.0079647874263358,158.0091904529931,4.014472956538568e-07,79.36070833075418,0.5022103900442952,317.4429920444731,2.008842564598212,60.0,2561.5,16000004.0,0.2499998750000312
AMD,AMD CPU,CPU,CPU package RAPL,1,4000000,32T,32,6.220875046347794e-05,0.0105806875849709,0.0105806875849709,170.27212030840664,6.582113537054737e-07,64.29961975121739,0.37804717017462164,257.1986076041412,1.5121894367930158,56.0,2977.0,16000004.0,0.2499998750000312
AMD,AMD CPU,CPU,CPU package RAPL,2,4000000,32T,32,6.170787612777371e-05,0.0104366040599853,0.0104366040599853,169.08983697058628,6.44020670528193e-07,64.8215309131287,0.38326633615778216,259.286253295609,1.5330661111639927,57.0,2971.5,16000004.0,0.2499998750000312
AMD,AMD CPU,CPU,CPU package RAPL,3,4000000,32T,32,1.5035171399277849e-05,0.0036608167803384,0.0036608167803384,243.48719176199023,5.504100775374033e-08,266.04279351229235,1.0926520610054258,1064.1717061348893,4.370610429326371,66.5,2968.5,16000004.0,0.2499998750000312
AMD,AMD CPU,CPU,CPU package RAPL,4,4000000,32T,32,5.841018629294137e-05,0.0100202066598302,0.0100202066598302,171.45406584662663,5.852821376944538e-07,68.48118887926545,0.39919326375128705,273.92489247947384,1.5967738533918752,57.0,2996.0,16000004.0,0.2499998750000312
AMD,AMD CPU,CPU,CPU package RAPL,5,4000000,32T,32,6.21774561133354e-05,0.0105002177086541,0.0105002177086541,169.10496059529876,6.528768257603075e-07,64.33198220121629,0.38094438715335105,257.32805746886174,1.523778310502369,58.0,2974.5,16000004.0,0.2499998750000312
AMD,AMD CPU,CPU,CPU package RAPL,1,4000000,64T,64,0.0001141278775195,0.018351243143518,0.018351243143518,160.890072276838,2.0943884298139865e-06,35.04839559744337,0.2179688301613983,140.19365248658218,0.8718757565833626,53.5,4186.0,16000004.0,0.2499998750000312
AMD,AMD CPU,CPU,CPU package RAPL,2,4000000,64T,64,1.0792997155417635e-05,0.0030709011533488,0.0030709011533488,284.272967436374,3.3144227412662334e-08,370.6105859568551,1.3025489262778858,1482.4430850487777,5.210198310210047,71.5,4072.5,16000004.0,0.2499998750000312
AMD,AMD CPU,CPU,CPU package RAPL,3,4000000,64T,64,1.148150867823765e-05,0.0031944524596898,0.0031944524596898,278.229744470616,3.6677133638146044e-08,348.3861844377388,1.252170458153703,1393.545434523498,5.008684336956354,68.0,4099.5,16000004.0,0.2499998750000312
AMD,AMD CPU,CPU,CPU package RAPL,4,4000000,64T,64,1.6054006703229737e-05,0.003917191179159,0.003917191179159,244.05461645607005,6.288661344805098e-08,249.15892175348864,1.0211395913688284,996.6361853319227,4.084560407755006,66.0,4119.5,16000004.0,0.2499998750000312
AMD,AMD CPU,CPU,CPU package RAPL,5,4000000,64T,64,0.0001169610829103,0.0187505295544275,0.0187505295544275,160.2588876280845,2.193082241827425e-06,34.199401206533686,0.2133272550190719,136.79767322495425,0.8533094467309044,55.5,4176.0,16000004.0,0.2499998750000312
AMD,AMD CPU,CPU,CPU package RAPL,1,8000000,1T,1,0.0016893112416107,0.1203413565436241,0.1203413565436241,71.25624768924054,0.00020329400643982556,4.735657232927828,0.06647755376681314,18.942633667369133,0.2659102815448146,54.0,1833.5,32000004.0,0.2499999375000078
AMD,AMD CPU,CPU,CPU package RAPL,2,8000000,1T,1,0.0017054177966101,0.1218180627118644,0.1218180627118644,71.50023508994003,0.0002077506920973788,4.6909320495551246,0.06567169779183202,18.763732889153133,0.2626868568390341,53.5,1813.5,32000004.0,0.2499999375000078
AMD,AMD CPU,CPU,CPU package RAPL,3,8000000,1T,1,0.0017128794871794,0.1200914282051282,0.1200914282051282,70.1918034838217,0.00020570214395864174,4.670497288267259,0.0666159035625357,18.681993823566906,0.2664636808660547,53.0,1834.0,32000004.0,0.2499999375000078
AMD,AMD CPU,CPU,CPU package RAPL,4,8000000,1T,1,0.0016924322033898,0.1192372999999999,0.1192372999999999,70.97657689555587,0.0002018010463652504,4.726924354178957,0.06709309083650844,18.907702143640773,0.26837243043913295,53.5,1814.5,32000004.0,0.2499999375000078
AMD,AMD CPU,CPU,CPU package RAPL,5,8000000,1T,1,0.0016982568259385,0.1216483882252559,0.1216483882252559,71.69057342635662,0.00020659020566795748,4.710712112450363,0.06576329630596034,18.842853160514153,0.2630532509871459,53.0,1814.0,32000004.0,0.2499999375000078
AMD,AMD CPU,CPU,CPU package RAPL,1,8000000,2T,2,0.0006402719186785,0.0517892484116899,0.0517892484116899,80.87066286098684,3.3159201447470154e-05,12.494689781978463,0.15447219732569503,49.9787716226052,0.6178889437749968,54.5,1874.0,32000004.0,0.2499999375000078
AMD,AMD CPU,CPU,CPU package RAPL,2,8000000,2T,2,0.0006623097432521,0.0534381063199473,0.0534381063199473,80.72820260007252,3.5392578476642716e-05,12.078939018348247,0.14970588501212986,48.31576815233352,0.5988236897544231,55.0,1853.5,32000004.0,0.2499999375000078
AMD,AMD CPU,CPU,CPU package RAPL,3,8000000,2T,2,0.0006635200525969,0.0497326482577251,0.0497326482577251,75.00534488542677,3.299860938774889e-05,12.056906145774223,0.16086010458446356,48.22763664000455,0.6434405791979789,54.0,1874.0,32000004.0,0.2499999375000078
AMD,AMD CPU,CPU,CPU package RAPL,4,8000000,2T,2,0.0006667265734265,0.0517301468531468,0.0517301468531468,77.59128176582664,3.448986355424821e-05,11.998920275347208,0.1546486814102936,47.99569310031061,0.6185948802898751,55.0,1849.5,32000004.0,0.2499999375000078
AMD,AMD CPU,CPU,CPU package RAPL,5,8000000,2T,2,0.0006485863427445,0.0492001526592252,0.0492001526592252,75.87769053360304,3.1910547075717956e-05,12.334516582862229,0.16260110116751786,49.33807866596703,0.650404567271193,52.5,1869.5,32000004.0,0.2499999375000078
AMD,AMD CPU,CPU,CPU package RAPL,1,8000000,4T,4,0.0001906691714836,0.0189955264932562,0.0189955264932562,99.80479513447354,3.6218612983639332e-06,41.95748551143257,0.4211517381653077,167.82998400322106,1.6846073738130216,61.5,1953.0,32000004.0,0.2499999375000078
AMD,AMD CPU,CPU,CPU package RAPL,2,8000000,4T,4,0.0001917896405919,0.0189702995387276,0.0189702995387276,98.82624811037816,3.6383069304532527e-06,41.7123624368368,0.42171179130135056,166.84949145971487,1.6868475869172461,59.0,1947.5,32000004.0,0.2499999375000078
AMD,AMD CPU,CPU,CPU package RAPL,3,8000000,4T,4,0.0001963509662307,0.019076690415772,0.019076690415772,97.16379920925414,3.7457265956207663e-06,40.74336456587897,0.41935990078162905,162.97349900688553,1.6774400224864696,57.0,1944.0,32000004.0,0.2499999375000078
AMD,AMD CPU,CPU,CPU package RAPL,4,8000000,4T,4,0.000191002759802,0.0191420932622763,0.0191420932622763,100.2258407081472,3.6561926414820428e-06,41.884206323998,0.41792707257182554,167.5368671802036,1.671708708214427,59.0,1912.5,32000004.0,0.2499999375000078
AMD,AMD CPU,CPU,CPU package RAPL,5,8000000,4T,4,0.0001921050114766,0.0189222416794185,0.0189222416794185,98.49499080101477,3.6350574549876897e-06,41.643884969520784,0.42278283596290317,166.5755815219733,1.6911317666345012,58.0,1944.0,32000004.0,0.2499999375000078
AMD,AMD CPU,CPU,CPU package RAPL,1,8000000,8T,8,0.0001076848983032,0.0138663881336284,0.0138663881336284,128.6006851502613,1.4932005960024735e-06,74.29081631739137,0.5769345934143162,297.1633395603911,2.3077389505919306,56.0,2107.5,32000004.0,0.2499999375000078
AMD,AMD CPU,CPU,CPU package RAPL,2,8000000,8T,8,0.0001077497886281,0.0139209552948636,0.0139209552948636,129.09431103103094,1.4999799905227823e-06,74.24607604208039,0.5746731334559885,296.9843784144069,2.2986931084971594,60.5,2098.0,32000004.0,0.2499999375000078
AMD,AMD CPU,CPU,CPU package RAPL,3,8000000,8T,8,0.0001071546087323,0.0138394590276313,0.0138394590276313,129.1548471371305,1.4829618171725289e-06,74.65846868039127,0.5780572046947449,298.6339493800431,2.312229396836256,61.0,2106.0,32000004.0,0.2499999375000078
AMD,AMD CPU,CPU,CPU package RAPL,4,8000000,8T,8,9.262074463096688e-05,0.0124212018662665,0.0124212018662665,134.14351470081948,1.1504609660651585e-06,86.37372795775684,0.6440599779419411,345.4949982047661,2.576240555827823,62.0,2081.5,32000004.0,0.2499999375000078
AMD,AMD CPU,CPU,CPU package RAPL,5,8000000,8T,8,0.0001076157060675,0.013906554054054,0.013906554054054,129.1739070255635,1.4965636334928759e-06,74.33858209304638,0.5752682489784636,297.354402710777,2.3010735711821755,61.0,2107.5,32000004.0,0.2499999375000078
AMD,AMD CPU,CPU,CPU package RAPL,1,8000000,10T,10,9.169362145510556e-05,0.0129807604421491,0.0129807604421491,141.81873448115908,1.1902529341818281e-06,87.24706117008267,0.6162966365224376,348.9883319274028,2.465187162386464,59.0,2171.5,32000004.0,0.2499999375000078
AMD,AMD CPU,CPU,CPU package RAPL,2,8000000,10T,10,9.230725416932472e-05,0.0130765245602843,0.0130765245602843,141.48628944162576,1.20705807623758e-06,86.66706719847959,0.6117832733857589,346.6683554609964,2.447133705326385,59.0,2164.5,32000004.0,0.2499999375000078
AMD,AMD CPU,CPU,CPU package RAPL,3,8000000,10T,10,9.243921693894314e-05,0.0130881917951994,0.0130881917951994,141.59612372885374,1.209862200694933e-06,86.54334453399863,0.611237910108737,346.17346467934993,2.4449522516729347,60.0,2190.5,32000004.0,0.2499999375000078
AMD,AMD CPU,CPU,CPU package RAPL,4,8000000,10T,10,9.148023822414726e-05,0.0130153693827828,0.0130153693827828,142.0371450131795,1.190649091712243e-06,87.45057025756965,0.6146578529367508,349.80236848085985,2.458632026404933,60.0,2176.5,32000004.0,0.2499999375000078
AMD,AMD CPU,CPU,CPU package RAPL,5,8000000,10T,10,9.19757388822392e-05,0.0130663240953871,0.0130663240953871,142.03766695408518,1.2017848131480344e-06,86.97944802860208,0.6122608731880681,347.9178790938672,2.4490441050132223,61.0,2174.0,32000004.0,0.2499999375000078
AMD,AMD CPU,CPU,CPU package RAPL,1,8000000,16T,16,7.33196383363472e-05,0.0123757163471971,0.0123757163471971,168.91492986467634,9.073830467297112e-07,109.11127198010347,0.6464271461596541,436.44519703169954,2.5857092310658434,62.0,2396.0,32000004.0,0.2499999375000078
AMD,AMD CPU,CPU,CPU package RAPL,2,8000000,16T,16,7.447721406975887e-05,0.0124610880097337,0.0124610880097337,167.4020164018161,9.280671192430422e-07,107.41539006154049,0.6419984349481346,429.66166766156545,2.567994381791053,63.0,2381.5,32000004.0,0.2499999375000078
AMD,AMD CPU,CPU,CPU package RAPL,3,8000000,16T,16,7.30378000716589e-05,0.012314314116804,0.012314314116804,168.87293369495274,8.994104124827375e-07,109.53231055906714,0.6496503925527833,438.1293517685928,2.598602219861607,63.0,2441.0,32000004.0,0.2499999375000078
AMD,AMD CPU,CPU,CPU package RAPL,4,8000000,16T,16,7.2305990881892e-05,0.0122729105641829,0.0122729105641829,169.69928452766618,8.874049593480849e-07,110.64088746211326,0.6518420352012579,442.5636604893542,2.6073687926471485,62.0,2420.5,32000004.0,0.2499999375000078
AMD,AMD CPU,CPU,CPU package RAPL,5,8000000,16T,16,7.283971600688468e-05,0.0123170325229489,0.0123170325229489,168.77783832299312,8.971691510191602e-07,109.83017835000695,0.6495070127560781,439.32082323021984,2.5980287005314064,62.0,2428.0,32000004.0,0.2499999375000078
AMD,AMD CPU,CPU,CPU package RAPL,1,8000000,20T,20,6.900023679047426e-05,0.0124156749543332,0.0124156749543332,180.27209084131368,8.566845117625515e-07,115.94161661057416,0.6443466850916484,463.76658238392776,2.577387384713359,63.0,2562.0,32000004.0,0.2499999375000078
AMD,AMD CPU,CPU,CPU package RAPL,2,8000000,20T,20,7.02453548165924e-05,0.012561672883099,0.012561672883099,179.06566678143275,8.823991687632564e-07,113.88651991135434,0.6368577716080741,455.5461935319515,2.5474317232901473,63.0,2556.0,32000004.0,0.2499999375000078
AMD,AMD CPU,CPU,CPU package RAPL,3,8000000,20T,20,4.0667469440621706e-05,0.0088768642839796,0.0088768642839796,218.2771324992845,3.6099960699728666e-07,196.71740361619362,0.9012190278089403,786.8698111822026,3.6048770124549017,73.0,2519.5,32000004.0,0.2499999375000078
AMD,AMD CPU,CPU,CPU package RAPL,4,8000000,20T,20,6.938635129632144e-05,0.0124817435523279,0.0124817435523279,180.1485955487489,8.660626429124188e-07,115.29643583411952,0.6409360171887176,461.18585863292833,2.5637447096909676,63.5,2539.5,32000004.0,0.2499999375000078
AMD,AMD CPU,CPU,CPU package RAPL,5,8000000,20T,20,7.062341507593702e-05,0.0126302947610422,0.0126302947610422,179.03231486852945,8.91994549440516e-07,113.27686421561592,0.633397648380763,453.10757013934204,2.5335912269207794,65.0,2555.5,32000004.0,0.2499999375000078
AMD,AMD CPU,CPU,CPU package RAPL,1,8000000,32T,32,7.32378742084053e-05,0.0144826101036269,0.0144826101036269,197.66603054840263,1.0606755769788065e-06,109.23308583800844,0.5523865479190486,436.93245258513326,2.209546744062812,60.0,2984.5,32000004.0,0.2499999375000078
AMD,AMD CPU,CPU,CPU package RAPL,2,8000000,32T,32,7.423040649217721e-05,0.0146168522079251,0.0146168522079251,196.80063832322784,1.0850148810303582e-06,107.77253389880173,0.547313394580434,431.0902433677543,2.1892541256351996,59.5,2980.5,32000004.0,0.2499999375000078
AMD,AMD CPU,CPU,CPU package RAPL,3,8000000,32T,32,7.480701365817645e-05,0.0147211645256552,0.0147211645256552,196.79942129140045,1.1012463557349513e-06,106.94183083628008,0.5434352007993702,427.76743028696455,2.17374134663275,61.0,2951.5,32000004.0,0.2499999375000078
AMD,AMD CPU,CPU,CPU package RAPL,4,8000000,32T,32,7.395813902652288e-05,0.0146010832483241,0.0146010832483241,197.450057657297,1.079868944817388e-06,108.16928475081072,0.5479044851633342,432.6772471725411,2.19161848855789,61.0,2951.0,32000004.0,0.2499999375000078
AMD,AMD CPU,CPU,CPU package RAPL,5,8000000,32T,32,7.344662666573641e-05,0.0145342776459917,0.0145342776459917,197.89192999118768,1.0674936641213106e-06,108.92261991022224,0.5504228827090186,435.69058856352245,2.201692081259026,61.0,2951.0,32000004.0,0.2499999375000078
AMD,AMD CPU,CPU,CPU package RAPL,1,8000000,64T,64,0.0001208306989813,0.0219441660227139,0.0219441660227139,181.6032801463111,2.6515289190862147e-06,66.20833171906169,0.36456154185670053,264.83339308458676,1.4582465319883897,55.5,4185.0,32000004.0,0.2499999375000078
AMD,AMD CPU,CPU,CPU package RAPL,2,8000000,64T,64,2.424313261939627e-05,0.0069240575766129,0.0069240575766129,285.0837302949268,1.6786084609416208e-07,329.9903162514327,1.1553917499215003,1319.9615949960885,4.621568155077895,69.0,4021.0,32000004.0,0.2499999375000078
AMD,AMD CPU,CPU,CPU package RAPL,3,8000000,64T,64,2.2643469846749303e-05,0.0064694773959586,0.0064694773959586,285.059002564212,1.4649141633961475e-07,353.3026984885216,1.2365757711739587,1413.211147256829,4.946304321271761,69.0,4001.0,32000004.0,0.2499999375000078
AMD,AMD CPU,CPU,CPU package RAPL,4,8000000,64T,64,0.0001225774033216,0.0222864185961934,0.0222864185961934,181.88517819165023,2.731811320859605e-06,65.26487577005376,0.3589629695534135,261.05956834509897,1.4358522371766684,60.0,4146.5,32000004.0,0.2499999375000078
AMD,AMD CPU,CPU,CPU package RAPL,5,8000000,64T,64,0.0001224567741935,0.022253124516129,0.022253124516129,181.6474283489856,2.725045843971448e-06,65.32916657888444,0.35950003309430206,261.31673164471255,1.4380004918772862,57.0,4152.5,32000004.0,0.2499999375000078
AMD,AMD CPU,CPU,CPU package RAPL,1,16000000,1T,1,0.003438018771331,0.2400348720136518,0.2400348720136518,69.7801224704857,0.000825244395756969,4.65384282756715,0.06665697723741579,18.61537363719016,0.26662794227815384,52.0,1833.0,64000004.0,0.2499999687500019
AMD,AMD CPU,CPU,CPU package RAPL,2,16000000,1T,1,0.0034272525597269,0.2355827389078498,0.2355827389078498,68.69721209506575,0.0008074015449494021,4.6684621927235375,0.06791668640145378,18.673851105125394,0.27166677956416047,51.0,1814.5,64000004.0,0.2499999687500019
AMD,AMD CPU,CPU,CPU package RAPL,3,16000000,1T,1,0.0034055169491525,0.2438209254237288,0.2438209254237288,71.57481699606888,0.0008303362940885561,4.698258513727783,0.06562192712620583,18.79303640404054,0.262487741315789,53.0,1834.0,64000004.0,0.2499999687500019
AMD,AMD CPU,CPU,CPU package RAPL,4,16000000,1T,1,0.0034354863481228,0.2457316006825938,0.2457316006825938,71.55691068204548,0.0008442075594474143,4.657273346099202,0.06511168671654426,18.629095713033628,0.2604467794220224,53.0,1809.5,64000004.0,0.2499999687500019
AMD,AMD CPU,CPU,CPU package RAPL,5,16000000,1T,1,0.0034010219594594,0.2435658513513513,0.2435658513513513,71.62254559424852,0.0008283728090203698,4.704468007181946,0.06569064961787072,18.817874380961932,0.2627626313168097,53.0,1834.0,64000004.0,0.2499999687500019
AMD,AMD CPU,CPU,CPU package RAPL,1,16000000,2T,2,0.0020083173652694,0.1567248473053892,0.1567248473053892,77.97700689708515,0.0003147532324126083,7.966867825122711,0.10208974055545192,31.867475283925007,0.4083590132666811,51.0,1874.0,64000004.0,0.2499999687500019
AMD,AMD CPU,CPU,CPU package RAPL,2,16000000,2T,2,0.0020073575697211,0.1564468545816733,0.1564468545816733,77.99917477476532,0.00031404477780357803,7.970677093779073,0.10227114532141124,31.882712360455084,0.4090846324212208,52.0,1835.0,64000004.0,0.2499999687500019
AMD,AMD CPU,CPU,CPU package RAPL,3,16000000,2T,2,0.002010249500998,0.1565199760479041,0.1565199760479041,78.09964404654335,0.00031464420374651813,7.959210531855229,0.10222336729148924,31.836846107026428,0.4088935202776438,52.0,1861.5,64000004.0,0.2499999687500019
AMD,AMD CPU,CPU,CPU package RAPL,4,16000000,2T,2,0.0020169660678642,0.1534594361277445,0.1534594361277445,76.12519630642979,0.00030952247546323417,7.9327060851066635,0.10426207344252911,31.730828306779944,0.4170483459011564,52.0,1855.0,64000004.0,0.2499999687500019
AMD,AMD CPU,CPU,CPU package RAPL,5,16000000,2T,2,0.0019968966202783,0.1638448320079523,0.1638448320079523,82.22731593003965,0.00032718119128674573,8.012432309976138,0.097653363880427,32.04973324612096,0.39061350434839304,54.0,1853.5,64000004.0,0.2499999687500019
AMD,AMD CPU,CPU,CPU package RAPL,1,16000000,4T,4,0.0007550385496183,0.074875204961832,0.074875204961832,99.13943265058283,5.653366615675457e-05,21.190969663851728,0.21368888416607443,84.76388925089239,0.8547556435087466,54.0,1944.0,64000004.0,0.2499999687500019
AMD,AMD CPU,CPU,CPU package RAPL,2,16000000,4T,4,0.000729396260997,0.0731059046920821,0.0731059046920821,100.04064018618251,5.332317353920773e-05,21.93594875044994,0.2188605567141407,87.74380596977481,0.8754423362868481,55.0,1944.5,64000004.0,0.2499999687500019
AMD,AMD CPU,CPU,CPU package RAPL,3,16000000,4T,4,0.0007320166795965,0.0666865034910783,0.0666865034910783,91.07190450312204,4.881563285943954e-05,21.857424080581705,0.23992859367923786,87.42970725103953,0.9597144946812557,53.0,1943.5,64000004.0,0.2499999687500019
AMD,AMD CPU,CPU,CPU package RAPL,4,16000000,4T,4,0.0007021794961511,0.062674455913226,0.062674455913226,89.24739073115926,4.400871787469336e-05,22.786195107806176,0.2552874016513571,91.14479182432297,1.0211497342491374,54.0,1915.0,64000004.0,0.2499999687500019
AMD,AMD CPU,CPU,CPU package RAPL,5,16000000,4T,4,0.0007516706288343,0.0674676875,0.0674676875,89.76773428364768,5.071347908912104e-05,21.28591750992452,0.2371505470674388,85.14368068265749,0.948602306845036,53.0,1955.0,64000004.0,0.2499999687500019
AMD,AMD CPU,CPU,CPU package RAPL,1,16000000,8T,8,0.000202469165659,0.0269317844619105,0.0269317844619105,132.94988637890958,5.452855929711039e-06,79.02437365177526,0.5940935337065661,316.09753411929034,2.3763744318730504,59.0,2099.5,64000004.0,0.2499999687500019
AMD,AMD CPU,CPU,CPU package RAPL,2,16000000,8T,8,0.0002017037405491,0.0266837115996816,0.0266837115996816,132.20331900081803,5.382204441389187e-06,79.32425524902537,0.5996166965090014,317.2970606582316,2.398467085844372,60.0,2119.0,64000004.0,0.2499999687500019
AMD,AMD CPU,CPU,CPU package RAPL,3,16000000,8T,8,0.0001863378205128,0.0251017545787545,0.0251017545787545,134.81839437665317,4.677406239252311e-06,85.86554761651793,0.637405602457049,343.4622333988482,2.549622728531017,63.0,2073.0,64000004.0,0.2499999687500019
AMD,AMD CPU,CPU,CPU package RAPL,4,16000000,8T,8,0.0001890949543846,0.0253573456525786,0.0253573456525786,134.16209321444094,4.794946119488885e-06,84.61356915667682,0.6309808297452045,338.4543189334945,2.523923634471253,61.0,2068.5,64000004.0,0.2499999687500019
AMD,AMD CPU,CPU,CPU package RAPL,5,16000000,8T,8,0.0002098967666948,0.0281630919273034,0.0281630919273034,134.04416245207392,5.911341935669407e-06,76.22794410770875,0.568119403980939,304.91181454480943,2.2724778999834756,61.0,2093.5,64000004.0,0.2499999687500019
AMD,AMD CPU,CPU,CPU package RAPL,1,16000000,10T,10,0.0002185058063102,0.0306014835670464,0.0306014835670464,140.04294647859558,6.6866018411058095e-06,73.2245942118615,0.5228504351739928,292.89841345974537,2.091402002121205,59.0,2174.0,64000004.0,0.2499999687500019
AMD,AMD CPU,CPU,CPU package RAPL,2,16000000,10T,10,0.0002047739726027,0.0283187216315681,0.0283187216315681,138.20471213277864,5.798937127526214e-06,78.13492504266158,0.5649972201486706,312.5397392381113,2.25998916309331,61.0,2159.0,64000004.0,0.2499999687500019
AMD,AMD CPU,CPU,CPU package RAPL,3,16000000,10T,10,0.0002014292237442,0.0275786199126464,0.0275786199126464,137.31614522610528,5.555140000940701e-06,79.43236191149104,0.5801595239601918,317.72948736214767,2.320638385920547,58.0,2176.0,64000004.0,0.2499999687500019
AMD,AMD CPU,CPU,CPU package RAPL,4,16000000,10T,10,0.0002027009913008,0.0285077625935666,0.0285077625935666,140.69570753171115,5.778551737483816e-06,78.93399483309213,0.5612506049005316,315.7360187993684,2.245002700227446,61.0,2180.5,64000004.0,0.2499999687500019
AMD,AMD CPU,CPU,CPU package RAPL,5,16000000,10T,10,0.000216869956616,0.0325307129067245,0.0325307129067245,149.86874396427095,7.054934296768893e-06,73.77692719480892,0.49184286387688125,295.1077456677015,1.9673717014289722,60.0,2168.0,64000004.0,0.2499999687500019
AMD,AMD CPU,CPU,CPU package RAPL,1,16000000,16T,16,0.0001201861601884,0.022058575147232,0.022058575147232,183.83386398868424,2.6511354461730844e-06,133.12680074743142,0.7253414553390927,532.5072695531302,2.901366184027121,63.5,2430.5,64000004.0,0.2499999687500019
AMD,AMD CPU,CPU,CPU package RAPL,2,16000000,16T,16,0.0001216294160495,0.0221680058273643,0.0221680058273643,182.21087327806,2.6962816037642327e-06,131.54711680510263,0.721760862235498,526.188532993973,2.8870438098224454,64.0,2425.5,64000004.0,0.2499999687500019
AMD,AMD CPU,CPU,CPU package RAPL,3,16000000,16T,16,0.0001201863269185,0.0221553202066999,0.0221553202066999,183.92096786396365,2.6627665573464833e-06,133.12661606548488,0.7221741257055497,532.5065308252517,2.8886968639092845,65.5,2382.0,64000004.0,0.2499999687500019
AMD,AMD CPU,CPU,CPU package RAPL,4,16000000,16T,16,0.0001200587054098,0.0219804673990077,0.0219804673990077,183.02017174190183,2.638946460227178e-06,133.2681286657783,0.7279189613921637,533.0725812971817,2.9116762095281588,64.0,2387.0,64000004.0,0.2499999687500019
AMD,AMD CPU,CPU,CPU package RAPL,5,16000000,16T,16,0.0001202584256422,0.021988670398303,0.021988670398303,182.854602974077,2.644322884065166e-06,133.04680245527365,0.7276474070589923,532.1872763445,2.9105899920596956,65.0,2431.5,64000004.0,0.2499999687500019
AMD,AMD CPU,CPU,CPU package RAPL,1,16000000,20T,20,0.0001289731732243,0.0237831424374041,0.0237831424374041,184.36311702807893,3.0673873493975196e-06,124.05679879004032,0.6727453717317257,496.2272571885645,2.6909818232996097,64.5,2538.0,64000004.0,0.2499999687500019
AMD,AMD CPU,CPU,CPU package RAPL,2,16000000,20T,20,0.0001238086472084,0.0232688713213031,0.0232688713213031,188.10306878642075,2.880887480356872e-06,129.231676145109,0.6876138846215413,516.926769196278,2.750455882293129,65.0,2516.0,64000004.0,0.2499999687500019
AMD,AMD CPU,CPU,CPU package RAPL,3,16000000,20T,20,0.0001196403239153,0.0228765129447925,0.0228765129447925,191.18870668356303,2.7369534187675283e-06,133.7341665116795,0.6994072496368885,534.9367329138054,2.7976293482512005,66.5,2537.5,64000004.0,0.2499999687500019
AMD,AMD CPU,CPU,CPU package RAPL,4,16000000,20T,20,0.0001255668597485,0.0235109382548681,0.0235109382548681,186.98655309217585,2.9521946864046665e-06,127.42214810537327,0.6805342613958459,509.68865613257105,2.7221373858505356,66.0,2539.0,64000004.0,0.2499999687500019
AMD,AMD CPU,CPU,CPU package RAPL,5,16000000,20T,20,0.0001263486676721,0.0236310182880844,0.0236310182880844,186.7846899991708,2.985747676434494e-06,126.63369780457985,0.6770761549479131,506.53485453517226,2.7083049583297507,65.5,2515.0,64000004.0,0.2499999687500019
AMD,AMD CPU,CPU,CPU package RAPL,1,16000000,32T,32,9.750555344598444e-05,0.0223592881146762,0.0223592881146762,229.17033915097284,2.180154762279725e-06,164.09320735627213,0.7155862439778622,656.3729114716974,2.8623453337045937,63.0,2964.0,64000004.0,0.2499999687500019
AMD,AMD CPU,CPU,CPU package RAPL,2,16000000,32T,32,9.814874396135266e-05,0.0224576531884058,0.0224576531884058,228.79116810093865,2.2041904527616957e-06,163.01786812778988,0.7124519586160637,652.0715540200987,2.849808190690257,63.0,2975.5,64000004.0,0.2499999687500019
AMD,AMD CPU,CPU,CPU package RAPL,3,16000000,32T,32,9.734232305936072e-05,0.0223734272260274,0.0223734272260274,230.04374871754032,2.1778813809810557e-06,164.3683702744897,0.7151340220861165,657.473563282149,2.8605364459114995,63.0,2942.0,64000004.0,0.2499999687500019
AMD,AMD CPU,CPU,CPU package RAPL,4,16000000,32T,32,9.771859926683388e-05,0.0224865348736253,0.0224865348736253,230.0495461681904,2.197352690215476e-06,163.73545179776713,0.7115368859595426,654.9418890587995,2.846147899606635,64.0,2942.5,64000004.0,0.2499999687500019
AMD,AMD CPU,CPU,CPU package RAPL,5,16000000,32T,32,9.739432867066325e-05,0.0223916994480921,0.0223916994480921,230.23114132364577,2.1808245355421906e-06,164.28060256058276,0.714550453711243,657.1224923826375,2.858202172120221,63.5,2944.5,64000004.0,0.2499999687500019
AMD,AMD CPU,CPU,CPU package RAPL,1,16000000,64T,64,0.0001355004692947,0.0288464151246983,0.0288464151246983,212.92527963115884,3.908702786866352e-06,118.08076446732888,0.5546616080658425,472.3231169097014,2.2186467095941915,61.0,4147.0,64000004.0,0.2499999687500019
AMD,AMD CPU,CPU,CPU package RAPL,2,16000000,64T,64,0.000135100212089,0.028805914766702,0.028805914766702,213.1507972438776,3.891685194399097e-06,118.43059868373616,0.555441447688205,473.72245395024765,2.221766068473561,62.0,4147.0,64000004.0,0.2499999687500019
AMD,AMD CPU,CPU,CPU package RAPL,3,16000000,64T,64,3.545908422528468e-05,0.0101140245870806,0.0101140245870806,285.1899647996205,3.5863404968989113e-07,451.22425887668413,1.5819616476351062,1804.89726111888,6.327847381521297,71.0,3827.0,64000004.0,0.2499999687500019
AMD,AMD CPU,CPU,CPU package RAPL,4,16000000,64T,64,0.0001365758415573,0.0290674770177098,0.0290674770177098,212.93122317677697,3.969915135641193e-06,117.15101893248995,0.5504433353555852,468.6041343054729,2.2017736166440254,63.0,4123.0,64000004.0,0.2499999687500019
AMD,AMD CPU,CPU,CPU package RAPL,5,16000000,64T,64,0.0001344725561944,0.0287459204783063,0.0287459204783063,213.67225213641035,3.8655374068787976e-06,118.98337811671871,0.5566006839848712,475.93357195856754,2.226403014239844,60.5,4149.5,64000004.0,0.2499999687500019
AMD,AMD CPU,CPU,CPU package RAPL,1,32000000,1T,1,0.006875425170068,0.4929330952380952,0.4929330952380952,71.70852842264378,0.003389124610159526,4.654257476222887,0.06491753000383034,18.61703106845595,0.2596701362447043,53.0,1834.0,128000004.0,0.2499999843750004
AMD,AMD CPU,CPU,CPU package RAPL,2,32000000,1T,1,0.0068613027210884,0.4913248809523809,0.4913248809523809,71.49237699183628,0.0033711287426170054,4.663837218790411,0.06513001934274408,18.655350041120982,0.26052009365348167,53.0,1834.0,128000004.0,0.2499999843750004
AMD,AMD CPU,CPU,CPU package RAPL,3,32000000,1T,1,0.0068870714285714,0.4988831462585034,0.4988831462585034,72.3486646272902,0.0034358438627927457,4.646386977670395,0.0641432753140527,18.58554907227836,0.2565731172920301,59.0,1833.5,128000004.0,0.2499999843750004
AMD,AMD CPU,CPU,CPU package RAPL,4,32000000,1T,1,0.0068169795918367,0.4696887789115646,0.4696887789115646,68.90581404004044,0.0032018588203548354,4.694160891770872,0.06813021821418716,18.776644740623748,0.2725208898893037,52.0,1794.0,128000004.0,0.2499999843750004
AMD,AMD CPU,CPU,CPU package RAPL,5,32000000,1T,1,0.0068077905405405,0.4674649628378379,0.4674649628378379,68.64921537945716,0.003182403552041549,4.700496998172829,0.06845432608625407,18.801989167815602,0.2738173214585984,51.0,1809.5,128000004.0,0.2499999843750004
AMD,AMD CPU,CPU,CPU package RAPL,1,32000000,2T,2,0.0039924581673306,0.3289278605577689,0.3289278605577689,82.22764920449396,0.001313230723346445,8.015111908209558,0.09728576638578754,32.06044963661627,0.38914308986459245,55.0,1867.5,128000004.0,0.2499999843750004
AMD,AMD CPU,CPU,CPU package RAPL,2,32000000,2T,2,0.0040131573705179,0.314603609561753,0.314603609561753,78.39902592412699,0.0012625537945042847,7.973771284197206,0.10171529514418612,31.89508713023171,0.406861206005569,51.0,1869.5,128000004.0,0.2499999843750004
AMD,AMD CPU,CPU,CPU package RAPL,3,32000000,2T,2,0.0039991454183266,0.3061106175298804,0.3061106175298804,76.41568219109121,0.0012241808735957472,8.001709278526326,0.1045373703735591,32.00683911453269,0.4181495076285798,52.0,1835.0,128000004.0,0.2499999843750004
AMD,AMD CPU,CPU,CPU package RAPL,4,32000000,2T,2,0.004012402,0.328009954,0.328009954,81.80147980442374,0.0013161077954495079,7.975272417868399,0.09755801191326041,31.901091665291762,0.3902320720425454,54.0,1870.0,128000004.0,0.2499999843750004
AMD,AMD CPU,CPU,CPU package RAPL,5,32000000,2T,2,0.0040156374501992,0.3152640179282868,0.3152640179282868,78.55004880537976,0.0012659859970931004,7.968846639382897,0.10150222410500094,31.875388549743313,0.4060089217955606,53.0,1869.5,128000004.0,0.2499999843750004
AMD,AMD CPU,CPU,CPU package RAPL,1,32000000,4T,4,0.0027058104838709,0.2424830080645161,0.2424830080645161,89.53410843456933,0.0006561130653815196,11.826400699808506,0.1319680057395442,47.30560575583429,0.5278720559501792,51.0,1915.0,128000004.0,0.2499999843750004
AMD,AMD CPU,CPU,CPU package RAPL,2,32000000,4T,4,0.00270875606469,0.2349722749326145,0.2349722749326145,86.7288604135004,0.0006364825747577255,11.813540324703323,0.1361862756326336,47.25416425219847,0.5447451365771043,51.0,1949.5,128000004.0,0.2499999843750004
AMD,AMD CPU,CPU,CPU package RAPL,3,32000000,4T,4,0.0026941849865951,0.2376569705093833,0.2376569705093833,88.19566865282006,0.0006402918419060549,11.877432009760202,0.13464784530162374,47.5097310083989,0.5385914148684573,52.0,1945.5,128000004.0,0.2499999843750004
AMD,AMD CPU,CPU,CPU package RAPL,4,32000000,4T,4,0.0027112803234501,0.2459714204851752,0.2459714204851752,90.74834349132506,0.0006668974724925264,11.802541671264759,0.13009641094433022,47.21016963569455,0.5203856763014246,52.5,1948.5,128000004.0,0.2499999843750004
AMD,AMD CPU,CPU,CPU package RAPL,5,32000000,4T,4,0.0027280283783783,0.2460342608108108,0.2460342608108108,90.16149976000725,0.0006711884455452199,11.730082888295566,0.13006318264189454,46.92033448570308,0.5202527630833748,53.5,1952.5,128000004.0,0.2499999843750004
AMD,AMD CPU,CPU,CPU package RAPL,1,32000000,8T,8,0.0008772421465968,0.1029539803664921,0.1029539803664921,117.3056785856826,9.031557073738633e-05,36.47795437570091,0.3108184733226193,145.91182662229252,1.2432739709950982,55.0,2064.5,128000004.0,0.2499999843750004
AMD,AMD CPU,CPU,CPU package RAPL,2,32000000,8T,8,0.0008609407216494,0.1005652220790378,0.1005652220790378,116.80251286280124,8.658069486955897e-05,37.16864378153009,0.31820144517604765,148.6745844182816,1.2728058602545542,57.5,2062.0,128000004.0,0.2499999843750004
AMD,AMD CPU,CPU,CPU package RAPL,3,32000000,8T,8,0.0009255630841121,0.1131477738317757,0.1131477738317757,122.30632832080468,0.00010472540250815667,34.573547226873096,0.2828159840561823,138.29419755087943,1.1312640069287276,55.5,2063.0,128000004.0,0.2499999843750004
AMD,AMD CPU,CPU,CPU package RAPL,4,32000000,8T,8,0.0008760688753269,0.1129742101133391,0.1129742101133391,129.2030747489861,9.897318919493786e-05,36.52680731073728,0.2832504778559341,146.10723837465125,1.133001982236358,57.0,2098.0,128000004.0,0.2499999843750004
AMD,AMD CPU,CPU,CPU package RAPL,5,32000000,8T,8,0.0008888989361702,0.099828054964539,0.099828054964539,112.31928183060629,8.873705185791897e-05,35.999591964719,0.32055116180884285,143.99837685877426,1.2822047273731645,53.5,2095.5,128000004.0,0.2499999843750004
AMD,AMD CPU,CPU,CPU package RAPL,1,32000000,10T,10,0.0011580219146482,0.1255139538638985,0.1255139538638985,108.3541902326604,0.00014534790916853756,27.633327655739055,0.2549517246082401,110.53331753128836,1.0198069621708934,51.0,2182.5,128000004.0,0.2499999843750004
AMD,AMD CPU,CPU,CPU package RAPL,2,32000000,10T,10,0.0011427167235494,0.1245865523321956,0.1245865523321956,108.87874761988093,0.0001423671368793624,28.003439820679784,0.25684954275543087,112.0137662835793,1.0273982352341111,52.0,2182.5,128000004.0,0.2499999843750004
AMD,AMD CPU,CPU,CPU package RAPL,3,32000000,10T,10,0.0011405381548974,0.1331309066059225,0.1331309066059225,116.6538785557734,0.00015184087858013693,28.05692984719011,0.2403649146228862,112.22772640299311,0.9614597185827753,54.0,2166.5,128000004.0,0.2499999843750004
AMD,AMD CPU,CPU,CPU package RAPL,4,32000000,10T,10,0.0011487795637198,0.1345326676234213,0.1345326676234213,117.0366323590774,0.00015454837921849478,27.855647863705517,0.23786043616984665,111.42259841873425,0.9514418041444975,54.0,2140.0,128000004.0,0.2499999843750004
AMD,AMD CPU,CPU,CPU package RAPL,5,32000000,10T,10,0.0011428409350057,0.1353840860889395,0.1353840860889395,118.66706355361548,0.00015472247553077582,28.000396222979532,0.2363645530611172,112.0015918920174,0.9454582713356089,54.0,2177.5,128000004.0,0.2499999843750004
AMD,AMD CPU,CPU,CPU package RAPL,1,32000000,16T,16,0.0006785295115332,0.092053894843962,0.092053894843962,135.62443484615673,6.246128430320208e-05,47.160806503011266,0.34762243416470656,188.64323780224706,1.3904898235644376,55.0,2384.0,128000004.0,0.2499999843750004
AMD,AMD CPU,CPU,CPU package RAPL,2,32000000,16T,16,0.0006660565535595,0.0938094071856287,0.0938094071856287,140.83280730373517,6.248237044151965e-05,48.043966880871444,0.34111716468561476,192.17587953447787,1.3644687440217529,56.0,2378.5,128000004.0,0.2499999843750004
AMD,AMD CPU,CPU,CPU package RAPL,3,32000000,16T,16,0.0006795687669376,0.0963482381436314,0.0963482381436314,141.8764368064721,6.547525339187783e-05,47.08868411390415,0.33212853308532647,188.35474822778804,1.328514215373442,56.0,2365.0,128000004.0,0.2499999843750004
AMD,AMD CPU,CPU,CPU package RAPL,4,32000000,16T,16,0.0006888050206327,0.0932832248968363,0.0932832248968363,135.38216573504326,6.425395364975012e-05,46.45726735645231,0.3430413028214817,185.82908104012648,1.372165297046255,56.0,2386.0,128000004.0,0.2499999843750004
AMD,AMD CPU,CPU,CPU package RAPL,5,32000000,16T,16,0.0007089950035688,0.0994187319771591,0.0994187319771591,140.2248685698344,7.048738423295149e-05,45.134308195297116,0.3218709227487615,180.53724406476587,1.2874837714627791,57.0,2379.5,128000004.0,0.2499999843750004
AMD,AMD CPU,CPU,CPU package RAPL,1,32000000,20T,20,0.0014200361702127,0.1620763836879432,0.1620763836879432,114.15585952428692,0.00023015432717415096,22.53463656155102,0.19743776527992996,90.1385518798634,0.7897511104791628,55.0,2549.0,128000004.0,0.2499999843750004
AMD,AMD CPU,CPU,CPU package RAPL,2,32000000,20T,20,0.001410547954866,0.1729572418899859,0.1729572418899859,122.51232822366634,0.00024396448382718366,22.686218422853944,0.18501682063335895,90.74487936297055,0.7400673287876425,57.0,2551.5,128000004.0,0.2499999843750004
AMD,AMD CPU,CPU,CPU package RAPL,3,32000000,20T,20,0.0013628904761904,0.168899593877551,0.168899593877551,123.9185717902854,0.00023019164792814062,23.479508851986065,0.18946166929921332,93.91804127782167,0.7578467245622721,57.0,2509.0,128000004.0,0.2499999843750004
AMD,AMD CPU,CPU,CPU package RAPL,4,32000000,20T,20,0.0014184262411347,0.1735324914893617,0.1735324914893617,122.22535565565954,0.00024614303961799464,22.560213617030186,0.18440350118503163,90.24086010817432,0.7376140508410032,56.0,2550.0,128000004.0,0.2499999843750004
AMD,AMD CPU,CPU,CPU package RAPL,5,32000000,20T,20,0.0014189036827195,0.1615547407932011,0.1615547407932011,113.86243578039516,0.00022923061667226729,22.55262241526369,0.19807527060417096,90.21049529921055,0.792301131935503,55.0,2552.0,128000004.0,0.2499999843750004
AMD,AMD CPU,CPU,CPU package RAPL,1,32000000,32T,32,0.0005241095461658,0.0899027944705268,0.0899027944705268,171.45464023005258,4.7118912808985e-05,61.055936176130864,0.3559399814929078,244.223759968508,1.423760014956629,57.0,2976.5,128000004.0,0.2499999843750004
AMD,AMD CPU,CPU,CPU package RAPL,2,32000000,32T,32,0.0005333892724375,0.0913787684545937,0.0913787684545937,171.3972062534755,4.874045482223051e-05,59.993705635970784,0.3501907449748665,239.97483754231004,1.4007630674471552,57.0,2962.5,128000004.0,0.2499999843750004
AMD,AMD CPU,CPU,CPU package RAPL,3,32000000,32T,32,0.0005105318987341,0.0878013460759493,0.0878013460759493,171.83058847367823,4.482538792356422e-05,62.679724967913394,0.36445909351229744,250.7189155415853,1.4578364651639661,56.0,2971.5,128000004.0,0.2499999843750004
AMD,AMD CPU,CPU,CPU package RAPL,4,32000000,32T,32,0.0005218372995344,0.0890793455768236,0.0890793455768236,170.73691045946322,4.648492514010123e-05,61.32179326497248,0.35923028837703613,245.2871883903387,1.4369212433157197,55.0,2977.5,128000004.0,0.2499999843750004
AMD,AMD CPU,CPU,CPU package RAPL,5,32000000,32T,32,0.0005562619444444,0.0942032391666666,0.0942032391666666,169.3545881433466,5.2401676991810825e-05,57.526852806660926,0.3396910688324087,230.10742560835737,1.3587643602524044,58.0,2980.0,128000004.0,0.2499999843750004
AMD,AMD CPU,CPU,CPU package RAPL,1,32000000,64T,64,0.0006113733333333,0.1076372421212121,0.1076372421212121,176.05812254933088,6.580653950644893e-05,52.3411756046525,0.2972948616052822,209.3647155039043,1.1891795207448463,56.0,4171.0,128000004.0,0.2499999843750004
AMD,AMD CPU,CPU,CPU package RAPL,2,32000000,64T,64,0.0004633690422151,0.0885655944167045,0.0885655944167045,191.3378017111829,4.1038554658079376e-05,69.05942366591103,0.3613141108661088,276.2377119285006,1.445256533792966,59.0,4145.5,128000004.0,0.2499999843750004
AMD,AMD CPU,CPU,CPU package RAPL,3,32000000,64T,64,0.0006380725602027,0.1115864049429657,0.1115864049429657,174.80109085108262,7.120022308577335e-05,50.151034530985605,0.2867732768732527,200.60415066170145,1.1470931791863321,56.0,4159.5,128000004.0,0.2499999843750004
AMD,AMD CPU,CPU,CPU package RAPL,4,32000000,64T,64,0.0006140648599269,0.1079668714981729,0.1079668714981729,175.90020874060633,6.629866182327115e-05,52.11175738636041,0.296387202444238,208.44704257338137,1.185548883873755,57.0,4171.5,128000004.0,0.2499999843750004
AMD,AMD CPU,CPU,CPU package RAPL,5,32000000,64T,64,0.0006126756674757,0.1077998067354369,0.1077998067354369,175.91218522617993,6.604631854538526e-05,52.22991657534562,0.296846534043745,208.91967935886203,1.1873862103866157,57.0,4162.5,128000004.0,0.2499999843750004
AMD,AMD CPU,CPU,CPU package RAPL,1,64000000,1T,1,0.0137139324324324,0.9757505472972972,0.9757505472972972,71.14238321876647,0.013381377076544068,4.666786810808904,0.06559053354084374,18.667147826583978,0.26236214236219174,52.0,1810.0,256000004.0,0.2499999921875001
AMD,AMD CPU,CPU,CPU package RAPL,2,64000000,1T,1,0.0135814729729729,0.9766199391891892,0.9766199391891892,71.77717211683392,0.013263937308964411,4.7123017604467385,0.06553214452403477,18.849207630824683,0.2621285862876573,53.5,1829.0,256000004.0,0.2499999921875001
AMD,AMD CPU,CPU,CPU package RAPL,3,64000000,1T,1,0.0135758243243243,0.9348385878378378,0.9348385878378378,68.83930785864612,0.012691204440085898,4.714262461788701,0.06846101544441359,18.857050436437618,0.2738440703352814,52.0,1810.0,256000004.0,0.2499999921875001
AMD,AMD CPU,CPU,CPU package RAPL,4,64000000,1T,1,0.0136037702702702,0.9701356013513514,0.9701356013513514,71.29349284605271,0.013197501851794215,4.704578049209355,0.06597015810042549,18.818312784909686,0.26388064064797184,52.5,1794.5,256000004.0,0.2499999921875001
AMD,AMD CPU,CPU,CPU package RAPL,5,64000000,1T,1,0.013737331081081,0.9449280472972972,0.9449280472972972,68.7743503504972,0.012980789433522337,4.658837922901964,0.06773002365953061,18.63535227396261,0.27092010310437553,52.0,1850.0,256000004.0,0.2499999921875001
AMD,AMD CPU,CPU,CPU package RAPL,1,64000000,2T,2,0.0079807301587301,0.6229349801587302,0.6229349801587302,77.98954885570147,0.004971475983080714,8.019316243889108,0.10273945281366628,32.07726597797098,0.4109578240970969,52.5,1869.5,256000004.0,0.2499999921875001
AMD,AMD CPU,CPU,CPU package RAPL,2,64000000,2T,2,0.007964968503937,0.6273462440944881,0.6273462440944881,78.76239569306418,0.004996793075275772,8.035185445914252,0.1020170274429197,32.1407427880552,0.4080681225238075,53.5,1874.0,256000004.0,0.2499999921875001
AMD,AMD CPU,CPU,CPU package RAPL,3,64000000,2T,2,0.0079564881889763,0.6167981023622047,0.6167981023622047,77.45925996976653,0.004907546816427876,8.04374963927828,0.10376166650787949,32.17499956258184,0.4150466790017265,52.0,1874.5,256000004.0,0.2499999921875001
AMD,AMD CPU,CPU,CPU package RAPL,4,64000000,2T,2,0.0079651574803149,0.6301231377952756,0.6301231377952756,79.12586321609587,0.005019030024529535,8.034994808096346,0.10156744794982173,32.139980236759754,0.4062698044952181,54.0,1871.5,256000004.0,0.2499999921875001
AMD,AMD CPU,CPU,CPU package RAPL,5,64000000,2T,2,0.007947437007874,0.628677657480315,0.628677657480315,78.99216712213418,0.00499637608108259,8.052910508959226,0.10180097580770786,32.21164304245073,0.4072039159559537,54.0,1871.0,256000004.0,0.2499999921875001
AMD,AMD CPU,CPU,CPU package RAPL,1,64000000,4T,4,0.0054217108108108,0.4779265810810811,0.4779265810810811,88.24357739079832,0.002591179711421142,11.804391866933418,0.13391177961943548,47.217568943282686,0.5356471352167147,53.0,1951.0,256000004.0,0.2499999921875001
AMD,AMD CPU,CPU,CPU package RAPL,2,64000000,4T,4,0.0053949705882352,0.4858623288770053,0.4858623288770053,90.15643368761948,0.0026212129742229015,11.862900446494491,0.1317245548711833,47.45160326884054,0.5268982359503029,54.0,1914.0,256000004.0,0.2499999921875001
AMD,AMD CPU,CPU,CPU package RAPL,3,64000000,4T,4,0.0053930510752688,0.4868141586021505,0.4868141586021505,90.30865893002418,0.002625413621505404,11.8671227301162,0.13146700413104476,47.46849240385517,0.5258680329575548,53.0,1953.0,256000004.0,0.2499999921875001
AMD,AMD CPU,CPU,CPU package RAPL,4,64000000,4T,4,0.0053904086021505,0.477332502688172,0.477332502688172,88.54279083357471,0.002573017228576349,11.872940202430526,0.13407844351594345,47.491762293839656,0.5363137908235796,56.0,1948.0,256000004.0,0.2499999921875001
AMD,AMD CPU,CPU,CPU package RAPL,5,64000000,4T,4,0.0054105967741935,0.472119435483871,0.472119435483871,87.23200912514702,0.0025544478946630885,11.828639551418021,0.13555891621874658,47.31455968425205,0.5422356818198512,52.0,1915.0,256000004.0,0.2499999921875001
AMD,AMD CPU,CPU,CPU package RAPL,1,64000000,8T,8,0.0046634674418604,0.5710911139534883,0.5710911139534883,122.33517020284684,0.0026632648162578806,13.723693753176164,0.11206617899716154,54.894776728166406,0.44826472999691874,53.0,2059.5,256000004.0,0.2499999921875001
AMD,AMD CPU,CPU,CPU package RAPL,2,64000000,8T,8,0.0046511273148148,0.4993922546296296,0.4993922546296296,107.28674776563292,0.002322736956314818,13.760104737650762,0.12815577015199225,55.04042067061617,0.5126230966274405,53.0,2100.0,256000004.0,0.2499999921875001
AMD,AMD CPU,CPU,CPU package RAPL,3,64000000,8T,8,0.0046366134259259,0.5243238287037038,0.5243238287037038,112.95170088063476,0.0024310869037004646,13.803177690454028,0.12206196914267367,55.212712487213345,0.488247891828441,53.0,2097.5,256000004.0,0.2499999921875001
AMD,AMD CPU,CPU,CPU package RAPL,4,64000000,8T,8,0.0046495347222222,0.5731876458333334,0.5731876458333334,123.28849046710752,0.0026650558616508843,13.764817949227364,0.11165627777436322,55.05927351751173,0.4466251250544878,54.0,2097.5,256000004.0,0.2499999921875001
AMD,AMD CPU,CPU,CPU package RAPL,5,64000000,8T,8,0.0046349259259259,0.5714234027777778,0.5714234027777778,123.24911098457316,0.0026485051442155204,13.808203199539804,0.11200101131470304,55.23281452418464,0.4480040592589387,54.0,2089.0,256000004.0,0.2499999921875001
AMD,AMD CPU,CPU,CPU package RAPL,1,64000000,10T,10,0.00445238,0.5168047666666666,0.5168047666666666,116.05828103805273,0.002301011207011333,14.374334400927145,0.12383786514352971,57.497339400500415,0.4953514760538522,54.0,2170.5,256000004.0,0.2499999921875001
AMD,AMD CPU,CPU,CPU package RAPL,2,64000000,10T,10,0.0044675488888888,0.5052924044444445,0.5052924044444445,113.03614247629646,0.002257418520039728,14.32552851501498,0.12665933316446007,57.302115850751015,0.5066373484902572,53.0,2140.5,256000004.0,0.2499999921875001
AMD,AMD CPU,CPU,CPU package RAPL,3,64000000,10T,10,0.0044708794642857,0.4598973035714285,0.4598973035714285,102.81600346375248,0.0020561454102178663,14.314856732605987,0.13916150084593812,57.25942871978107,0.5566460207789403,51.0,2147.0,256000004.0,0.2499999921875001
AMD,AMD CPU,CPU,CPU package RAPL,4,64000000,10T,10,0.0044621311111111,0.5523864933333333,0.5523864933333333,123.66117864999306,0.0024648209572602307,14.342922116437673,0.11586090495043964,57.371690258615985,0.46344363428437196,54.0,2140.0,256000004.0,0.2499999921875001
AMD,AMD CPU,CPU,CPU package RAPL,5,64000000,10T,10,0.0044500133333333,0.51786764,0.51786764,116.26995990079816,0.0023045179029018495,14.381979155118744,0.12358369988130559,57.5279184182224,0.49433481497318504,53.0,2166.5,256000004.0,0.2499999921875001
AMD,AMD CPU,CPU,CPU package RAPL,1,64000000,16T,16,0.0044675977777777,0.5317222444444444,0.5317222444444444,119.00937355068946,0.0023755211176749707,14.325371750864125,0.12036359145904958,57.30148879412799,0.48145438088164755,51.0,2410.0,256000004.0,0.2499999921875001
AMD,AMD CPU,CPU,CPU package RAPL,2,64000000,16T,16,0.0044829665178571,0.5312921428571429,0.5312921428571429,118.40859734640526,0.0023817648876291227,14.27626076283804,0.1204610304527103,57.10504483588479,0.4818441368684703,52.5,2372.0,256000004.0,0.2499999921875001
AMD,AMD CPU,CPU,CPU package RAPL,3,64000000,16T,16,0.0044148766519823,0.5355044471365639,0.5355044471365639,121.24315001992676,0.0023641860806959056,14.496441020897766,0.11951347807141324,57.985765895646225,0.47805392722483797,57.5,2389.0,256000004.0,0.2499999921875001
AMD,AMD CPU,CPU,CPU package RAPL,4,64000000,16T,16,0.0044597911111111,0.5626004355555556,0.5626004355555556,126.10951575980994,0.0025090804215979,14.350447679163883,0.11375746436598722,57.401792510461526,0.45502987168363207,54.5,2402.5,256000004.0,0.2499999921875001
AMD,AMD CPU,CPU,CPU package RAPL,5,64000000,16T,16,0.0044755959821428,0.5167094776785714,0.5167094776785714,115.26844017832812,0.002312582862233319,14.299771305397957,0.12386070270577147,57.19908700906327,0.49544282630567393,51.0,2400.0,256000004.0,0.2499999921875001
AMD,AMD CPU,CPU,CPU package RAPL,1,64000000,20T,20,0.0049503004926108,0.5849417339901477,0.5849417339901477,118.15105933948068,0.0028956373539200434,12.928507894729083,0.10941260518962725,51.71403319497985,0.4376504344350849,55.0,2535.0,256000004.0,0.2499999921875001
AMD,AMD CPU,CPU,CPU package RAPL,2,64000000,20T,20,0.0049252450980392,0.5728167720588235,0.5728167720588235,116.2705142535128,0.0028212629986573584,12.994276980343411,0.11172857032445226,51.97710954565829,0.4469142952638805,53.0,2520.0,256000004.0,0.2499999921875001
AMD,AMD CPU,CPU,CPU package RAPL,3,64000000,20T,20,0.0049276822660098,0.6217531650246305,0.6217531650246305,126.218355838742,0.0030638020451273363,12.987850178867989,0.10293473777083975,51.95140233895326,0.41173896395020143,55.0,2544.5,256000004.0,0.2499999921875001
AMD,AMD CPU,CPU,CPU package RAPL,4,64000000,20T,20,0.0048800509708737,0.5909260461165049,0.5909260461165049,121.10806116201306,0.002883749225065407,13.11461691322084,0.10830458298563808,52.45846929221049,0.4332183454806254,54.0,2548.5,256000004.0,0.2499999921875001
AMD,AMD CPU,CPU,CPU package RAPL,5,64000000,20T,20,0.0049268431372549,0.6057300735294118,0.6057300735294118,122.93194270764728,0.0029843370557972888,12.990062240069411,0.10565762176391663,51.96025058403546,0.42263050026286947,55.0,2546.0,256000004.0,0.2499999921875001
AMD,AMD CPU,CPU,CPU package RAPL,1,64000000,32T,32,0.0045289144144144,0.6513359774774774,0.6513359774774774,143.86538503280224,0.00294984489702444,14.131421604326203,0.09825957910057727,56.525688183732534,0.39303832868475663,54.0,2964.0,256000004.0,0.2499999921875001
AMD,AMD CPU,CPU,CPU package RAPL,2,64000000,32T,32,0.004537045045045,0.6525078536036036,0.6525078536036036,143.85847583820322,0.002960457524045178,14.106097330881852,0.0980831091097944,56.4243910867896,0.39233244869956635,54.0,2986.5,256000004.0,0.2499999921875001
AMD,AMD CPU,CPU,CPU package RAPL,3,64000000,32T,32,0.0045238626126126,0.654184481981982,0.654184481981982,144.58421547006498,0.0029594407197896296,14.147202176645903,0.0978317290653231,56.58881047498391,0.3913269284902587,56.0,2952.5,256000004.0,0.2499999921875001
AMD,AMD CPU,CPU,CPU package RAPL,4,64000000,32T,32,0.0045134189189189,0.6511979684684686,0.6511979684684686,144.1832671603192,0.0029391292308471395,14.17993768132871,0.09828040334726401,56.71975249780708,0.39312162567410663,54.0,3000.0,256000004.0,0.2499999921875001
AMD,AMD CPU,CPU,CPU package RAPL,5,64000000,32T,32,0.0045240788288288,0.6510756306306307,0.6510756306306307,143.89789889520347,0.002945517476502396,14.146526049053927,0.09829887034477042,56.58610596453149,0.3931954936664407,54.0,2964.0,256000004.0,0.2499999921875001
AMD,AMD CPU,CPU,CPU package RAPL,1,64000000,64T,64,0.0047706682464454,0.7493331777251184,0.7493331777251184,156.9378534576357,0.00357481999698125,13.415311166876059,0.08540926907079702,53.66124634441815,0.3416370869593469,53.0,4176.0,256000004.0,0.2499999921875001
AMD,AMD CPU,CPU,CPU package RAPL,2,64000000,64T,64,0.0047722830188679,0.7522211981132075,0.7522211981132075,157.78687863473658,0.0035898124501881267,13.410771898264814,0.0850813552722668,53.64308926940577,0.3403254317242368,54.0,4173.0,256000004.0,0.2499999921875001
AMD,AMD CPU,CPU,CPU package RAPL,3,64000000,64T,64,0.0047697193396226,0.7522755047169811,0.7522755047169811,157.80922696666937,0.0035881430235729377,13.417980061917845,0.08507521326788102,53.67192192491891,0.3403008637059259,54.0,4172.0,256000004.0,0.2499999921875001
AMD,AMD CPU,CPU,CPU package RAPL,4,64000000,64T,64,0.0047721208530805,0.7533414763033175,0.7533414763033175,157.75520352253727,0.0035950365685575108,13.411227621925526,0.08495483258674544,53.644912164105584,0.33981934096633604,54.5,4174.0,256000004.0,0.2499999921875001
AMD,AMD CPU,CPU,CPU package RAPL,5,64000000,64T,64,0.0047678791469194,0.7536818175355451,0.7536818175355451,158.09987314910933,0.0035934638212400376,13.42315881503653,0.08491646940518323,53.692636938041,0.3396658882352917,55.0,4170.0,256000004.0,0.2499999921875001
AMD,AMD CPU,CPU,CPU package RAPL,1,128000000,1T,1,0.0271736315789473,1.848456302631579,1.848456302631579,68.09099001711046,0.05022927055749364,4.710448753532364,0.06924697046815287,18.841795308532504,0.27698788620054715,49.0,1795.0,512000004.0,0.24999999609375
AMD,AMD CPU,CPU,CPU package RAPL,2,128000000,1T,1,0.0273425405405405,1.8815423378378375,1.8815423378378375,68.85462870292945,0.05144614765107442,4.68134988444895,0.06802929512980845,18.72539983038017,0.2721171847710648,52.0,1834.5,512000004.0,0.24999999609375
AMD,AMD CPU,CPU,CPU package RAPL,3,128000000,1T,1,0.0273416621621621,1.890911148648649,1.890911148648649,69.24292859483569,0.05170065380501724,4.68150027751927,0.06769223349890129,18.726001402670853,0.27076893822636977,52.0,1833.0,512000004.0,0.24999999609375
AMD,AMD CPU,CPU,CPU package RAPL,4,128000000,1T,1,0.0273099459459459,1.973568067567568,1.973568067567568,72.24448649447484,0.05389803724591519,4.686937105380881,0.06485714939528821,18.747748714457096,0.2594286016347247,55.0,1834.0,512000004.0,0.24999999609375
AMD,AMD CPU,CPU,CPU package RAPL,5,128000000,1T,1,0.0273878918918918,1.9256969054054052,1.9256969054054052,70.3518917287972,0.05274077866179383,4.6735980814169364,0.06646944212285212,18.694392617767626,0.26587777264574863,53.5,1809.5,512000004.0,0.24999999609375
AMD,AMD CPU,CPU,CPU package RAPL,1,128000000,2T,2,0.0157657187499999,1.299575109375,1.299575109375,82.40562431374023,0.02048873566890661,8.118881291092473,0.09849372927860905,32.47552567179998,0.3939749232702943,54.0,1874.0,512000004.0,0.24999999609375
AMD,AMD CPU,CPU,CPU package RAPL,2,128000000,2T,2,0.0157368125,1.3055060703125,1.3055060703125,82.93119277296461,0.02054450424611963,8.133794502539825,0.09804626873114465,32.53517851852146,0.39218508105247046,55.0,1864.0,512000004.0,0.24999999609375
AMD,AMD CPU,CPU,CPU package RAPL,3,128000000,2T,2,0.0157841796875,1.3074995078125,1.3074995078125,82.84108542144588,0.02063780717263031,8.109385570500525,0.09789678560885214,32.437542788838705,0.3915871485539577,55.5,1852.5,512000004.0,0.24999999609375
AMD,AMD CPU,CPU,CPU package RAPL,4,128000000,2T,2,0.0158316171875,1.2155490703125,1.2155490703125,76.83876138665195,0.019244107553809023,8.08508679082157,0.10530220632482823,32.34034766860421,0.42120883188070085,53.0,1874.0,512000004.0,0.24999999609375
AMD,AMD CPU,CPU,CPU package RAPL,5,128000000,2T,2,0.0157545703125,1.2443931328125002,1.2443931328125002,79.04677071185347,0.019604879107286685,8.124626470989321,0.10286138329187203,32.49850639174644,0.4114455395963246,53.0,1835.0,512000004.0,0.24999999609375
AMD,AMD CPU,CPU,CPU package RAPL,1,128000000,4T,4,0.010594671875,0.927212921875,0.927212921875,87.45101371806254,0.009823516665525635,12.081544431974208,0.13804811816164056,48.32617848299337,0.5521924812745697,52.0,1944.5,512000004.0,0.24999999609375
AMD,AMD CPU,CPU,CPU package RAPL,2,128000000,4T,4,0.0105195572916666,0.9306546354166668,0.9306546354166668,88.49211222470103,0.009790074756020718,12.167812337635088,0.1375375935700279,48.67125011102863,0.5501503828762112,51.0,1950.0,512000004.0,0.24999999609375
AMD,AMD CPU,CPU,CPU package RAPL,3,128000000,4T,4,0.0105147552083333,0.9410128333333334,0.9410128333333334,89.41029148284798,0.009894519590400143,12.173369371315053,0.13602364863249297,48.6934782460958,0.54409460303145,53.0,1948.0,512000004.0,0.24999999609375
AMD,AMD CPU,CPU,CPU package RAPL,4,128000000,4T,4,0.0105542315789473,0.9254767157894735,0.9254767157894735,87.63016591374566,0.009767695579365698,12.1278368815901,0.13830709818648457,48.51134828435022,0.5532284013901321,51.0,1915.0,512000004.0,0.24999999609375
AMD,AMD CPU,CPU,CPU package RAPL,5,128000000,4T,4,0.0106027947368421,0.9432920421052632,0.9432920421052632,89.09409573630427,0.01000153189933872,12.072288691511828,0.13569498446560233,48.28915552056535,0.542779946343346,52.0,1943.0,512000004.0,0.24999999609375
AMD,AMD CPU,CPU,CPU package RAPL,1,128000000,8T,8,0.0094001261682243,1.1022201635514015,1.1022201635514015,116.87647423252255,0.010361008602543999,13.61683840294448,0.11612924825071101,54.46735446283032,0.46451700026092213,52.0,2063.0,512000004.0,0.24999999609375
AMD,AMD CPU,CPU,CPU package RAPL,2,128000000,8T,8,0.0093806214953271,0.995396906542056,0.995396906542056,106.073250990508,0.00933744161789051,13.64515123691564,0.12859191962396554,54.58060580048451,0.5143676865328571,52.0,2101.0,512000004.0,0.24999999609375
AMD,AMD CPU,CPU,CPU package RAPL,3,128000000,8T,8,0.0093674626168224,1.1547923878504671,1.1547923878504671,123.17679602086776,0.010817474523380326,13.664319169006701,0.11084243397054205,54.65727753004676,0.4433697428098204,54.0,2080.0,512000004.0,0.24999999609375
AMD,AMD CPU,CPU,CPU package RAPL,4,128000000,8T,8,0.0093861308411214,0.9976757009345796,0.9976757009345796,106.27458006687336,0.009364314665979466,13.63714198817916,0.12829820239191464,54.548568805038016,0.5131928175862963,52.0,2099.0,512000004.0,0.24999999609375
AMD,AMD CPU,CPU,CPU package RAPL,5,128000000,8T,8,0.0093876822429906,0.9584406074766356,0.9584406074766356,102.0864034855738,0.008997535871769536,13.634888323534,0.1335502669664592,54.539554146316526,0.5342010762127285,53.0,2064.0,512000004.0,0.24999999609375
AMD,AMD CPU,CPU,CPU package RAPL,1,128000000,10T,10,0.0094832028301886,0.977653325471698,0.977653325471698,103.07690623894356,0.009271284783056503,13.497549434725563,0.13092575421685657,53.9901985824991,0.523703025050286,49.5,2145.5,512000004.0,0.24999999609375
AMD,AMD CPU,CPU,CPU package RAPL,2,128000000,10T,10,0.0094591509433962,1.091855141509434,1.091855141509434,115.24642555531676,0.010328022591860954,13.531869801629687,0.11723166758462715,54.12748005226062,0.4689266776654879,53.5,2140.0,512000004.0,0.24999999609375
AMD,AMD CPU,CPU,CPU package RAPL,3,128000000,10T,10,0.0094767547169811,0.9759701273584904,0.9759701273584904,102.92640459126754,0.00924902950807722,13.506733351517562,0.13115155414278723,54.02693425024109,0.5246062247681211,52.0,2174.0,512000004.0,0.24999999609375
AMD,AMD CPU,CPU,CPU package RAPL,4,128000000,10T,10,0.0094678679245283,1.1424690188679243,1.1424690188679243,120.62395710043626,0.010816745778506939,13.519411130397355,0.11203804819743432,54.07764536655262,0.44815219979211535,53.0,2137.5,512000004.0,0.24999999609375
AMD,AMD CPU,CPU,CPU package RAPL,5,128000000,10T,10,0.0094631886792452,1.1813032877358491,1.1813032877358491,124.83726951476812,0.011178895899257024,13.526096048442046,0.10835489948168336,54.104385039149186,0.4334196046989147,54.0,2170.5,512000004.0,0.24999999609375
AMD,AMD CPU,CPU,CPU package RAPL,1,128000000,16T,16,0.0091201136363636,1.099498,1.099498,120.54520322670032,0.010027546702954505,14.03491273284579,0.1164167638322216,56.13965180856521,0.46566706260493423,53.5,2400.0,512000004.0,0.24999999609375
AMD,AMD CPU,CPU,CPU package RAPL,2,128000000,16T,16,0.0091105272727272,1.1677849045454545,1.1677849045454545,128.10838581175148,0.010639136221540493,14.049680679094626,0.10960922555324723,56.19872359448355,0.4384369090635655,54.0,2402.0,512000004.0,0.24999999609375
AMD,AMD CPU,CPU,CPU package RAPL,3,128000000,16T,16,0.0091138198198198,1.1006715675675676,1.1006715675675676,120.71924642333607,0.010031322347609424,14.044604954954096,0.11629263694243867,56.1784206976042,0.46517055503804455,53.0,2400.5,512000004.0,0.24999999609375
AMD,AMD CPU,CPU,CPU package RAPL,4,128000000,16T,16,0.0091114272727272,1.198737768181818,1.198737768181818,131.5712042328463,0.010922211993859954,14.048292892940744,0.1067789823575373,56.19317244978129,0.4271159361038357,55.0,2356.0,512000004.0,0.24999999609375
AMD,AMD CPU,CPU,CPU package RAPL,5,128000000,16T,16,0.009082509009009,1.1944945945945946,1.1944945945945946,131.5477959288989,0.010849007916617958,14.093021969263777,0.10715829069401736,56.37208875786899,0.4286331694734627,55.0,2396.0,512000004.0,0.24999999609375
AMD,AMD CPU,CPU,CPU package RAPL,1,128000000,20T,20,0.010420118556701,1.2562218092783506,1.2562218092783506,120.57404257041952,0.013089980186193846,12.283929237799832,0.10189283298108867,49.13571771894491,0.4075713382926568,52.0,2541.0,512000004.0,0.24999999609375
AMD,AMD CPU,CPU,CPU package RAPL,2,128000000,20T,20,0.0104102164948453,1.2218850979381444,1.2218850979381444,117.36249765380865,0.012720088401361336,12.295613550724925,0.10475616669357217,49.18245497137555,0.41902467332154913,54.0,2550.0,512000004.0,0.24999999609375
AMD,AMD CPU,CPU,CPU package RAPL,3,128000000,20T,20,0.0103672268041237,1.2591563041237115,1.2591563041237115,121.44899878440827,0.013053958986692675,12.346599666275877,0.10165536921889887,49.38639943676599,0.40662148322905606,55.0,2547.5,512000004.0,0.24999999609375
AMD,AMD CPU,CPU,CPU package RAPL,4,128000000,20T,20,0.0103709793814432,1.248094412371134,1.248094412371134,120.34600752408684,0.012943961416795498,12.342132241534534,0.10255634327921169,49.368529737521406,0.41022537952661825,54.0,2552.0,512000004.0,0.24999999609375
AMD,AMD CPU,CPU,CPU package RAPL,5,128000000,20T,20,0.0103641546391752,1.2392751288659791,1.2392751288659791,119.5596136151469,0.01284403907605078,12.35025947183151,0.10328618401075207,49.40103865921727,0.41314474249839483,55.0,2555.0,512000004.0,0.24999999609375
AMD,AMD CPU,CPU,CPU package RAPL,1,128000000,32T,32,0.0093031574074074,1.3348464166666667,1.3348464166666667,143.45060739790745,0.012418286328963727,13.758769565490022,0.0958911807394571,55.03507912188319,0.3835647289510273,53.5,2983.0,512000004.0,0.24999999609375
AMD,AMD CPU,CPU,CPU package RAPL,2,128000000,32T,32,0.009336074074074,1.3406990555555556,1.3406990555555556,143.58693229001062,0.01251686569370772,13.71025957853657,0.09547258086712061,54.841039171037515,0.38189032943551876,54.0,2964.0,512000004.0,0.24999999609375
AMD,AMD CPU,CPU,CPU package RAPL,3,128000000,32T,32,0.0093036851851851,1.342774074074074,1.342774074074074,144.3140786923149,0.012492747260013603,13.757989060487905,0.09532504497323122,55.031957101825945,0.38130018585074027,55.0,2979.0,512000004.0,0.24999999609375
AMD,AMD CPU,CPU,CPU package RAPL,4,128000000,32T,32,0.0092944212962962,1.340121226851852,1.340121226851852,144.16807732919963,0.012455651270470445,13.771701854208786,0.09551374639493727,55.08680827756651,0.3820549915493583,55.0,2961.0,512000004.0,0.24999999609375
AMD,AMD CPU,CPU,CPU package RAPL,5,128000000,32T,32,0.0093073518518518,1.3397696620370372,1.3397696620370372,143.90388519014076,0.012469707645015277,13.752569048362881,0.09553880986182646,55.0102770529871,0.3821552454184815,54.0,2963.0,512000004.0,0.24999999609375
AMD,AMD CPU,CPU,CPU package RAPL,1,128000000,64T,64,0.0096801682692307,1.5260593076923077,1.5260593076923077,157.47322228516157,0.014772510887287246,13.22291053626203,0.0838761628429503,52.89164297148003,0.3355046566140614,53.0,4176.0,512000004.0,0.24999999609375
AMD,AMD CPU,CPU,CPU package RAPL,2,128000000,64T,64,0.0096861874999999,1.5280288413461538,1.5280288413461538,157.74429379356255,0.014800773862686445,13.21469350040987,0.08376805171245022,52.85877482755783,0.33507221208530413,54.0,4172.5,512000004.0,0.24999999609375
AMD,AMD CPU,CPU,CPU package RAPL,3,128000000,64T,64,0.0096925721153846,1.5283930528846152,1.5283930528846152,157.70354352256953,0.01481405988573696,13.20598882074152,0.08374809003379005,52.82395610834038,0.3349923653694159,54.0,4174.0,512000004.0,0.24999999609375
AMD,AMD CPU,CPU,CPU package RAPL,4,128000000,64T,64,0.0096805288461538,1.5322588317307693,1.5322588317307693,158.26276664394717,0.014833075820343634,13.222418013955515,0.08353679962504577,52.88967288222319,0.33414720372123313,56.5,4144.5,512000004.0,0.24999999609375
AMD,AMD CPU,CPU,CPU package RAPL,5,128000000,64T,64,0.0096810673076923,1.531499302884615,1.531499302884615,158.1791287200498,0.014826547832909796,13.221682582280453,0.08357822870628082,52.88673115547697,0.3343129200487626,55.0,4161.0,512000004.0,0.24999999609375
AMD,AMD CPU,CPU,CPU package RAPL,1,256000000,1T,1,0.0541022894736842,3.687658657894737,3.687658657894737,68.22913027697793,0.1995107761895588,4.731777554894799,0.06942074165458387,18.92711036744724,0.2776829687877337,49.0,1835.0,1024000004.0,0.249999998046875
AMD,AMD CPU,CPU,CPU package RAPL,2,256000000,1T,1,0.0531517105263157,3.798418078947369,3.798418078947369,71.44570656065514,0.20189241819013473,4.816401889328717,0.06739647760705259,19.26560770782743,0.2695859125343502,53.0,1829.0,1024000004.0,0.249999998046875
AMD,AMD CPU,CPU,CPU package RAPL,3,256000000,1T,1,0.0544216315789473,3.773802078947369,3.773802078947369,69.39660838594489,0.20537646639233909,4.7040118344969315,0.06783609570521154,18.816047484988093,0.27134438494072416,53.5,1809.5,1024000004.0,0.249999998046875
AMD,AMD CPU,CPU,CPU package RAPL,4,256000000,1T,1,0.0544063947368421,3.903818736842105,3.903818736842105,71.57065893642006,0.21239270317771186,4.70532922165206,0.06557681497453048,18.82131703364978,0.2623072619473974,53.0,1794.0,1024000004.0,0.249999998046875
AMD,AMD CPU,CPU,CPU package RAPL,5,256000000,1T,1,0.0534880526315789,3.6838196578947366,3.6838196578947366,68.8315404545124,0.19704033974671867,4.786115523092716,0.06949308673440904,19.144462241936978,0.2779723491092952,51.0,1810.0,1024000004.0,0.249999998046875
AMD,AMD CPU,CPU,CPU package RAPL,1,256000000,2T,2,0.0312111818181818,2.462773666666666,2.462773666666666,78.9585353692253,0.07686607668736357,8.2021885775203,0.10394783835190703,32.80875456639959,0.4157913566559981,52.0,1849.5,1024000004.0,0.249999998046875
AMD,AMD CPU,CPU,CPU package RAPL,2,256000000,2T,2,0.0310758939393939,2.436413621212121,2.436413621212121,78.4335487540473,0.07571373128528248,8.237896534827502,0.10507247077064012,32.951586396744275,0.42028988636607517,54.0,1834.0,1024000004.0,0.249999998046875
AMD,AMD CPU,CPU,CPU package RAPL,3,256000000,2T,2,0.0311273939393939,2.456567818181818,2.456567818181818,78.88390858464169,0.07646655421538281,8.224267007332537,0.10421043421039096,32.89706828633849,0.4168417400981399,52.0,1865.5,1024000004.0,0.249999998046875
AMD,AMD CPU,CPU,CPU package RAPL,4,256000000,2T,2,0.031399803030303,2.488202727272727,2.488202727272727,79.31442552890255,0.07812907553582636,8.152917352791741,0.10288550695408845,32.61166966594563,0.41154203103152587,54.0,1854.0,1024000004.0,0.249999998046875
AMD,AMD CPU,CPU,CPU package RAPL,5,256000000,2T,2,0.031355734375,2.485036359375,2.485036359375,79.2805461934866,0.07792013999677953,8.164375802472335,0.10301660095805816,32.65750346502608,0.41206640705150144,54.0,1860.5,1024000004.0,0.249999998046875
AMD,AMD CPU,CPU,CPU package RAPL,1,256000000,4T,4,0.020756,1.8116645306122448,1.8116645306122448,87.29446291345212,0.03760290899738775,12.33378295432646,0.1413065138022467,49.33513220273656,0.5652260596248154,50.0,1916.0,1024000004.0,0.249999998046875
AMD,AMD CPU,CPU,CPU package RAPL,2,256000000,4T,4,0.0205855102040816,1.8167373775510205,1.8167373775510205,88.23957941031068,0.03739846582371298,12.435931704488018,0.14091194586698627,49.743727206574945,0.5636477878714434,53.0,1929.0,1024000004.0,0.249999998046875
AMD,AMD CPU,CPU,CPU package RAPL,3,256000000,4T,4,0.0206018571428571,1.8123779387755103,1.8123779387755103,87.9548866604757,0.037338351383518875,12.426064175906498,0.14125089117613088,49.7042570919405,0.5650035691186138,51.0,1954.0,1024000004.0,0.249999998046875
AMD,AMD CPU,CPU,CPU package RAPL,4,256000000,4T,4,0.0206425102040816,1.828921663265306,1.828921663265306,88.60805373313542,0.037753534096419974,12.401592464727553,0.13997318974446654,49.606370246459974,0.5598927633520284,52.0,1915.0,1024000004.0,0.249999998046875
AMD,AMD CPU,CPU,CPU package RAPL,5,256000000,4T,4,0.0206150714285714,1.8355224591836732,1.8355224591836732,89.01962730377885,0.037839426604818455,12.418099053743637,0.13946982654402001,49.67239660304015,0.5578793105345122,52.5,1930.0,1024000004.0,0.249999998046875
AMD,AMD CPU,CPU,CPU package RAPL,1,256000000,8T,8,0.0185848055555555,2.2759536296296297,2.2759536296296297,122.44829278894908,0.04229815566012745,13.77469343086426,0.11248032282698983,55.098774153916224,0.44992129482296944,52.0,2097.0,1024000004.0,0.249999998046875
AMD,AMD CPU,CPU,CPU package RAPL,2,256000000,8T,8,0.0185087181818181,2.0513705545454544,2.0513705545454544,110.80561239957264,0.03796823948056173,13.831319731880715,0.12479461520628332,55.3252793597516,0.499178464724965,53.0,2100.5,1024000004.0,0.249999998046875
AMD,AMD CPU,CPU,CPU package RAPL,3,256000000,8T,8,0.0185196181818181,1.8764124727272729,1.8764124727272729,101.27634047440836,0.03475044254651026,13.823179100492021,0.13643055709809723,55.29271683394243,0.5457222326558439,53.0,2066.0,1024000004.0,0.249999998046875
AMD,AMD CPU,CPU,CPU package RAPL,4,256000000,8T,8,0.0185507499999999,1.8733109722222223,1.8733109722222223,100.98941988539931,0.0347513235179512,13.799981078932191,0.13665643494113475,55.199924746978176,0.5466257440350525,52.0,2111.0,1024000004.0,0.249999998046875
AMD,AMD CPU,CPU,CPU package RAPL,5,256000000,8T,8,0.0185243727272727,1.870375290909091,1.870375290909091,100.95463934667576,0.03464752902868111,13.819631183683825,0.136870926516342,55.278525166598776,0.5474837103425845,52.0,2078.0,1024000004.0,0.249999998046875
AMD,AMD CPU,CPU,CPU package RAPL,1,256000000,10T,10,0.0188578425925925,1.900513453703704,1.900513453703704,100.70210822389916,0.035839583555048786,13.575253783301738,0.13470044029475794,54.30101555743364,0.5388017653884206,48.0,2162.5,1024000004.0,0.249999998046875
AMD,AMD CPU,CPU,CPU package RAPL,2,256000000,10T,10,0.0187970833333333,2.327508583333333,2.327508583333333,123.84729007157006,0.0437503727999652,13.619134120985105,0.10998885281590262,54.47653690953836,0.43995541470076216,54.0,2169.5,1024000004.0,0.249999998046875
AMD,AMD CPU,CPU,CPU package RAPL,3,256000000,10T,10,0.0187696666666666,2.329371055555556,2.329371055555556,124.0796996772212,0.04372151825575911,13.63902745564657,0.10990091011453043,54.556110248805886,0.43960364389252515,54.0,2146.5,1024000004.0,0.249999998046875
AMD,AMD CPU,CPU,CPU package RAPL,4,256000000,10T,10,0.0188142314814814,1.9408109722222224,1.9408109722222224,103.10729863650349,0.036514866893187864,13.606721021370308,0.13190362310600542,54.42688451069126,0.52761449654601,50.0,2142.5,1024000004.0,0.249999998046875
AMD,AMD CPU,CPU,CPU package RAPL,5,256000000,10T,10,0.018813787037037,2.031794416666667,2.031794416666667,107.99521002842609,0.0382257474582075,13.607042457535847,0.1259969989581869,54.42817025536346,0.5039879997701538,53.0,2169.5,1024000004.0,0.249999998046875
AMD,AMD CPU,CPU,CPU package RAPL,1,256000000,16T,16,0.0181386339285714,2.3800440625,2.3800440625,131.1419246851892,0.04317074798355742,14.113521448644315,0.10756103344200166,56.454086235624814,0.430244137129289,54.5,2395.5,1024000004.0,0.249999998046875
AMD,AMD CPU,CPU,CPU package RAPL,2,256000000,16T,16,0.018131875,2.385530803571428,2.385530803571428,131.58223314689806,0.043254146339006684,14.118782475612699,0.10731364215324196,56.47513034366275,0.42925457196651917,55.5,2391.0,1024000004.0,0.249999998046875
AMD,AMD CPU,CPU,CPU package RAPL,3,256000000,16T,16,0.0181247053571428,2.2035653928571426,2.2035653928571426,121.5671924676916,0.03993897348073233,14.124367483806433,0.11617535827610291,56.49747037661221,0.4647014367348916,53.0,2379.5,1024000004.0,0.249999998046875
AMD,AMD CPU,CPU,CPU package RAPL,4,256000000,16T,16,0.0181291339285714,2.096822339285714,2.096822339285714,115.67784651065789,0.03801357301333109,14.12091719376322,0.12208950381900587,56.48366921633154,0.4883580190913204,54.0,2379.5,1024000004.0,0.249999998046875
AMD,AMD CPU,CPU,CPU package RAPL,5,256000000,16T,16,0.0181376428571428,2.3796605714285715,2.3796605714285715,131.18748973404217,0.043161433565795784,14.114292635284988,0.10757836729896172,56.4571709822116,0.4303134725576709,54.0,2379.5,1024000004.0,0.249999998046875
AMD,AMD CPU,CPU,CPU package RAPL,1,256000000,20T,20,0.0207904897959183,2.4554180918367345,2.4554180918367345,118.1030626746774,0.05104934478304481,12.313322173403499,0.10425922976257924,49.25328907840532,0.41703692230841793,52.0,2523.5,1024000004.0,0.249999998046875
AMD,AMD CPU,CPU,CPU package RAPL,2,256000000,20T,20,0.0207738265306122,2.4101572653061223,2.4101572653061223,116.01106922221749,0.05006818894096407,12.32319903233811,0.10621713474265115,49.292796514452405,0.42486854228989007,54.0,2526.5,1024000004.0,0.249999998046875
AMD,AMD CPU,CPU,CPU package RAPL,3,256000000,20T,20,0.0207997857142857,2.502956724489796,2.502956724489796,120.33288252582332,0.05206096352151819,12.307819057201833,0.10227903522869865,49.23127661342668,0.40911614411101443,55.5,2555.0,1024000004.0,0.249999998046875
AMD,AMD CPU,CPU,CPU package RAPL,4,256000000,20T,20,0.020812887755102,2.48805137755102,2.48805137755102,119.52830998240869,0.05178353404989628,12.30007109115577,0.10289176554383692,49.200284749000296,0.41156706539071536,55.0,2518.5,1024000004.0,0.249999998046875
AMD,AMD CPU,CPU,CPU package RAPL,5,256000000,20T,20,0.0207948367346938,2.4277274693877557,2.4277274693877557,116.7579243917208,0.05048419636224972,12.310748204764376,0.10544840894540777,49.242993203768386,0.4217936390768939,56.0,2514.5,1024000004.0,0.249999998046875
AMD,AMD CPU,CPU,CPU package RAPL,1,256000000,32T,32,0.0185188727272727,2.6452923545454547,2.6452923545454547,142.84281779831105,0.04898783244025481,13.823735535640322,0.09677569232002295,55.294942574553026,0.3871027723043322,53.0,2999.5,1024000004.0,0.249999998046875
AMD,AMD CPU,CPU,CPU package RAPL,2,256000000,32T,32,0.0185406545454545,2.6637427454545453,2.6637427454545453,143.65196112030293,0.04938753404143326,13.807495219350924,0.09610537633066955,55.22998130888792,0.3844215083259713,54.0,2964.0,1024000004.0,0.249999998046875
AMD,AMD CPU,CPU,CPU package RAPL,3,256000000,32T,32,0.0185196727272727,2.6655502727272724,2.6655502727272724,143.98798746546035,0.04936511868900158,13.823138387483795,0.09604020663923633,55.292553981908256,0.3841608295582018,55.0,2962.0,1024000004.0,0.249999998046875
AMD,AMD CPU,CPU,CPU package RAPL,4,256000000,32T,32,0.0184374454545454,2.6399649545454547,2.6399649545454547,143.1830623461022,0.04867420985134325,13.884786785193612,0.09697098386068452,55.53914757467403,0.3878839384730813,53.0,3002.0,1024000004.0,0.249999998046875
AMD,AMD CPU,CPU,CPU package RAPL,5,256000000,32T,32,0.0185192727272727,2.670462654545455,2.670462654545455,144.17223260021217,0.0494550262075239,13.82343695511312,0.09586353831395343,55.29374825243489,0.3834541562515493,55.0,2989.5,1024000004.0,0.249999998046875
AMD,AMD CPU,CPU,CPU package RAPL,1,256000000,64T,64,0.0191656320754717,3.016993556603773,3.016993556603773,157.5771295667415,0.057822588479936717,13.35724269316588,0.08485268337403377,53.42897119007736,0.33941073614778144,54.0,4174.0,1024000004.0,0.249999998046875
AMD,AMD CPU,CPU,CPU package RAPL,2,256000000,64T,64,0.0191684056603773,3.038420537735849,3.038420537735849,158.52688715543798,0.05824167743414249,13.355309958259776,0.08425430114778136,53.42124025039254,0.33701720722407236,55.0,4173.5,1024000004.0,0.249999998046875
AMD,AMD CPU,CPU,CPU package RAPL,3,256000000,64T,64,0.0191587264150943,3.0280528679245284,3.0280528679245284,157.90899654264547,0.05801363646700772,13.362057239791739,0.08454277721229687,53.44822937673124,0.33817111149114926,53.0,4171.0,1024000004.0,0.249999998046875
AMD,AMD CPU,CPU,CPU package RAPL,4,256000000,64T,64,0.019157858490566,3.036343433962264,3.036343433962264,158.39710996172067,0.058169837836608285,13.36266259227582,0.08431193788442233,53.45065078668649,0.3372477541724374,55.5,4148.0,1024000004.0,0.249999998046875
AMD,AMD CPU,CPU,CPU package RAPL,5,256000000,64T,64,0.0191673679245283,3.035646754716981,3.035646754716981,158.39631485002036,0.05818535823656069,13.356033024878666,0.08433128742736977,53.424132516890694,0.33732515234483185,55.0,4170.0,1024000004.0,0.249999998046875
3090,RTX 3090,GPU,GPU board NVML,1,1000000,gpu_resident,-1,5.700756277427376e-06,0.0012069691791515,0.0012069691791515,211.84355832500495,6.880637124709281e-09,175.4151469270104,0.8285207420979878,701.6619910306204,3.314089596564516,59.0,1950.0,4000004.0,0.2499995000005
3090,RTX 3090,GPU,GPU board NVML,2,1000000,gpu_resident,-1,5.653928630472067e-06,0.0012224280934574,0.0012224280934574,216.2819062972453,6.9115211962921775e-09,176.8679913309246,0.8180432087188846,707.473380269044,3.2721793792277523,62.0,1950.0,4000004.0,0.2499995000005
3090,RTX 3090,GPU,GPU board NVML,3,1000000,gpu_resident,-1,5.658497548303753e-06,0.0012116827679173,0.0012116827679173,214.1035309688126,6.8563039715819475e-09,176.72518039700657,0.825297698768835,706.9021353908831,3.3011973974635325,61.5,1950.0,4000004.0,0.2499995000005
3090,RTX 3090,GPU,GPU board NVML,4,1000000,gpu_resident,-1,5.684419756909063e-06,0.0012081107251631,0.0012081107251631,212.35395156351325,6.867408474650861e-09,175.91927457231893,0.8277378713486679,703.6785056448798,3.3109581073042644,60.0,1950.0,4000004.0,0.2499995000005
3090,RTX 3090,GPU,GPU board NVML,5,1000000,gpu_resident,-1,5.633382602035967e-06,0.0012184612288479,0.0012184612288479,215.9161833671676,6.864058287847124e-09,177.5130628689394,0.8207064585432365,710.0536715816806,3.28283239983118,62.0,1950.0,4000004.0,0.2499995000005
3090,RTX 3090,GPU,GPU board NVML,1,2000000,gpu_resident,-1,1.3867925871226304e-05,0.0039716894787203,0.0039716894787203,286.4302542221642,5.507909527442256e-08,144.217601000426,0.5035637883363456,576.8709808723963,2.014257167601543,61.0,1950.0,8000004.0,0.249999750000125
3090,RTX 3090,GPU,GPU board NVML,2,2000000,gpu_resident,-1,1.381411013988428e-05,0.0039741842385075,0.0039741842385075,287.7033896302025,5.489981878693474e-08,144.77943057841827,0.5032476805230091,579.1183014316849,2.0129927350837646,63.0,1950.0,8000004.0,0.249999750000125
3090,RTX 3090,GPU,GPU board NVML,3,2000000,gpu_resident,-1,1.3754204585453044e-05,0.0039702048673174,0.0039702048673174,288.64502004060705,5.460700999124498e-08,145.41000808692877,0.5037520900908485,581.6406139880382,2.0150103753727615,62.0,1950.0,8000004.0,0.249999750000125
3090,RTX 3090,GPU,GPU board NVML,4,2000000,gpu_resident,-1,1.3855103536647872e-05,0.0039622577472398,0.0039622577472398,285.97879349329173,5.489749132689258e-08,144.3510685221399,0.5047624681643302,577.4048514931225,2.019051891708203,62.0,1950.0,8000004.0,0.249999750000125
3090,RTX 3090,GPU,GPU board NVML,5,2000000,gpu_resident,-1,1.382743051332375e-05,0.0040023979986731,0.0040023979986731,289.4754937786929,5.5342880213318335e-08,144.63996026397336,0.4997001799079082,578.5604196160238,1.9988027184333517,63.0,1950.0,8000004.0,0.249999750000125
3090,RTX 3090,GPU,GPU board NVML,1,4000000,gpu_resident,-1,2.2865760277574538e-05,0.00715425507591,0.00715425507591,312.88598225695114,1.6358748153037888e-07,174.93400400611108,0.5591076859237106,699.7363658925398,2.2364318619104933,61.0,1950.0,16000004.0,0.2499998750000312
3090,RTX 3090,GPU,GPU board NVML,2,4000000,gpu_resident,-1,2.2852745052785523e-05,0.0072513939033864,0.0072513939033864,317.3075097363793,1.6571425615141264e-07,175.0336334108116,0.5516179445350502,700.1348837106008,2.206472881376366,63.0,1950.0,16000004.0,0.2499998750000312
3090,RTX 3090,GPU,GPU board NVML,3,4000000,gpu_resident,-1,2.284362476016446e-05,0.0072545454545454,0.0072545454545454,317.5748490086805,1.6572011416919183e-07,175.103515400732,0.5513783082706809,700.4144118100464,2.2055143358396156,63.0,1950.0,16000004.0,0.2499998750000312
3090,RTX 3090,GPU,GPU board NVML,4,4000000,gpu_resident,-1,2.2817083707877983e-05,0.0071412356551299,0.0071412356551299,312.9806842870209,1.629421717207818e-07,175.3071975021476,0.5601270134709256,701.2291406230731,2.2405091741380097,61.0,1950.0,16000004.0,0.2499998750000312
3090,RTX 3090,GPU,GPU board NVML,5,4000000,gpu_resident,-1,2.2811331025594237e-05,0.0072977439664218,0.0072977439664218,319.92983693954363,1.6647125335808074e-07,175.3514073997705,0.5481144609080144,701.4059803019845,2.192458939861254,64.0,1950.0,16000004.0,0.2499998750000312
3090,RTX 3090,GPU,GPU board NVML,1,8000000,gpu_resident,-1,4.115102366060406e-05,0.0134529874084437,0.0134529874084437,326.91879276313546,5.536042031506752e-07,194.4058321848941,0.5946633827203941,777.623523145433,2.378654125545034,59.0,1965.0,32000004.0,0.2499999375000078
3090,RTX 3090,GPU,GPU board NVML,2,8000000,gpu_resident,-1,4.117687697628459e-05,0.0138853754940711,0.0138853754940711,337.2155806424295,5.717563984888825e-07,194.283772531062,0.5761456723598083,777.1352844080449,2.3045832655849776,65.0,1950.0,32000004.0,0.2499999375000078
3090,RTX 3090,GPU,GPU board NVML,3,8000000,gpu_resident,-1,4.120014467559217e-05,0.0137495365602471,0.0137495365602471,333.72655009846835,5.664828955045245e-07,194.17405115908167,0.5818377197621145,776.6963988104021,2.3273514608862507,64.0,1950.0,32000004.0,0.2499999375000078
3090,RTX 3090,GPU,GPU board NVML,4,8000000,gpu_resident,-1,4.116970972788275e-05,0.0138155489687538,0.0138155489687538,335.56514479766827,5.687821407749438e-07,194.3175954573683,0.5790576268878892,777.2705761470929,2.316231086609256,64.0,1950.0,32000004.0,0.2499999375000078
3090,RTX 3090,GPU,GPU board NVML,5,8000000,gpu_resident,-1,4.126175128935099e-05,0.0138467013244213,0.0138467013244213,335.57727417279045,5.713391462261987e-07,193.88413603434893,0.5777548610722523,775.536738021556,2.3110200220439423,65.0,1950.0,32000004.0,0.2499999375000078
3090,RTX 3090,GPU,GPU board NVML,1,16000000,gpu_resident,-1,7.691327039913865e-05,0.0266073982927016,0.0266073982927016,345.9363091454589,2.0464620195041385e-06,208.026507219997,0.6013364713072602,832.1061328932482,2.4053461858972955,64.0,1950.0,64000004.0,0.2499999687500019
3090,RTX 3090,GPU,GPU board NVML,2,16000000,gpu_resident,-1,7.689482427341227e-05,0.0266429340304474,0.0266429340304474,346.4855394948482,2.0487037303993686e-06,208.0764102289818,0.6005344224369316,832.3057449541388,2.4021379900149564,65.0,1950.0,64000004.0,0.2499999687500019
3090,RTX 3090,GPU,GPU board NVML,3,16000000,gpu_resident,-1,7.6907040525992e-05,0.0264924638572746,0.0264924638572746,344.4712614108388,2.037456991504796e-06,208.04335845679225,0.6039452987913217,832.1735378488546,2.415781497137955,64.0,1950.0,64000004.0,0.2499999687500019
3090,RTX 3090,GPU,GPU board NVML,4,16000000,gpu_resident,-1,7.688619797032367e-05,0.0262709694779734,0.0262709694779734,341.684576519821,2.0198749601557932e-06,208.09975551367017,0.609037249783074,832.399126104565,2.4361493036509403,62.5,1950.0,64000004.0,0.2499999687500019
3090,RTX 3090,GPU,GPU board NVML,5,16000000,gpu_resident,-1,7.687676447075103e-05,0.0265895533861173,0.0265895533861173,345.8734590417281,2.0441188330470002e-06,208.12529130420742,0.6017400430784887,832.5012692794818,2.4069604731839953,64.0,1950.0,64000004.0,0.2499999687500019
3090,RTX 3090,GPU,GPU board NVML,1,32000000,gpu_resident,-1,0.0001487895335465,0.0515170336209461,0.0515170336209461,346.2395075636053,7.665195402159927e-06,215.0688844655817,0.6211537573271543,860.2755916295496,2.484615184597061,63.0,1950.0,128000004.0,0.2499999843750004
3090,RTX 3090,GPU,GPU board NVML,2,32000000,gpu_resident,-1,0.0001487715977242,0.0524100847835787,0.0524100847835787,352.27600373534426,7.797132050113786e-06,215.09481305244262,0.6105694950149432,860.3793059834754,2.442278132702151,65.0,1950.0,128000004.0,0.2499999843750004
3090,RTX 3090,GPU,GPU board NVML,3,32000000,gpu_resident,-1,0.0001488180273768,0.0519663740514804,0.0519663740514804,349.1911209809008,7.733533276266238e-06,215.02770574278318,0.615782793856259,860.1108767280608,2.463131329370739,64.0,1950.0,128000004.0,0.2499999843750004
3090,RTX 3090,GPU,GPU board NVML,4,32000000,gpu_resident,-1,0.0001487566275472,0.0516548415885765,0.0516548415885765,347.2407691961541,7.684000031201492e-06,215.11645919672728,0.6194966050786771,860.4658905660256,2.477986575188864,63.0,1950.0,128000004.0,0.2499999843750004
3090,RTX 3090,GPU,GPU board NVML,5,32000000,gpu_resident,-1,0.0001487201231226,0.0519617843866171,0.0519617843866171,349.3921681414199,7.727762971647691e-06,215.16926107988928,0.6158371845336721,860.6770981118741,2.463348892093989,64.0,1950.0,128000004.0,0.2499999843750004
3090,RTX 3090,GPU,GPU board NVML,1,64000000,gpu_resident,-1,0.0002924800657894,0.1034283625730994,0.1034283625730994,353.62212430792965,3.0250734289870027e-05,218.81832810473702,0.6187857702452472,875.2733397712396,2.4751431583292107,64.0,1950.0,256000004.0,0.2499999921875001
3090,RTX 3090,GPU,GPU board NVML,2,64000000,gpu_resident,-1,0.0002925112850248,0.1040282246270839,0.1040282246270839,355.64964431641044,3.042942966451686e-05,218.79497399416192,0.6152176414566775,875.1799233260198,2.4608706427289158,65.0,1950.0,256000004.0,0.2499999921875001
3090,RTX 3090,GPU,GPU board NVML,3,64000000,gpu_resident,-1,0.0002925818749634,0.1030016086575021,0.1030016086575021,352.0403713628041,3.013640378525834e-05,218.74218629573676,0.6213495093344696,874.9687725257207,2.4853981150065687,64.0,1950.0,256000004.0,0.2499999921875001
3090,RTX 3090,GPU,GPU board NVML,4,64000000,gpu_resident,-1,0.0002924945998538,0.1026599415204678,0.1026599415204678,350.97972044616574,3.0027478516043737e-05,218.80745501622815,0.6234174503912027,875.2298474158449,2.493669879491993,64.0,1950.0,256000004.0,0.2499999921875001
3090,RTX 3090,GPU,GPU board NVML,5,64000000,gpu_resident,-1,0.0002925279605147,0.103804621234279,0.103804621234279,354.8536729157528,3.0365754141664557e-05,218.78250163639962,0.6165428690843826,875.1300338934116,2.46617155340539,65.0,1950.0,256000004.0,0.2499999921875001
3090,RTX 3090,GPU,GPU board NVML,1,128000000,gpu_resident,-1,0.0005799535315942,0.2040385507246376,0.2040385507246376,351.8156697765661,0.0001183328780741159,220.70733606561265,0.6273324258842817,882.8293580566592,2.5093297427454044,61.0,1965.0,512000004.0,0.24999999609375
3090,RTX 3090,GPU,GPU board NVML,2,128000000,gpu_resident,-1,0.0005805002019733,0.2067988972721996,0.2067988972721996,356.2519003307714,0.00012004680163436759,220.49949089576256,0.6189588082354214,881.9979773642685,2.4758352716266114,64.0,1950.0,512000004.0,0.24999999609375
3090,RTX 3090,GPU,GPU board NVML,3,128000000,gpu_resident,-1,0.0005799773257971,0.2053828985507246,0.2053828985507246,354.11402534202864,0.00011911742426590635,220.69828130622417,0.6232261785339791,882.7931390185395,2.4929047530875525,65.0,1950.0,512000004.0,0.24999999609375
3090,RTX 3090,GPU,GPU board NVML,4,128000000,gpu_resident,-1,0.0005799999084057,0.2052623188405797,0.2052623188405797,353.8988104756594,0.00011905212612667781,220.68968829985775,0.6235922877759813,882.7587669925367,2.4943691900784435,63.0,1950.0,512000004.0,0.24999999609375
3090,RTX 3090,GPU,GPU board NVML,5,128000000,gpu_resident,-1,0.0005799756831884,0.2063759420289855,0.2063759420289855,355.8354448184765,0.0001196930279719105,220.69890636849397,0.6202273275730095,882.7956392676576,2.480909349056246,64.0,1950.0,512000004.0,0.24999999609375
3090,RTX 3090,GPU,GPU board NVML,1,256000000,gpu_resident,-1,0.0011548241166281,0.4064543879907621,0.4064543879907621,351.9721010385608,0.0004693833295610469,221.67877801814416,0.6298369671083939,886.7151190000385,2.5193478881159805,62.0,1950.0,1024000004.0,0.249999998046875
3090,RTX 3090,GPU,GPU board NVML,2,256000000,gpu_resident,-1,0.0011548411726327,0.4082413394919168,0.4082413394919168,353.5001958717869,0.0004714539072159894,221.67550401445672,0.6270800485776595,886.7020229851864,2.50832021390689,65.0,1950.0,1024000004.0,0.249999998046875
3090,RTX 3090,GPU,GPU board NVML,3,256000000,gpu_resident,-1,0.0011549157713625,0.4099105080831409,0.4099105080831409,354.9296864898964,0.00047341211063243495,221.66118547154883,0.6245265587289515,886.6447488131074,2.4981062544322605,64.0,1935.0,1024000004.0,0.249999998046875
3090,RTX 3090,GPU,GPU board NVML,4,256000000,gpu_resident,-1,0.0011548805571593,0.4103868360277136,0.4103868360277136,355.3470315650102,0.0004739477778425282,221.66794428481168,0.6238016830118601,886.67178406637,2.495206751541243,64.0,1950.0,1024000004.0,0.249999998046875
3090,RTX 3090,GPU,GPU board NVML,5,256000000,gpu_resident,-1,0.0011555575144341,0.4101645496535797,0.4101645496535797,354.9475726235681,0.0004739687275066725,221.53808512540238,0.6241397488305966,886.1523474246746,2.4965590148267536,65.0,1950.0,1024000004.0,0.249999998046875
5060ti,RTX 5060 Ti,GPU,GPU board NVML,1,1000000,gpu_resident,-1,6.258617487122562e-06,0.0004058325746143,0.0004058325746143,64.82529226219648,2.53995084832503e-09,159.77953630455144,2.4640678510107055,639.1194234557744,9.856291116605343,53.0,2752.0,4000004.0,0.2499995000005
5060ti,RTX 5060 Ti,GPU,GPU board NVML,2,1000000,gpu_resident,-1,6.14706841610268e-06,0.0004004339781535,0.0004004339781535,65.14213904016047,2.4614950598417303e-09,162.67900929497253,2.497288078826983,650.717338613266,9.98917229363254,54.0,2752.0,4000004.0,0.2499995000005
5060ti,RTX 5060 Ti,GPU,GPU board NVML,3,1000000,gpu_resident,-1,6.147174095315372e-06,0.0004025485459273,0.0004025485459273,65.48561848365615,2.474535993631169e-09,162.67621259695207,2.484169946997148,650.7061517988104,9.936699661368042,55.0,2752.0,4000004.0,0.2499995000005
5060ti,RTX 5060 Ti,GPU,GPU board NVML,4,1000000,gpu_resident,-1,6.147144887847997e-06,0.0004071096194392,0.0004071096194392,66.22628780936088,2.5025618159294214e-09,162.67698553467503,2.456338421522721,650.7092435558858,9.825373336817906,56.0,2752.0,4000004.0,0.2499995000005
5060ti,RTX 5060 Ti,GPU,GPU board NVML,5,1000000,gpu_resident,-1,6.147212209784794e-06,0.0004093440537001,0.0004093440537001,66.5902430008259,2.516324764908057e-09,162.67520395802453,2.442930319766254,650.7021172350312,9.771740822527118,56.0,2752.0,4000004.0,0.2499995000005
5060ti,RTX 5060 Ti,GPU,GPU board NVML,1,2000000,gpu_resident,-1,8.1960527370483e-06,0.0007244346821188,0.0007244346821188,88.38818678199141,5.937504859192506e-09,244.01978173706493,2.7607720190183005,976.0801030278748,11.043099119166799,57.0,2752.0,8000004.0,0.249999750000125
5060ti,RTX 5060 Ti,GPU,GPU board NVML,2,2000000,gpu_resident,-1,8.196056425240346e-06,0.0007239961970641,0.0007239961970641,88.33469796216595,5.9339136827967925e-09,244.01967192915598,2.762444068228893,976.0796637957997,11.049787322697371,57.0,2760.0,8000004.0,0.249999750000125
5060ti,RTX 5060 Ti,GPU,GPU board NVML,3,2000000,gpu_resident,-1,8.19605447049856e-06,0.0007296760128185,0.0007296760128185,89.02767342185064,5.980464346876632e-09,244.01973012733544,2.7409411367034764,976.0798965887503,10.963775510583934,59.0,2760.0,8000004.0,0.249999750000125
5060ti,RTX 5060 Ti,GPU,GPU board NVML,4,2000000,gpu_resident,-1,8.196145859799527e-06,0.0007354623763431,0.0007354623763431,89.73269977121805,6.027956910902821e-09,244.01700923962315,2.7193763601402527,976.0690130270175,10.87751631807189,60.0,2745.0,8000004.0,0.249999750000125
5060ti,RTX 5060 Ti,GPU,GPU board NVML,5,2000000,gpu_resident,-1,8.196122062764833e-06,0.0007337658080009,0.0007337658080009,89.52591892466053,6.01403412785864e-09,244.01771773093043,2.7256639355394263,976.0718469950806,10.902666644818899,60.0,2745.0,8000004.0,0.249999750000125
5060ti,RTX 5060 Ti,GPU,GPU board NVML,1,4000000,gpu_resident,-1,1.2284495780305637e-05,0.0010194523610633,0.0010194523610633,82.98692832956151,1.2523458227704728e-08,325.6136085302543,3.9236742713783674,1302.455085348397,15.694704932863974,55.0,2767.0,16000004.0,0.2499998750000312
5060ti,RTX 5060 Ti,GPU,GPU board NVML,2,4000000,gpu_resident,-1,1.2284477980197534e-05,0.0010149071298707,0.0010149071298707,82.61715094331143,1.2467604288842092e-08,325.61408034170944,3.9412463291193975,1302.4569725951612,15.764993198972219,56.0,2767.0,16000004.0,0.2499998750000312
5060ti,RTX 5060 Ti,GPU,GPU board NVML,3,4000000,gpu_resident,-1,1.2284663100093362e-05,0.001019212815095,0.001019212815095,82.96624459314387,1.2520686060739825e-08,325.6091736019688,3.9245964540066773,1302.4373456263852,15.698393665221579,58.0,2767.0,16000004.0,0.2499998750000312
5060ti,RTX 5060 Ti,GPU,GPU board NVML,4,4000000,gpu_resident,-1,1.228461746965751e-05,0.0010193909390201,0.0010193909390201,82.98100744883345,1.2522827737896893e-08,325.61038305668285,3.923910687145248,1302.4421834476605,15.695650596404327,59.0,2767.0,16000004.0,0.2499998750000312
5060ti,RTX 5060 Ti,GPU,GPU board NVML,5,4000000,gpu_resident,-1,1.2284620804874453e-05,0.0010198147511178,0.0010198147511178,83.0156917104903,1.252803750869959e-08,325.6102946549907,3.9222799980248126,1302.4418298407152,15.689127836661209,58.0,2767.0,16000004.0,0.2499998750000312
5060ti,RTX 5060 Ti,GPU,GPU board NVML,1,8000000,gpu_resident,-1,2.0509926092663615e-05,0.0018676395184281,0.0018676395184281,91.06146592415148,3.8305148490698196e-08,390.0549891723693,4.283481325525391,1560.220346744515,17.133929585583424,64.0,2767.0,32000004.0,0.2499999375000078
5060ti,RTX 5060 Ti,GPU,GPU board NVML,2,8000000,gpu_resident,-1,2.046900967127886e-05,0.0018101359096119,0.0018101359096119,88.43261715316386,3.705168944017514e-08,390.8346875826249,4.419557093762772,1563.3391411652358,17.678232794608736,57.0,2775.0,32000004.0,0.2499999375000078
5060ti,RTX 5060 Ti,GPU,GPU board NVML,3,8000000,gpu_resident,-1,2.0500984348093484e-05,0.0018187064370643,0.0018187064370643,88.71535701466684,3.728527220003208e-08,390.2251162268689,4.398730238681814,1560.9008551326406,17.594925353458045,59.0,2775.0,32000004.0,0.2499999375000078
5060ti,RTX 5060 Ti,GPU,GPU board NVML,4,8000000,gpu_resident,-1,2.0508436181337272e-05,0.0018198622132004,0.0018198622132004,88.74547345929597,3.732252805824761e-08,390.08332616213903,4.395936649473723,1560.333694731931,17.583750993832087,60.0,2763.5,32000004.0,0.2499999375000078
5060ti,RTX 5060 Ti,GPU,GPU board NVML,5,8000000,gpu_resident,-1,2.050957770692801e-05,0.001830818280606,0.001830818280606,89.27255696844139,3.7549309793353085e-08,390.0616148375229,4.369630282122813,1560.2468494117552,17.47852549812208,60.0,2760.0,32000004.0,0.2499999375000078
5060ti,RTX 5060 Ti,GPU,GPU board NVML,1,16000000,gpu_resident,-1,0.0001578432249814,0.0135197026022304,0.0135197026022304,85.65815408068329,2.133993459525472e-06,101.3663969542273,1.1834579110756782,405.46563850011086,4.733832236031705,53.0,2790.0,64000004.0,0.2499999687500019
5060ti,RTX 5060 Ti,GPU,GPU board NVML,2,16000000,gpu_resident,-1,0.000157853063075,0.0134059067972692,0.0134059067972692,84.92620203214521,2.1161634512469065e-06,101.36007935682561,1.1935036728182549,405.44036810734525,4.774015288024894,52.0,2790.0,64000004.0,0.2499999687500019
5060ti,RTX 5060 Ti,GPU,GPU board NVML,3,16000000,gpu_resident,-1,0.0001578581036144,0.0131456325301204,0.0131456325301204,83.2762527632467,2.075144622016573e-06,101.35684284592192,1.2171342050935494,405.4274220621123,4.868537428941338,54.0,2790.0,64000004.0,0.2499999687500019
5060ti,RTX 5060 Ti,GPU,GPU board NVML,4,16000000,gpu_resident,-1,0.0001577877322487,0.0126077238862703,0.0126077238862703,79.9029411693599,1.989344160832357e-06,101.40204673694981,1.2690632460172973,405.6082376488258,5.076253618600852,55.0,2790.0,64000004.0,0.2499999687500019
5060ti,RTX 5060 Ti,GPU,GPU board NVML,5,16000000,gpu_resident,-1,0.0001577975300509,0.013697242206235,0.013697242206235,86.80232098027301,2.1613909886528232e-06,101.39575058518949,1.1681182795115341,405.5830530386364,4.6724737021053135,55.0,2790.0,64000004.0,0.2499999687500019
5060ti,RTX 5060 Ti,GPU,GPU board NVML,1,32000000,gpu_resident,-1,0.000308092552048,0.0258104404065291,0.0258104404065291,83.77856404812434,7.952004454330369e-06,103.86488990819383,1.2398083293419964,415.4595855989986,4.959233627320078,54.0,2790.0,128000004.0,0.2499999843750004
5060ti,RTX 5060 Ti,GPU,GPU board NVML,2,32000000,gpu_resident,-1,0.0003080909183862,0.0255780720665229,0.0255780720665229,83.02151921942462,7.880371713523449e-06,103.86544065504445,1.2510715786856448,415.4617885865388,5.004286627510485,53.0,2790.0,128000004.0,0.2499999843750004
5060ti,RTX 5060 Ti,GPU,GPU board NVML,3,32000000,gpu_resident,-1,0.0003079890601908,0.0257552339901477,0.0257552339901477,83.62355489801374,7.932330311619737e-06,103.899791051591,1.2424658619774585,415.59919018131257,4.969863758526309,54.0,2790.0,128000004.0,0.2499999843750004
5060ti,RTX 5060 Ti,GPU,GPU board NVML,4,32000000,gpu_resident,-1,0.0003079755317118,0.0257298337438423,0.0257298337438423,83.5439007821953,7.924159228116046e-06,103.9043550704711,1.243692412418261,415.61744625797394,4.974769960596156,54.0,2790.0,128000004.0,0.2499999843750004
5060ti,RTX 5060 Ti,GPU,GPU board NVML,5,32000000,gpu_resident,-1,0.00030797253125,0.0257176724137931,0.0257176724137931,83.50388459313348,7.920336671134158e-06,103.90536737194805,1.2442805276125033,415.62149546413485,4.977122421520155,54.0,2790.0,128000004.0,0.2499999843750004
5060ti,RTX 5060 Ti,GPU,GPU board NVML,1,64000000,gpu_resident,-1,0.0006080331626243,0.0527866915422885,0.0527866915422885,86.81588771031224,3.2096059002931066e-05,105.25741511165766,1.212426790353555,421.0296736038078,4.849707312967571,56.5,2790.0,256000004.0,0.2499999921875001
5060ti,RTX 5060 Ti,GPU,GPU board NVML,2,64000000,gpu_resident,-1,0.0006085413330291,0.0505450121654501,0.0505450121654501,83.05881788908093,3.0758729081135084e-05,105.16951852954837,1.2661981124963904,420.67808726438346,5.064792608260327,52.0,2790.0,256000004.0,0.2499999921875001
5060ti,RTX 5060 Ti,GPU,GPU board NVML,3,64000000,gpu_resident,-1,0.0006085424692822,0.0510729927007299,0.0510729927007299,83.92611276683522,3.108008509173395e-05,105.16932216003025,1.253108455480921,420.6773017862864,5.012433978562243,54.0,2790.0,256000004.0,0.2499999921875001
5060ti,RTX 5060 Ti,GPU,GPU board NVML,4,64000000,gpu_resident,-1,0.0006085138339416,0.050971107055961,0.050971107055961,83.76406498644904,3.101662377487057e-05,105.17427120012225,1.2556132816525767,420.6970979472731,5.02245328356197,54.0,2790.0,256000004.0,0.2499999921875001
5060ti,RTX 5060 Ti,GPU,GPU board NVML,5,64000000,gpu_resident,-1,0.0006084930176399,0.0510550486618004,0.0510550486618004,83.90311594541261,3.106664062597086e-05,105.1778691696912,1.2535488786613393,420.7114898259987,5.014195671338969,54.0,2790.0,256000004.0,0.2499999921875001
5060ti,RTX 5060 Ti,GPU,GPU board NVML,1,128000000,gpu_resident,-1,0.0012090251129227,0.1028810386473429,0.1028810386473429,85.09212981718736,0.0001243857593682084,105.87042207136007,1.2441553923144208,423.4816949023417,4.976621647017396,57.0,2790.0,512000004.0,0.24999999609375
5060ti,RTX 5060 Ti,GPU,GPU board NVML,2,128000000,gpu_resident,-1,0.0012090710458937,0.1011799516908212,0.1011799516908212,83.6841577944486,0.0001223337500142952,105.86640002233054,1.2650727427814323,423.46560670597216,5.0602910501927765,52.0,2790.0,512000004.0,0.24999999609375
5060ti,RTX 5060 Ti,GPU,GPU board NVML,3,128000000,gpu_resident,-1,0.0012090522699275,0.1017971014492753,0.1017971014492753,84.19651844569648,0.0001230780165792863,105.86804407362423,1.2574031792425975,423.4721829112498,5.029612795558089,54.0,2790.0,512000004.0,0.24999999609375
5060ti,RTX 5060 Ti,GPU,GPU board NVML,4,128000000,gpu_resident,-1,0.0012090799166666,0.101903381642512,0.101903381642512,84.28135546609346,0.00012320933218437315,105.86562330213246,1.2560917698397658,423.4624998251314,5.024367157864799,55.0,2790.0,512000004.0,0.24999999609375
5060ti,RTX 5060 Ti,GPU,GPU board NVML,5,128000000,gpu_resident,-1,0.0012090774051932,0.1017820048309178,0.1017820048309178,84.1815792909,0.00012306232229632785,105.8658432042626,1.2575896811291547,423.4633794336657,5.030358803115974,54.0,2790.0,512000004.0,0.24999999609375
5060ti,RTX 5060 Ti,GPU,GPU board NVML,1,256000000,gpu_resident,-1,0.0024108137458033,0.2019988009592326,0.2019988009592326,83.7830593878968,0.00048698148598830276,106.18821111570317,1.2673342504229317,424.75284778119436,5.069337041295922,54.0,2790.0,1024000004.0,0.249999998046875
5060ti,RTX 5060 Ti,GPU,GPU board NVML,2,256000000,gpu_resident,-1,0.0024113794471153,0.2011105769230769,0.2011105769230769,83.40203708237543,0.0004849539117898082,106.1632997271538,1.2729315529631136,424.6532022262183,5.091726251631565,52.0,2790.0,1024000004.0,0.249999998046875
5060ti,RTX 5060 Ti,GPU,GPU board NVML,3,256000000,gpu_resident,-1,0.0024107314951807,0.203155421686747,0.203155421686747,84.2711412600656,0.0004897531734769572,106.19183410171158,1.2601189615049313,424.7673397253411,5.040475885398442,54.0,2790.0,1024000004.0,0.249999998046875
5060ti,RTX 5060 Ti,GPU,GPU board NVML,4,256000000,gpu_resident,-1,0.0024110310697115,0.2025132211538461,0.2025132211538461,83.99290861668666,0.00048826566822927914,106.17863959365424,1.2641149923022599,424.7145616926994,5.056460008712633,54.0,2790.0,1024000004.0,0.249999998046875
5060ti,RTX 5060 Ti,GPU,GPU board NVML,5,256000000,gpu_resident,-1,0.002410639353012,0.2035204819277108,0.2035204819277108,84.4275433478858,0.0004906144828789072,106.19589308543313,1.2578586517445924,424.78357566035413,5.031434646286454,55.0,2790.0,1024000004.0,0.249999998046875
